zcta,land_sqmi
01001,11.29
01002,53.26
01003,0.8
01005,43.19
01007,54.87
01008,61.19
01009,0.7
01010,35.23
01011,32.8
01012,12.07
01013,5.66
01020,12.46
01022,4.81
01026,28.05
01027,40.59
01028,12.92
01029,9.97
01030,12.03
01031,6.73
01032,9.65
01033,27.81
01034,67.75
01035,23.08
01036,19.61
01037,18.58
01038,9.22
01039,16.49
01040,21.16
01050,41.37
01053,5.75
01054,22.93
01056,27.2
01057,44.54
01060,10.87
01062,17.45
01063,0.09
01066,1.26
01068,21.72
01069,28.06
01070,19.84
01071,15.7
01072,19.09
01073,28.15
01074,0.26
01075,17.72
01077,30.85
01079,1.61
01080,1.67
01081,14.47
01082,47.01
01083,12.76
01084,8.33
01085,59.73
01088,5.25
01089,16.73
01092,6.72
01093,4.31
01094,0.72
01095,22.49
01096,35.88
01097,1.74
01098,31.89
01103,0.43
01104,5.23
01105,1.21
01106,9.59
01107,1.54
01108,3.44
01109,5.44
01118,3.6
01119,3.53
01128,1.11
01129,3.44
01144,0.02
01151,2.37
01201,60.37
01220,22.89
01222,4.59
01223,69.54
01224,0.47
01225,26.81
01226,21.76
01229,2.48
01230,96.98
01235,46.66
01236,6.62
01237,49.31
01238,27.6
01240,23.91
01242,0.46
01243,14.29
01244,5.76
01245,25.87
01247,45.92
01253,21.21
01254,14.46
01255,50.52
01256,35.85
01257,33.9
01258,22.25
01259,22.93
01260,2.59
01262,19.75
01264,14.54
01266,20.21
01267,59.31
01270,32.25
01301,25.35
01330,34.47
01331,54.16
01337,37.39
01338,1.31
01339,58.36
01340,52.03
01341,33.56
01342,18.41
01343,11.48
01344,13.79
01346,13.38
01347,0.36
01349,9.87
01350,10.69
01351,19.59
01354,13.75
01355,47.5
01360,34.31
01364,36.0
01366,36.94
01367,24.57
01368,44.32
01370,48.19
01373,23.06
01375,14.08
01376,4.08
01378,37.35
01379,21.58
01380,6.5
01420,30.06
01430,36.74
01431,23.66
01432,8.52
01434,6.51
01436,8.99
01438,0.32
01440,24.51
01450,32.77
01451,21.05
01452,41.05
01453,26.36
01460,16.52
01462,26.62
01463,22.58
01464,15.13
01468,21.96
01469,21.62
01473,35.44
01474,11.09
01475,42.77
01501,15.26
01503,12.97
01504,11.11
01505,16.06
01506,15.53
01507,42.18
01510,5.65
01515,9.86
01516,36.65
01518,12.24
01519,10.68
01520,18.82
01521,12.28
01522,15.68
01523,27.43
01524,15.9
01525,0.01
01527,15.58
01529,4.86
01531,20.76
01532,18.48
01534,9.51
01535,21.27
01536,8.56
01537,6.81
01540,19.1
01541,35.43
01542,4.21
01543,35.13
01545,20.75
01550,20.24
01560,3.56
01561,0.04
01562,32.85
01564,30.62
01566,24.99
01568,21.22
01569,29.38
01570,12.36
01571,20.83
01581,20.61
01583,12.58
01585,28.08
01588,8.09
01590,32.47
01602,5.83
01603,4.53
01604,6.63
01605,5.65
01606,5.99
01607,3.03
01608,0.48
01609,3.73
01610,2.13
01611,3.42
01612,15.26
01701,16.89
01702,8.21
01718,0.14
01719,10.28
01720,19.62
01721,12.34
01730,12.44
01731,2.34
01740,19.95
01741,15.27
01742,24.12
01745,0.39
01746,18.65
01747,5.18
01748,26.23
01749,11.53
01752,20.86
01754,5.2
01756,17.77
01757,15.13
01760,14.78
01770,15.79
01772,13.61
01773,13.86
01775,17.34
01776,24.41
01778,15.03
01801,12.7
01803,11.27
01810,30.52
01821,16.59
01824,18.06
01826,20.78
01827,16.46
01830,13.87
01832,11.36
01833,12.82
01834,8.88
01835,7.81
01840,0.51
01841,3.04
01843,3.37
01844,22.1
01845,26.41
01850,1.36
01851,3.23
01852,4.97
01854,3.96
01860,8.5
01862,9.11
01863,4.46
01864,13.16
01867,9.96
01876,20.83
01879,16.76
01880,7.39
01886,30.24
01887,16.97
01890,6.03
01901,0.27
01902,2.37
01904,4.25
01905,3.05
01906,11.58
01907,3.02
01908,1.08
01913,12.29
01915,14.21
01921,23.59
01922,9.07
01923,13.21
01929,13.94
01930,26.2
01937,0.07
01938,32.1
01940,10.08
01944,9.23
01945,4.43
01949,13.45
01950,8.35
01951,14.31
01952,15.37
01960,16.02
01965,0.88
01966,6.99
01969,18.2
01970,8.24
01982,14.2
01983,11.9
01984,7.66
01985,13.45
02019,18.34
02021,18.75
02025,9.77
02026,10.27
02030,15.1
02032,2.34
02035,19.86
02038,26.64
02043,22.18
02045,2.67
02047,0.58
02048,20.1
02050,28.76
02052,14.41
02053,11.54
02054,12.03
02056,14.9
02061,20.93
02062,10.55
02066,16.5
02067,22.69
02071,0.96
02072,16.09
02081,17.73
02090,10.89
02093,21.71
02108,0.27
02109,0.17
02110,0.18
02111,0.2
02113,0.1
02114,0.44
02115,0.71
02116,0.65
02118,1.09
02119,1.62
02120,0.62
02121,1.89
02122,1.7
02124,2.97
02125,2.17
02126,1.83
02127,2.06
02128,5.02
02129,1.35
02130,3.54
02131,2.79
02132,4.86
02133,0.01
02134,1.23
02135,2.6
02136,4.6
02138,2.74
02139,1.55
02140,1.16
02141,0.61
02142,0.31
02143,1.54
02144,1.09
02145,1.39
02148,5.05
02149,3.42
02150,2.21
02151,5.71
02152,1.66
02155,8.19
02163,0.18
02169,12.1
02170,2.08
02171,2.45
02176,4.68
02180,5.98
02184,13.76
02186,13.7
02188,3.86
02189,4.01
02190,7.0
02191,1.79
02199,0.06
02203,0.01
02205,0.06
02210,0.92
02215,0.88
02301,12.45
02302,8.88
02322,4.29
02324,26.98
02325,0.3
02330,37.31
02332,23.7
02333,17.19
02338,15.97
02339,15.54
02341,14.91
02343,7.01
02346,69.04
02347,29.6
02350,0.11
02351,9.96
02356,13.61
02357,0.39
02359,21.79
02360,96.38
02364,18.64
02366,0.04
02367,14.68
02368,9.32
02370,10.03
02375,13.78
02379,15.32
02382,6.94
02420,7.04
02421,9.57
02445,2.61
02446,1.28
02451,5.32
02452,3.81
02453,3.59
02457,0.2
02458,1.97
02459,5.03
02460,1.35
02461,1.54
02462,0.7
02464,0.55
02465,2.15
02466,1.59
02467,4.91
02468,1.54
02472,4.03
02474,3.06
02476,2.08
02478,4.65
02481,6.09
02482,3.72
02492,9.51
02493,16.82
02494,2.8
02532,13.79
02534,2.74
02535,24.37
02536,27.36
02537,13.72
02538,6.26
02539,26.81
02540,11.0
02542,28.55
02543,11.32
02553,0.2
02554,39.99
02556,3.95
02557,3.24
02558,1.12
02559,5.33
02561,0.83
02562,3.38
02563,13.22
02564,6.07
02568,12.85
02571,18.7
02575,22.75
02576,9.4
02584,0.14
02601,8.77
02630,4.88
02631,22.2
02632,7.46
02633,8.63
02635,5.49
02637,0.77
02638,5.64
02639,2.8
02641,1.66
02642,13.97
02643,2.19
02644,3.37
02645,16.93
02646,2.9
02647,0.43
02648,9.98
02649,23.4
02650,1.36
02652,8.4
02653,12.05
02655,6.47
02657,9.67
02659,1.98
02660,8.37
02663,2.86
02664,6.98
02666,12.55
02667,16.93
02668,14.32
02670,2.12
02671,1.73
02672,0.49
02673,9.27
02675,8.76
02702,16.8
02703,26.76
02713,3.58
02715,11.18
02717,22.18
02718,10.29
02719,12.38
02720,13.18
02721,4.02
02723,1.59
02724,1.8
02725,2.37
02726,5.53
02738,14.12
02739,17.33
02740,5.75
02743,18.06
02744,1.3
02745,9.82
02746,2.85
02747,41.0
02748,23.21
02760,17.96
02762,10.99
02763,0.9
02764,10.9
02766,27.83
02767,24.75
02769,46.94
02770,32.36
02771,18.39
02777,22.63
02779,16.51
02780,33.13
02790,53.89
02791,1.3
02802,0.19
02804,11.79
02806,8.18
02807,9.08
02808,7.59
02809,9.79
02812,3.99
02813,36.7
02814,43.39
02815,2.72
02816,36.94
02817,50.3
02818,21.23
02822,54.35
02823,0.21
02824,0.19
02825,55.04
02826,2.44
02827,21.44
02828,4.35
02829,0.61
02830,20.4
02831,10.75
02832,24.79
02833,3.5
02835,9.37
02836,0.28
02837,20.55
02838,1.4
02839,4.31
02840,7.28
02841,0.34
02842,12.54
02852,30.82
02857,43.17
02858,0.62
02859,27.64
02860,5.34
02861,3.57
02863,1.19
02864,26.47
02865,16.47
02871,17.07
02872,5.95
02873,3.76
02874,15.56
02875,1.78
02876,0.2
02878,29.07
02879,39.49
02881,3.37
02882,12.84
02885,6.16
02886,15.8
02888,5.9
02889,8.46
02891,26.28
02892,27.21
02893,7.83
02894,4.2
02895,7.76
02896,23.03
02898,11.89
02903,1.68
02904,5.18
02905,3.74
02906,3.1
02907,2.21
02908,3.4
02909,3.13
02910,3.43
02911,2.5
02912,0.2
02914,4.91
02915,5.51
02916,2.65
02917,21.44
02918,0.16
02919,23.51
02920,8.95
02921,13.02
03031,33.92
03032,25.35
03033,19.84
03034,32.45
03036,26.02
03037,48.65
03038,35.85
03042,26.04
03043,29.78
03044,17.17
03045,35.9
03046,30.86
03047,26.37
03048,28.34
03049,31.73
03051,28.28
03052,14.92
03053,41.67
03054,32.57
03055,25.41
03057,17.9
03060,6.56
03062,12.03
03063,8.11
03064,4.13
03070,43.06
03071,32.7
03076,26.34
03077,28.82
03079,24.84
03082,28.84
03084,22.25
03086,28.12
03087,26.74
03101,0.77
03102,9.07
03103,9.19
03104,8.33
03106,36.02
03109,7.25
03110,32.78
03215,192.23
03216,39.87
03217,11.23
03218,15.3
03220,30.27
03221,48.93
03222,71.29
03223,69.94
03224,42.71
03225,27.76
03226,13.69
03227,51.45
03229,43.32
03230,40.25
03231,0.29
03233,0.44
03234,34.41
03235,29.84
03237,37.96
03238,1.0
03240,41.47
03241,36.99
03242,44.12
03243,25.61
03244,82.47
03245,30.45
03246,19.87
03249,38.78
03251,66.34
03253,37.47
03254,60.31
03255,35.82
03256,36.83
03257,23.55
03258,21.17
03259,33.27
03260,21.41
03261,28.17
03262,57.32
03263,24.48
03264,36.52
03266,110.35
03268,30.87
03269,49.46
03273,4.62
03275,43.04
03276,39.3
03278,63.47
03279,47.52
03280,45.21
03281,59.07
03282,41.54
03284,38.32
03285,50.09
03287,29.41
03290,46.26
03291,0.22
03293,1.45
03301,49.23
03303,67.8
03304,28.17
03307,46.96
03431,59.96
03440,31.28
03441,4.31
03442,11.4
03443,10.74
03444,27.66
03445,19.5
03446,44.33
03447,34.64
03448,16.65
03449,34.98
03450,18.55
03451,20.52
03452,38.4
03455,23.78
03456,25.98
03457,29.3
03458,53.71
03461,37.11
03462,19.36
03464,44.87
03465,17.46
03466,15.46
03467,35.81
03470,88.22
03561,49.96
03570,137.45
03574,91.03
03575,35.71
03576,168.64
03579,562.47
03580,88.33
03581,156.13
03582,82.45
03583,56.02
03584,62.07
03585,78.16
03586,16.72
03588,111.67
03590,109.75
03592,360.84
03593,133.96
03595,36.84
03597,45.43
03598,61.36
03601,15.63
03602,61.4
03603,44.25
03604,0.05
03605,31.54
03607,16.4
03608,34.28
03609,0.9
03740,37.19
03741,76.43
03743,59.09
03745,41.95
03748,46.81
03750,15.79
03751,2.0
03752,22.28
03753,28.23
03755,29.2
03765,4.6
03766,31.98
03768,53.76
03770,4.4
03771,22.34
03773,94.17
03774,26.25
03777,46.5
03779,38.44
03780,19.81
03781,47.85
03782,20.3
03784,8.32
03785,62.5
03801,23.77
03809,40.08
03810,23.58
03811,11.12
03812,58.63
03813,98.3
03814,33.25
03816,26.45
03817,8.05
03818,84.45
03819,10.99
03820,27.28
03823,11.64
03824,22.42
03825,46.89
03826,3.43
03827,17.86
03830,9.46
03832,24.38
03833,48.49
03835,36.77
03836,34.73
03837,19.97
03838,22.76
03839,7.87
03840,10.48
03841,10.38
03842,12.78
03844,12.38
03845,11.78
03846,66.13
03847,0.82
03848,19.79
03849,22.27
03850,2.88
03851,26.31
03852,6.74
03853,8.63
03854,0.81
03855,41.22
03856,7.09
03857,12.59
03858,9.81
03860,23.22
03861,19.74
03862,13.92
03864,40.22
03865,10.59
03867,28.41
03868,8.75
03869,6.69
03870,12.05
03871,0.56
03872,52.04
03873,13.94
03874,8.95
03875,16.37
03878,9.82
03882,37.15
03883,18.26
03884,49.03
03885,15.13
03886,34.42
03887,18.83
03890,1.64
03894,47.28
03897,2.36
03901,37.51
03902,19.05
03903,19.78
03904,10.92
03905,6.89
03906,38.26
03907,4.08
03908,31.9
03909,35.24
03910,0.05
03911,0.35
04001,37.75
04002,66.25
04003,1.04
04005,47.92
04006,0.06
04008,36.73
04009,56.54
04010,44.03
04011,46.78
04015,31.28
04017,3.58
04019,0.83
04020,22.18
04021,20.55
04022,46.12
04024,14.95
04027,55.01
04029,32.88
04030,15.38
04032,34.74
04037,81.73
04038,50.59
04039,40.91
04040,62.02
04041,37.99
04042,32.04
04043,35.1
04046,44.42
04047,58.89
04048,27.15
04049,42.04
04050,1.43
04051,43.13
04055,31.83
04056,1.76
04057,0.33
04061,20.08
04062,46.66
04063,0.73
04064,6.7
04066,1.8
04068,31.52
04069,22.86
04071,36.99
04072,38.58
04073,37.74
04074,47.64
04076,38.74
04079,21.26
04083,10.05
04084,43.81
04085,15.18
04086,32.18
04087,19.89
04088,49.79
04090,57.66
04091,20.26
04092,17.19
04093,40.53
04095,30.51
04096,13.4
04097,21.23
04101,2.03
04102,5.99
04103,10.23
04105,29.29
04106,12.17
04107,14.86
04108,1.22
04109,1.24
04110,2.33
04210,59.34
04216,140.21
04217,184.28
04219,61.37
04220,83.27
04221,29.12
04222,38.28
04224,74.68
04226,4.93
04227,0.15
04231,33.87
04234,0.01
04236,32.28
04237,7.04
04238,20.52
04239,48.38
04240,34.15
04250,11.72
04252,11.1
04253,37.62
04254,19.68
04255,37.98
04256,11.0
04257,23.34
04258,29.57
04259,29.01
04260,47.12
04261,208.0
04263,40.05
04265,5.86
04267,0.45
04268,45.04
04270,78.64
04271,0.04
04274,42.23
04275,94.72
04276,68.55
04280,41.67
04281,40.73
04282,59.26
04284,18.41
04285,59.5
04286,0.01
04287,43.46
04289,24.74
04290,46.68
04292,43.8
04294,53.45
04330,116.94
04341,0.03
04342,30.45
04344,11.24
04345,71.74
04346,2.14
04347,5.86
04348,75.25
04349,29.17
04350,37.42
04351,21.45
04352,37.9
04353,46.78
04354,40.56
04355,29.11
04357,30.43
04358,49.85
04359,0.74
04360,24.3
04363,34.65
04364,31.14
04401,100.05
04406,122.66
04408,404.46
04410,41.18
04411,49.52
04412,15.24
04413,155.83
04414,236.47
04415,0.16
04416,57.79
04417,92.65
04418,117.32
04419,36.65
04421,7.78
04422,40.55
04424,99.37
04426,119.92
04427,40.27
04428,59.52
04429,70.65
04430,7.07
04431,0.08
04434,24.69
04435,38.56
04438,24.61
04441,981.36
04442,71.3
04443,151.67
04444,69.01
04448,93.91
04449,37.3
04450,16.75
04451,56.96
04453,75.8
04454,18.97
04455,82.71
04456,30.06
04457,258.78
04459,77.04
04460,76.69
04461,45.63
04462,702.78
04463,144.57
04464,45.53
04468,122.76
04469,0.86
04471,95.94
04472,46.96
04473,17.32
04474,24.99
04475,22.92
04476,39.86
04478,257.61
04479,38.42
04481,36.69
04485,42.19
04487,226.73
04488,35.01
04489,0.25
04490,178.87
04491,32.26
04492,40.75
04493,68.29
04495,43.7
04496,35.53
04497,208.42
04530,28.77
04535,20.9
04537,16.12
04538,4.53
04539,16.49
04541,0.35
04543,12.43
04544,3.76
04547,14.1
04548,18.58
04551,16.47
04553,29.05
04554,4.07
04555,18.93
04556,18.07
04558,5.57
04562,28.76
04563,19.23
04564,7.52
04568,5.21
04570,0.27
04571,2.08
04572,71.5
04573,7.9
04574,38.04
04575,1.17
04576,5.11
04578,33.44
04579,35.06
04605,265.45
04606,42.45
04607,45.85
04609,42.24
04611,5.62
04612,4.2
04613,1.5
04614,62.48
04616,17.92
04617,22.27
04619,34.32
04622,318.93
04623,119.0
04624,5.85
04625,2.38
04626,46.83
04627,25.93
04628,104.46
04630,89.58
04631,3.63
04634,93.53
04635,2.34
04640,29.32
04642,8.52
04643,21.11
04645,12.52
04646,0.79
04648,29.78
04649,28.51
04650,3.39
04652,61.18
04653,3.55
04654,120.78
04655,21.4
04657,78.92
04658,23.81
04660,29.48
04662,4.31
04664,40.17
04666,58.34
04667,29.87
04668,220.41
04669,1.74
04671,28.19
04673,3.05
04674,9.08
04675,3.1
04676,24.3
04677,3.99
04679,13.51
04680,43.01
04681,9.81
04683,0.41
04684,36.98
04685,15.99
04686,117.03
04691,46.66
04693,14.38
04694,132.75
04730,244.63
04732,267.18
04733,63.1
04734,40.08
04735,204.74
04736,157.35
04737,2.19
04739,192.27
04740,38.66
04742,77.04
04743,166.22
04745,28.71
04746,36.88
04747,309.83
04750,78.35
04756,16.42
04757,208.37
04758,35.14
04760,76.86
04761,18.18
04762,34.5
04763,35.15
04764,229.66
04765,750.56
04766,36.53
04768,87.35
04769,75.78
04772,29.51
04773,40.35
04774,158.53
04776,95.68
04777,78.4
04779,100.12
04780,172.08
04781,45.77
04783,76.67
04785,125.44
04786,70.35
04787,40.24
04841,12.84
04843,18.49
04847,21.96
04848,14.31
04849,61.12
04851,1.92
04852,0.85
04853,11.37
04854,10.57
04855,1.17
04856,21.64
04858,11.42
04859,4.44
04860,19.42
04861,10.94
04862,64.86
04863,23.3
04864,46.47
04901,78.77
04910,38.83
04911,63.65
04912,56.52
04915,73.06
04917,42.68
04918,0.6
04920,219.77
04921,49.94
04922,38.89
04923,18.72
04924,41.16
04925,53.72
04926,0.05
04927,43.87
04928,38.71
04929,20.25
04930,60.34
04932,36.29
04936,455.65
04937,51.94
04938,122.49
04939,37.67
04940,0.11
04941,64.18
04942,118.44
04943,37.12
04944,1.73
04945,642.38
04947,125.17
04949,26.0
04950,51.88
04951,38.91
04952,30.17
04953,29.51
04955,45.2
04956,35.74
04957,76.71
04958,54.84
04961,377.33
04963,51.08
04964,90.74
04965,40.17
04966,237.8
04967,48.18
04969,29.72
04970,224.81
04971,44.79
04973,37.74
04974,28.65
04975,0.05
04976,99.58
04978,19.9
04979,39.65
04981,37.73
04982,44.19
04983,153.16
04984,35.52
04985,192.16
04986,54.26
04987,34.92
04988,49.8
04989,44.25
04992,0.09
05001,42.73
05009,0.04
05030,0.52
05031,2.49
05032,68.22
05033,36.85
05034,3.53
05035,40.8
05036,30.76
05037,12.8
05038,43.71
05039,40.71
05040,11.47
05041,5.59
05042,26.57
05043,9.07
05045,43.14
05046,62.16
05048,29.6
05050,0.33
05051,32.0
05052,2.32
05053,7.78
05055,40.13
05056,40.44
05058,2.97
05059,5.61
05060,76.22
05061,27.94
05062,36.08
05065,27.86
05067,11.4
05068,59.37
05069,17.5
05070,10.71
05071,14.46
05072,25.49
05073,0.08
05075,30.58
05076,27.19
05077,38.48
05079,35.61
05081,19.46
05083,0.79
05084,2.24
05086,29.4
05088,0.43
05089,43.74
05091,67.5
05101,27.89
05141,0.39
05142,26.74
05143,114.16
05146,42.15
05148,26.86
05149,42.43
05150,2.02
05151,23.76
05152,36.65
05153,20.38
05154,2.45
05155,21.05
05156,61.07
05158,10.28
05161,35.06
05201,99.14
05250,91.27
05251,41.62
05252,39.4
05253,13.27
05254,2.51
05255,38.53
05257,17.58
05260,5.78
05261,29.0
05262,72.12
05301,144.32
05340,43.94
05341,13.18
05342,17.39
05343,46.53
05344,0.13
05345,39.29
05346,70.23
05350,36.38
05351,11.28
05352,39.44
05353,35.98
05354,19.23
05355,27.28
05356,22.28
05358,14.71
05359,29.5
05360,70.99
05361,28.23
05362,6.46
05363,62.6
05401,6.1
05403,16.37
05404,1.4
05405,0.2
05408,4.04
05439,0.15
05440,29.1
05441,12.11
05442,35.56
05443,108.19
05444,28.04
05445,41.28
05446,36.56
05447,0.99
05448,37.5
05450,142.02
05452,40.35
05454,48.1
05455,36.22
05456,22.98
05457,37.94
05458,16.81
05459,22.43
05461,41.9
05462,37.79
05463,7.88
05464,56.36
05465,58.55
05468,62.49
05471,49.08
05472,42.83
05473,19.63
05474,13.45
05476,64.29
05477,33.38
05478,59.28
05481,0.0
05482,24.33
05483,21.93
05485,0.02
05486,14.52
05487,46.37
05488,66.91
05489,58.9
05491,87.54
05492,17.58
05494,27.8
05495,34.26
05602,87.84
05640,2.43
05641,67.11
05647,27.22
05648,9.25
05649,5.05
05650,23.79
05651,16.82
05652,31.46
05653,31.55
05654,4.8
05655,37.73
05656,47.36
05658,38.72
05660,37.54
05661,65.28
05663,60.71
05664,0.02
05666,0.89
05667,49.47
05669,48.41
05670,0.06
05672,72.86
05673,52.99
05674,40.03
05675,37.24
05676,93.8
05677,15.69
05678,0.81
05679,38.39
05680,64.8
05681,13.52
05682,45.62
05701,67.74
05730,19.88
05731,1.4
05732,10.93
05733,108.1
05734,43.23
05735,44.28
05736,3.38
05737,48.36
05738,50.53
05739,46.9
05742,24.53
05743,98.7
05744,25.66
05746,4.41
05747,39.84
05748,38.44
05751,46.67
05753,83.78
05757,24.69
05758,24.65
05759,19.68
05760,35.83
05761,40.96
05762,20.1
05763,36.24
05764,44.53
05765,7.15
05766,49.18
05767,57.25
05768,4.56
05769,30.78
05770,41.96
05772,41.07
05773,75.2
05774,27.74
05775,16.42
05776,23.4
05777,44.54
05778,26.35
05819,88.76
05820,13.41
05821,31.34
05822,42.63
05824,51.29
05825,0.98
05826,28.87
05827,16.81
05828,55.67
05829,23.87
05830,33.53
05832,25.14
05833,1.14
05836,32.88
05837,49.62
05839,23.78
05840,26.58
05841,24.29
05842,18.12
05843,46.64
05845,42.91
05846,101.87
05847,56.06
05850,1.4
05851,81.86
05853,29.17
05855,59.12
05857,39.87
05858,65.27
05859,62.22
05860,76.63
05862,23.99
05866,34.43
05867,34.7
05868,4.52
05871,38.4
05872,30.61
05873,25.8
05874,39.57
05875,22.86
05901,34.21
05902,1.31
05903,62.07
05904,0.55
05905,186.18
05906,48.46
05907,70.46
06001,24.45
06002,25.69
06010,26.5
06013,29.7
06016,15.0
06018,13.26
06019,22.54
06020,0.11
06021,31.55
06022,1.67
06023,0.99
06024,6.11
06026,17.56
06027,15.75
06029,32.72
06031,38.95
06032,23.09
06033,36.74
06035,15.82
06037,25.47
06039,21.63
06040,16.93
06042,10.48
06043,14.41
06051,4.1
06052,2.59
06053,7.95
06057,36.79
06058,50.36
06059,0.26
06060,11.65
06061,0.16
06062,8.75
06063,34.32
06065,8.0
06066,17.7
06067,13.29
06068,29.55
06069,52.19
06070,22.8
06071,28.89
06072,0.03
06073,14.52
06074,28.06
06076,86.58
06078,24.66
06079,1.18
06080,0.13
06081,0.64
06082,33.32
06084,40.07
06085,4.5
06088,11.25
06089,2.9
06090,13.25
06091,11.15
06092,7.43
06093,17.5
06095,28.9
06096,9.02
06098,30.71
06103,0.58
06105,2.27
06106,4.17
06107,6.65
06108,8.14
06109,12.3
06110,3.25
06111,13.03
06112,2.97
06114,4.04
06117,9.72
06118,9.86
06119,2.08
06120,3.53
06226,7.17
06231,15.66
06232,15.44
06234,30.65
06235,19.28
06237,21.37
06238,37.57
06239,23.14
06241,26.91
06242,24.89
06243,0.73
06247,33.37
06248,21.24
06249,54.1
06250,16.71
06254,19.71
06255,23.07
06256,7.55
06258,0.04
06259,42.73
06260,20.07
06262,1.16
06263,0.15
06264,1.51
06266,0.93
06268,26.63
06269,1.25
06277,22.94
06278,39.56
06279,33.29
06280,15.07
06281,53.89
06282,6.87
06320,5.64
06330,17.16
06331,40.77
06332,1.24
06333,23.43
06334,19.35
06335,10.96
06336,0.61
06338,1.98
06339,25.6
06340,22.54
06350,0.38
06351,52.5
06353,0.26
06354,21.98
06355,14.2
06357,10.59
06359,54.25
06360,26.82
06365,30.39
06370,23.99
06371,54.0
06373,1.85
06374,25.59
06375,7.9
06376,0.03
06377,16.18
06378,20.9
06379,12.23
06380,0.96
06382,17.64
06384,37.51
06385,24.84
06387,0.06
06389,0.28
06390,4.05
06401,6.03
06403,9.67
06405,21.62
06409,1.17
06410,32.24
06412,16.05
06413,16.2
06414,1.06
06415,55.97
06416,12.45
06417,13.51
06418,5.05
06419,35.33
06420,29.55
06422,23.66
06423,36.57
06424,39.21
06426,5.63
06437,47.12
06438,13.95
06439,0.78
06441,24.21
06442,3.61
06443,36.16
06444,1.02
06447,23.35
06450,13.92
06451,9.83
06455,10.74
06456,1.33
06457,40.69
06459,0.33
06460,12.43
06461,9.73
06467,0.23
06468,26.07
06469,10.05
06470,37.21
06471,8.87
06472,16.06
06473,21.65
06475,15.06
06477,17.18
06478,32.73
06479,6.79
06480,23.18
06481,1.91
06482,20.24
06483,14.52
06484,30.63
06488,39.03
06489,27.72
06492,39.78
06498,15.78
06510,0.27
06511,5.81
06512,10.55
06513,7.22
06514,11.11
06515,4.56
06516,10.75
06517,5.0
06518,16.5
06519,1.77
06524,21.11
06525,18.81
06604,3.16
06605,2.29
06606,5.28
06607,1.16
06608,1.03
06610,3.08
06611,23.34
06612,27.42
06614,11.08
06615,6.39
06702,0.67
06704,8.08
06705,5.65
06706,3.84
06708,9.45
06710,0.97
06712,14.22
06716,20.23
06750,7.75
06751,18.99
06752,16.7
06753,2.69
06754,30.14
06755,5.02
06756,36.67
06757,30.3
06758,0.63
06759,53.69
06762,17.76
06763,16.73
06770,16.38
06776,56.23
06777,17.0
06778,5.54
06779,3.48
06782,7.46
06783,26.0
06784,21.98
06785,15.6
06786,14.34
06787,12.3
06790,41.5
06791,30.87
06793,14.61
06794,13.0
06795,25.92
06796,32.25
06798,36.36
06801,16.92
06804,19.96
06807,3.27
06810,20.91
06811,21.0
06812,20.42
06820,12.65
06824,20.09
06825,6.8
06830,13.54
06831,27.55
06840,22.18
06850,6.78
06851,7.69
06853,1.21
06854,4.81
06855,2.47
06870,2.27
06877,34.59
06878,2.42
06880,20.02
06883,19.77
06890,2.9
06896,31.38
06897,26.79
06901,0.51
06902,10.02
06903,17.4
06905,5.07
06906,1.35
06907,1.96
07001,3.73
07002,5.82
07003,5.32
07004,10.13
07005,18.3
07006,9.34
07008,4.4
07009,4.25
07010,0.96
07011,3.11
07012,2.19
07013,4.43
07014,1.44
07016,4.75
07017,2.26
07018,1.66
07020,0.97
07021,1.41
07022,0.84
07023,1.34
07024,2.51
07026,2.11
07027,0.65
07028,1.31
07029,1.31
07030,1.25
07031,2.48
07032,8.84
07033,2.15
07034,1.27
07035,6.66
07036,10.87
07039,13.77
07040,3.87
07041,1.34
07042,3.77
07043,2.55
07044,2.79
07045,6.57
07046,2.66
07047,5.14
07050,2.21
07052,12.02
07054,13.83
07055,3.13
07057,0.99
07058,2.96
07059,19.71
07060,5.0
07062,1.92
07063,1.79
07064,1.32
07065,3.9
07066,4.38
07067,4.03
07068,3.62
07069,6.33
07070,2.78
07071,4.58
07072,3.95
07073,3.71
07074,1.09
07075,1.11
07076,9.0
07077,1.54
07078,7.99
07079,2.85
07080,8.22
07081,5.18
07082,6.07
07083,8.73
07086,0.79
07087,1.3
07088,0.32
07090,6.74
07092,3.99
07093,1.19
07094,5.8
07095,4.61
07102,1.13
07103,2.15
07104,2.53
07105,4.64
07106,1.42
07107,1.65
07108,1.38
07109,3.3
07110,3.37
07111,2.91
07112,1.36
07114,7.89
07201,6.44
07202,2.31
07203,2.64
07204,1.23
07205,2.77
07206,1.78
07208,1.79
07302,1.43
07304,2.06
07305,5.7
07306,2.99
07307,1.9
07310,0.61
07311,0.05
07401,3.09
07403,6.1
07405,19.81
07407,2.64
07410,5.14
07416,12.16
07417,9.42
07418,4.61
07419,17.06
07420,2.41
07421,22.57
07422,17.49
07423,1.74
07424,5.72
07430,25.4
07432,1.56
07435,12.59
07436,8.5
07438,30.04
07439,2.2
07440,1.55
07442,2.88
07444,5.23
07446,5.5
07450,5.75
07452,2.7
07456,25.59
07457,2.03
07458,10.17
07460,28.58
07461,82.98
07462,17.01
07463,2.05
07465,8.36
07470,23.88
07480,33.06
07481,6.59
07501,1.8
07502,0.86
07503,1.55
07504,0.83
07505,0.24
07506,3.32
07508,5.03
07512,3.96
07513,0.57
07514,0.93
07522,0.88
07524,0.76
07601,4.2
07603,0.75
07604,1.54
07605,1.51
07606,0.73
07607,1.29
07608,1.71
07620,6.4
07621,2.91
07624,3.16
07626,2.06
07627,2.07
07628,1.95
07630,2.23
07631,4.95
07632,2.13
07640,1.85
07641,1.94
07642,2.9
07643,1.48
07644,2.27
07645,4.02
07646,2.28
07647,2.27
07648,2.79
07649,2.41
07650,1.24
07652,10.44
07656,2.61
07657,2.54
07660,1.7
07661,1.83
07662,0.99
07663,2.69
07666,6.04
07670,4.59
07675,9.64
07676,2.95
07677,3.38
07701,9.15
07702,2.16
07703,0.68
07704,1.6
07711,0.65
07712,12.23
07716,4.41
07717,0.43
07718,2.07
07719,12.69
07720,0.61
07721,0.91
07722,34.54
07723,1.64
07724,12.13
07726,33.08
07727,25.5
07728,49.61
07730,5.2
07731,31.78
07732,3.77
07733,17.77
07734,1.7
07735,4.85
07737,2.62
07738,5.63
07739,2.7
07740,5.28
07746,12.38
07747,12.79
07748,13.0
07750,1.04
07751,16.64
07753,15.96
07755,2.93
07756,0.37
07757,2.85
07758,1.6
07760,8.47
07762,2.82
07764,2.86
07801,12.95
07803,2.94
07820,1.49
07821,42.78
07822,7.38
07823,25.08
07825,84.93
07826,58.25
07827,53.1
07828,14.17
07830,26.02
07831,0.12
07832,42.05
07833,0.31
07834,11.61
07836,14.47
07838,25.9
07840,37.33
07842,0.25
07843,3.89
07844,0.23
07846,0.08
07847,2.42
07848,22.92
07849,6.7
07850,2.78
07851,11.44
07852,3.61
07853,32.52
07856,3.43
07857,1.04
07860,100.17
07863,19.9
07865,16.54
07866,23.01
07869,20.06
07870,0.93
07871,38.16
07874,8.46
07876,5.74
07878,0.09
07880,1.1
07881,9.25
07882,31.57
07885,14.68
07901,6.33
07920,27.17
07921,18.38
07922,5.58
07924,11.97
07926,0.35
07927,2.14
07928,9.26
07930,25.44
07931,21.95
07932,6.73
07933,5.3
07934,3.11
07935,2.61
07936,7.87
07939,0.13
07940,4.91
07945,19.48
07946,4.08
07950,9.11
07960,34.62
07961,0.17
07970,0.27
07974,3.97
07976,3.47
07977,1.97
07979,0.89
07980,2.37
07981,6.03
08001,3.32
08002,7.21
08003,10.99
08004,25.76
08005,53.53
08006,0.83
08007,1.34
08008,10.81
08009,16.54
08010,3.63
08011,0.23
08012,15.0
08014,3.62
08015,56.24
08016,21.63
08019,112.49
08020,4.55
08021,12.96
08022,21.25
08023,0.84
08026,2.15
08027,7.49
08028,14.5
08029,1.08
08030,2.8
08031,2.98
08032,0.2
08033,3.94
08034,5.91
08035,1.58
08036,6.44
08037,122.48
08038,17.42
08039,0.54
08041,11.42
08042,0.86
08043,11.47
08045,1.4
08046,7.6
08048,12.13
08049,1.23
08050,30.9
08051,3.85
08052,3.83
08053,29.16
08054,21.72
08055,39.97
08056,9.1
08057,15.3
08059,1.23
08060,21.64
08061,1.33
08062,32.18
08063,1.03
08064,2.68
08065,1.85
08066,6.85
08067,19.05
08068,23.3
08069,15.94
08070,20.7
08071,3.31
08072,0.35
08073,0.09
08074,0.56
08075,9.88
08077,8.1
08078,1.92
08079,88.68
08080,29.24
08081,25.24
08083,2.51
08084,1.57
08085,44.5
08086,7.0
08087,70.06
08088,150.51
08089,16.14
08090,2.92
08091,3.33
08092,22.9
08093,4.05
08094,54.77
08095,1.41
08096,13.89
08097,1.32
08098,57.85
08102,1.0
08103,2.14
08104,3.0
08105,2.59
08106,1.63
08107,1.79
08108,2.69
08109,4.82
08110,6.46
08201,5.71
08202,6.91
08203,6.57
08204,20.46
08205,42.09
08210,68.55
08212,0.29
08215,124.08
08217,0.02
08221,4.7
08223,12.95
08224,1.45
08225,6.05
08226,6.75
08230,19.52
08232,5.87
08234,60.67
08240,2.2
08241,7.46
08242,4.76
08243,2.2
08244,4.92
08245,0.05
08246,0.32
08247,5.23
08248,0.53
08251,7.03
08260,15.94
08270,102.95
08302,142.61
08310,12.23
08311,27.91
08312,5.51
08314,12.19
08316,8.27
08317,7.36
08318,80.42
08319,15.05
08320,0.42
08321,8.84
08322,29.11
08323,17.77
08324,9.2
08326,3.18
08327,9.58
08328,1.9
08329,0.49
08330,127.38
08332,104.51
08340,27.8
08341,1.0
08343,32.26
08344,23.76
08345,28.53
08346,2.44
08348,1.83
08349,34.54
08350,3.24
08352,0.27
08353,1.2
08360,44.34
08361,30.32
08401,10.68
08402,1.41
08403,2.11
08406,1.98
08501,27.19
08502,13.23
08505,22.49
08510,17.74
08511,2.39
08512,22.8
08514,27.35
08515,21.17
08518,1.92
08520,18.04
08525,22.39
08527,85.44
08528,0.95
08530,27.11
08533,54.92
08534,21.79
08535,18.71
08536,7.51
08540,51.72
08542,0.39
08544,0.17
08550,19.13
08551,26.21
08553,0.61
08554,1.2
08555,1.94
08558,15.59
08559,39.84
08560,13.32
08561,1.14
08562,16.72
08608,0.32
08609,1.32
08610,7.44
08611,2.94
08618,5.92
08619,9.98
08620,9.01
08628,7.7
08629,0.79
08638,5.43
08640,18.52
08641,5.09
08648,16.69
08690,7.03
08691,24.23
08701,24.74
08720,2.64
08721,23.75
08722,2.76
08723,11.96
08724,13.8
08730,1.76
08731,78.12
08732,0.54
08733,12.28
08734,5.12
08735,1.74
08736,4.72
08738,0.97
08740,0.45
08741,0.94
08742,5.61
08750,1.9
08751,1.31
08752,4.77
08753,23.05
08755,16.01
08757,17.78
08758,18.07
08759,61.34
08801,15.02
08802,24.49
08804,14.07
08805,2.94
08807,25.48
08809,6.93
08810,5.52
08812,5.08
08816,20.23
08817,10.62
08820,10.43
08821,0.24
08822,64.73
08823,3.45
08824,4.34
08825,28.96
08826,21.36
08827,18.1
08828,0.83
08829,2.41
08830,3.16
08831,51.3
08832,2.17
08833,34.87
08835,2.25
08836,4.5
08837,9.14
08840,3.21
08844,55.16
08846,3.49
08848,32.71
08850,2.31
08852,13.33
08853,11.39
08854,18.93
08857,24.05
08858,2.63
08859,4.76
08861,5.1
08863,1.71
08865,41.47
08867,28.33
08869,1.99
08872,9.46
08873,32.13
08876,16.0
08879,7.08
08880,0.65
08882,2.8
08884,2.31
08886,15.46
08887,0.81
08889,23.06
08890,0.17
08901,6.27
08902,13.17
08904,1.82
10001,0.62
10002,0.82
10003,0.57
10004,0.46
10005,0.07
10006,0.1
10007,0.16
10009,0.62
10010,0.37
10011,0.65
10012,0.32
10013,0.54
10014,0.48
10016,0.55
10017,0.3
10018,0.34
10019,0.66
10020,0.02
10021,0.36
10022,0.44
10023,0.97
10024,0.89
10025,0.89
10026,0.38
10027,0.94
10028,0.32
10029,1.15
10030,0.28
10031,0.67
10032,0.67
10033,0.6
10034,1.02
10035,1.4
10036,0.45
10037,0.23
10038,0.29
10039,0.3
10040,0.57
10044,0.23
10065,0.42
10069,0.04
10075,0.19
10103,0.01
10110,0.01
10111,0.01
10112,0.01
10115,0.0
10119,0.03
10128,0.45
10152,0.0
10153,0.0
10154,0.0
10162,0.01
10165,0.01
10167,0.0
10168,0.01
10169,0.0
10170,0.01
10171,0.0
10172,0.0
10173,0.0
10174,0.01
10177,0.0
10199,0.03
10271,0.0
10278,0.01
10279,0.0
10280,0.11
10282,0.07
10301,3.76
10302,1.19
10303,3.17
10304,3.49
10305,4.02
10306,7.23
10307,1.61
10308,2.19
10309,7.25
10310,1.8
10311,0.05
10312,6.87
10314,13.0
10451,1.06
10452,0.98
10453,0.9
10454,1.06
10455,0.7
10456,1.08
10457,1.32
10458,1.22
10459,0.83
10460,1.5
10461,2.39
10462,1.5
10463,2.75
10464,3.05
10465,3.92
10466,2.02
10467,2.33
10468,1.05
10469,2.43
10470,1.44
10471,1.71
10472,1.08
10473,2.14
10474,1.53
10475,1.24
10501,1.59
10502,2.08
10503,0.01
10504,16.13
10505,0.78
10506,16.63
10507,7.43
10509,36.08
10510,10.1
10511,1.5
10512,52.18
10514,12.72
10516,31.47
10517,0.35
10518,3.81
10519,0.25
10520,14.45
10522,2.44
10523,3.65
10524,20.84
10526,3.55
10527,2.23
10528,3.78
10530,3.91
10532,2.34
10533,3.56
10535,0.45
10536,26.62
10537,1.07
10538,3.51
10540,0.54
10541,24.77
10542,0.03
10543,4.28
10545,0.13
10546,1.21
10547,4.9
10548,2.06
10549,19.09
10550,1.99
10552,1.65
10553,0.7
10560,20.9
10562,13.51
10566,4.34
10567,22.52
10570,7.12
10573,5.47
10576,22.4
10577,6.63
10578,1.76
10579,34.72
10580,8.35
10583,12.43
10588,1.63
10589,6.88
10590,13.32
10591,9.41
10594,2.58
10595,5.32
10596,0.6
10597,3.28
10598,25.26
10601,0.65
10603,3.37
10604,6.75
10605,5.37
10606,1.48
10607,2.14
10701,4.38
10703,1.57
10704,2.67
10705,2.21
10706,2.66
10707,1.27
10708,2.93
10709,1.56
10710,4.6
10801,3.42
10803,2.21
10804,4.28
10805,1.71
10901,23.54
10910,2.17
10911,0.93
10913,4.15
10914,2.48
10915,0.08
10916,23.48
10917,4.82
10918,32.65
10919,3.77
10920,4.46
10921,8.26
10922,2.07
10923,2.01
10924,40.08
10925,9.17
10926,17.37
10927,1.98
10928,8.36
10930,16.03
10931,2.48
10932,0.16
10933,1.19
10940,63.15
10941,32.04
10950,36.8
10952,8.95
10953,0.09
10954,6.89
10956,15.42
10958,21.24
10960,4.72
10962,5.21
10963,13.2
10964,2.43
10965,5.23
10968,0.62
10969,10.95
10970,11.22
10973,8.26
10974,7.41
10975,5.03
10976,1.14
10977,11.26
10979,0.03
10980,27.4
10983,2.08
10984,1.88
10985,0.63
10986,9.89
10987,33.36
10988,0.32
10989,4.84
10990,61.44
10992,11.3
10993,1.17
10994,6.19
10996,3.19
10998,21.61
11001,2.21
11003,4.13
11004,0.95
11005,0.18
11010,2.41
11020,1.93
11021,2.38
11023,1.67
11024,3.5
11030,6.57
11040,4.81
11042,0.6
11050,10.13
11096,1.23
11101,2.59
11102,0.7
11103,0.69
11104,0.44
11105,1.63
11106,0.86
11109,0.05
11201,1.35
11203,2.14
11204,1.59
11205,1.17
11206,1.4
11207,2.72
11208,2.68
11209,2.11
11210,1.65
11211,1.46
11212,1.55
11213,1.08
11214,2.02
11215,2.19
11216,0.96
11217,0.74
11218,1.36
11219,1.49
11220,1.73
11221,1.38
11222,1.52
11223,2.07
11224,1.55
11225,0.87
11226,1.3
11228,1.5
11229,2.01
11230,1.84
11231,1.42
11232,1.24
11233,1.35
11234,7.38
11235,2.46
11236,3.56
11237,1.0
11238,1.85
11239,1.72
11249,0.71
11354,2.15
11355,1.72
11356,1.58
11357,2.83
11358,1.96
11359,0.25
11360,1.38
11361,1.71
11362,2.08
11363,0.86
11364,2.51
11365,2.49
11366,1.52
11367,1.91
11368,2.63
11369,1.08
11370,1.54
11371,1.1
11372,0.74
11373,1.51
11374,0.94
11375,2.42
11377,2.53
11378,2.43
11379,2.22
11385,3.62
11411,1.18
11412,1.64
11413,3.02
11414,2.31
11415,0.56
11416,0.66
11417,1.11
11418,1.66
11419,1.13
11420,2.11
11421,1.28
11422,2.1
11423,1.41
11424,0.02
11426,1.37
11427,1.57
11428,0.83
11429,1.32
11430,7.12
11432,2.02
11433,1.53
11434,3.25
11435,1.51
11436,0.8
11439,0.15
11451,0.07
11501,2.03
11507,1.06
11509,0.84
11510,4.15
11514,0.91
11516,0.92
11518,1.4
11520,5.06
11530,7.24
11542,6.72
11545,11.45
11547,0.46
11548,0.96
11549,0.24
11550,4.21
11552,3.49
11553,3.24
11554,6.3
11556,0.07
11557,2.04
11558,1.48
11559,4.16
11560,7.47
11561,4.01
11563,2.32
11565,1.13
11566,5.43
11568,8.67
11569,0.28
11570,3.59
11572,4.77
11575,1.78
11576,4.61
11577,2.95
11579,1.11
11580,3.89
11581,2.72
11590,6.7
11596,1.32
11598,1.94
11691,2.68
11692,1.02
11693,0.99
11694,1.75
11697,2.05
11701,4.64
11702,11.51
11703,3.05
11704,7.89
11705,3.39
11706,16.93
11709,1.48
11710,4.86
11713,5.58
11714,4.23
11715,1.7
11716,8.64
11717,10.74
11718,0.94
11719,5.34
11720,8.23
11721,2.51
11722,6.97
11724,3.86
11725,9.71
11726,2.53
11727,9.39
11729,6.2
11730,4.5
11731,8.32
11732,2.16
11733,11.74
11735,10.74
11738,5.01
11739,3.55
11740,3.66
11741,7.51
11742,5.15
11743,25.67
11746,24.11
11747,12.6
11749,2.19
11751,3.96
11752,4.04
11753,3.96
11754,7.36
11755,3.28
11756,5.53
11757,6.81
11758,11.99
11762,3.22
11763,13.76
11764,9.18
11765,2.26
11766,6.03
11767,4.33
11768,15.1
11769,4.36
11770,0.6
11771,10.84
11772,16.13
11776,7.15
11777,4.39
11778,6.74
11779,12.47
11780,11.5
11782,5.55
11783,3.54
11784,5.48
11786,4.85
11787,14.9
11788,8.6
11789,1.69
11790,7.29
11791,12.51
11792,9.89
11793,9.86
11794,0.23
11795,5.69
11796,1.25
11797,5.1
11798,4.98
11801,6.67
11803,6.16
11804,2.82
11901,56.7
11930,8.59
11931,0.22
11932,7.24
11933,25.38
11934,5.54
11935,10.32
11937,37.08
11939,2.24
11940,5.01
11941,4.1
11942,8.49
11944,4.07
11946,13.5
11947,0.03
11948,2.8
11949,36.63
11950,3.7
11951,4.8
11952,9.29
11953,10.31
11954,18.53
11955,2.23
11956,1.27
11957,6.47
11958,2.93
11959,6.12
11960,1.99
11961,15.03
11962,5.87
11963,14.58
11964,9.38
11965,2.74
11967,13.21
11968,26.91
11970,0.39
11971,10.96
11972,0.8
11973,2.41
11975,4.05
11976,12.97
11977,5.74
11978,10.17
11980,12.03
12007,5.0
12008,0.67
12009,52.63
12010,128.31
12015,15.11
12017,14.71
12018,46.21
12019,28.46
12020,75.56
12022,23.73
12023,59.13
12024,2.84
12025,41.91
12027,7.46
12028,23.7
12029,20.82
12031,3.53
12032,93.6
12033,28.5
12035,9.64
12036,7.04
12037,36.2
12040,0.06
12041,1.96
12042,4.99
12043,63.6
12045,1.23
12046,14.83
12047,8.84
12051,17.92
12052,30.15
12053,56.41
12054,15.45
12056,18.78
12057,38.24
12058,19.93
12059,22.78
12060,36.05
12061,20.09
12062,33.27
12063,1.28
12064,9.01
12065,35.12
12066,32.73
12067,19.55
12068,29.32
12069,0.37
12070,12.58
12071,13.77
12072,52.19
12074,34.31
12075,36.27
12076,68.81
12077,10.12
12078,110.8
12082,0.02
12083,43.74
12084,3.81
12085,0.67
12086,6.1
12087,20.03
12090,57.84
12092,15.47
12093,65.28
12094,31.74
12095,65.2
12106,14.33
12108,73.1
12110,14.34
12115,3.59
12116,40.08
12117,43.87
12118,35.33
12120,14.77
12121,19.29
12122,102.08
12123,31.77
12124,1.56
12125,16.0
12130,0.55
12131,11.61
12132,0.5
12134,189.0
12136,20.48
12137,23.3
12138,89.65
12139,218.67
12140,7.15
12143,19.08
12144,18.32
12147,19.09
12148,15.62
12149,44.37
12150,1.19
12151,2.61
12153,17.0
12154,42.73
12155,52.42
12156,14.48
12157,50.19
12158,29.36
12159,15.11
12160,15.48
12161,0.1
12164,116.78
12165,1.69
12166,43.59
12167,53.48
12168,30.78
12169,11.6
12170,31.57
12172,0.53
12173,16.32
12174,1.1
12175,26.75
12176,5.16
12177,0.48
12180,56.22
12182,13.66
12183,0.75
12184,39.37
12185,22.76
12186,33.12
12187,19.45
12188,13.0
12189,6.22
12190,176.83
12192,16.15
12193,37.94
12194,16.47
12195,0.78
12196,8.95
12197,65.18
12198,13.25
12202,2.01
12203,10.43
12204,4.14
12205,15.37
12206,2.07
12207,0.99
12208,4.4
12209,2.21
12210,1.13
12211,8.12
12222,0.67
12226,0.37
12302,43.34
12303,15.57
12304,6.66
12305,1.5
12306,43.9
12307,0.71
12308,2.28
12309,17.57
12401,58.9
12404,36.98
12405,10.84
12406,48.6
12407,0.87
12409,17.67
12410,50.84
12411,0.67
12412,6.59
12413,16.65
12414,62.16
12416,5.32
12417,0.35
12418,13.85
12419,2.4
12420,2.67
12421,17.19
12422,9.96
12423,10.7
12424,20.26
12427,38.59
12428,55.09
12429,0.7
12430,40.02
12431,17.53
12432,0.47
12433,3.48
12434,10.85
12435,7.98
12436,11.11
12438,0.16
12439,10.12
12440,20.05
12441,2.99
12442,18.76
12443,16.52
12444,19.61
12446,67.41
12448,8.57
12449,3.72
12450,21.37
12451,11.13
12452,0.33
12453,0.43
12454,10.98
12455,71.28
12456,0.54
12457,11.44
12458,39.51
12459,6.28
12460,5.99
12461,18.45
12463,7.45
12464,45.28
12465,2.9
12466,1.03
12468,58.1
12469,33.0
12470,11.98
12471,0.3
12472,3.33
12473,8.79
12474,47.25
12475,1.17
12477,66.7
12480,31.28
12481,12.76
12482,2.32
12483,1.23
12484,23.73
12485,9.3
12486,3.24
12487,16.33
12489,3.58
12490,0.51
12491,9.91
12492,41.06
12493,5.17
12494,23.86
12495,7.55
12496,43.26
12498,22.16
12501,32.36
12502,31.98
12503,22.22
12504,0.74
12507,1.48
12508,14.43
12512,0.27
12513,2.91
12514,27.28
12515,4.34
12516,20.46
12517,4.78
12518,7.96
12520,4.14
12521,32.18
12522,37.48
12523,22.33
12524,16.76
12525,23.6
12526,32.4
12527,0.17
12528,44.88
12529,68.08
12530,0.18
12531,17.43
12533,48.87
12534,88.58
12538,25.49
12540,35.3
12542,14.39
12543,1.53
12544,0.57
12545,56.68
12546,45.39
12547,9.24
12548,3.89
12549,38.75
12550,34.68
12553,24.17
12561,60.25
12563,23.48
12564,41.37
12565,1.42
12566,55.79
12567,46.03
12569,33.3
12570,19.86
12571,58.13
12572,51.04
12574,0.51
12575,16.05
12577,7.72
12578,14.44
12580,22.18
12581,38.99
12582,14.15
12583,11.67
12585,4.68
12586,23.75
12589,59.52
12590,34.82
12592,14.85
12594,23.06
12601,18.27
12603,31.87
12604,0.19
12701,61.04
12719,16.97
12720,9.13
12721,24.67
12722,0.31
12723,33.49
12724,5.19
12725,70.79
12726,33.0
12729,22.09
12732,26.57
12733,3.71
12734,14.06
12736,3.02
12737,35.15
12738,2.06
12740,71.96
12741,9.2
12742,2.27
12743,7.51
12745,1.2
12746,20.53
12747,17.15
12748,23.56
12749,2.17
12750,3.14
12751,2.59
12752,1.54
12754,28.28
12758,153.64
12759,3.94
12760,45.4
12762,9.22
12763,14.09
12764,60.63
12765,11.16
12766,9.35
12767,2.04
12768,33.13
12769,4.22
12770,3.51
12771,34.57
12775,13.6
12776,115.56
12777,44.67
12778,1.72
12779,6.72
12780,24.67
12781,2.89
12783,31.73
12784,1.23
12785,13.59
12786,17.16
12787,2.54
12788,22.17
12789,15.89
12790,51.45
12791,3.62
12792,4.28
12801,3.79
12803,6.06
12804,54.66
12808,14.31
12809,52.23
12810,43.29
12811,31.6
12812,86.99
12814,45.04
12815,45.84
12816,59.87
12817,51.26
12819,21.15
12820,0.13
12821,5.58
12822,67.84
12823,3.87
12824,21.48
12827,122.82
12828,45.09
12831,65.21
12832,79.05
12833,37.33
12834,84.58
12835,101.16
12836,43.54
12837,13.89
12838,5.44
12839,31.03
12841,21.36
12842,164.57
12843,32.3
12844,3.01
12845,45.03
12846,53.74
12847,450.73
12849,2.61
12850,40.72
12851,85.58
12852,197.95
12853,79.91
12854,0.1
12855,179.5
12856,64.22
12857,68.38
12858,17.19
12859,19.9
12860,11.64
12861,32.07
12862,10.66
12863,3.8
12864,0.21
12865,72.27
12866,64.32
12870,98.44
12871,27.92
12872,1.08
12873,21.12
12874,21.26
12878,107.61
12883,84.59
12884,0.44
12885,80.3
12886,4.79
12887,89.7
12901,70.6
12903,4.24
12910,64.93
12911,1.57
12912,95.74
12913,30.52
12914,30.23
12915,0.17
12916,41.05
12917,45.07
12918,42.53
12919,37.41
12920,79.75
12921,31.72
12922,83.38
12923,42.63
12924,2.84
12926,47.36
12927,115.33
12928,72.6
12929,1.25
12930,35.86
12932,70.2
12933,0.03
12934,69.86
12935,98.72
12936,40.85
12937,34.42
12939,6.39
12941,35.12
12942,52.35
12943,103.18
12944,90.97
12945,33.81
12946,137.17
12950,51.63
12952,29.33
12953,212.67
12955,23.61
12956,9.44
12957,35.38
12958,35.38
12959,42.62
12960,24.53
12961,15.11
12962,38.29
12964,31.97
12965,9.31
12966,84.47
12967,33.46
12969,110.99
12970,109.02
12972,76.23
12973,30.25
12974,6.8
12975,2.97
12976,27.88
12977,1.24
12978,1.1
12979,4.16
12980,245.24
12981,116.84
12983,115.76
12985,50.99
12986,286.55
12987,10.31
12989,143.3
12992,65.75
12993,64.64
12996,38.31
12997,65.22
12998,7.45
13020,0.47
13021,119.18
13024,0.04
13026,26.23
13027,66.97
13028,16.92
13029,17.64
13030,11.28
13031,24.31
13032,82.54
13033,61.21
13034,24.48
13035,75.18
13036,46.09
13037,42.52
13039,23.56
13040,99.78
13041,18.07
13042,34.34
13044,30.08
13045,107.85
13051,0.37
13052,59.37
13053,34.81
13054,23.17
13057,27.7
13060,16.16
13061,27.01
13062,0.68
13063,36.6
13065,0.88
13066,14.79
13068,50.59
13069,109.86
13071,24.14
13072,46.28
13073,55.07
13074,42.3
13076,14.92
13077,68.64
13078,38.54
13080,28.19
13081,28.69
13082,24.34
13083,59.6
13084,42.54
13087,0.95
13088,8.33
13090,14.61
13092,49.93
13101,38.39
13102,0.06
13103,0.39
13104,47.69
13108,29.75
13110,24.13
13111,27.38
13112,20.35
13113,0.03
13114,63.03
13115,0.26
13116,1.3
13117,0.97
13118,102.99
13119,0.06
13120,15.83
13121,0.35
13122,19.28
13123,0.29
13124,5.05
13126,100.67
13131,52.54
13132,23.13
13134,0.08
13135,32.02
13136,18.06
13138,0.04
13140,53.0
13141,14.42
13142,72.22
13143,44.81
13144,37.11
13145,15.57
13146,52.62
13147,35.34
13148,62.26
13152,63.28
13153,0.58
13154,0.31
13155,24.35
13156,29.43
13157,0.42
13158,59.04
13159,77.32
13160,22.65
13162,1.77
13163,0.36
13164,11.14
13165,68.23
13166,40.87
13167,36.68
13202,1.0
13203,1.7
13204,4.26
13205,3.62
13206,4.06
13207,3.23
13208,4.09
13209,13.08
13210,3.77
13211,4.57
13212,11.11
13214,3.51
13215,33.53
13219,5.02
13224,2.87
13244,0.72
13290,0.26
13301,1.16
13302,45.25
13303,34.54
13304,17.63
13305,1.15
13308,37.88
13309,145.24
13310,8.43
13312,69.07
13313,3.3
13314,2.24
13315,48.75
13316,169.87
13317,46.62
13318,24.64
13319,0.98
13320,79.01
13321,0.58
13322,13.32
13323,38.88
13324,135.08
13325,103.39
13326,92.05
13327,140.12
13328,15.75
13329,55.34
13331,167.11
13332,56.0
13333,1.62
13334,29.22
13335,35.69
13337,16.79
13338,229.15
13339,105.22
13340,60.35
13342,5.87
13343,58.1
13345,5.39
13346,35.39
13348,35.72
13350,31.65
13352,0.28
13353,191.03
13354,53.32
13355,32.49
13357,29.55
13360,59.02
13361,28.51
13363,23.46
13364,2.95
13365,123.55
13367,463.74
13368,24.0
13402,23.94
13403,27.85
13404,1.65
13406,4.63
13407,56.42
13408,33.96
13409,36.01
13410,0.49
13411,70.81
13413,19.28
13415,2.06
13416,50.29
13417,1.42
13418,5.36
13420,148.19
13421,40.11
13424,12.02
13425,25.74
13428,16.66
13431,36.11
13433,57.07
13435,0.43
13436,32.41
13437,95.75
13438,95.76
13439,87.87
13440,116.55
13441,3.39
13450,3.39
13452,75.74
13454,12.84
13455,0.17
13456,25.54
13457,1.23
13459,50.44
13460,66.63
13461,2.46
13464,39.82
13468,6.06
13469,3.1
13470,90.08
13471,79.08
13472,13.83
13473,40.87
13475,2.21
13476,22.95
13477,18.0
13478,34.96
13480,54.83
13482,4.34
13483,8.99
13484,0.03
13485,42.77
13486,26.64
13488,4.84
13489,31.21
13490,9.85
13491,75.14
13492,15.3
13493,70.62
13494,16.94
13495,0.87
13501,8.84
13502,51.42
13601,140.76
13602,11.48
13603,5.54
13605,78.05
13606,35.01
13607,16.34
13608,40.8
13611,1.8
13612,18.94
13613,81.21
13614,8.74
13615,0.64
13616,5.56
13617,132.45
13618,48.58
13619,112.7
13620,37.21
13621,28.59
13622,52.89
13623,0.45
13624,63.32
13625,54.52
13626,87.55
13628,0.2
13630,45.82
13632,1.67
13633,18.37
13634,48.36
13635,46.75
13636,3.38
13637,35.18
13638,0.81
13639,3.37
13640,12.32
13641,0.41
13642,189.07
13643,0.04
13645,0.01
13646,105.02
13647,1.43
13648,173.31
13649,2.44
13650,41.14
13651,2.13
13652,74.05
13654,66.02
13655,19.51
13656,87.14
13658,79.73
13659,56.29
13660,58.82
13661,45.33
13662,89.24
13664,0.98
13665,35.99
13666,40.18
13667,46.96
13668,36.77
13669,101.48
13670,79.4
13672,143.26
13673,40.79
13674,0.05
13675,1.5
13676,159.7
13678,2.2
13679,61.12
13680,38.39
13681,34.05
13682,34.4
13683,0.16
13684,162.27
13685,14.31
13687,75.81
13690,54.42
13691,71.02
13692,0.29
13693,20.65
13694,18.1
13695,20.76
13696,2.83
13697,64.86
13699,0.28
13730,51.29
13731,89.83
13732,32.92
13733,88.25
13734,39.94
13736,61.12
13738,0.19
13739,39.21
13740,35.92
13743,60.29
13744,10.15
13746,33.54
13747,0.13
13748,13.5
13750,23.8
13751,3.27
13752,54.44
13753,97.93
13754,77.91
13755,52.15
13756,45.0
13757,35.61
13760,49.3
13774,6.05
13775,48.68
13776,6.3
13777,7.59
13778,95.52
13780,22.77
13782,35.89
13783,112.53
13784,1.03
13786,7.76
13787,60.78
13788,34.56
13790,27.19
13795,23.9
13796,24.43
13797,33.61
13801,64.23
13802,10.72
13803,93.49
13804,10.5
13806,3.94
13807,21.47
13808,36.73
13809,33.68
13810,38.0
13811,62.22
13812,31.32
13813,28.92
13814,0.03
13815,108.22
13820,107.33
13825,56.6
13826,1.71
13827,90.69
13830,109.48
13832,20.48
13833,36.82
13834,2.63
13835,43.81
13838,8.62
13839,50.61
13841,9.2
13842,13.78
13843,52.02
13844,28.33
13846,6.85
13847,0.04
13849,72.04
13850,51.06
13856,179.7
13859,0.49
13860,3.45
13861,3.79
13862,51.43
13863,12.33
13864,25.78
13865,107.32
13901,23.0
13902,0.71
13903,39.46
13904,23.75
13905,28.25
14001,64.51
14004,48.61
14005,32.04
14006,28.12
14008,24.81
14009,73.2
14011,68.12
14012,33.54
14013,34.59
14020,66.29
14024,62.84
14025,21.0
14026,0.87
14027,1.0
14028,13.87
14029,1.78
14030,21.15
14031,19.35
14032,23.91
14033,17.39
14034,24.14
14035,0.69
14036,53.62
14037,17.8
14039,2.0
14040,30.06
14041,1.27
14042,46.71
14043,9.09
14047,13.14
14048,22.97
14051,15.5
14052,61.23
14054,28.3
14055,31.37
14056,0.27
14057,46.2
14058,40.84
14059,26.95
14060,19.41
14061,0.1
14062,70.54
14063,50.85
14065,36.47
14066,37.16
14067,49.32
14068,3.69
14069,7.58
14070,50.78
14072,28.16
14075,39.44
14080,52.45
14081,32.03
14082,10.6
14083,0.62
14085,7.72
14086,33.35
14091,22.3
14092,21.21
14094,121.65
14098,46.45
14101,45.63
14102,3.36
14103,78.89
14105,51.63
14108,24.82
14109,0.23
14111,35.57
14112,0.04
14113,21.54
14120,32.62
14125,39.22
14126,0.66
14127,40.72
14129,30.7
14130,0.3
14131,41.85
14132,28.69
14134,0.7
14135,0.76
14136,24.31
14138,46.73
14139,24.86
14141,72.29
14143,15.47
14145,26.3
14150,14.87
14166,0.1
14167,35.24
14168,0.32
14169,0.14
14170,13.41
14171,49.75
14172,26.34
14173,0.58
14174,23.24
14201,1.1
14202,0.87
14203,2.8
14204,1.79
14206,4.96
14207,3.91
14208,1.16
14209,0.95
14210,3.15
14211,3.94
14212,2.11
14213,1.92
14214,3.33
14215,4.76
14216,2.76
14217,3.2
14218,8.1
14219,6.95
14220,3.83
14221,23.39
14222,1.25
14223,3.46
14224,20.25
14225,11.48
14226,6.89
14227,8.19
14228,15.93
14260,0.25
14261,1.1
14301,2.07
14302,0.01
14303,2.71
14304,21.54
14305,7.84
14411,112.72
14413,1.19
14414,39.27
14415,1.66
14416,40.31
14418,37.61
14420,59.0
14422,33.17
14423,48.29
14424,129.49
14425,19.56
14427,33.66
14428,46.41
14432,39.33
14433,66.8
14435,36.45
14437,117.93
14441,0.39
14445,1.95
14450,32.03
14453,0.32
14454,47.61
14456,77.3
14462,11.99
14463,0.81
14464,30.05
14466,17.53
14467,10.28
14468,52.65
14469,65.97
14470,65.08
14471,26.1
14472,44.1
14475,1.73
14476,23.95
14477,27.21
14478,13.56
14479,1.68
14480,1.28
14481,22.41
14482,60.93
14485,33.74
14486,5.86
14487,32.93
14489,69.65
14502,35.81
14504,1.18
14505,39.59
14506,3.1
14507,31.4
14510,75.21
14511,2.78
14512,103.68
14513,45.24
14514,5.64
14515,0.02
14516,29.01
14517,36.99
14519,42.02
14521,38.43
14522,45.54
14525,47.26
14526,16.38
14527,134.91
14529,1.07
14530,50.54
14532,41.22
14533,29.0
14534,32.34
14536,18.28
14537,0.69
14539,0.25
14541,47.92
14542,0.05
14543,25.14
14544,30.11
14545,0.46
14546,36.11
14548,28.65
14549,0.19
14550,21.67
14551,43.66
14555,2.89
14556,2.32
14557,0.74
14559,43.73
14560,39.03
14561,50.01
14564,42.26
14568,24.47
14569,74.72
14571,17.04
14572,74.87
14580,42.65
14585,0.11
14586,11.03
14588,0.27
14589,43.94
14590,64.5
14591,34.88
14592,0.56
14604,0.34
14605,1.78
14606,9.42
14607,1.71
14608,1.76
14609,7.4
14610,4.2
14611,2.93
14612,17.22
14613,1.9
14614,0.22
14615,5.95
14616,5.87
14617,7.92
14618,9.59
14619,1.43
14620,4.44
14621,4.06
14622,4.44
14623,19.53
14624,27.35
14625,7.63
14626,13.37
14627,0.2
14642,0.07
14701,92.56
14706,81.1
14707,0.87
14708,9.05
14709,51.92
14710,53.21
14711,41.16
14712,25.78
14714,11.81
14715,45.66
14716,11.83
14717,34.43
14718,35.01
14719,101.14
14720,0.29
14721,3.37
14722,0.36
14723,45.41
14724,73.3
14726,41.92
14727,106.56
14728,28.45
14729,29.68
14731,45.45
14732,0.08
14733,26.7
14735,78.42
14736,4.55
14737,106.39
14738,64.98
14739,81.07
14740,25.46
14741,62.29
14742,0.13
14743,45.11
14744,19.87
14747,44.37
14748,16.78
14750,11.26
14752,0.25
14753,35.77
14754,19.68
14755,73.91
14756,0.02
14757,43.7
14760,65.07
14767,55.18
14769,8.99
14770,29.19
14772,76.63
14774,0.26
14775,53.86
14777,7.61
14778,0.46
14779,138.8
14781,72.53
14782,54.23
14783,14.35
14784,27.47
14785,0.19
14787,42.65
14788,0.32
14801,104.92
14802,1.14
14803,28.07
14804,54.17
14805,29.41
14806,61.04
14807,73.03
14808,2.7
14809,56.86
14810,120.56
14812,76.43
14813,60.52
14814,8.27
14815,18.12
14816,3.76
14817,40.76
14818,38.51
14819,38.35
14820,27.94
14821,55.85
14822,39.83
14823,94.87
14824,20.44
14825,16.77
14826,59.07
14827,0.09
14830,90.62
14836,30.32
14837,78.74
14838,39.88
14839,36.45
14840,58.63
14841,20.17
14842,15.72
14843,95.73
14845,78.18
14846,34.54
14847,40.44
14850,124.81
14853,0.38
14854,0.44
14855,29.23
14856,0.17
14858,36.53
14859,31.33
14860,20.18
14861,35.46
14864,12.12
14865,22.15
14867,67.71
14869,18.81
14870,64.47
14871,52.86
14872,5.81
14873,73.82
14874,1.58
14877,45.98
14878,15.99
14879,43.98
14880,52.19
14881,1.53
14882,32.49
14883,72.57
14884,22.65
14885,42.53
14886,75.11
14889,42.64
14891,54.4
14892,42.24
14893,0.08
14894,12.2
14895,115.99
14897,24.58
14898,61.14
14901,33.2
14903,21.65
14904,6.45
14905,3.71
15001,60.35
15003,5.98
15004,0.11
15005,16.12
15006,0.24
15007,0.4
15009,23.31
15010,51.05
15012,34.11
15014,0.49
15015,0.93
15017,12.2
15018,0.82
15019,23.2
15020,2.4
15021,92.16
15022,18.44
15024,17.55
15025,16.65
15026,34.57
15027,1.38
15028,0.2
15030,1.5
15031,0.31
15033,2.38
15034,0.97
15035,0.42
15037,26.0
15038,0.29
15042,16.9
15043,31.8
15044,39.05
15045,1.58
15046,2.09
15047,0.17
15049,0.56
15050,23.57
15051,0.48
15052,19.07
15053,0.11
15054,0.83
15055,0.67
15056,0.95
15057,54.06
15059,14.64
15060,0.8
15061,17.29
15062,2.89
15063,27.43
15064,0.64
15065,12.46
15066,21.64
15067,1.73
15068,45.44
15071,18.36
15072,0.06
15074,14.87
15075,0.03
15076,1.25
15077,0.84
15078,0.59
15081,0.31
15082,0.26
15083,3.81
15084,28.94
15085,9.24
15086,1.86
15087,1.26
15088,0.16
15089,17.96
15090,21.87
15101,21.47
15102,10.62
15104,2.47
15106,9.96
15108,39.53
15110,1.82
15112,0.84
15116,7.71
15120,4.69
15122,12.93
15123,0.07
15126,19.74
15129,7.74
15131,6.61
15132,5.63
15133,3.37
15135,5.04
15136,10.75
15137,7.87
15139,1.92
15140,0.61
15142,2.25
15143,36.91
15144,2.08
15145,1.92
15146,19.62
15147,10.01
15148,1.11
15201,1.93
15202,4.48
15203,1.48
15204,1.88
15205,11.68
15206,4.76
15207,4.54
15208,1.5
15209,4.82
15210,4.71
15211,1.58
15212,5.8
15213,2.44
15214,4.6
15215,6.19
15216,3.44
15217,3.87
15218,2.29
15219,2.2
15220,4.73
15221,6.21
15222,0.89
15223,1.86
15224,1.53
15225,1.53
15226,2.49
15227,6.11
15228,3.19
15229,4.05
15232,0.82
15233,1.31
15234,3.11
15235,14.81
15236,10.71
15237,24.05
15238,15.78
15239,16.34
15241,10.22
15243,3.01
15260,0.09
15275,0.35
15282,0.13
15290,0.04
15301,121.95
15310,19.34
15311,23.57
15312,71.77
15313,1.95
15314,17.01
15315,0.9
15316,4.94
15317,45.05
15320,37.24
15321,1.91
15322,14.99
15323,71.73
15324,0.29
15325,0.26
15327,20.05
15329,42.93
15330,44.21
15331,0.78
15332,26.69
15333,14.35
15334,2.79
15337,32.91
15338,15.43
15340,15.04
15341,52.13
15342,3.21
15344,15.09
15345,21.19
15346,0.91
15347,0.48
15348,0.13
15349,41.47
15350,0.08
15351,1.62
15352,44.9
15353,0.06
15357,7.9
15358,0.79
15359,0.15
15360,27.64
15361,0.37
15362,23.15
15363,0.23
15364,32.35
15365,0.79
15366,0.36
15367,10.22
15368,0.19
15370,148.18
15376,37.99
15377,41.35
15378,0.07
15379,0.4
15380,36.59
15401,55.39
15410,9.23
15411,18.81
15412,1.56
15413,0.56
15416,0.99
15417,20.39
15419,1.29
15420,0.48
15421,0.27
15422,0.33
15423,17.12
15424,71.54
15425,57.74
15427,9.21
15428,20.49
15429,1.31
15430,0.35
15431,57.93
15432,0.53
15433,14.74
15434,0.17
15435,0.19
15436,6.71
15437,64.5
15438,11.2
15440,19.16
15442,16.26
15443,2.35
15444,0.47
15445,21.27
15446,0.39
15447,2.42
15448,0.95
15449,2.71
15450,1.1
15451,9.48
15454,1.23
15455,1.28
15456,7.76
15458,14.71
15459,32.7
15460,0.36
15461,10.89
15462,1.34
15463,0.67
15464,45.38
15465,1.11
15466,0.26
15467,0.62
15468,11.94
15469,32.98
15470,29.08
15472,0.24
15473,21.86
15474,8.0
15475,1.17
15476,0.44
15477,0.23
15478,62.18
15479,21.52
15480,15.57
15482,1.07
15483,0.26
15484,1.08
15486,21.79
15488,0.4
15489,1.24
15490,9.43
15492,0.6
15501,131.99
15502,4.42
15510,0.18
15520,0.66
15521,37.39
15522,187.66
15530,86.8
15531,60.93
15532,0.7
15533,31.25
15534,52.13
15535,154.38
15536,33.23
15537,112.53
15538,68.16
15539,1.2
15540,43.0
15541,37.56
15542,36.26
15544,0.52
15545,48.1
15546,0.83
15547,0.68
15550,53.53
15551,24.72
15552,101.69
15554,34.68
15555,0.39
15557,89.79
15558,33.34
15559,46.46
15560,0.17
15561,0.34
15562,3.41
15563,55.18
15564,0.54
15565,0.83
15601,80.65
15610,39.68
15611,0.7
15612,2.15
15613,57.91
15615,0.52
15616,1.27
15617,0.5
15618,29.18
15619,0.68
15620,0.91
15622,35.77
15623,1.19
15624,0.49
15625,0.6
15626,4.3
15627,31.7
15628,1.81
15629,0.13
15631,0.56
15632,29.77
15633,2.83
15634,0.13
15635,0.28
15636,2.41
15637,4.84
15638,0.15
15639,10.92
15640,0.4
15641,0.24
15642,46.04
15644,22.14
15646,1.1
15647,0.08
15650,74.16
15655,11.78
15656,31.87
15658,92.16
15660,0.26
15661,0.39
15662,1.5
15663,0.95
15665,0.89
15666,53.34
15668,22.39
15670,40.81
15671,2.31
15672,11.17
15673,0.54
15674,0.28
15675,1.05
15676,1.16
15677,24.82
15678,1.32
15679,22.02
15680,0.14
15681,53.23
15682,2.7
15683,18.8
15684,2.55
15686,11.02
15687,29.91
15688,2.08
15689,0.36
15690,26.34
15691,0.09
15692,0.32
15693,0.49
15695,0.5
15696,0.11
15697,1.79
15698,1.44
15701,112.22
15705,0.22
15710,1.81
15711,1.1
15712,1.29
15713,1.29
15714,33.36
15715,0.69
15716,0.44
15717,94.05
15720,1.66
15721,2.3
15722,22.6
15723,1.07
15724,41.19
15725,28.68
15727,1.8
15728,44.38
15729,18.31
15730,3.8
15731,0.2
15732,29.65
15733,0.4
15734,0.49
15736,1.97
15737,1.02
15738,2.55
15739,0.19
15741,1.29
15742,28.62
15744,0.83
15745,1.27
15746,2.57
15747,31.53
15748,72.73
15750,0.7
15752,0.07
15753,37.85
15754,0.43
15756,1.25
15757,84.99
15759,57.1
15760,1.41
15761,0.38
15762,12.81
15763,0.43
15764,1.84
15765,40.37
15767,159.97
15770,4.64
15771,31.1
15772,32.74
15773,1.53
15774,54.7
15775,1.41
15776,2.25
15777,0.73
15778,0.7
15779,8.24
15780,1.24
15781,1.05
15783,1.34
15784,0.17
15801,70.15
15821,33.51
15823,35.92
15824,66.58
15825,154.89
15827,0.35
15828,24.39
15829,31.91
15831,0.15
15832,112.41
15834,203.98
15840,17.26
15841,0.16
15845,39.94
15846,58.09
15847,0.02
15848,20.03
15849,77.01
15851,97.04
15853,150.41
15856,39.41
15857,100.46
15860,134.32
15861,63.59
15863,0.51
15864,38.76
15865,2.42
15866,0.77
15868,137.96
15870,114.78
15901,1.53
15902,9.41
15904,28.89
15905,41.53
15906,27.26
15909,17.76
15920,8.03
15921,0.26
15922,0.22
15923,25.73
15924,26.42
15925,0.08
15926,31.69
15927,5.16
15928,6.29
15929,1.02
15930,0.42
15931,81.35
15934,0.13
15935,22.82
15936,25.86
15937,2.39
15938,24.04
15940,24.44
15942,17.26
15943,21.05
15944,65.11
15945,0.15
15946,48.82
15948,0.62
15949,1.27
15951,1.47
15952,3.31
15953,1.05
15954,20.26
15955,34.02
15956,8.23
15957,5.67
15958,18.49
15960,1.05
15961,16.93
15962,0.24
15963,90.43
16001,75.82
16002,73.31
16020,27.17
16022,0.75
16023,26.13
16024,0.33
16025,54.66
16027,0.81
16028,15.5
16029,0.78
16030,1.06
16033,30.74
16034,18.79
16035,0.87
16036,2.19
16037,34.45
16038,45.9
16040,19.29
16041,29.04
16045,0.6
16046,22.82
16048,2.49
16049,90.79
16050,20.77
16051,39.82
16052,18.04
16053,21.41
16054,1.64
16055,38.51
16056,21.03
16057,88.67
16059,26.18
16061,42.73
16063,16.96
16066,22.36
16101,69.23
16102,24.34
16105,25.58
16110,7.87
16111,26.22
16112,7.01
16113,0.53
16114,11.26
16115,39.7
16116,25.37
16117,36.39
16120,33.4
16121,2.28
16123,21.92
16124,27.07
16125,105.17
16127,73.21
16130,30.73
16131,23.44
16132,2.18
16133,27.4
16134,47.45
16136,0.74
16137,108.51
16140,0.42
16141,21.36
16142,43.75
16143,24.52
16145,46.9
16146,3.99
16148,31.52
16150,23.17
16151,0.08
16153,43.03
16154,27.02
16155,0.68
16156,51.26
16157,25.02
16159,28.07
16160,1.17
16161,0.31
16172,0.08
16201,112.23
16210,22.37
16211,1.03
16212,0.44
16213,0.12
16214,47.94
16217,7.49
16218,27.13
16220,4.95
16222,61.05
16223,1.53
16224,19.46
16226,58.56
16228,0.08
16229,26.85
16230,1.02
16232,59.46
16233,36.31
16235,29.27
16236,0.07
16238,0.1
16239,189.51
16240,53.57
16242,93.55
16244,1.88
16245,1.31
16246,0.34
16248,56.64
16249,25.93
16250,4.48
16253,0.38
16254,47.17
16255,40.56
16256,38.49
16258,36.73
16259,45.04
16260,12.91
16262,33.84
16263,3.68
16301,94.73
16311,14.59
16312,0.03
16313,114.64
16314,92.03
16316,45.55
16317,30.39
16319,36.15
16321,1.01
16322,3.66
16323,99.97
16326,6.83
16327,60.01
16328,0.49
16329,4.48
16331,1.8
16332,3.95
16333,5.76
16334,6.77
16335,114.51
16340,93.5
16341,74.29
16342,66.27
16343,4.75
16344,0.84
16345,94.1
16346,15.57
16347,103.64
16350,50.03
16351,92.89
16352,11.08
16353,149.14
16354,124.03
16360,30.45
16361,2.25
16362,28.03
16364,33.95
16365,139.28
16370,7.92
16371,31.6
16372,0.99
16373,80.83
16374,66.08
16401,55.57
16402,25.56
16403,90.66
16404,87.76
16405,18.84
16406,78.37
16407,113.29
16410,22.73
16411,15.31
16412,80.73
16415,23.34
16416,3.83
16417,47.99
16420,49.54
16421,10.55
16422,1.38
16423,9.16
16424,70.53
16426,28.75
16427,0.25
16428,73.55
16430,2.43
16433,56.48
16434,62.81
16435,53.05
16436,48.72
16438,102.43
16440,10.44
16441,110.15
16442,50.37
16443,12.7
16444,0.26
16475,0.68
16501,0.72
16502,2.48
16503,2.44
16504,2.76
16505,11.66
16506,13.58
16507,2.09
16508,2.8
16509,38.2
16510,32.97
16511,7.39
16546,0.1
16550,0.01
16563,0.44
16601,84.84
16602,14.68
16611,45.2
16613,31.31
16616,1.66
16617,1.48
16619,0.48
16620,0.71
16621,15.77
16622,7.15
16623,11.15
16624,2.9
16625,32.03
16627,32.32
16630,5.7
16631,0.52
16633,0.15
16634,3.29
16635,56.77
16636,28.2
16637,19.6
16638,0.93
16639,47.1
16640,13.91
16641,13.0
16645,1.9
16646,18.13
16647,25.49
16648,60.05
16650,46.64
16651,39.53
16652,173.69
16654,0.06
16655,32.37
16656,27.22
16657,49.6
16659,1.64
16661,22.73
16662,53.85
16664,40.14
16665,0.47
16666,23.43
16667,18.04
16668,53.05
16669,104.87
16670,0.64
16671,2.44
16672,4.17
16673,34.38
16674,15.61
16675,2.46
16677,3.02
16678,48.44
16679,22.68
16680,7.36
16682,0.08
16683,19.54
16684,0.04
16685,11.13
16686,146.9
16689,17.41
16691,28.74
16692,19.76
16693,77.15
16694,4.16
16695,13.76
16699,0.06
16701,220.0
16720,269.27
16724,0.37
16725,1.01
16726,33.44
16727,4.5
16729,15.33
16730,0.78
16731,59.03
16732,6.1
16733,11.71
16734,0.7
16735,263.16
16738,71.5
16740,45.13
16743,101.29
16744,5.07
16745,13.04
16746,40.69
16748,108.91
16749,185.65
16750,20.77
16801,31.07
16802,0.77
16803,22.99
16820,16.08
16821,1.38
16822,100.6
16823,124.3
16825,0.78
16826,1.75
16827,18.15
16828,55.71
16829,46.95
16830,132.0
16832,21.38
16833,69.62
16834,18.24
16835,0.2
16836,123.7
16837,0.85
16838,37.52
16839,1.11
16840,0.35
16841,121.53
16843,0.73
16844,61.99
16845,99.79
16847,1.23
16848,0.25
16849,3.94
16851,1.86
16852,3.86
16853,0.21
16854,2.56
16855,1.87
16856,0.3
16858,54.25
16859,30.07
16860,5.08
16861,14.09
16863,24.93
16864,6.68
16865,22.99
16866,157.06
16868,1.52
16870,72.18
16871,33.09
16872,58.36
16874,33.91
16875,82.09
16876,1.09
16877,28.26
16878,28.74
16879,1.71
16881,28.48
16882,30.72
16901,230.44
16910,0.12
16911,4.02
16912,22.23
16914,77.4
16915,244.33
16917,51.97
16920,9.51
16921,84.67
16922,148.95
16923,77.41
16925,76.87
16926,26.02
16927,15.63
16928,36.72
16929,42.65
16930,63.25
16932,19.83
16933,102.6
16935,49.57
16936,47.56
16937,6.94
16938,106.3
16939,0.41
16940,0.5
16941,2.43
16942,21.37
16943,35.98
16946,65.88
16947,112.47
16948,99.19
16950,116.12
17002,14.76
17003,42.69
17004,50.93
17005,0.56
17006,74.36
17007,17.91
17009,1.5
17010,0.02
17011,13.08
17013,39.19
17014,1.75
17015,110.78
17016,0.24
17017,25.25
17018,39.83
17019,63.81
17020,57.71
17021,54.93
17022,54.95
17023,20.52
17024,32.09
17025,14.98
17026,24.4
17027,0.56
17028,27.38
17029,1.38
17030,3.15
17032,110.44
17033,27.39
17034,0.81
17035,34.76
17036,28.05
17037,22.4
17038,66.23
17039,0.36
17040,53.25
17041,0.56
17042,67.71
17043,2.06
17044,95.38
17045,38.11
17046,38.89
17047,44.59
17048,33.74
17049,39.69
17050,34.99
17051,91.12
17052,41.01
17053,29.08
17054,0.67
17055,39.22
17056,0.06
17057,31.12
17058,41.96
17059,79.38
17060,20.14
17061,32.52
17062,82.49
17063,92.08
17064,1.91
17065,15.02
17066,29.4
17067,47.11
17068,32.71
17069,0.56
17070,14.6
17071,10.57
17073,28.46
17074,64.49
17075,0.1
17076,0.24
17077,0.04
17078,30.09
17080,0.49
17081,0.65
17082,56.85
17084,33.21
17086,36.79
17087,12.74
17088,1.65
17090,32.33
17093,0.5
17094,28.96
17097,1.1
17098,9.32
17099,1.44
17101,0.52
17102,0.76
17103,1.89
17104,3.36
17109,6.97
17110,14.95
17111,18.37
17112,69.58
17113,4.17
17120,0.09
17201,19.12
17202,118.13
17210,15.65
17211,28.35
17212,37.02
17213,38.77
17214,3.81
17215,5.95
17217,3.74
17219,13.31
17220,13.64
17221,11.62
17222,64.97
17223,15.52
17224,39.59
17225,81.76
17228,32.22
17229,28.74
17232,0.02
17233,78.67
17235,0.57
17236,125.66
17237,2.46
17238,53.08
17239,11.06
17240,48.6
17241,111.7
17243,60.06
17244,26.76
17246,2.18
17247,0.15
17249,0.23
17250,0.03
17251,1.98
17252,30.5
17253,0.28
17254,0.43
17255,31.56
17257,115.17
17260,35.67
17261,1.61
17262,19.04
17263,0.27
17264,58.11
17265,30.32
17266,1.32
17267,96.91
17268,77.77
17271,12.72
17301,11.88
17302,40.3
17303,0.17
17304,24.34
17306,0.24
17307,59.34
17309,22.77
17311,0.05
17313,9.77
17314,35.05
17315,58.11
17316,40.98
17317,0.19
17318,1.07
17319,16.8
17320,56.99
17321,16.94
17322,39.45
17323,0.07
17324,53.32
17325,125.96
17327,46.16
17329,17.61
17331,74.42
17339,26.82
17340,39.39
17342,0.25
17343,0.71
17344,0.75
17345,12.01
17347,12.69
17349,21.09
17350,44.27
17352,13.35
17353,38.75
17355,0.62
17356,33.43
17360,25.04
17361,3.05
17362,49.08
17363,36.9
17364,17.37
17365,20.81
17366,11.31
17368,18.72
17370,13.24
17371,0.2
17372,33.7
17401,1.49
17402,18.71
17403,20.58
17404,21.54
17406,48.9
17407,1.48
17408,26.78
17501,1.54
17502,10.67
17504,0.02
17505,7.41
17506,0.08
17507,0.02
17508,0.28
17509,26.1
17512,16.01
17516,20.53
17517,35.55
17518,13.81
17519,21.55
17520,1.83
17522,43.01
17527,21.02
17529,14.67
17532,21.39
17534,0.26
17535,12.67
17536,20.92
17538,4.13
17540,20.93
17543,65.96
17545,69.78
17547,11.96
17550,0.16
17551,10.61
17552,32.62
17554,3.12
17555,33.1
17557,32.04
17560,15.8
17562,17.2
17563,32.34
17565,13.26
17566,59.61
17568,0.07
17569,16.57
17570,0.24
17572,16.24
17576,0.09
17578,13.97
17579,14.64
17581,0.38
17582,9.16
17584,14.82
17601,33.52
17602,24.56
17603,29.99
17606,0.04
17701,98.03
17702,61.22
17720,3.4
17721,1.18
17723,13.66
17724,109.43
17727,45.82
17728,45.4
17729,110.89
17730,0.19
17731,12.56
17737,60.31
17739,17.93
17740,136.07
17742,0.7
17744,22.52
17745,229.2
17747,84.68
17748,0.98
17749,0.33
17750,1.38
17751,140.27
17752,40.69
17754,60.12
17756,107.75
17758,90.18
17760,79.9
17762,0.56
17763,17.19
17764,162.85
17765,91.17
17768,30.4
17769,33.91
17771,219.52
17772,23.18
17774,28.11
17776,85.75
17777,36.87
17778,73.49
17779,1.36
17801,66.12
17810,55.07
17812,26.07
17813,37.07
17814,127.85
17815,125.71
17820,86.71
17821,134.41
17822,0.12
17823,34.3
17824,28.06
17827,2.03
17829,0.72
17830,30.76
17832,0.78
17834,5.63
17835,0.09
17836,3.49
17837,56.19
17840,1.98
17841,73.32
17842,79.37
17844,106.61
17845,62.22
17846,46.84
17847,46.29
17850,0.45
17851,14.99
17853,43.49
17855,1.94
17856,48.81
17857,26.66
17858,0.32
17859,37.78
17860,28.11
17861,0.48
17862,0.37
17864,21.03
17865,0.44
17866,24.38
17867,2.94
17868,0.35
17870,45.81
17872,43.01
17876,1.83
17878,22.0
17880,0.04
17881,2.76
17884,0.06
17885,12.86
17886,0.79
17887,0.16
17888,7.52
17889,24.58
17901,79.42
17920,2.25
17921,35.01
17922,30.9
17923,2.77
17925,0.97
17929,1.14
17930,3.06
17931,5.3
17933,0.12
17934,0.75
17935,5.65
17936,0.62
17938,41.03
17941,25.58
17943,0.13
17944,1.26
17945,1.05
17946,1.72
17948,19.18
17949,0.32
17951,0.12
17952,1.72
17953,8.99
17954,0.71
17957,0.32
17959,13.98
17960,52.42
17961,25.62
17963,83.73
17964,23.19
17965,1.12
17967,34.52
17968,5.58
17970,1.27
17972,48.61
17974,0.08
17976,7.61
17978,6.77
17979,0.31
17980,34.8
17981,38.16
17982,0.25
17983,2.73
17985,36.55
18011,17.12
18012,0.01
18013,63.01
18014,32.75
18015,23.19
18017,16.76
18018,5.17
18020,13.02
18030,0.3
18031,13.93
18032,2.01
18034,11.01
18035,0.21
18036,29.18
18037,7.61
18038,13.46
18040,17.28
18041,12.71
18042,22.11
18045,19.26
18046,0.02
18049,15.0
18051,7.99
18052,12.75
18053,18.27
18054,16.94
18055,19.98
18056,1.14
18058,53.22
18059,1.61
18062,20.99
18063,0.43
18064,38.51
18065,0.17
18066,44.1
18067,25.51
18069,14.14
18070,3.16
18071,31.11
18072,14.89
18073,18.02
18074,18.08
18076,1.22
18077,13.42
18078,15.55
18079,0.25
18080,30.19
18081,0.51
18083,0.69
18085,0.37
18086,0.14
18087,1.06
18088,19.05
18091,14.84
18092,15.02
18101,0.31
18102,2.98
18103,17.16
18104,22.95
18106,7.96
18109,8.25
18195,0.01
18201,17.47
18202,35.03
18210,35.83
18211,20.2
18212,0.75
18214,30.34
18216,7.5
18218,2.18
18219,0.81
18220,1.27
18221,2.14
18222,36.84
18223,1.21
18224,14.27
18225,0.04
18229,55.29
18230,2.06
18231,0.11
18232,2.07
18234,0.25
18235,86.91
18237,17.65
18239,0.03
18240,24.27
18241,1.05
18242,0.22
18244,1.05
18245,2.39
18246,2.18
18248,4.44
18249,33.03
18250,10.48
18252,68.01
18254,1.77
18255,72.26
18256,0.39
18301,38.1
18302,62.37
18321,3.03
18322,6.93
18323,1.98
18324,31.85
18325,42.99
18326,33.44
18327,0.56
18328,112.16
18330,14.47
18331,2.63
18332,14.42
18333,1.31
18334,23.95
18335,1.47
18336,11.51
18337,71.75
18340,4.32
18342,8.31
18343,20.36
18344,7.83
18346,17.96
18347,49.98
18349,0.86
18350,5.84
18351,0.33
18353,44.38
18354,3.64
18355,10.5
18356,0.91
18357,5.06
18360,86.49
18370,2.2
18371,7.76
18372,7.7
18403,19.24
18405,34.29
18407,41.51
18411,55.37
18413,0.52
18414,40.72
18415,34.34
18417,55.14
18419,38.3
18420,1.62
18421,37.29
18424,81.24
18425,23.34
18426,52.12
18428,151.07
18430,2.13
18431,134.75
18433,28.76
18434,6.1
18435,12.51
18436,98.84
18437,10.87
18438,8.24
18439,28.36
18440,0.37
18441,2.83
18443,13.17
18444,105.13
18445,32.79
18446,55.73
18447,19.91
18451,4.31
18452,1.88
18453,50.76
18454,4.14
18455,4.92
18456,4.59
18457,0.65
18458,55.07
18460,1.52
18461,19.41
18462,33.45
18463,2.52
18464,11.58
18465,49.55
18466,35.03
18469,11.07
18470,64.94
18471,2.01
18472,62.05
18473,0.78
18503,0.47
18504,10.24
18505,8.82
18507,9.64
18508,6.77
18509,2.96
18510,1.8
18512,11.29
18517,4.16
18518,4.05
18519,2.42
18602,1.9
18603,53.4
18610,33.12
18612,54.5
18614,153.54
18615,17.69
18616,67.04
18617,5.81
18618,21.17
18619,25.1
18621,44.95
18622,3.39
18623,57.68
18624,18.41
18625,0.24
18626,43.69
18627,0.0
18628,23.96
18629,79.63
18630,64.26
18631,1.42
18632,7.17
18634,14.31
18635,37.77
18636,37.7
18640,27.92
18641,4.55
18642,5.36
18643,18.27
18644,15.75
18651,12.05
18655,71.39
18656,59.64
18657,118.16
18660,46.22
18661,121.24
18701,0.5
18702,78.08
18704,10.12
18705,4.96
18706,26.26
18707,51.05
18708,16.0
18709,0.76
18801,179.64
18810,47.45
18812,29.01
18814,0.78
18816,1.2
18817,0.75
18818,41.73
18820,1.75
18821,3.78
18822,43.4
18823,1.22
18824,27.37
18825,3.71
18826,45.9
18828,7.24
18829,24.47
18830,23.46
18831,31.93
18832,59.18
18833,95.95
18834,65.43
18837,86.95
18840,41.2
18842,4.28
18843,1.4
18844,29.87
18845,10.89
18846,22.96
18847,129.65
18848,110.91
18850,62.33
18851,27.12
18853,106.59
18854,23.21
18901,20.97
18902,27.08
18912,1.22
18913,1.45
18914,17.6
18915,1.2
18917,0.75
18920,3.86
18921,0.37
18923,1.8
18925,9.9
18927,0.4
18929,7.33
18930,18.59
18932,1.3
18933,0.62
18935,0.21
18936,1.21
18938,40.89
18940,34.58
18942,20.27
18944,45.44
18946,1.25
18947,25.18
18950,0.53
18951,71.69
18954,6.43
18955,2.77
18960,19.05
18962,0.15
18964,9.45
18966,16.3
18969,16.39
18970,0.41
18972,23.12
18974,19.7
18976,10.67
18977,4.39
18980,0.83
19001,3.2
19002,20.21
19003,2.02
19004,2.69
19006,13.28
19007,7.47
19008,6.54
19009,1.31
19010,8.45
19012,1.75
19013,5.65
19014,9.26
19015,2.9
19017,0.5
19018,2.73
19020,17.27
19021,3.1
19022,1.31
19023,1.97
19025,3.23
19026,3.64
19027,3.93
19029,2.17
19030,5.05
19031,3.06
19032,1.25
19033,1.19
19034,7.12
19035,4.71
19036,1.56
19038,8.2
19040,5.95
19041,3.28
19043,0.4
19044,9.0
19046,6.68
19047,17.25
19050,3.66
19052,0.26
19053,10.54
19054,4.13
19055,2.82
19056,3.85
19057,4.44
19060,7.73
19061,7.0
19063,25.1
19064,7.15
19066,1.33
19067,31.51
19070,1.06
19072,3.18
19073,20.53
19074,0.78
19075,1.87
19076,0.75
19078,2.03
19079,1.62
19081,2.16
19082,2.58
19083,5.59
19085,6.23
19086,4.0
19087,15.62
19090,4.6
19094,0.82
19095,2.07
19096,3.49
19102,0.19
19103,0.65
19104,3.06
19106,0.85
19107,0.54
19108,0.01
19109,0.0
19111,4.85
19112,1.77
19113,0.67
19114,5.63
19115,5.16
19116,5.22
19118,3.21
19119,3.4
19120,3.23
19121,2.37
19122,1.29
19123,1.26
19124,5.14
19125,1.35
19126,1.19
19127,0.57
19128,6.98
19129,2.05
19130,1.24
19131,5.27
19132,2.15
19133,1.28
19134,3.45
19135,2.27
19136,4.8
19137,2.42
19138,1.76
19139,1.77
19140,3.15
19141,1.75
19142,1.75
19143,3.12
19144,3.59
19145,4.8
19146,1.72
19147,1.34
19148,4.23
19149,2.39
19150,1.48
19151,2.4
19152,2.88
19153,10.11
19154,6.4
19301,3.59
19310,13.38
19311,12.55
19312,9.57
19316,0.8
19317,21.84
19319,0.65
19320,81.58
19330,33.44
19333,3.7
19335,43.3
19341,13.69
19342,19.77
19343,27.58
19344,33.12
19345,0.36
19348,36.83
19350,27.98
19352,17.56
19355,38.29
19358,0.14
19362,29.45
19363,50.58
19365,16.49
19367,0.16
19369,0.06
19372,0.94
19373,3.22
19374,1.55
19375,0.46
19380,30.47
19382,46.13
19383,0.42
19390,29.31
19401,6.15
19403,22.37
19405,1.03
19406,13.44
19422,12.27
19425,26.8
19426,34.03
19428,7.31
19435,1.19
19436,0.21
19437,1.16
19438,22.21
19440,11.34
19442,0.07
19444,4.83
19446,22.56
19453,0.72
19454,12.35
19456,0.19
19457,0.26
19460,34.53
19462,8.3
19464,25.64
19465,35.54
19468,16.92
19472,0.65
19473,24.32
19474,0.15
19475,16.45
19477,0.07
19490,0.73
19492,1.66
19501,0.98
19503,1.61
19504,23.18
19505,7.89
19506,63.33
19507,40.61
19508,40.67
19510,5.15
19511,0.31
19512,43.27
19516,0.09
19518,35.8
19520,37.54
19522,46.58
19523,1.01
19525,17.1
19526,57.48
19529,53.5
19530,54.61
19533,17.26
19534,25.05
19535,0.76
19536,0.37
19538,0.47
19539,21.63
19540,35.21
19541,21.68
19543,21.42
19544,0.17
19545,0.02
19547,28.54
19549,0.76
19550,1.55
19551,25.33
19554,0.45
19555,14.93
19559,0.58
19560,9.33
19562,1.14
19564,0.33
19565,18.01
19567,22.68
19601,3.76
19602,2.04
19604,2.49
19605,17.59
19606,26.65
19607,11.22
19608,26.3
19609,2.3
19610,7.09
19611,2.03
19701,26.57
19702,28.09
19703,3.97
19706,2.53
19707,13.18
19709,77.65
19710,0.48
19711,27.41
19713,13.0
19716,0.62
19717,0.26
19720,38.3
19730,0.67
19731,2.53
19732,1.76
19733,0.11
19734,79.86
19735,0.45
19736,0.15
19801,4.4
19802,3.48
19803,12.66
19804,7.18
19805,5.52
19806,1.7
19807,18.17
19808,13.75
19809,6.76
19810,7.9
19901,75.8
19902,3.95
19904,43.19
19930,5.86
19931,1.19
19933,67.26
19934,46.59
19936,0.21
19938,48.21
19939,25.97
19940,41.31
19941,30.29
19943,62.44
19944,1.24
19945,62.32
19946,23.07
19947,119.22
19950,72.39
19951,8.93
19952,90.96
19953,29.9
19954,9.77
19955,0.1
19956,100.4
19958,47.27
19960,30.29
19962,14.61
19963,105.12
19964,8.12
19966,89.08
19967,1.63
19968,63.9
19970,9.33
19971,17.96
19973,84.0
19975,25.54
19977,83.11
19979,3.28
19980,0.23
20001,2.05
20002,5.14
20003,2.27
20004,0.19
20005,0.43
20006,0.35
20007,3.09
20008,3.09
20009,1.32
20010,0.99
20011,5.36
20012,2.06
20015,3.48
20016,4.43
20017,2.22
20018,3.02
20019,6.14
20020,4.6
20024,2.19
20032,5.25
20036,0.32
20037,0.73
20045,0.01
20052,0.04
20057,0.16
20059,0.11
20064,0.19
20105,35.66
20106,53.44
20109,23.83
20110,12.84
20111,16.41
20112,33.89
20115,98.63
20117,48.61
20119,64.91
20120,17.98
20121,8.66
20124,21.69
20129,4.28
20130,11.05
20132,84.56
20135,38.63
20136,13.83
20137,18.49
20141,26.01
20143,6.38
20144,44.61
20147,19.85
20148,19.39
20151,15.86
20152,13.32
20155,25.48
20158,13.25
20164,7.61
20165,9.85
20166,27.19
20169,37.43
20170,8.76
20171,11.62
20175,59.01
20176,54.9
20180,43.04
20181,77.9
20184,36.07
20186,58.68
20187,51.07
20190,4.36
20191,7.76
20194,3.12
20197,14.69
20198,69.56
20204,0.01
20220,0.02
20230,0.09
20240,0.01
20245,0.02
20250,0.03
20260,0.02
20317,0.35
20319,0.14
20373,0.5
20388,0.03
20390,0.0
20408,0.01
20415,0.01
20418,0.01
20422,0.12
20427,0.01
20431,0.01
20510,0.01
20515,0.04
20520,0.03
20530,0.02
20535,0.01
20540,0.03
20542,0.01
20551,0.01
20560,0.11
20565,0.15
20566,0.06
20591,0.01
20601,47.83
20602,14.48
20603,16.2
20606,0.91
20607,19.64
20608,17.67
20609,10.02
20611,8.31
20612,0.23
20613,72.41
20615,0.73
20616,9.69
20617,6.0
20618,7.58
20619,16.06
20620,4.29
20621,13.86
20622,36.53
20623,1.92
20624,10.39
20625,0.49
20626,1.53
20628,6.49
20629,0.84
20630,6.94
20632,6.57
20634,6.99
20636,34.36
20637,32.72
20639,41.59
20640,41.72
20645,1.38
20646,79.77
20650,61.42
20653,33.18
20656,0.58
20657,29.86
20658,4.37
20659,97.01
20660,0.9
20661,0.0
20662,56.41
20664,40.87
20667,2.39
20670,9.35
20674,1.86
20675,7.13
20676,14.43
20677,15.65
20678,44.87
20680,7.88
20684,8.34
20685,22.9
20686,0.27
20687,4.99
20688,1.15
20689,7.71
20690,1.67
20692,7.19
20693,20.18
20695,14.39
20701,2.2
20705,14.45
20706,10.05
20707,12.65
20708,12.16
20710,1.12
20711,33.81
20712,0.73
20714,1.42
20715,14.05
20716,11.5
20720,14.74
20721,16.83
20722,1.47
20723,13.02
20724,18.82
20732,11.15
20733,3.6
20735,25.93
20736,24.74
20737,3.17
20740,8.78
20742,0.32
20743,9.64
20744,26.09
20745,6.51
20746,7.57
20747,7.9
20748,9.3
20751,5.19
20754,16.03
20755,10.54
20758,4.86
20759,6.28
20762,5.83
20763,1.07
20764,3.98
20765,0.47
20769,6.49
20770,7.3
20771,1.35
20772,72.47
20774,34.88
20776,21.61
20777,7.54
20778,7.64
20779,6.82
20781,2.46
20782,4.25
20783,5.84
20784,4.14
20785,10.12
20794,9.64
20812,0.18
20814,4.46
20815,5.38
20816,3.56
20817,14.04
20818,0.93
20832,9.61
20833,19.11
20837,40.28
20838,0.94
20839,3.05
20841,27.14
20842,55.65
20850,14.12
20851,2.54
20852,8.07
20853,9.03
20854,33.81
20855,13.07
20860,3.61
20861,5.18
20862,1.58
20866,7.03
20868,1.63
20871,22.88
20872,19.89
20874,22.67
20876,10.85
20877,5.64
20878,20.45
20879,8.62
20880,0.33
20882,37.75
20886,4.1
20889,0.39
20892,0.12
20894,0.13
20895,4.07
20896,0.34
20899,0.11
20901,5.35
20902,7.56
20903,3.41
20904,13.73
20905,11.79
20906,12.73
20910,4.6
20912,2.68
21001,29.96
21005,33.35
21009,11.4
21010,7.25
21012,9.78
21013,15.0
21014,13.92
21015,31.25
21017,2.68
21023,1.07
21028,12.86
21029,16.92
21030,24.05
21031,0.93
21032,17.29
21034,26.67
21035,31.05
21036,6.25
21037,16.8
21040,9.81
21042,37.0
21043,17.1
21044,11.89
21045,9.7
21046,7.81
21047,22.55
21048,27.26
21050,29.0
21051,0.4
21052,0.4
21053,21.7
21054,15.91
21056,1.38
21057,15.89
21060,12.98
21061,12.19
21071,1.5
21074,37.69
21075,13.93
21076,13.14
21077,0.44
21078,30.1
21082,6.01
21084,23.76
21085,18.97
21087,14.63
21090,6.64
21093,20.23
21102,40.64
21104,17.05
21105,0.09
21108,12.91
21111,35.35
21113,14.95
21114,5.78
21117,29.72
21120,42.0
21122,31.38
21128,6.81
21130,0.55
21131,21.03
21132,22.36
21133,8.96
21136,56.2
21140,1.42
21144,16.51
21146,10.14
21152,24.2
21153,2.87
21154,39.34
21155,22.12
21156,1.05
21157,77.69
21158,73.32
21160,15.51
21161,48.52
21162,7.13
21163,13.64
21201,1.27
21202,1.62
21204,6.26
21205,2.05
21206,7.25
21207,10.35
21208,12.56
21209,6.46
21210,3.45
21211,2.87
21212,4.59
21213,3.43
21214,2.79
21215,6.81
21216,3.3
21217,2.12
21218,4.33
21219,12.13
21220,21.18
21221,15.03
21222,11.5
21223,2.63
21224,9.33
21225,6.46
21226,9.78
21227,11.33
21228,15.58
21229,5.94
21230,6.32
21231,0.87
21233,0.03
21234,13.35
21236,8.92
21237,11.25
21239,2.93
21240,4.51
21244,14.14
21250,0.25
21251,0.12
21252,0.25
21285,0.18
21286,8.59
21287,0.0
21401,19.93
21402,1.87
21403,9.28
21405,1.02
21409,14.0
21502,92.09
21520,56.69
21521,23.82
21523,0.75
21524,3.59
21529,0.92
21530,60.89
21531,61.16
21532,74.13
21536,97.88
21538,17.87
21539,37.08
21540,0.27
21541,23.07
21542,0.02
21543,2.47
21545,15.91
21550,205.46
21555,98.29
21557,26.7
21560,0.56
21561,101.85
21562,28.89
21601,107.07
21607,14.9
21610,1.06
21612,5.54
21613,153.67
21617,108.48
21619,9.29
21620,118.74
21622,64.37
21623,36.27
21624,2.32
21625,41.11
21626,25.56
21627,1.68
21628,0.94
21629,83.62
21631,24.14
21632,77.82
21634,4.52
21635,30.77
21636,23.51
21638,9.9
21639,33.09
21640,25.66
21641,0.14
21643,46.18
21644,3.62
21645,41.84
21647,3.36
21648,9.38
21649,21.02
21650,9.66
21651,40.58
21652,0.52
21653,0.18
21654,11.1
21655,52.72
21657,30.43
21658,38.97
21659,43.77
21660,32.66
21661,33.04
21662,8.37
21663,12.19
21664,0.29
21665,5.27
21666,21.87
21667,6.97
21668,45.29
21669,14.78
21671,2.11
21672,9.76
21673,51.8
21675,2.8
21676,3.99
21677,13.1
21678,36.85
21679,7.81
21701,39.7
21702,41.72
21703,32.03
21704,26.63
21705,0.02
21710,29.38
21711,24.56
21713,39.56
21714,0.44
21715,0.25
21716,2.73
21717,0.61
21718,0.33
21719,4.14
21722,56.92
21723,3.61
21727,31.35
21733,5.84
21734,0.48
21737,5.12
21738,6.98
21740,70.88
21742,46.5
21746,0.26
21750,61.61
21754,21.83
21755,34.32
21756,23.29
21757,35.17
21758,32.02
21762,0.45
21766,40.94
21767,0.34
21769,40.13
21770,11.45
21771,89.52
21773,36.29
21774,14.16
21776,35.45
21777,1.1
21778,18.24
21779,9.73
21780,22.06
21781,0.24
21782,29.31
21783,47.6
21784,56.13
21787,61.08
21788,65.44
21790,4.77
21791,46.04
21793,21.36
21794,8.16
21795,32.14
21797,43.68
21798,16.3
21801,40.11
21804,68.59
21810,0.47
21811,101.5
21813,27.43
21814,3.56
21817,14.46
21821,14.74
21822,38.28
21824,2.28
21826,4.04
21829,16.76
21830,32.89
21835,10.6
21837,43.86
21838,54.85
21840,5.27
21841,28.22
21842,9.16
21849,36.86
21850,28.08
21851,103.63
21853,114.78
21856,33.48
21861,2.6
21862,1.05
21863,122.53
21864,22.7
21865,18.38
21866,0.12
21867,0.24
21869,86.94
21871,67.12
21872,16.38
21874,28.27
21875,24.37
21890,0.35
21901,48.55
21902,0.87
21903,12.72
21904,23.6
21911,37.44
21912,33.87
21913,1.21
21914,0.73
21915,22.76
21917,7.82
21918,17.57
21919,42.79
21920,0.99
21921,94.73
21930,0.74
22003,12.63
22015,8.49
22025,9.63
22026,8.39
22027,0.64
22030,19.44
22031,7.13
22032,7.22
22033,7.82
22035,0.04
22039,23.62
22041,2.77
22042,6.42
22043,4.67
22044,2.14
22046,2.72
22060,13.13
22066,25.58
22079,28.42
22101,13.1
22102,12.31
22124,10.33
22125,0.15
22134,47.14
22150,7.62
22151,5.09
22152,6.03
22153,8.86
22172,20.6
22180,5.89
22181,5.58
22182,12.49
22191,15.43
22192,19.2
22193,18.28
22201,2.29
22202,3.92
22203,1.57
22204,4.12
22205,2.73
22206,2.06
22207,6.45
22209,0.75
22211,1.08
22213,0.59
22214,0.48
22301,1.39
22302,2.27
22303,1.92
22304,4.85
22305,1.33
22306,6.79
22307,3.11
22308,4.44
22309,7.53
22310,6.74
22311,1.55
22312,5.13
22314,3.7
22315,5.51
22401,10.37
22405,53.31
22406,72.71
22407,61.01
22408,47.34
22427,105.71
22432,3.16
22433,3.74
22435,25.48
22436,29.19
22437,37.25
22438,41.12
22443,59.26
22448,4.1
22454,44.87
22460,57.64
22469,30.48
22472,0.26
22473,114.41
22476,17.52
22480,2.47
22482,30.4
22485,175.76
22488,25.14
22503,86.75
22504,12.48
22508,57.55
22509,14.73
22511,15.88
22514,77.06
22520,96.49
22529,7.65
22534,33.16
22535,43.18
22538,24.3
22539,16.91
22542,17.06
22546,163.84
22548,0.99
22551,168.16
22553,43.58
22554,64.12
22556,46.35
22560,99.11
22567,45.25
22572,140.89
22576,12.34
22578,18.71
22580,94.85
22601,9.77
22602,113.46
22603,98.56
22610,52.31
22611,82.82
22620,45.71
22623,1.2
22624,20.53
22625,42.22
22627,32.04
22630,121.92
22637,42.15
22639,32.69
22640,24.01
22641,4.82
22642,28.37
22643,21.22
22644,60.52
22645,36.37
22646,1.01
22650,29.38
22652,69.71
22654,41.5
22655,35.44
22656,8.79
22657,57.73
22660,11.97
22663,21.53
22664,45.35
22701,172.24
22709,11.71
22711,2.29
22712,36.28
22713,22.28
22714,20.93
22715,7.22
22716,25.35
22718,25.0
22719,19.08
22720,13.84
22722,2.62
22723,3.76
22724,16.45
22725,0.72
22726,16.93
22727,106.31
22728,48.45
22729,10.23
22730,4.04
22731,1.9
22732,4.0
22733,44.65
22734,35.79
22735,31.88
22736,24.25
22737,41.45
22738,24.19
22740,73.55
22741,6.53
22742,19.96
22743,57.9
22746,2.91
22747,40.96
22749,28.94
22801,33.92
22802,90.98
22807,0.65
22810,19.12
22811,28.67
22812,49.8
22815,70.87
22820,19.33
22821,72.5
22824,85.48
22827,158.85
22830,116.98
22831,69.88
22832,20.82
22834,18.92
22835,149.6
22840,31.41
22841,30.06
22842,81.7
22843,105.45
22844,49.6
22845,6.66
22846,11.12
22847,14.33
22849,46.11
22850,13.4
22851,54.99
22853,38.99
22901,52.17
22902,64.32
22903,69.0
22904,0.26
22908,0.01
22911,51.39
22920,77.47
22922,46.47
22923,47.4
22931,13.99
22932,101.52
22935,22.25
22936,37.36
22937,50.04
22938,36.27
22939,17.67
22940,35.0
22942,117.69
22943,11.5
22946,1.88
22947,48.31
22948,6.89
22949,40.35
22952,46.1
22957,1.44
22958,28.74
22959,46.43
22960,121.86
22963,124.66
22964,3.6
22967,96.96
22968,37.08
22969,45.21
22971,55.95
22972,16.46
22973,103.4
22974,36.06
22976,19.28
22980,74.53
22989,1.74
23002,256.11
23004,38.39
23005,69.28
23009,81.17
23011,20.78
23015,87.2
23021,1.4
23022,25.87
23023,22.75
23024,107.79
23025,4.39
23027,43.74
23030,149.29
23032,17.33
23035,10.85
23038,75.11
23039,15.34
23040,148.15
23043,6.81
23045,3.47
23047,43.07
23050,7.73
23055,13.97
23056,6.87
23059,45.83
23060,15.23
23061,158.04
23062,1.54
23063,102.54
23065,16.99
23066,2.34
23068,0.84
23069,69.14
23070,3.16
23071,12.2
23072,35.6
23075,4.61
23076,2.89
23079,21.48
23081,2.99
23083,62.07
23084,39.04
23085,42.82
23086,82.69
23089,60.5
23091,26.09
23092,5.76
23093,203.41
23102,27.44
23103,38.42
23106,23.76
23108,9.06
23109,20.29
23110,21.0
23111,77.16
23112,32.06
23113,36.47
23114,12.14
23116,54.98
23117,143.1
23119,2.24
23120,63.18
23123,43.21
23124,53.33
23126,22.21
23128,8.55
23129,4.01
23130,3.15
23138,11.33
23139,240.49
23140,72.28
23141,35.17
23146,32.27
23147,0.06
23148,58.29
23149,52.49
23150,29.49
23153,13.28
23156,42.07
23160,1.73
23161,9.31
23163,1.53
23168,29.79
23169,8.74
23173,0.33
23175,15.9
23176,4.64
23177,20.71
23180,9.47
23181,65.28
23185,57.24
23188,97.26
23192,67.95
23219,1.33
23220,4.84
23221,3.3
23222,8.16
23223,16.67
23224,11.56
23225,13.95
23226,5.63
23227,11.48
23228,11.1
23229,14.01
23230,4.26
23231,88.19
23233,12.89
23234,19.11
23235,17.8
23236,14.54
23237,21.58
23238,21.19
23250,2.97
23284,0.12
23294,4.24
23298,0.11
23301,28.83
23302,2.3
23303,5.65
23304,0.18
23306,11.81
23307,8.39
23308,35.24
23310,65.13
23314,19.46
23315,30.02
23316,0.55
23320,31.74
23321,26.66
23322,187.77
23323,81.92
23324,6.65
23325,3.77
23336,19.32
23337,6.09
23347,10.64
23350,32.88
23354,6.32
23356,3.55
23357,5.76
23358,5.54
23359,13.18
23389,0.89
23395,7.29
23398,1.29
23401,2.14
23405,25.69
23407,6.05
23408,1.07
23409,7.89
23410,28.45
23413,7.43
23414,0.32
23415,31.58
23416,6.97
23417,47.32
23418,13.57
23420,35.65
23421,32.24
23422,3.52
23423,14.59
23426,3.99
23427,4.88
23430,104.11
23432,13.58
23433,1.71
23434,206.77
23435,35.68
23436,1.56
23437,100.12
23438,39.71
23440,1.59
23441,0.2
23442,17.53
23451,19.77
23452,15.13
23453,9.12
23454,22.49
23455,15.18
23456,50.14
23457,67.89
23459,1.68
23460,5.99
23461,1.26
23462,11.03
23464,16.67
23480,1.93
23486,0.35
23487,95.38
23488,7.25
23502,9.91
23503,5.05
23504,4.09
23505,6.57
23507,0.91
23508,3.34
23509,2.54
23510,1.15
23511,5.11
23513,5.07
23517,0.83
23518,6.13
23523,2.09
23551,0.49
23601,7.44
23602,13.15
23603,6.95
23604,12.11
23605,3.67
23606,9.66
23607,6.0
23608,10.75
23651,0.79
23661,4.73
23662,15.36
23663,2.81
23664,5.38
23665,4.91
23666,19.39
23667,0.09
23668,0.05
23669,12.09
23681,1.19
23690,11.47
23691,10.77
23692,19.42
23693,13.66
23696,5.6
23701,7.72
23702,2.4
23703,13.94
23704,4.52
23707,3.9
23708,0.17
23709,0.63
23801,6.63
23803,72.18
23805,71.5
23821,67.4
23824,197.02
23827,41.86
23828,41.11
23829,80.56
23830,50.34
23831,23.65
23832,41.53
23833,58.34
23834,23.77
23836,26.58
23837,110.42
23838,98.77
23839,34.35
23840,52.3
23841,75.59
23842,139.59
23843,27.16
23844,43.29
23845,12.07
23846,42.6
23847,275.11
23850,45.86
23851,108.7
23856,51.18
23857,14.41
23860,45.23
23866,83.64
23867,97.21
23868,120.46
23870,1.41
23872,99.69
23874,46.68
23875,35.6
23876,36.04
23878,36.62
23879,34.31
23881,108.5
23882,146.96
23883,52.07
23884,0.37
23885,34.17
23887,19.46
23888,86.65
23889,30.76
23890,196.61
23891,0.83
23893,22.17
23894,28.01
23897,62.38
23898,50.24
23899,2.51
23901,193.18
23909,0.09
23915,35.56
23917,107.94
23919,26.77
23920,127.65
23921,81.57
23922,73.48
23923,91.33
23924,141.43
23927,72.12
23930,100.33
23934,40.58
23936,207.21
23937,67.4
23938,21.89
23942,61.91
23943,0.3
23944,127.76
23947,144.97
23950,66.5
23952,15.17
23954,67.22
23955,1.18
23958,97.59
23959,53.41
23960,42.66
23962,53.19
23963,20.77
23964,45.47
23966,59.49
23967,41.5
23968,35.37
23970,121.54
23974,88.45
23976,8.65
24011,0.17
24012,20.33
24013,2.18
24014,27.3
24015,4.68
24016,2.99
24017,9.02
24018,42.78
24019,30.24
24020,0.36
24022,0.04
24053,50.12
24054,109.47
24055,86.61
24058,2.68
24059,25.51
24060,130.82
24061,1.08
24064,34.42
24065,81.81
24066,157.4
24067,62.3
24069,31.09
24070,61.52
24072,29.97
24073,89.62
24076,38.83
24077,0.58
24078,6.91
24079,38.81
24082,10.55
24083,10.06
24084,113.5
24085,165.93
24086,6.53
24087,45.72
24088,112.34
24089,12.33
24090,91.01
24091,171.11
24092,36.98
24093,5.26
24095,25.08
24101,55.57
24102,32.39
24104,73.92
24105,20.34
24112,151.29
24120,75.81
24121,91.82
24122,29.59
24124,77.4
24127,219.62
24128,73.67
24129,0.04
24131,45.63
24132,14.49
24133,40.58
24134,104.16
24136,34.47
24137,71.55
24138,25.12
24139,24.33
24141,65.57
24142,0.11
24147,6.16
24148,70.94
24149,55.11
24150,66.42
24151,165.4
24153,101.22
24161,28.35
24162,46.81
24165,40.81
24167,6.18
24168,1.16
24171,199.12
24174,31.46
24175,80.41
24176,22.0
24179,47.51
24184,41.37
24185,35.35
24201,10.11
24202,128.83
24210,144.11
24211,70.22
24216,69.7
24217,26.28
24219,72.75
24220,22.45
24221,51.56
24224,105.34
24225,60.59
24226,26.12
24228,92.39
24230,124.12
24236,59.9
24237,54.32
24239,2.62
24243,22.97
24244,169.4
24245,57.49
24246,0.4
24248,54.73
24250,57.53
24251,117.16
24256,54.72
24258,39.45
24260,100.97
24263,118.7
24265,39.23
24266,125.85
24269,7.68
24270,19.29
24271,63.97
24272,23.22
24273,64.49
24277,53.18
24279,79.27
24280,9.99
24281,52.29
24282,15.38
24283,25.85
24290,5.02
24292,26.02
24293,56.65
24301,85.41
24311,31.66
24312,35.83
24313,7.61
24314,96.36
24315,171.08
24316,5.09
24317,38.9
24318,71.79
24319,62.4
24322,17.74
24323,20.06
24324,39.23
24325,47.89
24326,51.68
24327,0.28
24328,38.24
24330,42.77
24333,144.89
24340,66.57
24343,126.02
24347,81.63
24348,101.89
24350,48.75
24351,11.38
24352,29.58
24354,119.66
24360,92.36
24361,54.58
24363,76.43
24366,20.88
24368,86.64
24370,151.73
24374,25.93
24375,62.89
24377,35.2
24378,82.18
24380,94.49
24381,50.81
24382,189.95
24401,132.4
24411,1.84
24412,3.37
24413,23.71
24415,2.24
24416,61.72
24421,74.49
24422,79.52
24426,363.74
24430,23.63
24431,14.92
24432,41.64
24433,16.24
24435,25.95
24437,10.96
24439,122.0
24440,25.93
24441,52.94
24442,41.53
24445,96.42
24448,0.31
24450,219.96
24457,1.16
24458,68.8
24459,48.02
24460,250.64
24464,27.19
24465,190.47
24467,24.24
24469,0.13
24471,16.47
24472,71.06
24473,46.63
24474,0.59
24476,7.37
24477,48.91
24479,61.25
24482,16.58
24483,70.85
24484,177.5
24485,84.78
24486,24.2
24487,91.17
24501,36.33
24502,29.9
24503,36.72
24504,37.52
24515,0.67
24517,32.63
24520,94.75
24521,217.14
24522,199.96
24523,229.94
24526,70.91
24527,30.93
24528,99.54
24529,36.66
24530,35.96
24531,196.9
24534,57.49
24536,9.45
24538,87.02
24539,9.99
24540,75.04
24541,75.16
24549,51.49
24550,63.34
24551,74.18
24553,136.21
24554,125.58
24555,22.85
24556,39.61
24557,162.48
24558,94.94
24562,22.85
24563,68.74
24565,58.15
24566,37.22
24569,33.93
24570,0.92
24571,51.0
24572,66.32
24574,106.44
24577,187.28
24578,35.32
24579,33.12
24580,21.05
24581,3.27
24586,53.66
24588,72.14
24589,75.73
24590,161.95
24592,125.51
24593,34.92
24594,55.14
24595,1.51
24597,49.42
24598,73.95
24599,48.53
24601,0.31
24602,53.18
24603,19.93
24604,3.76
24605,49.05
24606,2.35
24607,14.42
24609,83.8
24612,1.08
24613,11.82
24614,132.28
24620,71.29
24622,54.06
24630,66.73
24631,53.47
24634,14.85
24635,6.69
24637,32.02
24639,48.01
24641,19.35
24646,12.63
24649,32.39
24651,151.96
24656,69.74
24657,16.05
24701,61.21
24712,11.85
24714,13.63
24715,8.03
24716,2.94
24719,1.02
24724,0.89
24726,49.62
24729,7.97
24731,1.3
24733,3.38
24736,27.97
24737,10.19
24738,0.17
24739,125.43
24740,30.62
24747,42.73
24801,106.01
24808,16.67
24811,31.57
24813,9.12
24815,11.97
24816,0.47
24817,22.65
24818,25.79
24822,19.85
24823,10.72
24826,4.9
24827,29.62
24828,14.98
24830,4.06
24831,13.05
24834,18.31
24836,8.2
24839,16.86
24843,3.26
24844,57.08
24845,7.28
24846,9.7
24847,0.99
24848,1.97
24849,9.28
24850,6.95
24851,1.33
24853,21.14
24854,8.77
24855,0.05
24857,17.88
24860,5.9
24861,3.76
24862,12.44
24866,18.21
24867,15.99
24868,33.64
24869,7.46
24870,34.77
24871,34.87
24872,32.98
24873,9.45
24874,21.91
24878,10.07
24879,4.56
24880,4.33
24881,13.72
24882,13.18
24884,21.86
24887,0.78
24888,4.69
24892,38.03
24894,16.96
24895,2.61
24898,2.29
24901,93.21
24910,134.6
24915,42.86
24916,16.35
24918,37.27
24920,91.29
24924,18.02
24925,38.95
24927,69.58
24931,48.38
24934,73.23
24935,21.56
24938,29.67
24941,78.6
24943,2.82
24944,36.61
24945,19.45
24946,167.85
24951,52.42
24954,291.35
24957,8.11
24962,2.93
24963,50.11
24966,119.16
24970,38.1
24974,6.72
24976,37.48
24977,18.54
24981,7.85
24983,99.56
24984,45.97
24985,14.41
24986,240.52
24991,34.21
24993,1.98
25002,0.26
25003,37.17
25005,7.36
25007,5.37
25008,13.75
25009,28.33
25011,0.91
25015,29.86
25019,24.53
25021,10.64
25022,21.58
25024,4.66
25025,17.4
25028,4.93
25030,13.01
25031,1.34
25033,24.87
25035,12.39
25036,14.68
25039,18.0
25040,3.81
25043,98.0
25044,6.66
25045,131.03
25047,7.92
25048,5.85
25049,17.19
25051,0.44
25053,48.92
25054,0.21
25057,7.16
25059,5.2
25060,4.87
25061,15.68
25062,3.89
25063,73.81
25064,6.69
25067,0.86
25070,4.9
25071,112.56
25075,59.0
25076,7.94
25081,15.43
25082,51.85
25083,27.21
25085,13.95
25086,1.38
25088,15.96
25090,1.95
25093,14.46
25102,4.64
25103,4.17
25106,15.86
25107,17.66
25108,6.18
25109,0.3
25110,14.19
25111,27.94
25112,0.05
25113,34.0
25114,10.64
25115,8.08
25118,5.54
25119,9.95
25121,30.97
25123,116.87
25124,32.69
25125,28.78
25126,0.59
25130,24.78
25132,13.88
25133,22.13
25134,19.91
25136,5.14
25139,8.06
25140,55.78
25141,6.62
25142,4.97
25143,8.88
25148,30.13
25149,10.16
25152,9.8
25154,16.52
25156,0.03
25159,34.09
25160,30.84
25161,14.87
25162,0.33
25164,38.02
25165,4.24
25168,31.89
25169,6.49
25173,10.78
25174,9.27
25177,31.57
25180,3.64
25181,56.57
25183,13.13
25185,2.66
25186,1.78
25187,39.97
25193,3.27
25201,1.69
25202,13.09
25203,2.19
25204,14.68
25205,7.18
25206,6.35
25208,72.33
25209,25.65
25211,11.67
25213,35.87
25214,6.61
25231,4.72
25234,45.13
25235,39.92
25239,28.89
25241,23.41
25243,54.56
25244,31.7
25245,33.26
25247,1.27
25248,66.01
25251,14.94
25252,65.03
25253,47.12
25259,43.42
25260,2.16
25261,9.97
25262,3.95
25264,7.07
25265,2.38
25266,35.0
25267,71.79
25268,39.57
25270,41.0
25271,95.55
25275,60.33
25276,164.79
25285,16.0
25286,59.36
25287,21.93
25301,1.34
25302,12.44
25303,3.57
25304,9.66
25305,0.05
25306,37.14
25309,31.1
25311,25.68
25312,71.03
25313,20.25
25314,32.7
25315,20.24
25320,60.67
25387,5.49
25401,5.85
25403,40.43
25404,37.92
25405,21.68
25411,139.66
25413,22.87
25414,56.57
25419,17.49
25420,29.8
25421,0.98
25422,66.14
25425,43.88
25427,130.87
25428,21.96
25430,45.95
25431,8.67
25432,0.07
25434,74.58
25437,18.98
25438,9.78
25442,14.56
25443,30.68
25444,15.28
25446,14.77
25501,26.02
25502,24.3
25503,15.15
25504,52.24
25505,3.26
25506,101.91
25507,0.69
25508,74.2
25510,33.07
25511,81.52
25512,48.78
25514,76.56
25515,45.57
25517,40.24
25520,37.97
25521,31.74
25523,38.93
25524,97.0
25526,91.26
25529,32.88
25530,14.88
25534,21.15
25535,15.63
25537,23.25
25540,15.14
25541,70.1
25544,2.64
25545,26.38
25547,5.04
25550,49.28
25555,37.69
25557,44.22
25559,19.78
25560,21.22
25564,17.56
25565,38.76
25567,14.71
25570,76.49
25571,26.58
25573,11.23
25601,20.86
25606,7.23
25607,12.68
25608,10.26
25611,8.3
25612,1.15
25617,7.23
25621,44.58
25624,2.04
25625,17.81
25628,2.17
25630,19.84
25632,23.58
25634,4.33
25635,28.19
25637,4.59
25638,16.24
25639,6.02
25644,22.98
25646,24.14
25647,2.63
25649,12.48
25650,20.57
25651,31.7
25652,14.5
25653,1.11
25654,11.58
25661,41.6
25666,8.97
25667,2.01
25669,14.29
25670,64.43
25671,47.36
25672,8.2
25674,51.3
25676,33.06
25678,19.47
25685,15.69
25688,3.49
25690,5.0
25692,20.63
25696,20.07
25699,19.66
25701,38.93
25702,10.95
25703,1.02
25704,30.89
25705,11.58
25755,0.09
25801,99.14
25810,0.4
25811,21.03
25812,8.98
25813,45.93
25817,5.67
25818,0.51
25820,30.63
25823,19.17
25825,22.18
25826,0.91
25827,5.53
25831,57.93
25832,12.54
25836,8.0
25837,6.18
25839,5.07
25840,64.11
25841,31.39
25843,14.42
25844,14.76
25845,11.2
25846,1.28
25848,9.48
25849,0.69
25851,0.18
25853,14.54
25854,27.56
25855,0.47
25857,10.85
25862,3.25
25864,20.88
25865,30.46
25866,2.27
25868,12.85
25870,21.86
25871,0.68
25873,0.69
25875,11.99
25876,2.02
25878,4.64
25879,1.67
25880,29.24
25882,9.4
25901,38.4
25902,25.77
25904,18.77
25907,1.85
25908,1.77
25909,0.46
25911,0.75
25913,1.99
25915,3.85
25916,1.43
25917,44.09
25918,62.89
25920,5.67
25921,12.84
25922,2.76
25928,14.61
25932,2.78
25936,12.74
25938,43.4
25942,15.63
25943,0.55
25951,113.6
25958,20.17
25962,75.88
25966,18.16
25969,37.54
25971,18.31
25972,6.97
25976,73.91
25977,3.76
25978,14.97
25979,45.45
25981,57.54
25984,56.2
25985,19.87
25986,17.39
25989,4.33
26003,91.1
26030,1.18
26031,5.02
26032,11.49
26033,96.25
26034,15.11
26035,17.48
26036,11.54
26037,6.81
26038,6.1
26039,35.94
26040,0.75
26041,63.01
26047,41.6
26050,2.38
26055,73.75
26056,2.25
26058,0.16
26059,23.31
26060,24.31
26062,27.72
26070,39.97
26074,0.98
26075,3.07
26101,30.8
26104,37.05
26105,11.91
26133,40.28
26134,0.8
26136,16.18
26137,51.1
26138,11.17
26141,38.64
26142,10.59
26143,134.23
26146,46.05
26147,46.1
26148,18.05
26149,72.05
26150,43.96
26151,26.19
26152,9.87
26155,113.91
26159,1.02
26160,68.42
26161,49.32
26162,1.18
26164,102.25
26167,33.38
26169,26.0
26170,108.44
26175,41.25
26178,37.19
26180,66.99
26181,38.93
26184,39.27
26187,21.53
26201,175.82
26202,17.51
26203,38.58
26205,22.67
26206,112.1
26208,39.84
26209,40.31
26210,0.28
26215,4.17
26217,28.85
26218,69.18
26222,77.92
26224,30.9
26228,9.06
26230,46.16
26234,46.01
26236,9.76
26237,35.31
26238,20.87
26241,104.67
26250,91.42
26253,59.95
26254,118.95
26257,15.75
26259,12.01
26260,143.66
26261,165.25
26263,37.19
26264,70.26
26266,4.02
26267,23.32
26268,56.97
26269,23.41
26270,111.53
26271,23.35
26273,96.3
26275,4.54
26276,23.13
26278,69.3
26280,67.92
26282,69.77
26283,52.47
26285,12.86
26287,148.72
26288,235.0
26289,3.77
26291,30.42
26292,28.67
26293,5.75
26294,64.26
26296,22.63
26298,17.41
26301,77.1
26320,58.65
26321,23.92
26323,1.08
26325,24.15
26327,10.16
26330,70.67
26335,43.58
26337,65.09
26338,39.21
26339,18.41
26342,52.2
26343,27.24
26346,24.25
26347,40.93
26348,11.62
26349,1.61
26351,70.75
26354,92.79
26361,0.28
26362,105.8
26366,0.3
26369,1.97
26372,31.39
26374,35.95
26376,35.77
26377,61.53
26378,71.38
26384,28.71
26385,59.37
26386,29.23
26404,1.26
26405,62.37
26408,30.27
26410,22.22
26411,78.85
26412,49.16
26415,100.99
26416,141.04
26419,26.39
26421,17.09
26422,2.59
26424,3.54
26425,55.82
26426,136.39
26430,14.52
26431,30.18
26435,0.1
26436,2.65
26437,29.15
26438,0.49
26440,40.21
26443,20.89
26444,63.14
26447,73.32
26448,38.25
26451,0.54
26452,117.65
26456,142.0
26463,5.99
26501,58.54
26505,12.65
26506,0.24
26508,123.13
26519,60.26
26520,2.93
26521,1.93
26524,0.18
26525,142.16
26534,1.27
26537,41.57
26541,40.53
26542,35.83
26543,0.66
26544,0.83
26546,0.99
26547,15.23
26554,131.94
26559,3.42
26560,0.16
26562,34.69
26563,0.71
26568,1.18
26570,64.19
26571,16.52
26572,5.62
26574,0.49
26575,21.29
26576,1.17
26581,48.57
26582,86.53
26585,29.71
26586,0.1
26587,0.73
26588,34.5
26590,23.97
26591,12.07
26601,126.73
26610,74.58
26611,11.6
26615,6.51
26617,10.67
26619,29.84
26621,29.95
26623,62.0
26624,78.45
26627,20.24
26629,10.48
26631,17.19
26636,26.83
26638,20.77
26651,199.9
26656,15.74
26660,6.76
26662,10.06
26667,5.35
26671,16.58
26676,26.25
26678,14.29
26679,52.33
26680,34.54
26681,37.68
26684,2.33
26690,39.94
26691,14.08
26704,93.78
26705,47.75
26707,26.8
26710,81.61
26711,50.69
26714,20.87
26716,23.64
26717,41.05
26719,17.54
26720,6.91
26722,18.84
26726,149.79
26731,14.33
26739,84.38
26743,72.13
26750,0.42
26753,25.79
26755,32.63
26757,146.16
26761,11.01
26763,48.83
26764,93.24
26767,2.33
26801,81.42
26802,125.03
26804,77.99
26807,161.89
26808,26.67
26810,32.58
26812,103.47
26814,63.46
26815,83.13
26817,20.54
26818,26.59
26823,13.91
26833,110.6
26836,174.1
26838,15.32
26845,29.32
26847,136.24
26851,102.01
26852,46.94
26855,17.57
26865,34.53
26866,96.28
26884,58.03
26886,30.32
27006,62.77
27007,20.59
27009,16.51
27011,51.45
27012,42.0
27013,75.36
27014,0.62
27016,44.66
27017,108.39
27018,82.27
27019,35.74
27020,76.13
27021,53.75
27022,33.04
27023,27.76
27024,43.62
27025,97.74
27027,21.15
27028,192.8
27030,170.42
27040,26.39
27041,60.32
27042,7.21
27043,68.4
27045,23.36
27046,43.16
27047,20.49
27048,83.3
27050,25.01
27051,18.31
27052,98.96
27053,69.56
27054,28.85
27055,111.25
27101,12.48
27103,18.62
27104,12.39
27105,33.72
27106,28.47
27107,66.18
27109,0.3
27110,0.18
27127,29.36
27201,0.22
27202,0.02
27203,22.49
27205,223.7
27207,86.52
27208,40.9
27209,46.71
27212,51.44
27213,0.63
27214,51.29
27215,63.08
27217,123.21
27229,90.5
27231,35.07
27233,24.4
27235,13.3
27239,155.55
27242,50.78
27243,40.28
27244,53.78
27247,2.07
27248,34.39
27249,59.82
27252,37.05
27253,81.91
27256,1.11
27258,18.77
27259,1.36
27260,12.38
27262,13.19
27263,39.03
27265,41.5
27268,0.1
27278,103.71
27281,68.29
27282,14.72
27283,25.77
27284,78.8
27288,71.42
27291,50.48
27292,143.97
27295,127.64
27298,94.83
27299,27.49
27301,33.29
27302,114.7
27305,25.53
27306,184.7
27310,17.93
27311,49.1
27312,170.92
27313,27.95
27314,24.44
27315,25.73
27316,67.72
27317,54.12
27320,244.88
27325,82.62
27326,65.02
27330,210.69
27332,107.08
27340,0.35
27341,95.67
27342,0.22
27343,46.68
27344,166.27
27349,63.72
27350,36.41
27351,0.2
27355,34.55
27356,56.62
27357,42.67
27358,52.75
27360,88.45
27370,59.76
27371,143.4
27374,0.64
27376,68.58
27377,25.74
27379,88.59
27401,5.79
27403,5.76
27405,31.37
27406,69.37
27407,29.45
27408,7.69
27409,19.91
27410,31.87
27411,0.14
27412,0.3
27455,28.72
27501,62.85
27502,28.33
27503,37.76
27504,89.82
27505,53.8
27506,0.27
27507,54.1
27508,10.58
27509,14.66
27510,3.2
27511,11.73
27513,16.39
27514,19.61
27516,93.47
27517,46.01
27518,9.9
27519,22.29
27520,70.78
27521,26.01
27522,72.34
27523,38.54
27524,134.44
27525,93.81
27526,98.16
27527,44.09
27529,57.7
27530,106.54
27531,3.48
27533,0.15
27534,73.05
27536,12.1
27537,185.65
27539,31.0
27540,47.99
27541,69.4
27542,90.1
27544,60.14
27545,31.64
27546,122.54
27549,231.66
27551,82.3
27553,38.56
27555,0.42
27556,2.11
27557,67.15
27559,50.62
27560,27.41
27562,54.24
27563,71.38
27565,318.98
27568,1.21
27569,80.02
27570,0.08
27571,4.87
27572,106.34
27573,17.31
27574,191.64
27576,81.32
27577,103.72
27581,36.19
27582,1.01
27583,49.19
27584,4.42
27587,105.11
27589,169.47
27591,66.63
27592,39.23
27593,0.17
27594,1.37
27596,52.82
27597,118.47
27599,0.1
27601,1.82
27603,51.41
27604,19.13
27605,1.02
27606,24.46
27607,17.37
27608,3.45
27609,10.94
27610,45.15
27612,16.6
27613,25.5
27614,27.74
27615,18.9
27616,22.49
27617,8.27
27695,0.25
27697,0.01
27701,5.25
27703,49.07
27704,41.43
27705,42.07
27707,20.71
27708,0.44
27709,5.73
27712,33.23
27713,35.36
27801,66.78
27803,41.94
27804,43.04
27805,108.59
27806,136.4
27807,48.14
27808,45.99
27809,76.51
27810,202.47
27812,58.63
27813,1.1
27814,76.31
27815,1.26
27816,65.02
27817,100.79
27818,61.21
27819,1.39
27820,57.11
27821,6.41
27822,87.63
27823,183.69
27824,162.19
27825,0.37
27826,159.82
27827,0.19
27828,79.31
27829,46.24
27830,58.34
27831,62.25
27832,33.37
27834,174.29
27837,58.9
27839,139.76
27840,5.54
27841,0.27
27842,10.52
27843,60.91
27844,54.06
27845,97.83
27846,93.65
27847,45.3
27849,74.42
27850,190.97
27851,44.32
27852,48.12
27853,37.13
27855,54.99
27856,127.84
27857,73.88
27858,61.4
27860,147.77
27861,0.46
27862,45.22
27863,66.13
27864,40.71
27865,125.81
27866,26.22
27869,82.12
27870,65.18
27871,95.85
27872,2.03
27873,0.56
27874,134.87
27875,55.52
27876,41.88
27877,0.19
27878,0.79
27879,0.29
27880,25.55
27881,0.09
27882,103.59
27883,78.92
27884,35.79
27885,124.02
27886,191.48
27888,56.66
27889,176.13
27890,9.21
27891,140.96
27892,184.98
27893,108.98
27896,35.16
27897,44.18
27909,226.9
27910,146.19
27915,8.16
27916,8.5
27917,19.74
27919,59.38
27920,7.84
27921,63.84
27922,42.35
27923,5.17
27924,97.92
27925,301.96
27926,36.19
27927,26.59
27928,150.35
27929,15.49
27932,130.4
27935,61.0
27936,5.21
27937,80.91
27938,51.08
27939,7.64
27941,2.54
27942,27.8
27943,2.68
27944,175.12
27946,43.75
27947,10.33
27948,9.26
27949,15.17
27950,29.72
27953,262.21
27954,8.85
27956,2.75
27957,53.74
27958,79.83
27959,14.69
27960,8.7
27962,85.02
27964,1.63
27965,18.05
27966,10.69
27967,5.74
27968,7.59
27969,2.59
27970,119.3
27972,0.98
27973,37.12
27974,45.35
27976,117.24
27978,29.38
27979,70.72
27980,48.75
27981,9.11
27982,0.66
27983,317.63
27985,0.26
27986,14.32
28001,131.37
28006,4.6
28007,9.13
28009,2.84
28012,27.25
28016,42.97
28017,0.17
28018,99.49
28019,0.05
28020,46.27
28021,58.83
28023,46.54
28024,0.28
28025,108.37
28027,68.99
28031,13.98
28032,2.07
28033,16.14
28034,45.65
28036,23.43
28037,44.73
28039,0.06
28040,67.76
28041,0.05
28042,0.5
28043,66.28
28052,41.41
28054,19.33
28056,48.27
28071,48.84
28072,0.8
28073,25.72
28074,0.12
28075,21.1
28076,1.05
28077,0.58
28078,63.73
28079,46.61
28080,40.27
28081,30.27
28083,20.0
28086,90.54
28088,2.84
28089,0.42
28090,93.73
28091,93.61
28092,119.9
28097,30.09
28098,3.64
28101,0.51
28102,0.92
28103,153.16
28104,29.6
28105,23.23
28107,48.87
28108,0.21
28109,0.58
28110,127.37
28112,132.13
28114,65.63
28115,74.62
28117,39.09
28119,66.93
28120,31.37
28124,58.1
28125,38.38
28127,74.56
28128,68.35
28129,43.39
28133,81.69
28134,8.34
28135,100.96
28136,0.08
28137,44.36
28138,44.95
28139,181.86
28144,30.07
28146,97.12
28147,77.6
28150,109.49
28152,79.5
28159,2.23
28160,5.51
28163,34.8
28164,41.0
28166,28.99
28167,73.56
28168,87.04
28169,0.59
28170,177.93
28173,106.33
28174,36.4
28202,1.8
28203,3.13
28204,1.76
28205,11.83
28206,6.98
28207,2.43
28208,20.24
28209,5.49
28210,12.4
28211,10.95
28212,9.18
28213,14.22
28214,33.91
28215,28.85
28216,30.02
28217,14.93
28223,0.68
28226,14.73
28227,40.16
28244,0.01
28262,21.01
28269,30.57
28270,12.42
28273,22.52
28274,0.06
28277,24.15
28278,28.81
28280,0.01
28282,0.01
28301,12.4
28303,15.4
28304,17.39
28305,2.6
28306,69.75
28307,8.92
28308,2.73
28310,43.58
28311,36.53
28312,164.12
28314,19.38
28315,64.98
28318,80.64
28320,115.96
28323,37.13
28325,0.95
28326,117.73
28327,186.58
28328,245.79
28330,0.34
28331,0.51
28332,3.4
28333,45.69
28334,160.25
28337,165.97
28338,147.02
28339,35.59
28340,123.31
28341,93.58
28342,0.83
28343,15.54
28344,36.72
28345,71.08
28347,37.69
28348,42.21
28349,66.11
28350,2.04
28351,58.82
28352,125.16
28355,0.02
28356,55.28
28357,35.04
28358,196.61
28359,0.05
28360,72.25
28362,0.37
28363,74.42
28364,134.35
28365,191.36
28366,85.97
28367,0.56
28368,0.34
28369,74.43
28371,33.62
28372,44.26
28373,12.91
28374,21.03
28375,1.52
28376,278.69
28377,100.83
28378,1.12
28379,151.56
28382,112.68
28383,105.51
28384,101.45
28385,39.86
28386,43.2
28387,29.53
28390,60.17
28391,39.34
28392,37.43
28393,46.87
28394,41.27
28395,50.37
28396,54.46
28398,94.23
28399,79.26
28401,30.99
28403,14.03
28405,23.54
28409,22.4
28411,41.22
28412,22.27
28420,171.09
28421,56.55
28422,132.72
28423,122.11
28424,0.14
28425,153.46
28428,5.16
28429,39.71
28430,46.93
28431,78.49
28432,34.24
28433,119.79
28434,70.61
28435,87.75
28436,43.59
28438,45.09
28439,24.38
28441,144.4
28442,37.97
28443,145.81
28444,105.35
28445,103.75
28447,100.28
28448,95.36
28449,3.96
28450,58.22
28451,172.2
28452,5.01
28453,84.6
28454,81.04
28455,70.37
28456,78.82
28457,147.41
28458,114.09
28460,27.88
28461,75.91
28462,72.4
28463,112.87
28464,24.35
28465,10.91
28466,179.07
28467,17.37
28468,19.11
28469,25.74
28470,44.68
28472,197.86
28478,122.87
28479,92.68
28480,3.9
28501,99.84
28504,121.14
28508,36.12
28509,0.01
28510,20.64
28511,8.17
28512,6.11
28513,88.94
28515,76.78
28516,125.7
28518,95.57
28519,1.31
28520,91.64
28521,41.37
28523,65.34
28524,3.63
28525,47.4
28526,95.76
28527,64.58
28528,2.79
28529,54.98
28530,73.95
28531,2.24
28532,165.42
28533,0.7
28537,11.67
28538,28.13
28539,77.08
28540,110.31
28542,1.59
28543,4.58
28544,10.62
28546,103.95
28547,72.19
28551,132.71
28552,22.25
28553,1.11
28554,0.48
28555,141.44
28556,51.52
28557,14.19
28560,122.57
28562,151.71
28570,148.76
28571,50.77
28572,110.28
28573,103.54
28574,124.04
28575,0.24
28577,16.93
28578,65.52
28579,17.46
28580,108.29
28581,9.11
28582,13.73
28584,33.92
28585,202.61
28586,130.33
28587,2.03
28589,0.69
28590,41.21
28594,5.71
28601,47.06
28602,70.66
28604,68.65
28605,32.81
28606,43.01
28607,101.72
28609,45.67
28610,39.91
28611,72.3
28612,80.01
28613,42.36
28615,70.36
28616,0.53
28617,35.15
28618,37.55
28619,0.47
28621,67.73
28622,29.68
28623,29.86
28624,58.69
28625,199.35
28626,29.72
28627,25.77
28628,0.28
28629,2.57
28630,60.98
28631,23.25
28634,62.17
28635,56.75
28636,57.78
28637,2.64
28638,19.97
28640,37.06
28641,0.09
28642,32.26
28643,69.96
28644,71.42
28645,329.1
28646,23.21
28649,35.49
28650,48.63
28651,84.16
28652,1.15
28653,0.04
28654,61.42
28655,324.99
28657,160.0
28658,71.3
28659,100.63
28660,31.98
28662,0.98
28663,20.69
28664,0.89
28665,64.78
28666,0.09
28667,0.47
28668,11.62
28669,47.98
28670,38.02
28671,0.41
28672,1.83
28673,23.71
28675,107.37
28676,28.13
28677,82.99
28678,43.0
28679,25.65
28681,167.63
28682,3.83
28683,34.55
28684,50.19
28685,47.17
28689,45.34
28690,21.54
28692,39.99
28693,22.16
28694,69.93
28697,62.33
28698,25.87
28701,18.14
28702,24.42
28704,30.13
28705,124.18
28707,11.13
28708,48.41
28709,51.54
28710,0.89
28711,103.9
28712,116.21
28713,139.58
28714,257.78
28715,78.05
28716,158.67
28717,36.39
28718,20.23
28719,399.49
28720,9.28
28721,94.0
28722,43.87
28723,111.95
28725,0.53
28726,2.47
28729,4.15
28730,45.33
28731,33.11
28732,41.35
28733,12.32
28734,301.0
28735,4.05
28736,38.96
28739,61.03
28740,88.16
28741,90.26
28742,46.38
28743,123.04
28745,0.6
28746,44.93
28747,48.76
28748,92.1
28749,1.17
28751,45.7
28752,249.07
28753,257.59
28754,87.35
28755,0.06
28756,79.32
28757,2.72
28758,0.01
28759,24.49
28761,103.78
28762,95.51
28763,55.64
28766,6.0
28768,83.06
28770,0.18
28771,258.9
28772,19.27
28773,48.3
28774,54.44
28775,12.36
28777,71.76
28778,32.48
28779,108.01
28781,71.63
28782,49.06
28783,67.91
28785,168.36
28786,72.97
28787,79.53
28788,0.58
28789,58.56
28790,47.64
28791,16.73
28792,102.92
28801,5.11
28803,38.37
28804,28.66
28805,26.49
28806,38.14
28901,69.61
28902,22.52
28904,186.45
28905,45.18
28906,333.37
28909,9.52
29001,70.21
29003,136.31
29006,138.09
29009,112.12
29010,198.82
29014,162.17
29015,117.54
29016,86.97
29018,106.11
29020,232.68
29030,94.93
29031,129.18
29032,78.95
29033,10.02
29036,55.13
29037,69.11
29038,84.28
29039,24.01
29040,54.4
29042,61.56
29044,137.09
29045,67.91
29046,0.39
29047,64.25
29048,44.82
29051,40.91
29052,59.8
29053,80.4
29054,57.31
29055,34.64
29056,102.9
29058,144.78
29059,109.17
29061,88.31
29062,12.13
29063,40.11
29065,25.77
29067,190.11
29069,78.5
29070,164.14
29072,68.04
29073,81.84
29074,21.18
29075,41.35
29078,125.7
29079,0.11
29080,128.68
29081,80.97
29082,37.7
29101,122.22
29102,243.41
29104,65.86
29105,30.64
29107,69.58
29108,210.24
29111,65.42
29112,120.77
29113,41.47
29114,34.56
29115,124.65
29117,0.1
29118,76.63
29122,0.43
29123,68.12
29125,115.74
29126,77.6
29127,100.28
29128,107.12
29129,83.48
29130,150.88
29133,57.09
29135,193.64
29137,93.41
29138,220.97
29142,50.91
29145,45.14
29146,59.99
29148,104.66
29150,43.9
29152,5.1
29153,143.98
29154,106.71
29160,118.05
29161,135.19
29162,33.75
29163,32.0
29164,107.25
29166,30.84
29168,78.1
29169,11.62
29170,24.45
29172,23.88
29175,8.15
29177,0.14
29178,144.08
29180,307.82
29201,11.53
29203,62.26
29204,6.37
29205,6.46
29206,8.64
29207,65.57
29208,0.14
29209,52.82
29210,16.76
29212,21.38
29223,25.31
29225,0.03
29229,18.26
29301,27.54
29302,50.72
29303,32.44
29306,19.52
29307,44.73
29316,21.82
29320,0.62
29321,39.32
29322,57.88
29323,70.97
29324,0.48
29325,157.31
29329,0.31
29330,35.83
29331,0.73
29332,46.61
29333,0.41
29334,22.97
29335,95.64
29338,0.16
29340,163.37
29341,93.17
29346,0.2
29349,76.9
29351,4.74
29353,91.47
29355,80.36
29356,82.09
29360,150.33
29364,0.78
29365,17.56
29368,0.3
29369,28.1
29370,46.03
29372,42.58
29373,0.32
29374,48.74
29375,0.12
29376,38.56
29377,1.42
29378,0.1
29379,242.68
29384,42.82
29385,18.74
29388,97.22
29401,1.53
29403,5.4
29404,5.05
29405,14.68
29406,15.34
29407,15.37
29409,0.15
29410,10.45
29412,39.2
29414,48.99
29418,13.23
29420,10.03
29424,0.04
29425,0.05
29426,78.7
29429,85.66
29431,84.72
29432,120.21
29434,53.51
29435,75.25
29436,85.61
29437,84.04
29438,75.12
29439,2.91
29440,523.13
29445,57.41
29446,176.43
29448,59.46
29449,75.43
29450,162.89
29451,9.12
29452,55.99
29453,118.99
29455,100.24
29456,18.06
29458,112.44
29461,164.22
29464,30.14
29466,29.18
29468,73.78
29469,19.68
29470,72.48
29471,42.79
29472,189.74
29474,100.71
29475,97.73
29477,110.29
29479,90.84
29481,88.2
29482,2.5
29483,53.34
29485,48.57
29486,62.31
29487,41.9
29488,237.86
29492,52.78
29493,2.46
29501,52.39
29505,50.86
29506,120.76
29510,312.2
29511,57.07
29512,216.93
29516,102.95
29518,47.28
29519,4.41
29520,131.92
29525,43.22
29526,174.98
29527,155.09
29530,40.54
29532,114.83
29536,128.5
29540,107.85
29541,79.78
29543,18.48
29544,120.53
29545,36.57
29546,142.48
29547,40.19
29550,208.19
29554,210.71
29555,95.04
29556,172.86
29560,164.89
29563,37.68
29564,51.41
29565,126.7
29566,32.4
29567,19.16
29568,89.55
29569,170.26
29570,48.31
29571,201.75
29572,8.89
29574,98.48
29575,10.21
29576,30.47
29577,22.84
29579,52.97
29580,76.1
29581,164.68
29582,21.91
29583,103.95
29584,115.07
29585,61.8
29588,41.96
29589,0.28
29590,105.43
29591,70.51
29592,34.43
29593,76.23
29594,2.29
29596,64.54
29601,4.25
29605,24.83
29607,29.01
29609,24.3
29611,23.95
29613,0.63
29614,0.19
29615,19.23
29617,22.4
29620,247.62
29621,87.13
29624,28.18
29625,46.93
29626,51.77
29627,118.72
29628,71.16
29630,61.55
29631,8.72
29634,1.39
29635,53.18
29638,58.19
29639,16.11
29640,85.66
29642,50.77
29643,27.95
29644,81.98
29645,106.56
29646,101.4
29649,53.62
29650,17.97
29651,89.61
29653,70.9
29654,119.13
29655,140.56
29657,63.35
29658,21.22
29659,0.43
29661,81.09
29662,5.51
29664,98.54
29665,0.3
29666,122.33
29667,0.52
29669,61.66
29670,56.07
29671,132.3
29672,39.15
29673,70.55
29676,72.07
29678,79.77
29680,29.06
29681,43.69
29682,25.8
29683,0.15
29684,58.86
29685,88.48
29686,32.05
29687,48.23
29689,34.55
29690,105.19
29691,62.2
29692,48.55
29693,173.41
29696,21.91
29697,39.23
29702,93.39
29704,26.27
29706,268.41
29707,28.45
29708,19.03
29709,100.19
29710,114.08
29712,28.81
29714,32.55
29715,34.98
29717,37.36
29718,103.6
29720,284.89
29724,0.35
29726,40.29
29727,50.58
29728,95.14
29729,69.62
29730,119.36
29732,52.8
29733,0.13
29741,37.04
29742,80.72
29743,37.18
29745,135.78
29801,88.91
29803,127.53
29805,97.49
29809,5.4
29810,127.44
29812,173.47
29816,0.6
29817,114.54
29819,82.47
29821,55.21
29824,234.27
29826,2.02
29827,104.54
29828,0.65
29829,34.88
29831,64.17
29832,94.56
29834,0.16
29835,170.4
29836,102.26
29838,29.13
29840,31.44
29841,31.95
29842,41.36
29843,66.13
29844,1.04
29845,72.44
29847,90.32
29848,91.94
29849,41.12
29851,22.04
29853,121.45
29856,54.37
29860,54.35
29899,0.38
29902,18.14
29904,3.97
29905,2.83
29906,44.97
29907,42.26
29909,55.66
29910,104.45
29911,80.77
29912,0.32
29915,10.77
29916,63.47
29918,107.71
29920,97.61
29921,5.15
29922,145.22
29923,6.17
29924,48.88
29926,28.7
29927,200.41
29928,20.7
29929,78.29
29932,68.94
29934,77.08
29935,2.33
29936,231.75
29939,3.41
29940,73.99
29941,15.09
29943,27.91
29944,135.83
29945,206.14
30002,1.7
30004,57.94
30005,15.79
30008,9.54
30009,9.11
30011,26.86
30012,42.44
30013,28.35
30014,120.66
30016,90.81
30017,11.56
30018,0.56
30019,46.86
30021,3.58
30022,23.67
30024,41.66
30025,70.27
30028,49.96
30030,6.74
30032,13.65
30033,8.83
30034,16.79
30035,8.53
30038,28.8
30039,25.27
30040,57.67
30041,59.7
30043,33.07
30044,24.83
30045,21.26
30046,15.83
30047,27.37
30052,88.92
30054,40.93
30055,53.1
30056,43.77
30058,30.53
30060,15.5
30062,25.87
30064,30.72
30066,27.16
30067,14.37
30068,14.4
30070,0.03
30071,12.1
30072,0.13
30075,29.73
30076,16.03
30078,17.31
30079,1.17
30080,12.61
30082,10.52
30083,17.86
30084,14.88
30087,22.62
30088,7.84
30090,0.01
30092,11.18
30093,12.0
30094,39.29
30096,22.75
30097,23.52
30101,40.96
30102,31.43
30103,103.91
30104,33.99
30105,54.41
30106,12.6
30107,108.12
30108,89.37
30110,72.04
30111,0.42
30113,102.04
30114,95.19
30115,73.18
30116,104.95
30117,108.1
30118,0.2
30120,92.98
30121,57.7
30122,24.74
30124,60.01
30125,182.25
30126,20.52
30127,51.33
30132,102.45
30134,52.07
30135,83.6
30137,3.19
30139,72.5
30141,27.62
30143,145.3
30144,22.13
30145,74.42
30147,18.87
30148,9.86
30149,6.71
30152,22.33
30153,123.25
30157,85.1
30161,143.25
30165,166.97
30168,12.37
30170,45.39
30171,41.14
30173,34.9
30175,87.2
30176,83.13
30177,3.63
30178,59.06
30179,73.34
30180,77.41
30182,35.11
30183,62.92
30184,76.17
30185,62.32
30187,31.47
30188,43.68
30189,19.23
30204,125.31
30205,36.74
30206,49.38
30213,62.14
30214,52.68
30215,70.87
30216,39.5
30217,253.87
30218,65.77
30220,50.94
30222,150.67
30223,107.98
30224,67.66
30228,73.13
30229,0.03
30230,139.66
30233,147.9
30234,10.2
30236,32.39
30238,17.3
30240,139.58
30241,112.42
30248,70.68
30250,0.03
30251,36.37
30252,94.08
30253,46.87
30256,35.64
30257,42.08
30258,54.05
30259,34.28
30260,10.9
30263,198.17
30265,44.01
30268,69.21
30269,26.18
30272,0.06
30273,7.14
30274,10.21
30275,0.03
30276,96.07
30277,45.58
30281,69.27
30284,0.02
30285,16.02
30286,199.34
30288,6.95
30289,0.12
30290,17.85
30291,10.78
30292,58.0
30293,75.69
30294,32.74
30295,47.47
30296,10.44
30297,10.95
30303,1.04
30305,6.5
30306,4.56
30307,4.55
30308,1.6
30309,3.31
30310,8.59
30311,12.46
30312,3.31
30313,1.17
30314,4.56
30315,11.47
30316,13.04
30317,3.54
30318,20.31
30319,10.32
30322,0.47
30324,5.28
30326,0.75
30327,17.47
30328,12.74
30329,5.48
30331,37.72
30332,0.09
30334,0.02
30336,10.17
30337,12.23
30338,9.86
30339,9.87
30340,8.25
30341,10.0
30342,8.96
30344,12.15
30345,7.07
30346,1.01
30349,45.88
30350,12.61
30354,10.71
30360,6.11
30363,0.25
30401,260.2
30410,59.04
30411,129.86
30412,2.81
30413,131.2
30414,0.33
30415,159.17
30417,170.98
30420,66.6
30421,99.68
30423,0.77
30425,78.5
30426,116.01
30427,230.62
30428,157.03
30429,0.22
30434,203.54
30436,282.8
30439,207.27
30441,170.41
30442,353.41
30445,83.94
30446,54.79
30448,2.31
30449,0.3
30450,56.3
30451,0.24
30452,57.55
30453,127.65
30454,37.8
30455,51.27
30456,71.13
30457,174.22
30458,142.29
30460,0.33
30461,163.0
30464,0.82
30467,526.82
30470,40.84
30471,149.62
30473,81.8
30474,128.08
30477,73.09
30501,21.86
30504,18.15
30506,100.49
30507,70.78
30510,44.06
30511,32.19
30512,221.86
30513,148.49
30516,20.66
30517,27.7
30518,40.03
30519,33.76
30520,56.04
30521,92.04
30522,46.53
30523,184.2
30525,198.02
30527,25.41
30528,166.17
30529,50.51
30530,79.18
30531,37.73
30533,242.88
30534,212.93
30535,29.62
30536,154.19
30537,18.75
30538,27.21
30539,0.33
30540,196.52
30541,73.73
30542,42.44
30543,38.35
30545,46.57
30546,130.21
30547,54.32
30548,40.43
30549,105.55
30552,55.7
30553,59.21
30554,71.51
30555,11.43
30557,58.17
30558,61.35
30559,50.32
30560,71.4
30562,1.18
30563,38.9
30564,31.87
30565,33.66
30566,8.05
30567,29.02
30568,30.57
30571,43.68
30572,107.23
30573,1.99
30575,11.09
30576,39.9
30577,157.32
30581,0.28
30582,51.87
30597,0.14
30598,0.06
30601,23.37
30602,0.6
30605,38.21
30606,30.7
30607,37.17
30609,0.38
30619,26.24
30620,22.2
30621,45.35
30622,37.0
30623,0.98
30624,45.67
30625,47.44
30627,117.99
30628,48.58
30629,74.42
30630,43.91
30631,181.41
30633,99.32
30634,48.73
30635,280.59
30639,0.04
30641,33.12
30642,183.92
30643,114.63
30646,36.4
30648,92.08
30650,229.94
30655,83.02
30656,71.54
30660,99.97
30662,83.3
30663,50.31
30664,0.25
30665,0.29
30666,35.62
30667,68.98
30668,144.8
30669,146.78
30673,275.58
30677,122.23
30678,71.89
30680,94.95
30683,38.76
30701,151.77
30705,243.15
30707,120.94
30708,35.04
30710,46.75
30711,49.14
30720,48.65
30721,126.77
30724,0.06
30725,16.45
30726,0.07
30728,173.44
30730,56.07
30731,83.35
30733,15.62
30734,76.68
30735,54.95
30736,124.64
30738,88.84
30739,25.55
30740,50.15
30741,24.87
30742,7.25
30746,21.24
30747,193.11
30750,11.12
30751,0.57
30752,75.7
30753,40.86
30755,36.84
30756,0.05
30757,20.43
30802,132.21
30803,52.26
30805,40.37
30807,0.39
30808,56.27
30809,44.17
30810,83.58
30812,0.09
30813,50.41
30814,53.51
30815,126.63
30816,113.39
30817,191.24
30818,30.09
30820,92.8
30821,111.1
30822,1.16
30823,71.67
30824,191.65
30828,134.71
30830,375.5
30833,71.39
30901,17.62
30904,10.97
30905,18.17
30906,86.7
30907,24.12
30909,25.49
30912,0.07
31001,174.05
31002,127.59
31003,1.61
31004,0.08
31005,23.11
31006,180.25
31007,67.23
31008,71.1
31009,76.59
31011,53.88
31012,54.89
31014,208.72
31015,213.61
31016,102.89
31017,99.72
31018,91.72
31019,53.54
31020,128.1
31021,233.47
31022,51.67
31023,283.12
31024,324.74
31025,66.51
31027,156.89
31028,2.93
31029,243.66
31030,174.93
31031,125.91
31032,159.26
31033,67.51
31034,0.04
31035,48.4
31036,241.25
31037,65.72
31038,110.6
31039,3.5
31041,39.73
31042,83.58
31044,151.31
31045,8.81
31046,83.08
31047,75.31
31049,91.26
31050,19.64
31051,0.43
31052,71.17
31054,50.96
31055,133.64
31057,82.66
31058,103.19
31060,89.21
31061,272.91
31062,0.31
31063,112.06
31064,245.73
31065,68.16
31066,61.81
31067,1.84
31068,93.01
31069,99.79
31070,49.97
31071,56.28
31072,71.76
31075,50.6
31076,122.59
31077,100.93
31078,104.68
31079,117.04
31081,36.31
31082,226.91
31083,0.82
31084,0.03
31085,44.3
31087,438.17
31088,29.44
31089,157.09
31090,118.55
31091,92.0
31092,188.18
31093,20.42
31094,111.5
31096,180.77
31097,53.49
31098,17.56
31201,9.36
31204,14.58
31206,26.65
31207,0.19
31210,41.34
31211,44.33
31213,0.01
31216,57.37
31217,107.77
31220,48.28
31301,17.64
31302,41.92
31303,81.46
31305,61.84
31307,4.71
31308,84.39
31309,29.15
31312,174.82
31313,61.13
31314,48.03
31315,3.38
31316,286.58
31318,2.59
31320,123.58
31321,143.14
31322,29.48
31323,155.02
31324,129.76
31326,68.56
31327,19.62
31328,9.24
31329,92.34
31331,284.25
31333,0.07
31401,3.41
31404,13.71
31405,31.22
31406,26.2
31407,33.88
31408,21.1
31409,6.74
31410,22.57
31411,22.48
31415,6.59
31419,72.9
31421,1.53
31501,11.99
31503,337.9
31510,222.01
31512,81.69
31513,327.25
31516,159.53
31518,46.54
31519,123.89
31520,20.14
31522,53.38
31523,191.47
31524,1.46
31525,98.31
31527,9.74
31532,47.08
31533,66.28
31535,93.99
31537,544.8
31539,275.74
31542,81.36
31543,164.81
31544,102.99
31545,101.5
31546,151.15
31547,16.09
31548,62.74
31549,117.63
31550,58.26
31551,68.06
31552,101.83
31553,186.45
31554,224.56
31555,144.05
31556,0.11
31557,113.23
31558,71.75
31560,119.38
31561,4.72
31562,153.33
31563,120.87
31564,0.04
31565,117.99
31566,65.19
31567,42.12
31568,116.07
31569,77.17
31599,0.47
31601,158.97
31602,39.9
31605,48.82
31606,44.57
31620,124.95
31622,120.36
31623,0.63
31624,94.21
31625,57.99
31626,142.0
31627,0.74
31629,46.94
31630,140.43
31631,237.07
31632,112.36
31634,202.99
31635,142.86
31636,185.82
31637,82.46
31638,23.63
31639,211.45
31641,88.55
31642,195.06
31643,262.36
31645,48.89
31647,44.99
31648,19.38
31649,31.3
31650,112.36
31698,0.15
31699,4.5
31701,21.17
31704,0.46
31705,140.4
31707,18.37
31709,120.54
31711,73.7
31712,67.12
31714,170.02
31716,79.76
31719,94.6
31720,4.63
31721,220.65
31722,2.38
31727,0.04
31730,258.67
31733,53.95
31735,19.81
31738,62.39
31743,64.57
31744,120.78
31747,0.7
31749,63.48
31750,280.58
31753,0.01
31756,42.85
31757,84.53
31763,247.89
31764,75.92
31765,82.85
31768,142.42
31771,113.02
31772,54.2
31773,85.59
31774,163.1
31775,44.39
31778,110.46
31779,135.53
31780,91.53
31781,27.1
31783,97.7
31784,32.6
31787,84.42
31788,128.71
31789,65.88
31790,69.11
31791,209.62
31792,211.39
31793,93.52
31794,114.55
31795,47.39
31796,70.92
31798,90.96
31801,86.07
31803,284.96
31804,48.06
31805,67.74
31806,160.03
31807,13.45
31808,55.49
31810,15.86
31811,130.81
31812,66.55
31814,16.68
31815,252.88
31816,37.54
31820,41.3
31821,67.01
31822,115.43
31823,7.41
31824,116.91
31825,145.38
31826,51.46
31827,153.13
31829,13.33
31830,54.64
31831,73.41
31832,28.33
31833,97.62
31836,89.92
31901,4.4
31903,9.98
31904,27.51
31905,91.13
31906,6.87
31907,23.85
31909,18.7
32003,15.84
32008,150.61
32009,87.32
32011,168.53
32013,0.01
32024,145.43
32025,104.58
32026,0.91
32033,78.38
32034,64.98
32038,107.09
32040,121.15
32043,229.26
32044,17.48
32046,196.56
32052,285.71
32053,105.87
32054,216.06
32055,184.44
32058,71.53
32059,118.88
32060,393.86
32061,16.01
32062,66.18
32063,73.29
32064,9.29
32065,19.81
32066,280.04
32068,115.54
32071,103.62
32072,25.91
32073,16.84
32079,0.45
32080,15.73
32081,35.27
32082,33.36
32083,39.46
32084,45.12
32086,65.75
32087,159.45
32091,152.07
32092,124.05
32094,56.27
32095,57.39
32096,171.68
32097,124.72
32102,62.44
32110,296.25
32112,51.46
32113,85.54
32114,16.0
32117,12.0
32118,4.24
32119,7.82
32124,61.44
32127,14.87
32128,33.4
32129,7.52
32130,94.59
32131,35.8
32132,7.03
32133,1.05
32134,267.76
32136,17.73
32137,62.41
32139,12.62
32140,33.36
32141,23.57
32145,89.57
32147,29.78
32148,78.14
32157,2.51
32159,30.16
32162,22.77
32163,18.9
32164,32.51
32168,153.92
32169,16.2
32174,125.35
32176,5.69
32177,226.83
32179,75.05
32180,90.31
32181,25.53
32182,0.24
32187,23.08
32189,29.27
32190,37.14
32192,0.43
32193,3.57
32195,24.41
32202,1.98
32203,0.04
32204,2.69
32205,7.74
32206,6.23
32207,11.44
32208,11.53
32209,9.31
32210,21.89
32211,8.19
32212,5.11
32214,0.09
32216,12.67
32217,5.38
32218,96.65
32219,71.48
32220,38.57
32221,47.47
32222,11.39
32223,11.5
32224,20.86
32225,26.31
32226,85.69
32227,1.11
32228,0.13
32233,10.2
32234,152.11
32244,23.57
32246,19.1
32250,8.96
32254,12.4
32256,61.37
32257,12.25
32258,17.82
32259,56.55
32266,2.34
32277,7.16
32301,10.2
32303,34.83
32304,15.18
32305,95.97
32306,0.12
32307,0.42
32308,15.81
32309,122.0
32310,91.88
32311,56.5
32312,93.4
32313,0.29
32317,35.55
32320,31.98
32321,374.06
32322,75.38
32323,7.34
32324,67.43
32327,235.61
32328,85.79
32330,3.6
32331,338.01
32332,3.5
32333,105.6
32334,224.51
32336,223.48
32337,0.15
32340,208.55
32343,26.79
32344,444.59
32346,28.4
32347,137.89
32348,322.51
32350,51.11
32351,213.03
32352,96.43
32355,2.78
32356,39.36
32358,180.03
32359,183.82
32360,0.32
32361,2.31
32399,0.55
32401,12.49
32403,44.22
32404,135.07
32405,18.78
32407,14.92
32408,8.57
32409,126.65
32410,1.56
32413,108.23
32420,53.04
32421,125.51
32423,67.52
32424,158.82
32425,264.71
32426,46.92
32427,45.06
32428,285.89
32430,82.24
32431,105.77
32432,0.15
32433,251.3
32435,136.74
32437,34.71
32438,56.75
32439,96.5
32440,107.36
32442,94.38
32443,56.67
32444,9.81
32445,25.53
32446,165.16
32448,180.16
32449,45.49
32455,225.8
32456,106.21
32459,54.51
32460,72.91
32461,14.87
32462,154.0
32463,0.45
32464,175.33
32465,315.73
32466,172.99
32501,3.69
32502,2.68
32503,12.61
32504,10.49
32505,12.95
32506,30.6
32507,27.87
32508,7.21
32509,1.28
32511,0.29
32512,0.07
32514,19.82
32526,58.41
32530,0.8
32531,228.34
32533,77.17
32534,9.89
32535,70.51
32536,42.49
32539,127.94
32541,12.56
32542,84.03
32544,8.23
32547,28.99
32548,12.08
32550,6.99
32561,12.04
32563,16.64
32564,102.96
32565,230.37
32566,39.17
32567,145.27
32568,205.4
32569,4.15
32570,301.07
32571,112.61
32577,68.96
32578,23.17
32579,3.49
32580,7.75
32583,125.06
32601,4.6
32603,0.87
32605,9.82
32606,15.39
32607,12.58
32608,44.46
32609,117.55
32610,0.07
32612,0.94
32615,137.79
32616,0.23
32617,29.87
32618,91.97
32619,110.19
32621,73.5
32622,69.0
32625,94.05
32626,243.62
32628,88.08
32631,4.61
32634,0.13
32639,47.29
32640,187.73
32641,68.67
32643,112.05
32648,81.55
32653,38.46
32656,70.13
32658,1.7
32664,0.83
32666,56.84
32667,90.46
32668,135.26
32669,98.59
32680,343.08
32681,0.15
32683,15.9
32686,72.48
32692,1.84
32693,200.71
32694,29.27
32696,142.4
32697,0.28
32701,5.63
32702,59.29
32703,32.11
32707,9.62
32708,18.5
32709,148.47
32712,71.55
32713,19.07
32714,8.49
32720,66.3
32723,0.01
32724,83.76
32725,23.05
32726,11.49
32730,1.23
32732,55.83
32735,3.99
32736,109.13
32738,25.77
32744,13.59
32746,21.06
32750,11.41
32751,7.02
32754,136.95
32757,35.27
32759,48.72
32763,20.92
32764,94.84
32765,39.02
32766,43.83
32767,54.95
32768,0.04
32771,37.5
32773,27.6
32775,0.02
32776,49.56
32778,25.4
32779,18.87
32780,68.12
32784,92.78
32789,7.8
32792,12.12
32796,14.41
32798,2.99
32801,2.21
32803,6.81
32804,7.15
32805,6.81
32806,6.82
32807,8.4
32808,11.88
32809,10.39
32810,9.17
32811,8.31
32812,8.49
32814,1.2
32816,1.97
32817,11.73
32818,11.13
32819,20.67
32820,15.1
32821,16.31
32822,13.6
32824,33.5
32825,18.38
32826,7.34
32827,22.67
32828,20.83
32829,19.37
32830,23.48
32831,10.78
32832,54.15
32833,34.11
32835,9.39
32836,11.93
32837,18.23
32839,7.43
32899,21.23
32901,12.06
32903,3.62
32904,217.07
32905,9.7
32907,17.71
32908,19.21
32909,57.66
32920,24.78
32922,5.44
32925,3.1
32926,49.27
32927,25.65
32931,5.2
32934,22.92
32935,13.14
32937,6.8
32940,57.3
32948,113.94
32949,16.8
32950,18.59
32951,8.14
32952,12.3
32953,39.76
32955,50.86
32958,27.85
32959,0.02
32960,11.05
32962,12.5
32963,17.42
32966,259.75
32967,39.95
32968,43.47
32970,0.99
32976,24.29
33001,1.95
33004,6.76
33009,4.89
33010,4.32
33012,5.87
33013,3.79
33014,6.48
33015,5.89
33016,4.18
33018,28.09
33019,3.75
33020,6.02
33021,8.83
33022,0.01
33023,8.76
33024,11.6
33025,10.55
33026,4.61
33027,13.36
33028,5.75
33029,16.76
33030,17.65
33031,22.21
33032,18.24
33033,22.33
33034,1173.08
33035,29.48
33036,5.85
33037,32.91
33039,0.07
33040,17.72
33042,27.59
33043,16.64
33050,9.08
33051,0.44
33054,8.4
33055,6.0
33056,6.13
33060,6.95
33062,3.9
33063,8.2
33064,10.21
33065,8.58
33066,3.03
33067,9.88
33068,6.44
33069,9.38
33070,4.23
33071,7.49
33073,8.14
33076,10.83
33101,0.01
33109,0.32
33122,2.4
33125,3.92
33126,5.39
33127,3.29
33128,0.43
33129,1.38
33130,1.09
33131,0.5
33132,1.51
33133,4.16
33134,5.23
33135,2.13
33136,1.4
33137,2.02
33138,4.21
33139,2.78
33140,3.09
33141,2.31
33142,10.91
33143,7.76
33144,3.09
33145,2.54
33146,3.14
33147,7.21
33149,4.71
33150,3.47
33154,1.94
33155,7.37
33156,13.87
33157,14.94
33158,2.79
33160,4.43
33161,5.48
33162,5.31
33165,7.51
33166,7.93
33167,4.22
33168,3.6
33169,6.84
33170,12.38
33172,6.4
33173,5.47
33174,3.06
33175,7.9
33176,12.06
33177,12.55
33178,61.09
33179,5.03
33180,3.26
33181,3.04
33182,3.48
33183,5.51
33184,2.47
33185,6.89
33186,12.44
33187,112.94
33189,5.09
33190,2.04
33193,7.56
33194,114.02
33196,52.19
33301,2.49
33304,3.12
33305,2.2
33306,0.85
33308,4.61
33309,9.72
33311,10.37
33312,11.08
33313,6.26
33314,8.76
33315,5.29
33316,4.08
33317,9.56
33319,6.8
33321,8.23
33322,5.51
33323,7.51
33324,9.04
33325,9.43
33326,7.22
33327,147.64
33328,9.14
33330,11.08
33331,11.77
33332,34.34
33334,4.77
33351,5.55
33388,0.18
33401,5.08
33403,3.31
33404,7.3
33405,4.51
33406,8.69
33407,9.86
33408,6.8
33409,6.25
33410,11.37
33411,34.85
33412,59.32
33413,7.21
33414,28.34
33415,7.31
33417,6.61
33418,45.85
33426,6.14
33428,11.52
33430,239.83
33431,8.33
33432,4.64
33433,9.45
33434,6.91
33435,6.52
33436,11.76
33437,10.75
33438,39.33
33440,725.99
33441,4.79
33442,6.85
33444,5.0
33445,8.08
33446,18.76
33449,16.29
33455,56.58
33458,20.36
33460,4.73
33461,7.11
33462,8.56
33463,10.78
33467,18.71
33469,10.82
33470,205.12
33471,330.34
33472,14.17
33473,7.11
33476,22.19
33477,6.2
33478,64.57
33480,3.92
33483,3.81
33484,6.02
33486,5.35
33487,6.71
33493,244.23
33496,10.55
33498,10.01
33503,0.61
33510,7.58
33511,16.05
33513,85.49
33514,42.3
33521,3.24
33523,105.4
33525,96.04
33527,31.44
33530,0.07
33534,13.18
33538,89.01
33540,36.07
33541,23.77
33542,10.43
33543,26.25
33544,28.76
33545,26.59
33547,160.58
33548,7.62
33549,12.2
33550,0.01
33556,60.31
33558,18.13
33559,11.95
33563,15.09
33565,78.33
33566,23.67
33567,41.59
33569,13.93
33570,41.82
33572,13.08
33573,16.8
33574,0.27
33576,20.72
33578,20.37
33579,21.6
33584,19.19
33585,35.42
33592,53.1
33594,10.23
33596,11.36
33597,154.38
33598,84.2
33602,2.59
33603,4.13
33604,7.47
33605,7.84
33606,3.28
33607,9.28
33609,4.0
33610,18.0
33611,6.28
33612,9.94
33613,7.45
33614,9.74
33615,8.56
33616,3.93
33617,8.84
33618,8.44
33619,27.47
33620,0.87
33621,8.3
33624,9.09
33625,9.04
33626,12.27
33629,4.81
33634,8.44
33635,6.37
33637,7.83
33647,32.39
33701,2.67
33702,10.37
33703,5.02
33704,3.42
33705,5.58
33706,3.66
33707,5.28
33708,3.41
33709,5.12
33710,7.97
33711,4.7
33712,6.4
33713,6.54
33714,3.65
33715,3.8
33716,7.16
33744,0.58
33755,5.47
33756,7.21
33759,5.28
33760,5.63
33761,5.06
33762,7.09
33763,3.35
33764,6.31
33765,4.18
33767,2.01
33770,5.2
33771,5.99
33772,5.28
33773,5.06
33774,4.59
33776,3.39
33777,5.5
33778,3.76
33781,6.57
33782,5.39
33785,1.18
33786,0.54
33801,18.93
33803,16.59
33805,25.96
33809,65.86
33810,64.63
33811,26.94
33812,9.67
33813,21.0
33815,7.38
33823,34.91
33825,112.76
33827,31.83
33830,120.53
33834,134.23
33835,0.58
33837,51.34
33838,7.33
33839,3.13
33840,0.06
33841,168.36
33843,124.03
33844,97.18
33847,0.89
33848,10.91
33849,22.45
33850,16.75
33851,1.3
33852,293.43
33853,8.66
33854,0.16
33855,2.04
33856,0.11
33857,148.92
33858,0.4
33859,45.45
33860,98.41
33865,169.94
33867,4.46
33868,182.52
33870,95.26
33872,22.72
33873,124.52
33875,53.42
33876,31.38
33877,2.1
33880,32.39
33881,21.91
33884,24.94
33890,253.32
33896,20.2
33897,41.8
33898,296.92
33901,6.24
33903,11.33
33904,9.73
33905,40.16
33907,7.34
33908,34.23
33909,37.82
33912,21.22
33913,101.02
33914,22.42
33916,10.28
33917,65.53
33919,8.75
33920,62.09
33921,2.76
33922,20.85
33924,2.77
33928,41.68
33930,109.99
33931,10.29
33935,363.46
33936,36.14
33944,46.09
33946,10.76
33947,13.3
33948,12.97
33950,17.85
33952,11.02
33953,16.14
33954,8.61
33955,78.41
33956,16.28
33957,16.22
33960,243.18
33965,2.41
33966,8.76
33967,7.64
33971,16.98
33972,25.27
33973,3.8
33974,22.39
33976,9.28
33980,9.15
33981,45.44
33982,407.11
33983,10.63
33990,9.35
33991,12.81
33993,43.67
34101,2.45
34102,5.65
34103,3.88
34104,9.86
34105,9.49
34108,7.84
34109,12.51
34110,16.02
34112,14.84
34113,25.87
34114,176.57
34116,9.29
34117,137.38
34119,22.55
34120,140.81
34134,13.44
34135,61.78
34137,117.04
34138,0.28
34139,1.44
34140,1.33
34141,988.42
34142,625.89
34145,16.27
34201,3.42
34202,23.1
34203,15.47
34205,6.46
34207,6.17
34208,16.48
34209,12.62
34210,8.89
34211,34.03
34212,22.26
34215,0.59
34216,0.86
34217,2.1
34219,210.63
34221,53.9
34222,5.32
34223,41.87
34224,12.84
34228,4.08
34229,5.96
34231,9.45
34232,11.03
34233,6.12
34234,6.53
34235,6.21
34236,3.56
34237,3.94
34238,13.2
34239,4.44
34240,66.48
34241,70.12
34242,3.58
34243,17.97
34250,1.27
34251,299.02
34266,578.1
34267,0.26
34268,2.78
34269,88.97
34275,25.67
34285,8.33
34286,27.44
34287,17.43
34288,19.29
34289,3.59
34291,18.05
34292,32.49
34293,32.6
34420,24.06
34428,67.13
34429,41.38
34431,104.16
34432,105.08
34433,33.69
34434,26.29
34436,55.09
34442,36.43
34445,0.21
34446,29.85
34448,72.34
34449,130.67
34450,31.19
34452,58.94
34453,27.08
34461,45.76
34465,24.31
34470,13.42
34471,19.82
34472,36.28
34473,35.84
34474,20.96
34475,27.8
34476,34.59
34479,17.91
34480,35.18
34481,69.22
34482,92.97
34484,32.15
34487,0.01
34488,85.64
34491,44.92
34498,7.34
34601,113.98
34602,66.7
34604,36.33
34606,11.57
34607,63.74
34608,15.24
34609,22.19
34610,68.04
34613,37.16
34614,54.93
34637,14.78
34638,46.28
34639,27.06
34652,8.59
34653,10.94
34654,25.32
34655,26.98
34661,8.97
34667,30.54
34668,15.52
34669,18.74
34677,12.65
34679,2.08
34681,0.72
34683,10.29
34684,6.74
34685,10.04
34688,15.84
34689,10.55
34690,3.43
34691,7.78
34695,5.58
34698,11.18
34705,19.87
34711,39.17
34714,124.67
34715,31.54
34729,0.27
34731,15.81
34734,1.86
34736,114.98
34737,23.06
34739,395.7
34741,14.98
34743,6.9
34744,33.26
34746,44.04
34747,43.42
34748,39.44
34753,4.72
34756,9.1
34758,26.08
34759,75.41
34760,0.56
34761,17.46
34762,8.39
34769,10.58
34771,154.48
34772,86.88
34773,305.96
34785,64.15
34786,19.84
34787,67.25
34788,36.15
34797,4.46
34945,217.42
34946,15.22
34947,9.71
34949,9.39
34950,5.17
34951,24.33
34952,24.63
34953,23.83
34956,166.19
34957,16.36
34972,854.42
34974,376.67
34981,10.76
34982,15.5
34983,14.93
34984,9.8
34986,18.77
34987,114.39
34990,103.04
34994,6.74
34996,6.71
34997,90.7
35004,17.24
35005,31.75
35006,103.99
35007,39.05
35010,222.71
35013,0.03
35014,78.85
35016,78.97
35019,28.26
35020,16.55
35022,64.17
35023,91.68
35031,130.33
35032,0.06
35033,74.39
35034,115.61
35035,70.99
35036,0.06
35040,77.92
35042,192.24
35043,46.2
35044,71.8
35045,112.91
35046,136.8
35049,41.63
35051,101.43
35052,0.33
35053,49.28
35054,22.58
35055,63.81
35057,127.87
35058,75.22
35060,0.34
35061,3.8
35062,46.99
35063,40.08
35064,3.59
35068,12.25
35070,0.18
35071,57.69
35072,183.64
35073,29.46
35074,0.06
35077,150.25
35078,43.2
35079,109.66
35080,46.15
35082,6.31
35083,32.54
35085,104.05
35087,22.85
35089,60.97
35091,7.8
35094,58.74
35096,78.7
35097,7.9
35098,29.58
35111,62.05
35112,1.07
35114,10.6
35115,123.38
35116,22.52
35117,29.14
35118,36.14
35119,0.17
35120,70.79
35121,144.46
35124,42.64
35125,47.39
35126,60.12
35127,10.13
35128,69.73
35130,67.1
35131,70.78
35133,48.52
35135,7.16
35136,217.48
35143,43.69
35146,103.13
35147,68.69
35148,6.22
35149,3.32
35150,61.09
35151,148.36
35160,332.66
35171,34.27
35172,29.44
35173,64.53
35175,63.3
35176,8.84
35178,57.56
35179,93.19
35180,85.33
35181,0.04
35183,92.49
35184,142.6
35185,0.06
35186,55.06
35188,25.0
35203,2.07
35204,5.03
35205,3.73
35206,10.05
35207,11.63
35208,3.67
35209,9.59
35210,24.88
35211,16.56
35212,6.19
35213,6.32
35214,24.81
35215,28.27
35216,12.98
35217,17.69
35218,2.62
35221,3.69
35222,3.9
35223,8.45
35224,16.2
35226,17.69
35228,4.38
35229,0.26
35233,1.52
35234,3.35
35235,13.49
35242,52.37
35243,12.53
35244,23.85
35249,0.01
35254,0.1
35401,40.11
35404,16.65
35405,52.89
35406,80.92
35441,66.56
35442,267.37
35443,221.48
35444,150.12
35446,60.73
35447,141.09
35452,50.61
35453,90.42
35456,81.28
35457,7.76
35458,28.77
35459,134.52
35460,54.98
35461,127.67
35462,284.79
35463,57.4
35464,40.06
35466,269.59
35469,34.17
35470,273.7
35473,25.77
35474,207.32
35475,202.27
35476,6.9
35477,9.82
35480,61.03
35481,110.59
35487,0.12
35490,67.12
35491,3.68
35501,47.84
35503,78.62
35504,97.6
35540,70.36
35541,66.37
35542,58.31
35543,36.99
35544,77.16
35545,0.42
35546,235.1
35548,70.75
35549,114.33
35550,67.37
35552,61.04
35553,152.9
35554,52.09
35555,326.84
35559,0.11
35563,92.99
35564,68.41
35565,279.75
35570,233.56
35571,62.15
35572,78.12
35573,0.01
35574,99.39
35575,35.06
35576,170.69
35577,0.18
35578,121.15
35579,157.38
35580,62.67
35581,120.53
35582,90.71
35584,0.56
35585,46.5
35586,178.14
35587,49.14
35592,115.27
35593,125.78
35594,147.08
35601,26.49
35603,71.03
35610,42.6
35611,115.06
35613,74.99
35614,64.54
35615,0.5
35616,216.03
35618,44.5
35619,131.16
35620,107.63
35621,45.5
35622,96.37
35630,25.28
35632,0.09
35633,208.34
35634,71.38
35640,106.9
35643,80.86
35645,76.34
35646,90.38
35647,24.72
35648,61.91
35649,2.53
35650,212.37
35651,40.36
35652,85.26
35653,149.65
35654,149.19
35660,6.15
35661,51.19
35670,98.57
35671,47.14
35672,135.83
35673,46.24
35674,174.05
35677,110.31
35739,26.68
35740,35.78
35741,24.52
35744,33.03
35745,66.99
35746,53.59
35747,75.33
35748,77.34
35749,43.54
35750,61.1
35751,28.65
35752,44.08
35754,43.9
35755,17.72
35756,80.26
35757,11.66
35758,27.21
35759,18.48
35760,50.71
35761,116.58
35763,40.85
35764,28.26
35765,71.06
35766,35.86
35768,172.29
35769,63.04
35771,62.15
35772,164.23
35773,72.47
35774,13.95
35775,16.64
35776,103.62
35801,13.84
35802,16.42
35803,49.21
35805,9.19
35806,25.45
35808,58.72
35810,28.15
35811,46.87
35816,5.06
35824,12.69
35896,0.43
35901,59.18
35903,68.22
35904,48.81
35905,41.83
35906,34.98
35907,22.08
35950,43.25
35951,77.81
35952,109.45
35953,128.86
35954,106.57
35956,74.29
35957,78.27
35958,52.76
35959,61.9
35960,146.55
35961,118.0
35962,71.51
35963,28.89
35966,84.4
35967,127.03
35968,63.57
35971,55.22
35972,26.25
35973,109.84
35974,12.37
35975,34.1
35976,127.58
35978,69.36
35979,11.61
35980,55.03
35981,26.06
35983,48.18
35984,71.33
35986,43.07
35987,60.21
35988,12.3
35989,57.2
35990,0.06
36003,81.93
36005,149.83
36006,77.03
36008,0.88
36009,161.1
36010,129.6
36013,14.92
36016,232.94
36017,61.84
36020,8.41
36022,89.91
36024,88.41
36025,12.82
36026,72.46
36027,290.44
36028,113.61
36029,117.12
36030,74.55
36031,9.83
36032,117.8
36033,210.89
36034,60.61
36035,109.91
36036,98.27
36037,374.88
36038,0.19
36039,47.85
36040,124.95
36041,55.74
36042,79.68
36043,124.02
36046,61.86
36047,104.27
36048,105.06
36049,161.03
36051,52.15
36052,72.76
36053,320.01
36054,28.05
36057,0.16
36064,86.0
36066,20.12
36067,244.34
36069,150.4
36071,47.42
36075,81.88
36078,177.44
36079,187.5
36080,52.01
36081,209.51
36082,0.39
36083,223.11
36088,2.9
36089,328.71
36091,83.45
36092,138.07
36093,78.57
36101,0.01
36104,10.45
36105,68.77
36106,6.19
36107,3.19
36108,70.3
36109,11.33
36110,29.49
36111,4.29
36112,2.68
36113,0.68
36114,0.03
36115,0.56
36116,53.35
36117,53.27
36130,0.04
36201,38.95
36203,39.44
36205,13.0
36206,15.76
36207,74.82
36250,19.69
36251,146.57
36255,61.18
36256,94.86
36258,111.65
36260,28.93
36262,106.77
36263,24.04
36264,238.16
36265,98.08
36266,196.5
36267,1.0
36268,95.91
36269,44.41
36271,81.25
36272,317.93
36273,49.61
36274,179.58
36276,136.68
36277,7.7
36278,138.55
36279,30.4
36280,120.68
36301,89.2
36303,58.87
36305,30.98
36310,209.5
36311,123.9
36312,74.03
36313,3.49
36314,25.77
36316,54.65
36317,41.08
36318,47.24
36319,103.98
36320,64.25
36321,6.31
36322,59.48
36323,232.7
36330,111.18
36340,49.28
36343,98.18
36344,127.57
36345,122.01
36346,53.23
36350,77.29
36351,98.72
36352,69.8
36353,97.48
36360,177.79
36362,29.39
36370,32.81
36371,3.34
36373,60.91
36374,55.69
36375,122.45
36376,23.8
36401,441.15
36420,267.89
36421,213.37
36425,136.01
36426,497.97
36432,137.61
36435,49.3
36436,37.36
36439,0.87
36441,60.72
36442,206.39
36444,95.3
36445,148.46
36446,1.98
36451,189.62
36453,102.37
36454,2.85
36455,0.7
36456,143.39
36460,151.49
36467,158.28
36470,23.66
36471,96.08
36473,12.97
36474,183.58
36475,144.75
36476,0.4
36477,160.75
36480,155.69
36481,60.21
36482,129.07
36483,108.07
36502,330.81
36503,0.03
36505,29.07
36507,343.14
36509,9.91
36511,4.49
36512,2.95
36513,24.8
36518,132.69
36521,132.17
36522,233.09
36523,36.81
36524,155.74
36525,17.63
36526,37.7
36527,42.34
36528,6.28
36529,89.89
36530,95.61
36532,73.17
36535,92.54
36538,37.36
36539,64.58
36540,43.35
36541,93.15
36542,51.99
36543,0.17
36544,40.61
36545,394.46
36547,0.27
36548,32.45
36549,29.05
36550,37.21
36551,68.67
36553,93.79
36555,1.01
36556,7.08
36558,236.07
36559,0.38
36560,60.18
36561,16.7
36562,49.5
36564,0.13
36567,228.7
36568,0.76
36569,61.21
36571,39.27
36572,8.06
36574,12.81
36575,40.08
36576,19.5
36578,17.09
36579,153.17
36580,52.61
36581,12.29
36582,79.73
36583,70.32
36584,64.97
36585,136.46
36587,111.17
36602,3.92
36603,3.82
36604,2.6
36605,17.58
36606,6.85
36607,3.01
36608,65.14
36609,6.7
36610,7.55
36611,4.88
36612,3.0
36613,52.01
36615,3.23
36617,4.53
36618,15.94
36619,17.79
36652,0.03
36663,0.06
36688,0.97
36693,12.75
36695,45.6
36701,277.34
36703,124.85
36720,49.31
36722,25.58
36723,5.73
36726,290.6
36727,58.59
36728,115.83
36732,136.65
36736,33.71
36738,73.81
36740,66.3
36741,15.88
36742,117.71
36744,223.81
36748,139.5
36749,61.74
36750,104.14
36751,111.42
36752,137.52
36753,1.55
36754,37.52
36756,375.46
36758,79.66
36759,212.05
36761,242.54
36763,28.89
36764,0.13
36765,57.68
36766,7.82
36767,147.97
36768,221.45
36769,143.71
36773,69.81
36775,158.05
36776,85.49
36782,205.42
36783,108.46
36784,268.84
36785,99.4
36786,138.5
36790,12.51
36792,64.02
36793,59.86
36801,78.34
36804,197.18
36830,109.51
36832,68.09
36849,0.74
36850,154.7
36851,0.22
36852,29.31
36853,182.06
36854,60.47
36855,72.02
36856,38.74
36858,61.69
36860,153.38
36861,50.12
36862,226.45
36863,95.66
36865,0.11
36866,87.33
36867,12.57
36869,76.33
36870,23.73
36871,128.88
36874,111.93
36875,138.9
36877,39.08
36879,87.15
36901,12.61
36904,230.87
36907,120.67
36908,130.78
36910,1.56
36912,151.18
36913,9.48
36915,38.06
36916,44.54
36919,153.44
36921,97.62
36922,78.0
36925,159.67
37010,78.88
37012,36.86
37013,39.21
37014,21.96
37015,155.69
37016,33.37
37018,40.3
37019,17.72
37020,91.91
37022,87.13
37023,17.52
37025,63.92
37026,51.15
37027,57.0
37028,15.46
37029,43.59
37030,65.02
37031,38.25
37032,78.99
37033,266.26
37034,72.87
37035,29.39
37036,99.59
37037,77.56
37040,92.82
37042,56.87
37043,108.46
37046,71.37
37047,65.87
37048,46.44
37049,26.75
37050,52.9
37051,80.55
37052,34.86
37055,201.75
37057,29.45
37058,183.98
37059,28.12
37060,40.4
37061,88.77
37062,69.19
37064,184.0
37066,116.34
37067,32.53
37069,35.95
37072,77.54
37073,51.21
37074,99.83
37075,59.04
37076,27.81
37078,96.27
37079,78.8
37080,49.15
37082,42.39
37083,147.64
37085,54.94
37086,24.78
37087,164.92
37090,166.44
37091,205.95
37095,77.26
37096,309.64
37097,93.55
37098,58.5
37101,199.91
37110,373.66
37115,21.46
37118,32.82
37122,111.62
37127,47.08
37128,56.67
37129,80.0
37130,54.13
37132,0.62
37134,39.12
37135,36.89
37137,86.24
37138,17.93
37140,25.84
37141,20.26
37142,37.23
37143,33.13
37144,130.61
37145,79.33
37146,30.61
37148,131.85
37149,64.15
37150,103.5
37151,16.98
37153,52.24
37160,233.28
37165,0.34
37166,154.59
37167,55.0
37171,23.92
37172,179.77
37174,69.69
37175,75.04
37178,42.35
37179,53.04
37180,33.7
37181,52.28
37183,82.42
37184,110.36
37185,224.5
37186,107.89
37187,71.14
37188,30.74
37189,25.23
37190,138.87
37191,45.91
37201,0.32
37203,4.19
37204,7.29
37205,14.26
37206,7.75
37207,19.34
37208,4.82
37209,33.65
37210,9.28
37211,21.73
37212,2.75
37213,0.71
37214,21.95
37215,15.33
37216,6.73
37217,17.76
37218,39.04
37219,0.22
37220,7.71
37221,49.34
37228,1.46
37232,0.07
37238,0.0
37301,61.21
37302,17.26
37303,148.94
37305,16.28
37306,118.44
37307,57.53
37308,37.0
37309,39.48
37310,42.73
37311,50.1
37312,64.43
37313,20.28
37315,0.13
37316,0.15
37317,75.2
37318,12.41
37321,114.01
37322,134.77
37323,114.61
37324,66.5
37325,21.63
37326,1.77
37327,191.4
37328,32.07
37329,59.29
37330,38.86
37331,39.36
37332,68.21
37333,20.16
37334,254.21
37335,44.32
37336,43.71
37337,60.5
37338,72.41
37339,39.44
37340,8.45
37341,33.76
37342,68.47
37343,42.1
37345,56.42
37347,48.92
37348,29.93
37350,1.34
37351,0.44
37352,49.87
37353,40.46
37354,117.64
37355,207.04
37356,24.55
37357,134.71
37359,38.75
37360,27.63
37361,28.49
37362,66.84
37363,60.12
37365,56.41
37366,52.42
37367,297.03
37369,108.32
37370,61.75
37373,40.59
37374,57.68
37375,68.62
37376,81.17
37377,80.46
37379,106.38
37380,126.17
37381,136.17
37383,0.15
37385,267.24
37387,74.19
37388,117.91
37391,25.59
37394,0.14
37396,4.97
37397,149.34
37398,109.34
37402,1.29
37403,1.71
37404,5.18
37405,54.33
37406,12.14
37407,3.4
37408,2.12
37409,4.42
37410,3.02
37411,7.34
37412,8.66
37415,17.52
37416,20.54
37419,49.0
37421,31.7
37450,0.0
37601,47.72
37604,33.02
37614,0.49
37615,37.6
37616,44.32
37617,58.42
37618,69.31
37620,128.19
37640,105.0
37641,93.65
37642,56.23
37643,131.09
37645,6.25
37650,96.97
37656,29.11
37657,36.73
37658,44.89
37659,126.92
37660,65.71
37663,25.75
37664,33.93
37665,3.03
37680,29.12
37681,65.2
37682,0.1
37683,134.11
37686,29.46
37687,95.26
37688,54.14
37690,25.25
37691,14.34
37692,53.08
37694,12.64
37701,10.74
37705,44.6
37708,41.31
37709,41.51
37710,80.51
37711,52.11
37713,29.91
37714,64.37
37715,25.58
37716,83.46
37719,0.65
37721,49.28
37722,89.75
37723,56.44
37724,21.56
37725,93.39
37726,90.96
37727,110.88
37729,49.25
37730,1.51
37731,49.7
37732,2.06
37733,0.81
37737,26.68
37738,214.57
37742,49.41
37743,222.21
37745,121.91
37748,106.58
37752,47.2
37753,32.01
37754,38.23
37755,37.92
37756,118.22
37757,28.3
37760,40.71
37762,15.23
37763,85.93
37764,34.07
37765,19.49
37766,137.33
37769,30.02
37770,136.33
37771,50.15
37772,38.67
37774,88.19
37777,32.88
37779,34.56
37801,69.39
37803,87.75
37804,34.86
37806,18.17
37807,79.96
37809,30.99
37810,33.57
37811,38.63
37813,58.0
37814,43.86
37818,46.14
37819,21.01
37820,67.62
37821,129.78
37825,87.02
37826,53.74
37828,3.21
37829,44.26
37830,84.82
37840,80.71
37841,147.31
37843,52.71
37845,4.0
37846,72.6
37847,145.97
37848,8.0
37849,39.74
37851,5.6
37852,104.77
37853,16.75
37854,136.41
37857,235.65
37860,24.07
37861,98.58
37862,81.79
37863,17.23
37865,73.33
37866,55.35
37869,132.85
37870,82.98
37871,39.1
37872,91.89
37873,62.63
37874,102.86
37876,186.84
37877,26.46
37878,25.95
37879,175.24
37880,73.6
37881,71.86
37882,183.83
37885,145.07
37886,42.38
37887,81.4
37888,55.74
37890,34.47
37891,34.87
37892,70.62
37902,0.44
37909,6.8
37912,10.56
37914,39.71
37915,1.88
37916,1.41
37917,9.5
37918,34.56
37919,19.11
37920,72.3
37921,15.9
37922,27.73
37923,11.09
37924,27.86
37929,0.0
37931,28.37
37932,28.99
37934,17.43
37938,32.36
38001,67.37
38002,116.28
38004,27.35
38006,101.56
38007,0.06
38008,153.7
38011,57.05
38012,272.79
38015,42.26
38016,18.11
38017,81.96
38018,18.66
38019,140.55
38021,0.67
38023,75.46
38024,143.02
38028,59.16
38029,0.13
38030,108.66
38034,102.92
38036,0.23
38037,46.21
38039,67.26
38040,131.32
38041,102.12
38042,51.37
38044,42.28
38046,0.09
38047,15.04
38049,111.44
38050,0.58
38052,126.03
38053,162.41
38054,0.31
38057,106.28
38058,25.93
38059,131.2
38060,44.89
38061,68.72
38063,285.16
38066,57.53
38067,58.98
38068,258.73
38069,140.44
38070,1.69
38075,131.78
38076,28.48
38077,0.02
38079,110.5
38080,139.44
38103,2.65
38104,4.95
38105,1.69
38106,10.4
38107,5.45
38108,7.6
38109,59.71
38111,9.77
38112,4.81
38113,15.14
38114,7.6
38115,8.58
38116,19.64
38117,9.39
38118,30.47
38119,8.82
38120,9.62
38122,6.82
38125,19.0
38126,1.86
38127,37.76
38128,23.64
38131,0.22
38132,0.78
38133,12.98
38134,18.58
38135,12.89
38138,11.86
38139,8.7
38141,7.81
38152,0.1
38201,139.18
38220,38.4
38221,108.45
38222,68.97
38224,59.86
38225,105.0
38226,23.92
38229,60.88
38230,85.68
38231,58.5
38232,51.79
38233,92.76
38235,1.37
38236,40.91
38237,138.12
38240,85.1
38241,59.58
38242,175.47
38251,89.38
38253,52.7
38254,0.59
38255,49.21
38256,67.71
38257,55.41
38258,32.35
38259,27.67
38260,71.42
38261,176.9
38301,150.89
38305,128.0
38310,102.7
38311,55.92
38313,75.58
38315,111.6
38316,63.01
38317,38.81
38318,42.18
38320,146.63
38321,91.86
38326,42.58
38327,2.49
38328,29.97
38329,109.17
38330,65.75
38332,53.02
38333,24.73
38334,47.62
38337,26.74
38338,0.1
38339,19.84
38340,173.77
38341,134.31
38342,33.73
38343,142.0
38344,166.27
38345,49.14
38347,4.39
38348,54.01
38351,208.02
38352,18.07
38355,37.39
38356,77.88
38357,65.7
38358,82.66
38359,6.09
38361,45.02
38362,8.64
38363,86.27
38365,0.33
38366,47.44
38367,76.66
38368,52.71
38369,40.09
38370,21.75
38371,42.68
38372,308.19
38374,44.89
38375,112.72
38376,13.0
38379,34.24
38380,38.22
38381,57.1
38382,171.25
38387,42.34
38388,71.68
38389,0.11
38390,30.5
38391,67.46
38392,36.05
38401,296.66
38425,103.58
38449,58.56
38450,106.24
38451,84.07
38452,53.02
38453,17.4
38454,58.59
38455,0.28
38456,69.33
38457,26.4
38459,20.79
38460,26.38
38461,72.8
38462,193.24
38463,115.04
38464,269.99
38468,99.43
38469,69.46
38471,74.66
38472,100.44
38473,27.75
38474,104.19
38475,63.74
38476,40.73
38477,97.97
38478,256.44
38481,10.49
38482,44.39
38483,101.16
38485,282.43
38486,81.62
38487,50.8
38488,58.14
38501,87.08
38503,0.0
38504,45.21
38505,0.05
38506,164.34
38541,50.12
38542,3.15
38543,41.53
38544,79.22
38545,23.02
38547,30.96
38548,28.29
38549,73.7
38550,0.0
38551,89.34
38552,7.3
38553,48.09
38554,32.24
38555,92.29
38556,315.88
38558,20.16
38559,20.13
38560,32.97
38562,139.93
38563,33.19
38564,28.94
38565,10.35
38567,20.71
38568,67.55
38569,13.41
38570,118.85
38571,226.72
38572,158.5
38573,66.75
38574,169.25
38575,47.86
38577,88.06
38578,0.33
38579,18.3
38580,34.72
38581,97.97
38582,46.14
38583,363.58
38585,185.04
38587,29.87
38588,86.04
38589,30.18
38601,87.84
38603,136.7
38606,250.91
38610,95.07
38611,191.73
38614,242.69
38617,86.61
38618,198.35
38619,142.78
38620,58.95
38621,61.81
38622,0.9
38623,6.77
38625,33.36
38626,169.18
38627,63.33
38629,43.08
38631,3.14
38632,162.25
38633,100.13
38635,343.32
38637,15.84
38639,4.51
38641,76.6
38642,75.32
38643,154.8
38644,0.39
38645,63.0
38646,112.33
38647,66.74
38650,78.84
38651,32.94
38652,154.43
38654,91.79
38655,362.13
38658,42.99
38659,110.87
38661,30.25
38663,189.2
38664,99.15
38665,65.53
38666,142.13
38668,160.34
38670,101.67
38671,22.22
38672,13.02
38673,28.97
38674,41.27
38676,170.0
38677,1.18
38680,24.21
38683,134.34
38685,83.75
38701,89.43
38703,141.83
38720,58.88
38721,126.26
38722,4.94
38723,0.52
38725,146.67
38726,55.55
38730,61.09
38731,14.77
38732,88.33
38733,0.06
38736,70.01
38737,115.54
38738,18.79
38740,67.82
38744,70.89
38745,10.45
38746,83.59
38748,260.73
38751,163.04
38753,73.96
38754,91.45
38756,194.12
38759,64.8
38760,1.63
38761,55.3
38762,65.9
38764,3.3
38765,7.55
38767,1.82
38768,3.39
38769,70.64
38771,54.15
38772,16.72
38773,128.69
38774,62.67
38776,0.42
38778,60.74
38781,0.68
38801,72.98
38804,78.49
38821,138.6
38824,146.79
38826,30.69
38827,34.49
38828,93.37
38829,257.18
38833,50.01
38834,223.04
38838,45.33
38839,0.06
38841,32.96
38843,195.7
38844,13.0
38846,34.64
38847,91.66
38848,81.14
38849,72.51
38850,139.04
38851,218.77
38852,198.02
38855,61.89
38856,58.64
38857,18.98
38858,121.78
38859,43.99
38860,137.98
38862,29.77
38863,289.79
38864,79.56
38865,118.62
38866,75.37
38868,73.05
38869,1.05
38870,68.47
38871,55.27
38873,92.9
38876,75.56
38878,87.16
38879,0.12
38901,242.02
38913,22.81
38914,49.52
38915,110.11
38916,175.83
38917,167.68
38920,51.25
38921,147.61
38922,223.26
38923,81.35
38924,115.97
38925,156.79
38927,59.6
38928,34.77
38929,71.21
38930,194.18
38940,149.93
38941,105.87
38943,48.35
38944,98.28
38946,9.56
38947,0.09
38948,103.32
38949,11.35
38950,63.42
38951,51.66
38952,109.17
38953,35.81
38954,64.72
38957,10.79
38961,73.2
38962,11.64
38963,173.43
38964,31.64
38965,251.64
38966,24.54
38967,171.04
39038,245.93
39039,143.38
39040,173.95
39041,122.94
39042,214.18
39044,139.89
39045,111.41
39046,311.82
39047,96.95
39051,430.71
39054,13.37
39056,54.24
39057,62.54
39058,0.14
39059,151.64
39061,4.22
39062,1.42
39063,99.13
39066,150.28
39067,102.92
39069,178.05
39071,109.49
39073,161.1
39074,277.38
39078,39.49
39079,78.7
39082,60.59
39083,321.03
39086,180.76
39088,58.67
39090,262.69
39092,100.58
39094,171.47
39095,351.33
39096,196.75
39097,58.84
39108,193.71
39110,74.32
39111,141.48
39113,27.75
39114,190.41
39115,4.72
39116,85.51
39117,251.07
39119,147.36
39120,484.18
39140,96.9
39144,114.71
39145,129.58
39146,136.0
39148,0.02
39149,79.71
39150,226.49
39152,72.15
39153,152.05
39154,117.18
39156,60.69
39157,30.03
39159,375.74
39160,140.17
39162,52.74
39166,56.71
39167,0.17
39168,149.17
39169,122.41
39170,97.01
39173,0.65
39174,0.25
39175,235.31
39176,135.14
39177,94.34
39179,88.63
39180,261.09
39183,308.5
39189,76.66
39191,220.4
39192,144.91
39193,1.83
39194,454.31
39201,2.08
39202,3.88
39203,2.27
39204,9.43
39206,8.85
39208,47.82
39209,62.31
39210,0.15
39211,12.31
39212,29.6
39213,28.28
39216,3.1
39217,0.19
39218,17.73
39232,25.58
39269,0.0
39272,23.5
39301,260.68
39305,99.11
39307,90.59
39309,9.57
39320,46.99
39322,73.47
39323,59.57
39324,0.03
39325,106.71
39326,38.84
39327,104.88
39328,313.97
39330,128.5
39332,64.02
39335,101.28
39336,70.51
39337,67.38
39338,210.06
39339,391.91
39341,381.37
39342,3.09
39345,140.88
39346,78.71
39347,78.68
39348,39.18
39350,413.39
39352,88.21
39354,122.41
39355,279.2
39356,65.32
39358,177.05
39359,1.12
39360,223.54
39361,131.61
39362,194.61
39363,23.25
39364,83.19
39365,192.06
39366,66.85
39367,460.57
39401,188.85
39402,93.23
39406,0.34
39421,66.64
39422,140.46
39423,96.93
39425,212.6
39426,182.8
39427,56.37
39428,178.1
39429,298.66
39437,169.55
39439,136.56
39440,17.7
39443,292.09
39451,260.82
39452,535.16
39455,367.14
39456,114.96
39459,62.54
39461,44.07
39462,56.79
39464,106.53
39465,122.74
39466,152.79
39470,429.9
39474,153.44
39475,158.51
39476,418.74
39477,5.22
39478,73.53
39479,124.34
39480,49.05
39481,37.51
39482,197.09
39483,148.69
39501,14.36
39503,114.27
39507,8.22
39520,96.92
39525,10.47
39529,16.86
39530,4.5
39531,6.64
39532,82.21
39534,1.75
39540,11.39
39553,28.26
39556,102.61
39560,20.26
39561,31.32
39562,201.65
39563,19.88
39564,53.28
39565,274.57
39567,6.4
39571,86.04
39572,10.77
39573,409.41
39574,213.05
39576,6.52
39577,252.35
39581,14.01
39595,0.52
39601,264.55
39629,153.96
39630,3.27
39631,157.51
39633,110.69
39635,0.15
39638,184.61
39641,140.51
39643,39.51
39645,313.87
39647,73.35
39648,107.99
39652,156.75
39653,228.31
39654,151.69
39656,54.69
39657,96.44
39661,248.41
39662,48.27
39663,125.82
39664,113.84
39665,59.74
39666,163.52
39667,317.13
39668,109.37
39669,437.72
39701,190.56
39702,99.95
39705,66.04
39730,250.35
39735,148.24
39736,0.63
39737,17.13
39739,176.06
39740,79.63
39741,71.35
39743,69.77
39744,244.04
39745,61.57
39746,88.12
39747,128.92
39750,91.41
39751,76.12
39752,73.55
39753,0.23
39755,70.26
39756,70.24
39759,323.64
39762,1.23
39766,35.07
39767,85.48
39769,130.3
39771,0.97
39772,80.91
39773,219.83
39776,85.06
39813,132.97
39815,54.66
39817,144.45
39819,150.06
39823,347.65
39824,41.23
39825,93.25
39826,33.68
39827,69.88
39828,135.82
39832,2.6
39834,121.85
39836,72.17
39837,288.0
39840,222.85
39841,72.26
39842,269.16
39845,194.35
39846,80.26
39851,137.1
39854,114.65
39859,59.51
39861,61.68
39862,146.19
39866,58.98
39867,96.54
39870,183.7
39877,43.18
39885,0.15
39886,105.37
39897,136.66
40003,43.31
40004,145.33
40006,90.99
40007,8.21
40008,89.85
40009,64.32
40010,1.53
40011,52.02
40012,11.11
40013,75.5
40014,52.07
40019,38.77
40020,0.47
40022,16.34
40023,24.26
40025,1.29
40026,30.99
40031,66.89
40033,140.36
40036,26.45
40037,50.11
40040,18.03
40041,0.13
40045,52.18
40046,49.01
40047,29.89
40049,0.32
40050,17.24
40051,90.6
40052,22.73
40055,23.58
40056,2.95
40057,94.61
40058,0.02
40059,28.17
40060,41.52
40061,0.12
40062,5.71
40063,0.07
40065,167.49
40067,43.5
40068,43.23
40069,188.7
40070,12.57
40071,121.28
40075,48.55
40076,57.18
40077,7.77
40078,61.12
40104,60.05
40107,52.81
40108,69.02
40109,13.38
40110,4.99
40111,33.97
40115,17.67
40117,21.12
40118,15.02
40119,107.44
40121,35.22
40140,26.96
40142,45.24
40143,141.63
40144,56.75
40145,37.48
40146,75.38
40150,61.44
40152,9.93
40155,1.27
40157,32.31
40160,17.13
40161,7.5
40162,49.24
40165,113.23
40170,22.87
40171,20.16
40175,80.66
40176,36.38
40177,15.49
40178,8.18
40202,1.61
40203,2.9
40204,3.17
40205,6.89
40206,5.84
40207,11.74
40208,2.61
40209,4.32
40210,3.17
40211,7.31
40212,3.83
40213,9.58
40214,14.97
40215,3.49
40216,15.65
40217,2.4
40218,9.0
40219,14.86
40220,7.66
40221,0.14
40222,9.45
40223,12.06
40228,8.66
40229,17.51
40231,0.07
40241,13.09
40242,2.86
40243,4.11
40245,32.56
40258,11.68
40272,33.28
40280,0.07
40291,22.63
40299,53.97
40310,0.57
40311,170.02
40312,56.87
40313,27.7
40316,8.89
40322,111.68
40324,155.13
40328,60.42
40330,220.76
40334,1.17
40336,209.6
40337,56.34
40339,0.12
40342,185.04
40346,18.93
40347,40.6
40348,0.61
40350,14.22
40351,268.22
40353,141.31
40355,11.16
40356,139.49
40357,0.04
40358,17.15
40359,217.98
40360,148.42
40361,257.11
40363,0.02
40370,81.35
40371,77.59
40372,53.74
40374,61.4
40376,9.31
40379,65.48
40380,122.0
40383,150.38
40385,45.64
40387,69.03
40390,24.7
40391,237.3
40402,48.32
40403,111.0
40404,0.2
40409,44.9
40419,95.01
40422,108.27
40434,0.04
40437,107.73
40440,13.21
40442,26.69
40444,159.49
40445,48.87
40447,243.39
40448,0.09
40456,162.77
40460,33.38
40461,55.68
40464,29.6
40468,29.58
40472,45.14
40475,287.34
40481,16.54
40484,139.56
40486,51.53
40489,65.13
40502,7.15
40503,8.83
40504,6.16
40505,7.99
40507,0.43
40508,4.21
40509,47.75
40510,22.7
40511,86.04
40513,14.69
40514,2.99
40515,55.28
40516,30.69
40517,6.17
40526,0.06
40536,0.1
40601,217.53
40701,150.58
40729,75.09
40734,45.43
40737,8.09
40740,15.12
40741,207.57
40744,103.8
40759,49.17
40763,26.1
40769,280.78
40771,10.32
40801,0.19
40803,1.52
40806,22.36
40807,0.17
40808,34.73
40810,68.26
40813,12.92
40815,23.47
40816,3.53
40818,4.36
40819,16.42
40820,25.64
40823,48.45
40824,4.02
40826,31.26
40827,18.22
40828,50.64
40829,5.25
40830,0.37
40831,67.33
40840,41.81
40843,15.59
40844,15.08
40845,8.69
40847,0.11
40849,0.09
40854,2.35
40855,14.98
40856,30.79
40858,7.75
40862,19.04
40863,24.71
40865,3.7
40868,10.73
40870,12.91
40873,27.38
40874,23.66
40902,33.73
40903,18.13
40906,137.37
40913,16.97
40914,44.85
40915,5.55
40921,12.61
40923,5.45
40927,26.98
40935,61.86
40939,6.33
40940,30.24
40941,0.14
40943,5.47
40946,1.61
40949,1.95
40953,9.91
40958,9.23
40962,338.91
40964,0.52
40965,86.29
40972,73.84
40977,133.68
40979,5.93
40981,0.91
40982,8.78
40983,15.34
40988,23.72
40995,4.35
40997,25.66
41001,51.69
41002,40.97
41003,88.69
41004,112.06
41005,52.36
41006,55.49
41007,49.61
41008,47.15
41010,91.7
41011,7.03
41014,1.03
41015,25.45
41016,1.48
41017,21.21
41018,11.57
41030,32.64
41031,225.61
41033,40.84
41034,30.82
41035,102.16
41039,79.19
41040,149.37
41041,106.84
41042,22.11
41043,49.83
41044,30.26
41045,32.35
41046,23.76
41048,33.53
41049,86.05
41051,30.14
41052,10.49
41055,66.55
41056,139.5
41059,15.36
41063,31.6
41064,84.33
41071,5.5
41073,0.91
41074,1.45
41075,5.83
41076,19.17
41080,26.8
41083,39.63
41085,0.32
41086,48.01
41091,56.17
41092,38.26
41093,102.44
41094,42.08
41095,27.66
41097,95.63
41098,49.3
41101,10.25
41102,49.77
41121,45.82
41124,59.24
41129,87.6
41132,12.47
41135,11.95
41139,8.24
41141,67.31
41142,0.53
41143,193.55
41144,141.27
41146,7.21
41149,28.09
41159,22.37
41164,242.2
41166,19.85
41168,59.19
41169,6.22
41171,118.57
41174,12.41
41175,78.43
41179,338.98
41180,75.43
41181,1.92
41183,1.51
41189,48.18
41201,11.1
41203,7.72
41204,11.91
41214,15.12
41216,17.04
41219,48.25
41222,28.2
41224,83.71
41226,6.19
41230,231.92
41231,13.08
41232,12.58
41234,4.71
41238,28.09
41240,36.87
41250,69.02
41254,12.34
41255,13.01
41256,18.81
41257,9.33
41260,2.84
41262,26.33
41263,5.43
41264,13.52
41265,26.92
41267,5.97
41268,0.32
41271,3.33
41274,4.1
41301,208.92
41310,2.62
41311,170.48
41314,178.01
41317,41.07
41332,39.54
41339,329.7
41348,39.0
41351,16.23
41352,20.25
41360,16.53
41364,14.91
41365,14.17
41366,10.14
41367,7.82
41385,26.68
41386,3.38
41390,1.57
41397,10.7
41408,5.48
41421,16.61
41425,29.47
41464,10.55
41465,261.96
41472,270.26
41501,192.43
41503,2.35
41512,12.44
41513,7.09
41514,54.04
41517,0.04
41519,11.3
41522,70.14
41524,17.27
41526,0.03
41527,3.93
41528,5.48
41531,10.22
41534,4.9
41535,2.7
41537,54.73
41538,2.8
41539,42.52
41540,14.44
41543,3.99
41544,10.06
41547,7.28
41548,15.45
41553,38.61
41554,17.46
41555,8.5
41557,25.13
41558,15.18
41559,5.23
41560,6.11
41562,16.88
41563,7.17
41564,15.79
41566,9.64
41567,4.15
41568,24.86
41571,21.12
41572,45.45
41601,5.82
41602,2.73
41603,14.03
41604,7.54
41605,3.26
41606,9.79
41607,5.67
41612,0.39
41615,5.5
41616,11.66
41619,6.87
41621,0.79
41622,4.01
41630,15.5
41631,9.39
41632,32.69
41635,21.74
41636,8.48
41640,37.99
41642,8.63
41643,4.12
41645,11.49
41647,18.67
41649,23.99
41650,5.5
41651,0.8
41653,125.3
41655,14.43
41659,10.56
41660,6.85
41663,1.49
41666,9.44
41667,5.86
41669,2.76
41701,140.43
41712,2.83
41713,0.71
41714,12.05
41719,9.83
41721,42.9
41722,38.57
41723,17.48
41725,5.0
41727,13.53
41729,0.24
41731,36.52
41735,9.27
41739,2.81
41740,17.3
41745,6.23
41746,4.53
41749,104.14
41751,3.58
41754,10.9
41759,10.46
41760,1.84
41762,5.58
41763,17.3
41764,17.6
41766,4.46
41772,16.04
41773,21.07
41774,44.9
41775,9.15
41776,32.35
41777,35.83
41778,2.39
41804,11.81
41810,2.55
41812,6.07
41815,7.18
41817,13.29
41819,18.59
41821,24.65
41822,19.1
41824,5.04
41825,5.19
41826,8.88
41828,21.04
41831,18.89
41832,7.45
41833,20.23
41834,5.75
41835,6.34
41836,16.56
41837,9.09
41838,8.59
41839,12.96
41840,4.96
41843,11.91
41844,15.02
41845,7.15
41847,11.94
41848,1.58
41849,0.97
41855,7.45
41858,87.25
41859,7.12
41861,9.84
41862,13.67
42001,74.23
42003,69.03
42020,24.24
42021,56.68
42022,0.49
42023,95.0
42024,46.42
42025,199.7
42027,46.14
42028,25.58
42029,46.09
42031,147.05
42032,6.94
42035,26.7
42036,27.59
42037,0.06
42038,86.68
42039,48.75
42040,31.76
42041,107.07
42044,23.62
42045,40.82
42047,21.4
42048,26.75
42049,44.83
42050,109.97
42051,52.81
42053,119.81
42054,32.97
42055,44.73
42056,53.49
42058,15.91
42060,0.83
42061,0.35
42064,294.52
42066,217.3
42069,24.37
42071,209.03
42076,41.09
42078,88.7
42079,54.39
42081,114.36
42082,27.63
42083,25.2
42085,28.59
42086,31.26
42087,68.1
42088,67.81
42101,281.03
42103,70.42
42104,58.04
42120,43.24
42122,37.69
42123,21.99
42124,1.98
42127,89.74
42129,192.73
42130,3.09
42131,4.77
42133,77.13
42134,212.67
42140,39.45
42141,268.52
42151,28.37
42153,4.02
42154,24.18
42156,7.61
42157,18.53
42159,31.34
42160,64.6
42163,0.82
42164,261.89
42166,70.54
42167,204.0
42170,30.71
42171,103.28
42202,64.92
42204,42.66
42206,113.84
42207,19.18
42210,83.61
42211,284.42
42214,21.25
42215,56.44
42217,159.95
42220,167.93
42223,21.72
42232,21.96
42234,49.36
42236,63.3
42240,277.15
42252,2.86
42254,9.38
42256,197.25
42259,72.77
42261,287.8
42262,31.22
42265,54.47
42266,72.58
42273,16.4
42274,41.05
42275,46.38
42276,205.07
42280,23.99
42285,8.36
42286,68.69
42301,173.04
42303,48.83
42320,149.05
42321,3.66
42322,0.58
42323,1.47
42324,31.46
42325,29.04
42326,15.7
42327,123.39
42328,64.08
42330,104.04
42332,0.53
42333,36.04
42337,37.2
42338,3.09
42339,36.39
42343,77.78
42344,34.63
42345,154.07
42347,121.7
42348,104.17
42349,56.23
42350,41.6
42351,70.84
42352,22.96
42354,0.8
42355,27.98
42356,0.04
42361,37.86
42366,87.59
42367,2.38
42368,44.04
42369,3.02
42370,0.14
42371,38.07
42372,37.99
42374,0.22
42376,98.09
42378,61.31
42404,87.74
42406,110.44
42408,143.66
42409,81.04
42410,2.98
42411,78.78
42413,46.97
42420,191.56
42431,166.67
42436,21.53
42437,169.13
42440,1.41
42441,53.65
42442,47.1
42444,0.01
42445,261.29
42450,72.64
42451,39.3
42452,60.1
42453,22.96
42455,72.57
42456,69.12
42458,10.95
42459,125.71
42461,31.68
42462,48.88
42463,1.53
42464,59.89
42501,199.71
42503,129.47
42516,12.57
42518,34.22
42519,49.3
42528,52.62
42533,1.62
42539,219.65
42541,14.86
42544,142.18
42553,65.71
42565,23.8
42566,16.97
42567,88.11
42602,189.03
42603,11.39
42629,100.87
42631,0.13
42633,419.34
42634,88.91
42635,25.23
42638,1.14
42642,140.22
42647,138.32
42649,73.49
42653,81.2
42701,161.81
42712,54.4
42713,47.4
42715,25.06
42716,31.38
42717,304.79
42718,265.56
42721,142.36
42722,16.97
42724,76.22
42726,103.08
42728,320.93
42729,41.03
42732,54.07
42733,55.47
42740,31.09
42741,12.76
42742,1.96
42743,206.04
42746,47.38
42748,128.3
42749,91.77
42753,25.39
42754,188.99
42757,78.25
42758,0.41
42759,0.15
42762,9.41
42764,18.21
42765,114.68
42776,66.09
42782,33.35
42784,65.89
42788,7.6
43001,29.31
43002,0.36
43003,33.83
43004,12.5
43005,1.95
43006,22.54
43007,2.38
43008,1.5
43009,33.78
43010,0.23
43011,80.0
43013,20.1
43014,69.97
43015,127.93
43016,19.0
43017,16.15
43018,0.62
43019,109.96
43021,38.89
43022,42.07
43023,49.94
43025,35.46
43026,35.3
43027,0.11
43028,50.66
43029,23.4
43030,2.05
43031,85.04
43032,0.02
43033,0.73
43035,19.61
43036,0.16
43037,3.24
43040,166.32
43044,79.47
43045,37.56
43046,26.66
43047,0.01
43050,154.05
43054,25.67
43055,112.71
43056,86.98
43060,26.09
43061,45.19
43062,74.25
43064,103.62
43065,28.08
43066,35.96
43067,32.81
43068,19.61
43070,0.41
43071,35.64
43072,76.4
43074,85.2
43076,65.2
43077,0.16
43078,150.39
43080,73.34
43081,25.12
43082,20.95
43084,20.87
43085,7.32
43101,0.27
43102,57.35
43103,83.6
43105,56.62
43106,39.35
43107,29.76
43109,0.17
43110,46.68
43111,0.4
43112,35.45
43113,162.19
43115,44.49
43116,1.01
43117,0.02
43119,32.1
43123,59.74
43125,31.46
43126,0.16
43127,1.03
43128,48.57
43130,164.52
43135,91.91
43136,1.19
43137,31.89
43138,175.81
43140,219.92
43142,0.09
43143,133.57
43144,6.69
43145,53.8
43146,77.84
43147,29.91
43148,26.96
43149,54.14
43150,24.37
43151,0.26
43152,47.46
43153,51.9
43154,26.33
43155,29.69
43156,0.3
43157,0.4
43158,2.31
43160,213.25
43162,47.0
43164,62.01
43201,3.05
43202,2.51
43203,1.44
43204,9.35
43205,2.39
43206,3.02
43207,23.12
43209,6.12
43210,1.49
43211,4.71
43212,3.74
43213,10.32
43214,6.81
43215,5.14
43217,4.3
43218,0.09
43219,15.96
43220,6.61
43221,9.54
43222,1.41
43223,10.0
43224,8.26
43227,4.15
43228,19.89
43229,9.04
43230,20.4
43231,4.16
43232,12.44
43235,14.15
43240,2.46
43302,194.97
43310,66.33
43311,103.81
43314,54.33
43315,84.03
43316,75.89
43317,0.22
43318,64.17
43319,18.83
43320,31.61
43321,0.15
43322,0.3
43323,36.36
43324,28.62
43325,0.85
43326,186.48
43330,0.11
43331,30.84
43332,61.18
43333,30.41
43334,66.05
43336,0.52
43337,35.47
43338,95.05
43340,48.71
43341,22.35
43342,42.7
43343,35.81
43344,97.98
43345,28.45
43346,1.07
43347,30.74
43348,2.32
43350,0.14
43351,154.0
43356,20.68
43357,68.04
43358,60.97
43359,21.63
43360,30.15
43402,110.66
43403,0.31
43406,18.82
43407,14.68
43408,0.66
43410,51.4
43412,27.64
43413,33.29
43414,0.44
43416,28.22
43420,136.32
43430,25.58
43431,49.94
43432,21.73
43433,0.49
43434,0.02
43435,35.03
43436,1.07
43437,0.95
43438,4.35
43439,0.02
43440,15.89
43442,17.54
43443,12.37
43445,20.31
43446,1.26
43447,17.35
43449,83.83
43450,40.76
43451,24.8
43452,46.21
43456,2.53
43457,19.09
43458,0.99
43460,2.6
43462,25.53
43463,0.3
43464,32.96
43465,12.26
43466,28.27
43467,0.22
43468,1.64
43469,22.93
43501,26.44
43502,72.78
43504,15.12
43505,0.09
43506,103.45
43510,0.59
43511,43.97
43512,217.68
43515,81.83
43516,72.51
43517,63.89
43518,68.48
43519,1.29
43520,1.18
43521,66.31
43522,31.18
43523,3.06
43524,31.76
43525,0.8
43526,76.09
43527,50.57
43528,18.7
43529,0.74
43530,0.14
43531,0.17
43532,45.18
43533,23.33
43534,36.0
43535,23.4
43536,16.83
43537,18.59
43540,18.06
43541,0.4
43542,14.9
43543,84.75
43545,135.01
43547,0.43
43548,24.54
43549,29.42
43551,77.64
43553,0.3
43554,34.39
43555,0.66
43556,31.98
43557,41.81
43558,83.35
43560,21.2
43565,0.16
43566,18.38
43567,114.26
43569,35.22
43570,44.82
43571,21.94
43604,2.82
43605,7.17
43606,6.45
43607,7.24
43608,3.32
43609,4.82
43610,1.24
43611,7.31
43612,11.52
43613,6.13
43614,8.98
43615,16.48
43616,38.45
43617,5.24
43619,11.64
43620,1.07
43623,6.69
43701,180.51
43711,0.19
43713,90.92
43716,65.11
43717,0.28
43718,57.49
43719,33.49
43720,48.16
43721,0.36
43722,0.49
43723,15.7
43724,155.46
43725,124.17
43727,71.51
43728,36.6
43730,44.58
43731,52.15
43732,78.51
43733,0.92
43734,3.53
43735,0.69
43736,0.04
43738,0.06
43739,34.82
43740,0.14
43746,17.96
43747,36.37
43748,36.81
43749,106.0
43750,1.02
43754,71.53
43755,38.47
43756,138.45
43758,85.17
43759,0.61
43760,34.85
43761,0.57
43762,74.75
43764,60.8
43766,38.89
43767,28.68
43768,0.64
43771,23.0
43772,34.02
43773,104.81
43777,52.9
43778,40.92
43779,36.47
43780,38.86
43782,12.97
43783,57.1
43786,0.23
43787,75.43
43788,40.31
43791,0.2
43793,105.48
43802,41.6
43804,30.69
43805,1.03
43811,21.2
43812,156.98
43821,81.13
43822,88.53
43824,79.34
43830,50.02
43832,101.03
43836,0.12
43837,49.23
43840,34.29
43842,0.27
43843,44.48
43844,123.96
43845,28.36
43901,30.83
43902,16.28
43903,37.13
43905,2.02
43906,32.17
43907,161.05
43908,30.59
43909,0.05
43910,54.45
43912,17.89
43913,2.42
43914,0.58
43915,55.6
43917,32.31
43920,41.88
43925,0.21
43926,0.3
43928,1.16
43930,32.58
43931,0.39
43932,22.19
43933,47.77
43934,0.15
43935,19.31
43938,32.66
43939,0.92
43940,0.49
43942,20.89
43943,45.09
43944,30.94
43945,67.53
43946,57.3
43947,17.22
43948,0.6
43950,81.73
43951,1.11
43952,25.69
43953,18.5
43961,0.21
43962,0.53
43963,0.44
43964,47.29
43967,0.43
43968,33.95
43971,1.27
43972,0.13
43973,86.54
43974,0.08
43976,21.77
43977,52.7
43981,0.24
43983,18.2
43985,0.66
43986,40.8
43988,54.92
44001,33.21
44003,60.85
44004,74.07
44010,18.32
44011,20.79
44012,11.13
44017,6.14
44021,40.39
44022,30.15
44023,51.61
44024,90.03
44026,28.87
44028,33.64
44030,58.69
44032,41.36
44035,47.57
44039,24.09
44040,9.82
44041,65.09
44044,54.13
44045,0.94
44046,14.95
44047,106.98
44048,28.09
44049,0.35
44050,25.54
44052,9.5
44053,10.83
44054,12.52
44055,6.3
44056,9.76
44057,50.09
44060,39.93
44062,74.68
44064,22.65
44065,21.87
44067,17.2
44068,0.46
44070,11.67
44072,18.45
44074,50.92
44076,68.17
44077,60.54
44080,0.24
44081,20.63
44082,37.05
44084,42.51
44085,50.01
44086,26.67
44087,17.97
44089,34.57
44090,100.84
44092,7.37
44093,35.45
44094,39.68
44095,9.11
44099,22.57
44101,0.09
44102,6.09
44103,4.07
44104,4.69
44105,8.91
44106,4.3
44107,5.38
44108,4.46
44109,7.09
44110,4.14
44111,6.55
44112,4.01
44113,3.83
44114,3.05
44115,2.11
44116,4.89
44117,3.8
44118,7.05
44119,2.22
44120,5.24
44121,6.36
44122,12.46
44123,2.53
44124,15.16
44125,14.0
44126,4.49
44127,1.79
44128,8.78
44129,5.84
44130,17.14
44131,15.72
44132,3.19
44133,21.44
44134,9.7
44135,10.16
44136,13.53
44137,5.19
44138,13.81
44139,22.93
44140,4.57
44141,24.19
44142,7.44
44143,14.07
44144,5.55
44145,15.93
44146,20.02
44147,12.98
44149,11.31
44201,52.77
44202,30.34
44203,35.04
44212,21.04
44214,26.42
44215,2.22
44216,23.54
44217,29.42
44221,6.39
44223,14.81
44224,20.41
44230,18.11
44231,48.88
44232,0.02
44233,26.7
44234,25.17
44235,25.5
44236,32.03
44240,39.74
44241,22.21
44243,0.42
44250,0.71
44251,1.47
44253,27.49
44254,25.96
44255,42.72
44256,130.77
44260,32.99
44262,2.67
44264,22.36
44266,91.88
44270,19.51
44272,24.28
44273,38.69
44274,1.13
44275,37.1
44276,20.58
44278,14.57
44280,25.35
44281,47.8
44285,0.82
44286,23.62
44287,66.68
44288,16.94
44301,3.56
44302,0.9
44303,2.11
44304,1.31
44305,6.72
44306,8.34
44307,1.95
44308,0.46
44310,6.17
44311,1.87
44312,18.95
44313,13.49
44314,4.37
44319,19.04
44320,10.03
44321,14.6
44325,0.29
44333,28.41
44401,30.5
44402,36.31
44403,14.36
44404,15.62
44405,3.58
44406,54.51
44408,35.63
44410,65.38
44411,19.92
44412,22.51
44413,24.5
44415,0.37
44417,34.48
44418,16.6
44420,14.83
44423,29.09
44424,2.23
44425,30.48
44427,31.9
44428,54.03
44429,6.56
44430,13.01
44431,27.43
44432,105.75
44436,22.1
44437,3.89
44438,9.41
44439,2.91
44440,8.42
44441,16.36
44442,9.05
44443,13.5
44444,41.07
44445,15.48
44446,13.98
44449,13.54
44450,43.93
44451,38.68
44452,13.68
44454,6.87
44455,17.94
44460,107.36
44470,27.18
44471,4.48
44473,24.49
44481,56.96
44483,18.34
44484,17.91
44485,7.81
44490,0.79
44491,30.59
44493,1.13
44502,5.58
44503,0.44
44504,1.23
44505,18.02
44506,1.85
44507,1.74
44509,5.63
44510,1.92
44511,7.39
44512,17.02
44514,22.22
44515,18.47
44555,0.09
44601,82.0
44606,42.47
44607,1.33
44608,22.16
44609,26.93
44610,0.26
44611,26.63
44612,26.49
44613,2.01
44614,22.83
44615,143.97
44618,42.09
44619,0.56
44620,22.36
44621,32.08
44622,55.59
44624,48.83
44625,19.24
44626,28.28
44627,47.48
44628,40.8
44629,20.34
44630,0.01
44632,27.8
44633,22.37
44634,18.17
44637,52.41
44638,28.46
44639,0.24
44640,0.23
44641,54.88
44643,29.89
44644,23.29
44645,24.6
44646,28.77
44647,28.89
44651,22.59
44652,0.23
44653,0.59
44654,160.17
44656,40.52
44657,63.15
44659,0.16
44660,0.74
44661,0.66
44662,57.67
44663,96.25
44665,0.53
44666,23.48
44667,44.72
44669,17.78
44670,0.14
44671,0.89
44672,3.15
44675,27.38
44676,55.61
44677,16.99
44678,2.98
44680,18.16
44681,56.37
44682,0.45
44683,66.98
44685,25.57
44687,0.53
44688,23.3
44689,2.73
44690,0.2
44691,154.9
44693,1.58
44695,29.32
44697,1.55
44699,57.66
44702,0.56
44703,1.06
44704,2.05
44705,7.95
44706,18.81
44707,15.32
44708,10.06
44709,5.81
44710,2.2
44714,2.61
44718,8.37
44720,34.34
44721,15.87
44730,36.19
44802,27.75
44804,19.46
44805,151.09
44807,70.04
44809,0.49
44811,118.35
44813,68.21
44814,25.55
44815,1.14
44817,30.92
44818,75.3
44820,160.59
44822,45.61
44824,25.11
44825,0.1
44826,28.21
44827,48.51
44828,0.17
44830,118.44
44833,90.4
44836,35.7
44837,66.76
44838,0.28
44839,36.09
44840,48.77
44841,19.86
44842,72.8
44843,27.39
44844,18.38
44846,22.32
44847,68.28
44849,50.36
44850,0.38
44851,76.07
44853,27.32
44854,40.93
44855,27.8
44856,0.04
44857,81.56
44859,31.07
44861,0.21
44864,59.57
44865,38.3
44866,27.39
44867,61.58
44870,60.75
44874,0.43
44875,81.52
44878,57.96
44880,30.1
44881,0.06
44882,71.64
44883,164.88
44887,30.03
44889,76.7
44890,84.69
44901,0.02
44902,1.96
44903,114.09
44904,51.98
44905,12.83
44906,19.48
44907,7.79
45001,0.85
45002,25.64
45003,15.21
45005,36.64
45011,60.39
45013,117.66
45014,22.59
45015,5.63
45030,40.14
45032,0.36
45033,0.32
45034,0.75
45036,81.15
45039,15.56
45040,28.45
45041,0.18
45042,49.19
45044,37.79
45050,8.43
45051,0.45
45052,13.26
45053,27.22
45054,31.11
45055,0.23
45056,74.7
45062,0.79
45064,32.1
45065,2.94
45066,20.41
45067,19.59
45068,70.59
45069,28.97
45070,0.4
45101,17.76
45102,22.13
45103,85.32
45105,0.01
45106,73.69
45107,80.56
45111,1.13
45112,0.32
45113,37.71
45115,4.52
45118,40.88
45119,0.01
45120,38.94
45121,106.82
45122,42.2
45123,106.76
45130,37.93
45131,0.25
45132,0.15
45133,314.46
45135,74.77
45140,44.08
45142,61.83
45144,70.75
45146,25.89
45147,0.2
45148,24.22
45150,32.26
45152,48.68
45153,28.46
45154,65.51
45155,0.48
45156,0.12
45157,41.15
45158,2.61
45159,54.54
45160,0.31
45162,23.86
45164,0.17
45166,0.74
45167,61.88
45168,27.64
45169,93.73
45171,80.85
45172,0.44
45174,1.24
45176,53.12
45177,169.95
45202,2.66
45203,1.2
45204,3.07
45205,2.8
45206,2.04
45207,1.19
45208,4.31
45209,2.26
45211,9.02
45212,3.66
45213,3.13
45214,2.68
45215,12.0
45216,2.79
45217,2.17
45218,1.31
45219,1.59
45220,2.89
45223,4.63
45224,6.07
45225,2.93
45226,5.7
45227,5.77
45229,2.72
45230,13.74
45231,14.78
45232,4.04
45233,10.83
45236,6.89
45237,6.08
45238,10.3
45239,6.26
45240,9.68
45241,17.48
45242,13.55
45243,19.41
45244,21.68
45245,15.84
45246,9.43
45247,21.16
45248,11.39
45249,6.8
45251,11.88
45252,11.33
45255,12.95
45267,0.04
45301,0.11
45302,52.16
45303,31.1
45304,85.15
45305,13.83
45306,31.14
45307,0.17
45308,50.88
45309,65.95
45310,0.17
45311,85.02
45312,27.33
45314,51.41
45315,10.88
45316,0.13
45317,21.57
45318,46.85
45319,0.35
45320,134.01
45321,14.12
45322,21.16
45323,6.26
45324,33.14
45325,25.74
45326,23.4
45327,48.13
45328,0.39
45330,0.93
45331,151.18
45332,13.49
45333,22.69
45334,26.94
45335,82.33
45336,0.52
45337,20.79
45338,49.24
45339,13.99
45340,24.05
45341,6.4
45342,34.31
45344,69.96
45345,22.36
45346,40.15
45347,55.32
45348,29.79
45349,0.2
45350,0.19
45351,0.34
45352,0.15
45353,2.81
45354,0.9
45356,75.51
45358,0.16
45359,13.78
45360,0.17
45361,0.45
45362,31.9
45363,22.78
45365,155.72
45368,79.18
45369,42.85
45370,16.65
45371,51.22
45372,0.22
45373,87.68
45377,21.24
45378,0.31
45380,68.85
45381,53.95
45382,20.47
45383,23.48
45384,2.35
45385,137.25
45387,28.57
45388,17.45
45389,0.2
45390,53.55
45402,4.37
45403,3.15
45404,7.56
45405,3.97
45406,4.98
45409,3.68
45410,2.41
45414,21.76
45415,6.01
45416,1.94
45417,32.2
45419,3.73
45420,6.44
45423,0.01
45424,31.52
45426,19.9
45428,0.46
45429,9.9
45430,4.84
45431,11.73
45432,7.13
45433,7.11
45434,10.43
45435,0.18
45439,7.78
45440,9.2
45449,6.8
45458,19.87
45459,14.2
45469,0.02
45501,0.01
45502,115.33
45503,17.46
45504,21.95
45505,13.62
45506,12.22
45601,348.73
45612,111.53
45613,82.37
45614,71.05
45616,72.64
45617,0.17
45618,0.03
45619,32.14
45620,21.62
45621,0.48
45622,22.03
45623,72.22
45624,0.02
45628,75.77
45629,32.25
45630,0.22
45631,114.59
45634,34.72
45636,1.7
45638,76.9
45640,174.61
45642,0.04
45644,60.94
45645,45.64
45646,15.0
45647,66.16
45648,139.46
45650,14.79
45651,141.94
45652,35.01
45653,42.75
45654,53.48
45656,133.82
45657,94.68
45658,93.87
45659,98.96
45660,202.65
45661,100.75
45662,55.54
45663,67.23
45669,35.67
45671,14.9
45672,57.65
45673,0.49
45674,1.17
45677,0.64
45678,45.88
45679,62.78
45680,34.57
45681,36.17
45682,48.44
45684,83.27
45685,30.4
45686,96.68
45688,34.03
45690,141.46
45692,81.57
45693,132.36
45694,67.89
45695,32.71
45696,34.76
45697,96.62
45698,2.33
45699,0.25
45701,148.59
45710,97.17
45711,50.1
45714,35.75
45715,41.92
45716,0.56
45719,0.68
45720,0.1
45721,0.03
45723,66.04
45724,54.21
45727,31.48
45729,26.09
45732,79.68
45734,30.93
45735,48.16
45739,0.24
45740,0.29
45741,41.21
45742,26.64
45743,35.75
45744,56.13
45745,72.59
45746,17.26
45750,106.81
45760,20.36
45761,34.31
45764,78.95
45766,32.48
45767,111.54
45768,31.18
45769,105.02
45770,21.83
45771,61.36
45772,40.75
45773,12.28
45775,31.07
45776,18.13
45778,27.02
45779,0.87
45780,2.92
45782,0.67
45783,0.54
45784,37.68
45786,63.29
45788,32.37
45789,13.98
45801,45.71
45804,21.25
45805,14.57
45806,62.45
45807,75.42
45808,0.6
45809,0.32
45810,65.56
45812,38.81
45813,56.16
45814,35.78
45815,0.21
45816,0.26
45817,64.03
45819,0.26
45820,0.28
45821,39.22
45822,162.94
45826,0.24
45827,64.11
45828,33.87
45830,94.55
45831,74.38
45832,68.59
45833,72.36
45835,18.45
45836,24.69
45838,0.08
45840,166.49
45841,22.63
45843,100.8
45844,58.15
45845,32.67
45846,75.88
45848,0.13
45849,43.47
45850,58.41
45851,36.33
45853,1.59
45854,0.38
45855,0.24
45856,102.28
45858,61.98
45859,0.35
45860,33.21
45861,1.35
45862,36.64
45863,24.39
45864,1.13
45865,35.37
45866,0.1
45867,24.63
45868,17.85
45869,36.0
45870,0.33
45871,23.59
45872,30.7
45873,52.35
45874,58.1
45875,102.56
45876,0.94
45877,26.7
45879,103.4
45880,57.79
45881,30.41
45882,85.27
45883,36.36
45884,0.56
45885,72.38
45886,19.13
45887,69.72
45888,0.27
45889,19.16
45890,14.29
45891,134.26
45893,0.15
45894,33.66
45895,187.0
45896,36.9
45897,1.2
45898,29.22
45899,0.27
46001,77.16
46011,73.9
46012,32.02
46013,20.92
46016,6.36
46017,17.71
46030,33.12
46031,51.36
46032,25.35
46033,17.43
46034,31.31
46035,24.93
46036,80.28
46037,20.1
46038,15.51
46039,27.9
46040,31.45
46041,248.42
46044,21.62
46045,0.08
46047,0.01
46048,0.79
46049,26.23
46050,47.72
46051,15.5
46052,177.62
46055,26.25
46056,24.58
46057,25.38
46058,26.52
46060,80.61
46062,33.51
46063,0.33
46064,66.78
46065,36.52
46068,45.02
46069,88.36
46070,45.4
46071,69.74
46072,109.79
46074,36.37
46075,31.17
46076,42.52
46077,44.33
46102,0.59
46103,0.46
46104,26.12
46105,40.34
46106,28.18
46107,3.33
46110,14.7
46111,0.22
46112,42.1
46113,15.93
46115,38.93
46117,10.95
46118,54.5
46120,91.66
46121,55.25
46122,88.4
46123,28.58
46124,73.56
46125,0.03
46126,32.65
46127,20.59
46128,33.57
46130,30.18
46131,125.99
46133,26.1
46135,167.07
46140,172.51
46142,14.94
46143,49.43
46144,1.27
46146,1.11
46147,56.8
46148,51.13
46149,26.65
46150,25.78
46151,203.62
46154,0.04
46155,0.02
46156,40.38
46157,30.58
46158,76.73
46160,87.22
46161,34.34
46162,12.1
46163,29.66
46164,26.4
46165,41.76
46166,38.9
46167,29.03
46168,32.82
46170,0.2
46171,38.7
46172,68.72
46173,225.58
46175,23.3
46176,169.47
46180,25.05
46181,45.45
46182,35.91
46183,0.07
46184,18.12
46186,27.91
46201,5.58
46202,5.48
46203,13.94
46204,1.14
46205,6.24
46206,0.02
46208,6.9
46214,7.46
46216,3.05
46217,21.16
46218,9.54
46219,13.04
46220,11.74
46221,19.98
46222,11.04
46224,7.15
46225,3.98
46226,14.8
46227,16.69
46228,7.92
46229,11.35
46231,11.67
46234,12.37
46235,9.58
46236,10.5
46237,14.67
46239,28.26
46240,9.79
46241,23.9
46250,7.74
46254,12.59
46256,11.15
46259,22.69
46260,10.41
46268,12.69
46278,13.21
46280,4.14
46290,0.64
46301,4.4
46302,1.79
46303,28.75
46304,57.78
46307,87.23
46310,63.44
46311,12.6
46312,14.03
46319,9.58
46320,4.66
46321,7.59
46322,6.9
46323,6.2
46324,4.36
46327,4.6
46340,33.16
46341,95.5
46342,35.04
46345,0.1
46346,0.86
46347,71.98
46348,50.49
46349,79.43
46350,193.5
46356,112.52
46360,76.58
46365,22.66
46366,80.14
46368,25.33
46371,37.57
46373,10.88
46374,34.76
46375,12.76
46376,8.91
46377,0.21
46379,3.06
46381,2.14
46382,49.01
46383,87.55
46385,80.74
46390,49.12
46391,39.68
46392,108.22
46393,1.72
46394,4.74
46402,8.44
46403,9.14
46404,6.01
46405,9.03
46406,13.48
46407,4.18
46408,9.74
46409,3.58
46410,30.05
46501,71.04
46502,0.02
46504,66.57
46506,101.13
46507,40.37
46508,0.08
46510,67.38
46511,66.71
46513,0.1
46514,38.69
46516,17.5
46517,36.92
46524,34.7
46526,67.07
46528,72.49
46530,24.32
46531,21.21
46532,51.61
46534,119.88
46536,29.27
46537,0.41
46538,32.0
46539,34.85
46540,59.38
46542,50.67
46543,30.37
46544,39.79
46545,18.32
46550,71.63
46552,63.86
46553,31.36
46554,67.97
46555,10.1
46556,1.65
46561,13.57
46562,60.27
46563,153.14
46565,63.23
46567,57.28
46570,19.95
46571,45.02
46572,0.4
46573,34.48
46574,97.52
46580,71.12
46582,57.64
46590,2.78
46595,0.15
46601,1.97
46613,3.22
46614,53.25
46615,3.3
46616,1.44
46617,2.62
46619,23.52
46624,0.01
46628,34.18
46635,3.1
46637,9.99
46701,96.77
46702,41.94
46703,121.05
46704,0.07
46705,22.25
46706,87.9
46710,44.52
46711,57.62
46714,133.08
46721,78.51
46723,58.28
46725,202.75
46730,27.96
46731,15.77
46732,23.45
46733,172.43
46737,63.7
46738,26.04
46740,62.28
46741,25.11
46742,51.95
46743,23.33
46745,18.58
46746,71.71
46747,36.91
46748,18.67
46750,201.36
46755,74.94
46759,27.95
46760,23.56
46761,123.13
46763,24.81
46764,32.17
46765,12.65
46766,14.36
46767,67.83
46770,52.48
46771,1.16
46772,37.26
46773,79.19
46774,52.69
46776,25.03
46777,57.85
46778,2.59
46779,32.68
46781,25.73
46783,60.91
46784,13.36
46785,25.6
46786,0.03
46787,65.71
46788,34.55
46789,0.12
46791,16.18
46792,98.81
46793,53.03
46794,25.32
46795,57.12
46796,0.03
46797,49.8
46798,18.17
46799,0.64
46802,4.2
46803,7.48
46804,17.7
46805,6.41
46806,8.25
46807,3.22
46808,10.6
46809,24.73
46814,19.06
46815,9.66
46816,36.03
46818,66.79
46819,25.98
46825,15.59
46835,21.65
46845,22.88
46901,140.87
46902,50.71
46910,60.16
46911,38.34
46913,32.78
46914,29.03
46915,2.49
46917,52.71
46919,42.7
46920,31.91
46922,0.06
46923,134.93
46926,35.76
46928,71.83
46929,48.64
46930,0.19
46931,0.18
46932,55.16
46933,11.05
46936,65.18
46937,0.34
46938,31.11
46939,95.97
46940,59.13
46941,25.99
46943,0.27
46945,0.01
46946,0.33
46947,190.27
46950,29.63
46951,66.72
46952,105.49
46953,85.59
46957,0.43
46958,1.29
46959,0.41
46960,40.74
46961,0.41
46962,106.24
46965,0.35
46967,0.09
46968,1.14
46970,179.92
46971,0.23
46974,41.81
46975,207.65
46978,68.06
46979,44.74
46980,0.03
46982,44.5
46984,0.05
46985,65.94
46986,34.66
46987,0.89
46988,26.74
46989,32.09
46990,32.6
46991,32.53
46992,163.17
46994,57.66
46996,189.29
46998,0.4
47001,76.23
47003,14.64
47006,106.14
47010,9.42
47011,33.21
47012,165.68
47016,19.02
47017,20.96
47018,74.58
47020,18.85
47021,0.01
47022,35.33
47023,49.61
47024,65.63
47025,52.27
47030,28.8
47031,63.38
47032,38.44
47033,0.0
47034,0.13
47035,0.39
47036,17.8
47037,79.79
47038,27.18
47040,64.9
47041,77.84
47042,68.35
47043,102.94
47060,58.54
47102,42.07
47104,4.8
47106,67.48
47108,93.03
47110,8.41
47111,85.98
47112,161.86
47114,0.96
47115,58.17
47116,25.2
47117,82.97
47118,132.45
47119,41.74
47120,18.92
47122,35.34
47123,1.41
47124,24.08
47125,42.86
47126,36.73
47129,9.57
47130,33.93
47135,51.01
47136,27.62
47137,62.44
47138,74.79
47140,44.53
47141,33.5
47142,30.51
47143,20.88
47145,40.04
47147,32.5
47150,45.0
47160,0.42
47161,22.5
47162,17.43
47163,14.87
47164,36.57
47165,78.92
47166,12.46
47167,213.0
47170,146.33
47172,24.33
47174,2.67
47175,25.58
47177,23.86
47201,201.22
47203,77.05
47220,82.56
47223,46.12
47224,24.44
47225,0.14
47226,0.09
47227,47.19
47229,48.77
47230,50.98
47231,26.86
47232,32.07
47234,33.48
47235,42.54
47236,0.4
47240,303.53
47243,33.09
47244,17.06
47246,58.1
47247,0.14
47250,211.37
47260,55.89
47263,0.09
47264,89.13
47265,185.57
47270,17.82
47272,30.78
47273,31.74
47274,214.75
47280,1.08
47281,58.99
47282,0.21
47283,66.74
47302,65.2
47303,58.02
47304,34.7
47305,1.32
47306,0.26
47320,32.61
47324,0.22
47325,22.02
47326,66.2
47327,55.67
47330,55.81
47331,191.59
47334,24.5
47335,0.38
47336,46.9
47337,0.12
47338,29.95
47339,14.03
47340,53.38
47341,33.68
47342,49.12
47344,0.11
47345,28.9
47346,45.02
47348,116.29
47351,0.26
47352,32.02
47353,123.51
47354,29.03
47355,63.04
47356,54.62
47357,33.8
47358,37.82
47359,56.9
47360,33.05
47361,0.05
47362,147.73
47366,0.09
47367,0.25
47368,35.12
47369,35.16
47370,0.06
47371,219.6
47373,31.01
47374,119.81
47380,61.82
47381,0.66
47382,0.08
47383,31.93
47384,31.25
47385,14.96
47386,16.74
47387,17.65
47388,0.2
47390,77.91
47392,0.58
47393,37.3
47394,122.13
47396,34.26
47401,82.62
47403,85.01
47404,52.56
47405,0.26
47406,0.59
47408,64.45
47420,0.48
47421,184.44
47424,186.57
47427,51.52
47429,23.99
47431,36.64
47432,77.79
47433,78.89
47434,0.01
47435,0.01
47436,52.46
47437,0.73
47438,60.38
47441,65.8
47443,50.77
47445,0.65
47446,125.38
47448,187.59
47449,21.3
47451,1.1
47452,99.06
47453,6.23
47454,129.39
47455,0.03
47456,27.81
47457,0.01
47458,0.01
47459,58.51
47460,150.54
47462,78.61
47464,0.12
47465,26.47
47467,0.02
47468,30.27
47469,62.67
47470,43.8
47471,64.32
47501,139.4
47512,47.9
47513,68.85
47514,7.04
47515,51.47
47516,29.06
47519,23.78
47520,81.19
47521,21.87
47522,21.55
47523,66.62
47524,45.26
47525,24.94
47527,55.44
47528,19.74
47529,31.26
47531,36.55
47532,71.9
47535,4.8
47537,20.33
47541,20.65
47542,79.33
47546,121.57
47550,33.42
47551,29.24
47552,6.41
47553,138.59
47557,47.27
47558,85.68
47561,76.89
47562,65.79
47564,38.59
47567,115.5
47568,32.0
47573,0.03
47574,17.5
47575,22.49
47576,26.87
47577,25.82
47578,43.48
47579,11.48
47580,4.19
47581,141.42
47584,0.3
47585,40.15
47586,97.03
47588,15.51
47590,40.64
47591,166.49
47596,4.77
47597,48.97
47598,69.2
47601,127.33
47610,36.08
47611,36.99
47612,16.17
47613,52.48
47615,38.26
47616,44.14
47619,38.44
47620,208.78
47630,46.99
47631,59.4
47633,61.24
47634,47.3
47635,86.79
47637,61.49
47638,47.69
47639,46.21
47640,38.36
47648,48.08
47649,44.34
47654,0.03
47660,87.16
47665,78.62
47666,48.96
47670,82.02
47683,0.07
47708,0.64
47710,8.57
47711,16.5
47712,62.69
47713,4.96
47714,8.03
47715,21.99
47720,55.63
47725,55.13
47802,158.82
47803,33.41
47804,6.62
47805,52.16
47807,3.79
47809,0.16
47831,0.02
47832,43.54
47833,39.8
47834,154.18
47836,0.38
47837,31.64
47838,103.81
47840,50.01
47841,65.42
47842,72.65
47845,0.57
47846,33.2
47847,48.55
47848,16.27
47849,22.93
47850,51.96
47851,0.02
47853,0.06
47854,34.41
47855,1.1
47857,0.5
47858,30.85
47859,42.66
47860,0.68
47861,44.22
47862,39.73
47863,0.08
47865,0.06
47866,19.92
47868,58.04
47869,0.07
47870,0.0
47871,0.09
47872,169.57
47874,67.34
47875,0.01
47876,0.28
47879,61.84
47880,0.02
47881,0.15
47882,141.82
47884,0.34
47885,82.78
47901,0.6
47904,5.77
47905,120.36
47906,133.58
47907,0.52
47909,118.02
47916,0.06
47917,36.39
47918,139.96
47920,28.04
47921,41.75
47922,68.11
47923,90.96
47924,0.24
47925,0.04
47926,37.26
47928,42.74
47929,43.42
47930,25.84
47932,106.29
47933,235.68
47940,41.22
47941,0.83
47942,58.85
47943,66.33
47944,188.91
47946,91.42
47948,58.37
47949,41.05
47950,36.07
47951,59.52
47952,110.84
47954,65.45
47955,26.16
47957,60.19
47958,0.31
47959,68.2
47960,118.3
47963,104.52
47964,0.15
47965,0.39
47966,1.4
47967,33.43
47968,26.05
47969,0.4
47970,60.58
47971,55.72
47974,40.03
47975,39.38
47977,86.82
47978,263.74
47980,54.4
47981,34.63
47982,0.13
47983,0.12
47986,0.1
47987,115.68
47989,40.04
47990,44.54
47991,29.86
47992,36.26
47993,144.81
47994,21.75
47995,82.42
47997,0.13
48001,19.03
48002,37.12
48003,33.23
48005,36.5
48006,71.45
48009,4.96
48014,36.75
48015,1.75
48017,2.2
48021,5.15
48022,35.33
48023,17.04
48025,8.04
48026,4.14
48027,37.37
48028,17.76
48030,2.82
48032,36.87
48033,9.13
48034,4.3
48035,8.79
48036,8.35
48038,10.91
48039,23.01
48040,6.91
48041,40.01
48042,22.76
48043,4.08
48044,13.5
48045,14.25
48047,18.01
48048,20.11
48049,35.65
48050,18.59
48051,14.19
48054,40.62
48059,31.69
48060,20.74
48062,39.5
48063,36.76
48064,37.02
48065,37.37
48066,9.86
48067,4.56
48069,0.57
48070,1.49
48071,7.1
48072,2.4
48073,7.39
48074,37.2
48075,7.25
48076,7.09
48079,41.85
48080,4.4
48081,3.91
48082,3.31
48083,8.62
48084,6.18
48085,9.3
48088,4.42
48089,8.0
48091,7.91
48092,8.15
48093,5.89
48094,17.52
48095,17.01
48096,36.52
48097,76.23
48098,9.4
48101,7.04
48103,66.52
48104,7.8
48105,49.51
48108,16.78
48109,1.4
48111,66.9
48114,28.95
48116,36.93
48117,54.11
48118,86.25
48120,4.7
48122,2.72
48124,8.82
48125,4.05
48126,8.37
48127,7.69
48128,2.31
48130,64.01
48131,50.08
48133,27.19
48134,18.53
48135,5.86
48137,43.31
48138,8.62
48139,0.58
48140,26.35
48141,6.25
48143,0.04
48144,7.93
48145,16.96
48146,5.84
48150,12.12
48152,12.02
48154,11.58
48157,0.94
48158,95.05
48159,32.1
48160,77.94
48161,44.83
48162,57.46
48164,30.29
48165,9.9
48166,26.6
48167,19.43
48168,19.59
48169,57.67
48170,34.48
48173,11.92
48174,40.8
48176,70.81
48177,0.71
48178,47.96
48179,20.33
48180,23.62
48182,39.23
48183,18.04
48184,7.2
48185,12.17
48186,8.26
48187,18.08
48188,17.88
48189,34.18
48190,0.84
48191,16.12
48192,5.29
48193,7.15
48195,6.87
48197,41.23
48198,33.36
48201,1.9
48202,3.35
48203,8.21
48204,5.03
48205,6.35
48206,3.09
48207,6.3
48208,3.21
48209,6.8
48210,4.94
48211,4.24
48212,5.29
48213,6.53
48214,5.05
48215,3.95
48216,2.27
48217,2.31
48218,2.18
48219,8.43
48220,4.42
48221,5.19
48223,6.05
48224,5.77
48225,2.67
48226,1.22
48227,7.5
48228,8.91
48229,2.83
48230,3.25
48233,0.03
48234,7.82
48235,6.25
48236,7.48
48237,5.15
48238,5.4
48239,9.47
48240,3.75
48242,7.21
48243,0.01
48301,7.36
48302,11.03
48304,11.4
48306,22.09
48307,15.22
48309,15.56
48310,8.84
48312,11.14
48313,8.67
48314,7.79
48315,12.88
48316,11.25
48317,12.04
48320,1.1
48322,11.72
48323,8.59
48324,8.58
48326,16.95
48327,11.31
48328,8.93
48329,10.29
48331,9.31
48334,9.07
48335,7.22
48336,9.31
48340,7.66
48341,6.74
48342,5.23
48346,18.12
48348,33.62
48350,23.85
48353,12.57
48356,14.01
48357,13.1
48359,10.94
48360,11.37
48362,10.1
48363,20.8
48367,23.45
48370,11.02
48371,46.25
48374,9.07
48375,8.38
48377,9.6
48380,28.63
48381,19.5
48382,16.64
48383,16.67
48386,16.81
48390,12.48
48393,13.58
48401,34.56
48410,2.05
48411,0.27
48412,49.18
48413,137.18
48414,31.63
48415,64.78
48416,113.77
48417,23.17
48418,40.95
48419,77.93
48420,66.45
48421,41.46
48422,95.24
48423,64.46
48426,37.53
48427,96.8
48428,33.03
48429,53.17
48430,83.18
48432,30.44
48433,55.54
48434,0.79
48435,26.09
48436,32.63
48437,0.58
48438,31.88
48439,54.5
48440,0.26
48441,102.24
48442,85.85
48444,81.49
48445,58.36
48446,121.89
48449,24.76
48450,21.86
48451,34.06
48453,106.96
48454,30.2
48455,64.54
48456,44.56
48457,42.99
48458,35.75
48460,34.5
48461,81.39
48462,45.44
48463,33.35
48464,17.03
48465,42.03
48466,36.93
48467,62.97
48468,64.99
48469,7.89
48470,40.29
48471,100.86
48472,73.9
48473,56.24
48475,108.07
48476,0.68
48502,0.46
48503,8.46
48504,14.72
48505,12.47
48506,18.5
48507,22.07
48509,8.79
48519,7.84
48529,4.8
48532,15.95
48601,104.33
48602,7.82
48603,18.22
48604,26.25
48607,0.95
48609,44.84
48610,125.97
48611,38.18
48612,124.86
48613,50.53
48614,35.45
48615,55.12
48616,81.13
48617,137.55
48618,102.53
48619,77.91
48620,0.56
48621,51.07
48622,86.12
48623,72.85
48624,341.16
48625,257.12
48626,65.52
48627,0.21
48628,34.12
48629,77.48
48630,0.19
48631,32.95
48632,123.17
48633,2.33
48634,48.96
48635,53.1
48636,77.35
48637,70.86
48638,6.54
48640,105.1
48642,104.73
48647,167.24
48649,27.49
48650,95.18
48651,71.01
48652,59.68
48653,241.78
48654,98.44
48655,93.9
48656,142.24
48657,61.66
48658,81.25
48659,76.13
48661,263.51
48662,50.13
48701,42.21
48703,44.71
48705,80.41
48706,66.3
48708,29.05
48710,0.42
48720,33.62
48721,27.99
48722,17.5
48723,131.76
48724,0.5
48725,33.45
48726,127.49
48727,24.18
48728,130.19
48729,43.96
48730,81.46
48731,48.94
48732,24.61
48733,50.26
48734,39.8
48735,36.16
48737,107.87
48738,12.57
48739,95.81
48740,67.47
48741,45.15
48742,67.92
48743,2.22
48744,64.96
48745,71.93
48746,82.24
48747,31.81
48748,40.0
48749,38.79
48750,103.53
48754,36.63
48755,51.93
48756,79.86
48757,55.19
48759,48.0
48760,26.9
48761,80.09
48762,56.76
48763,88.94
48765,57.63
48766,51.92
48767,73.12
48768,105.94
48770,69.21
48801,70.79
48806,64.3
48807,25.66
48808,24.09
48809,80.08
48811,61.79
48813,168.05
48815,26.84
48816,0.67
48817,58.89
48818,24.68
48819,43.66
48820,65.77
48821,19.92
48822,33.03
48823,23.65
48824,1.22
48825,0.69
48827,113.89
48829,67.69
48831,72.95
48832,25.68
48834,48.28
48835,53.47
48836,94.0
48837,78.44
48838,93.06
48840,18.79
48841,23.34
48842,17.21
48843,89.63
48845,23.25
48846,110.63
48847,120.39
48848,68.18
48849,83.7
48850,83.19
48851,33.03
48852,0.19
48853,0.63
48854,113.35
48855,91.06
48856,27.94
48857,24.56
48858,174.39
48859,0.2
48860,28.19
48861,26.21
48862,0.2
48864,20.09
48865,21.37
48866,49.52
48867,136.02
48870,0.06
48871,29.19
48872,55.48
48873,31.21
48874,0.58
48875,85.23
48876,13.48
48877,36.95
48878,32.13
48879,191.27
48880,74.78
48881,54.03
48883,114.94
48884,61.35
48885,17.55
48886,31.32
48888,85.24
48889,31.02
48890,31.63
48891,40.32
48892,55.23
48893,51.19
48894,34.48
48895,82.9
48896,0.27
48897,32.46
48906,32.52
48910,14.22
48911,17.34
48912,5.24
48915,1.8
48917,23.97
48933,1.04
49001,7.67
49002,17.29
49004,22.04
49006,5.97
49007,3.49
49008,6.72
49009,102.19
49010,156.59
49011,30.34
49012,42.19
49013,57.02
49014,72.5
49015,27.2
49017,56.76
49021,93.84
49022,67.27
49024,17.24
49026,29.19
49027,0.48
49028,116.47
49029,37.52
49030,49.35
49031,113.17
49032,35.59
49033,32.81
49034,37.05
49036,154.22
49037,19.32
49038,38.97
49040,41.19
49042,57.1
49043,30.79
49045,86.42
49046,80.16
49047,119.27
49048,35.15
49050,25.44
49051,28.07
49052,31.84
49053,24.39
49055,57.55
49056,57.78
49057,49.24
49058,147.6
49060,19.74
49061,38.1
49063,0.75
49064,48.13
49065,44.84
49066,20.82
49067,82.2
49068,129.91
49070,26.1
49071,29.4
49072,58.4
49073,70.51
49074,0.25
49075,0.05
49076,57.09
49078,49.54
49079,83.36
49080,77.43
49082,84.76
49083,33.42
49084,0.09
49085,24.13
49087,62.47
49088,35.95
49089,37.79
49090,78.28
49091,87.29
49092,57.25
49093,105.64
49094,55.99
49095,28.57
49096,63.52
49097,69.97
49098,32.57
49099,58.0
49101,20.65
49102,14.99
49103,44.83
49104,0.17
49106,14.69
49107,66.28
49111,43.44
49112,43.74
49113,35.69
49115,0.85
49116,1.55
49117,19.03
49119,0.51
49120,116.52
49125,13.1
49126,15.38
49127,17.14
49128,43.71
49129,5.03
49130,11.78
49201,155.01
49202,12.71
49203,26.48
49220,32.05
49221,119.88
49224,99.87
49227,25.65
49228,78.62
49229,56.0
49230,64.02
49232,62.77
49233,21.34
49234,21.34
49235,48.76
49236,37.58
49237,40.97
49238,29.71
49240,104.1
49241,32.02
49242,90.61
49245,92.53
49246,34.45
49247,84.03
49248,32.96
49249,29.37
49250,78.75
49251,58.32
49252,42.68
49253,23.6
49254,2.62
49255,39.89
49256,60.54
49258,0.01
49259,29.08
49261,0.73
49262,23.03
49263,0.04
49264,26.74
49265,32.36
49266,44.97
49267,38.95
49268,22.92
49269,55.83
49270,44.91
49271,53.5
49272,11.13
49274,61.66
49276,22.76
49277,33.02
49279,26.41
49282,2.57
49283,14.47
49284,53.09
49285,76.04
49286,58.16
49287,28.0
49288,37.82
49289,0.24
49301,56.83
49302,50.0
49303,14.75
49304,113.85
49305,50.98
49306,18.43
49307,134.52
49309,127.43
49310,87.61
49312,26.29
49315,55.19
49316,57.11
49318,20.06
49319,86.36
49320,1.13
49321,26.33
49322,24.97
49323,50.13
49325,26.66
49326,24.09
49327,91.03
49328,55.05
49329,78.64
49330,43.72
49331,91.5
49332,44.42
49333,79.18
49335,0.43
49336,81.85
49337,110.25
49338,56.87
49339,29.92
49340,85.4
49341,84.52
49342,39.55
49343,55.29
49344,31.02
49345,52.18
49346,64.54
49347,17.75
49348,65.72
49349,197.14
49401,31.91
49402,140.61
49403,46.83
49404,62.35
49405,70.0
49406,1.5
49408,108.01
49409,0.1
49410,37.54
49411,109.7
49412,110.44
49415,27.63
49417,46.85
49418,18.99
49419,73.23
49420,117.55
49421,127.52
49423,77.86
49424,57.28
49425,64.01
49426,60.28
49428,16.06
49430,0.28
49431,96.07
49434,0.09
49435,21.57
49436,31.9
49437,65.58
49440,0.6
49441,21.7
49442,41.02
49443,0.05
49444,24.67
49445,61.06
49446,31.88
49448,33.02
49449,41.73
49450,29.32
49451,83.62
49452,44.92
49453,10.38
49454,72.7
49455,84.83
49456,25.31
49457,81.06
49458,0.47
49459,79.31
49460,51.76
49461,43.21
49464,73.15
49503,7.26
49504,11.05
49505,8.76
49506,7.28
49507,5.54
49508,11.77
49509,7.27
49512,23.02
49519,7.99
49525,23.42
49534,35.27
49544,19.89
49546,17.86
49548,10.76
49601,220.01
49611,2.05
49612,24.86
49613,24.35
49614,91.39
49615,68.42
49616,36.22
49617,45.36
49618,29.79
49619,58.92
49620,58.8
49621,54.84
49622,45.2
49623,68.73
49625,75.7
49626,0.53
49627,1.64
49628,0.75
49629,3.75
49630,60.46
49631,144.53
49632,84.32
49633,168.1
49634,0.26
49635,38.48
49636,13.53
49637,22.22
49638,72.83
49639,61.67
49640,64.03
49642,15.24
49643,59.57
49644,110.59
49645,44.32
49646,219.28
49648,27.27
49649,110.51
49650,24.03
49651,235.49
49653,27.82
49654,11.68
49655,87.83
49656,117.34
49657,92.59
49659,175.03
49660,171.36
49663,162.67
49664,59.38
49665,156.3
49667,64.54
49668,107.54
49670,36.8
49674,2.3
49675,10.22
49676,40.97
49677,126.66
49679,55.73
49680,55.28
49682,41.24
49683,86.59
49684,52.75
49685,54.19
49686,47.31
49688,91.83
49689,80.83
49690,82.71
49696,68.73
49701,17.4
49705,67.05
49706,58.53
49707,215.45
49709,231.8
49710,34.39
49712,72.92
49713,100.56
49715,175.17
49716,22.87
49717,1.26
49718,44.17
49719,66.52
49720,95.52
49721,266.75
49722,0.4
49724,61.06
49725,45.55
49726,128.91
49727,119.99
49728,173.78
49729,37.21
49730,95.6
49733,107.64
49735,248.58
49736,73.36
49738,332.64
49740,124.93
49743,87.45
49744,37.3
49745,80.91
49746,209.61
49747,102.6
49748,108.7
49749,64.84
49751,155.15
49752,20.81
49753,157.63
49755,102.42
49756,190.36
49757,4.35
49759,156.85
49760,136.41
49762,220.32
49764,0.04
49765,238.07
49766,45.7
49768,183.68
49769,57.04
49770,109.37
49774,152.59
49775,35.11
49776,134.76
49777,53.8
49779,132.84
49780,269.54
49781,81.52
49782,55.67
49783,148.69
49784,0.14
49788,7.58
49791,0.52
49793,84.38
49795,133.95
49796,1.58
49799,118.41
49801,123.92
49802,7.89
49805,31.92
49806,35.05
49807,143.48
49808,173.81
49812,84.85
49814,207.61
49815,126.71
49816,57.29
49817,82.15
49818,187.8
49820,25.55
49821,135.13
49822,58.07
49825,26.17
49826,14.09
49827,112.62
49829,66.75
49831,133.8
49833,14.17
49834,76.24
49835,84.52
49836,98.59
49837,69.01
49838,135.62
49839,154.44
49840,249.2
49841,227.61
49847,59.46
49848,4.08
49849,241.44
49852,0.23
49853,168.95
49854,473.93
49855,206.92
49858,86.81
49861,183.92
49862,170.03
49863,0.56
49864,1.03
49866,201.27
49868,706.51
49870,57.79
49871,16.68
49872,21.61
49873,203.57
49874,42.21
49876,4.16
49877,119.19
49878,455.63
49879,176.89
49880,216.26
49881,47.1
49883,297.8
49884,246.47
49885,146.42
49886,3.97
49887,205.91
49891,72.8
49892,154.36
49893,74.48
49894,0.73
49895,223.43
49896,60.84
49901,0.79
49902,0.72
49903,157.02
49905,78.55
49908,109.06
49910,41.98
49911,45.45
49912,201.33
49913,75.49
49915,1.2
49916,109.69
49917,1.72
49918,37.42
49919,136.92
49920,401.79
49921,0.47
49922,2.81
49925,174.34
49927,16.56
49929,20.93
49930,49.49
49931,26.36
49934,1.28
49935,456.98
49938,225.6
49942,0.55
49945,149.01
49946,246.52
49947,388.38
49948,111.72
49950,201.84
49952,78.28
49953,464.95
49955,8.02
49958,135.2
49959,1.0
49960,40.77
49961,68.38
49962,105.77
49963,4.4
49965,191.87
49967,348.31
49968,265.38
49969,254.97
49970,92.92
49971,23.26
50001,23.59
50002,110.58
50003,115.0
50005,27.16
50006,124.22
50007,5.42
50008,87.13
50009,27.91
50010,60.27
50012,0.34
50013,0.64
50014,54.23
50020,96.34
50021,24.08
50022,172.55
50023,20.97
50025,196.42
50026,55.9
50027,27.7
50028,45.26
50029,38.41
50031,0.21
50032,0.43
50033,0.19
50034,63.15
50035,43.23
50036,191.68
50038,3.87
50039,20.64
50040,1.5
50041,0.14
50042,33.14
50044,47.93
50046,47.5
50047,67.28
50048,85.92
50049,208.62
50050,77.72
50051,22.76
50052,18.42
50054,61.01
50055,51.54
50056,60.92
50057,18.56
50058,139.32
50060,173.19
50061,30.99
50062,30.58
50063,66.21
50064,19.14
50065,53.43
50066,25.36
50067,36.52
50068,42.99
50069,5.27
50070,65.03
50071,111.28
50072,89.72
50073,26.2
50074,48.59
50075,46.94
50076,109.45
50078,0.26
50101,10.13
50102,0.5
50103,59.19
50104,15.1
50105,9.12
50106,67.71
50107,51.64
50108,81.53
50109,19.37
50110,0.65
50111,25.11
50112,182.21
50115,172.22
50116,16.24
50117,27.1
50118,11.31
50119,15.98
50120,16.98
50122,84.18
50123,82.79
50124,20.75
50125,162.39
50126,136.63
50127,0.59
50128,28.24
50129,165.35
50130,64.15
50131,23.69
50132,31.08
50133,71.32
50134,19.45
50135,72.96
50136,39.82
50137,2.07
50138,168.15
50139,85.37
50140,92.67
50141,37.23
50142,0.69
50143,35.54
50144,143.37
50145,3.56
50146,32.45
50147,64.92
50148,18.72
50149,81.91
50150,56.02
50151,79.06
50152,0.39
50153,33.39
50154,23.67
50155,30.69
50156,88.49
50157,66.72
50158,212.16
50160,0.37
50161,79.17
50162,50.04
50163,0.48
50164,49.4
50165,0.43
50166,59.65
50167,41.49
50168,38.41
50169,45.63
50170,83.17
50171,109.81
50173,33.07
50174,104.47
50201,117.32
50206,46.01
50207,142.89
50208,158.51
50210,73.45
50211,58.61
50212,132.08
50213,210.3
50214,38.74
50216,51.73
50217,72.12
50218,0.45
50219,115.37
50220,100.54
50222,41.21
50223,29.0
50225,85.82
50226,36.35
50227,0.71
50228,69.35
50229,41.98
50230,88.55
50231,0.45
50232,34.27
50233,50.33
50234,27.24
50235,48.14
50236,33.99
50237,48.47
50238,100.7
50239,20.21
50240,75.29
50241,0.14
50242,40.54
50243,0.8
50244,25.17
50246,41.03
50247,85.16
50248,82.32
50249,79.35
50250,108.58
50251,43.68
50252,14.34
50254,42.67
50255,0.19
50256,27.82
50257,43.8
50258,53.97
50261,64.93
50262,35.1
50263,27.46
50264,67.51
50265,19.3
50266,22.31
50268,46.56
50269,0.62
50271,66.39
50272,0.36
50273,195.25
50274,47.85
50275,53.86
50276,82.44
50277,39.1
50278,46.39
50309,2.71
50310,8.04
50311,2.55
50312,5.63
50313,18.05
50314,2.47
50315,10.3
50316,3.57
50317,22.12
50319,0.18
50320,16.81
50321,11.34
50322,10.82
50323,10.13
50324,1.4
50325,7.73
50327,15.77
50401,148.17
50420,47.35
50421,91.88
50423,142.17
50424,139.2
50426,0.35
50427,0.07
50428,117.26
50430,62.63
50431,0.75
50432,0.43
50433,47.53
50434,10.06
50435,40.49
50436,135.28
50438,127.51
50439,33.05
50440,29.18
50441,148.35
50444,21.19
50446,39.25
50447,103.55
50448,62.54
50449,41.12
50450,84.54
50451,61.36
50452,47.58
50453,43.66
50454,14.66
50455,32.51
50456,49.93
50457,34.02
50458,70.67
50459,142.8
50460,35.44
50461,177.6
50464,24.6
50465,3.31
50466,138.76
50467,1.12
50468,98.63
50469,86.58
50470,23.17
50471,42.87
50472,122.87
50473,34.74
50475,95.07
50476,38.73
50477,18.9
50478,76.47
50479,58.21
50480,63.79
50482,29.97
50483,80.8
50484,43.28
50501,152.16
50510,86.63
50511,129.98
50514,113.2
50515,38.36
50516,25.82
50517,75.15
50518,28.87
50519,53.65
50520,22.58
50521,1.22
50522,66.72
50523,42.05
50524,57.18
50525,136.09
50527,47.5
50528,74.5
50529,0.51
50530,62.72
50531,38.8
50532,75.45
50533,97.66
50535,62.61
50536,142.28
50538,35.53
50539,56.12
50540,107.14
50541,91.24
50542,66.06
50543,79.21
50544,31.73
50545,35.88
50546,53.16
50548,124.28
50551,26.94
50552,0.5
50554,92.26
50556,37.16
50557,47.91
50558,49.26
50559,35.5
50560,78.9
50561,48.38
50562,62.65
50563,101.45
50565,43.51
50566,36.11
50567,30.44
50568,81.98
50569,20.89
50570,43.36
50571,47.28
50573,0.43
50574,108.31
50575,62.1
50576,36.1
50577,38.94
50578,69.06
50579,140.59
50581,95.77
50582,21.47
50583,115.59
50585,66.78
50586,32.55
50588,138.81
50590,80.76
50591,29.42
50592,0.15
50593,0.19
50594,26.21
50595,153.52
50597,83.05
50598,69.04
50599,48.68
50601,139.41
50602,78.91
50603,45.11
50604,71.53
50605,16.87
50606,67.3
50607,47.73
50608,0.22
50609,33.01
50611,31.64
50612,27.68
50613,127.58
50616,176.17
50619,84.09
50620,0.15
50621,62.89
50622,25.65
50623,2.07
50624,51.43
50625,61.07
50626,50.58
50627,105.55
50628,113.37
50629,75.33
50630,83.97
50631,0.19
50632,42.15
50633,42.3
50634,0.36
50635,82.81
50636,116.49
50638,93.98
50641,45.03
50642,31.33
50643,57.62
50644,144.97
50645,85.63
50647,30.4
50648,83.26
50649,0.03
50650,40.87
50651,114.49
50652,0.37
50653,51.71
50654,53.27
50655,35.76
50657,0.15
50658,78.01
50659,152.99
50660,34.92
50662,70.45
50664,0.94
50665,98.9
50666,49.37
50667,1.9
50668,33.75
50669,96.75
50670,55.09
50671,21.91
50672,37.34
50673,0.17
50674,158.93
50675,112.09
50676,56.27
50677,128.56
50680,57.66
50681,24.29
50682,86.56
50701,79.12
50702,9.78
50703,93.23
50707,8.21
50801,207.2
50830,121.54
50831,0.22
50833,212.91
50835,15.19
50836,86.96
50837,52.49
50839,0.5
50840,46.18
50841,228.38
50842,0.26
50843,72.31
50845,111.86
50846,95.44
50847,0.23
50848,47.85
50849,114.13
50851,132.55
50853,74.71
50854,138.88
50857,49.38
50858,79.92
50859,79.66
50860,40.01
50861,40.54
50862,21.92
50863,27.51
50864,147.55
51001,165.2
51002,109.69
51003,54.36
51004,84.2
51005,94.25
51006,78.72
51007,35.25
51008,0.28
51009,0.27
51010,72.03
51011,0.42
51012,147.74
51014,55.66
51015,1.28
51016,104.82
51018,32.61
51019,89.76
51020,56.95
51022,76.18
51023,119.87
51024,87.3
51025,106.39
51026,110.42
51027,90.02
51028,124.4
51029,26.96
51030,58.88
51031,234.15
51033,61.49
51034,116.71
51035,106.18
51036,42.55
51037,23.57
51038,89.32
51039,86.25
51040,129.51
51041,70.93
51044,33.68
51045,0.07
51046,93.26
51047,76.6
51048,36.93
51049,44.97
51050,139.5
51051,3.35
51052,61.68
51053,74.28
51054,38.68
51055,62.76
51056,33.59
51058,85.7
51060,59.13
51061,48.59
51062,55.82
51063,72.79
51101,1.2
51103,12.06
51104,7.48
51105,5.95
51106,33.49
51108,46.0
51109,17.61
51111,6.06
51201,115.66
51230,23.55
51231,24.21
51232,60.98
51234,49.8
51235,53.5
51237,97.06
51238,49.16
51239,67.0
51240,100.43
51241,89.61
51242,5.45
51243,52.3
51244,0.38
51245,77.36
51246,161.11
51247,112.6
51248,79.15
51249,126.59
51250,73.28
51301,157.67
51331,1.6
51333,59.8
51334,186.21
51338,72.38
51340,0.12
51341,0.34
51342,79.91
51343,28.13
51345,57.16
51346,146.18
51347,81.04
51350,44.55
51351,107.99
51354,85.38
51355,2.54
51357,37.28
51358,80.26
51360,105.22
51363,0.42
51364,63.31
51365,21.59
51366,62.33
51401,168.58
51430,40.14
51431,37.86
51432,0.31
51433,56.8
51436,60.84
51439,85.93
51440,26.41
51441,20.15
51442,159.59
51443,101.17
51444,1.39
51445,125.21
51446,35.77
51447,36.69
51448,57.59
51449,89.68
51450,56.64
51451,0.38
51452,2.41
51453,78.76
51454,96.84
51455,112.93
51458,97.11
51459,0.55
51460,0.58
51461,54.4
51462,114.15
51463,29.98
51465,63.6
51466,52.2
51467,57.44
51501,23.95
51503,121.68
51510,1.79
51520,21.22
51521,87.41
51523,50.18
51525,61.91
51526,43.58
51527,42.26
51528,71.12
51529,132.34
51530,53.7
51531,27.26
51532,59.72
51533,79.93
51534,100.48
51535,135.33
51536,50.81
51537,163.79
51540,57.41
51541,42.88
51542,37.88
51543,21.97
51544,49.34
51545,46.46
51546,121.47
51548,26.76
51549,31.38
51550,0.54
51551,81.92
51552,30.19
51553,45.45
51554,3.32
51555,146.11
51556,49.46
51557,75.28
51558,84.86
51559,86.11
51560,91.59
51561,56.14
51562,33.98
51563,53.7
51564,37.2
51565,45.66
51566,176.4
51570,63.42
51571,46.01
51572,41.71
51573,58.46
51575,47.82
51576,46.34
51577,83.56
51578,0.07
51579,117.72
51601,103.27
51630,26.19
51631,38.19
51632,211.21
51636,54.91
51637,1.25
51638,80.44
51639,68.3
51640,115.41
51645,45.15
51646,56.43
51647,24.96
51648,57.15
51649,42.1
51650,31.34
51651,0.23
51652,74.4
51653,35.11
51654,46.43
51656,0.27
52001,26.12
52002,29.17
52003,56.37
52030,0.25
52031,166.69
52032,102.13
52033,98.43
52035,50.02
52036,0.43
52037,68.26
52038,26.95
52039,35.36
52040,61.95
52041,58.97
52042,60.51
52043,96.86
52044,12.73
52045,48.01
52046,48.3
52047,37.97
52048,35.61
52049,67.71
52050,32.01
52052,89.74
52053,58.45
52054,56.3
52056,0.47
52057,138.86
52060,158.95
52064,42.39
52065,48.31
52066,2.72
52068,43.13
52069,49.04
52070,48.2
52071,0.43
52072,33.22
52073,48.0
52074,31.36
52075,0.6
52076,101.78
52077,30.32
52078,41.51
52079,59.32
52101,316.7
52132,61.77
52133,43.7
52134,27.75
52135,28.08
52136,210.42
52140,73.82
52141,83.49
52142,75.31
52144,74.53
52146,80.98
52147,68.55
52151,114.82
52154,72.77
52155,104.16
52156,47.27
52157,56.71
52158,1.28
52159,72.77
52160,45.03
52161,53.13
52162,96.5
52163,1.77
52164,25.41
52165,66.62
52166,0.26
52168,0.38
52169,33.4
52170,48.82
52171,82.37
52172,159.9
52175,85.68
52201,65.33
52202,25.68
52203,52.62
52205,123.32
52206,28.49
52207,36.58
52208,60.72
52209,39.28
52210,34.59
52211,87.73
52212,22.28
52213,72.86
52214,90.16
52215,79.8
52216,58.0
52217,54.61
52218,75.59
52219,0.45
52220,0.76
52221,21.04
52222,77.09
52223,47.72
52224,98.89
52225,38.01
52227,29.4
52228,37.25
52229,52.64
52231,34.53
52232,21.27
52233,3.91
52235,2.15
52236,26.18
52237,84.12
52240,142.11
52241,13.51
52242,0.72
52245,8.4
52246,16.71
52247,80.65
52248,111.98
52249,49.88
52251,38.98
52252,1.41
52253,47.08
52254,59.34
52255,42.72
52257,16.64
52301,126.29
52302,74.34
52305,27.14
52306,75.2
52307,0.54
52308,0.12
52309,34.27
52310,145.37
52312,0.07
52313,30.69
52314,59.29
52315,28.58
52316,73.2
52317,34.37
52318,34.95
52320,58.13
52321,37.55
52322,87.37
52323,47.25
52324,41.86
52325,40.4
52326,0.99
52327,80.17
52328,2.7
52329,49.95
52330,47.3
52332,39.64
52333,85.55
52334,13.48
52335,48.24
52336,48.05
52337,30.0
52338,33.36
52339,98.55
52340,19.05
52341,13.58
52342,88.71
52344,0.01
52345,3.18
52346,48.67
52347,63.78
52348,0.29
52349,149.61
52351,1.84
52352,80.58
52353,157.44
52354,29.81
52355,35.5
52356,95.02
52358,78.7
52359,13.8
52361,129.81
52362,53.31
52401,1.19
52402,13.69
52403,26.29
52404,56.64
52405,14.98
52411,16.39
52501,225.34
52530,17.63
52531,222.97
52533,87.98
52534,0.77
52535,56.03
52536,60.9
52537,338.45
52540,96.1
52542,46.82
52543,21.57
52544,138.35
52548,0.2
52549,44.04
52550,38.07
52551,58.3
52552,58.47
52553,82.27
52554,37.87
52555,21.35
52556,175.54
52557,0.27
52560,30.43
52561,37.29
52562,0.19
52563,108.1
52565,113.42
52566,1.66
52567,25.41
52568,0.26
52569,100.42
52570,65.58
52571,95.28
52572,99.29
52573,37.33
52574,38.9
52576,46.91
52577,158.35
52580,40.32
52581,37.88
52583,44.98
52584,27.55
52585,54.48
52586,46.49
52588,15.97
52590,81.37
52591,124.24
52593,16.4
52594,47.14
52595,0.47
52601,109.34
52619,35.4
52620,54.49
52621,41.04
52623,56.4
52624,0.92
52625,107.35
52626,88.15
52627,63.86
52630,40.55
52631,0.2
52632,51.81
52635,43.15
52637,69.98
52638,33.81
52639,39.15
52640,68.34
52641,211.79
52644,43.32
52645,70.44
52646,53.6
52647,0.28
52649,41.83
52650,38.26
52651,63.88
52652,1.04
52653,111.1
52654,54.69
52655,17.51
52656,98.82
52657,0.38
52658,47.22
52659,67.08
52660,24.05
52701,0.63
52720,41.6
52721,40.79
52722,26.31
52726,32.8
52727,24.34
52728,3.07
52729,39.66
52730,37.92
52731,52.43
52732,109.65
52737,0.24
52738,122.54
52739,32.67
52742,117.03
52745,26.43
52746,26.37
52747,30.06
52748,40.21
52749,2.15
52750,29.42
52751,50.78
52752,0.39
52753,24.73
52754,72.69
52755,57.82
52756,44.39
52757,0.49
52758,0.84
52759,0.23
52760,21.89
52761,178.21
52765,32.39
52766,48.72
52767,1.37
52768,32.17
52769,42.16
52771,1.69
52772,130.15
52773,55.39
52774,0.3
52776,87.1
52777,55.77
52778,75.56
52801,0.39
52802,10.43
52803,5.14
52804,32.89
52806,31.08
52807,28.6
53001,28.54
53002,34.34
53003,0.17
53004,33.59
53005,14.69
53006,40.02
53007,0.77
53010,104.62
53011,38.32
53012,33.86
53013,29.75
53014,130.42
53015,40.77
53016,0.61
53017,17.25
53018,11.22
53019,35.38
53020,62.77
53021,33.43
53022,27.71
53023,39.02
53024,27.52
53027,90.99
53029,37.6
53031,0.04
53032,29.56
53033,15.97
53034,7.72
53035,34.07
53036,28.61
53037,23.1
53038,30.92
53039,71.55
53040,62.91
53042,61.99
53044,5.62
53045,14.41
53046,2.47
53047,0.4
53048,26.87
53049,38.21
53050,70.5
53051,33.29
53057,31.56
53058,5.55
53059,32.15
53061,42.61
53063,39.5
53065,42.82
53066,103.17
53069,0.39
53070,29.49
53072,29.82
53073,84.56
53074,30.26
53075,36.52
53076,22.42
53078,33.54
53079,36.84
53080,28.58
53081,23.31
53083,32.5
53085,69.74
53086,21.51
53088,0.15
53089,26.86
53090,57.86
53091,25.66
53092,20.31
53093,21.45
53094,88.84
53095,70.45
53097,27.01
53098,101.62
53099,0.27
53103,12.19
53104,34.5
53105,159.48
53108,19.43
53110,4.77
53114,29.99
53115,71.92
53118,39.3
53119,40.02
53120,56.54
53121,114.36
53122,3.27
53125,6.16
53126,52.51
53127,0.82
53128,25.32
53129,5.15
53130,3.19
53132,34.71
53137,33.2
53139,31.81
53140,7.89
53142,20.68
53143,4.14
53144,43.39
53146,18.3
53147,69.77
53149,57.9
53150,34.23
53151,17.52
53153,4.77
53154,28.45
53156,30.8
53157,0.04
53158,30.26
53167,0.44
53168,32.54
53170,1.02
53172,4.83
53176,0.35
53177,27.64
53178,31.86
53179,10.53
53181,13.71
53182,55.28
53183,3.54
53184,30.95
53185,45.71
53186,12.59
53188,26.81
53189,47.83
53190,130.81
53191,3.96
53192,1.34
53195,0.33
53202,2.12
53203,0.44
53204,3.23
53205,1.45
53206,2.65
53207,9.95
53208,4.22
53209,10.89
53210,2.56
53211,3.97
53212,4.07
53213,3.92
53214,7.14
53215,5.52
53216,4.61
53217,14.09
53218,5.87
53219,5.04
53220,5.55
53221,9.01
53222,5.4
53223,9.86
53224,10.14
53225,6.98
53226,6.84
53227,5.12
53228,5.25
53233,1.75
53235,2.57
53295,0.24
53402,20.03
53403,10.15
53404,4.9
53405,6.61
53406,16.38
53501,0.46
53502,51.87
53503,56.41
53504,91.65
53505,22.1
53506,61.03
53507,62.2
53508,67.92
53510,42.25
53511,114.86
53515,39.19
53516,86.66
53517,45.86
53518,83.58
53520,119.91
53521,59.68
53522,39.22
53523,46.85
53525,57.01
53526,7.82
53527,35.77
53528,44.23
53529,39.04
53530,129.87
53531,41.14
53532,54.18
53533,142.1
53534,85.2
53536,88.92
53537,0.87
53538,97.12
53540,0.08
53541,63.35
53543,77.35
53544,40.93
53545,22.51
53546,81.11
53548,74.98
53549,71.11
53550,48.79
53551,39.55
53553,6.83
53554,45.05
53555,75.71
53556,48.53
53557,4.59
53558,17.35
53559,66.34
53560,60.1
53561,36.46
53562,31.11
53563,67.03
53565,186.01
53566,152.94
53569,43.54
53570,69.98
53571,0.43
53572,99.13
53573,107.2
53574,43.44
53575,55.3
53576,31.14
53577,45.9
53578,43.09
53579,39.9
53580,18.52
53581,232.4
53582,34.98
53583,74.63
53584,0.04
53585,27.24
53586,100.5
53587,59.26
53588,139.92
53589,84.95
53590,65.89
53593,76.17
53594,72.75
53597,52.95
53598,3.07
53599,0.24
53703,1.85
53704,21.86
53705,6.31
53706,0.42
53711,25.95
53713,9.79
53714,4.65
53715,1.32
53716,6.34
53717,3.64
53718,20.84
53719,10.18
53726,0.56
53792,0.03
53801,59.18
53802,1.69
53803,12.61
53804,52.51
53805,131.92
53806,69.51
53807,105.4
53808,2.48
53809,102.13
53810,37.15
53811,47.1
53812,0.5
53813,144.33
53816,60.65
53817,0.38
53818,154.38
53820,89.26
53821,96.77
53825,31.64
53826,79.51
53827,36.48
53901,147.29
53910,56.92
53911,36.53
53913,138.92
53916,103.59
53919,65.57
53920,5.71
53922,41.06
53923,76.9
53924,72.36
53925,127.14
53926,51.56
53928,0.98
53929,74.05
53930,41.61
53931,0.73
53932,38.03
53933,37.7
53934,121.38
53935,1.0
53936,64.28
53937,52.59
53939,1.02
53940,0.04
53941,68.7
53942,1.32
53943,50.47
53944,78.47
53946,127.65
53947,0.35
53948,151.01
53949,165.14
53950,97.13
53951,73.03
53952,97.24
53953,0.34
53954,79.12
53955,73.12
53956,78.34
53959,111.61
53960,89.58
53961,23.57
53962,0.03
53963,89.78
53964,108.81
53965,168.72
53968,76.48
53969,0.61
54001,118.16
54002,77.71
54003,31.01
54004,78.03
54005,83.68
54006,27.44
54007,45.02
54009,33.38
54011,104.33
54013,104.9
54014,42.32
54015,35.02
54016,67.08
54017,139.25
54020,73.69
54021,43.64
54022,137.79
54023,44.98
54024,83.52
54025,50.1
54026,27.83
54027,32.46
54028,37.46
54082,12.39
54101,49.79
54102,94.09
54103,77.04
54104,185.55
54106,87.38
54107,73.72
54110,64.11
54111,49.75
54112,60.73
54113,1.78
54114,232.67
54115,124.0
54119,132.43
54120,87.28
54121,272.14
54123,0.73
54124,93.05
54125,85.03
54126,80.47
54127,0.19
54128,50.56
54129,70.66
54130,78.05
54135,52.28
54136,2.04
54137,25.02
54138,72.06
54139,99.19
54140,3.13
54141,25.47
54143,66.29
54149,131.66
54150,47.65
54151,129.14
54152,0.61
54153,101.58
54154,80.29
54155,31.63
54156,99.5
54157,89.84
54159,72.23
54160,0.51
54161,125.38
54162,111.53
54165,99.96
54166,145.99
54169,3.73
54170,121.03
54171,24.95
54173,14.25
54174,202.88
54175,54.62
54177,176.18
54180,5.92
54201,75.49
54202,43.2
54204,48.28
54205,44.12
54207,1.11
54208,99.3
54209,37.97
54210,26.53
54211,3.55
54212,32.37
54213,38.44
54214,0.48
54215,0.4
54216,107.31
54217,112.03
54220,98.75
54227,32.2
54228,40.2
54229,38.6
54230,109.0
54232,0.79
54234,23.45
54235,190.3
54241,67.36
54245,39.24
54246,25.44
54247,32.99
54301,6.5
54302,9.23
54303,11.49
54304,11.66
54307,0.08
54311,68.2
54313,56.48
54401,84.17
54403,133.59
54405,29.82
54406,66.35
54407,46.7
54408,49.56
54409,206.69
54410,64.73
54411,189.48
54412,71.08
54413,43.21
54414,131.6
54416,81.9
54417,0.4
54418,87.19
54420,40.43
54421,69.89
54422,40.75
54423,48.34
54424,162.51
54425,41.57
54426,106.22
54427,44.54
54428,70.05
54430,10.16
54433,158.26
54435,201.5
54436,103.76
54437,125.34
54440,82.57
54441,1.02
54442,75.54
54443,89.46
54446,76.83
54447,45.19
54448,91.1
54449,172.43
54450,1.46
54451,336.31
54452,437.96
54454,44.96
54455,235.55
54456,225.46
54457,139.84
54458,0.44
54459,133.19
54460,83.56
54462,45.15
54463,91.39
54464,0.18
54465,37.78
54466,305.61
54467,66.42
54469,2.62
54470,105.47
54471,44.63
54473,84.43
54474,5.02
54475,37.29
54476,42.01
54479,76.79
54480,35.53
54481,65.56
54482,91.03
54484,105.64
54485,22.41
54486,123.06
54487,290.64
54488,38.71
54489,47.66
54490,126.69
54491,198.26
54493,107.79
54494,125.28
54495,104.02
54498,111.23
54499,111.86
54501,366.33
54511,277.26
54512,83.43
54513,106.65
54514,227.66
54515,81.9
54517,90.6
54519,85.43
54520,122.79
54521,188.36
54524,58.47
54525,0.93
54526,118.6
54527,201.27
54529,71.34
54530,117.23
54531,64.28
54534,134.69
54536,41.22
54537,84.6
54538,105.04
54539,55.73
54540,79.87
54541,136.48
54542,267.68
54545,48.27
54546,211.64
54547,215.71
54548,98.96
54550,27.02
54552,360.3
54554,80.9
54555,364.17
54556,105.02
54557,89.84
54558,43.19
54559,121.75
54560,31.84
54561,46.41
54562,144.45
54563,41.94
54564,208.45
54565,114.32
54566,136.04
54568,71.23
54601,75.44
54603,8.86
54610,127.81
54611,53.98
54612,151.34
54613,73.53
54614,78.73
54615,316.13
54616,92.97
54618,95.07
54619,105.36
54621,36.46
54622,56.69
54623,50.62
54624,65.89
54625,6.49
54626,71.28
54627,85.06
54628,73.59
54629,112.04
54630,81.15
54631,104.01
54632,46.89
54634,140.58
54635,79.91
54636,83.03
54637,0.34
54638,61.25
54639,89.43
54642,92.21
54643,0.31
54644,61.2
54645,0.69
54646,165.59
54648,73.81
54650,30.91
54651,59.33
54652,33.42
54653,21.57
54654,0.37
54655,89.79
54656,282.29
54657,28.94
54658,35.53
54659,58.35
54660,173.17
54661,51.77
54664,82.02
54665,180.97
54666,235.1
54667,89.04
54669,51.63
54670,52.7
54701,86.02
54703,81.08
54720,4.75
54721,65.35
54722,148.56
54723,32.58
54724,162.2
54725,97.88
54726,81.22
54727,143.18
54728,125.64
54729,165.04
54730,138.36
54731,46.61
54732,97.63
54733,44.7
54734,31.36
54736,128.93
54737,21.1
54738,98.58
54739,102.65
54740,83.38
54741,96.45
54742,108.01
54745,129.81
54746,44.1
54747,118.81
54748,40.16
54749,39.92
54750,65.69
54751,228.26
54754,74.91
54755,259.33
54756,78.98
54757,155.49
54758,156.73
54759,50.92
54760,0.15
54761,40.52
54762,53.2
54763,60.56
54766,130.2
54767,83.8
54768,134.26
54769,32.77
54770,64.72
54771,149.45
54772,59.02
54773,69.94
54801,196.4
54805,31.18
54806,288.86
54810,46.39
54812,90.19
54813,55.34
54814,152.5
54817,159.96
54819,152.61
54820,116.24
54821,186.93
54822,45.63
54824,38.96
54826,46.28
54827,35.8
54828,69.44
54829,143.47
54830,352.78
54832,98.13
54835,146.02
54836,139.15
54837,170.11
54838,240.99
54839,42.8
54840,255.24
54841,0.5
54842,4.89
54843,440.56
54844,65.57
54845,5.22
54846,32.46
54847,191.57
54848,190.45
54849,86.74
54850,77.75
54853,87.99
54854,83.32
54855,70.54
54856,211.32
54857,0.08
54858,17.59
54859,179.92
54861,1.31
54862,56.78
54864,51.54
54865,64.82
54867,36.05
54868,211.98
54870,82.03
54871,115.7
54872,64.16
54873,265.2
54874,144.66
54875,110.87
54876,93.27
54880,166.11
54888,98.97
54889,73.52
54891,68.52
54893,153.0
54895,107.4
54896,415.6
54901,16.64
54902,35.01
54904,77.88
54909,96.32
54911,8.42
54913,64.23
54914,19.23
54915,15.04
54921,87.27
54922,46.06
54923,135.66
54926,0.32
54927,0.22
54928,11.07
54929,122.3
54930,92.64
54931,0.5
54932,28.19
54933,0.71
54935,15.59
54937,120.11
54940,90.52
54941,32.39
54942,15.97
54943,120.23
54944,68.88
54945,107.17
54946,0.07
54947,46.45
54948,10.41
54949,65.56
54950,81.81
54952,28.08
54956,61.68
54960,102.67
54961,124.1
54962,45.9
54963,76.1
54964,34.47
54965,59.27
54966,81.54
54967,2.25
54968,61.43
54970,45.77
54971,110.9
54974,26.36
54977,38.21
54978,3.64
54979,26.61
54980,0.35
54981,131.59
54982,127.69
54983,82.3
54984,78.31
54985,0.09
54986,29.03
55001,27.02
55003,2.08
55005,18.95
55006,76.4
55007,118.29
55008,100.35
55009,122.5
55011,45.87
55012,23.71
55013,27.63
55014,20.27
55016,30.1
55017,25.89
55018,44.54
55019,20.46
55020,23.81
55021,177.0
55024,85.08
55025,77.06
55026,3.58
55027,116.92
55029,0.26
55030,39.18
55031,40.66
55032,67.84
55033,144.26
55036,0.28
55037,306.36
55038,50.5
55040,98.07
55041,143.94
55042,24.88
55043,3.76
55044,65.27
55045,34.81
55046,44.6
55047,29.24
55049,46.31
55051,217.74
55052,44.97
55053,49.05
55054,1.02
55055,3.62
55056,99.52
55057,124.73
55060,203.44
55063,159.22
55065,32.69
55066,120.92
55068,45.97
55069,74.01
55070,25.48
55071,5.0
55072,352.77
55073,28.01
55074,34.31
55075,5.59
55076,9.92
55077,18.15
55079,63.64
55080,68.52
55082,79.21
55084,24.82
55085,0.92
55087,1.11
55088,36.75
55089,67.12
55090,0.11
55092,33.63
55101,0.78
55102,3.28
55103,1.97
55104,6.03
55105,3.5
55106,9.42
55107,4.11
55108,4.0
55109,11.68
55110,24.73
55111,2.29
55112,17.46
55113,14.85
55114,1.33
55115,6.09
55116,5.53
55117,9.16
55118,10.47
55119,13.21
55120,5.41
55121,9.61
55122,10.77
55123,10.76
55124,16.86
55125,15.35
55126,13.71
55127,13.46
55128,11.23
55129,19.53
55130,2.02
55150,0.3
55155,0.23
55301,8.18
55302,67.86
55303,64.36
55304,68.62
55305,9.31
55306,6.22
55307,74.11
55308,60.45
55309,62.31
55310,96.21
55311,16.43
55312,73.58
55313,107.74
55314,72.68
55315,27.44
55316,8.15
55317,13.15
55318,39.92
55319,71.33
55320,48.77
55321,81.01
55322,57.17
55324,35.21
55325,76.61
55327,17.57
55328,44.89
55329,50.53
55330,106.62
55331,16.32
55332,114.3
55333,68.79
55334,84.86
55335,111.32
55336,135.78
55337,18.72
55338,40.77
55339,22.88
55340,35.64
55341,4.85
55342,161.67
55343,7.7
55344,8.86
55345,11.37
55346,6.76
55347,16.86
55349,62.29
55350,159.88
55352,67.61
55353,81.21
55354,32.44
55355,171.73
55356,13.05
55357,19.52
55358,54.56
55359,42.73
55360,30.62
55362,65.29
55363,28.01
55364,15.17
55366,0.48
55367,19.3
55368,34.17
55369,24.75
55370,20.67
55371,196.0
55372,58.5
55373,10.68
55374,34.23
55375,5.14
55376,29.24
55378,14.32
55379,57.87
55381,44.21
55382,76.34
55384,0.35
55385,97.9
55386,6.4
55387,31.54
55388,37.65
55389,74.85
55390,36.8
55391,16.52
55395,23.91
55396,108.06
55397,28.29
55398,73.13
55401,0.79
55402,0.17
55403,1.36
55404,1.81
55405,2.83
55406,5.01
55407,4.01
55408,2.69
55409,1.31
55410,3.07
55411,4.03
55412,3.41
55413,3.14
55414,3.12
55415,0.44
55416,7.34
55417,4.42
55418,6.99
55419,4.2
55420,6.66
55421,6.27
55422,8.48
55423,7.07
55424,2.41
55425,4.54
55426,6.62
55427,7.24
55428,8.11
55429,6.02
55430,5.87
55431,7.83
55432,9.88
55433,11.64
55434,8.92
55435,2.97
55436,4.69
55437,6.74
55438,8.29
55439,4.71
55441,8.58
55442,5.3
55443,9.05
55444,4.63
55445,7.84
55446,10.08
55447,8.93
55448,10.83
55449,21.44
55450,4.66
55454,0.6
55455,0.54
55601,15.4
55602,241.63
55603,308.2
55604,817.81
55605,74.0
55606,151.79
55607,301.98
55609,2.49
55612,165.15
55613,54.82
55614,218.32
55615,189.0
55616,479.73
55702,50.08
55703,146.88
55704,54.09
55705,83.43
55706,135.19
55707,155.18
55708,4.84
55709,223.85
55710,86.17
55711,79.1
55712,164.23
55713,7.41
55716,1.27
55717,122.25
55718,60.36
55719,84.34
55720,156.38
55721,93.5
55722,1.22
55723,393.7
55724,250.06
55725,149.12
55726,89.57
55731,1606.72
55732,206.85
55733,35.34
55734,78.23
55735,125.08
55736,355.61
55738,119.8
55741,69.71
55742,36.85
55744,239.39
55746,346.98
55748,152.72
55749,86.86
55750,175.07
55751,60.18
55752,174.86
55753,0.88
55756,45.08
55757,103.43
55758,1.68
55760,302.46
55763,160.36
55764,3.71
55765,141.02
55767,56.48
55768,89.29
55769,175.45
55771,1115.44
55772,0.21
55775,62.08
55779,123.5
55780,18.82
55781,81.43
55782,10.78
55783,137.79
55784,25.36
55785,113.36
55786,2.55
55787,135.28
55790,143.59
55792,95.66
55793,78.8
55795,86.62
55796,0.22
55797,65.65
55798,103.44
55802,2.59
55803,295.45
55804,94.05
55805,1.44
55806,3.42
55807,5.79
55808,12.02
55810,47.32
55811,64.51
55812,1.94
55814,0.08
55901,33.08
55902,41.14
55903,0.07
55904,60.13
55905,0.06
55906,61.49
55909,52.61
55910,88.76
55912,187.96
55917,133.57
55918,28.08
55919,44.76
55920,68.72
55921,175.18
55922,32.78
55923,126.14
55924,76.74
55925,30.78
55926,61.17
55927,80.15
55929,44.02
55931,18.32
55932,52.44
55933,21.07
55934,78.51
55935,50.41
55936,86.74
55939,92.33
55940,93.02
55941,26.56
55943,170.62
55944,59.29
55945,102.44
55946,131.29
55947,73.31
55949,113.9
55950,0.32
55951,73.15
55952,66.38
55953,35.37
55954,72.53
55955,34.23
55956,54.67
55957,41.07
55959,36.48
55960,35.02
55961,29.7
55962,63.16
55963,80.61
55964,88.86
55965,108.47
55967,36.58
55968,1.6
55969,29.11
55970,61.02
55971,84.32
55972,88.26
55973,29.75
55974,82.46
55975,160.1
55976,91.04
55977,23.98
55979,59.31
55981,50.95
55982,27.82
55983,37.61
55985,80.12
55987,157.21
55990,43.2
55991,54.08
55992,72.79
56001,114.52
56003,43.98
56007,169.3
56009,96.73
56010,81.76
56011,102.26
56013,169.22
56014,76.57
56016,25.81
56017,29.15
56019,99.14
56020,0.06
56021,35.78
56022,0.14
56023,57.14
56024,18.56
56025,51.76
56026,103.53
56027,63.34
56028,17.88
56029,42.03
56030,0.02
56031,156.32
56032,3.07
56033,34.4
56034,28.34
56035,0.54
56036,116.99
56037,73.96
56039,92.46
56041,72.68
56042,53.45
56043,20.76
56044,82.85
56045,29.19
56046,1.97
56048,122.42
56050,23.13
56051,29.43
56052,50.72
56054,53.61
56055,118.17
56056,1.02
56057,85.2
56058,126.72
56060,35.68
56062,124.36
56063,40.03
56065,116.28
56068,65.31
56069,71.19
56071,85.93
56072,120.97
56073,200.61
56074,77.82
56075,0.05
56078,25.43
56080,0.44
56081,177.45
56082,124.15
56083,97.06
56085,205.94
56087,146.06
56088,125.01
56089,5.47
56090,42.99
56091,18.04
56093,180.46
56096,55.67
56097,175.55
56098,112.91
56101,172.33
56110,110.26
56111,53.56
56113,39.5
56114,49.66
56115,123.53
56116,43.93
56117,23.28
56118,53.34
56119,92.9
56120,100.12
56121,36.92
56122,54.77
56123,69.03
56125,0.25
56127,54.94
56128,115.99
56129,47.49
56131,171.73
56132,58.58
56134,50.1
56136,113.86
56137,112.88
56138,32.65
56139,48.65
56140,0.09
56141,41.43
56142,90.33
56143,187.91
56144,120.18
56145,50.12
56146,0.99
56147,30.08
56149,111.4
56150,174.87
56151,95.54
56152,136.64
56153,2.73
56155,44.14
56156,166.85
56157,43.67
56158,37.37
56159,126.4
56160,20.51
56161,28.46
56162,23.12
56164,240.51
56165,38.61
56166,33.18
56167,52.33
56168,95.91
56169,54.89
56170,62.61
56171,89.36
56172,116.3
56173,24.04
56174,39.88
56175,135.49
56176,62.86
56178,84.16
56180,117.85
56181,62.27
56183,95.22
56185,43.33
56186,63.07
56187,168.66
56201,118.14
56207,48.59
56208,196.25
56209,101.07
56210,0.18
56211,101.75
56212,80.24
56214,63.35
56215,211.2
56216,37.87
56218,97.89
56219,89.32
56220,274.73
56221,140.19
56222,94.18
56223,116.75
56224,35.71
56225,104.17
56226,35.77
56227,55.75
56228,57.24
56229,102.28
56230,62.68
56231,91.55
56232,141.83
56235,82.03
56236,106.11
56237,63.31
56239,26.12
56240,148.85
56241,145.88
56243,92.73
56244,130.72
56245,46.07
56248,137.47
56249,66.37
56251,33.63
56252,74.74
56253,106.16
56255,38.08
56256,230.63
56257,92.09
56258,193.82
56260,98.02
56262,69.12
56263,51.12
56264,128.86
56265,264.0
56266,99.54
56267,194.32
56270,48.23
56271,151.73
56273,96.69
56274,79.87
56276,55.59
56277,111.14
56278,135.37
56279,61.78
56280,68.56
56281,12.92
56282,107.26
56283,178.37
56284,135.03
56285,99.77
56287,0.44
56288,48.79
56289,51.33
56291,66.04
56292,57.14
56293,84.65
56294,0.26
56295,22.62
56296,236.97
56297,67.89
56301,76.58
56303,10.96
56304,60.67
56307,105.72
56308,155.85
56309,57.22
56310,71.61
56311,72.41
56312,171.32
56313,0.14
56314,42.46
56315,68.88
56316,134.85
56318,40.08
56319,40.36
56320,51.07
56321,0.63
56323,42.87
56324,58.05
56325,0.16
56326,94.66
56327,48.14
56328,2.07
56329,191.91
56330,39.47
56331,69.35
56332,52.19
56334,205.04
56335,0.71
56336,48.74
56338,171.22
56339,60.93
56340,50.94
56342,192.96
56343,69.51
56345,258.12
56347,194.81
56349,41.61
56350,226.99
56352,109.85
56353,189.78
56354,42.21
56355,25.62
56356,1.65
56357,36.49
56358,125.16
56359,170.74
56360,132.59
56361,158.5
56362,150.08
56363,1.11
56364,239.85
56367,101.77
56368,70.53
56369,0.57
56371,0.48
56373,99.46
56374,66.42
56375,3.77
56376,0.77
56377,22.37
56378,202.82
56379,89.4
56381,144.68
56382,67.24
56384,1.01
56385,73.66
56386,17.81
56387,8.95
56389,0.69
56401,322.57
56425,18.25
56431,462.81
56433,110.24
56434,14.79
56435,158.32
56437,66.18
56438,141.52
56440,55.82
56441,89.17
56442,35.2
56443,128.67
56444,51.72
56446,96.79
56447,83.81
56448,46.2
56449,89.67
56450,26.28
56452,95.39
56453,53.17
56455,24.51
56458,21.3
56461,286.54
56464,256.85
56465,38.53
56466,193.14
56467,124.65
56468,49.81
56469,257.83
56470,382.47
56472,154.89
56473,89.92
56474,230.47
56475,62.48
56477,250.72
56479,199.2
56481,141.13
56482,136.23
56484,91.77
56501,186.88
56510,224.85
56511,63.59
56514,212.56
56515,96.09
56516,84.94
56517,97.1
56518,18.51
56519,98.13
56520,125.77
56521,62.7
56522,149.76
56523,78.75
56524,44.6
56525,1.17
56527,54.76
56528,61.75
56529,3.69
56531,151.4
56533,13.9
56534,64.66
56535,88.82
56536,95.25
56537,283.35
56540,173.68
56541,4.01
56542,180.16
56543,65.42
56544,198.04
56545,153.51
56546,61.15
56547,152.08
56548,68.02
56549,206.33
56550,48.94
56551,105.24
56552,46.45
56553,63.99
56554,115.15
56556,102.81
56557,234.94
56560,157.36
56562,0.07
56563,0.16
56565,31.06
56566,13.26
56567,148.44
56568,29.71
56569,158.4
56570,97.71
56571,46.34
56572,171.36
56573,137.55
56574,68.79
56575,141.25
56576,40.22
56578,55.47
56579,197.43
56580,63.81
56581,39.75
56583,76.5
56584,134.14
56585,125.47
56586,73.64
56587,53.16
56588,47.26
56589,243.14
56590,81.07
56591,2.68
56592,58.91
56594,93.81
56601,371.12
56621,321.35
56623,446.49
56626,90.05
56627,939.28
56628,331.76
56629,309.95
56630,313.63
56633,216.39
56634,120.19
56636,436.9
56637,26.22
56639,308.86
56641,31.54
56644,98.13
56646,75.52
56647,78.03
56649,285.27
56650,179.27
56651,70.87
56652,65.4
56653,453.95
56654,122.4
56655,95.61
56657,54.37
56658,5.5
56659,32.49
56660,135.52
56661,371.41
56662,60.98
56663,40.61
56666,42.46
56667,96.63
56668,0.2
56669,251.25
56670,28.21
56671,321.0
56672,396.82
56673,203.96
56676,216.39
56678,127.0
56680,22.92
56681,161.36
56683,58.36
56684,123.58
56685,125.43
56686,185.94
56688,102.55
56701,383.04
56710,44.4
56711,124.97
56713,182.99
56714,203.35
56715,58.75
56716,325.21
56720,8.06
56721,192.43
56722,135.48
56723,120.67
56724,124.06
56725,415.52
56726,266.84
56727,621.28
56728,189.18
56729,43.01
56731,38.46
56732,161.07
56733,151.62
56734,173.77
56735,367.17
56736,110.32
56737,238.03
56738,181.59
56742,109.58
56744,96.05
56748,88.09
56750,235.56
56751,472.49
56754,38.41
56755,44.59
56756,128.86
56757,234.36
56758,102.88
56759,168.16
56760,83.4
56761,100.77
56762,335.96
56763,262.93
57001,99.25
57002,63.91
57003,50.99
57004,194.72
57005,48.94
57006,151.81
57007,0.33
57010,62.59
57012,83.37
57013,132.66
57014,135.56
57015,49.71
57016,26.49
57017,108.45
57018,84.93
57020,17.84
57021,30.02
57022,141.41
57024,29.16
57025,124.01
57026,177.97
57027,9.49
57028,200.78
57029,190.82
57030,132.79
57031,39.35
57032,48.84
57033,120.5
57034,76.31
57035,85.85
57036,92.35
57037,104.06
57038,50.58
57039,91.94
57040,70.32
57041,3.15
57042,193.22
57043,114.44
57045,120.84
57046,50.53
57047,14.78
57048,130.22
57049,14.17
57050,39.99
57051,78.84
57052,86.12
57053,142.74
57054,116.22
57055,16.86
57057,31.72
57058,159.05
57059,148.84
57061,0.37
57062,100.24
57063,92.65
57064,25.61
57065,30.33
57066,114.2
57067,56.37
57068,46.14
57069,169.27
57070,88.85
57071,119.63
57072,74.55
57073,69.36
57075,79.89
57076,105.39
57077,44.59
57078,111.28
57103,9.47
57104,30.38
57105,7.52
57106,30.27
57107,46.76
57108,30.4
57110,20.89
57117,0.09
57197,0.08
57201,319.09
57212,227.65
57213,47.14
57214,5.58
57216,61.37
57217,81.87
57218,67.12
57219,174.71
57220,109.3
57221,118.2
57223,124.63
57224,47.18
57225,288.5
57226,191.0
57227,44.03
57231,249.28
57232,77.13
57233,36.73
57234,102.25
57235,131.68
57236,55.15
57237,98.49
57238,73.67
57239,44.83
57241,102.59
57242,86.67
57243,117.64
57245,0.25
57246,30.41
57247,76.49
57248,67.94
57249,145.62
57251,47.81
57252,164.92
57255,104.23
57256,44.37
57257,75.65
57258,118.81
57259,132.3
57260,162.3
57261,67.5
57262,335.92
57263,108.4
57264,44.23
57265,82.63
57266,127.26
57268,64.37
57269,94.05
57270,162.46
57271,63.81
57272,43.61
57273,175.01
57274,372.56
57276,122.55
57278,157.59
57279,139.87
57301,238.35
57311,188.35
57312,130.28
57313,181.38
57314,269.64
57315,129.8
57317,158.97
57319,146.71
57321,108.94
57322,168.26
57323,122.73
57324,84.75
57325,286.42
57328,160.76
57329,51.4
57330,116.02
57331,68.33
57332,99.69
57334,106.24
57335,102.75
57337,90.76
57339,54.23
57340,73.64
57341,248.0
57342,159.02
57344,34.21
57345,646.28
57346,0.28
57348,270.08
57349,232.34
57350,292.74
57353,298.87
57354,1.17
57355,384.17
57356,168.54
57358,0.97
57359,153.91
57361,2.48
57362,465.72
57363,189.78
57364,1.08
57365,62.47
57366,217.99
57367,4.75
57368,232.2
57369,452.4
57370,212.94
57371,225.0
57373,219.28
57374,77.78
57375,139.76
57376,152.98
57379,54.94
57380,279.92
57381,303.88
57382,438.1
57383,253.4
57384,202.03
57385,235.03
57386,69.0
57401,278.81
57420,44.27
57421,33.34
57422,111.86
57424,166.62
57426,6.0
57427,61.15
57428,193.58
57429,14.07
57430,346.75
57432,111.7
57433,121.37
57434,295.54
57435,144.66
57436,188.99
57437,532.86
57438,435.1
57439,0.4
57440,141.93
57441,266.07
57442,593.4
57445,253.91
57446,155.45
57448,164.66
57449,83.22
57450,205.81
57451,430.24
57452,208.08
57454,151.32
57455,128.97
57456,363.11
57457,147.76
57460,121.09
57461,109.44
57465,151.6
57466,137.26
57467,201.63
57468,74.04
57469,298.89
57470,149.72
57471,367.89
57472,282.79
57473,185.27
57474,80.56
57475,125.13
57476,155.06
57477,107.11
57479,48.11
57481,188.49
57501,564.14
57520,157.43
57521,427.88
57522,173.0
57523,252.79
57528,211.85
57529,245.88
57531,318.95
57532,1292.06
57533,376.88
57534,215.01
57536,411.86
57537,243.49
57538,122.82
57540,198.48
57541,138.09
57543,465.67
57544,252.04
57547,209.74
57548,95.19
57551,753.14
57552,951.39
57553,260.1
57555,339.9
57559,434.5
57560,169.6
57562,111.63
57563,29.65
57564,439.18
57566,153.13
57567,968.66
57568,379.26
57569,357.48
57570,47.36
57571,10.66
57572,223.94
57574,202.51
57576,185.4
57577,218.67
57579,630.09
57580,1028.58
57584,80.55
57585,315.83
57601,423.57
57620,348.17
57621,3.06
57622,91.37
57623,639.65
57625,1307.24
57626,1305.15
57630,109.98
57631,130.04
57632,200.1
57633,812.64
57634,201.52
57636,20.57
57638,1012.38
57639,1.98
57640,255.05
57641,479.28
57642,693.28
57644,703.83
57645,302.15
57646,128.41
57648,237.44
57649,536.86
57650,75.62
57651,443.79
57652,225.39
57656,389.44
57657,191.21
57658,63.59
57659,13.51
57660,197.7
57661,28.09
57701,52.22
57702,285.79
57703,129.78
57706,6.14
57714,162.08
57716,169.91
57717,1364.43
57718,26.58
57719,167.41
57720,1296.16
57722,544.71
57724,361.56
57725,116.9
57730,516.16
57732,125.54
57735,904.55
57737,61.02
57738,185.11
57741,0.16
57744,478.58
57745,385.04
57747,508.28
57748,399.67
57750,325.24
57751,44.22
57752,430.44
57754,264.87
57755,254.67
57756,66.42
57758,609.19
57759,53.29
57760,991.75
57761,441.07
57762,105.91
57763,373.55
57764,272.6
57766,142.54
57767,144.93
57769,135.93
57770,194.04
57772,502.56
57773,5.99
57775,291.33
57776,86.33
57779,41.06
57780,424.61
57782,51.0
57783,213.21
57785,570.24
57787,627.24
57788,240.23
57790,735.89
57791,288.57
57792,149.46
57793,152.09
57794,50.93
57799,0.19
58001,1.42
58002,3.29
58004,51.7
58005,102.83
58006,49.66
58007,49.11
58008,55.68
58009,36.09
58011,110.8
58012,73.34
58013,70.01
58015,20.93
58016,67.46
58017,180.94
58018,73.6
58021,65.05
58027,182.21
58029,43.33
58030,131.33
58031,146.36
58032,108.34
58033,145.23
58035,90.17
58036,83.59
58038,82.09
58040,75.41
58041,197.41
58042,43.2
58043,60.09
58045,209.78
58046,238.33
58047,70.2
58048,112.97
58049,132.98
58051,111.6
58052,155.38
58053,234.2
58054,286.57
58056,81.63
58057,87.05
58058,22.95
58059,112.46
58060,244.61
58061,66.67
58062,49.54
58063,122.04
58064,175.84
58065,4.22
58067,58.35
58068,107.5
58069,67.76
58071,108.0
58072,327.63
58074,0.95
58075,234.54
58076,0.07
58077,137.37
58078,39.82
58079,143.53
58081,175.04
58102,31.64
58103,11.46
58104,28.05
58105,0.24
58201,69.05
58202,0.43
58203,68.72
58204,1.22
58205,6.28
58210,158.01
58212,210.31
58214,77.61
58216,72.21
58218,120.57
58219,5.82
58220,176.43
58222,72.26
58223,73.08
58224,14.43
58225,234.03
58227,113.56
58228,107.02
58229,93.03
58230,170.69
58231,119.39
58233,107.06
58235,79.12
58236,10.15
58237,250.28
58238,88.48
58239,91.73
58240,141.62
58241,59.76
58243,85.47
58244,25.03
58249,431.48
58250,92.72
58251,183.64
58254,109.97
58255,0.48
58256,84.91
58257,124.4
58258,29.91
58259,159.67
58260,118.85
58261,167.26
58262,16.59
58265,85.95
58266,117.57
58267,233.67
58269,64.77
58270,152.98
58271,98.44
58272,118.3
58273,64.99
58274,131.28
58275,115.04
58276,113.86
58277,83.15
58278,105.37
58281,125.17
58282,218.99
58301,274.17
58310,14.26
58311,103.6
58313,0.22
58316,100.39
58317,155.69
58318,296.7
58321,127.46
58323,75.64
58324,247.25
58325,98.4
58327,176.46
58329,202.53
58330,192.07
58331,102.72
58332,238.65
58335,28.1
58338,79.74
58339,27.84
58341,433.99
58343,57.7
58344,207.66
58345,115.91
58346,197.57
58348,257.28
58351,165.25
58352,216.8
58353,69.59
58355,25.18
58356,276.2
58357,130.33
58361,129.93
58362,41.14
58363,63.54
58365,207.74
58366,278.47
58367,191.72
58368,636.64
58369,84.18
58370,52.52
58372,120.54
58374,244.8
58377,208.56
58379,6.77
58380,152.86
58381,174.32
58382,126.71
58384,389.77
58385,106.95
58386,119.49
58401,428.71
58402,0.04
58405,0.17
58413,492.37
58415,61.13
58416,196.27
58418,245.28
58420,150.74
58421,401.72
58422,130.41
58423,98.91
58424,165.25
58425,207.11
58426,132.93
58428,150.47
58429,124.35
58430,87.98
58431,69.27
58433,322.38
58436,320.61
58438,158.59
58439,185.97
58440,189.54
58441,157.06
58442,228.43
58443,102.59
58444,172.27
58445,72.63
58448,145.87
58451,132.59
58452,0.47
58454,231.11
58455,153.42
58456,227.23
58458,186.6
58460,202.02
58461,202.44
58463,369.11
58464,139.95
58466,165.05
58467,229.18
58472,169.24
58474,389.34
58475,136.5
58476,220.59
58477,120.83
58478,169.36
58479,78.63
58480,119.42
58481,141.68
58482,203.85
58483,153.42
58484,57.97
58486,143.35
58487,217.02
58488,233.13
58490,117.71
58492,135.0
58494,344.2
58495,361.73
58496,262.75
58497,109.06
58501,22.81
58503,135.57
58504,103.34
58505,0.21
58520,203.24
58521,166.02
58523,246.87
58524,149.15
58528,59.28
58529,393.92
58530,338.35
58531,118.2
58532,201.67
58533,341.2
58535,342.31
58538,162.32
58540,361.4
58541,214.3
58542,178.95
58544,288.57
58545,315.32
58549,176.36
58552,502.49
58554,572.6
58558,138.44
58559,173.29
58560,120.18
58561,331.16
58562,289.74
58563,566.95
58564,98.77
58565,1.61
58566,101.31
58568,419.81
58569,131.36
58570,339.96
58571,114.71
58572,206.53
58573,188.2
58575,238.02
58576,170.88
58577,196.08
58579,244.95
58580,149.9
58581,122.47
58601,570.6
58620,293.21
58621,428.62
58622,533.88
58623,541.11
58625,96.95
58626,175.88
58627,285.86
58630,174.05
58631,370.33
58632,71.44
58634,375.43
58636,395.61
58638,328.49
58639,569.74
58640,437.43
58641,77.6
58642,189.65
58643,141.22
58644,11.61
58645,485.02
58646,574.04
58647,507.26
58649,255.14
58650,301.65
58651,716.33
58652,395.36
58653,367.47
58654,628.88
58655,112.07
58656,182.55
58701,235.57
58703,156.16
58704,4.73
58705,2.52
58707,0.11
58710,188.34
58711,122.01
58712,111.84
58713,18.83
58716,77.22
58718,425.28
58721,209.23
58722,65.93
58723,200.69
58725,151.76
58727,224.07
58730,256.93
58731,100.01
58733,84.61
58734,206.93
58735,198.43
58736,162.98
58737,138.67
58740,168.06
58741,172.54
58744,89.48
58746,446.72
58748,115.43
58750,230.34
58752,82.02
58755,89.58
58756,114.74
58757,342.33
58758,122.23
58759,238.83
58760,147.77
58761,285.92
58762,94.02
58763,532.71
58765,160.08
58768,74.92
58769,187.11
58770,270.05
58771,250.95
58772,56.58
58773,302.93
58775,75.9
58776,146.47
58778,126.8
58779,274.72
58781,110.04
58782,187.46
58783,285.03
58784,351.29
58785,40.71
58787,104.17
58788,517.85
58789,169.56
58790,185.01
58792,168.76
58793,164.28
58794,97.99
58795,180.92
58801,716.09
58830,314.72
58831,416.05
58833,97.58
58835,241.0
58838,257.14
58843,225.2
58844,203.98
58845,257.19
58847,175.93
58849,302.03
58852,310.6
58853,14.77
58854,666.12
58856,196.82
59001,142.76
59002,79.38
59003,751.11
59006,61.85
59007,31.67
59008,126.19
59010,360.3
59011,936.36
59012,223.34
59013,4.31
59014,759.02
59015,247.84
59016,420.39
59018,181.58
59019,306.83
59020,239.26
59022,158.22
59024,486.53
59025,563.48
59026,22.51
59027,229.46
59028,316.03
59029,95.27
59030,479.32
59031,104.69
59032,559.47
59033,35.36
59034,791.34
59035,88.79
59036,685.09
59037,124.06
59038,879.54
59039,458.33
59041,191.48
59043,340.9
59044,175.11
59046,594.93
59047,781.3
59050,738.74
59052,697.84
59053,507.24
59054,479.87
59055,227.48
59057,279.15
59058,618.8
59059,366.27
59061,173.27
59062,310.15
59063,61.19
59064,230.14
59065,123.16
59066,296.08
59067,290.48
59068,520.9
59069,427.06
59070,178.25
59071,93.06
59072,1291.32
59074,619.86
59075,194.77
59076,14.75
59077,546.54
59078,276.88
59079,334.1
59081,4.36
59082,36.73
59083,147.68
59085,252.96
59086,646.28
59087,1277.23
59088,349.33
59089,251.27
59101,590.77
59102,15.04
59105,95.86
59106,112.0
59201,1313.07
59211,103.48
59212,272.58
59213,372.86
59214,409.71
59215,1331.36
59217,3.68
59218,391.07
59219,208.43
59221,262.46
59222,250.66
59223,300.94
59225,327.47
59226,329.05
59230,1496.93
59231,0.56
59240,37.6
59241,1219.02
59242,85.32
59243,369.21
59244,234.07
59247,136.09
59248,577.78
59250,467.13
59252,183.22
59253,322.01
59254,274.98
59255,688.84
59256,78.2
59257,151.24
59258,252.23
59259,628.7
59260,396.22
59261,761.74
59262,304.92
59263,587.54
59270,891.03
59273,50.54
59274,298.42
59275,376.35
59276,133.03
59301,2851.92
59311,808.18
59312,266.46
59313,906.01
59314,335.07
59315,233.46
59316,130.41
59317,1405.64
59318,526.38
59319,246.5
59322,569.58
59323,53.35
59324,1370.32
59326,363.46
59327,2003.88
59330,1013.97
59332,459.46
59333,7.96
59336,1046.99
59337,2116.85
59338,80.02
59339,378.78
59343,175.29
59344,429.46
59345,543.03
59347,899.48
59349,1305.27
59351,621.2
59353,1037.83
59354,51.6
59401,2.96
59404,331.44
59405,479.39
59410,1158.89
59411,215.72
59412,379.72
59414,1.74
59416,364.91
59417,758.69
59418,128.17
59419,90.14
59420,249.01
59421,746.58
59422,1190.57
59424,81.56
59425,549.62
59427,1380.69
59430,515.5
59432,184.59
59433,325.63
59434,677.23
59435,150.56
59436,246.94
59440,190.65
59441,175.76
59442,790.29
59443,58.51
59444,429.77
59446,757.31
59447,351.91
59448,77.18
59450,371.25
59451,241.85
59452,398.92
59453,345.96
59454,119.77
59456,424.42
59457,995.61
59460,259.45
59461,37.48
59462,131.68
59463,181.71
59464,241.11
59465,90.14
59466,122.05
59467,95.9
59468,257.79
59469,120.95
59471,1026.1
59472,55.36
59474,553.08
59477,66.34
59479,670.87
59480,141.99
59482,210.31
59483,78.64
59484,180.03
59485,56.4
59486,498.9
59487,54.77
59489,607.12
59501,1345.42
59520,1120.39
59521,283.64
59522,821.93
59523,1534.61
59524,1120.65
59525,300.93
59526,744.25
59527,213.24
59528,222.27
59529,339.97
59530,195.45
59531,267.69
59532,195.47
59535,615.64
59537,340.93
59538,2491.76
59540,384.5
59542,560.73
59544,433.61
59545,99.88
59546,92.73
59547,111.57
59601,130.18
59602,524.34
59623,0.0
59625,0.09
59631,156.44
59632,444.05
59633,207.57
59634,251.28
59635,79.52
59636,3.26
59638,60.41
59639,672.63
59640,20.19
59642,278.14
59643,274.0
59644,716.3
59645,1630.51
59647,84.44
59648,704.96
59701,509.68
59710,671.98
59711,558.62
59713,252.41
59714,418.17
59715,294.9
59716,64.74
59718,164.46
59720,743.18
59721,209.55
59722,391.11
59724,530.93
59725,1959.78
59727,299.5
59728,181.66
59729,465.4
59730,686.09
59731,131.09
59732,208.46
59733,144.87
59735,113.82
59736,339.65
59739,1017.61
59740,155.8
59741,164.88
59743,209.73
59745,169.01
59746,193.52
59747,40.37
59748,21.28
59749,238.19
59750,101.16
59751,26.92
59752,403.66
59754,375.9
59755,65.3
59756,10.3
59758,413.94
59759,440.12
59760,45.62
59761,1035.2
59762,521.02
59801,7.71
59802,45.37
59803,96.99
59804,126.27
59808,157.05
59812,0.21
59820,372.13
59821,319.63
59823,520.24
59824,93.49
59825,415.33
59826,381.88
59827,16.27
59828,165.03
59829,871.51
59830,108.12
59831,102.29
59832,252.74
59833,153.36
59834,66.99
59837,195.84
59840,537.39
59841,1.3
59842,104.41
59843,425.65
59844,75.27
59845,442.3
59846,210.47
59847,301.17
59848,30.11
59851,0.35
59853,306.77
59854,844.17
59855,0.35
59856,19.42
59858,880.17
59859,710.8
59860,261.69
59863,7.64
59864,186.22
59865,162.91
59866,222.41
59867,23.0
59868,256.04
59870,255.02
59871,307.84
59872,514.25
59873,769.35
59874,369.21
59875,128.95
59901,468.75
59910,19.25
59911,491.66
59912,188.9
59913,52.14
59914,11.2
59915,57.29
59916,122.34
59917,245.19
59918,93.3
59919,2.27
59920,185.85
59922,38.23
59923,1412.52
59925,376.95
59926,10.04
59927,194.24
59928,937.18
59929,41.2
59930,93.46
59931,28.33
59932,27.23
59933,19.35
59934,123.33
59935,1035.54
59936,1480.08
59937,310.53
60002,33.31
60004,11.12
60005,6.57
60007,18.11
60008,5.13
60010,74.08
60012,17.3
60013,14.46
60014,25.1
60015,13.63
60016,12.12
60018,16.58
60020,4.71
60021,2.05
60022,3.79
60025,10.49
60026,4.08
60029,0.45
60030,26.76
60031,19.02
60033,117.45
60034,30.87
60035,12.67
60040,0.77
60041,9.55
60042,4.57
60043,0.61
60044,6.79
60045,21.31
60046,22.95
60047,34.87
60048,28.4
60050,26.43
60051,33.18
60053,5.06
60056,10.87
60060,23.23
60061,8.36
60062,18.9
60064,5.29
60067,13.01
60068,7.31
60069,5.93
60070,3.98
60071,24.82
60072,9.68
60073,18.47
60074,7.1
60075,0.16
60076,5.14
60077,4.23
60081,19.72
60083,26.39
60084,14.05
60085,14.79
60087,12.96
60088,2.4
60089,9.84
60090,8.98
60091,5.34
60093,8.38
60096,4.74
60097,16.05
60098,104.78
60099,22.59
60101,11.39
60102,15.76
60103,18.35
60104,2.28
60106,9.25
60107,7.7
60108,7.39
60109,5.54
60110,8.39
60111,21.48
60112,3.66
60113,0.1
60115,81.03
60118,20.94
60119,49.56
60120,17.43
60123,13.97
60124,38.16
60126,11.21
60129,16.08
60130,2.82
60131,5.44
60133,8.38
60134,14.57
60135,46.79
60136,7.4
60137,10.97
60139,5.53
60140,81.03
60141,0.42
60142,38.88
60143,6.97
60144,0.05
60145,33.81
60146,55.55
60148,13.82
60150,55.91
60151,82.54
60152,95.35
60153,2.84
60154,4.36
60155,1.86
60156,10.61
60157,1.55
60160,4.55
60162,3.17
60163,1.26
60164,4.91
60165,0.34
60169,7.66
60171,2.25
60172,7.0
60173,6.42
60174,13.72
60175,33.52
60176,2.54
60177,8.88
60178,67.17
60180,20.96
60181,6.51
60183,0.49
60184,8.42
60185,30.87
60187,6.63
60188,10.05
60189,10.44
60190,4.88
60191,5.21
60192,11.15
60193,8.81
60194,3.69
60195,1.69
60201,4.51
60202,3.06
60203,0.68
60208,0.21
60301,0.19
60302,2.96
60304,1.55
60305,2.48
60401,56.67
60402,5.74
60403,4.89
60404,15.73
60406,5.37
60407,13.51
60408,6.39
60409,7.75
60410,24.06
60411,30.69
60415,2.27
60416,22.82
60417,37.09
60418,2.96
60419,4.25
60420,96.71
60421,59.8
60422,3.98
60423,37.88
60424,52.66
60425,5.63
60426,7.74
60428,5.07
60429,4.07
60430,6.88
60431,12.84
60432,8.52
60433,13.56
60435,10.83
60436,17.99
60437,19.05
60438,8.06
60439,29.71
60440,15.08
60441,28.15
60442,67.03
60443,11.26
60444,49.66
60445,4.29
60446,19.51
60447,67.62
60448,18.31
60449,49.24
60450,157.61
60451,25.16
60452,8.59
60453,8.49
60455,4.24
60456,0.48
60457,3.13
60458,2.92
60459,4.18
60460,99.1
60461,3.37
60462,15.98
60463,5.26
60464,13.16
60465,4.3
60466,6.32
60467,14.77
60468,69.62
60469,1.13
60470,42.9
60471,3.97
60472,1.69
60473,7.84
60474,5.37
60475,4.82
60476,3.31
60477,14.22
60478,9.79
60479,39.21
60480,11.24
60481,123.52
60482,2.33
60484,7.53
60487,7.48
60490,9.67
60491,25.59
60501,4.36
60502,11.17
60503,4.27
60504,8.78
60505,10.14
60506,21.25
60510,24.39
60511,29.93
60512,6.55
60513,3.15
60514,2.04
60515,11.82
60516,7.58
60517,9.33
60518,132.64
60519,0.05
60520,45.04
60521,4.73
60523,8.95
60525,13.06
60526,3.88
60527,14.4
60530,27.92
60531,61.43
60532,8.54
60534,1.87
60536,0.13
60537,0.83
60538,9.7
60539,0.87
60540,13.22
60541,83.07
60542,9.47
60543,41.95
60544,24.21
60545,36.6
60546,3.99
60548,41.38
60549,23.76
60550,41.37
60551,59.3
60552,26.6
60553,48.88
60554,35.53
60555,8.04
60556,52.36
60557,0.88
60558,2.84
60559,4.7
60560,79.38
60561,6.64
60563,14.56
60564,16.02
60565,12.88
60585,14.88
60586,17.46
60601,0.39
60602,0.08
60603,0.12
60604,0.08
60605,1.43
60606,0.23
60607,2.31
60608,6.25
60609,7.75
60610,1.11
60611,0.79
60612,3.72
60613,2.33
60614,3.22
60615,2.19
60616,3.8
60617,13.67
60618,4.99
60619,6.12
60620,7.0
60621,3.75
60622,2.5
60623,5.38
60624,3.55
60625,3.76
60626,1.72
60628,10.98
60629,7.05
60630,4.74
60631,3.75
60632,7.45
60633,9.75
60634,7.11
60636,3.91
60637,4.53
60638,11.06
60639,4.96
60640,2.36
60641,4.03
60642,1.67
60643,7.36
60644,3.51
60645,2.23
60646,4.44
60647,3.96
60649,3.62
60651,3.46
60652,4.84
60653,2.36
60654,0.54
60655,4.41
60656,3.24
60657,2.17
60659,2.36
60660,1.27
60661,0.31
60706,3.08
60707,3.58
60712,2.69
60714,6.28
60803,7.75
60804,7.12
60805,3.41
60827,7.03
60901,97.31
60910,2.41
60911,62.25
60912,36.53
60913,45.09
60914,48.92
60915,3.42
60917,36.26
60918,50.82
60919,35.25
60920,1.8
60921,71.66
60922,54.88
60924,70.33
60926,3.18
60927,73.37
60928,10.19
60929,38.21
60930,44.11
60931,47.66
60932,0.33
60933,2.52
60934,31.43
60935,18.52
60936,97.18
60938,51.15
60939,1.09
60940,76.74
60941,51.48
60942,115.31
60945,2.34
60946,44.24
60948,49.53
60949,22.85
60950,76.62
60951,50.07
60952,41.9
60953,151.98
60954,66.24
60955,86.34
60956,0.21
60957,104.93
60958,52.39
60959,55.07
60960,82.54
60961,38.01
60962,39.45
60963,78.43
60964,74.55
60966,60.16
60967,2.75
60968,47.35
60969,0.25
60970,127.34
60973,28.38
60974,1.21
61001,40.17
61006,70.35
61007,24.68
61008,84.32
61010,38.19
61011,38.53
61012,36.18
61013,0.47
61014,63.47
61015,39.13
61016,28.26
61018,33.5
61019,37.41
61020,31.46
61021,150.07
61024,59.07
61025,35.6
61027,0.5
61028,113.42
61030,60.89
61031,44.93
61032,148.68
61036,95.78
61037,0.14
61038,42.72
61039,28.64
61041,80.29
61042,66.71
61043,0.48
61044,13.05
61046,83.99
61047,66.4
61048,81.78
61049,20.41
61050,10.27
61051,50.68
61052,27.64
61053,107.72
61054,41.77
61057,0.64
61059,1.14
61060,36.58
61061,105.36
61062,74.73
61063,74.54
61064,108.87
61065,50.94
61067,31.49
61068,120.65
61070,32.37
61071,72.48
61072,52.34
61073,27.94
61074,73.55
61075,52.2
61077,0.79
61078,55.36
61079,3.86
61080,25.05
61081,124.39
61084,34.78
61085,127.17
61087,27.15
61088,56.57
61089,44.35
61091,2.52
61101,41.52
61102,34.11
61103,16.34
61104,4.5
61107,14.92
61108,10.92
61109,38.52
61111,14.23
61112,0.79
61114,8.14
61115,10.65
61201,17.87
61230,19.25
61231,153.48
61232,3.23
61233,0.72
61234,55.71
61235,52.41
61236,0.8
61237,1.64
61238,101.28
61239,0.79
61240,36.42
61241,19.12
61242,31.38
61243,25.67
61244,26.95
61250,87.16
61251,17.56
61252,58.73
61254,166.49
61256,1.48
61257,41.26
61258,0.37
61259,76.83
61260,58.26
61261,16.56
61262,51.23
61263,1.37
61264,68.87
61265,19.22
61270,150.98
61272,89.25
61273,45.76
61274,23.59
61275,33.25
61276,0.34
61277,133.69
61278,1.55
61279,39.25
61281,40.19
61282,3.14
61283,83.56
61284,44.4
61285,44.44
61301,42.25
61310,108.62
61311,16.35
61312,32.59
61313,40.65
61314,45.25
61315,1.25
61316,1.29
61317,1.02
61318,33.13
61319,49.3
61320,0.85
61321,28.88
61322,3.58
61323,0.13
61324,0.21
61325,46.81
61326,47.92
61327,36.29
61328,1.5
61329,2.13
61330,73.29
61331,0.03
61332,0.74
61333,17.3
61334,39.03
61335,21.47
61336,37.42
61337,7.15
61338,6.67
61340,0.87
61341,91.67
61342,108.16
61344,21.77
61345,47.33
61346,0.54
61348,39.31
61349,61.98
61350,152.54
61353,32.31
61354,42.57
61356,189.63
61358,23.45
61359,0.74
61360,47.4
61361,88.84
61362,25.41
61363,0.51
61364,157.33
61367,43.32
61368,72.38
61369,43.58
61370,44.6
61371,0.15
61372,0.63
61373,47.04
61374,3.24
61375,48.59
61376,97.7
61377,51.27
61378,60.58
61379,39.75
61401,122.88
61402,0.08
61410,45.02
61411,39.06
61412,79.78
61413,29.6
61414,54.8
61415,108.73
61416,0.62
61417,23.72
61418,49.87
61419,0.53
61420,68.48
61421,99.25
61422,43.3
61423,42.95
61424,0.71
61425,33.02
61426,3.05
61427,57.87
61428,29.57
61430,1.48
61431,34.27
61432,37.11
61433,1.06
61434,78.65
61435,17.45
61436,61.18
61437,37.76
61438,40.7
61439,1.25
61440,43.19
61441,60.24
61442,28.59
61443,100.54
61447,42.33
61448,40.9
61449,36.64
61450,76.34
61451,21.44
61452,30.39
61453,56.97
61454,34.05
61455,162.53
61458,81.33
61459,34.8
61460,31.28
61462,142.23
61465,40.43
61466,23.88
61467,51.7
61468,1.2
61469,41.23
61470,19.33
61471,0.1
61472,39.18
61473,107.09
61474,26.13
61475,33.8
61476,44.47
61477,50.82
61478,34.45
61479,11.35
61480,71.85
61482,50.89
61483,97.41
61484,47.36
61485,47.01
61486,43.41
61488,23.6
61489,47.08
61490,36.53
61491,96.05
61501,75.04
61516,31.15
61517,68.5
61519,3.14
61520,151.99
61523,53.27
61524,0.25
61525,32.72
61526,30.58
61528,18.54
61529,64.51
61530,63.74
61531,56.33
61532,30.79
61533,40.6
61534,55.94
61535,7.43
61536,40.87
61537,57.12
61539,1.11
61540,52.65
61541,0.16
61542,113.13
61543,7.49
61544,39.73
61545,27.01
61546,94.6
61547,21.98
61548,75.68
61550,41.22
61552,1.11
61553,1.05
61554,73.79
61559,97.15
61560,34.62
61561,56.25
61562,0.04
61563,0.38
61564,0.98
61565,65.49
61567,50.79
61568,67.8
61569,36.07
61570,69.04
61571,53.47
61572,38.6
61602,1.11
61603,4.22
61604,15.19
61605,4.38
61606,1.22
61607,33.65
61610,4.14
61611,40.97
61614,12.03
61615,29.62
61616,2.54
61625,0.06
61701,11.03
61704,19.04
61705,86.9
61720,29.89
61721,34.16
61722,51.69
61723,63.41
61724,32.63
61725,45.02
61726,94.66
61727,127.19
61728,69.43
61729,18.53
61730,28.96
61731,22.7
61732,62.29
61733,22.35
61734,76.5
61735,20.96
61736,34.64
61737,34.32
61738,86.24
61739,106.06
61740,70.24
61741,52.85
61742,6.16
61743,15.35
61744,77.71
61745,74.41
61747,28.86
61748,43.53
61749,35.74
61750,0.1
61751,1.66
61752,86.36
61753,82.15
61754,78.2
61755,46.67
61756,84.01
61759,34.53
61760,69.93
61761,42.57
61764,154.53
61769,36.21
61770,60.46
61771,26.08
61772,24.24
61773,42.58
61774,42.86
61775,32.19
61776,40.25
61777,36.35
61778,30.09
61801,5.4
61802,82.06
61810,23.91
61811,26.53
61812,21.97
61813,63.88
61814,23.57
61815,0.23
61816,27.14
61817,29.75
61818,39.04
61820,5.93
61821,7.69
61822,107.17
61830,33.57
61831,12.11
61832,27.33
61833,1.46
61834,106.94
61839,32.4
61840,31.09
61841,57.42
61842,110.39
61843,36.74
61844,59.93
61845,30.8
61846,43.02
61847,33.52
61848,1.02
61849,58.24
61850,33.3
61851,34.0
61852,18.3
61853,47.97
61854,56.38
61855,11.66
61856,107.92
61857,0.56
61858,28.86
61859,30.3
61862,40.11
61863,32.92
61864,22.9
61865,79.71
61866,80.02
61870,40.73
61871,1.6
61872,36.67
61873,63.69
61874,6.11
61875,30.79
61876,41.83
61877,29.03
61878,28.04
61880,61.84
61882,38.42
61883,20.56
61884,24.1
61910,102.48
61911,63.59
61912,51.97
61913,41.0
61914,60.49
61917,69.18
61919,21.74
61920,148.35
61924,142.82
61925,44.07
61928,30.84
61929,39.33
61930,34.89
61931,32.56
61932,18.54
61933,58.48
61936,3.04
61937,95.35
61938,126.52
61940,32.11
61941,1.85
61942,69.92
61943,74.49
61944,262.76
61949,1.12
61951,132.06
61953,124.84
61955,0.39
61956,34.0
61957,81.8
62001,47.9
62002,41.28
62006,31.84
62009,2.87
62010,21.24
62011,28.79
62012,60.29
62013,22.25
62014,59.96
62015,34.66
62016,135.27
62017,35.42
62018,3.32
62019,28.92
62021,20.27
62022,20.41
62023,0.78
62024,5.36
62025,112.23
62026,1.1
62027,59.87
62028,5.99
62030,0.1
62031,59.86
62032,47.2
62033,46.81
62034,13.7
62035,43.75
62036,31.61
62037,57.43
62040,39.89
62044,96.03
62045,38.57
62046,1.06
62047,38.88
62048,17.19
62049,82.06
62050,59.39
62051,39.35
62052,143.08
62053,50.49
62054,34.85
62056,107.4
62058,1.06
62059,0.66
62060,3.53
62061,23.17
62062,6.31
62063,52.36
62067,17.39
62069,29.15
62074,42.71
62075,107.1
62076,1.86
62077,2.47
62078,0.53
62079,11.02
62080,118.49
62081,26.34
62082,105.56
62083,21.69
62084,4.62
62085,0.9
62086,48.36
62087,3.51
62088,43.86
62089,2.27
62090,1.5
62091,31.54
62092,64.12
62093,2.22
62094,31.43
62095,7.11
62097,41.17
62098,5.29
62201,12.04
62203,5.65
62204,4.62
62205,6.36
62206,14.54
62207,6.2
62208,13.39
62214,53.84
62215,11.08
62216,24.0
62217,31.26
62218,45.73
62219,0.85
62220,28.88
62221,34.97
62223,25.68
62225,5.25
62226,13.87
62230,51.47
62231,192.11
62232,12.82
62233,68.27
62234,37.26
62236,60.35
62237,91.94
62238,50.04
62239,8.55
62240,14.89
62241,38.18
62242,49.72
62243,51.69
62244,47.39
62245,18.38
62246,143.09
62248,0.25
62249,88.71
62250,0.51
62253,31.25
62254,40.89
62255,26.47
62256,0.12
62257,80.36
62258,75.38
62260,43.88
62261,26.93
62262,66.81
62263,147.81
62264,65.61
62265,33.65
62266,7.78
62268,53.31
62269,29.83
62271,63.16
62272,32.19
62273,1.35
62274,142.83
62275,99.69
62277,65.35
62278,104.88
62279,1.65
62280,52.13
62281,33.35
62282,1.92
62284,27.22
62285,16.24
62286,99.96
62288,36.81
62289,1.5
62292,1.69
62293,52.09
62294,29.49
62295,70.43
62297,22.63
62298,143.02
62301,11.17
62305,139.25
62311,48.62
62312,93.38
62313,41.22
62314,64.22
62316,44.54
62319,38.1
62320,81.0
62321,167.57
62323,41.63
62324,94.0
62325,18.36
62326,77.27
62330,86.68
62334,0.81
62336,0.16
62338,34.57
62339,27.98
62340,90.63
62341,46.56
62343,76.36
62344,32.69
62345,21.21
62346,41.78
62347,117.94
62348,2.43
62349,46.32
62351,72.84
62352,1.0
62353,189.56
62354,36.63
62355,88.94
62356,62.48
62357,20.42
62358,41.83
62359,3.49
62360,37.27
62361,58.6
62362,5.99
62363,154.19
62365,27.44
62366,66.27
62367,124.75
62370,59.88
62373,48.21
62374,24.15
62375,46.14
62376,63.22
62378,66.18
62379,98.59
62380,39.01
62401,103.87
62410,38.2
62411,85.32
62413,32.74
62414,75.86
62417,35.81
62418,93.77
62419,20.94
62420,123.21
62421,53.57
62422,45.63
62423,24.36
62424,85.87
62425,40.57
62426,40.47
62427,84.22
62428,95.95
62431,55.1
62432,41.18
62433,32.1
62434,29.36
62436,23.81
62438,23.27
62439,147.98
62440,40.44
62441,176.94
62442,139.52
62443,77.73
62444,28.5
62445,45.92
62446,62.23
62447,61.1
62448,205.0
62449,120.13
62450,157.33
62451,63.18
62452,20.88
62454,123.51
62458,59.7
62459,1.1
62460,43.38
62461,41.76
62462,39.68
62463,38.82
62464,1.25
62465,42.31
62466,139.53
62467,58.03
62468,74.29
62469,20.58
62471,128.21
62473,21.85
62474,36.08
62475,23.38
62476,77.57
62477,59.67
62478,29.03
62479,53.88
62480,58.76
62481,35.07
62501,76.96
62510,76.52
62512,46.66
62513,67.75
62514,0.95
62515,57.38
62517,0.48
62518,24.73
62519,1.5
62520,25.87
62521,65.97
62522,23.94
62523,0.45
62526,65.95
62530,26.61
62531,61.27
62532,0.83
62533,47.94
62534,55.83
62535,3.64
62536,7.67
62537,1.1
62538,34.06
62539,46.36
62540,2.13
62541,2.31
62543,20.63
62544,68.04
62545,26.85
62546,113.13
62547,41.74
62548,85.03
62549,8.08
62550,89.31
62551,26.19
62553,36.24
62554,18.11
62555,37.09
62556,23.06
62557,116.85
62558,93.66
62560,64.67
62561,23.18
62563,59.46
62565,127.07
62567,39.79
62568,124.71
62570,1.43
62571,69.84
62572,40.07
62573,41.89
62601,44.03
62610,5.88
62611,72.58
62612,93.36
62613,63.09
62615,49.38
62617,61.74
62618,100.81
62621,49.51
62622,3.56
62624,44.6
62625,19.59
62626,170.9
62627,85.03
62628,38.97
62629,34.9
62630,40.59
62631,12.85
62633,67.08
62634,53.23
62635,41.06
62638,67.65
62639,34.8
62640,74.62
62642,73.05
62643,34.97
62644,96.55
62649,38.41
62650,197.84
62655,59.12
62656,142.84
62661,37.97
62663,0.69
62664,106.98
62665,44.8
62666,31.47
62667,36.32
62668,70.23
62670,91.78
62671,50.54
62672,0.73
62673,28.09
62674,74.77
62675,115.01
62677,89.31
62681,177.02
62682,45.22
62684,25.91
62685,81.86
62688,44.98
62689,1.15
62690,56.16
62691,102.02
62692,87.3
62693,50.79
62694,156.13
62695,0.82
62701,0.39
62702,15.37
62703,14.92
62704,12.23
62706,0.05
62707,41.84
62711,30.92
62712,23.89
62801,134.43
62803,56.51
62806,103.22
62807,39.18
62808,75.04
62809,15.63
62810,62.62
62811,1.23
62812,98.71
62814,71.75
62815,20.92
62816,37.45
62817,67.45
62818,25.87
62819,3.32
62820,21.39
62821,170.55
62822,2.21
62823,79.88
62824,100.94
62825,0.7
62827,65.76
62828,82.72
62829,0.97
62830,29.11
62831,40.73
62832,97.87
62833,48.96
62835,74.6
62836,38.12
62837,163.93
62838,92.55
62839,71.19
62841,0.31
62842,45.64
62843,5.64
62844,46.83
62846,16.42
62848,2.72
62849,112.06
62850,28.62
62851,29.79
62852,0.11
62853,26.35
62854,92.8
62856,1.51
62858,151.69
62859,194.63
62860,35.53
62861,0.16
62862,27.93
62863,147.33
62864,142.98
62865,53.35
62867,40.65
62868,104.06
62869,93.35
62870,39.29
62871,54.81
62872,23.25
62874,1.61
62875,71.68
62876,2.77
62877,31.7
62878,33.43
62879,0.12
62880,41.79
62881,99.22
62882,31.51
62883,42.26
62884,30.26
62885,56.92
62886,26.27
62887,24.5
62888,72.38
62889,31.9
62890,102.6
62891,0.63
62892,21.86
62893,20.06
62894,45.21
62895,110.37
62896,60.42
62897,14.23
62898,53.89
62899,108.6
62901,27.06
62902,64.31
62903,20.24
62905,33.23
62906,60.37
62907,94.22
62908,49.88
62910,107.08
62912,52.13
62914,19.95
62915,0.32
62916,46.49
62917,29.74
62918,37.5
62919,47.46
62920,70.84
62921,0.54
62922,63.27
62923,23.25
62924,39.68
62926,77.73
62927,1.71
62928,12.84
62930,70.43
62931,97.96
62932,40.45
62933,2.41
62934,70.52
62935,61.85
62938,168.77
62939,44.7
62940,28.15
62941,30.35
62942,24.91
62943,37.52
62946,145.65
62947,73.94
62948,20.05
62949,1.67
62950,32.23
62951,27.67
62952,93.84
62953,0.54
62954,49.18
62956,27.01
62957,46.73
62958,48.77
62959,143.03
62960,112.77
62961,0.34
62962,40.73
62963,4.18
62964,25.82
62965,0.85
62966,110.99
62967,6.53
62969,14.31
62970,30.87
62972,53.68
62974,25.85
62975,26.91
62976,23.83
62977,21.17
62979,49.09
62982,7.78
62983,23.22
62984,97.46
62985,74.4
62987,91.68
62988,70.31
62990,43.99
62992,37.72
62994,37.08
62995,119.53
62996,26.55
62997,0.47
62998,47.26
62999,2.16
63005,36.51
63010,21.56
63011,14.27
63012,25.14
63013,37.32
63014,37.48
63015,16.15
63016,27.84
63017,19.26
63019,3.36
63020,149.66
63021,21.82
63023,64.35
63025,41.69
63026,25.31
63028,125.79
63030,7.99
63031,15.06
63033,12.17
63034,18.73
63036,24.47
63037,80.36
63038,20.85
63039,4.44
63040,4.42
63041,12.96
63042,10.35
63043,12.55
63044,16.7
63045,1.79
63047,0.22
63048,3.62
63049,24.92
63050,91.93
63051,43.01
63052,33.09
63053,0.03
63055,27.02
63056,58.66
63060,44.42
63061,4.19
63068,91.87
63069,68.52
63070,15.05
63071,38.64
63072,41.09
63073,10.39
63074,3.92
63077,87.67
63079,2.48
63080,248.8
63084,76.26
63087,16.34
63088,4.81
63089,36.99
63090,81.54
63091,51.29
63101,0.36
63102,1.42
63103,2.2
63104,3.36
63105,2.51
63106,2.23
63107,2.34
63108,2.24
63109,3.54
63110,6.57
63111,3.21
63112,3.18
63113,2.58
63114,8.83
63115,4.29
63116,5.4
63117,2.37
63118,3.4
63119,8.38
63120,2.38
63121,6.77
63122,14.48
63123,12.45
63124,8.93
63125,9.94
63126,4.6
63127,5.79
63128,15.59
63129,20.91
63130,5.04
63131,13.63
63132,5.2
63133,3.25
63134,8.29
63135,6.21
63136,10.91
63137,7.08
63138,18.54
63139,3.82
63140,0.53
63141,14.69
63143,2.05
63144,2.28
63146,15.52
63147,5.94
63155,0.02
63301,84.33
63303,19.75
63304,55.1
63330,22.5
63332,56.46
63333,47.64
63334,166.15
63336,78.23
63339,70.61
63341,38.83
63343,111.4
63344,84.99
63345,19.26
63347,36.55
63348,55.86
63349,33.29
63350,23.57
63351,55.48
63352,106.69
63353,83.84
63357,122.9
63359,150.71
63361,160.97
63362,38.01
63363,86.64
63365,0.33
63366,69.28
63367,12.95
63368,16.22
63369,28.65
63373,18.65
63376,40.14
63377,129.43
63379,135.89
63380,1.24
63381,28.08
63382,125.47
63383,160.15
63384,82.88
63385,66.8
63386,33.21
63387,0.09
63388,59.72
63389,44.22
63390,78.23
63401,110.91
63430,49.1
63431,47.79
63432,84.83
63433,11.85
63434,65.69
63435,144.52
63436,79.55
63437,124.91
63438,13.16
63439,21.61
63440,87.26
63441,97.42
63443,50.96
63445,154.92
63446,105.9
63447,90.24
63448,49.44
63450,25.81
63451,66.69
63452,100.07
63453,53.74
63454,41.77
63456,181.88
63457,35.04
63458,27.34
63459,139.08
63460,79.66
63461,155.18
63462,124.5
63463,46.52
63465,57.48
63466,1.11
63467,0.31
63468,146.44
63469,130.26
63471,46.41
63472,0.83
63473,61.88
63474,78.0
63501,206.29
63530,107.28
63531,82.81
63532,49.73
63533,63.25
63534,74.06
63535,16.16
63536,83.05
63537,131.4
63538,56.33
63539,59.43
63540,13.91
63541,43.26
63543,37.66
63544,138.88
63545,102.92
63546,113.29
63547,69.64
63548,83.99
63549,134.94
63551,44.1
63552,133.37
63555,193.78
63556,241.59
63557,84.32
63558,110.74
63559,111.4
63560,37.62
63561,85.83
63563,75.14
63565,272.14
63566,19.51
63567,7.07
63601,59.69
63620,188.79
63621,76.72
63622,45.45
63623,105.93
63624,60.91
63625,81.16
63626,21.29
63627,73.0
63628,120.23
63629,289.32
63630,67.68
63631,41.24
63633,92.68
63636,44.25
63637,19.88
63638,295.32
63640,209.25
63645,359.29
63648,31.32
63650,112.12
63653,1.09
63654,71.4
63655,151.82
63656,70.38
63660,35.14
63662,59.84
63663,0.78
63664,287.67
63665,88.95
63670,251.06
63673,115.19
63674,2.9
63675,15.18
63701,132.68
63703,12.92
63730,112.78
63732,33.79
63735,56.11
63736,60.7
63738,0.28
63739,14.6
63740,87.94
63742,0.35
63743,3.99
63744,1.91
63745,0.33
63746,1.26
63747,19.65
63748,74.42
63750,8.43
63751,108.76
63755,177.09
63758,0.18
63760,35.81
63763,20.04
63764,171.61
63766,48.32
63767,0.9
63769,51.57
63770,2.71
63771,106.12
63774,0.17
63775,343.42
63780,62.65
63781,61.39
63782,15.46
63783,5.7
63784,1.65
63785,49.9
63787,61.38
63801,212.73
63820,0.49
63821,39.74
63822,77.41
63823,39.35
63824,0.12
63825,104.42
63826,5.62
63827,74.77
63828,0.98
63829,23.25
63830,62.13
63833,71.5
63834,249.54
63837,31.36
63839,0.85
63840,0.3
63841,129.15
63845,188.6
63846,101.61
63847,2.14
63848,80.38
63849,21.76
63850,0.01
63851,100.72
63852,48.74
63853,0.3
63855,73.33
63857,106.09
63860,4.2
63862,66.77
63863,56.34
63866,3.87
63867,87.74
63868,0.99
63869,104.65
63870,83.45
63873,192.25
63874,0.97
63876,59.49
63877,148.07
63878,0.54
63879,22.3
63880,0.07
63882,0.68
63901,285.01
63932,51.38
63933,102.01
63934,4.66
63935,457.3
63936,84.29
63937,169.59
63939,53.15
63940,54.7
63941,138.66
63942,88.32
63943,83.45
63944,165.84
63945,31.41
63950,10.67
63951,36.35
63952,52.76
63953,58.05
63954,108.6
63955,7.52
63956,69.49
63957,203.4
63960,116.37
63961,89.67
63962,0.02
63964,69.49
63965,225.16
63966,59.94
63967,122.24
64001,35.54
64011,35.7
64012,47.2
64014,11.19
64015,19.56
64016,32.44
64017,21.16
64018,20.42
64019,84.92
64020,105.63
64021,42.57
64022,7.33
64024,70.4
64028,2.58
64029,31.82
64030,14.52
64034,22.79
64035,64.44
64036,21.34
64037,107.79
64040,165.71
64048,45.77
64050,12.86
64052,6.31
64053,2.71
64054,3.08
64055,12.5
64056,19.67
64057,14.68
64058,33.33
64060,58.61
64061,62.11
64062,86.14
64063,6.11
64064,18.96
64065,0.48
64066,1.04
64067,73.14
64068,84.77
64070,37.8
64071,34.63
64072,1.11
64074,20.75
64075,49.3
64076,124.33
64077,68.51
64078,53.32
64079,94.83
64080,121.62
64081,13.01
64082,20.52
64083,25.68
64084,54.09
64085,160.4
64086,37.78
64088,30.83
64089,60.91
64090,0.14
64092,4.81
64093,190.39
64096,44.05
64097,32.23
64098,74.15
64101,0.41
64102,0.34
64105,0.8
64106,1.61
64108,3.65
64109,2.14
64110,2.99
64111,2.71
64112,1.47
64113,2.53
64114,7.08
64116,10.84
64117,6.04
64118,12.78
64119,14.5
64120,7.93
64123,1.8
64124,1.68
64125,1.54
64126,2.59
64127,4.18
64128,3.01
64129,10.34
64130,7.08
64131,8.54
64132,10.77
64133,16.99
64134,11.91
64136,4.28
64137,5.77
64138,13.33
64139,4.78
64145,5.56
64146,5.33
64147,3.3
64149,9.04
64150,5.63
64151,13.12
64152,30.89
64153,36.42
64154,12.94
64155,14.6
64156,10.82
64157,10.81
64158,2.3
64161,15.98
64163,9.01
64164,10.15
64165,3.97
64166,4.92
64167,1.73
64401,37.12
64402,121.04
64420,0.44
64421,24.5
64422,43.44
64423,71.91
64424,166.62
64426,54.63
64427,62.06
64428,91.0
64429,151.11
64430,44.08
64431,46.76
64432,1.08
64433,0.75
64434,37.29
64436,30.53
64437,150.52
64438,44.0
64439,54.03
64440,36.24
64441,50.73
64442,79.5
64443,48.62
64444,34.55
64445,42.22
64446,138.96
64448,40.43
64449,38.55
64451,56.25
64453,40.26
64454,71.74
64455,56.74
64456,165.75
64457,39.13
64458,60.38
64459,23.75
64461,79.36
64463,137.31
64465,94.32
64466,57.78
64467,44.22
64468,144.89
64469,120.87
64470,75.75
64471,43.06
64473,111.74
64474,56.61
64475,71.05
64476,34.13
64477,88.04
64479,65.73
64480,26.08
64481,128.05
64482,131.02
64483,33.68
64484,72.74
64485,108.51
64486,50.87
64487,130.39
64489,130.62
64490,87.1
64491,115.53
64492,35.77
64493,33.0
64494,56.68
64496,37.09
64497,41.15
64498,69.68
64499,26.19
64501,3.71
64503,14.48
64504,46.97
64505,45.65
64506,10.03
64507,55.81
64601,238.58
64620,20.51
64622,63.33
64623,71.28
64624,120.86
64625,65.22
64628,149.55
64630,105.54
64631,88.5
64632,94.84
64633,238.68
64635,62.1
64636,21.96
64637,72.84
64638,66.02
64639,36.13
64640,143.94
64641,77.82
64642,112.13
64643,107.41
64644,107.5
64645,71.72
64646,48.58
64647,50.3
64648,116.66
64649,35.98
64650,42.46
64651,39.98
64652,44.09
64653,80.22
64654,0.1
64655,61.61
64656,21.42
64657,68.54
64658,93.82
64659,66.3
64660,81.78
64661,99.53
64664,47.97
64667,76.59
64668,161.13
64670,128.61
64671,92.76
64672,79.77
64673,236.81
64674,63.33
64676,20.91
64679,95.4
64681,53.81
64682,36.27
64683,228.96
64686,1.56
64688,66.28
64689,32.82
64701,124.03
64720,132.82
64722,36.13
64723,51.04
64724,127.15
64725,54.6
64726,45.68
64728,80.83
64730,282.3
64733,73.8
64734,41.25
64735,262.82
64738,79.78
64739,52.19
64740,104.14
64741,34.1
64742,77.13
64743,1.36
64744,250.1
64745,1.54
64746,31.05
64747,125.36
64748,108.69
64750,29.71
64752,68.84
64755,146.67
64756,60.84
64759,265.57
64761,70.21
64762,127.49
64763,69.4
64765,0.13
64767,59.96
64769,40.65
64770,109.16
64771,37.21
64772,128.98
64776,237.33
64778,114.88
64779,197.77
64780,95.3
64781,0.8
64783,65.09
64784,111.07
64788,102.42
64790,84.59
64801,57.52
64804,91.44
64830,1.52
64831,116.77
64832,70.26
64833,0.2
64834,32.21
64835,2.15
64836,184.07
64840,52.02
64841,0.42
64842,21.85
64843,58.27
64844,65.86
64847,3.55
64848,42.36
64849,0.35
64850,203.26
64854,74.36
64855,42.56
64856,90.56
64857,0.6
64858,0.34
64859,51.12
64861,58.41
64862,90.6
64863,30.89
64865,75.07
64866,53.19
64867,57.98
64868,1.53
64870,33.65
64873,42.43
64874,1.82
65001,22.21
65010,60.72
65011,82.59
65013,130.08
65014,142.07
65016,51.49
65017,61.33
65018,156.51
65020,123.72
65023,54.87
65024,98.65
65025,52.16
65026,143.33
65032,58.4
65034,30.21
65035,71.6
65037,79.16
65039,59.19
65040,40.88
65041,238.9
65043,58.1
65046,73.7
65047,30.73
65048,20.82
65049,18.53
65050,17.75
65051,126.74
65052,47.34
65053,34.72
65054,20.84
65058,98.56
65059,35.36
65061,52.99
65062,4.1
65063,85.86
65064,17.05
65065,16.52
65066,174.81
65067,50.49
65068,49.02
65069,71.23
65072,19.05
65074,94.67
65075,49.79
65076,25.5
65077,26.91
65078,156.23
65079,31.81
65080,41.37
65081,73.92
65082,71.25
65083,14.12
65084,167.87
65085,57.03
65101,130.91
65109,80.72
65201,87.35
65202,141.29
65203,74.67
65215,0.04
65216,0.04
65230,65.47
65231,124.21
65232,23.84
65233,141.95
65236,69.7
65237,99.44
65239,57.03
65240,180.14
65243,97.68
65244,68.87
65246,35.63
65247,42.95
65248,172.61
65250,52.13
65251,213.02
65254,103.94
65255,56.48
65256,55.54
65257,86.32
65258,50.87
65259,103.83
65260,49.02
65261,98.68
65262,46.05
65263,125.77
65264,61.72
65265,223.56
65270,113.23
65274,49.57
65275,172.32
65276,98.55
65278,0.12
65279,52.12
65280,19.01
65281,195.65
65282,11.11
65283,54.46
65284,60.45
65285,55.8
65286,42.93
65287,21.62
65301,223.41
65305,5.73
65320,0.53
65321,38.62
65322,61.01
65323,51.64
65324,63.5
65325,144.05
65326,150.7
65327,1.12
65329,37.43
65330,51.15
65332,83.43
65333,66.25
65334,64.82
65335,17.55
65336,116.84
65337,87.46
65338,118.94
65339,93.87
65340,254.04
65344,74.33
65345,40.51
65347,77.83
65348,70.97
65349,96.82
65350,63.93
65351,106.53
65354,24.73
65355,216.1
65360,157.07
65401,258.58
65409,0.27
65436,21.78
65438,295.42
65439,34.24
65440,106.48
65441,169.74
65443,10.85
65444,83.16
65446,35.71
65449,45.16
65452,91.44
65453,143.16
65456,62.54
65457,12.77
65459,231.4
65461,27.51
65462,96.32
65463,65.63
65464,55.99
65466,172.98
65468,12.3
65470,108.24
65473,105.5
65479,86.08
65483,107.0
65484,27.92
65486,122.81
65501,24.73
65529,1.38
65534,37.9
65535,45.14
65536,402.2
65541,24.33
65542,216.64
65543,60.21
65548,187.4
65550,173.21
65552,143.66
65555,73.77
65556,222.98
65557,8.34
65559,189.6
65560,664.18
65564,15.64
65565,275.94
65566,11.4
65567,64.18
65570,28.27
65571,185.82
65580,58.77
65582,123.71
65583,63.25
65584,24.31
65586,3.4
65588,230.37
65589,10.34
65590,79.28
65591,60.58
65601,52.82
65603,19.65
65604,87.3
65605,162.58
65606,212.5
65608,404.9
65609,31.96
65610,86.51
65611,28.59
65612,35.96
65613,184.87
65614,107.15
65616,76.46
65617,32.5
65618,23.32
65619,19.22
65620,15.39
65622,151.43
65623,0.02
65624,60.19
65625,157.08
65626,103.91
65627,47.61
65629,62.67
65630,11.59
65631,42.07
65632,112.91
65633,83.82
65634,73.7
65635,40.21
65637,95.92
65638,52.21
65640,39.35
65641,56.0
65644,81.07
65646,103.0
65647,54.44
65648,78.45
65649,67.14
65650,76.96
65652,71.25
65653,63.75
65654,0.21
65655,203.16
65656,114.2
65657,20.2
65658,19.92
65660,26.64
65661,86.19
65662,76.28
65663,114.72
65664,0.78
65666,1.75
65667,183.42
65668,35.0
65669,40.97
65672,56.96
65674,95.64
65675,0.13
65676,18.57
65679,51.3
65680,39.77
65681,35.13
65682,145.2
65685,35.7
65686,9.78
65688,0.26
65689,177.29
65690,29.13
65692,102.84
65702,28.28
65704,125.06
65705,41.5
65706,180.03
65707,95.06
65708,86.25
65710,30.67
65711,293.44
65712,120.37
65713,111.5
65714,51.12
65715,12.27
65717,129.23
65720,30.0
65721,95.89
65722,49.49
65723,90.15
65724,23.07
65725,31.3
65726,0.35
65727,10.0
65728,1.05
65729,20.16
65730,18.57
65731,1.41
65732,57.49
65733,65.02
65734,84.78
65735,31.74
65737,84.36
65738,53.85
65739,12.97
65740,4.07
65741,0.91
65742,118.5
65744,17.32
65745,68.2
65746,185.39
65747,76.66
65752,46.65
65753,70.95
65754,18.94
65755,38.98
65756,31.04
65757,83.4
65759,50.47
65760,37.67
65761,114.63
65762,75.4
65764,94.98
65766,5.44
65767,80.21
65768,51.89
65769,87.36
65770,95.72
65771,35.95
65772,77.74
65773,65.12
65774,47.85
65775,442.2
65777,13.13
65778,36.06
65779,78.66
65781,71.62
65783,11.65
65784,3.93
65785,219.07
65786,109.89
65787,38.49
65788,26.42
65789,72.71
65790,57.32
65791,152.77
65793,259.77
65801,0.02
65802,61.41
65803,93.35
65804,18.6
65806,2.14
65807,21.02
65809,17.01
65810,11.97
65897,0.26
66002,189.32
66006,108.72
66007,31.39
66008,29.11
66010,88.82
66012,39.69
66013,44.86
66014,67.18
66015,95.1
66016,31.33
66017,41.38
66018,23.21
66020,63.32
66021,51.23
66023,72.01
66024,1.42
66025,74.46
66026,48.57
66027,9.29
66030,46.42
66031,3.26
66032,211.99
66033,51.42
66035,44.58
66039,103.26
66040,134.25
66041,53.6
66042,29.72
66043,7.22
66044,64.18
66045,1.12
66046,40.84
66047,58.18
66048,135.48
66049,45.19
66050,40.4
66052,40.85
66053,103.84
66054,77.59
66056,91.11
66058,33.76
66060,59.57
66061,63.29
66062,42.07
66064,73.83
66066,77.22
66067,164.03
66070,30.68
66071,229.27
66072,75.75
66073,65.09
66075,104.55
66076,91.97
66078,64.42
66079,38.29
66080,59.44
66083,62.05
66085,24.19
66086,95.29
66087,119.0
66088,120.03
66090,81.85
66091,60.4
66092,88.43
66093,111.45
66094,47.37
66095,70.88
66097,49.86
66101,3.24
66102,11.48
66103,4.67
66104,16.16
66105,3.0
66106,18.94
66109,45.85
66111,23.18
66112,5.49
66115,3.97
66118,0.93
66160,0.04
66202,5.26
66203,6.26
66204,4.95
66205,3.73
66206,4.04
66207,4.57
66208,6.5
66209,6.45
66210,6.05
66211,4.3
66212,7.6
66213,7.82
66214,3.85
66215,8.13
66216,7.89
66217,7.53
66218,10.48
66219,8.28
66220,6.38
66221,12.14
66223,6.24
66224,6.67
66226,11.53
66227,13.33
66251,0.2
66401,241.05
66402,44.78
66403,88.53
66404,62.57
66406,60.18
66407,56.22
66408,55.2
66409,69.5
66411,115.48
66412,51.15
66413,101.8
66414,62.27
66415,91.57
66416,34.7
66417,41.76
66418,72.95
66419,20.12
66422,55.96
66423,151.94
66424,52.38
66425,43.56
66427,211.35
66428,84.3
66429,12.81
66431,60.19
66432,69.74
66434,219.72
66436,184.06
66438,35.39
66439,87.2
66440,47.67
66441,231.82
66442,33.98
66449,66.34
66451,78.19
66501,0.35
66502,221.71
66503,83.2
66506,0.71
66507,92.18
66508,177.43
66509,126.89
66510,59.48
66512,66.7
66514,16.79
66515,34.82
66516,48.84
66517,1.83
66518,40.23
66520,105.71
66521,177.63
66522,0.13
66523,153.05
66524,130.11
66526,70.77
66527,38.31
66528,66.95
66531,35.25
66532,86.3
66533,53.52
66534,146.74
66535,41.71
66536,65.42
66537,53.04
66538,136.8
66539,41.43
66540,88.21
66541,50.04
66542,32.46
66543,8.87
66544,90.13
66546,38.29
66547,133.15
66548,80.71
66549,181.96
66550,66.51
66552,47.04
66554,100.88
66603,0.89
66604,6.76
66605,10.0
66606,5.76
66607,6.98
66608,4.35
66609,12.54
66610,44.09
66611,3.31
66612,1.06
66614,24.06
66615,44.93
66616,6.12
66617,43.32
66618,72.79
66619,8.47
66621,0.2
66622,0.12
66701,285.83
66710,61.49
66711,52.48
66712,22.27
66713,59.01
66714,33.05
66716,82.77
66717,43.69
66720,198.59
66724,35.12
66725,228.43
66732,42.53
66733,138.07
66734,32.59
66735,4.6
66736,274.9
66738,41.94
66739,70.16
66740,37.04
66741,22.13
66742,0.09
66743,144.13
66746,53.36
66748,114.79
66749,109.11
66751,48.89
66753,138.29
66754,47.06
66755,127.82
66756,20.78
66757,113.8
66758,54.24
66760,0.69
66761,43.43
66762,133.9
66763,6.27
66767,45.96
66769,49.92
66770,7.07
66771,62.01
66772,51.51
66773,33.53
66775,20.73
66776,111.58
66777,126.15
66778,0.19
66779,73.48
66780,103.83
66781,45.73
66782,0.3
66783,284.51
66801,301.05
66830,28.75
66833,134.22
66834,166.87
66835,58.46
66838,61.39
66839,143.9
66840,177.24
66842,119.45
66843,137.56
66845,153.42
66846,297.4
66849,64.21
66850,127.49
66851,67.06
66852,148.67
66853,155.38
66854,96.34
66856,140.57
66857,82.88
66858,76.78
66859,41.85
66860,183.59
66861,205.01
66862,94.75
66863,0.45
66864,37.29
66865,149.03
66866,136.94
66868,125.54
66869,108.58
66870,95.17
66871,132.99
66872,139.67
66873,77.07
66901,253.0
66930,63.92
66932,70.89
66933,86.1
66935,123.71
66936,138.62
66937,139.37
66938,124.81
66939,107.14
66940,69.33
66941,124.69
66942,95.4
66943,92.69
66944,93.2
66945,101.13
66946,51.25
66948,123.72
66949,115.0
66951,184.49
66952,243.6
66953,70.24
66955,53.06
66956,200.65
66958,77.03
66959,54.18
66960,63.09
66961,1.63
66962,54.71
66963,77.41
66964,50.63
66966,92.37
66967,237.19
66968,132.64
66970,35.32
67001,23.09
67002,37.47
67003,241.25
67004,106.03
67005,145.66
67008,111.6
67009,137.95
67010,103.96
67012,17.23
67013,76.42
67016,0.6
67017,63.94
67018,64.41
67019,104.06
67020,126.58
67021,36.88
67022,182.95
67023,142.0
67024,222.8
67025,112.76
67026,96.25
67028,189.79
67029,409.52
67030,40.68
67031,116.24
67035,222.63
67036,40.98
67037,53.61
67038,140.88
67039,108.03
67041,0.14
67042,258.16
67045,447.92
67047,146.09
67049,37.44
67050,46.84
67051,77.07
67052,51.81
67053,0.38
67054,221.32
67055,0.13
67056,84.79
67057,144.44
67058,205.23
67059,261.04
67060,28.04
67061,112.17
67062,31.44
67063,133.78
67065,74.88
67066,48.3
67067,4.67
67068,282.37
67070,103.68
67071,149.58
67072,116.47
67073,30.54
67074,171.23
67101,15.18
67102,40.67
67103,54.87
67104,329.06
67105,60.29
67106,49.32
67107,115.87
67108,70.99
67109,188.63
67110,54.26
67111,62.4
67112,72.61
67114,236.94
67117,1.34
67118,87.58
67119,76.3
67120,38.85
67122,129.06
67123,52.57
67124,277.28
67127,177.13
67131,43.59
67132,85.98
67133,41.85
67134,72.08
67135,103.55
67137,79.75
67138,101.48
67140,135.24
67142,115.17
67143,123.72
67144,47.07
67146,77.45
67147,103.59
67149,55.7
67150,18.21
67151,32.11
67152,233.86
67154,72.88
67155,264.99
67156,249.61
67159,80.74
67202,0.97
67203,7.16
67204,16.08
67205,16.87
67206,10.49
67207,10.42
67208,4.98
67209,12.29
67210,12.39
67211,5.07
67212,12.52
67213,6.57
67214,5.35
67215,17.18
67216,12.25
67217,14.43
67218,4.98
67219,14.47
67220,7.19
67221,1.26
67223,3.64
67226,24.67
67227,4.81
67228,12.44
67230,9.76
67232,3.08
67235,10.8
67260,0.2
67301,214.98
67330,61.21
67332,25.68
67333,53.95
67334,0.42
67335,126.63
67336,91.28
67337,147.29
67340,0.81
67341,20.85
67342,68.08
67344,167.0
67345,42.41
67346,119.69
67347,62.08
67349,234.66
67351,43.36
67352,108.27
67353,84.66
67354,56.85
67355,23.26
67356,121.24
67357,196.84
67360,45.87
67361,240.3
67363,1.11
67364,0.45
67401,252.0
67410,313.86
67416,69.27
67417,68.3
67418,116.68
67420,420.53
67422,58.2
67423,65.79
67425,217.1
67427,60.01
67428,114.81
67430,98.55
67431,123.0
67432,360.98
67436,114.21
67437,122.68
67438,63.14
67439,226.6
67441,39.34
67442,45.1
67443,88.69
67444,164.4
67445,112.94
67446,139.03
67447,77.65
67448,210.53
67449,161.63
67450,50.04
67451,141.3
67452,124.96
67454,38.46
67455,289.16
67456,142.95
67457,98.69
67458,71.63
67459,74.9
67460,227.18
67464,113.31
67466,149.19
67467,278.23
67468,40.92
67470,54.74
67473,247.54
67474,97.43
67475,28.08
67476,3.03
67478,1.79
67480,165.84
67481,181.03
67482,0.1
67483,88.57
67484,137.21
67485,114.77
67487,97.81
67490,150.77
67491,71.4
67492,29.7
67501,187.99
67502,73.33
67505,2.75
67510,55.16
67511,66.94
67512,32.08
67513,54.07
67514,80.32
67515,21.87
67516,162.56
67518,160.14
67519,85.89
67520,110.84
67521,165.54
67522,57.19
67523,147.59
67524,61.67
67525,124.46
67526,216.18
67529,107.22
67530,238.14
67543,85.29
67544,213.76
67545,46.71
67546,138.68
67547,294.85
67548,119.8
67550,304.2
67552,181.54
67553,0.11
67554,176.08
67556,194.52
67557,146.18
67559,76.71
67560,332.6
67561,68.33
67563,105.22
67564,81.51
67565,101.78
67566,56.94
67567,94.49
67568,58.17
67570,137.05
67572,211.65
67573,74.74
67574,115.18
67575,178.03
67576,318.13
67578,208.19
67579,204.41
67581,113.87
67583,229.33
67584,253.99
67601,359.81
67621,63.91
67622,131.95
67623,170.94
67625,109.82
67626,95.18
67627,0.79
67628,43.87
67629,96.16
67631,166.05
67632,63.18
67634,107.56
67635,107.99
67637,345.04
67638,72.58
67639,65.71
67640,115.29
67642,250.06
67643,176.88
67644,91.11
67645,290.98
67646,189.61
67647,78.53
67648,181.22
67649,84.27
67650,149.36
67651,215.02
67653,175.68
67654,349.13
67656,129.19
67657,116.32
67658,92.21
67659,110.07
67660,15.77
67661,371.95
67663,334.26
67664,94.49
67665,325.33
67667,0.12
67669,319.86
67671,126.91
67672,313.46
67673,101.42
67674,11.29
67675,98.58
67701,450.06
67730,382.66
67731,325.98
67732,338.48
67733,194.98
67734,93.53
67735,644.89
67736,224.88
67737,175.74
67738,261.6
67739,126.67
67740,421.14
67741,150.66
67743,152.38
67744,152.1
67745,243.98
67747,139.84
67748,418.35
67749,447.21
67751,85.73
67752,248.24
67753,258.55
67756,626.21
67757,199.71
67758,449.13
67761,416.96
67762,230.4
67764,560.02
67801,367.92
67831,441.5
67834,199.11
67835,483.65
67836,103.14
67837,217.97
67838,79.06
67839,597.59
67840,32.08
67841,111.11
67842,166.6
67843,0.16
67844,235.86
67846,782.29
67849,143.65
67850,197.38
67851,204.84
67853,311.64
67854,506.37
67855,492.65
67857,269.5
67859,187.24
67860,555.43
67861,576.56
67862,280.88
67863,187.2
67864,469.26
67865,278.76
67867,227.92
67868,60.23
67869,312.16
67870,265.58
67871,749.3
67876,227.32
67877,268.68
67878,773.65
67879,734.42
67880,670.82
67882,107.73
67901,310.53
67950,181.1
67951,503.77
67952,204.25
67953,220.84
67954,261.55
68001,1.53
68002,73.53
68003,108.74
68004,77.44
68005,18.65
68007,37.68
68008,124.04
68010,1.38
68014,38.58
68015,55.11
68016,4.29
68017,73.87
68018,44.67
68019,78.09
68020,77.12
68022,37.96
68023,40.03
68025,123.97
68028,63.02
68029,78.75
68030,38.86
68031,117.25
68033,29.45
68034,31.75
68036,64.55
68037,53.29
68038,105.59
68039,43.2
68040,34.77
68041,44.64
68042,0.86
68044,35.88
68045,98.45
68046,28.04
68047,125.36
68048,94.45
68050,56.89
68055,47.54
68056,0.06
68057,128.35
68058,0.65
68059,47.66
68061,145.65
68062,39.21
68063,3.26
68064,51.01
68065,87.22
68066,89.8
68067,60.54
68068,0.2
68069,29.82
68070,66.81
68071,77.87
68072,0.14
68073,44.81
68102,1.78
68104,6.6
68105,3.59
68106,5.15
68107,6.59
68108,3.28
68110,8.5
68111,5.23
68112,18.07
68113,3.25
68114,5.79
68116,8.5
68117,4.88
68118,3.98
68122,17.56
68123,24.94
68124,5.62
68127,6.38
68128,6.7
68130,7.58
68131,2.07
68132,2.57
68133,15.38
68134,8.25
68135,7.87
68136,8.72
68137,8.35
68138,11.11
68142,20.14
68144,7.33
68147,4.88
68152,13.42
68154,6.79
68157,2.57
68164,8.84
68178,0.22
68182,0.15
68183,0.01
68301,107.25
68303,65.42
68304,24.79
68305,144.91
68307,42.06
68309,0.22
68310,215.95
68313,76.58
68314,31.69
68315,34.6
68316,49.34
68317,45.96
68318,42.76
68319,69.35
68320,56.14
68321,26.37
68322,61.56
68323,105.37
68324,28.92
68325,49.22
68326,54.67
68327,48.05
68328,29.81
68329,64.65
68330,1.08
68331,48.58
68332,42.16
68333,110.14
68335,87.4
68336,16.72
68337,54.65
68338,39.99
68339,44.79
68340,54.53
68341,96.42
68342,74.89
68343,89.72
68344,33.38
68345,46.14
68346,55.83
68347,31.42
68348,44.06
68349,48.42
68350,30.0
68351,90.23
68352,271.62
68354,105.23
68355,154.51
68357,49.95
68358,45.33
68359,119.91
68360,23.3
68361,104.71
68362,2.27
68364,1.0
68365,50.45
68366,54.42
68367,61.35
68368,37.8
68370,162.72
68371,78.38
68372,35.97
68375,29.22
68376,155.07
68377,52.87
68378,54.64
68379,1.25
68380,6.98
68381,57.24
68382,0.04
68401,39.09
68402,32.67
68403,0.74
68404,50.26
68405,79.39
68406,53.6
68407,45.88
68409,29.58
68410,143.26
68413,55.5
68414,31.95
68415,70.66
68416,45.18
68417,22.91
68418,68.62
68419,1.01
68420,129.94
68421,49.58
68422,51.72
68423,55.56
68424,64.17
68428,57.18
68429,19.23
68430,45.52
68431,49.27
68433,54.27
68434,157.37
68436,80.29
68437,46.24
68438,0.1
68439,35.78
68440,22.08
68441,66.91
68442,36.09
68443,95.93
68444,24.65
68445,21.51
68446,97.31
68447,54.51
68448,46.5
68450,132.43
68452,15.13
68453,73.04
68454,56.86
68455,38.77
68456,52.64
68457,37.58
68458,33.86
68460,109.0
68461,23.6
68462,55.29
68463,57.87
68464,81.28
68465,102.1
68466,104.57
68467,173.41
68502,6.67
68503,2.92
68504,6.99
68505,4.32
68506,6.99
68507,11.12
68508,2.96
68510,4.55
68512,9.12
68514,6.75
68516,18.92
68517,26.22
68520,11.46
68521,13.17
68522,10.59
68523,15.74
68524,28.64
68526,12.13
68527,29.55
68528,16.45
68531,6.03
68532,11.29
68588,0.07
68601,286.71
68620,279.12
68621,32.06
68622,304.26
68623,65.13
68624,71.04
68626,60.45
68627,145.44
68628,107.77
68629,142.31
68631,38.68
68632,154.17
68633,97.71
68634,6.66
68635,48.02
68636,206.08
68637,161.37
68638,152.49
68640,127.11
68641,99.01
68642,128.28
68643,99.4
68644,93.03
68647,62.1
68648,39.89
68649,101.22
68651,121.14
68652,144.25
68653,56.48
68654,56.19
68655,38.9
68658,73.11
68659,35.18
68660,132.07
68661,144.97
68662,92.74
68663,100.1
68664,0.49
68665,175.15
68666,85.68
68667,15.66
68669,61.98
68701,188.53
68710,80.8
68711,210.21
68713,592.44
68714,832.81
68715,51.36
68716,56.61
68717,18.09
68718,220.97
68719,51.3
68720,65.73
68722,97.66
68723,66.03
68724,42.24
68725,174.01
68726,130.78
68727,66.83
68728,24.26
68729,167.41
68730,149.09
68731,36.43
68732,39.29
68733,93.22
68734,55.98
68735,350.39
68736,57.75
68739,235.27
68740,66.8
68741,69.11
68742,39.81
68743,52.65
68745,130.49
68746,219.06
68747,26.02
68748,172.64
68749,1.01
68751,0.14
68752,134.57
68753,88.99
68755,144.84
68756,121.56
68757,124.33
68758,112.62
68759,301.02
68760,200.67
68761,57.21
68763,545.17
68764,132.23
68765,133.23
68766,108.86
68767,192.43
68768,73.63
68769,157.26
68770,100.19
68771,152.69
68773,51.86
68774,39.97
68776,22.18
68777,182.59
68778,486.15
68779,172.55
68780,288.15
68781,128.41
68783,215.31
68784,113.75
68785,29.51
68786,124.76
68787,143.41
68788,186.92
68789,36.9
68790,64.22
68791,138.49
68792,52.96
68801,89.96
68803,86.87
68810,21.21
68812,122.71
68813,502.59
68814,203.39
68815,164.36
68816,33.26
68817,81.01
68818,181.84
68820,40.28
68821,158.61
68822,385.74
68823,929.3
68824,89.85
68825,299.33
68826,144.26
68827,60.05
68828,80.73
68831,72.05
68832,99.91
68833,409.43
68834,115.52
68835,97.41
68836,146.75
68837,26.97
68838,48.52
68840,152.01
68841,67.86
68842,182.93
68843,79.85
68844,47.64
68845,123.68
68846,30.52
68847,109.64
68849,0.22
68850,266.98
68852,121.82
68853,198.01
68854,68.95
68855,161.21
68856,124.09
68858,62.95
68859,99.13
68860,186.99
68861,0.88
68862,299.77
68863,113.36
68864,174.95
68865,60.24
68866,109.95
68869,211.45
68870,44.27
68871,63.91
68872,62.48
68873,171.29
68874,255.18
68875,130.16
68876,90.73
68878,121.98
68879,182.86
68881,18.77
68882,134.41
68883,186.12
68901,150.16
68920,119.21
68922,160.65
68923,0.24
68924,107.19
68925,59.9
68926,146.86
68927,151.1
68928,108.01
68929,59.58
68930,140.18
68932,94.47
68933,67.26
68934,35.92
68935,121.26
68936,86.55
68937,202.51
68938,70.36
68939,134.15
68940,73.89
68941,94.59
68942,138.98
68943,58.42
68944,108.2
68945,45.92
68946,19.67
68947,93.26
68948,117.25
68949,218.2
68950,49.11
68952,57.85
68954,11.04
68955,94.58
68956,95.07
68957,104.46
68958,72.99
68959,250.56
68960,45.25
68961,131.98
68964,28.27
68966,138.19
68967,190.84
68970,153.39
68971,94.73
68972,120.38
68973,47.28
68974,34.82
68975,25.19
68976,36.43
68977,99.96
68978,152.14
68979,135.5
68980,37.53
68981,86.95
68982,87.78
69001,464.83
69020,132.51
69021,305.74
69022,299.87
69023,226.75
69024,282.91
69025,238.84
69026,79.1
69027,99.95
69028,170.01
69029,198.67
69030,356.2
69032,311.19
69033,331.18
69034,188.11
69036,24.61
69037,50.05
69038,197.25
69039,118.35
69040,198.19
69041,165.3
69042,42.36
69043,194.37
69044,189.59
69045,328.17
69046,118.42
69101,586.27
69120,369.8
69121,495.52
69122,231.68
69123,257.33
69125,191.3
69127,209.13
69128,393.51
69129,345.9
69130,252.92
69131,255.68
69132,125.84
69133,178.67
69134,235.17
69135,69.27
69138,328.07
69140,261.43
69141,103.68
69142,123.1
69143,260.53
69144,154.52
69145,411.08
69146,161.44
69147,409.57
69148,398.56
69149,323.59
69150,169.39
69151,307.25
69152,1411.53
69153,240.84
69154,420.67
69155,368.44
69156,366.83
69157,197.33
69161,153.43
69162,453.01
69163,723.0
69165,510.91
69166,752.23
69167,619.71
69168,147.33
69169,210.32
69170,212.93
69171,2.25
69201,1605.64
69210,518.53
69211,373.04
69212,239.23
69214,522.95
69216,201.76
69217,178.54
69218,530.21
69219,232.2
69220,99.91
69221,291.46
69301,1033.98
69331,231.43
69333,577.8
69334,309.51
69335,144.42
69336,385.69
69337,775.07
69339,405.35
69340,338.59
69341,206.89
69343,1436.68
69345,420.49
69346,1158.9
69347,471.07
69348,586.17
69350,428.72
69351,740.72
69352,134.42
69353,0.08
69354,295.04
69355,0.1
69356,129.17
69357,366.75
69358,196.56
69360,341.88
69361,237.76
69365,51.15
69366,645.34
69367,233.51
70001,6.48
70002,3.23
70003,6.96
70005,4.2
70006,2.63
70030,28.07
70031,3.5
70032,2.04
70036,7.87
70037,49.92
70038,0.25
70039,13.4
70040,94.79
70041,30.55
70043,9.13
70047,12.17
70049,16.35
70050,0.37
70051,8.08
70052,7.7
70053,3.42
70056,6.76
70057,44.52
70058,12.76
70062,7.05
70065,8.04
70067,10.1
70068,49.29
70070,91.39
70071,2.0
70072,51.84
70075,3.41
70076,1.14
70079,1.83
70080,9.61
70082,11.38
70083,129.19
70084,18.11
70085,65.99
70086,38.49
70087,12.48
70090,79.04
70091,153.92
70092,4.31
70094,36.15
70112,0.98
70113,0.92
70114,5.05
70115,3.85
70116,1.27
70117,5.5
70118,4.62
70119,4.52
70121,3.28
70122,6.27
70123,7.58
70124,6.68
70125,2.34
70126,12.08
70127,5.47
70128,4.77
70129,90.92
70130,2.13
70131,11.71
70139,0.0
70148,0.4
70163,0.0
70301,283.82
70310,0.19
70339,55.07
70340,0.05
70341,45.12
70342,7.46
70343,22.89
70344,50.57
70345,128.77
70346,64.92
70352,3.92
70353,19.35
70354,68.35
70355,109.49
70356,66.56
70357,181.17
70358,6.47
70359,14.4
70360,60.12
70363,78.42
70364,42.17
70372,28.77
70373,55.04
70374,44.14
70375,7.36
70377,84.58
70380,77.66
70390,147.77
70391,0.52
70392,36.78
70393,5.48
70394,83.71
70395,48.91
70397,70.77
70401,34.7
70402,0.12
70403,42.32
70420,63.81
70422,157.49
70426,124.38
70427,141.35
70431,69.43
70433,48.67
70435,104.12
70436,6.96
70437,86.44
70438,347.88
70441,212.84
70442,16.34
70443,76.23
70444,244.61
70445,108.27
70446,82.58
70447,30.96
70448,21.94
70449,58.79
70450,73.56
70451,0.23
70452,99.18
70453,37.02
70454,174.56
70455,22.54
70456,33.0
70457,0.05
70458,20.88
70460,38.44
70461,53.51
70462,79.61
70463,0.87
70464,3.4
70465,1.0
70466,34.33
70471,28.9
70501,15.31
70503,11.32
70506,20.76
70507,21.43
70508,24.3
70510,232.96
70512,97.84
70513,1.6
70514,4.61
70515,72.07
70516,38.52
70517,168.69
70518,41.72
70519,0.65
70520,38.85
70522,0.78
70523,1.38
70524,2.72
70525,102.86
70526,126.01
70528,15.96
70529,36.4
70531,33.43
70532,95.35
70533,74.36
70534,6.34
70535,160.58
70537,5.86
70538,229.9
70541,2.05
70542,190.88
70543,71.34
70544,102.7
70546,152.68
70548,512.01
70549,161.13
70550,0.9
70551,0.67
70552,19.49
70554,133.82
70555,47.17
70556,1.77
70558,0.12
70559,85.2
70560,176.08
70563,62.68
70570,171.78
70575,0.03
70576,1.12
70577,76.09
70578,114.9
70580,0.14
70581,25.57
70582,148.01
70583,28.37
70584,34.64
70585,0.6
70586,310.78
70589,118.22
70591,171.83
70592,42.48
70601,16.12
70605,42.96
70607,115.35
70609,0.01
70611,81.73
70615,45.94
70629,0.0
70630,138.72
70631,487.71
70632,177.46
70633,178.43
70634,444.95
70637,42.9
70638,34.29
70639,63.8
70640,0.21
70643,261.17
70644,11.02
70645,108.06
70646,9.72
70647,179.11
70648,211.43
70650,1.69
70651,26.97
70652,107.7
70653,265.13
70654,23.6
70655,124.81
70656,316.0
70657,158.87
70658,64.37
70659,2.23
70660,144.03
70661,185.14
70662,28.1
70663,97.78
70665,153.04
70668,141.04
70669,29.23
70706,52.91
70710,8.01
70711,18.38
70712,20.56
70714,34.62
70715,126.01
70719,15.55
70721,3.58
70722,168.83
70723,31.63
70725,8.6
70726,88.19
70729,17.26
70730,72.43
70732,43.51
70733,11.16
70734,27.75
70736,5.7
70737,53.99
70739,47.37
70740,84.82
70743,2.91
70744,102.95
70747,5.44
70748,74.18
70749,13.66
70750,66.95
70752,5.85
70753,125.05
70754,127.35
70755,21.98
70756,49.62
70757,105.88
70759,23.96
70760,49.69
70761,64.69
70762,20.55
70763,14.84
70764,188.96
70767,152.62
70769,47.87
70770,21.28
70772,14.92
70773,6.47
70774,52.53
70775,313.19
70776,34.92
70777,65.11
70778,45.87
70780,12.65
70782,25.97
70783,28.94
70785,93.26
70786,0.05
70787,4.84
70788,112.14
70789,18.77
70791,119.05
70801,0.11
70802,7.07
70803,0.23
70805,11.37
70806,8.91
70807,25.29
70808,11.98
70809,14.38
70810,26.2
70811,11.31
70812,4.48
70813,0.51
70814,8.92
70815,9.45
70816,16.28
70817,25.38
70818,14.76
70819,4.59
70820,20.59
70825,0.01
70836,0.53
71001,132.44
71002,27.17
71003,63.82
71004,45.61
71006,205.15
71007,19.01
71008,147.04
71009,0.2
71016,119.35
71018,83.23
71019,332.58
71021,0.68
71023,48.88
71024,64.44
71027,59.42
71028,126.82
71029,25.06
71030,40.12
71031,119.43
71032,116.88
71033,29.59
71034,3.01
71037,128.82
71038,211.25
71039,47.49
71040,293.15
71043,15.66
71044,54.77
71045,49.76
71046,86.35
71047,109.04
71048,22.35
71049,93.52
71051,94.93
71052,319.87
71055,260.02
71060,65.05
71061,20.33
71063,110.02
71064,211.76
71065,60.9
71066,0.06
71067,38.09
71068,143.72
71069,29.77
71070,199.33
71071,52.78
71072,96.25
71073,29.9
71075,35.2
71078,40.37
71079,33.77
71082,78.53
71101,4.21
71103,3.9
71104,3.92
71105,9.46
71106,33.19
71107,137.17
71108,8.47
71109,12.78
71110,17.88
71111,45.23
71112,41.74
71115,116.28
71118,13.07
71119,40.19
71129,42.72
71201,14.88
71202,115.44
71203,118.54
71209,0.05
71212,0.07
71218,0.73
71219,60.19
71220,373.57
71222,143.12
71223,50.73
71225,59.87
71226,146.45
71227,115.29
71229,54.77
71230,0.04
71232,247.23
71233,0.59
71234,116.83
71235,162.54
71237,81.39
71238,107.59
71241,193.08
71242,0.03
71243,25.51
71245,5.42
71247,1.37
71250,92.87
71251,185.25
71253,0.97
71254,278.07
71256,52.44
71259,91.84
71260,287.63
71261,138.46
71263,196.74
71264,111.57
71266,122.78
71268,121.67
71269,325.27
71270,206.91
71272,0.37
71275,96.65
71276,59.96
71277,107.76
71279,0.08
71280,59.45
71282,497.66
71286,61.68
71291,65.45
71292,153.73
71295,314.93
71301,12.48
71302,57.82
71303,63.43
71316,56.46
71320,55.39
71322,196.0
71323,20.67
71325,66.32
71326,67.05
71327,48.51
71328,118.22
71330,0.29
71331,59.85
71333,35.66
71334,140.11
71336,119.4
71339,7.13
71340,132.87
71341,26.35
71342,159.12
71343,537.04
71345,0.15
71346,91.76
71350,35.0
71351,224.92
71353,81.13
71354,137.5
71355,66.89
71356,19.63
71357,287.59
71358,108.16
71359,0.13
71360,193.07
71362,69.98
71366,146.79
71367,62.13
71368,85.19
71369,60.69
71371,139.97
71373,216.72
71375,129.54
71378,48.78
71401,16.58
71403,131.15
71404,108.34
71405,16.31
71406,8.11
71407,17.66
71409,136.58
71410,0.79
71411,66.54
71414,0.69
71415,0.43
71416,74.77
71417,140.68
71418,355.43
71419,141.29
71422,156.92
71423,130.54
71424,36.85
71425,23.52
71426,0.37
71427,17.99
71428,0.52
71429,250.94
71430,122.3
71432,98.57
71433,159.45
71434,2.49
71435,211.01
71438,137.66
71439,62.98
71441,51.45
71446,660.38
71447,138.98
71449,236.39
71450,62.84
71452,10.87
71454,106.25
71455,54.03
71456,36.16
71457,269.67
71459,11.17
71461,2.4
71462,46.02
71463,251.63
71465,249.63
71466,8.17
71467,173.72
71468,179.72
71469,219.4
71472,20.55
71473,123.91
71474,21.26
71475,0.07
71479,80.68
71480,3.93
71483,363.39
71485,46.02
71486,100.15
71497,0.5
71601,115.36
71602,130.98
71603,167.8
71630,23.56
71631,123.36
71635,221.56
71638,244.65
71639,184.92
71640,230.42
71642,69.22
71643,138.07
71644,58.56
71646,377.48
71647,260.08
71651,80.18
71652,110.83
71653,258.11
71654,69.61
71655,365.7
71658,119.52
71659,0.2
71660,113.75
71661,87.51
71662,22.82
71663,81.81
71665,321.82
71666,17.96
71667,276.6
71670,200.25
71671,180.0
71674,218.09
71675,172.03
71676,93.09
71677,5.98
71678,4.49
71701,287.46
71720,144.0
71721,0.18
71722,18.75
71724,1.81
71725,191.59
71726,194.3
71728,1.04
71730,457.42
71740,184.51
71742,169.39
71743,209.54
71744,387.66
71745,1.34
71747,86.64
71748,3.54
71749,160.02
71751,80.44
71752,38.38
71753,311.15
71758,67.98
71759,0.89
71762,60.28
71763,242.41
71764,181.95
71765,198.72
71766,50.83
71770,149.71
71772,0.19
71801,297.68
71820,11.59
71822,247.91
71823,1.27
71825,26.55
71826,122.72
71827,63.37
71831,15.56
71832,182.2
71833,147.52
71834,143.06
71835,88.14
71836,176.84
71837,161.46
71838,120.06
71839,43.12
71841,65.07
71842,68.15
71845,202.88
71846,229.37
71847,56.0
71851,80.86
71852,252.77
71853,38.19
71854,269.7
71855,54.15
71857,278.45
71858,192.45
71859,24.32
71860,105.87
71861,146.92
71862,63.57
71864,1.34
71865,0.84
71866,53.01
71901,101.91
71909,79.35
71913,134.17
71921,201.4
71922,2.06
71923,381.83
71929,99.61
71933,77.31
71935,130.12
71937,81.36
71940,96.64
71941,70.33
71942,1.15
71943,117.76
71944,39.2
71945,48.94
71949,188.23
71950,20.55
71952,16.76
71953,683.88
71956,24.84
71957,159.91
71958,140.0
71959,70.1
71960,138.24
71961,85.41
71962,165.53
71964,31.07
71965,16.52
71968,98.41
71969,35.59
71970,75.98
71971,67.58
71972,40.34
71973,87.33
71998,0.07
71999,0.07
72001,22.23
72002,65.86
72003,98.73
72004,182.94
72005,20.02
72006,189.45
72007,45.92
72010,171.25
72011,58.48
72012,96.19
72013,91.79
72014,0.9
72015,84.95
72016,70.07
72017,41.14
72019,173.2
72020,158.11
72021,194.23
72022,13.6
72023,98.24
72024,189.96
72025,60.51
72026,24.22
72027,67.2
72028,0.86
72029,93.4
72030,54.7
72031,294.75
72032,114.47
72034,47.93
72035,0.15
72036,116.05
72038,30.12
72039,61.14
72040,175.02
72041,105.0
72042,237.82
72044,65.3
72045,41.99
72046,232.83
72047,33.78
72048,84.7
72051,34.73
72052,0.42
72053,0.58
72055,93.71
72057,89.18
72058,157.31
72059,0.02
72060,79.26
72061,2.24
72063,70.58
72064,149.65
72065,62.58
72066,17.25
72067,49.06
72068,4.16
72069,273.05
72070,70.8
72072,39.42
72073,113.7
72074,11.2
72075,0.04
72076,72.7
72079,20.77
72080,92.47
72081,94.14
72082,4.17
72083,3.68
72084,181.5
72085,3.76
72086,164.12
72087,61.98
72088,14.53
72099,1.2
72101,271.05
72102,48.92
72103,30.58
72104,326.48
72106,52.35
72107,2.91
72108,0.59
72110,117.26
72111,57.27
72112,327.58
72113,26.28
72114,7.67
72116,6.49
72117,54.38
72118,27.64
72119,0.13
72120,54.19
72121,70.66
72122,126.49
72123,1.05
72125,24.46
72126,203.33
72127,61.05
72128,23.45
72129,58.86
72130,27.63
72131,128.82
72132,69.17
72133,16.78
72134,43.0
72135,73.62
72136,49.75
72137,67.49
72139,0.2
72140,14.26
72141,88.43
72142,105.46
72143,302.08
72150,293.49
72152,68.44
72153,100.8
72156,27.59
72157,53.18
72160,319.02
72165,5.64
72166,105.1
72167,39.07
72168,32.27
72169,10.78
72170,5.18
72173,94.93
72175,45.84
72176,70.37
72178,0.2
72179,19.11
72180,0.11
72181,1.26
72182,4.41
72183,0.17
72199,3.12
72201,1.23
72202,7.08
72204,15.16
72205,8.03
72206,111.62
72207,3.78
72209,18.26
72210,49.48
72211,8.31
72212,6.09
72223,48.52
72227,3.76
72301,29.53
72311,0.21
72313,0.47
72315,252.72
72320,67.32
72322,0.17
72324,130.32
72325,3.35
72326,93.36
72327,95.02
72328,100.31
72329,4.39
72330,39.93
72331,149.29
72332,0.31
72333,76.24
72335,159.0
72338,35.06
72339,1.7
72340,6.28
72341,17.59
72342,108.55
72346,84.84
72347,95.8
72348,170.31
72350,76.36
72351,5.66
72352,0.07
72353,34.3
72354,59.24
72355,119.5
72358,67.24
72359,0.74
72360,288.49
72364,79.96
72365,89.87
72366,128.78
72367,61.03
72368,148.18
72369,0.42
72370,125.73
72372,123.34
72373,126.8
72374,41.82
72376,83.96
72377,0.06
72379,52.62
72383,5.23
72384,95.82
72386,115.19
72387,0.01
72389,42.74
72390,33.37
72391,4.16
72392,40.58
72394,86.74
72395,58.21
72396,243.37
72401,88.49
72404,128.04
72405,35.9
72410,77.5
72411,36.19
72412,60.63
72413,57.8
72414,17.09
72415,38.72
72416,88.73
72417,43.03
72419,50.63
72421,80.44
72422,165.76
72424,0.56
72425,79.95
72426,0.39
72427,0.24
72428,6.77
72429,64.86
72430,26.97
72431,6.28
72432,171.95
72433,50.78
72434,86.62
72435,55.23
72436,30.66
72437,104.88
72438,60.32
72440,5.72
72441,0.14
72442,129.93
72443,66.81
72444,97.98
72445,0.43
72447,56.02
72449,1.48
72450,285.32
72453,37.97
72454,99.93
72455,253.25
72456,52.93
72457,0.08
72458,23.48
72459,113.37
72460,58.32
72461,171.93
72462,3.66
72464,0.03
72466,120.69
72467,0.26
72469,74.52
72470,36.64
72471,85.57
72472,156.65
72473,62.98
72476,222.95
72478,53.38
72479,190.09
72482,71.49
72501,304.09
72512,21.5
72513,98.81
72515,9.78
72517,22.51
72519,159.98
72520,31.58
72521,118.73
72522,9.77
72523,41.61
72524,55.22
72526,7.83
72527,3.84
72528,15.34
72529,20.52
72530,110.11
72531,49.8
72532,97.5
72533,49.76
72534,65.77
72536,24.03
72537,28.63
72538,43.97
72539,18.38
72540,12.46
72542,154.76
72543,113.68
72544,28.84
72546,3.34
72550,47.85
72553,0.41
72554,157.51
72555,12.75
72556,161.19
72560,299.26
72561,50.66
72562,78.63
72564,29.96
72565,33.99
72566,40.98
72567,13.32
72568,48.56
72569,33.4
72571,18.03
72572,13.2
72573,16.33
72576,151.64
72577,48.77
72578,14.61
72579,43.89
72581,12.07
72583,110.55
72584,38.16
72585,23.5
72587,8.54
72601,365.6
72611,81.97
72615,0.1
72616,203.48
72617,38.6
72619,4.81
72623,24.84
72624,49.0
72626,5.57
72628,141.3
72629,46.32
72630,0.15
72631,49.42
72632,97.75
72633,94.17
72634,100.35
72635,31.54
72636,0.16
72638,180.33
72639,68.91
72640,21.25
72641,112.47
72642,8.89
72644,87.89
72645,153.23
72648,35.91
72650,272.88
72651,8.06
72653,220.78
72655,112.01
72658,84.1
72660,16.82
72661,24.22
72662,118.42
72663,21.72
72666,31.04
72668,28.69
72669,1.5
72670,35.16
72672,16.92
72675,191.91
72677,5.48
72679,17.94
72680,40.01
72682,17.58
72683,15.88
72685,51.43
72686,63.44
72687,273.85
72701,125.99
72703,40.21
72704,77.02
72712,51.83
72713,48.5
72714,18.3
72715,28.86
72717,43.45
72718,5.75
72719,9.17
72721,63.01
72722,39.39
72727,155.63
72729,11.35
72730,20.78
72732,86.86
72734,81.57
72736,98.49
72738,85.16
72739,4.43
72740,379.62
72742,67.71
72744,79.02
72745,31.83
72747,6.74
72749,1.16
72751,24.11
72752,124.4
72753,89.21
72756,129.91
72758,31.31
72760,29.19
72761,114.05
72762,58.14
72764,66.17
72768,31.57
72769,40.7
72773,48.58
72774,120.09
72776,77.95
72801,8.01
72802,137.73
72821,32.03
72823,126.63
72824,72.42
72826,0.05
72827,38.27
72828,17.17
72829,0.81
72830,139.6
72832,3.41
72833,221.76
72834,159.8
72835,45.98
72837,244.17
72838,17.94
72839,151.15
72840,46.8
72841,41.63
72842,78.61
72843,156.5
72845,11.06
72846,99.07
72847,39.09
72851,53.47
72852,83.38
72853,78.35
72854,130.79
72855,179.78
72856,98.59
72857,240.56
72858,33.24
72860,25.94
72863,51.59
72865,25.46
72901,8.74
72903,16.2
72904,13.69
72905,14.56
72908,7.67
72916,37.68
72921,88.93
72923,16.37
72926,95.59
72927,323.41
72928,23.41
72930,37.42
72932,18.52
72933,109.28
72934,70.97
72935,2.0
72936,80.92
72937,60.93
72938,51.99
72940,43.66
72941,43.42
72943,101.33
72944,73.69
72945,1.29
72946,94.53
72947,114.1
72948,63.77
72949,317.91
72950,105.77
72951,15.18
72952,48.75
72955,13.85
72956,103.76
72958,328.31
72959,200.07
73001,4.09
73002,35.47
73003,7.42
73004,62.25
73005,167.68
73006,174.49
73007,38.5
73008,7.52
73009,75.76
73010,174.5
73011,63.28
73012,34.07
73013,32.69
73014,155.05
73015,209.04
73016,62.94
73017,80.01
73018,155.1
73019,0.28
73020,61.59
73021,69.32
73022,0.24
73024,47.53
73025,52.66
73026,108.55
73027,87.61
73028,142.59
73029,42.72
73030,208.92
73031,0.14
73032,0.37
73033,9.58
73034,51.66
73036,183.82
73038,134.6
73040,243.65
73041,129.21
73042,112.53
73043,15.64
73044,264.7
73045,65.03
73047,142.46
73048,190.62
73049,64.18
73050,1.49
73051,126.67
73052,209.63
73053,75.02
73054,89.77
73055,255.9
73056,107.7
73057,84.73
73058,44.0
73059,162.42
73061,115.03
73062,232.93
73063,108.28
73064,53.73
73065,51.8
73066,0.46
73067,122.53
73068,64.54
73069,15.74
73070,0.08
73071,23.32
73072,52.2
73073,118.01
73074,42.48
73075,139.47
73077,255.31
73078,64.92
73079,81.66
73080,100.15
73082,158.62
73084,17.95
73086,159.01
73089,106.78
73090,49.99
73092,53.7
73093,58.08
73095,76.98
73096,193.13
73097,0.99
73098,137.94
73099,124.7
73102,0.8
73103,1.18
73104,1.57
73105,4.49
73106,3.04
73107,7.57
73108,7.64
73109,5.4
73110,15.46
73111,8.59
73112,7.62
73114,9.48
73115,5.91
73116,5.52
73117,6.44
73118,4.84
73119,6.8
73120,11.05
73121,9.71
73122,3.4
73127,11.35
73128,7.34
73129,12.54
73130,9.97
73131,12.04
73132,7.6
73134,4.38
73135,10.98
73139,4.4
73141,10.83
73142,7.79
73145,1.37
73149,5.42
73150,18.73
73151,2.99
73159,13.68
73160,21.42
73162,7.05
73165,40.93
73169,7.47
73170,21.0
73173,13.55
73179,11.8
73401,351.54
73425,4.73
73430,83.74
73432,59.44
73433,162.53
73434,98.38
73435,0.57
73436,0.28
73437,12.93
73438,70.42
73439,129.83
73440,7.81
73441,10.91
73442,105.6
73443,40.72
73444,15.57
73446,234.65
73447,65.02
73448,216.15
73449,36.46
73450,89.13
73453,68.92
73455,7.72
73456,244.21
73458,93.52
73459,35.63
73460,152.36
73461,72.63
73463,209.89
73481,77.94
73487,14.16
73488,3.09
73491,10.4
73501,104.97
73503,74.19
73505,64.6
73507,243.79
73520,5.11
73521,185.76
73523,0.28
73526,80.2
73527,76.17
73528,103.65
73529,239.81
73530,120.45
73531,76.7
73532,161.54
73533,329.54
73537,153.8
73538,80.97
73539,66.6
73540,58.48
73541,86.08
73542,300.54
73543,66.79
73544,113.47
73546,167.94
73547,117.55
73548,60.39
73549,75.18
73550,230.77
73551,28.52
73552,108.06
73553,33.94
73554,356.49
73555,18.39
73556,0.25
73557,0.91
73559,137.34
73560,137.2
73562,109.71
73564,174.18
73565,193.62
73566,110.1
73567,1.23
73568,91.54
73569,73.01
73570,126.65
73571,95.17
73572,243.66
73573,194.24
73601,137.92
73620,104.56
73622,45.69
73624,5.04
73625,118.72
73626,114.94
73627,101.94
73628,387.54
73632,221.58
73638,113.45
73639,180.93
73641,66.85
73642,102.73
73644,185.24
73645,260.25
73646,115.15
73647,139.2
73650,207.0
73651,176.38
73654,316.73
73655,179.28
73658,88.82
73659,118.74
73660,125.0
73661,75.72
73662,335.23
73663,140.03
73664,99.33
73666,138.54
73667,155.96
73668,5.47
73669,144.17
73673,224.94
73701,145.21
73703,114.12
73705,0.5
73716,171.28
73717,674.69
73718,87.75
73719,45.08
73720,52.62
73722,148.21
73724,134.97
73726,95.79
73727,28.99
73728,221.5
73729,73.01
73730,57.53
73731,36.42
73733,54.64
73734,105.54
73735,40.67
73736,53.69
73737,263.6
73738,93.25
73739,50.95
73741,90.68
73742,218.34
73743,0.35
73744,115.34
73746,0.49
73747,50.53
73749,90.58
73750,270.87
73753,66.44
73754,48.57
73755,82.23
73756,71.91
73757,22.27
73758,110.75
73759,371.43
73760,51.89
73761,118.59
73762,176.58
73763,189.97
73764,44.79
73766,118.54
73768,113.14
73770,3.68
73771,134.63
73772,240.9
73773,108.49
73801,459.01
73832,528.84
73834,458.12
73835,143.41
73838,162.38
73840,141.57
73841,41.29
73842,392.64
73843,332.17
73844,349.85
73848,550.2
73851,80.35
73852,428.28
73853,137.48
73855,146.62
73857,68.59
73858,227.29
73859,154.89
73860,327.79
73901,0.5
73931,226.99
73932,540.44
73933,961.1
73937,213.68
73938,216.99
73939,405.42
73942,602.07
73944,206.36
73945,402.82
73946,172.9
73947,391.44
73949,452.2
73950,231.76
73951,83.24
73960,0.61
74001,0.63
74002,155.53
74003,129.81
74006,91.38
74008,74.35
74010,322.8
74011,23.85
74012,24.82
74014,104.98
74015,60.33
74016,143.59
74017,140.47
74019,114.37
74020,67.7
74021,67.02
74022,118.56
74023,173.06
74026,9.5
74027,97.58
74028,100.81
74029,45.76
74030,69.4
74032,109.48
74033,12.35
74034,1.91
74035,234.47
74036,128.37
74037,16.16
74038,103.38
74039,67.91
74041,8.78
74042,54.25
74044,87.73
74045,42.59
74046,2.03
74047,98.61
74048,211.81
74050,0.42
74051,32.98
74052,8.82
74053,41.43
74054,29.04
74055,50.94
74056,646.01
74058,254.23
74059,112.17
74060,4.91
74061,89.92
74062,31.71
74063,129.84
74066,123.62
74068,0.74
74070,195.94
74071,2.32
74072,111.01
74073,46.69
74074,127.36
74075,94.84
74077,0.28
74078,0.14
74079,186.77
74080,98.76
74081,35.05
74082,0.18
74083,108.21
74084,49.7
74085,96.96
74103,0.65
74104,2.71
74105,7.27
74106,7.64
74107,25.38
74108,8.68
74110,5.88
74112,6.82
74114,4.83
74115,16.02
74116,17.98
74117,11.47
74119,0.78
74120,2.1
74126,24.06
74127,21.32
74128,3.59
74129,3.99
74130,4.14
74131,9.57
74132,12.61
74133,13.67
74134,12.07
74135,6.15
74136,7.73
74137,10.4
74145,5.94
74146,5.14
74171,0.36
74301,391.83
74330,96.36
74331,124.09
74332,70.04
74333,90.83
74337,96.29
74338,141.1
74339,3.42
74340,1.14
74342,74.78
74343,64.15
74344,89.61
74346,227.18
74347,52.44
74349,6.61
74350,6.08
74352,123.57
74354,184.26
74358,0.13
74359,2.2
74360,4.83
74361,163.53
74363,65.37
74364,97.74
74365,82.24
74366,36.04
74367,21.15
74368,1.04
74369,217.05
74370,108.09
74401,110.94
74403,109.69
74421,131.56
74422,80.93
74423,23.31
74425,9.04
74426,220.58
74427,38.0
74428,54.44
74429,84.24
74430,6.79
74431,4.4
74432,209.41
74434,123.16
74435,62.85
74436,142.46
74437,190.26
74438,21.1
74441,148.69
74442,67.83
74445,81.37
74446,1.33
74447,231.77
74450,66.59
74451,88.39
74452,25.77
74454,105.84
74455,115.88
74456,0.25
74457,72.22
74458,2.56
74459,1.0
74460,2.1
74462,267.86
74463,5.53
74464,253.83
74467,154.06
74468,12.13
74469,53.18
74470,80.39
74471,46.01
74472,12.95
74477,0.04
74501,550.66
74521,0.24
74522,5.34
74523,270.87
74525,432.93
74528,29.96
74530,22.8
74531,102.93
74533,43.1
74534,28.52
74535,4.59
74536,301.2
74538,365.9
74540,39.46
74543,124.33
74546,2.33
74547,104.18
74549,63.81
74552,88.84
74553,78.85
74554,2.9
74555,45.63
74556,5.85
74557,127.38
74558,77.08
74560,205.79
74561,129.61
74562,109.67
74563,206.69
74565,7.04
74567,26.82
74569,184.84
74570,157.47
74571,243.23
74572,43.88
74574,145.04
74576,56.89
74577,28.86
74578,317.4
74601,160.39
74604,134.08
74630,123.89
74631,103.37
74632,105.16
74633,90.72
74636,53.83
74637,182.63
74640,95.7
74641,37.01
74643,116.58
74644,84.35
74646,54.04
74647,278.79
74650,168.75
74651,146.26
74652,255.42
74653,112.17
74701,176.63
74720,1.8
74721,0.04
74722,14.02
74723,184.26
74724,26.34
74726,151.34
74727,219.44
74728,401.31
74729,153.71
74730,63.74
74731,12.99
74733,52.31
74734,153.07
74735,205.09
74736,70.77
74737,0.92
74738,28.65
74740,255.32
74741,59.25
74743,230.1
74745,171.6
74747,27.14
74748,47.34
74750,0.76
74753,0.13
74754,51.66
74755,10.88
74756,43.31
74759,125.57
74760,11.11
74761,1.45
74764,183.7
74766,48.05
74801,74.08
74804,100.23
74820,285.63
74824,40.49
74825,154.46
74826,77.71
74827,37.12
74829,55.53
74830,1.15
74831,69.71
74832,30.24
74833,45.1
74834,178.57
74836,16.62
74837,0.32
74839,107.42
74840,60.9
74842,13.61
74843,33.18
74844,0.9
74845,95.47
74848,257.65
74849,126.75
74850,55.38
74851,84.07
74852,78.6
74854,85.0
74855,105.23
74856,188.15
74857,58.31
74859,306.01
74860,86.57
74864,117.63
74865,160.48
74866,2.94
74867,91.94
74868,211.23
74869,43.74
74871,181.77
74872,147.72
74873,137.01
74875,46.89
74878,115.3
74880,104.05
74881,162.12
74883,159.06
74884,132.21
74901,19.62
74902,30.18
74930,68.24
74931,90.22
74932,80.84
74935,7.61
74936,25.24
74937,200.72
74939,123.36
74940,59.46
74941,115.76
74942,1.37
74943,1.01
74944,120.08
74945,0.41
74946,1.07
74947,0.54
74948,217.1
74949,43.51
74951,4.48
74953,119.14
74954,20.84
74955,211.13
74956,63.56
74957,231.58
74959,92.59
74960,300.59
74962,154.27
74963,57.83
74964,79.06
74965,111.7
74966,264.41
75001,3.75
75002,37.58
75006,17.07
75007,11.91
75009,98.72
75010,6.81
75013,15.04
75019,17.19
75020,61.03
75021,58.4
75022,19.55
75023,9.2
75024,12.95
75025,9.55
75028,15.56
75032,48.12
75033,21.92
75034,15.94
75035,24.9
75036,10.84
75038,7.64
75039,5.68
75040,15.7
75041,7.92
75042,7.63
75043,14.67
75044,10.56
75048,9.73
75050,25.83
75051,12.63
75052,26.44
75054,5.92
75056,23.63
75057,13.33
75058,53.84
75060,12.09
75061,11.61
75062,10.59
75063,20.23
75065,8.27
75067,13.49
75068,27.87
75069,33.68
75070,11.28
75071,74.14
75072,12.06
75074,15.97
75075,9.7
75076,50.35
75077,14.1
75078,31.57
75080,11.31
75081,9.01
75082,8.2
75087,29.45
75088,9.28
75089,12.1
75090,78.54
75092,113.94
75093,14.28
75094,7.17
75098,32.01
75101,0.83
75102,68.97
75103,196.45
75104,36.9
75105,39.62
75109,119.79
75110,137.5
75114,42.98
75115,21.05
75116,5.1
75117,49.41
75119,264.17
75124,89.19
75125,75.25
75126,81.62
75127,26.71
75132,0.11
75134,10.6
75135,65.83
75137,6.01
75140,116.21
75141,11.69
75142,181.24
75143,181.94
75144,173.65
75146,34.69
75147,86.22
75148,88.83
75149,16.02
75150,12.56
75152,41.07
75153,24.47
75154,47.82
75155,41.33
75156,32.07
75157,1.34
75158,86.25
75159,59.29
75160,118.23
75161,112.63
75163,33.89
75164,1.0
75165,117.95
75166,12.93
75167,95.8
75169,214.56
75172,11.31
75173,32.7
75180,7.77
75181,17.33
75182,17.78
75189,109.87
75201,1.38
75202,0.67
75203,4.79
75204,2.56
75205,4.37
75206,4.24
75207,3.86
75208,6.12
75209,3.5
75210,2.29
75211,17.19
75212,9.97
75214,7.31
75215,7.65
75216,14.84
75217,27.76
75218,6.9
75219,2.29
75220,11.31
75223,3.1
75224,5.74
75225,4.67
75226,1.08
75227,11.56
75228,11.44
75229,12.45
75230,7.14
75231,5.51
75232,8.82
75233,3.57
75234,10.25
75235,6.66
75236,13.35
75237,6.67
75238,6.58
75240,3.78
75241,25.27
75243,9.21
75244,4.62
75246,0.47
75247,6.62
75248,7.42
75249,5.49
75251,0.59
75252,5.13
75253,14.94
75254,3.24
75261,13.93
75270,0.0
75287,5.54
75390,0.05
75401,108.08
75402,90.82
75407,49.94
75409,78.28
75410,85.77
75411,80.4
75412,124.97
75413,0.25
75414,49.54
75415,18.23
75416,76.41
75417,162.41
75418,140.81
75420,35.23
75421,53.61
75422,67.83
75423,80.88
75424,63.58
75426,321.57
75428,92.88
75429,0.17
75431,64.03
75432,103.18
75433,98.0
75434,12.96
75435,58.32
75436,186.52
75437,60.4
75438,37.86
75439,14.81
75440,102.16
75441,6.0
75442,107.6
75446,179.66
75447,52.63
75448,25.81
75449,77.29
75450,57.27
75451,39.24
75452,76.86
75453,78.36
75454,21.4
75455,306.45
75457,128.06
75459,81.8
75460,101.85
75462,192.73
75468,50.85
75469,36.02
75470,14.61
75471,50.15
75472,75.41
75473,69.12
75474,105.3
75475,0.45
75476,50.31
75477,58.83
75478,56.63
75479,46.93
75480,29.74
75481,68.91
75482,313.53
75486,109.24
75487,98.99
75488,119.22
75489,2.41
75490,32.81
75491,98.64
75492,48.56
75493,3.95
75494,230.15
75495,67.72
75496,116.98
75497,62.81
75501,96.26
75503,78.47
75550,91.32
75551,161.73
75554,144.91
75555,120.21
75556,23.8
75558,40.53
75559,292.38
75560,70.45
75561,46.38
75562,10.57
75563,160.7
75564,2.64
75565,1.18
75566,46.89
75567,74.36
75568,130.99
75569,2.34
75570,132.98
75571,114.29
75572,73.93
75573,6.92
75574,102.16
75601,9.12
75602,51.88
75603,53.03
75604,44.13
75605,80.29
75630,106.84
75631,118.39
75633,324.74
75638,85.61
75639,162.06
75640,86.92
75641,1.68
75642,4.12
75643,74.01
75644,186.63
75645,144.61
75647,88.58
75650,117.32
75651,55.37
75652,171.98
75654,197.86
75656,99.63
75657,344.94
75658,1.19
75659,3.19
75661,128.51
75662,126.84
75667,85.59
75668,20.99
75669,54.99
75670,127.66
75671,0.73
75672,232.01
75680,0.11
75681,133.76
75682,2.04
75683,60.06
75684,91.75
75686,232.33
75687,0.51
75689,1.23
75691,95.05
75692,99.21
75693,10.29
75694,0.07
75701,14.07
75702,14.1
75703,55.06
75704,66.76
75705,25.7
75706,75.56
75707,52.4
75708,56.53
75709,20.82
75711,0.02
75750,48.77
75751,180.37
75752,150.66
75754,125.99
75755,101.27
75756,73.76
75757,86.11
75758,44.17
75759,3.65
75760,132.41
75762,44.72
75763,108.3
75764,1.29
75765,103.66
75766,318.31
75770,118.33
75771,146.09
75773,176.95
75778,52.67
75779,0.78
75780,1.34
75782,1.62
75783,119.72
75784,34.64
75785,289.37
75788,1.41
75789,184.46
75790,36.48
75791,39.39
75792,80.07
75801,188.64
75803,325.45
75831,250.96
75833,254.66
75835,468.93
75838,55.46
75839,169.83
75840,267.5
75844,351.35
75845,315.48
75846,152.84
75847,246.03
75848,0.55
75849,0.35
75850,56.59
75851,264.13
75852,147.91
75853,72.42
75855,285.03
75856,24.7
75858,2.21
75859,132.25
75860,176.89
75861,113.72
75862,241.66
75865,3.79
75884,0.13
75886,4.92
75901,159.15
75903,0.27
75904,160.52
75925,208.63
75926,89.32
75928,83.77
75929,117.37
75930,160.19
75931,87.98
75932,133.55
75933,85.51
75934,6.84
75935,356.92
75936,118.08
75937,68.6
75938,190.14
75939,252.31
75941,87.14
75942,2.1
75943,63.59
75944,49.78
75946,136.93
75948,229.35
75949,205.74
75951,372.66
75954,107.44
75956,243.78
75959,52.34
75960,60.09
75961,279.74
75962,0.2
75964,222.55
75965,77.06
75966,268.1
75968,71.88
75969,82.77
75972,361.61
75973,176.74
75974,101.32
75975,139.4
75976,27.36
75977,168.7
75979,306.73
75980,156.6
76001,10.68
76002,7.13
76005,3.35
76006,7.64
76008,81.46
76009,98.04
76010,8.81
76011,8.13
76012,8.2
76013,8.98
76014,5.74
76015,4.27
76016,8.85
76017,10.21
76018,7.85
76020,64.92
76021,7.26
76022,2.7
76023,53.75
76028,77.46
76031,72.72
76033,176.09
76034,13.07
76035,54.4
76036,44.06
76039,6.4
76040,7.84
76041,11.98
76043,110.3
76044,108.29
76048,101.66
76049,107.11
76050,139.02
76051,22.29
76052,41.46
76053,8.15
76054,3.8
76055,82.69
76058,51.93
76059,2.48
76060,7.47
76061,2.23
76063,50.03
76064,21.7
76065,100.91
76066,88.02
76067,197.55
76070,22.57
76071,8.86
76073,84.01
76077,9.25
76078,64.17
76082,102.77
76084,51.81
76085,65.34
76086,13.84
76087,185.54
76088,161.54
76092,22.66
76093,34.23
76102,4.51
76103,6.11
76104,5.87
76105,5.89
76106,14.48
76107,10.72
76108,43.1
76109,8.16
76110,5.73
76111,7.41
76112,11.33
76114,9.69
76115,4.64
76116,12.28
76117,10.88
76118,9.66
76119,15.93
76120,7.48
76123,10.58
76126,68.68
76127,2.17
76129,0.08
76131,15.54
76132,7.42
76133,9.32
76134,8.6
76135,25.64
76137,13.59
76140,27.31
76148,4.71
76155,3.52
76164,3.95
76177,20.6
76179,51.86
76180,9.3
76182,8.66
76201,5.46
76203,0.01
76205,8.31
76207,40.33
76208,27.37
76209,6.65
76210,16.12
76225,105.42
76226,49.78
76227,78.4
76228,201.23
76230,356.7
76233,60.27
76234,314.02
76238,27.82
76239,122.23
76240,369.42
76241,0.31
76244,14.91
76245,24.24
76247,74.39
76248,15.84
76249,71.1
76250,4.15
76251,44.22
76252,188.09
76253,0.41
76255,276.28
76258,90.25
76259,51.18
76261,73.8
76262,42.33
76263,3.98
76264,36.12
76265,173.71
76266,122.07
76267,1.74
76268,0.64
76270,95.66
76271,43.29
76272,96.4
76273,206.93
76301,11.42
76302,9.44
76305,217.91
76306,17.14
76308,7.85
76309,5.53
76310,170.28
76311,2.39
76351,260.78
76354,82.59
76357,70.54
76360,380.52
76363,63.55
76364,57.87
76365,537.16
76366,261.3
76367,185.48
76370,40.31
76371,129.13
76372,259.72
76373,30.15
76374,271.25
76377,26.68
76379,46.28
76380,857.38
76384,474.77
76388,100.1
76389,194.41
76401,411.29
76402,0.03
76424,506.26
76426,130.9
76427,34.11
76429,83.42
76430,324.71
76431,120.5
76432,109.46
76433,126.99
76435,103.57
76436,50.71
76437,398.43
76439,0.05
76442,434.35
76443,139.96
76444,145.75
76445,54.47
76446,413.26
76448,124.83
76449,206.09
76450,487.36
76452,23.7
76453,122.71
76454,124.92
76455,68.53
76457,322.07
76458,590.03
76459,27.84
76460,103.43
76462,173.0
76463,76.12
76464,212.16
76466,3.56
76469,28.0
76470,268.03
76471,164.62
76472,93.22
76474,31.82
76475,266.6
76476,109.34
76481,39.71
76483,415.14
76484,98.62
76486,93.08
76487,88.69
76490,3.98
76491,150.6
76501,118.24
76502,58.27
76504,30.84
76511,82.8
76513,108.29
76518,112.69
76519,64.95
76520,256.51
76522,114.99
76523,2.19
76524,60.99
76525,158.81
76527,119.53
76528,486.34
76530,92.31
76531,387.04
76534,87.55
76537,53.65
76538,151.72
76539,121.08
76541,4.89
76542,63.02
76543,35.57
76544,37.19
76548,16.1
76549,94.1
76550,541.53
76554,8.0
76556,84.52
76557,123.5
76559,5.63
76561,59.43
76565,27.85
76566,73.22
76567,214.27
76569,95.7
76570,179.76
76571,124.97
76573,0.89
76574,148.96
76577,140.04
76578,65.23
76579,59.51
76596,0.14
76597,1.34
76598,0.03
76599,0.77
76621,67.9
76622,53.29
76623,2.28
76624,63.3
76626,45.1
76627,93.09
76628,5.71
76629,144.06
76630,15.61
76631,34.65
76632,52.4
76633,55.8
76634,284.03
76635,116.94
76636,45.13
76637,34.58
76638,71.72
76639,91.68
76640,28.23
76641,72.17
76642,248.06
76643,7.6
76645,187.5
76648,103.52
76649,126.86
76650,7.75
76651,94.9
76652,95.18
76653,151.93
76654,0.9
76655,77.71
76656,121.16
76657,138.66
76660,32.48
76661,165.58
76664,132.56
76665,167.34
76666,28.09
76667,153.08
76670,67.42
76671,75.06
76673,89.43
76676,23.53
76678,27.9
76679,66.18
76680,44.39
76681,25.85
76682,124.26
76685,15.02
76686,1.8
76687,131.58
76689,223.86
76690,89.69
76691,97.56
76692,113.35
76693,117.17
76701,1.14
76704,5.4
76705,118.61
76706,72.29
76707,3.27
76708,48.06
76710,9.33
76711,4.0
76712,52.38
76798,0.12
76801,376.44
76802,100.55
76820,98.38
76821,266.03
76823,91.93
76824,10.49
76825,479.14
76827,81.78
76828,72.59
76831,8.21
76832,177.08
76834,440.19
76836,72.76
76837,386.05
76841,225.0
76842,84.04
76844,374.81
76845,109.36
76848,72.85
76849,809.54
76852,153.52
76853,282.44
76854,206.92
76856,691.35
76857,130.48
76858,144.82
76859,851.0
76861,172.23
76862,97.4
76864,263.37
76865,46.99
76866,279.85
76869,39.92
76870,26.33
76871,227.6
76872,304.77
76873,47.74
76874,30.87
76875,123.39
76877,626.14
76878,255.54
76880,5.3
76882,197.02
76884,15.48
76885,67.6
76887,90.46
76888,113.41
76890,82.52
76901,346.03
76902,7.75
76903,25.04
76904,440.79
76905,183.53
76908,1.56
76909,0.1
76930,379.13
76932,1122.67
76933,270.72
76934,43.24
76935,370.24
76936,939.26
76937,18.93
76939,17.35
76940,8.77
76941,386.64
76943,2077.98
76945,629.61
76950,1792.38
76951,804.75
76953,46.11
76955,72.13
76957,0.26
76958,49.22
77002,1.97
77003,2.73
77004,5.24
77005,3.83
77006,2.29
77007,7.51
77008,6.48
77009,6.2
77010,0.12
77011,3.41
77012,3.93
77013,9.48
77014,7.17
77015,20.65
77016,9.91
77017,9.57
77018,6.77
77019,3.71
77020,7.81
77021,6.08
77022,5.84
77023,5.47
77024,12.97
77025,4.46
77026,6.56
77027,2.66
77028,9.11
77029,10.62
77030,2.58
77031,3.16
77032,23.1
77033,5.71
77034,14.19
77035,5.64
77036,7.27
77037,6.16
77038,9.7
77039,10.09
77040,13.84
77041,18.88
77042,6.17
77043,14.16
77044,39.1
77045,11.15
77046,0.11
77047,13.8
77048,11.53
77049,24.2
77050,6.87
77051,7.38
77053,11.38
77054,5.35
77055,8.39
77056,3.46
77057,4.28
77058,8.36
77059,9.23
77060,8.15
77061,7.46
77062,5.81
77063,4.47
77064,14.71
77065,8.22
77066,8.64
77067,5.68
77068,3.79
77069,4.7
77070,13.05
77071,4.5
77072,7.42
77073,14.56
77074,5.5
77075,11.21
77076,4.75
77077,16.54
77078,10.29
77079,7.74
77080,6.4
77081,3.25
77082,12.59
77083,10.37
77084,31.73
77085,5.48
77086,6.83
77087,6.56
77088,11.1
77089,13.03
77090,8.56
77091,7.12
77092,8.1
77093,12.01
77094,3.43
77095,14.74
77096,6.02
77098,1.76
77099,6.13
77204,0.51
77301,20.17
77302,52.9
77303,60.92
77304,40.04
77306,41.08
77316,129.0
77318,37.04
77320,343.61
77326,2.58
77327,339.08
77328,180.68
77331,171.15
77334,14.33
77335,38.16
77336,35.66
77338,26.04
77339,16.06
77340,213.11
77341,0.02
77342,0.26
77345,8.38
77346,17.93
77350,6.17
77351,636.93
77354,74.25
77355,55.57
77356,127.15
77357,67.1
77358,111.01
77359,42.42
77360,32.95
77362,10.7
77363,58.75
77364,30.82
77365,41.37
77367,0.85
77368,0.12
77369,24.7
77371,117.75
77372,51.53
77373,23.76
77374,38.97
77375,35.23
77376,28.44
77377,35.24
77378,89.11
77379,25.82
77380,12.43
77381,12.67
77382,12.0
77384,18.44
77385,21.7
77386,40.76
77388,13.39
77389,21.27
77396,24.88
77401,3.64
77406,57.59
77407,19.99
77412,0.81
77414,555.12
77415,5.15
77417,54.57
77418,185.71
77419,53.04
77420,88.43
77422,171.16
77423,148.62
77426,90.21
77428,23.76
77429,37.79
77430,116.53
77431,12.89
77432,13.94
77433,58.97
77434,145.54
77435,178.24
77436,23.18
77437,353.0
77440,3.85
77441,25.57
77442,187.59
77443,2.19
77444,39.23
77445,185.78
77446,2.65
77447,103.45
77448,6.76
77449,27.04
77450,19.68
77451,6.91
77453,3.51
77454,6.29
77455,208.93
77456,39.57
77457,23.51
77458,21.88
77459,31.26
77460,0.7
77461,150.81
77464,15.33
77465,232.37
77466,9.11
77467,1.91
77468,4.17
77469,106.75
77470,28.54
77471,98.24
77473,0.1
77474,206.77
77475,29.59
77476,10.33
77477,10.21
77478,10.02
77479,32.67
77480,124.79
77481,11.82
77482,44.11
77483,33.94
77484,151.01
77485,77.17
77486,48.2
77488,224.98
77489,11.3
77493,61.79
77494,37.88
77498,16.11
77502,5.47
77503,6.34
77504,5.59
77505,8.39
77506,11.31
77507,16.31
77510,30.43
77511,150.06
77514,181.04
77515,204.52
77517,26.2
77518,3.24
77519,28.01
77520,21.03
77521,49.27
77523,85.19
77530,13.81
77531,11.75
77532,82.53
77533,25.43
77534,41.87
77535,308.81
77536,9.82
77538,132.07
77539,48.41
77541,141.73
77545,14.68
77546,27.19
77547,3.85
77550,7.56
77551,3.95
77554,31.11
77555,0.02
77560,27.01
77561,0.38
77562,13.48
77563,44.18
77564,59.87
77565,3.56
77566,23.67
77568,14.65
77571,37.07
77573,29.78
77575,238.11
77577,27.81
77578,38.39
77580,1.49
77581,24.62
77582,17.59
77583,174.28
77584,32.0
77585,102.7
77586,11.66
77587,3.07
77590,25.18
77591,10.32
77597,16.4
77598,12.24
77611,19.38
77612,350.84
77613,43.36
77614,10.13
77615,1.24
77616,25.94
77617,5.22
77619,5.44
77622,20.24
77623,14.68
77624,52.43
77625,317.68
77627,13.16
77629,64.22
77630,95.78
77632,130.5
77640,37.27
77642,19.72
77650,21.95
77651,10.99
77655,46.85
77656,175.33
77657,57.71
77659,118.33
77660,56.9
77661,1.92
77662,139.79
77663,17.91
77664,183.75
77665,171.47
77701,6.86
77702,1.24
77703,8.69
77705,242.69
77706,10.08
77707,14.19
77708,11.64
77713,103.03
77801,3.07
77802,11.47
77803,13.57
77807,98.34
77808,253.63
77830,194.79
77831,226.75
77833,313.23
77835,110.53
77836,431.12
77837,117.84
77840,9.97
77843,0.37
77845,142.55
77852,0.16
77853,57.96
77855,13.68
77856,372.72
77857,97.18
77859,156.77
77861,115.25
77863,0.79
77864,178.75
77865,157.28
77866,2.86
77867,24.22
77868,277.87
77871,204.17
77872,94.07
77873,90.21
77875,1.48
77876,4.87
77878,22.67
77879,192.37
77880,96.93
77882,2.11
77901,18.1
77904,109.88
77905,428.73
77950,140.33
77951,23.86
77954,379.05
77957,358.85
77960,20.12
77961,38.27
77962,189.41
77963,578.98
77964,599.8
77968,194.75
77969,35.35
77970,45.99
77971,61.99
77973,38.17
77974,28.47
77975,71.39
77976,11.78
77977,13.84
77978,1.7
77979,340.46
77982,42.78
77983,86.0
77984,160.07
77986,0.11
77987,3.67
77988,2.66
77990,133.22
77991,10.64
77993,18.51
77994,58.04
77995,375.31
78001,54.16
78002,40.01
78003,226.66
78004,11.38
78005,150.38
78006,345.86
78007,28.26
78008,106.35
78009,70.47
78010,72.08
78011,182.1
78012,25.26
78013,226.25
78014,874.92
78015,25.91
78016,158.3
78017,403.42
78019,744.57
78021,295.19
78022,475.6
78023,89.81
78024,251.69
78025,54.02
78026,355.66
78027,72.79
78028,263.32
78029,0.83
78039,20.75
78040,6.3
78041,17.42
78043,177.09
78044,74.23
78045,663.03
78046,183.34
78050,5.65
78052,38.44
78055,237.09
78056,103.2
78057,155.18
78058,449.25
78059,40.54
78061,510.34
78062,2.19
78063,119.32
78064,281.41
78065,173.9
78066,22.23
78067,181.2
78069,28.49
78070,133.32
78071,313.92
78072,782.71
78073,53.42
78074,3.82
78075,70.62
78076,552.04
78101,52.86
78102,526.3
78104,3.45
78107,162.86
78108,28.24
78109,27.83
78111,4.8
78112,51.41
78113,296.32
78114,349.14
78116,115.16
78117,69.61
78118,191.81
78119,328.83
78121,102.62
78122,38.48
78123,3.74
78124,56.93
78125,24.54
78130,91.04
78132,179.34
78133,75.53
78140,175.04
78141,77.37
78142,5.99
78143,1.73
78144,2.25
78145,3.24
78146,40.26
78147,3.48
78148,9.64
78150,0.06
78151,107.39
78152,36.05
78154,32.86
78155,355.46
78159,131.81
78160,180.09
78161,10.76
78162,16.0
78163,74.75
78164,252.37
78201,7.13
78202,2.31
78203,1.37
78204,2.71
78205,1.17
78207,7.3
78208,0.98
78209,10.17
78210,7.33
78211,10.22
78212,6.93
78213,8.03
78214,8.33
78215,1.06
78216,14.07
78217,10.15
78218,11.18
78219,15.72
78220,7.72
78221,36.31
78222,19.06
78223,40.91
78224,15.25
78225,1.93
78226,7.1
78227,19.08
78228,10.9
78229,5.78
78230,10.49
78231,4.09
78232,11.89
78233,13.67
78234,5.09
78235,1.9
78236,4.92
78237,7.12
78238,10.16
78239,6.39
78240,11.17
78242,7.92
78243,0.64
78244,7.55
78245,35.25
78247,14.56
78248,3.85
78249,14.48
78250,9.42
78251,14.98
78252,28.12
78253,53.62
78254,20.22
78255,17.95
78256,7.99
78257,28.5
78258,17.41
78259,15.52
78260,24.96
78261,29.13
78263,38.2
78264,70.68
78266,39.68
78330,21.67
78332,488.47
78336,59.99
78338,51.69
78339,1.43
78340,20.69
78341,242.69
78342,1.76
78343,142.9
78344,144.34
78347,3.58
78349,124.73
78351,0.94
78352,4.14
78353,233.66
78355,353.59
78357,269.93
78358,0.83
78359,9.58
78360,154.18
78361,909.48
78362,18.28
78363,152.11
78368,206.54
78369,67.33
78370,110.05
78371,88.2
78372,245.0
78373,18.85
78374,18.56
78375,88.41
78376,153.35
78377,480.63
78379,75.97
78380,342.68
78382,79.9
78383,141.38
78384,591.38
78385,279.78
78387,172.16
78389,122.7
78390,201.57
78391,21.55
78393,126.87
78401,2.15
78402,4.23
78404,3.22
78405,5.09
78406,11.26
78407,2.4
78408,5.86
78409,18.44
78410,22.48
78411,6.13
78412,8.64
78413,7.88
78414,14.23
78415,109.17
78416,3.32
78417,9.32
78418,73.35
78419,0.73
78501,15.54
78503,19.21
78504,19.59
78516,37.82
78520,39.73
78521,93.74
78526,47.4
78535,0.42
78536,43.69
78537,57.58
78538,67.05
78539,12.24
78540,7.77
78541,290.22
78542,175.96
78543,6.36
78545,21.81
78547,1.88
78548,7.48
78549,25.86
78550,94.19
78552,48.03
78557,16.59
78558,0.77
78559,36.31
78560,14.23
78561,1.06
78562,21.47
78563,248.57
78564,19.78
78565,3.16
78566,138.98
78567,1.39
78569,152.77
78570,75.2
78572,53.67
78573,36.68
78574,51.87
78575,8.33
78576,58.2
78577,26.0
78578,56.95
78579,5.69
78580,256.84
78582,565.25
78583,93.11
78584,212.84
78585,1.73
78586,152.51
78588,36.61
78589,25.49
78590,1.0
78591,175.51
78592,3.46
78593,38.37
78594,3.17
78595,30.53
78596,40.11
78597,8.84
78598,6.34
78599,26.52
78602,195.28
78605,172.04
78606,242.24
78607,22.56
78608,45.36
78609,15.88
78610,96.88
78611,274.09
78612,99.07
78613,27.69
78614,54.95
78615,54.51
78616,118.26
78617,64.04
78618,158.85
78619,39.94
78620,175.6
78621,177.72
78622,4.06
78623,22.38
78624,742.33
78626,88.59
78628,64.71
78629,421.55
78631,299.77
78632,92.48
78633,78.46
78634,56.38
78635,19.38
78636,353.29
78638,118.06
78639,43.9
78640,89.58
78641,124.36
78642,111.13
78643,712.26
78644,179.92
78645,32.5
78648,132.92
78650,63.57
78652,11.2
78653,105.26
78654,201.33
78655,28.68
78656,28.42
78657,38.77
78658,8.88
78659,116.69
78660,44.61
78661,4.12
78662,67.37
78663,108.48
78664,16.61
78665,24.08
78666,192.39
78669,121.29
78670,5.62
78671,47.67
78672,29.91
78674,0.36
78675,43.36
78676,167.85
78677,17.48
78681,23.19
78701,1.51
78702,5.01
78703,5.62
78704,8.76
78705,2.07
78712,0.57
78717,13.04
78719,19.77
78721,3.57
78722,1.36
78723,7.06
78724,24.94
78725,17.67
78726,11.59
78727,7.77
78728,7.75
78729,9.81
78730,15.06
78731,8.75
78732,12.84
78733,11.2
78734,18.94
78735,20.19
78736,22.29
78737,36.44
78738,42.09
78739,11.59
78741,7.79
78742,5.91
78744,22.6
78745,13.74
78746,22.92
78747,22.23
78748,14.13
78749,9.68
78750,11.8
78751,2.42
78752,3.34
78753,11.35
78754,15.14
78756,1.67
78757,4.95
78758,9.09
78759,14.25
78801,853.56
78802,6.33
78827,64.13
78828,152.26
78829,520.36
78830,159.66
78832,1071.24
78833,136.73
78834,511.12
78836,81.05
78837,806.57
78838,83.22
78839,244.15
78840,1046.3
78841,38.98
78842,31.62
78843,1.76
78850,241.13
78851,535.9
78852,482.6
78860,239.28
78861,490.74
78870,131.67
78871,210.52
78872,167.06
78873,314.28
78877,47.42
78879,21.9
78880,1846.61
78881,261.31
78883,66.97
78884,199.3
78885,73.83
78886,73.08
78931,13.62
78932,57.58
78933,131.23
78934,221.47
78935,63.11
78938,7.82
78940,130.67
78941,161.82
78942,202.98
78943,0.7
78944,15.2
78945,248.23
78946,104.94
78947,206.64
78948,64.98
78949,81.01
78950,114.94
78951,6.53
78953,114.85
78954,73.6
78956,169.17
78957,177.05
78959,145.9
78962,172.39
78963,42.31
79001,459.15
79002,6.53
79003,47.95
79005,203.18
79007,44.44
79008,0.86
79009,121.83
79010,151.21
79011,135.89
79012,1.79
79013,4.7
79014,908.08
79015,328.48
79016,0.03
79018,405.25
79019,576.04
79021,7.39
79022,1965.88
79024,51.72
79025,17.75
79027,347.31
79029,302.91
79031,103.14
79032,7.2
79033,3.34
79034,297.26
79035,670.12
79036,79.48
79039,227.47
79040,603.62
79041,282.57
79042,442.43
79043,166.26
79044,196.41
79045,1130.75
79046,180.26
79051,55.8
79052,234.05
79053,15.1
79054,56.81
79056,40.67
79057,395.29
79058,49.24
79059,456.54
79061,166.94
79062,101.69
79063,82.47
79064,145.29
79065,506.48
79066,1.43
79068,403.33
79070,865.09
79072,394.63
79073,3.0
79078,22.13
79079,593.01
79080,193.21
79081,696.07
79082,95.78
79083,340.56
79084,439.75
79085,0.15
79086,317.84
79087,245.4
79088,605.89
79091,56.14
79092,319.88
79093,21.84
79094,98.05
79095,401.62
79096,258.77
79097,128.87
79098,179.43
79101,1.6
79102,2.73
79103,4.27
79104,3.04
79106,8.59
79107,19.63
79108,183.45
79109,10.31
79110,5.44
79111,11.19
79118,159.36
79119,99.5
79121,1.75
79124,181.15
79201,875.55
79220,116.44
79223,16.83
79225,173.48
79226,816.31
79227,777.8
79229,211.26
79230,72.58
79231,10.71
79233,74.7
79234,146.31
79235,498.56
79236,246.56
79237,203.53
79239,187.47
79240,8.59
79241,377.91
79243,64.41
79244,223.51
79245,282.82
79247,18.74
79248,834.65
79250,161.38
79251,61.86
79252,529.08
79255,169.48
79256,243.35
79257,381.19
79258,18.55
79259,55.91
79261,169.6
79311,192.12
79312,106.54
79313,145.79
79314,14.74
79316,470.09
79322,260.42
79323,191.6
79324,50.25
79325,179.53
79326,20.71
79329,83.14
79330,173.64
79331,797.87
79336,482.84
79339,334.85
79342,104.03
79343,128.63
79344,3.06
79345,182.87
79346,481.66
79347,684.02
79350,2.4
79351,293.35
79353,15.08
79355,404.71
79356,824.07
79357,240.91
79358,125.71
79359,340.14
79360,918.6
79363,108.11
79364,210.48
79366,0.81
79367,7.79
79369,6.3
79370,531.65
79371,337.52
79372,15.62
79373,500.26
79376,185.35
79377,30.12
79378,9.78
79379,73.5
79380,1.11
79381,119.15
79382,51.09
79383,0.3
79401,2.52
79402,0.01
79403,131.35
79404,28.54
79406,0.95
79407,75.91
79410,2.42
79411,1.48
79412,3.21
79413,4.68
79414,3.17
79415,67.82
79416,32.15
79423,64.22
79424,41.6
79501,204.52
79502,507.24
79503,77.56
79504,376.81
79505,179.82
79506,168.25
79508,9.63
79510,255.04
79511,261.07
79512,599.99
79517,211.42
79518,186.6
79519,30.69
79520,228.24
79521,327.41
79525,98.28
79526,184.21
79527,61.64
79528,343.16
79529,94.64
79530,58.37
79532,124.9
79533,179.01
79534,67.76
79535,150.52
79536,295.87
79537,75.07
79538,56.98
79539,47.5
79540,110.95
79541,146.12
79543,128.57
79544,83.81
79545,228.4
79546,392.51
79547,80.71
79548,80.14
79549,860.5
79553,184.57
79556,378.36
79560,71.92
79561,140.03
79562,114.65
79563,17.72
79565,59.27
79566,127.53
79567,321.43
79601,263.02
79602,121.67
79603,59.19
79605,10.98
79606,69.55
79607,8.38
79699,0.06
79701,12.07
79703,6.5
79705,79.41
79706,689.51
79707,70.95
79713,190.97
79714,760.96
79718,372.3
79719,19.25
79720,986.02
79721,0.04
79730,219.38
79731,441.54
79733,0.29
79734,1284.14
79735,1238.44
79738,316.33
79739,434.65
79741,91.0
79742,85.9
79743,93.19
79744,472.66
79745,554.86
79748,49.42
79749,56.55
79752,273.13
79754,447.45
79755,297.54
79756,158.48
79758,50.57
79759,230.73
79761,10.44
79762,30.46
79763,50.42
79764,54.53
79765,23.43
79766,305.01
79769,33.06
79770,70.52
79772,1048.83
79776,3.08
79777,178.14
79778,211.57
79780,16.73
79781,500.9
79782,377.08
79783,153.94
79785,105.74
79788,14.85
79789,34.01
79821,11.23
79830,1165.08
79832,0.12
79834,613.49
79835,8.86
79836,19.28
79837,1087.49
79838,30.84
79839,326.63
79842,828.74
79843,1479.99
79845,177.97
79846,327.39
79847,831.48
79848,717.9
79849,13.63
79851,440.31
79852,453.41
79853,34.81
79854,632.81
79855,457.23
79901,2.2
79902,6.53
79903,3.05
79904,11.95
79905,6.57
79906,4.51
79907,13.71
79908,1.77
79911,34.49
79912,23.65
79915,8.9
79916,12.06
79918,7.64
79920,0.14
79922,8.06
79924,12.38
79925,17.46
79927,27.45
79928,209.85
79930,7.49
79932,13.72
79934,59.11
79935,3.47
79936,25.9
79938,390.24
80002,6.5
80003,6.58
80004,7.15
80005,11.71
80007,25.03
80010,5.14
80011,20.43
80012,7.6
80013,13.95
80014,7.16
80015,16.26
80016,32.28
80017,9.17
80018,35.38
80019,28.05
80020,19.77
80021,16.53
80022,79.57
80023,18.46
80024,0.02
80025,4.05
80026,22.51
80027,18.63
80030,2.63
80031,8.44
80033,8.34
80045,0.89
80101,365.29
80102,293.75
80103,368.32
80104,70.67
80105,396.23
80106,172.75
80107,154.57
80108,35.29
80109,25.99
80110,6.38
80111,10.89
80112,17.85
80113,7.67
80116,91.98
80117,187.95
80118,131.03
80120,8.37
80121,7.21
80122,7.11
80123,12.02
80124,9.38
80125,39.21
80126,10.82
80127,66.39
80128,12.56
80129,7.04
80130,6.88
80131,0.55
80132,39.89
80133,2.97
80134,57.35
80135,372.32
80136,211.79
80137,108.82
80138,61.92
80202,1.16
80203,1.09
80204,5.48
80205,4.65
80206,2.48
80207,3.92
80209,3.5
80210,6.09
80211,4.51
80212,3.56
80214,4.67
80215,5.46
80216,10.13
80218,1.58
80219,7.38
80220,5.17
80221,9.08
80222,3.82
80223,5.31
80224,3.28
80226,8.11
80227,10.81
80228,11.46
80229,12.51
80230,2.75
80231,4.88
80232,3.88
80233,9.14
80234,7.04
80235,3.4
80236,3.21
80237,3.62
80238,6.79
80239,10.33
80241,6.57
80246,1.67
80247,2.91
80249,47.66
80260,4.76
80264,0.01
80266,0.14
80290,0.01
80293,0.0
80294,0.01
80301,28.65
80302,93.9
80303,21.88
80304,9.03
80305,5.82
80310,0.55
80401,49.07
80403,141.96
80419,0.11
80420,42.02
80421,104.33
80422,107.1
80423,247.53
80424,125.91
80425,53.71
80426,80.16
80427,14.45
80428,204.01
80430,129.53
80432,200.25
80433,66.49
80434,85.13
80435,104.04
80436,17.54
80438,55.54
80439,168.8
80440,324.57
80442,55.23
80443,102.12
80444,38.07
80446,368.23
80447,204.82
80448,225.67
80449,442.96
80451,37.0
80452,129.48
80453,0.53
80454,5.04
80455,32.31
80456,241.86
80457,0.61
80459,607.89
80461,237.74
80463,110.56
80465,43.41
80466,115.84
80467,277.55
80468,338.98
80469,36.67
80470,102.25
80471,0.72
80473,37.16
80474,8.29
80475,35.94
80476,58.42
80478,36.67
80479,167.81
80480,1361.9
80481,43.66
80482,141.62
80483,98.68
80487,795.8
80498,294.82
80501,12.62
80503,91.75
80504,94.57
80510,65.88
80512,480.42
80513,71.43
80514,9.22
80515,48.83
80516,40.45
80517,297.22
80520,0.59
80521,14.02
80524,122.71
80525,23.36
80526,31.97
80528,18.47
80530,3.12
80532,35.97
80534,48.05
80535,56.6
80536,370.15
80537,122.39
80538,102.17
80540,152.76
80542,9.2
80543,30.91
80544,0.06
80545,285.19
80546,0.11
80547,5.67
80549,187.11
80550,52.42
80601,26.19
80602,30.74
80603,74.06
80610,179.92
80611,411.29
80612,269.41
80615,105.85
80620,5.92
80621,126.6
80622,11.21
80623,0.67
80624,73.48
80631,103.59
80634,38.32
80640,13.01
80642,99.35
80643,216.48
80644,160.24
80645,92.66
80646,0.08
80648,152.78
80649,180.64
80650,56.42
80651,95.02
80652,169.54
80653,133.93
80654,234.87
80701,616.51
80705,0.33
80720,986.64
80721,88.48
80722,66.32
80723,265.48
80726,155.75
80727,264.88
80728,355.79
80729,592.82
80731,378.5
80732,1.78
80733,23.52
80734,481.91
80735,280.47
80736,132.65
80737,249.85
80740,170.91
80741,220.54
80742,520.82
80743,421.02
80744,116.48
80745,153.31
80746,1.57
80747,219.96
80749,175.81
80750,123.25
80751,475.8
80754,169.19
80755,112.95
80757,352.45
80758,683.53
80759,633.67
80801,141.24
80802,361.25
80804,329.33
80805,135.52
80807,743.93
80808,390.87
80809,49.6
80810,569.15
80812,149.62
80813,112.69
80814,101.3
80815,528.62
80816,182.46
80817,115.07
80818,325.56
80819,5.92
80820,258.59
80821,755.93
80822,107.14
80823,282.53
80824,133.11
80825,561.18
80826,0.24
80827,278.53
80828,437.92
80829,20.11
80830,167.34
80831,188.6
80832,293.64
80833,477.69
80834,279.56
80835,136.06
80836,408.68
80840,23.55
80860,69.75
80861,251.72
80862,185.01
80863,173.41
80864,244.29
80902,18.13
80903,5.38
80904,11.17
80905,5.11
80906,45.58
80907,9.84
80908,94.69
80909,7.93
80910,6.11
80911,11.11
80913,23.88
80914,0.66
80915,7.86
80916,18.39
80917,5.61
80918,11.98
80919,27.37
80920,12.42
80921,49.02
80922,5.83
80923,6.98
80924,5.85
80925,28.71
80926,78.1
80927,4.49
80928,298.16
80929,23.84
80930,34.28
80938,5.32
80939,0.37
80951,2.93
81001,32.04
81003,12.22
81004,160.93
81005,198.67
81006,112.38
81007,136.53
81008,102.21
81019,13.09
81020,389.19
81021,292.78
81022,367.76
81023,154.09
81024,51.96
81025,549.62
81027,679.44
81029,570.26
81030,0.37
81033,0.62
81036,737.23
81039,588.58
81040,474.74
81041,491.84
81043,0.35
81044,335.26
81045,408.82
81046,0.62
81047,604.11
81049,1015.08
81050,508.21
81052,675.41
81054,943.74
81055,245.16
81057,47.35
81058,49.1
81059,1026.16
81062,236.77
81063,392.01
81064,501.23
81067,216.29
81069,291.28
81071,568.03
81073,639.34
81076,285.35
81077,2.22
81081,311.54
81082,768.24
81084,202.74
81087,30.01
81089,940.38
81090,652.9
81091,417.85
81092,193.51
81101,369.0
81120,893.53
81121,4.48
81122,481.52
81123,145.65
81124,2.91
81125,262.68
81126,9.98
81128,145.12
81129,2.61
81130,974.77
81131,373.02
81132,701.64
81133,401.46
81136,82.11
81137,258.24
81138,20.1
81140,286.03
81141,25.76
81143,379.91
81144,287.27
81146,279.86
81147,1355.46
81148,0.23
81149,661.26
81151,293.06
81152,480.98
81154,375.04
81155,275.34
81201,400.57
81210,481.46
81211,477.68
81212,672.0
81220,260.25
81221,1.15
81222,31.95
81223,401.76
81224,262.35
81225,28.77
81226,129.77
81227,0.37
81228,5.52
81230,1696.94
81232,0.82
81233,57.61
81235,534.6
81236,159.84
81237,53.88
81239,43.63
81240,138.74
81241,41.02
81242,20.51
81243,298.24
81244,1.92
81248,372.03
81251,139.18
81252,612.95
81253,94.01
81301,755.4
81303,145.27
81320,152.53
81321,419.6
81323,755.02
81324,429.74
81325,510.41
81326,411.07
81327,30.36
81328,498.87
81330,64.15
81331,266.06
81332,32.03
81334,212.64
81335,4.46
81401,200.16
81403,505.7
81410,34.12
81411,100.92
81413,153.46
81415,278.23
81416,570.61
81418,70.79
81419,209.48
81422,244.34
81423,588.81
81424,334.47
81425,219.4
81426,9.75
81427,74.72
81428,189.63
81429,216.32
81430,217.7
81431,133.84
81432,300.36
81433,223.7
81434,620.19
81435,190.95
81501,8.67
81503,22.01
81504,26.92
81505,72.05
81506,23.94
81507,112.19
81520,20.55
81521,181.59
81522,290.88
81523,288.29
81524,138.0
81525,154.8
81526,72.37
81527,841.92
81601,367.63
81610,238.55
81611,305.58
81612,53.07
81615,25.31
81620,54.04
81621,258.7
81623,433.84
81624,548.83
81625,1507.45
81630,1256.58
81631,220.41
81632,115.9
81633,118.51
81635,331.46
81637,787.28
81638,418.11
81639,464.42
81640,2226.69
81641,1811.18
81642,99.12
81643,154.34
81645,104.07
81646,68.0
81647,284.85
81648,1085.67
81649,139.12
81650,1022.7
81652,105.39
81653,178.02
81654,103.48
81655,62.04
81656,59.24
81657,116.5
82001,55.12
82005,2.59
82007,193.84
82009,1277.77
82050,135.31
82051,229.32
82052,23.49
82053,209.86
82054,184.89
82055,58.03
82058,200.41
82059,84.86
82060,41.62
82061,139.08
82063,351.19
82070,1014.44
82072,189.07
82073,10.28
82081,93.39
82082,319.96
82083,246.62
82084,121.66
82190,2969.91
82201,1658.78
82210,283.82
82212,360.89
82213,396.27
82214,75.12
82215,60.83
82217,85.79
82218,1.02
82219,161.67
82221,326.72
82222,246.6
82223,123.66
82224,102.2
82225,1113.46
82227,248.88
82229,207.62
82240,664.74
82242,96.74
82243,50.3
82244,309.44
82301,933.42
82310,50.86
82321,168.47
82322,5.27
82323,15.29
82324,163.34
82325,438.32
82327,310.05
82329,314.95
82331,509.57
82332,153.46
82334,163.11
82335,12.02
82336,484.19
82401,563.7
82410,155.82
82411,133.35
82412,13.31
82414,2706.89
82420,53.25
82421,74.31
82422,10.88
82423,12.37
82426,279.61
82428,101.41
82430,3.75
82431,479.86
82432,136.1
82433,763.22
82434,49.65
82435,774.77
82440,0.64
82441,372.84
82442,614.63
82443,1053.94
82450,34.15
82501,694.24
82510,63.92
82512,697.92
82513,1444.55
82514,161.14
82515,8.78
82516,274.83
82520,1493.45
82523,476.6
82601,478.77
82604,1048.37
82609,65.2
82620,410.43
82630,186.32
82633,2575.32
82635,7.02
82636,133.53
82637,637.67
82638,69.13
82639,1117.94
82640,25.52
82642,355.77
82643,14.33
82644,0.81
82646,51.5
82648,188.22
82649,588.13
82701,1798.5
82710,278.94
82711,95.17
82712,78.3
82714,22.98
82716,1182.71
82718,1596.77
82720,615.51
82721,696.83
82723,136.83
82725,228.57
82727,432.49
82729,536.4
82730,600.96
82731,408.65
82732,76.87
82801,526.71
82831,594.95
82832,134.89
82833,119.71
82834,1686.18
82835,511.09
82836,392.61
82837,14.58
82838,149.1
82839,111.51
82842,9.02
82844,28.92
82845,87.26
82901,1077.46
82922,299.58
82923,998.82
82925,705.06
82929,3.15
82930,956.45
82932,160.37
82933,77.08
82934,7.15
82935,134.29
82936,78.64
82937,88.57
82938,149.78
82939,78.31
82941,668.4
82942,9.86
82943,39.09
82944,120.5
82945,68.38
83001,481.43
83011,332.49
83012,142.29
83013,890.23
83014,214.16
83025,13.89
83101,530.15
83110,151.59
83111,15.03
83112,57.05
83113,959.57
83114,351.66
83115,338.39
83116,2.87
83118,93.06
83119,13.28
83120,136.98
83121,2.91
83122,7.43
83123,45.8
83124,32.42
83126,11.49
83127,231.14
83128,371.56
83201,34.2
83202,166.84
83203,0.44
83204,280.07
83209,0.67
83210,268.87
83211,743.42
83212,218.08
83213,676.78
83214,109.28
83215,0.08
83217,299.54
83218,0.45
83220,11.67
83221,725.61
83223,3.1
83226,2010.38
83227,222.2
83228,69.51
83232,8.24
83233,30.56
83234,270.24
83235,55.3
83236,217.14
83237,23.21
83238,97.8
83239,71.02
83241,197.0
83243,169.67
83244,888.92
83245,98.21
83246,136.1
83250,84.72
83251,1124.15
83252,736.39
83253,388.62
83254,558.35
83255,208.22
83261,23.66
83262,210.19
83263,413.86
83271,258.3
83272,127.92
83274,98.65
83276,693.69
83277,8.34
83278,1635.68
83281,40.92
83283,57.27
83285,215.84
83286,72.71
83287,27.58
83301,295.69
83302,351.92
83311,92.51
83312,90.3
83313,257.58
83314,130.69
83316,293.16
83318,254.17
83320,418.26
83321,181.18
83322,111.74
83323,203.63
83324,84.81
83325,36.66
83327,849.72
83328,67.27
83330,148.21
83332,88.09
83333,520.6
83334,88.51
83335,113.43
83336,35.21
83337,189.77
83338,276.38
83340,557.7
83341,85.19
83342,1228.82
83344,175.56
83346,308.55
83347,227.71
83348,27.2
83349,85.72
83350,263.68
83352,217.63
83353,8.9
83354,0.02
83355,116.26
83401,197.31
83402,170.98
83404,24.98
83406,32.02
83414,342.72
83420,410.77
83421,11.69
83422,125.56
83423,549.94
83424,40.33
83425,120.83
83427,83.27
83428,248.97
83429,494.6
83431,12.53
83433,1.55
83434,43.36
83435,174.91
83436,100.04
83438,0.05
83440,181.67
83442,129.43
83443,204.18
83444,159.63
83445,300.74
83446,34.69
83448,28.83
83449,228.05
83450,128.58
83451,16.59
83452,172.91
83454,0.16
83455,92.71
83460,0.29
83462,109.66
83463,161.96
83464,1140.1
83465,186.45
83466,235.81
83467,843.77
83468,134.26
83469,1336.47
83501,244.31
83520,11.11
83522,437.31
83523,220.8
83524,118.68
83525,577.78
83526,39.2
83530,390.3
83533,33.73
83535,52.66
83536,203.97
83537,175.68
83539,2084.36
83540,105.49
83541,102.89
83542,80.06
83543,131.75
83544,241.99
83545,43.1
83546,40.67
83547,33.13
83548,25.35
83549,535.61
83552,116.49
83553,107.74
83554,217.71
83555,182.47
83602,21.22
83604,793.77
83605,24.63
83607,229.98
83610,484.63
83611,2678.76
83612,497.19
83615,73.43
83616,111.34
83617,223.97
83619,31.67
83622,278.22
83623,246.59
83624,265.14
83626,6.6
83627,86.89
83628,63.11
83629,193.57
83631,168.46
83632,129.59
83633,148.74
83634,156.11
83636,2.49
83637,454.97
83638,668.4
83639,245.61
83641,227.12
83642,41.47
83643,3.48
83644,45.84
83645,416.95
83646,27.28
83647,1504.53
83648,9.97
83650,1455.96
83651,15.94
83654,377.48
83655,58.4
83656,0.26
83657,167.51
83660,124.34
83661,295.61
83666,10.2
83669,22.01
83670,67.56
83672,545.7
83676,40.77
83677,406.48
83686,87.71
83687,49.41
83702,31.35
83703,8.13
83704,8.75
83705,16.21
83706,7.43
83709,33.7
83712,22.95
83713,6.6
83714,54.19
83716,1039.09
83720,0.01
83725,0.06
83801,175.1
83802,236.0
83803,125.04
83804,52.9
83805,880.06
83806,24.79
83808,189.7
83809,16.91
83810,155.57
83811,106.24
83812,24.31
83813,41.41
83814,194.1
83815,15.62
83821,49.67
83822,34.43
83823,152.63
83824,73.98
83825,0.54
83826,11.77
83827,9.51
83830,60.78
83832,150.44
83833,105.18
83834,90.33
83835,99.4
83836,93.59
83837,60.08
83839,94.04
83840,0.3
83841,23.91
83842,19.05
83843,118.97
83844,0.59
83845,66.03
83846,35.67
83847,118.48
83848,55.73
83849,17.7
83850,94.25
83851,125.63
83852,2.49
83854,77.58
83855,111.09
83856,396.92
83857,67.29
83858,112.12
83860,116.42
83861,456.45
83864,402.2
83866,63.5
83867,4.21
83868,6.68
83869,65.83
83870,63.03
83871,112.03
83872,38.58
83873,254.95
83874,39.75
83876,120.62
84001,20.98
84002,38.15
84003,73.58
84004,30.96
84005,36.51
84006,25.94
84007,20.72
84008,1.92
84009,10.69
84010,38.02
84013,44.43
84014,12.86
84015,20.83
84017,525.73
84018,174.38
84020,27.16
84021,605.71
84022,144.16
84023,176.64
84024,7.77
84025,14.23
84026,37.03
84027,226.8
84028,48.91
84029,1295.17
84031,594.92
84032,328.45
84033,72.08
84034,356.12
84035,222.93
84036,331.86
84037,48.6
84038,64.24
84039,88.17
84040,24.25
84041,14.93
84042,7.93
84043,31.14
84044,73.3
84045,51.94
84046,112.81
84047,6.38
84049,74.65
84050,387.56
84051,50.06
84052,142.86
84053,31.16
84054,8.57
84055,126.29
84056,9.64
84057,6.16
84058,8.03
84059,5.34
84060,43.81
84061,54.79
84062,50.7
84063,86.39
84064,176.42
84065,20.64
84066,240.15
84067,8.2
84069,56.3
84070,7.34
84071,121.59
84072,159.47
84073,27.58
84074,174.28
84075,34.94
84076,7.85
84078,1337.16
84080,247.85
84081,15.47
84082,146.36
84083,607.21
84084,6.64
84085,97.12
84086,115.81
84087,13.86
84088,9.37
84092,54.3
84093,5.51
84094,5.08
84095,11.54
84096,71.06
84097,6.03
84098,71.83
84101,1.84
84102,1.93
84103,20.52
84104,21.58
84105,3.08
84106,6.04
84107,7.54
84108,72.25
84109,57.02
84111,1.36
84112,0.89
84113,0.19
84114,0.06
84115,6.07
84116,50.34
84117,5.62
84118,12.98
84119,11.51
84120,10.1
84121,64.45
84123,8.27
84124,7.72
84128,8.38
84129,6.67
84138,0.01
84150,0.04
84180,0.02
84301,2.82
84302,79.5
84304,4.37
84305,55.79
84306,23.06
84307,601.71
84308,13.95
84309,8.59
84310,105.88
84311,8.92
84312,24.85
84313,1520.95
84314,7.76
84315,17.85
84316,35.27
84317,217.51
84318,5.58
84319,101.35
84320,47.31
84321,220.1
84322,0.02
84324,22.04
84325,42.92
84326,3.58
84327,16.81
84328,47.64
84329,493.02
84330,35.89
84331,143.13
84332,3.99
84333,23.09
84334,0.45
84335,65.5
84336,362.66
84337,167.63
84338,9.5
84339,62.07
84340,32.16
84341,10.69
84401,30.67
84403,34.01
84404,96.27
84405,18.5
84408,0.49
84414,21.71
84501,215.56
84511,183.58
84512,296.22
84513,16.57
84515,117.48
84516,15.47
84518,65.45
84520,6.55
84521,49.77
84522,68.89
84523,115.31
84525,491.3
84526,193.66
84528,243.34
84529,40.31
84530,718.58
84531,272.94
84532,1580.08
84533,1817.72
84534,473.66
84535,903.65
84536,573.29
84537,122.99
84539,9.77
84540,1364.88
84542,16.41
84601,13.31
84602,0.18
84604,94.85
84606,11.58
84620,19.91
84621,5.78
84622,18.55
84623,16.64
84624,297.49
84626,107.12
84627,43.55
84628,10.39
84629,239.33
84630,53.18
84631,126.48
84632,38.1
84633,24.96
84634,69.09
84635,31.34
84636,64.84
84637,129.79
84638,45.5
84639,218.37
84640,73.54
84642,124.82
84643,47.4
84644,48.78
84645,78.5
84646,44.11
84647,103.1
84648,167.75
84649,152.24
84651,126.7
84652,14.88
84653,16.05
84654,261.14
84655,46.29
84656,3.79
84657,23.94
84660,362.18
84662,67.77
84663,109.66
84664,10.0
84665,21.69
84667,18.97
84701,229.12
84710,75.83
84711,5.06
84712,155.53
84713,156.07
84714,382.83
84715,30.82
84716,243.74
84718,16.1
84719,79.29
84720,341.48
84721,186.91
84722,101.35
84723,14.12
84724,4.07
84725,150.41
84726,345.9
84728,297.67
84729,77.93
84730,13.0
84731,98.9
84732,10.22
84733,59.42
84734,448.77
84735,137.35
84736,139.24
84737,250.13
84738,47.45
84739,27.32
84740,55.47
84741,1351.2
84742,57.28
84743,6.29
84744,107.78
84745,5.0
84746,19.25
84747,57.64
84749,90.1
84750,131.9
84751,308.88
84752,50.2
84753,278.74
84754,79.78
84755,72.03
84756,71.09
84757,53.78
84758,132.03
84759,463.27
84760,314.54
84761,127.11
84762,171.29
84763,14.4
84764,154.8
84765,48.09
84766,130.21
84767,228.07
84770,72.06
84772,1.46
84773,58.44
84774,25.33
84775,459.79
84776,10.08
84779,232.0
84780,61.77
84781,74.28
84782,20.88
84783,34.4
84784,4.23
84790,48.34
85003,1.86
85004,2.05
85006,3.97
85007,4.6
85008,10.23
85009,14.65
85012,2.25
85013,3.68
85014,4.04
85015,4.91
85016,8.2
85017,5.26
85018,15.08
85019,3.73
85020,8.78
85021,6.94
85022,9.4
85023,7.41
85024,11.72
85026,0.16
85027,11.72
85028,6.85
85029,9.36
85031,4.06
85032,12.36
85033,6.12
85034,11.57
85035,5.6
85037,8.18
85040,10.11
85041,15.99
85042,19.44
85043,20.31
85044,16.5
85045,3.97
85048,10.12
85050,14.9
85051,6.36
85053,5.17
85054,8.56
85083,19.93
85085,38.12
85086,61.32
85087,87.14
85118,148.67
85119,45.76
85120,23.09
85121,75.99
85122,56.39
85123,33.67
85128,166.65
85131,306.67
85132,601.28
85135,1.45
85137,234.37
85138,84.75
85139,502.78
85140,82.39
85141,61.29
85142,101.33
85143,31.27
85145,38.51
85147,70.74
85172,73.7
85173,47.69
85191,0.54
85192,326.08
85193,213.34
85194,80.74
85201,9.38
85202,6.24
85203,9.26
85204,9.91
85205,10.13
85206,9.39
85207,29.38
85208,8.14
85209,11.79
85210,6.68
85212,38.58
85213,9.22
85215,82.83
85224,9.43
85225,12.69
85226,38.44
85233,9.65
85234,11.94
85236,0.04
85248,30.55
85249,14.35
85250,8.41
85251,7.22
85253,18.1
85254,13.72
85255,88.21
85256,34.2
85257,6.87
85258,10.31
85259,20.73
85260,14.24
85262,155.2
85263,188.35
85264,427.97
85266,19.62
85268,20.48
85281,13.28
85282,11.1
85283,8.83
85284,7.82
85286,15.91
85295,12.06
85296,11.67
85297,10.73
85298,15.67
85301,9.31
85302,6.01
85303,6.76
85304,5.46
85305,6.13
85306,5.86
85307,10.4
85308,16.9
85309,3.57
85310,9.18
85320,271.75
85321,1343.78
85322,348.26
85323,17.74
85324,327.77
85325,718.38
85326,482.96
85328,178.83
85329,0.32
85331,131.13
85332,416.59
85333,627.86
85334,58.28
85335,11.97
85336,9.78
85337,353.97
85338,76.02
85339,258.18
85340,31.29
85341,168.55
85342,379.07
85343,6.38
85344,880.27
85345,12.69
85346,363.54
85347,210.01
85348,685.78
85349,22.57
85350,81.34
85351,10.88
85352,42.06
85353,21.45
85354,715.65
85355,34.61
85356,180.51
85357,425.2
85360,1069.32
85361,117.12
85362,62.67
85363,1.53
85364,38.38
85365,1349.03
85367,37.59
85371,9.3
85373,11.26
85374,12.79
85375,12.39
85377,8.59
85378,3.6
85379,10.74
85381,6.67
85382,9.92
85383,156.8
85387,60.02
85388,12.85
85390,475.59
85392,9.71
85395,18.59
85396,99.64
85501,549.67
85530,381.82
85531,4.47
85532,0.22
85533,953.35
85534,403.7
85535,3.88
85536,143.04
85539,77.15
85540,101.17
85541,808.49
85542,253.88
85543,380.26
85544,73.45
85545,396.01
85546,696.5
85550,428.27
85551,25.29
85552,29.18
85553,303.3
85554,828.19
85601,165.85
85602,847.54
85603,227.63
85605,324.2
85606,173.97
85607,778.36
85608,1.91
85609,118.93
85610,468.08
85611,382.42
85613,56.96
85614,131.85
85615,185.25
85616,150.32
85617,224.57
85618,259.57
85619,217.59
85620,1.15
85621,284.93
85622,77.14
85623,188.63
85624,338.99
85625,338.35
85626,0.98
85627,11.09
85629,236.48
85630,154.07
85631,118.59
85632,828.52
85633,215.28
85634,2805.29
85635,68.07
85637,124.56
85638,270.03
85639,118.24
85640,2.85
85641,343.41
85643,2206.71
85645,158.87
85646,69.16
85648,215.41
85650,41.29
85653,343.98
85654,0.07
85658,195.0
85701,1.48
85704,18.2
85705,13.63
85706,13.11
85707,4.12
85708,2.89
85709,0.39
85710,11.96
85711,8.62
85712,6.85
85713,23.83
85714,5.64
85715,6.55
85716,7.2
85718,23.64
85719,7.96
85721,0.02
85723,0.22
85724,0.04
85726,0.04
85730,37.52
85734,1.14
85735,174.78
85736,424.31
85737,23.71
85739,255.66
85741,9.51
85742,22.3
85743,118.25
85745,46.98
85746,115.86
85747,67.01
85748,11.96
85749,48.34
85750,18.17
85755,33.84
85756,93.65
85757,25.59
85901,263.1
85902,228.57
85911,347.41
85912,40.48
85920,105.45
85922,671.32
85923,60.64
85924,667.3
85925,82.68
85926,7.18
85927,111.76
85928,305.02
85929,34.09
85930,133.43
85931,312.69
85932,119.37
85933,95.79
85934,61.0
85935,45.15
85936,1119.31
85937,289.67
85938,241.52
85939,53.93
85940,98.23
85941,477.4
85942,5.93
86001,290.44
86003,36.82
86004,914.48
86005,151.44
86011,0.13
86015,17.31
86016,79.2
86017,102.79
86018,185.75
86020,1247.93
86021,172.36
86022,802.39
86023,422.44
86024,659.04
86025,737.13
86028,14.17
86029,28.45
86030,208.19
86031,471.66
86032,206.37
86033,1209.49
86034,486.2
86035,482.5
86036,1012.02
86038,136.38
86039,252.43
86040,887.88
86042,61.29
86043,114.42
86044,1146.01
86045,720.62
86046,917.41
86047,1676.29
86052,823.41
86053,624.11
86054,433.99
86301,33.4
86303,107.15
86305,588.51
86313,0.25
86314,26.58
86315,88.41
86320,806.84
86321,401.96
86322,319.45
86323,114.71
86324,259.82
86325,61.38
86326,45.46
86327,256.57
86329,16.63
86331,6.65
86332,535.1
86333,499.22
86334,254.46
86335,274.32
86336,203.67
86337,1708.39
86338,336.28
86343,78.92
86351,40.0
86401,1226.34
86403,11.02
86404,161.79
86406,244.45
86409,365.74
86411,300.19
86413,427.97
86426,34.89
86429,274.81
86431,72.78
86432,1075.84
86433,189.4
86434,882.4
86435,1169.3
86436,86.5
86437,90.61
86438,960.74
86440,123.61
86441,372.08
86442,28.16
86443,491.47
86444,522.14
86445,378.49
86502,883.58
86503,990.62
86504,201.62
86505,1073.62
86506,283.92
86507,216.23
86508,81.94
86510,695.33
86511,339.26
86512,466.77
86514,692.4
86515,115.63
86520,284.61
86535,217.11
86538,140.35
86540,241.02
86544,271.73
86545,392.21
86547,181.3
86556,216.73
87001,99.58
87002,598.28
87004,90.63
87005,22.92
87006,61.98
87007,125.83
87008,26.63
87010,166.68
87011,249.22
87012,75.38
87013,1131.94
87014,20.98
87015,131.58
87016,582.59
87017,220.69
87018,174.94
87020,901.95
87021,10.03
87022,0.92
87023,2.6
87024,132.0
87025,315.23
87026,390.69
87027,35.34
87028,82.79
87029,258.66
87031,255.5
87032,25.92
87034,279.84
87035,342.72
87036,1045.83
87037,369.19
87038,23.88
87040,10.58
87041,54.55
87042,4.5
87043,107.66
87044,42.24
87045,160.26
87046,87.88
87047,139.2
87048,10.99
87049,30.98
87051,51.95
87052,77.79
87053,172.38
87056,429.0
87059,141.64
87060,0.31
87061,90.86
87062,85.51
87063,397.41
87064,67.6
87068,37.2
87070,17.62
87072,17.78
87083,10.84
87101,0.04
87102,6.53
87104,4.2
87105,40.17
87106,35.82
87107,14.65
87108,5.88
87109,9.98
87110,8.77
87111,12.7
87112,8.13
87113,14.88
87114,20.94
87116,5.87
87117,39.22
87120,57.64
87121,336.91
87122,21.69
87123,28.85
87124,77.95
87144,100.39
87151,0.24
87301,39.48
87305,118.87
87310,91.93
87311,209.95
87312,81.52
87313,682.19
87315,302.09
87316,75.15
87317,13.01
87319,179.0
87320,90.71
87321,473.37
87322,16.65
87323,295.22
87325,503.8
87326,235.03
87327,377.13
87328,352.77
87347,104.65
87357,297.4
87364,188.96
87365,0.03
87375,167.64
87401,132.82
87402,15.52
87410,265.59
87412,477.11
87413,600.84
87415,17.01
87416,420.33
87417,11.12
87418,66.24
87419,255.45
87420,553.43
87421,32.73
87455,410.69
87461,240.21
87499,427.94
87501,50.61
87505,65.13
87506,309.04
87507,96.09
87508,169.24
87510,318.57
87511,51.31
87512,199.41
87513,39.06
87514,8.54
87515,215.45
87516,38.88
87517,80.33
87518,69.59
87519,28.59
87520,259.11
87521,100.93
87522,107.34
87523,2.09
87524,4.29
87525,18.66
87527,39.44
87528,436.92
87529,64.92
87530,164.53
87531,33.18
87532,109.45
87535,52.21
87537,141.58
87538,55.14
87539,76.67
87540,163.62
87543,18.98
87544,133.02
87547,6.49
87548,4.67
87549,128.12
87551,29.61
87552,204.28
87553,11.95
87554,36.99
87556,288.09
87557,138.9
87558,105.89
87560,386.94
87562,93.87
87564,37.62
87565,41.02
87566,21.92
87567,2.83
87569,80.39
87571,157.73
87573,83.16
87575,201.99
87577,330.52
87578,64.34
87579,127.84
87580,14.77
87581,136.53
87582,22.96
87583,11.99
87701,1601.8
87710,144.34
87711,183.73
87712,70.53
87713,71.6
87714,313.8
87715,44.1
87718,177.04
87722,119.67
87723,19.93
87724,67.37
87728,117.43
87729,87.6
87730,307.57
87731,77.65
87732,179.44
87733,314.33
87734,126.91
87735,17.24
87736,22.59
87740,1306.68
87742,70.68
87743,572.95
87745,177.69
87746,447.55
87747,708.56
87749,16.16
87750,10.04
87752,806.57
87753,182.97
87801,177.28
87820,165.9
87821,1625.03
87823,47.74
87824,140.19
87825,2349.05
87827,393.81
87828,3.37
87829,1375.9
87830,723.88
87831,14.94
87832,1195.95
87901,1080.4
87930,35.48
87931,166.7
87933,1.12
87935,38.39
87936,13.64
87937,174.26
87939,232.93
87940,62.81
87941,7.88
87942,144.37
87943,1494.96
88001,11.09
88002,51.13
88003,0.5
88004,0.21
88005,150.9
88007,328.58
88008,80.65
88009,1.86
88011,251.66
88012,348.8
88020,1248.63
88021,457.6
88022,11.36
88023,48.95
88024,0.27
88025,124.61
88026,4.71
88027,2.03
88028,183.22
88029,190.22
88030,2572.46
88034,61.79
88038,383.41
88039,823.0
88040,1163.29
88041,436.03
88042,660.6
88043,71.55
88044,594.34
88045,1397.95
88046,0.62
88047,6.45
88048,21.83
88049,474.3
88051,337.01
88052,6.09
88053,15.04
88055,330.94
88056,103.8
88061,897.23
88063,6.24
88065,0.64
88072,26.06
88081,376.78
88101,539.31
88103,4.48
88112,254.2
88113,34.45
88114,293.68
88115,1.03
88116,1434.79
88118,193.58
88119,1602.77
88120,335.44
88121,194.03
88124,749.11
88125,312.06
88126,66.07
88130,632.09
88132,224.46
88134,358.77
88135,143.15
88136,627.21
88201,2643.26
88203,1092.98
88210,1287.32
88220,1907.61
88230,285.7
88231,350.99
88232,515.61
88240,600.16
88242,70.37
88244,0.05
88250,733.94
88252,854.77
88253,218.39
88254,40.11
88255,3.58
88256,481.65
88260,814.92
88262,60.11
88263,120.38
88264,166.13
88265,75.27
88267,831.73
88268,0.15
88301,869.89
88310,618.93
88311,2.38
88312,71.16
88314,47.01
88316,909.64
88317,272.59
88318,1229.28
88321,935.41
88323,4.67
88324,39.85
88325,106.77
88330,25.62
88336,137.65
88337,40.45
88338,158.39
88339,344.91
88340,718.33
88341,155.96
88342,6.34
88343,284.61
88344,1111.84
88345,39.34
88346,52.18
88347,96.57
88348,31.0
88349,15.05
88350,46.4
88351,323.25
88352,299.02
88353,495.69
88354,160.82
88355,0.22
88401,970.3
88410,433.18
88411,266.69
88414,17.6
88415,1369.35
88416,81.44
88417,453.39
88418,563.16
88419,569.02
88421,223.21
88422,202.19
88424,886.3
88426,793.87
88427,210.2
88430,445.88
88431,156.56
88434,244.14
88435,1800.16
88436,138.16
88439,206.99
89001,508.35
89002,8.68
89003,244.26
89004,6.57
89005,92.3
89007,215.83
89008,1809.7
89010,384.31
89011,16.5
89012,10.71
89013,646.97
89014,7.64
89015,37.29
89017,639.72
89018,1.75
89019,499.57
89020,215.22
89021,51.58
89022,15.08
89025,248.54
89026,18.63
89027,12.49
89029,94.16
89030,9.47
89031,9.89
89032,9.99
89034,17.05
89039,59.94
89040,498.43
89042,109.08
89043,1433.04
89044,58.36
89045,1458.1
89046,864.5
89047,0.99
89048,85.95
89049,2455.79
89052,16.3
89054,5.91
89060,449.43
89061,64.04
89070,26.43
89074,9.07
89081,7.21
89084,14.71
89085,0.51
89086,2.99
89101,5.38
89102,5.34
89103,6.52
89104,5.73
89106,5.07
89107,5.63
89108,8.91
89109,4.12
89110,9.56
89113,10.77
89115,24.9
89117,9.19
89118,10.6
89119,12.9
89120,7.06
89121,9.18
89122,9.53
89123,10.36
89124,934.27
89128,5.99
89129,9.98
89130,7.7
89131,16.16
89134,6.67
89135,50.68
89138,18.2
89139,10.73
89141,10.52
89142,5.99
89143,3.51
89144,4.46
89145,4.24
89146,4.8
89147,7.36
89148,9.72
89149,13.03
89156,44.65
89158,0.23
89161,147.98
89166,174.84
89169,3.45
89178,22.58
89179,116.91
89183,7.0
89191,9.21
89301,2123.59
89310,2101.14
89311,793.87
89314,31.49
89315,2.52
89316,1631.46
89317,60.0
89318,36.35
89319,0.37
89402,0.27
89403,161.95
89404,426.54
89405,343.61
89406,1993.03
89408,464.14
89409,185.49
89410,231.16
89411,21.42
89412,3084.43
89413,15.79
89414,568.34
89415,378.44
89418,253.27
89419,412.81
89420,3.0
89421,928.3
89422,226.37
89423,74.87
89424,551.2
89425,636.71
89426,165.68
89427,310.86
89428,1.53
89429,236.23
89430,32.56
89431,9.23
89433,11.14
89434,125.46
89436,42.49
89437,26.8
89438,2.47
89439,16.26
89440,12.47
89441,49.67
89442,217.19
89444,211.0
89445,2817.81
89446,7.49
89447,853.79
89448,12.29
89449,10.03
89450,0.01
89451,42.19
89460,55.19
89496,158.81
89501,0.58
89502,21.46
89503,6.17
89506,91.12
89508,150.09
89509,8.82
89510,596.81
89511,131.59
89512,6.2
89519,6.5
89521,93.01
89523,18.88
89557,0.21
89701,34.82
89703,44.26
89704,76.42
89705,23.2
89706,34.51
89801,1212.65
89815,703.68
89820,2088.58
89821,505.31
89822,239.22
89823,233.84
89825,63.68
89826,23.99
89828,165.45
89830,215.32
89831,124.25
89832,175.03
89833,402.9
89834,1069.85
89835,1835.6
89883,290.29
90001,3.28
90002,2.99
90003,3.63
90004,3.05
90005,1.18
90006,1.93
90007,2.43
90008,2.89
90010,0.39
90011,4.29
90012,3.64
90013,0.71
90014,0.3
90015,1.69
90016,3.6
90017,0.71
90018,3.0
90019,3.87
90020,1.11
90021,1.98
90022,4.42
90023,4.32
90024,2.97
90025,2.55
90026,4.03
90027,8.12
90028,1.51
90029,1.38
90031,3.5
90032,4.81
90033,3.28
90034,3.1
90035,2.28
90036,2.46
90037,2.89
90038,1.55
90039,3.64
90040,5.57
90041,3.59
90042,4.52
90043,4.1
90044,5.1
90045,10.76
90046,5.67
90047,4.71
90048,1.89
90049,14.97
90052,0.14
90056,2.26
90057,0.88
90058,5.79
90059,3.16
90061,2.71
90062,1.91
90063,3.28
90064,3.72
90065,5.49
90066,4.81
90067,0.43
90068,8.0
90069,2.15
90071,0.13
90073,0.54
90077,7.26
90079,0.01
90089,0.33
90094,0.71
90095,0.4
90201,5.99
90210,10.74
90211,0.7
90212,0.95
90220,6.92
90221,5.38
90222,2.71
90230,4.54
90232,2.16
90240,3.01
90241,4.88
90242,4.52
90245,5.35
90247,3.76
90248,4.75
90249,2.97
90250,6.77
90254,1.43
90255,3.73
90260,2.47
90262,4.77
90263,0.23
90265,111.01
90266,4.05
90270,1.19
90272,23.81
90274,11.97
90275,13.53
90277,3.58
90278,3.67
90280,7.38
90290,18.73
90291,2.46
90292,2.1
90293,2.74
90301,2.48
90302,1.91
90303,1.94
90304,1.64
90305,2.61
90401,0.75
90402,2.04
90403,1.41
90404,1.97
90405,2.78
90501,5.69
90502,2.24
90503,5.27
90504,4.41
90505,5.85
90506,0.16
90601,10.6
90602,3.75
90603,3.16
90604,4.21
90605,6.39
90606,3.79
90620,6.37
90621,4.19
90623,1.81
90630,6.15
90631,13.97
90638,7.75
90639,0.14
90640,8.32
90650,9.9
90660,7.75
90670,8.32
90680,2.55
90701,1.63
90703,8.75
90704,76.09
90706,6.11
90710,2.33
90712,4.22
90713,3.47
90715,1.69
90716,0.92
90717,2.0
90720,6.08
90723,4.75
90731,9.25
90732,3.58
90740,11.06
90742,0.19
90743,0.13
90744,8.89
90745,8.23
90746,5.79
90747,0.02
90755,2.17
90802,6.53
90803,4.06
90804,2.16
90805,7.42
90806,4.89
90807,4.42
90808,6.87
90810,6.54
90813,3.08
90814,1.33
90815,7.05
90822,0.16
90831,0.02
90840,0.04
91001,8.26
91006,6.43
91007,5.51
91008,1.93
91010,6.43
91011,11.26
91016,8.48
91020,0.72
91024,3.49
91030,3.43
91040,8.32
91042,49.8
91046,0.01
91101,1.27
91103,4.59
91104,3.77
91105,4.2
91106,2.72
91107,8.46
91108,3.79
91125,0.18
91201,2.38
91202,4.92
91203,0.88
91204,1.04
91205,1.9
91206,5.76
91207,1.59
91208,7.39
91210,0.1
91214,7.28
91301,33.12
91302,27.45
91303,2.12
91304,9.72
91306,4.16
91307,8.14
91311,32.56
91316,5.46
91320,20.18
91321,26.66
91324,4.26
91325,4.82
91326,8.1
91330,0.5
91331,9.34
91335,6.57
91340,3.43
91342,45.44
91343,5.92
91344,14.46
91345,3.24
91350,15.87
91351,8.69
91352,11.6
91354,7.33
91355,13.15
91356,7.33
91360,15.36
91361,28.87
91362,18.99
91364,7.54
91367,7.49
91371,0.21
91377,5.39
91381,39.53
91384,103.6
91387,53.42
91390,158.12
91401,3.54
91402,3.73
91403,3.59
91405,3.4
91406,8.06
91411,1.95
91423,4.06
91436,5.22
91501,2.73
91502,1.34
91504,9.32
91505,5.35
91506,2.42
91601,2.64
91602,2.04
91604,4.74
91605,5.37
91606,3.33
91607,2.47
91608,0.59
91701,7.39
91702,65.03
91706,13.53
91708,8.09
91709,44.81
91710,22.03
91711,14.94
91722,4.12
91723,2.33
91724,6.24
91730,13.73
91731,3.8
91732,4.54
91733,6.75
91737,10.09
91739,28.42
91740,5.01
91741,20.37
91744,8.69
91745,12.95
91746,5.81
91748,14.18
91750,18.54
91752,15.08
91754,4.52
91755,3.15
91759,82.53
91761,28.49
91762,14.29
91763,5.3
91764,7.91
91765,18.57
91766,10.1
91767,5.68
91768,8.2
91770,6.52
91773,14.98
91775,3.1
91776,3.34
91780,3.85
91784,9.14
91786,8.94
91789,15.87
91790,5.76
91791,6.64
91792,3.84
91801,4.32
91803,3.26
91901,77.87
91902,11.22
91905,83.57
91906,105.15
91910,12.59
91911,12.73
91913,9.1
91914,6.64
91915,7.73
91916,61.9
91917,51.84
91931,8.2
91932,4.28
91934,51.46
91935,105.49
91941,8.22
91942,5.77
91945,3.95
91948,34.89
91950,7.34
91962,58.66
91963,41.25
91977,9.92
91978,11.94
91980,3.71
92003,15.02
92004,914.88
92007,2.31
92008,10.4
92009,12.19
92010,8.24
92011,6.54
92014,6.31
92019,31.73
92020,11.12
92021,28.04
92024,18.03
92025,22.37
92026,36.06
92027,59.67
92028,116.69
92029,22.56
92036,504.31
92037,12.05
92040,67.2
92054,7.47
92055,129.89
92056,12.31
92057,14.96
92058,44.27
92059,27.61
92060,68.87
92061,34.83
92064,42.34
92065,169.35
92066,22.06
92067,22.39
92069,18.47
92070,129.42
92071,18.85
92075,3.42
92078,16.7
92081,8.94
92082,125.68
92083,5.55
92084,28.34
92086,221.35
92091,1.29
92092,0.13
92093,0.89
92096,0.33
92101,5.38
92102,4.49
92103,3.68
92104,3.69
92105,5.76
92106,5.66
92107,3.02
92108,4.41
92109,7.61
92110,5.01
92111,8.48
92113,4.51
92114,8.29
92115,6.17
92116,3.38
92117,8.7
92118,7.69
92119,6.56
92120,7.68
92121,12.54
92122,5.38
92123,8.61
92124,9.78
92126,11.59
92127,22.67
92128,11.71
92129,13.08
92130,18.56
92131,38.64
92132,0.03
92134,0.08
92135,0.42
92136,0.95
92139,3.58
92140,0.54
92145,10.64
92147,0.09
92154,51.3
92155,0.39
92161,0.09
92173,2.88
92179,0.25
92182,0.21
92201,16.21
92203,18.46
92210,14.34
92211,14.82
92220,141.34
92222,2.76
92223,44.99
92225,580.97
92227,593.67
92230,11.68
92231,68.55
92233,152.05
92234,14.76
92236,61.86
92239,517.02
92240,35.71
92241,132.57
92242,45.22
92243,113.29
92249,19.86
92250,352.38
92251,247.37
92252,112.32
92253,40.44
92254,47.89
92256,63.35
92257,270.67
92258,10.38
92259,287.91
92260,31.33
92262,35.11
92264,50.9
92266,1184.95
92267,42.4
92268,69.68
92270,25.63
92273,3.23
92274,216.16
92275,40.54
92276,37.04
92277,1599.09
92278,0.39
92280,171.01
92281,13.2
92282,75.49
92283,332.09
92284,127.48
92285,272.17
92301,224.79
92304,47.67
92305,115.91
92307,187.45
92308,103.24
92309,358.49
92310,82.71
92311,424.42
92313,3.61
92314,36.61
92315,29.37
92316,11.51
92317,1.61
92320,13.95
92321,7.12
92322,3.29
92324,27.77
92325,8.74
92327,24.51
92328,1773.56
92332,941.0
92333,10.08
92335,17.46
92336,19.88
92337,13.7
92338,93.65
92339,78.94
92341,10.0
92342,98.24
92344,37.58
92345,98.88
92346,27.11
92347,171.64
92350,0.07
92352,11.53
92354,4.98
92356,365.57
92358,72.36
92359,19.2
92363,372.02
92364,524.83
92365,483.32
92368,49.67
92369,0.37
92371,132.09
92372,25.72
92373,39.84
92374,17.95
92376,13.32
92377,7.19
92378,0.8
92382,20.42
92384,231.87
92385,9.21
92386,2.3
92389,44.69
92391,1.98
92392,37.29
92394,32.04
92395,16.89
92397,47.59
92398,100.19
92399,53.64
92401,0.68
92404,31.59
92405,5.01
92407,81.66
92408,10.48
92410,8.24
92411,4.71
92415,0.07
92501,5.64
92503,34.33
92504,22.68
92505,10.18
92506,16.21
92507,21.41
92508,10.99
92509,30.72
92518,7.85
92521,0.72
92530,77.1
92532,15.24
92536,107.48
92539,130.26
92543,19.14
92544,170.77
92545,29.74
92548,13.08
92549,106.04
92551,6.15
92553,10.26
92555,65.76
92557,17.77
92561,163.85
92562,110.35
92563,22.63
92567,33.12
92570,106.27
92571,39.11
92582,18.41
92583,29.14
92584,29.11
92585,17.11
92586,6.45
92587,7.15
92590,54.37
92591,17.23
92592,110.16
92595,21.53
92596,57.94
92602,15.11
92603,9.99
92604,3.35
92606,3.45
92610,4.04
92612,6.4
92614,4.43
92617,2.23
92618,20.69
92620,5.91
92624,1.5
92625,2.56
92626,9.7
92627,6.4
92629,5.06
92630,10.54
92637,2.96
92646,8.05
92647,7.54
92648,8.05
92649,5.64
92651,22.06
92653,6.93
92655,0.9
92656,8.0
92657,8.3
92660,9.61
92661,0.65
92662,0.21
92663,3.29
92672,35.56
92673,10.3
92675,13.39
92676,69.45
92677,16.45
92678,38.15
92679,25.18
92683,9.72
92688,13.22
92691,8.78
92692,8.59
92694,40.15
92697,0.16
92701,3.22
92703,4.24
92704,7.41
92705,11.79
92706,3.54
92707,5.22
92708,9.1
92780,6.27
92782,5.17
92801,6.29
92802,4.55
92804,7.12
92805,6.23
92806,7.68
92807,10.95
92808,5.0
92821,14.13
92823,7.46
92831,5.95
92832,2.9
92833,7.67
92835,5.72
92840,5.15
92841,4.56
92843,3.96
92844,2.1
92845,2.23
92860,14.12
92861,2.09
92865,3.83
92866,1.91
92867,12.0
92868,3.44
92869,13.47
92870,6.73
92879,9.83
92880,26.17
92881,32.44
92882,11.75
92883,56.45
92886,12.96
92887,11.29
93001,96.59
93003,20.78
93004,7.03
93010,21.97
93012,50.14
93013,41.38
93015,92.79
93021,47.79
93022,3.14
93023,266.87
93030,14.11
93033,32.2
93035,5.03
93036,17.8
93040,372.12
93041,5.88
93042,27.55
93043,0.5
93060,92.45
93063,36.17
93064,6.61
93065,29.8
93066,42.08
93067,0.58
93101,3.2
93103,5.49
93105,139.75
93106,0.63
93108,27.86
93109,3.43
93110,8.09
93111,8.14
93117,168.08
93201,71.74
93202,1.54
93203,172.03
93204,70.62
93205,23.21
93206,163.85
93207,52.39
93208,7.71
93210,775.38
93212,118.53
93215,145.47
93218,65.65
93219,102.93
93220,27.44
93221,132.07
93222,108.51
93223,3.1
93224,35.59
93225,112.05
93226,75.96
93227,0.09
93230,258.06
93234,134.95
93235,4.15
93237,4.53
93238,109.62
93239,58.18
93240,57.95
93241,5.05
93242,40.71
93243,163.41
93244,7.85
93245,118.9
93246,21.18
93247,65.79
93249,203.24
93250,89.57
93251,107.16
93252,446.54
93254,200.92
93255,237.96
93256,74.63
93257,378.87
93258,0.98
93260,37.22
93261,5.78
93262,262.43
93263,92.25
93265,389.68
93266,59.31
93267,61.73
93268,68.12
93270,67.44
93271,152.41
93272,83.98
93274,219.24
93276,4.27
93277,39.43
93280,315.98
93283,261.11
93285,54.4
93286,72.58
93287,71.79
93291,84.2
93292,114.75
93301,4.29
93304,7.47
93305,5.79
93306,97.34
93307,141.2
93308,344.6
93309,10.45
93311,212.91
93312,14.17
93313,100.56
93314,88.94
93401,64.17
93402,27.75
93405,89.72
93407,0.85
93408,0.02
93409,0.4
93410,0.44
93420,197.43
93422,68.79
93424,20.14
93426,216.76
93427,69.48
93428,77.28
93429,6.9
93430,71.74
93432,84.54
93433,2.16
93434,22.81
93436,228.04
93437,49.61
93440,44.09
93441,38.62
93442,44.54
93444,65.4
93445,17.02
93446,428.34
93449,9.91
93450,180.73
93451,447.22
93452,114.16
93453,691.38
93454,418.29
93455,118.33
93458,28.42
93460,220.07
93461,294.21
93463,33.9
93465,84.64
93501,222.01
93505,65.0
93510,80.08
93512,100.82
93513,396.76
93514,1007.1
93516,28.57
93517,337.43
93518,324.31
93519,137.31
93522,49.09
93523,37.85
93524,72.44
93526,53.52
93527,350.22
93528,2.45
93529,74.94
93530,1.15
93531,19.49
93532,122.03
93534,18.96
93535,238.98
93536,254.36
93541,317.36
93543,67.69
93544,114.97
93545,391.12
93546,235.35
93549,494.49
93550,259.25
93551,84.76
93552,38.44
93553,57.2
93554,135.07
93555,78.09
93558,40.42
93560,167.93
93561,301.82
93562,89.5
93563,37.81
93581,2.6
93591,74.32
93601,39.62
93602,111.04
93603,107.68
93604,44.43
93605,14.86
93606,0.69
93608,118.41
93609,60.97
93610,263.16
93611,10.3
93612,6.75
93614,128.46
93615,16.09
93616,13.78
93618,66.9
93619,186.52
93620,161.27
93621,76.45
93622,455.35
93623,18.73
93624,144.14
93625,23.97
93626,99.49
93627,62.35
93628,62.72
93630,162.22
93631,82.54
93633,4.84
93634,1162.28
93635,390.74
93636,197.53
93637,280.41
93638,90.26
93640,157.93
93641,63.25
93643,152.5
93644,117.12
93645,59.69
93646,34.29
93647,93.13
93648,22.12
93650,0.62
93651,16.28
93652,2.06
93653,213.95
93654,100.5
93656,113.22
93657,225.81
93660,48.76
93662,77.86
93664,188.12
93665,0.52
93666,0.21
93667,117.75
93668,47.57
93669,7.07
93670,0.05
93673,0.78
93675,99.3
93701,1.52
93702,5.17
93703,4.76
93704,5.4
93705,4.86
93706,158.49
93710,6.17
93711,11.22
93720,10.44
93721,2.04
93722,19.3
93723,41.07
93725,67.0
93726,6.38
93727,21.98
93728,3.04
93730,7.87
93737,9.76
93740,0.87
93741,0.11
93901,9.59
93905,9.24
93906,13.26
93907,54.53
93908,240.95
93920,158.49
93921,0.95
93923,202.72
93924,187.01
93925,49.93
93926,67.16
93927,210.12
93928,38.4
93930,343.25
93932,75.88
93933,10.67
93940,35.14
93943,0.2
93944,0.34
93950,2.81
93953,8.1
93954,59.68
93955,26.3
93960,174.13
93962,0.12
94002,5.62
94005,4.58
94010,15.12
94014,6.39
94015,5.66
94018,0.58
94019,59.74
94020,41.98
94021,10.95
94022,17.72
94024,8.27
94025,8.37
94027,5.03
94028,17.32
94030,3.37
94037,5.5
94038,5.95
94040,3.66
94041,1.59
94043,8.46
94044,15.09
94060,73.45
94061,3.86
94062,64.66
94063,6.5
94065,2.29
94066,6.06
94070,6.12
94074,23.12
94080,10.18
94085,3.51
94086,4.37
94087,6.59
94089,6.08
94102,0.66
94103,1.37
94104,0.08
94105,0.5
94107,1.86
94108,0.26
94109,1.08
94110,2.39
94111,0.33
94112,3.34
94114,1.38
94115,1.14
94116,2.53
94117,1.27
94118,2.01
94121,2.53
94122,3.26
94123,1.08
94124,4.77
94127,1.86
94128,3.35
94129,2.35
94130,0.88
94131,2.02
94132,3.13
94133,0.66
94134,2.56
94158,0.61
94188,0.09
94301,2.37
94303,8.44
94304,4.81
94305,4.78
94306,4.09
94401,3.11
94402,5.05
94403,5.63
94404,4.35
94501,7.97
94502,2.52
94503,27.03
94505,16.67
94506,18.66
94507,11.2
94508,16.01
94509,17.44
94510,29.17
94511,5.25
94512,22.21
94513,78.86
94514,30.01
94515,115.53
94516,3.61
94517,47.73
94518,5.54
94519,4.54
94520,9.87
94521,9.68
94523,7.21
94525,2.45
94526,13.17
94528,1.15
94530,4.33
94531,14.03
94533,22.53
94534,77.55
94535,9.6
94536,14.08
94538,16.54
94539,25.07
94541,7.45
94542,8.65
94544,10.95
94545,14.48
94546,15.96
94547,5.67
94548,2.31
94549,19.85
94550,271.98
94551,82.74
94552,51.8
94553,61.64
94555,13.86
94556,19.28
94558,399.85
94559,41.37
94560,20.08
94561,17.34
94562,0.28
94563,20.52
94564,6.83
94565,45.29
94566,20.32
94567,72.3
94568,16.49
94569,1.29
94571,109.1
94572,9.19
94573,1.54
94574,124.29
94575,0.16
94576,0.28
94577,8.11
94578,4.56
94579,3.13
94580,3.32
94582,13.41
94583,21.24
94585,106.19
94586,55.73
94587,19.63
94588,32.74
94589,5.66
94590,6.56
94591,21.1
94592,8.01
94595,5.22
94596,6.06
94597,4.05
94598,20.61
94599,7.95
94601,3.2
94602,3.64
94603,2.7
94605,8.83
94606,2.33
94607,5.89
94608,2.75
94609,1.67
94610,2.09
94611,7.3
94612,0.96
94613,0.25
94618,2.42
94619,8.35
94621,8.51
94702,1.28
94703,1.29
94704,0.85
94705,3.38
94706,1.46
94707,1.76
94708,3.33
94709,0.68
94710,2.16
94720,0.7
94801,11.53
94803,12.82
94804,6.48
94805,1.87
94806,7.85
94901,13.1
94903,19.88
94904,4.95
94920,6.51
94922,4.36
94923,19.3
94924,27.45
94925,3.21
94928,7.75
94929,0.95
94930,14.24
94931,7.74
94933,3.21
94937,56.22
94938,9.48
94939,2.36
94940,26.2
94941,37.71
94945,23.3
94946,37.22
94947,21.94
94949,13.42
94950,4.85
94951,12.85
94952,198.52
94954,62.18
94956,34.71
94957,1.42
94960,5.88
94963,1.6
94964,0.46
94965,14.58
94970,7.23
94971,22.17
94972,4.56
94973,3.95
95002,9.58
95003,32.43
95004,21.96
95005,11.81
95006,55.17
95007,1.59
95008,6.46
95010,1.38
95012,12.91
95013,1.77
95014,24.86
95017,62.44
95018,17.44
95019,1.09
95020,151.78
95023,394.83
95030,10.54
95032,18.67
95033,89.45
95035,22.43
95037,120.08
95039,17.39
95041,0.19
95043,765.01
95045,47.33
95046,18.81
95050,5.46
95051,6.59
95053,0.15
95054,6.42
95060,54.55
95062,5.05
95064,1.7
95065,10.94
95066,18.72
95070,28.32
95073,22.9
95075,91.95
95076,135.1
95110,4.55
95111,5.81
95112,7.27
95113,0.35
95116,3.56
95117,2.32
95118,4.07
95119,4.25
95120,39.3
95121,4.45
95122,4.78
95123,7.82
95124,6.59
95125,7.28
95126,3.32
95127,19.03
95128,3.93
95129,4.56
95130,1.44
95131,5.78
95132,27.35
95133,3.26
95134,10.81
95135,129.44
95136,5.2
95138,26.04
95139,1.21
95140,76.85
95148,7.88
95202,1.06
95203,6.17
95204,5.3
95205,8.99
95206,133.24
95207,7.25
95209,8.24
95210,7.6
95211,0.1
95212,21.18
95215,92.82
95219,116.86
95220,58.06
95221,0.23
95222,151.8
95223,426.79
95224,11.52
95225,9.69
95226,3.86
95227,38.06
95228,91.4
95230,136.88
95231,10.76
95232,4.95
95233,1.61
95236,127.52
95237,7.41
95240,68.19
95242,90.87
95245,69.81
95246,69.07
95247,47.02
95248,31.58
95249,81.23
95251,12.22
95252,114.0
95253,1.68
95254,4.88
95255,44.13
95257,11.76
95258,3.22
95301,76.06
95303,28.89
95304,153.47
95305,58.26
95306,166.49
95307,32.83
95309,0.02
95310,44.73
95311,242.09
95312,0.98
95313,45.74
95315,18.94
95316,81.8
95317,46.19
95318,57.11
95319,2.53
95320,88.73
95321,449.1
95322,169.39
95323,31.31
95324,40.16
95325,29.76
95326,26.5
95327,158.76
95328,0.9
95329,116.57
95330,21.53
95333,122.32
95334,56.47
95335,41.06
95336,38.34
95337,45.43
95338,340.09
95340,51.96
95341,146.83
95345,38.02
95346,5.11
95348,58.99
95350,8.84
95351,8.89
95354,7.65
95355,9.35
95356,22.21
95357,39.35
95358,116.27
95360,61.81
95361,217.41
95363,478.31
95364,197.07
95365,3.67
95366,34.32
95367,5.25
95368,3.06
95369,156.09
95370,103.1
95372,2.42
95374,44.45
95375,13.95
95376,7.62
95377,109.96
95379,25.89
95380,77.16
95382,10.95
95383,66.22
95385,26.85
95386,94.68
95387,21.52
95388,37.7
95389,300.72
95391,26.85
95401,20.9
95403,21.54
95404,75.39
95405,5.02
95407,21.61
95409,34.98
95410,30.02
95412,90.32
95415,55.29
95417,24.0
95419,0.06
95420,7.28
95421,143.39
95422,26.88
95423,122.43
95425,191.81
95426,28.66
95427,56.37
95428,274.67
95429,25.41
95430,0.24
95431,0.12
95432,72.02
95435,0.01
95436,21.25
95437,177.4
95439,2.67
95441,157.17
95442,24.98
95443,4.17
95444,0.31
95445,89.19
95446,31.05
95448,184.84
95449,138.52
95450,37.38
95451,92.86
95452,16.56
95453,87.03
95454,306.55
95456,11.33
95457,147.93
95458,34.89
95459,59.34
95460,34.58
95461,123.29
95462,3.62
95463,7.23
95464,2.54
95465,48.08
95466,102.8
95467,7.36
95468,60.7
95469,184.58
95470,69.56
95471,3.55
95472,70.26
95476,107.84
95480,5.39
95482,294.16
95485,86.98
95486,0.02
95488,61.34
95490,430.12
95492,19.79
95493,7.86
95494,124.65
95497,15.24
95501,7.34
95503,83.74
95511,41.26
95514,102.86
95519,53.77
95521,60.38
95524,8.12
95525,92.72
95526,126.16
95527,143.7
95528,87.88
95531,189.4
95536,162.77
95537,0.3
95538,1.89
95540,34.07
95542,219.53
95543,141.24
95545,135.97
95546,87.47
95547,10.39
95548,55.84
95549,138.76
95550,135.75
95551,42.39
95552,136.89
95553,70.16
95554,32.67
95555,111.25
95556,167.84
95558,168.45
95559,18.4
95560,16.69
95562,16.58
95563,66.07
95564,3.36
95565,33.69
95567,62.5
95568,97.0
95569,54.81
95570,52.39
95571,6.58
95573,119.99
95585,58.64
95587,19.14
95589,152.79
95595,552.76
95601,2.06
95602,49.66
95603,35.76
95604,0.05
95605,3.9
95606,37.97
95607,132.75
95608,13.23
95610,7.93
95612,63.61
95613,1.13
95614,31.76
95615,21.16
95616,29.85
95618,32.13
95619,5.94
95620,241.27
95621,6.68
95623,44.66
95624,45.55
95625,0.92
95626,37.7
95627,52.32
95628,12.89
95629,57.03
95630,26.19
95631,173.98
95632,113.26
95633,39.46
95634,118.61
95635,29.55
95636,11.47
95637,42.49
95638,80.23
95639,4.63
95640,131.4
95641,41.98
95642,66.48
95645,123.8
95646,53.39
95648,144.3
95650,22.87
95651,13.37
95652,3.74
95653,5.49
95655,9.53
95658,23.3
95659,45.93
95660,6.35
95661,8.95
95662,10.81
95663,8.7
95664,36.74
95665,20.26
95666,83.97
95667,169.08
95668,64.98
95669,75.72
95670,12.92
95671,1.48
95672,21.75
95673,16.25
95674,31.86
95675,0.2
95676,1.26
95677,9.72
95678,11.42
95679,5.91
95680,2.33
95681,15.61
95682,89.88
95683,86.36
95684,159.81
95685,39.98
95686,32.39
95687,44.56
95688,91.97
95689,25.26
95690,51.59
95691,39.03
95692,57.22
95693,58.66
95694,133.32
95695,145.61
95697,0.27
95698,38.39
95699,3.49
95701,31.75
95703,8.88
95709,23.79
95713,60.77
95714,3.6
95715,33.82
95717,19.5
95720,155.8
95721,4.52
95722,10.44
95726,142.95
95728,27.99
95735,43.77
95736,0.23
95742,50.44
95746,18.4
95747,42.11
95757,64.5
95758,13.62
95762,41.59
95765,12.52
95776,88.2
95811,2.32
95814,1.4
95815,7.65
95816,2.73
95817,2.26
95818,3.86
95819,3.61
95820,5.27
95821,7.06
95822,8.4
95823,11.48
95824,3.99
95825,4.66
95826,10.54
95827,8.95
95828,12.4
95829,20.31
95830,13.01
95831,7.0
95832,8.31
95833,8.09
95834,9.96
95835,8.88
95837,14.38
95838,9.21
95841,3.9
95842,3.97
95843,6.52
95864,6.28
95901,200.2
95903,20.44
95910,32.92
95912,152.41
95913,17.36
95914,21.89
95915,36.21
95916,84.67
95917,80.7
95918,55.69
95919,26.79
95920,69.08
95922,51.88
95923,10.16
95925,35.28
95926,7.78
95928,145.39
95929,0.01
95930,7.51
95932,142.64
95934,21.54
95935,25.81
95936,43.93
95937,53.2
95938,68.15
95939,257.04
95941,35.43
95942,69.15
95943,63.59
95944,9.41
95945,61.14
95946,44.72
95947,85.41
95948,75.57
95949,136.94
95950,52.86
95951,19.57
95953,116.16
95954,126.83
95955,130.93
95956,59.21
95957,93.0
95958,6.65
95959,311.9
95960,41.6
95961,45.85
95962,37.95
95963,325.35
95965,311.42
95966,170.15
95968,1.8
95969,50.7
95970,32.1
95971,150.84
95972,1.08
95973,300.1
95974,0.42
95975,9.44
95977,37.66
95978,0.04
95979,234.21
95981,53.09
95982,42.57
95983,85.33
95984,75.57
95986,10.88
95987,316.98
95988,328.63
95991,41.12
95993,84.28
96001,72.41
96002,30.57
96003,111.15
96006,201.82
96007,122.48
96008,61.81
96009,202.94
96010,383.85
96011,116.01
96013,153.41
96014,154.73
96015,234.16
96016,42.69
96017,93.4
96019,19.32
96020,56.31
96021,249.6
96022,248.58
96023,214.55
96024,104.64
96025,103.5
96027,419.19
96028,168.19
96029,24.38
96031,314.93
96032,519.65
96033,144.75
96034,112.0
96035,42.54
96037,2.74
96038,18.27
96039,264.16
96040,51.51
96041,335.54
96044,220.61
96046,141.17
96047,248.28
96048,155.42
96050,258.66
96051,343.43
96052,111.17
96054,117.79
96055,95.22
96056,216.08
96057,106.54
96058,364.69
96059,63.53
96061,34.07
96062,67.12
96063,12.96
96064,487.0
96065,137.07
96067,76.38
96068,28.62
96069,92.86
96071,25.78
96073,45.23
96074,90.69
96075,90.69
96076,221.37
96078,0.12
96080,647.54
96084,54.26
96085,55.3
96086,203.14
96087,42.72
96088,173.02
96090,3.06
96091,425.46
96092,66.52
96093,99.6
96094,200.39
96096,103.61
96097,181.73
96101,596.55
96103,97.28
96104,238.1
96105,254.08
96106,22.06
96107,95.73
96108,187.42
96109,214.05
96110,117.94
96111,4.77
96112,127.59
96113,21.85
96114,65.55
96115,111.95
96116,176.46
96117,324.33
96118,170.71
96119,133.24
96120,226.47
96121,33.2
96122,64.03
96123,336.23
96124,53.11
96125,92.77
96126,28.72
96128,22.63
96129,116.0
96130,499.89
96132,122.12
96133,13.05
96134,329.48
96135,34.83
96136,144.81
96137,142.19
96140,10.34
96141,28.87
96142,15.99
96143,9.23
96145,17.71
96146,40.43
96148,2.09
96150,163.17
96155,37.74
96161,262.64
96701,25.27
96703,32.44
96704,246.39
96705,3.37
96706,17.07
96707,43.41
96708,59.54
96710,40.25
96712,42.26
96713,165.11
96714,78.25
96716,3.88
96717,24.73
96719,5.83
96720,287.77
96722,16.22
96725,96.23
96726,20.49
96727,189.52
96728,4.16
96729,37.69
96730,1.06
96731,9.71
96732,11.87
96734,21.73
96737,45.89
96738,79.85
96740,242.37
96741,31.86
96742,11.99
96743,292.33
96744,33.77
96746,29.83
96747,0.55
96748,122.83
96749,59.77
96750,19.77
96751,0.54
96752,42.57
96753,36.37
96754,29.68
96755,56.71
96756,24.36
96757,15.44
96759,0.16
96760,19.99
96761,95.3
96762,12.39
96763,141.07
96764,2.43
96765,0.64
96766,93.69
96768,43.28
96769,18.15
96770,72.51
96771,76.85
96772,207.41
96773,68.51
96774,32.96
96776,56.59
96777,93.49
96778,211.5
96779,11.64
96780,1.77
96781,51.57
96782,29.44
96783,8.3
96785,73.21
96786,89.2
96789,26.37
96790,202.93
96791,36.52
96792,61.06
96793,76.1
96795,11.47
96796,1.87
96797,19.26
96813,3.55
96814,1.22
96815,2.2
96816,9.57
96817,9.3
96818,10.79
96819,21.85
96820,0.06
96821,11.57
96822,8.03
96825,10.89
96826,1.07
96848,0.07
96850,0.02
96853,0.16
96857,0.53
96858,0.02
96859,0.04
96860,0.93
96863,0.75
97001,294.73
97002,41.49
97003,4.71
97004,43.23
97005,5.13
97006,7.23
97007,18.67
97008,5.3
97009,30.71
97011,4.57
97013,58.94
97014,145.88
97015,8.83
97016,229.97
97017,45.23
97018,0.82
97019,78.77
97020,0.28
97021,261.89
97022,23.26
97023,196.5
97024,3.45
97026,33.78
97027,2.51
97028,38.03
97029,272.1
97030,7.49
97031,149.61
97032,17.88
97033,179.11
97034,7.74
97035,5.82
97037,524.87
97038,130.84
97039,112.7
97040,52.9
97041,159.07
97042,23.78
97045,86.79
97048,97.84
97049,156.94
97050,8.2
97051,57.53
97053,12.81
97054,39.73
97055,112.61
97056,110.72
97057,0.43
97058,325.2
97060,17.49
97062,14.2
97063,140.04
97064,97.67
97065,251.5
97067,22.73
97068,22.39
97070,17.76
97071,51.67
97078,6.29
97080,21.64
97086,10.48
97089,21.62
97101,50.11
97102,8.36
97103,163.32
97106,44.03
97107,17.69
97108,98.61
97109,26.99
97110,6.13
97111,38.02
97112,113.54
97113,34.94
97114,59.58
97115,10.84
97116,82.07
97117,39.7
97118,0.93
97119,94.39
97121,7.56
97122,27.99
97123,55.67
97124,45.15
97125,5.13
97127,0.86
97128,112.22
97130,1.11
97131,138.88
97132,62.64
97133,76.81
97134,0.44
97135,3.43
97136,19.53
97137,45.11
97138,145.98
97140,44.58
97141,258.94
97144,16.37
97145,2.55
97146,25.63
97147,0.51
97148,91.59
97149,25.01
97201,1.91
97202,6.27
97203,10.78
97204,0.25
97205,0.94
97206,6.45
97208,0.02
97209,1.03
97210,8.9
97211,7.14
97212,2.73
97213,4.03
97214,2.91
97215,2.34
97216,2.52
97217,11.14
97218,6.66
97219,11.7
97220,7.51
97221,4.41
97222,8.65
97223,11.06
97224,9.05
97225,6.66
97227,1.43
97229,19.65
97230,13.92
97231,62.74
97232,1.87
97233,4.64
97236,7.72
97239,3.58
97258,0.0
97266,6.06
97267,7.23
97301,11.31
97302,23.45
97303,24.92
97304,56.82
97305,47.22
97306,32.41
97310,0.18
97317,55.23
97321,69.15
97322,63.25
97324,194.95
97325,30.22
97326,116.99
97327,71.7
97329,58.06
97330,77.96
97331,0.54
97333,112.05
97335,1.51
97336,0.42
97338,124.81
97341,9.91
97342,83.97
97343,139.15
97344,11.53
97345,42.73
97346,43.95
97347,47.31
97348,67.56
97350,110.38
97351,52.25
97352,48.66
97355,214.33
97357,18.98
97358,88.35
97360,13.52
97361,132.94
97362,23.36
97364,0.3
97365,41.47
97366,10.67
97367,45.73
97368,60.85
97369,2.11
97370,178.52
97371,31.71
97373,0.05
97374,129.58
97375,47.73
97376,60.74
97377,44.71
97378,116.73
97380,59.89
97381,110.03
97383,47.65
97384,0.03
97385,35.5
97386,125.95
97388,6.41
97389,35.61
97390,123.86
97391,115.34
97392,42.26
97394,51.67
97396,54.59
97401,9.28
97402,68.63
97403,4.23
97404,9.62
97405,129.15
97406,180.29
97408,49.76
97410,150.74
97411,128.61
97412,84.5
97413,473.74
97414,45.16
97415,305.29
97416,60.59
97417,28.6
97419,32.78
97420,273.94
97423,126.57
97424,246.21
97426,75.01
97429,97.21
97430,82.04
97431,42.12
97432,0.08
97434,104.2
97435,98.99
97436,96.68
97437,22.51
97438,122.55
97439,168.31
97441,27.64
97442,84.85
97443,86.12
97444,163.13
97446,123.02
97447,266.74
97448,138.07
97449,45.17
97450,79.04
97451,74.55
97452,25.38
97453,112.69
97454,60.3
97455,25.69
97456,91.86
97457,164.04
97458,360.93
97459,109.25
97461,42.07
97462,219.7
97463,48.75
97465,113.85
97466,48.53
97467,327.86
97469,57.46
97470,180.91
97471,182.03
97473,57.78
97476,52.59
97477,12.42
97478,168.4
97479,67.5
97480,66.51
97481,7.5
97484,128.29
97486,68.45
97487,72.76
97488,148.07
97489,29.73
97490,96.29
97492,46.35
97493,52.01
97494,0.92
97495,7.33
97496,88.06
97497,165.98
97498,108.0
97499,124.57
97501,45.34
97502,82.06
97503,81.71
97504,43.31
97520,328.83
97522,46.74
97523,250.33
97524,359.34
97525,108.22
97526,140.73
97527,219.77
97530,464.08
97531,3.72
97532,84.4
97534,25.62
97535,3.28
97536,70.2
97537,124.1
97538,191.19
97539,21.83
97540,44.95
97541,209.87
97543,47.64
97544,76.29
97601,577.77
97603,340.62
97604,87.09
97620,388.74
97621,164.37
97622,178.97
97623,356.5
97624,611.06
97625,50.54
97626,114.75
97627,32.21
97630,1047.88
97632,63.78
97633,28.52
97634,3.27
97635,52.15
97636,288.69
97637,137.23
97638,390.67
97639,57.12
97640,364.86
97641,664.7
97701,311.78
97702,103.5
97703,269.8
97707,62.72
97709,88.53
97710,788.14
97711,276.01
97712,134.54
97720,1167.39
97721,1588.08
97722,480.27
97730,25.78
97731,67.27
97732,124.7
97733,378.46
97734,173.42
97735,237.16
97736,897.26
97737,22.75
97738,253.4
97739,305.05
97741,363.88
97750,626.19
97751,251.28
97752,222.2
97753,108.75
97754,1370.59
97756,126.34
97758,613.97
97759,545.7
97760,91.19
97761,365.44
97801,496.19
97810,263.9
97812,460.8
97813,53.81
97814,828.68
97817,217.5
97818,212.93
97819,52.54
97820,362.75
97823,676.65
97824,235.05
97825,248.42
97826,335.28
97827,207.09
97828,691.31
97830,450.16
97833,125.64
97834,285.02
97835,155.41
97836,945.44
97837,141.18
97838,202.4
97839,175.26
97840,122.92
97841,15.51
97842,1074.83
97843,372.34
97844,32.98
97845,113.56
97846,449.85
97848,205.91
97850,320.24
97856,540.83
97857,256.36
97859,109.47
97862,292.91
97864,265.01
97865,357.79
97867,150.39
97868,424.72
97869,290.99
97870,96.33
97873,106.6
97874,280.46
97875,58.24
97876,57.92
97877,199.58
97880,312.52
97882,18.84
97883,318.38
97884,104.08
97885,316.47
97886,145.31
97901,140.23
97902,13.72
97903,115.62
97904,568.04
97905,183.19
97906,1418.74
97907,368.2
97908,519.09
97909,62.59
97910,3931.23
97911,559.18
97913,392.07
97914,260.16
97917,179.36
97918,584.79
97920,216.25
98001,18.64
98002,7.16
98003,11.5
98004,7.27
98005,7.34
98006,11.24
98007,4.32
98008,5.56
98010,14.87
98011,7.05
98012,15.66
98014,87.22
98019,35.66
98020,5.17
98021,10.15
98022,726.53
98023,10.26
98024,22.08
98025,2.34
98026,9.38
98027,57.18
98028,6.15
98029,10.17
98030,7.19
98031,7.73
98032,16.96
98033,9.2
98034,9.81
98036,9.59
98037,5.78
98038,65.81
98039,1.44
98040,6.38
98042,27.79
98043,4.05
98045,172.28
98047,2.14
98050,1.86
98051,53.94
98052,20.26
98053,27.65
98055,4.46
98056,7.58
98057,6.16
98058,18.82
98059,16.17
98065,70.37
98068,245.3
98070,36.93
98072,17.99
98074,10.49
98075,9.63
98077,17.29
98087,5.75
98092,42.9
98101,0.53
98102,1.27
98103,4.58
98104,0.95
98105,3.84
98106,5.49
98107,2.17
98108,7.38
98109,1.93
98110,27.61
98112,3.2
98115,6.56
98116,3.0
98117,3.87
98118,6.24
98119,2.41
98121,0.44
98122,2.34
98125,5.43
98126,3.1
98133,7.13
98134,3.32
98136,2.29
98144,3.37
98146,4.62
98148,2.71
98154,0.0
98155,7.54
98158,2.23
98164,0.0
98166,5.78
98168,8.76
98174,0.0
98177,5.64
98178,4.9
98188,8.07
98195,0.39
98198,7.72
98199,4.24
98201,18.75
98203,11.83
98204,7.18
98207,0.25
98208,15.24
98220,20.29
98221,51.93
98222,6.61
98223,316.15
98224,62.37
98225,12.57
98226,105.8
98229,50.17
98230,42.53
98232,53.98
98233,33.16
98235,0.34
98236,23.04
98237,417.44
98238,0.22
98239,31.03
98240,22.26
98241,422.27
98243,3.03
98244,463.66
98245,35.44
98247,66.73
98248,71.81
98249,15.92
98250,61.12
98251,160.65
98252,238.67
98253,10.94
98255,0.66
98256,75.56
98257,18.48
98258,37.06
98260,26.25
98261,29.81
98262,9.25
98263,0.24
98264,57.15
98266,50.55
98267,333.89
98270,14.26
98271,45.31
98272,106.29
98273,83.94
98274,143.07
98275,7.31
98276,0.71
98277,57.25
98278,4.22
98279,13.63
98280,6.19
98281,4.89
98282,40.36
98283,467.98
98284,281.31
98286,7.7
98288,346.41
98290,117.5
98292,76.81
98294,54.15
98295,31.27
98296,34.52
98297,4.52
98303,7.93
98304,333.5
98305,244.42
98310,5.5
98311,11.2
98312,65.74
98314,0.12
98315,11.09
98320,136.82
98321,35.52
98323,98.81
98325,27.68
98326,290.46
98327,6.84
98328,229.09
98329,26.0
98330,1.34
98331,929.86
98332,20.67
98333,5.19
98335,22.15
98336,66.93
98337,1.48
98338,53.95
98339,12.13
98340,7.48
98342,2.71
98345,0.5
98346,29.11
98349,20.66
98350,1.52
98351,9.05
98353,0.8
98354,2.83
98355,166.16
98356,125.83
98357,42.48
98358,6.32
98359,13.88
98360,67.74
98361,344.88
98362,122.97
98363,478.36
98364,0.04
98365,37.17
98366,23.41
98367,73.53
98368,52.34
98370,56.32
98371,11.84
98372,13.34
98373,9.38
98374,16.38
98375,9.68
98376,111.0
98377,326.16
98380,48.32
98381,41.53
98382,206.67
98383,17.35
98385,0.74
98387,26.61
98388,8.84
98390,9.19
98391,38.37
98392,1.79
98394,5.44
98396,10.61
98402,1.18
98403,1.0
98404,7.06
98405,4.1
98406,4.18
98407,5.39
98408,3.41
98409,7.14
98416,0.09
98418,1.69
98421,6.5
98422,7.01
98424,6.3
98430,0.39
98433,33.5
98438,0.96
98439,5.44
98443,5.41
98444,6.95
98445,10.45
98446,10.89
98447,0.11
98465,1.62
98466,6.22
98467,4.78
98498,9.94
98499,8.84
98501,34.91
98502,63.43
98503,11.08
98505,0.29
98506,22.44
98512,138.7
98513,49.87
98516,28.82
98520,217.46
98524,8.2
98526,82.31
98527,9.77
98528,72.29
98530,2.69
98531,129.16
98532,311.65
98533,117.31
98535,20.02
98536,54.37
98537,162.77
98538,113.29
98539,0.49
98541,195.62
98542,10.91
98544,0.1
98546,34.25
98547,61.4
98548,192.08
98550,266.0
98552,76.03
98555,26.48
98556,0.12
98557,35.51
98558,0.06
98559,0.02
98560,43.73
98562,0.98
98563,414.7
98564,143.61
98565,0.23
98566,27.83
98568,171.15
98569,13.25
98570,126.01
98571,3.88
98572,34.95
98575,62.14
98576,84.4
98577,363.51
98579,94.23
98580,130.08
98581,29.16
98582,5.84
98583,0.1
98584,359.48
98585,22.5
98586,127.5
98587,57.87
98588,44.96
98589,92.62
98590,3.02
98591,113.9
98592,17.68
98593,14.31
98595,5.31
98596,88.79
98597,111.02
98601,31.07
98602,60.38
98603,114.73
98604,72.05
98605,39.84
98606,37.99
98607,47.62
98609,0.07
98610,141.84
98611,136.12
98612,101.08
98613,91.37
98614,31.11
98616,113.48
98617,17.25
98619,154.16
98620,468.27
98621,49.01
98623,0.38
98624,34.89
98625,193.93
98626,134.61
98628,10.67
98629,37.79
98631,22.72
98632,121.4
98635,132.04
98638,170.14
98639,2.83
98640,14.08
98641,6.15
98642,56.85
98643,34.2
98644,3.13
98645,15.19
98647,71.49
98648,144.1
98649,196.34
98650,84.33
98651,13.27
98660,15.26
98661,10.9
98662,12.97
98663,4.12
98664,5.18
98665,7.38
98670,23.95
98671,81.09
98672,138.81
98673,16.98
98674,86.5
98675,155.39
98682,28.51
98683,7.26
98684,7.08
98685,10.23
98686,11.65
98801,153.56
98802,180.26
98811,0.51
98812,193.75
98813,100.01
98814,150.31
98815,97.03
98816,494.16
98817,0.92
98819,149.34
98821,1.32
98822,436.96
98823,298.23
98824,0.95
98826,1015.63
98827,319.7
98828,61.39
98829,70.88
98830,410.39
98831,47.04
98832,195.66
98833,499.93
98834,74.06
98836,7.16
98837,486.2
98840,532.97
98841,296.54
98843,67.22
98844,332.34
98845,62.81
98846,85.3
98847,184.52
98848,456.77
98849,173.1
98850,76.25
98851,146.06
98852,134.25
98853,20.64
98855,632.32
98856,444.43
98857,167.44
98858,367.06
98859,121.61
98860,99.1
98862,477.98
98901,184.5
98902,9.31
98903,192.47
98908,105.68
98921,0.18
98922,416.22
98923,5.86
98925,124.35
98926,938.11
98930,44.86
98932,34.13
98933,27.82
98934,1.14
98935,248.88
98936,138.63
98937,864.91
98938,37.21
98939,0.61
98940,159.85
98941,1.58
98942,183.06
98943,0.83
98944,544.64
98946,46.69
98947,45.8
98948,335.34
98950,39.9
98951,149.04
98952,388.79
98953,60.59
99001,7.95
99003,76.23
99004,334.27
99005,39.59
99006,164.11
99008,152.47
99009,81.0
99011,6.62
99012,93.57
99013,87.7
99014,0.1
99016,24.61
99017,91.65
99018,34.06
99019,22.29
99020,0.04
99021,80.36
99022,68.34
99023,18.16
99025,45.79
99026,63.09
99027,15.48
99029,110.72
99030,72.6
99031,76.46
99032,242.37
99033,39.57
99034,22.19
99036,38.2
99037,6.29
99039,0.41
99040,106.82
99101,95.37
99102,0.34
99103,234.75
99105,149.88
99109,311.63
99110,38.62
99111,306.99
99113,98.49
99114,718.54
99115,420.01
99116,47.2
99117,162.7
99118,204.21
99119,373.05
99121,52.85
99122,601.08
99123,20.04
99124,0.35
99125,193.38
99126,50.56
99128,59.49
99129,145.95
99130,80.99
99131,17.5
99133,182.48
99134,143.3
99135,173.58
99136,17.38
99137,90.4
99138,566.56
99139,314.92
99140,443.11
99141,628.12
99143,331.33
99144,49.99
99146,46.31
99147,8.79
99148,70.62
99149,1.92
99150,32.19
99151,0.18
99152,4.42
99153,233.39
99154,15.06
99155,305.23
99156,273.18
99157,65.15
99158,94.83
99159,481.26
99160,51.22
99161,76.75
99163,210.71
99166,479.36
99167,68.24
99169,716.54
99170,173.1
99171,250.28
99173,141.76
99174,0.03
99176,50.11
99179,65.27
99180,162.43
99181,91.29
99185,283.3
99201,2.97
99202,5.95
99203,4.65
99204,1.02
99205,8.97
99206,23.35
99207,5.2
99208,48.73
99212,12.27
99216,14.23
99217,51.42
99218,6.79
99223,32.06
99224,118.81
99251,0.18
99258,0.16
99301,486.29
99320,209.31
99321,35.13
99322,245.47
99323,132.67
99324,2.77
99326,242.51
99328,657.29
99329,0.51
99330,87.48
99333,86.45
99335,152.56
99336,13.4
99337,165.94
99338,35.45
99341,346.99
99343,180.87
99344,485.1
99345,126.36
99346,142.89
99347,769.69
99348,534.3
99349,267.38
99350,600.07
99352,24.0
99353,25.81
99354,23.93
99356,261.49
99357,217.23
99359,42.37
99360,162.34
99361,223.16
99362,303.12
99363,30.87
99371,215.89
99401,185.03
99402,336.35
99403,143.49
99501,6.65
99502,17.56
99503,20.68
99504,36.82
99505,41.76
99506,20.48
99507,47.29
99508,7.14
99513,0.01
99515,10.57
99516,43.9
99517,3.24
99518,3.79
99519,2136.39
99530,0.11
99540,130.98
99546,32.43
99547,7.97
99548,15.68
99549,46.82
99550,4.99
99551,7.01
99552,1.89
99553,38.67
99554,32.2
99555,31.86
99556,197.31
99557,13678.38
99558,9.49
99559,56.52
99561,5.24
99563,503.74
99564,10.95
99565,13.25
99566,9415.16
99567,675.24
99568,879.33
99569,7.63
99571,57.99
99572,81.05
99573,3821.92
99574,3292.07
99575,99.83
99576,11431.67
99577,287.17
99578,0.65
99579,29.55
99580,16.74
99581,58.2
99583,12.29
99585,4.06
99586,1846.54
99587,343.13
99588,3506.88
99589,247.48
99590,11.23
99591,34.78
99602,28.83
99603,1068.83
99604,7.5
99605,222.85
99606,64.23
99607,3.56
99608,55.94
99609,11.81
99610,86.82
99611,526.79
99612,24.66
99613,1217.28
99614,20.26
99615,4127.52
99620,2.99
99621,10.18
99622,23.79
99623,258.47
99624,17.79
99625,16.73
99626,1.24
99627,6627.64
99628,79.21
99630,7.07
99631,436.65
99632,25.16
99633,81.54
99634,4.95
99635,4904.94
99636,33.72
99637,28.71
99638,132.05
99639,359.23
99640,2685.59
99641,6.99
99643,15.93
99644,16.41
99645,586.22
99647,272.33
99648,11.17
99649,104.1
99650,1.61
99651,47.27
99652,123.17
99653,22.56
99654,113.63
99655,3.24
99656,231.18
99657,706.63
99658,42.88
99659,18.74
99660,42.28
99661,178.19
99662,0.47
99663,114.83
99664,2688.34
99665,10.22
99666,85.07
99667,4872.5
99668,95.6
99669,244.75
99670,87.39
99671,32.61
99672,63.29
99674,1880.02
99675,23.4
99676,1122.01
99677,7.25
99678,700.32
99679,2.85
99680,1.92
99681,60.7
99682,113.67
99683,1573.57
99684,1830.34
99685,56.32
99686,1363.34
99688,1677.35
99689,211.13
99690,98.96
99691,4624.71
99692,0.33
99693,61.03
99694,26.85
99695,4.19
99701,545.2
99702,21.07
99703,9.68
99704,13.78
99705,143.04
99706,66.76
99707,241.9
99709,510.2
99712,3264.09
99714,353.97
99720,46.16
99721,5.18
99722,63.78
99723,18.88
99724,429.07
99725,4.84
99726,296.49
99727,0.53
99729,2947.73
99730,6470.17
99732,452.66
99733,106.94
99734,227.48
99736,5.02
99737,5471.65
99738,10064.26
99739,2907.72
99740,8041.44
99741,17.65
99742,10.51
99743,3229.38
99744,26.97
99745,3.04
99746,15.79
99747,5.99
99748,21.64
99749,1.08
99750,1.63
99751,15.51
99752,3968.44
99753,5.1
99754,5.74
99755,183.89
99756,1890.05
99757,492.69
99758,3.02
99759,25.74
99760,4748.68
99761,15.83
99762,1710.95
99763,0.82
99764,1370.53
99765,8.13
99766,291.11
99767,6.48
99768,8009.39
99769,5.87
99770,11.19
99771,1.05
99772,3971.69
99773,8.05
99774,11.42
99775,0.48
99776,79.11
99777,8.41
99778,1.49
99780,4907.47
99781,2377.83
99782,10.31
99783,2.3
99784,0.68
99785,2.38
99786,10.28
99788,8.5
99789,8.89
99790,440.62
99791,39.12
99801,2200.44
99820,873.26
99824,1.75
99825,168.35
99826,55.15
99827,3124.33
99829,95.15
99830,268.13
99832,113.08
99833,2959.52
99835,2570.11
99836,3.5
99840,433.93
99841,479.8
99850,0.11
99901,1958.94
99903,87.33
99918,35.85
99919,49.39
99921,2241.45
99922,114.9
99923,17.34
99925,53.63
99926,132.8
99927,4.68
99929,2413.55
