zcta,county_fips,land_share,pop55_share
01002,25015,0.9324,0.9871
01002,25011,0.0676,0.0129
01008,25013,0.9429,0.9277
01008,25003,0.0571,0.0723
01010,25013,0.9871,0.9838
01010,25027,0.0129,0.0162
01011,25013,0.7745,0.6872
01011,25015,0.2255,0.3128
01026,25015,0.9066,0.9349
01026,25003,0.0934,0.0651
01039,25015,0.5896,0.4565
01039,25011,0.4104,0.5435
01050,25015,0.6945,0.8548
01050,25013,0.3055,0.1452
01069,25013,0.9997,0.9998
01070,25015,0.9941,0.9959
01070,25003,0.0059,0.0041
01082,25015,0.731,0.9244
01082,25027,0.2675,0.0728
01096,25015,0.9211,0.9213
01096,25011,0.0789,0.0787
01223,25003,0.9995,0.9996
01331,25027,0.9973,0.9992
01434,25027,0.8283,0.6144
01434,25017,0.1717,0.3856
01826,25017,0.9944,0.9956
01826,25009,0.0056,0.0044
01876,25017,0.9919,0.9952
01876,25009,0.0081,0.0048
02149,25017,0.9991,0.9997
02215,25025,0.9504,0.8983
02215,25021,0.0496,0.1017
02445,25021,0.9732,0.9808
02445,25025,0.0268,0.0192
02446,25021,0.9984,0.9974
02467,25021,0.5896,0.4581
02467,25017,0.2897,0.3088
02467,25025,0.1206,0.2331
02532,25001,0.8879,0.8332
02532,25023,0.1121,0.1668
02543,25007,0.8481,0.3631
02543,25001,0.1519,0.6369
02816,44003,0.9996,0.9998
02831,44007,0.9359,0.8916
02831,44003,0.0641,0.1084
02861,44007,0.9954,0.9985
03042,33015,0.9994,0.9996
03103,33011,0.9721,1.0
03103,33015,0.0279,0.0
03104,33011,0.995,0.9996
03220,33001,0.9883,0.9931
03220,33013,0.0117,0.0069
03226,33001,0.9998,0.9996
03243,33013,0.9384,0.9455
03243,33009,0.0616,0.0545
03244,33011,0.9936,0.997
03244,33019,0.0064,0.003
03254,33003,0.9995,0.9988
03257,33013,0.9677,0.9916
03257,33019,0.0323,0.0084
03261,33015,0.9998,0.9998
03276,33013,0.7163,0.5308
03276,33001,0.2837,0.4692
03280,33019,0.9994,0.9996
03458,33011,0.9995,0.9998
03574,33009,0.9952,0.9908
03574,33007,0.0048,0.0092
03579,23017,0.5807,0.3803
03579,33007,0.4193,0.6197
03602,33005,0.6323,0.6694
03602,33019,0.3677,0.3306
03748,33009,0.9486,0.9784
03748,33019,0.0514,0.0216
03887,33017,0.9502,0.9265
03887,33003,0.0498,0.0735
04040,23005,0.5353,0.8064
04040,23017,0.4647,0.1936
04224,23017,0.5507,0.8531
04224,23007,0.4493,0.1469
04424,23029,0.5435,0.4227
04424,23003,0.4565,0.5773
04429,23009,0.5566,0.3995
04429,23019,0.4434,0.6005
04451,23003,0.5168,0.4616
04451,23019,0.4832,0.5384
04459,23003,0.5102,0.455
04459,23019,0.4898,0.545
04462,23021,0.7133,0.065
04462,23019,0.2867,0.935
04478,23025,0.8424,0.883
04478,23021,0.1576,0.117
04497,23003,0.8306,0.7971
04497,23019,0.1694,0.2029
04622,23029,0.7733,0.8838
04622,23009,0.2267,0.1162
04732,23003,0.9161,0.99
04732,23021,0.0839,0.01
04733,23003,0.7609,0.8576
04733,23019,0.2391,0.1424
04930,23019,0.5823,0.845
04930,23025,0.4177,0.155
04942,23025,0.5568,0.6316
04942,23021,0.4432,0.3684
04964,23017,0.7556,0.3367
04964,23007,0.2444,0.6633
04988,23027,0.7909,0.6684
04988,23011,0.2091,0.3316
05060,50017,0.8209,0.8543
05060,50027,0.1175,0.0772
05060,50023,0.0617,0.0685
05065,50027,0.9514,0.9522
05065,50017,0.0486,0.0478
05068,50027,0.9969,0.9983
05069,50017,0.6069,0.7607
05069,50005,0.3931,0.2393
05081,50017,0.8375,0.9139
05081,50005,0.1625,0.0861
05143,50027,0.7716,0.7775
05143,50025,0.2284,0.2225
05148,50025,0.6344,0.8764
05148,50003,0.3524,0.1166
05148,50027,0.0133,0.0071
05155,50025,0.9995,0.9999
05253,50003,0.9537,0.9678
05253,50021,0.0463,0.0322
05363,50025,0.6574,0.9018
05363,50003,0.3426,0.0982
05444,50015,0.603,0.4773
05444,50011,0.3899,0.5165
05444,50007,0.0071,0.0062
05461,50007,0.9373,0.9778
05461,50001,0.0627,0.0222
05462,50007,0.9988,0.9987
05464,50015,0.7561,0.6493
05464,50011,0.2439,0.3507
05468,50007,0.8281,0.8986
05468,50011,0.1719,0.1014
05471,50011,0.9274,0.9318
05471,50019,0.0726,0.0682
05487,50001,0.893,0.8996
05487,50007,0.107,0.1004
05641,50023,0.6168,0.9539
05641,50017,0.3832,0.0461
05649,50017,0.9128,0.5812
05649,50023,0.0872,0.4188
05654,50017,0.5167,0.2282
05654,50023,0.4833,0.7718
05663,50023,0.9725,0.9766
05663,50017,0.0275,0.0234
05669,50023,0.6968,0.8742
05669,50001,0.229,0.0686
05669,50017,0.0742,0.0572
05676,50023,0.79,0.8381
05676,50007,0.21,0.1619
05680,50015,0.9775,0.9697
05680,50023,0.0225,0.0303
05733,50021,0.6066,0.7927
05733,50001,0.3934,0.2073
05758,50021,1.0,1.0
05760,50001,0.9953,0.9967
05761,50021,0.7892,0.8118
05761,50003,0.2108,0.1882
05762,50021,0.9999,0.9998
05767,50027,0.9924,0.9955
05767,50021,0.007,0.0043
05775,50021,0.9219,0.939
05775,50003,0.0781,0.061
05778,50001,0.9232,0.9463
05778,50021,0.0768,0.0537
05824,50009,0.6796,0.4116
05824,50005,0.3204,0.5884
05837,50009,0.7537,0.6913
05837,50005,0.2463,0.3087
05839,50019,0.9858,0.989
05839,50005,0.0142,0.011
05842,50019,0.6504,0.7038
05842,50005,0.3496,0.2962
05843,50005,0.8769,0.9248
05843,50023,0.1231,0.0752
05846,50009,0.9346,0.8933
05846,50019,0.0654,0.1067
05873,50005,0.9637,0.9467
05873,50023,0.0363,0.0533
06065,09003,0.761,0.6703
06065,09005,0.239,0.3297
06226,09015,0.9783,0.9957
06226,09013,0.0217,0.0043
06242,09015,0.9705,0.9804
06242,09013,0.0295,0.0196
06250,09013,0.9933,0.9971
06250,09015,0.0067,0.0029
06330,09011,0.7491,0.8924
06330,09015,0.2509,0.1076
06331,09015,0.9998,0.9988
06384,09011,0.9986,0.9976
06415,09011,0.8746,0.9463
06415,09007,0.1254,0.0537
06420,09011,0.9789,0.9799
06420,09007,0.0211,0.0201
06451,09009,0.9983,0.9992
06784,09001,0.997,0.9948
06784,09005,0.003,0.0052
07009,34013,0.997,0.9961
07043,34013,0.9598,0.9528
07043,34031,0.0402,0.0472
07060,34039,0.6238,0.563
07060,34035,0.3756,0.4366
07062,34039,0.8783,0.8949
07062,34035,0.1217,0.1051
07063,34039,0.61,0.7089
07063,34035,0.3898,0.2909
07110,34013,0.997,0.9989
07421,34031,0.9168,0.9302
07421,34037,0.0832,0.0698
07435,34031,0.6459,0.5732
07435,34027,0.3541,0.4268
07436,34003,0.9996,0.9984
07438,34027,0.8506,0.9417
07438,34031,0.1494,0.0583
07460,34037,0.6646,0.802
07460,34031,0.3345,0.1968
07721,34025,0.8896,0.9057
07721,34023,0.1104,0.0943
07726,34025,0.9865,0.9942
07726,34023,0.0135,0.0058
07735,34025,0.8402,0.8959
07735,34023,0.1598,0.1041
07747,34023,0.5472,0.4108
07747,34025,0.4528,0.5892
07821,34037,0.8342,0.8556
07821,34041,0.1658,0.1444
07825,34041,0.9781,0.9674
07825,34037,0.0219,0.0326
07830,34019,0.8181,0.8083
07830,34027,0.1819,0.1917
07840,34041,0.7639,0.7228
07840,34027,0.2361,0.2772
07849,34027,0.9958,0.9992
07860,34037,0.9394,0.9798
07860,34041,0.0606,0.0202
07865,34041,0.6455,0.6404
07865,34019,0.2111,0.2059
07865,34027,0.1433,0.1537
07874,34037,0.9721,0.9888
07874,34041,0.0279,0.0112
07882,34041,0.9506,0.9763
07882,34019,0.0494,0.0237
07920,34035,0.8179,0.9549
07920,34027,0.1821,0.0451
07931,34035,0.7499,0.7946
07931,34027,0.2501,0.2054
07934,34035,0.9845,0.9916
07934,34027,0.0155,0.0084
07979,34019,0.8117,0.9203
07979,34035,0.1883,0.0797
08012,34007,0.5992,0.612
08012,34015,0.4008,0.388
08037,34001,0.7995,0.7532
08037,34007,0.2005,0.2468
08081,34007,0.9612,0.958
08081,34015,0.0388,0.042
08085,34015,0.9887,0.9971
08085,34033,0.0113,0.0029
08087,34029,0.5555,0.9847
08087,34005,0.4445,0.0153
08094,34015,0.8983,0.9695
08094,34001,0.1017,0.0305
08098,34033,0.9993,0.9991
08215,34001,0.547,0.952
08215,34005,0.453,0.048
08270,34009,0.7772,0.7786
08270,34001,0.2228,0.2214
08302,34011,0.9069,0.9514
08302,34033,0.0931,0.0486
08318,34033,0.9488,0.9464
08318,34011,0.0512,0.0536
08340,34011,0.8117,0.4377
08340,34001,0.1883,0.5623
08343,34033,0.5172,0.3102
08343,34015,0.4828,0.6898
08344,34015,0.7548,0.6966
08344,34011,0.1182,0.2072
08344,34001,0.0865,0.0812
08344,34033,0.0405,0.0149
08360,34011,0.6459,0.8991
08360,34001,0.2589,0.0721
08360,34015,0.0952,0.0288
08501,34025,0.8681,0.8124
08501,34005,0.1022,0.0968
08501,34021,0.0296,0.0907
08512,34023,0.9326,0.7249
08512,34021,0.0674,0.2751
08514,34025,0.7582,0.6105
08514,34029,0.2418,0.3895
08525,34021,0.6958,0.8018
08525,34019,0.3035,0.1974
08528,34035,0.9467,0.8802
08528,34023,0.0533,0.1198
08530,34019,0.8114,0.8983
08530,34021,0.1886,0.1017
08540,34021,0.6262,0.588
08540,34035,0.2647,0.2042
08540,34023,0.1091,0.2077
08558,34035,0.9545,0.9787
08558,34021,0.0455,0.0213
08560,34021,0.9877,0.9918
08560,34019,0.0123,0.0082
08610,34021,0.9432,0.9705
08610,34005,0.0568,0.0295
08620,34021,0.8746,0.864
08620,34005,0.1254,0.136
08691,34021,0.8871,0.9738
08691,34025,0.1129,0.0262
08724,34029,0.935,0.9862
08724,34025,0.065,0.0138
08759,34029,0.9775,0.9997
08759,34005,0.0225,0.0003
08802,34019,0.5784,0.7094
08802,34041,0.4216,0.2906
08804,34019,0.6017,0.5694
08804,34041,0.3983,0.4306
08812,34035,0.7784,0.4602
08812,34023,0.2092,0.5187
08812,34039,0.0124,0.0211
08827,34019,0.9032,0.895
08827,34041,0.0968,0.105
08853,34035,0.7585,0.858
08853,34019,0.2415,0.142
08876,34035,0.8608,0.9452
08876,34019,0.1392,0.0548
10463,36005,0.9575,0.8955
10463,36061,0.0425,0.1045
10470,36005,0.9808,0.9739
10470,36119,0.0192,0.0261
10509,36079,0.9991,0.9996
10512,36079,0.9992,0.9996
10537,36079,0.7959,0.5591
10537,36119,0.2041,0.4409
10541,36079,0.9604,0.9413
10541,36119,0.0396,0.0587
10550,36119,0.9998,0.9995
10588,36119,0.9719,0.9964
10588,36079,0.0281,0.0036
10803,36119,0.9915,0.9839
10803,36005,0.0085,0.0161
10940,36071,0.9596,0.9922
10940,36105,0.0404,0.0078
10963,36071,0.9503,0.9876
10963,36105,0.0497,0.0124
10974,36087,0.9929,0.9989
10974,36071,0.0071,0.0011
11001,36059,0.8839,0.8431
11001,36081,0.1161,0.1569
11040,36059,0.9655,0.9238
11040,36081,0.0345,0.0762
11370,36081,0.5804,0.9667
11370,36005,0.4196,0.0333
11416,36081,0.9962,0.9943
11416,36047,0.0038,0.0057
11417,36081,0.998,0.9977
11735,36103,0.5399,0.1264
11735,36059,0.4601,0.8736
11758,36059,0.9997,0.9996
12009,36001,0.9961,0.9981
12010,36057,0.637,0.7966
12010,36035,0.1864,0.1101
12010,36091,0.1171,0.0685
12010,36093,0.0595,0.0248
12019,36091,0.9781,0.9362
12019,36093,0.0219,0.0638
12023,36001,0.7574,0.6658
12023,36095,0.2426,0.3342
12024,36021,0.9946,0.9959
12024,36083,0.0054,0.0041
12025,36035,0.6385,0.8885
12025,36091,0.3615,0.1115
12027,36091,0.8818,0.6956
12027,36093,0.1182,0.3044
12028,36115,0.5278,0.4674
12028,36083,0.4722,0.5326
12032,36041,0.578,0.1476
12032,36035,0.422,0.8524
12036,36095,0.782,0.8021
12036,36077,0.218,0.1979
12043,36095,0.9717,0.9914
12043,36077,0.0283,0.0086
12046,36001,0.9626,0.9611
12046,36039,0.0374,0.0389
12053,36093,0.6813,0.7133
12053,36001,0.1695,0.1502
12053,36095,0.1263,0.1233
12053,36057,0.023,0.0132
12057,36115,0.8168,0.8804
12057,36083,0.1832,0.1196
12062,36083,0.9038,0.8799
12062,36021,0.0962,0.1201
12064,36077,0.6214,0.5923
12064,36095,0.3786,0.4077
12066,36057,0.4673,0.2973
12066,36095,0.3037,0.4367
12066,36093,0.2291,0.266
12068,36057,0.9509,0.9695
12068,36035,0.0491,0.0305
12070,36057,0.5082,0.6918
12070,36035,0.4918,0.3082
12083,36039,0.5207,0.6823
12083,36001,0.4793,0.3177
12086,36091,0.5722,0.4419
12086,36057,0.2563,0.4267
12086,36035,0.1715,0.1315
12087,36039,0.9191,0.9252
12087,36001,0.0809,0.0748
12090,36083,0.9998,0.9999
12093,36095,0.7408,0.594
12093,36025,0.2592,0.406
12094,36083,0.8515,0.8901
12094,36115,0.1485,0.1099
12095,36035,0.9162,0.9557
12095,36057,0.0838,0.0443
12118,36091,0.973,0.9945
12118,36083,0.027,0.0055
12120,36001,0.9464,0.9224
12120,36039,0.0536,0.0776
12122,36095,0.915,0.9191
12122,36001,0.085,0.0809
12123,36083,0.9808,0.9892
12123,36021,0.0192,0.0108
12134,36041,0.6525,0.172
12134,36091,0.2677,0.401
12134,36035,0.0799,0.427
12137,36093,0.8189,0.9071
12137,36057,0.1811,0.0929
12143,36001,0.8852,0.9534
12143,36039,0.1148,0.0466
12149,36095,0.9481,0.9488
12149,36077,0.0519,0.0512
12154,36083,0.5511,0.7267
12154,36115,0.4489,0.2733
12155,36077,0.928,0.8457
12155,36025,0.072,0.1543
12156,36083,0.7103,0.8176
12156,36021,0.2897,0.1824
12157,36095,0.985,0.9873
12157,36093,0.0083,0.0076
12157,36001,0.0067,0.0051
12160,36095,0.91,0.9458
12160,36057,0.09,0.0542
12166,36057,0.9784,0.9725
12166,36095,0.0216,0.0275
12167,36095,0.5424,0.4347
12167,36025,0.4576,0.5653
12184,36021,0.9835,0.9847
12184,36083,0.0165,0.0153
12185,36083,0.7393,0.8332
12185,36115,0.2607,0.1668
12302,36093,0.9099,0.9748
12302,36091,0.0901,0.0252
12303,36001,0.7107,0.3913
12303,36093,0.2893,0.6087
12304,36093,0.6632,0.8523
12304,36001,0.3368,0.1477
12306,36093,0.9566,0.9555
12306,36001,0.0434,0.0445
12309,36093,0.815,0.8471
12309,36001,0.185,0.1529
12406,36111,0.6923,0.2795
12406,36025,0.3077,0.7205
12430,36039,0.586,0.3896
12430,36025,0.414,0.6104
12441,36025,0.7102,0.9343
12441,36111,0.2898,0.0657
12455,36025,0.9458,0.9893
12455,36111,0.0542,0.0107
12458,36111,0.9327,0.9476
12458,36105,0.0673,0.0524
12460,36001,0.6464,0.5519
12460,36039,0.3536,0.4481
12463,36039,0.9979,0.9976
12465,36111,0.7754,0.373
12465,36025,0.2246,0.627
12468,36039,0.8438,0.8228
12468,36025,0.1562,0.1772
12469,36001,0.5968,0.6582
12469,36095,0.3541,0.2614
12469,36039,0.0491,0.0804
12480,36039,0.5254,0.4241
12480,36111,0.4746,0.5759
12483,36105,0.7606,0.86
12483,36111,0.2394,0.14
12531,36027,0.836,0.8653
12531,36079,0.164,0.1347
12533,36027,0.9244,0.9736
12533,36079,0.0756,0.0264
12542,36111,0.9096,0.9228
12542,36071,0.0904,0.0772
12546,36027,0.7886,0.9102
12546,36021,0.2114,0.0898
12566,36111,0.5646,0.5236
12566,36071,0.3349,0.3817
12566,36105,0.1005,0.0947
12567,36027,0.6828,0.7966
12567,36021,0.3172,0.2034
12571,36027,0.8547,0.9517
12571,36021,0.1453,0.0483
12582,36027,0.983,0.9917
12582,36079,0.017,0.0083
12583,36027,0.6161,0.7288
12583,36021,0.3839,0.2712
12589,36111,0.8471,0.7395
12589,36071,0.1529,0.2605
12721,36105,0.6931,0.7117
12721,36071,0.3069,0.2883
12725,36111,0.7875,0.3792
12725,36105,0.2125,0.6208
12729,36071,0.539,0.8903
12729,36105,0.461,0.1097
12740,36111,0.6346,0.2706
12740,36105,0.3654,0.7294
12758,36105,0.7124,0.9421
12758,36111,0.279,0.0545
12758,36025,0.0085,0.0034
12760,36025,0.7853,0.7512
12760,36105,0.2147,0.2488
12763,36105,0.967,0.9867
12763,36111,0.033,0.0133
12776,36025,0.6131,0.3348
12776,36105,0.3869,0.6652
12780,36071,0.937,0.9756
12780,36105,0.063,0.0244
12785,36105,0.7809,0.6565
12785,36071,0.2191,0.3435
12789,36105,0.8872,0.9625
12789,36111,0.1128,0.0375
12804,36113,0.9643,0.9961
12804,36115,0.0357,0.0039
12828,36115,0.7442,0.5162
12828,36091,0.2558,0.4838
12835,36091,0.9901,0.9964
12835,36113,0.0099,0.0036
12836,36113,0.9754,0.9651
12836,36031,0.0246,0.0349
12839,36115,0.9975,0.9963
12844,36115,0.8963,0.766
12844,36113,0.1037,0.234
12847,36041,0.9153,0.9181
12847,36089,0.0847,0.0819
12853,36113,0.9904,0.9981
12853,36031,0.0096,0.0019
12857,36031,0.9823,0.938
12857,36113,0.0177,0.062
12861,36115,0.9897,0.8008
12861,36031,0.0103,0.1992
12870,36031,0.98,0.9698
12870,36113,0.02,0.0302
12883,36031,0.9876,0.9963
12883,36115,0.0124,0.0037
12911,36019,0.8061,0.925
12911,36031,0.1939,0.075
12912,36019,0.7635,0.6359
12912,36031,0.2365,0.3641
12913,36033,0.5556,0.3484
12913,36031,0.4444,0.6516
12914,36033,0.8399,0.8782
12914,36089,0.1601,0.1218
12920,36033,0.9271,0.9416
12920,36019,0.0729,0.0584
12930,36033,0.9578,0.9939
12930,36089,0.0422,0.0061
12944,36031,0.8783,0.7203
12944,36019,0.1217,0.2797
12967,36089,0.9767,0.9825
12967,36033,0.0233,0.0175
12980,36033,0.8136,0.9197
12980,36089,0.1864,0.0803
12981,36019,0.9452,0.9671
12981,36033,0.0548,0.0329
12983,36033,0.5143,0.2724
12983,36031,0.4857,0.7276
12986,36033,0.752,0.9753
12986,36089,0.248,0.0247
13021,36011,0.9966,0.9971
13027,36067,0.9928,0.9992
13027,36011,0.0072,0.0008
13030,36053,0.644,0.6652
13030,36067,0.356,0.3348
13032,36053,0.9969,0.9984
13035,36053,0.9685,0.9626
13035,36067,0.0315,0.0374
13037,36053,0.956,0.9816
13037,36067,0.044,0.0184
13040,36023,0.8448,0.8795
13040,36017,0.1552,0.1205
13042,36065,0.6359,0.6788
13042,36075,0.3641,0.3212
13045,36023,0.8505,0.937
13045,36011,0.0885,0.0207
13045,36109,0.061,0.0423
13052,36053,0.3738,0.4577
13052,36017,0.3289,0.254
13052,36023,0.2558,0.215
13052,36067,0.0415,0.0734
13053,36109,0.5766,0.8533
13053,36023,0.4234,0.1467
13069,36075,0.9894,0.9949
13069,36067,0.0106,0.0051
13072,36053,0.7754,0.8454
13072,36017,0.2246,0.1546
13073,36109,0.9757,0.9899
13073,36011,0.0243,0.0101
13074,36075,0.9457,0.9741
13074,36011,0.0543,0.0259
13077,36023,0.8386,0.9119
13077,36067,0.137,0.0781
13077,36011,0.0243,0.01
13080,36067,0.6269,0.6839
13080,36011,0.3731,0.3161
13082,36053,0.5321,0.4704
13082,36067,0.4679,0.5296
13083,36075,0.985,0.9917
13083,36045,0.015,0.0083
13092,36011,0.9083,0.8294
13092,36109,0.0917,0.1706
13104,36067,0.9617,0.9885
13104,36053,0.0383,0.0115
13111,36011,0.8244,0.7671
13111,36075,0.1756,0.2329
13122,36053,0.8171,0.8587
13122,36067,0.1829,0.1413
13126,36075,0.9909,0.9972
13126,36011,0.0091,0.0028
13135,36075,0.7384,0.6004
13135,36067,0.2616,0.3996
13136,36017,0.9994,0.9993
13141,36023,0.6484,0.5614
13141,36067,0.3516,0.4386
13143,36117,0.5529,0.6349
13143,36011,0.4471,0.3651
13146,36117,0.9644,0.967
13146,36099,0.0356,0.033
13152,36067,0.8575,0.943
13152,36011,0.1425,0.057
13156,36011,0.9901,0.9896
13156,36117,0.0094,0.0096
13158,36023,0.9413,0.8842
13158,36067,0.0587,0.1158
13159,36067,0.6799,0.8472
13159,36023,0.3201,0.1528
13166,36011,0.982,0.9803
13166,36067,0.018,0.0197
13304,36065,0.8959,0.9471
13304,36043,0.1041,0.0529
13309,36065,0.7354,0.9024
13309,36049,0.2646,0.0976
13316,36065,0.6834,0.9122
13316,36049,0.2901,0.0726
13316,36075,0.0265,0.0152
13317,36057,0.9422,0.968
13317,36077,0.0578,0.032
13320,36077,0.9996,0.9991
13322,36043,0.6001,0.3528
13322,36065,0.3999,0.6472
13329,36035,0.7115,0.2923
13329,36043,0.2885,0.7077
13331,36043,0.9869,0.9917
13331,36041,0.0131,0.0083
13332,36053,0.8066,0.7922
13332,36017,0.1934,0.2078
13338,36043,0.7672,0.3735
13338,36065,0.2328,0.6265
13339,36057,0.7511,0.8679
13339,36043,0.1856,0.0994
13339,36035,0.0633,0.0327
13361,36043,0.7688,0.8088
13361,36077,0.2312,0.1912
13367,36049,0.6379,0.9218
13367,36043,0.3621,0.0782
13402,36053,0.9303,0.9323
13402,36065,0.0697,0.0677
13409,36053,0.9419,0.9343
13409,36065,0.0581,0.0657
13411,36077,0.5374,0.4338
13411,36017,0.4626,0.5662
13413,36065,0.8879,0.9863
13413,36043,0.1121,0.0137
13421,36053,0.7587,0.9082
13421,36065,0.2413,0.0918
13425,36065,0.8603,0.8567
13425,36053,0.1397,0.1433
13431,36043,0.8791,0.8509
13431,36065,0.1209,0.1491
13437,36075,0.7551,0.688
13437,36049,0.2449,0.312
13438,36065,0.7531,0.8918
13438,36043,0.2469,0.1082
13439,36077,0.5995,0.6657
13439,36043,0.4005,0.3343
13452,36035,0.7591,0.371
13452,36057,0.2409,0.629
13456,36065,0.8595,0.9493
13456,36043,0.1405,0.0507
13459,36095,0.8959,0.8984
13459,36057,0.0754,0.0851
13459,36077,0.0287,0.0165
13460,36017,0.9597,0.9757
13460,36053,0.0403,0.0243
13464,36017,0.9827,0.9836
13464,36053,0.0173,0.0164
13470,36035,0.7011,0.8131
13470,36043,0.2989,0.1869
13471,36065,0.8137,0.9242
13471,36049,0.1863,0.0758
13480,36065,0.9097,0.9493
13480,36053,0.0903,0.0507
13483,36065,0.9815,0.9968
13483,36075,0.0185,0.0032
13485,36053,0.8032,0.7473
13485,36077,0.1206,0.1444
13485,36017,0.0762,0.1083
13491,36077,0.5184,0.4875
13491,36043,0.38,0.4307
13491,36053,0.1012,0.0812
13493,36075,0.9953,0.9943
13493,36065,0.0047,0.0057
13501,36065,0.9999,1.0
13502,36065,0.7032,0.9283
13502,36043,0.2968,0.0717
13601,36045,0.9423,0.9904
13601,36049,0.0577,0.0096
13608,36045,0.8853,0.9128
13608,36089,0.1147,0.0872
13619,36045,0.5426,0.8387
13619,36049,0.4574,0.1613
13626,36049,0.864,0.8483
13626,36045,0.136,0.1517
13642,36089,0.9181,0.9963
13642,36045,0.0819,0.0037
13646,36089,0.9887,0.9541
13646,36045,0.0113,0.0459
13648,36049,0.5745,0.586
13648,36089,0.4255,0.414
13661,36045,0.9644,0.9535
13661,36075,0.0356,0.0465
13665,36049,0.808,0.5112
13665,36045,0.192,0.4888
13679,36045,0.748,0.906
13679,36089,0.252,0.094
13682,36045,0.926,0.9327
13682,36049,0.074,0.0673
13691,36045,0.9847,0.9907
13691,36089,0.0153,0.0093
13730,36017,0.8718,0.9447
13730,36007,0.1282,0.0553
13733,36017,0.8851,0.9238
13733,36025,0.0928,0.0376
13733,36077,0.0221,0.0385
13736,36107,0.7543,0.7324
13736,36109,0.2014,0.2101
13736,36007,0.0443,0.0575
13746,36007,0.6055,0.7512
13746,36017,0.3945,0.2488
13750,36025,0.9058,0.9477
13750,36077,0.0942,0.0523
13754,36007,0.6552,0.6817
13754,36025,0.3448,0.3183
13760,36007,0.7169,0.9449
13760,36107,0.2831,0.0551
13775,36025,0.9826,0.9713
13775,36077,0.0174,0.0287
13778,36017,0.9328,0.9189
13778,36007,0.0672,0.0811
13783,36025,0.9956,0.9948
13783,36007,0.0044,0.0052
13787,36007,0.6656,0.6905
13787,36017,0.3344,0.3095
13803,36023,0.9002,0.8692
13803,36007,0.0998,0.1308
13809,36077,0.5308,0.5347
13809,36017,0.4692,0.4653
13811,36107,0.9105,0.8761
13811,36007,0.0895,0.1239
13813,36007,0.8999,0.8532
13813,36017,0.1001,0.1468
13820,36077,0.7037,0.9059
13820,36025,0.2963,0.0941
13825,36077,0.9839,0.9887
13825,36025,0.0161,0.0113
13835,36107,0.5913,0.5135
13835,36007,0.2583,0.339
13835,36023,0.1504,0.1475
13838,36025,0.9629,0.9898
13838,36077,0.0371,0.0102
13841,36017,0.7996,0.809
13841,36023,0.1597,0.1351
13841,36007,0.0407,0.0559
13843,36077,0.5054,0.403
13843,36017,0.4946,0.597
13849,36077,0.54,0.7472
13849,36025,0.46,0.2528
13862,36007,0.9874,0.9925
13862,36023,0.0126,0.0075
13863,36023,0.9869,0.9789
13863,36007,0.0131,0.0211
13864,36107,0.7574,0.7105
13864,36109,0.2426,0.2895
14001,36029,0.7864,0.9212
14001,36063,0.1304,0.0521
14001,36037,0.0831,0.0267
14004,36029,0.824,0.9581
14004,36121,0.1248,0.0293
14004,36037,0.0512,0.0127
14009,36121,0.8975,0.9246
14009,36009,0.1025,0.0754
14011,36121,0.8987,0.9263
14011,36037,0.1013,0.0737
14012,36063,0.9557,0.967
14012,36073,0.0443,0.033
14013,36037,0.9787,1.0
14013,36029,0.0213,0.0
14024,36121,0.9501,0.9375
14024,36003,0.0499,0.0625
14030,36029,0.8682,0.7941
14030,36009,0.0976,0.1597
14030,36121,0.0342,0.0462
14037,36121,0.8894,0.7551
14037,36029,0.1106,0.2449
14040,36037,0.8148,0.8225
14040,36121,0.1852,0.1775
14054,36037,0.868,0.9008
14054,36121,0.132,0.0992
14058,36037,0.823,0.9144
14058,36073,0.177,0.0856
14060,36003,0.5523,0.4913
14060,36009,0.4477,0.5087
14062,36013,0.997,0.9953
14065,36009,0.5689,0.6044
14065,36003,0.4311,0.3956
14070,36009,0.58,0.4367
14070,36029,0.42,0.5633
14081,36029,0.7713,0.5953
14081,36013,0.2061,0.3834
14081,36009,0.0226,0.0213
14098,36073,0.9812,0.9756
14098,36063,0.0188,0.0244
14105,36063,0.7246,0.853
14105,36073,0.1897,0.1071
14105,36037,0.0857,0.0399
14125,36037,0.9861,0.9926
14125,36073,0.0139,0.0074
14138,36009,0.6384,0.6646
14138,36013,0.3616,0.3354
14141,36029,0.8303,0.9471
14141,36009,0.1697,0.0529
14145,36121,0.9138,0.829
14145,36029,0.0862,0.171
14414,36051,0.9894,0.9911
14414,36055,0.0106,0.0089
14416,36037,0.8722,0.7416
14416,36055,0.1278,0.2584
14418,36123,0.8939,0.8912
14418,36101,0.1061,0.1088
14420,36055,0.995,0.9972
14420,36073,0.005,0.0028
14422,36037,0.943,0.917
14422,36073,0.057,0.083
14432,36069,0.9999,0.9999
14433,36117,0.928,0.9577
14433,36099,0.072,0.0423
14437,36051,0.8383,0.9187
14437,36101,0.16,0.081
14450,36055,0.9781,0.9962
14450,36117,0.0219,0.0038
14456,36069,0.7697,0.9096
14456,36099,0.2185,0.0857
14456,36123,0.0118,0.0047
14464,36055,0.9552,0.9805
14464,36073,0.0448,0.0195
14466,36069,0.5863,0.4148
14466,36051,0.4137,0.5852
14470,36073,0.9639,0.9455
14470,36055,0.0361,0.0545
14471,36069,0.9963,0.9987
14472,36055,0.8145,0.9013
14472,36051,0.1555,0.0783
14472,36069,0.0299,0.0203
14476,36073,0.9543,0.9064
14476,36055,0.0457,0.0936
14482,36037,0.908,0.9381
14482,36051,0.0746,0.0425
14482,36055,0.0174,0.0194
14485,36051,0.8832,0.9309
14485,36069,0.1168,0.0691
14487,36051,0.768,0.9065
14487,36069,0.232,0.0935
14489,36117,0.926,0.9521
14489,36069,0.0397,0.036
14489,36099,0.0343,0.0119
14502,36117,0.9621,0.9269
14502,36055,0.0379,0.0731
14512,36069,0.6574,0.7791
14512,36123,0.2727,0.1816
14512,36101,0.0552,0.029
14512,36051,0.0147,0.0103
14513,36117,0.939,0.9798
14513,36069,0.061,0.0202
14519,36117,0.9752,0.9587
14519,36055,0.0248,0.0413
14522,36117,0.7242,0.8698
14522,36069,0.2758,0.1302
14525,36037,0.5686,0.6273
14525,36121,0.3447,0.2749
14525,36051,0.0867,0.0977
14530,36121,0.951,0.9796
14530,36051,0.049,0.0204
14532,36069,0.8752,0.9509
14532,36099,0.1248,0.0491
14533,36051,0.993,0.995
14533,36121,0.007,0.005
14534,36055,0.9632,0.9896
14534,36069,0.0368,0.0104
14536,36121,0.7946,0.7372
14536,36003,0.2054,0.2628
14544,36123,0.6408,0.4959
14544,36069,0.3592,0.5041
14546,36055,0.9657,0.9841
14546,36051,0.0343,0.0159
14560,36069,0.5961,0.6893
14560,36051,0.4039,0.3107
14561,36069,0.9855,0.9894
14561,36123,0.0145,0.0106
14564,36069,0.9616,0.9603
14564,36055,0.0384,0.0397
14572,36101,0.557,0.691
14572,36051,0.443,0.309
14580,36055,0.9921,0.9986
14580,36117,0.0079,0.0014
14591,36121,0.9571,0.9506
14591,36037,0.0429,0.0494
14726,36009,0.883,0.8325
14726,36013,0.117,0.1675
14727,36003,0.6384,0.6608
14727,36009,0.3616,0.3392
14737,36009,0.9898,0.9928
14737,36003,0.0102,0.0072
14738,36013,0.508,0.7067
14738,36009,0.492,0.2933
14747,36013,0.8162,0.8488
14747,36009,0.1838,0.1512
14770,36003,0.5245,0.365
14770,36009,0.4755,0.635
14803,36003,0.909,0.9619
14803,36101,0.091,0.0381
14804,36003,0.9987,0.9949
14804,36101,0.0013,0.0051
14805,36097,0.9514,0.9382
14805,36015,0.0486,0.0618
14806,36003,0.8523,0.9459
14806,36101,0.1477,0.0541
14807,36101,0.5483,0.7346
14807,36003,0.4517,0.2654
14812,36097,0.5717,0.5412
14812,36101,0.2445,0.1852
14812,36015,0.1838,0.2736
14814,36015,0.9147,0.9447
14814,36101,0.0853,0.0553
14815,36097,0.6612,0.5363
14815,36101,0.3388,0.4637
14817,36109,0.9515,0.9619
14817,36107,0.0485,0.0381
14822,36003,0.8744,0.7322
14822,36051,0.1256,0.2678
14824,36097,0.6674,0.6469
14824,36015,0.3326,0.3531
14830,36101,0.932,0.9613
14830,36015,0.068,0.0387
14836,36051,0.5899,0.8187
14836,36003,0.4101,0.1813
14837,36123,0.6821,0.8295
14837,36097,0.3032,0.1575
14837,36101,0.0148,0.013
14838,36015,0.9382,0.9049
14838,36097,0.0618,0.0951
14840,36101,0.9945,0.9969
14840,36097,0.0055,0.0031
14841,36097,0.7331,0.7028
14841,36099,0.2669,0.2972
14843,36101,0.9633,0.9952
14843,36003,0.0367,0.0048
14846,36051,0.5959,0.8149
14846,36003,0.4041,0.1851
14847,36099,0.9705,0.9768
14847,36097,0.0295,0.0232
14859,36107,0.5942,0.7238
14859,36015,0.4058,0.2762
14864,36015,0.7059,0.7354
14864,36097,0.2941,0.2646
14867,36109,0.9765,0.9898
14867,36015,0.0235,0.0102
14870,36101,0.9483,0.9861
14870,36097,0.0517,0.0139
14871,36015,0.8106,0.9212
14871,36101,0.1894,0.0788
14877,36101,0.9989,0.997
14878,36097,0.7519,0.7066
14878,36123,0.2481,0.2934
14883,36107,0.699,0.6042
14883,36109,0.301,0.3958
14886,36109,0.4446,0.6547
14886,36097,0.425,0.2427
14886,36099,0.1304,0.1027
14889,36015,0.8727,0.7937
14889,36097,0.0866,0.1327
14889,36107,0.0406,0.0735
14892,36107,0.6731,0.9163
14892,36015,0.3269,0.0837
14897,36003,0.9202,0.9697
14897,36101,0.0798,0.0303
15003,42007,0.9493,0.9813
15003,42003,0.0507,0.0187
15005,42007,0.733,0.908
15005,42003,0.267,0.092
15012,42129,0.8479,0.8251
15012,42051,0.1488,0.1713
15017,42003,0.8666,0.9533
15017,42125,0.1334,0.0467
15021,42125,0.9948,0.9958
15021,42007,0.0052,0.0042
15026,42007,0.7186,0.5559
15026,42003,0.2349,0.4184
15026,42125,0.0466,0.0257
15044,42003,0.9677,0.9519
15044,42019,0.0323,0.0481
15057,42125,0.6539,0.5328
15057,42003,0.3461,0.4672
15063,42125,0.6059,0.8445
15063,42003,0.3941,0.1555
15068,42129,0.7801,0.8877
15068,42003,0.2199,0.1123
15083,42129,0.8746,0.836
15083,42003,0.1254,0.164
15085,42129,0.9757,0.9629
15085,42003,0.0243,0.0371
15086,42003,0.7524,0.4872
15086,42019,0.2476,0.5128
15089,42129,0.9851,0.9861
15089,42003,0.0149,0.0139
15102,42003,0.9915,0.9982
15102,42125,0.0085,0.0018
15126,42003,0.9913,0.9955
15126,42125,0.0087,0.0045
15129,42003,0.9795,0.9872
15129,42125,0.0205,0.0128
15131,42003,0.9475,0.9625
15131,42129,0.0525,0.0375
15137,42003,0.9997,0.9995
15143,42003,0.9011,0.9361
15143,42007,0.0989,0.0639
15146,42003,0.9969,0.9977
15241,42003,0.9899,0.9915
15241,42125,0.0101,0.0085
15321,42125,0.8588,0.828
15321,42003,0.1412,0.172
15322,42059,0.8055,0.5541
15322,42125,0.1945,0.4459
15329,42125,0.7194,0.7395
15329,42059,0.2806,0.2605
15332,42125,0.8692,0.8501
15332,42003,0.1308,0.1499
15345,42125,0.9639,0.977
15345,42059,0.0361,0.023
15370,42059,0.9999,0.9999
15377,42125,0.6927,0.8298
15377,42059,0.3073,0.1702
15417,42125,0.5046,0.4453
15417,42051,0.4954,0.5547
15424,42111,0.7523,0.7651
15424,42051,0.2477,0.2349
15501,42111,0.9538,0.9814
15501,42129,0.0462,0.0186
15531,42111,0.8742,0.8987
15531,42129,0.1258,0.1013
15533,42009,0.9402,0.9576
15533,42057,0.0598,0.0424
15534,42009,0.9913,0.9954
15534,42111,0.0087,0.0046
15545,42009,0.5821,0.7322
15545,42111,0.4179,0.2678
15557,42111,0.9924,0.9858
15557,42051,0.0076,0.0142
15559,42009,0.9989,0.9994
15610,42129,0.6729,0.636
15610,42051,0.3271,0.364
15613,42129,0.6188,0.6863
15613,42005,0.3812,0.3137
15618,42005,0.631,0.5358
15618,42129,0.2938,0.4446
15618,42063,0.0752,0.0196
15622,42051,0.3692,0.4854
15622,42111,0.3474,0.2039
15622,42129,0.2834,0.3107
15642,42129,0.981,0.9896
15642,42003,0.019,0.0104
15656,42129,0.5745,0.6226
15656,42005,0.4255,0.3774
15666,42129,0.761,0.8703
15666,42051,0.239,0.1297
15668,42129,0.9978,0.9917
15668,42003,0.0022,0.0083
15681,42063,0.5498,0.322
15681,42129,0.4502,0.678
15683,42129,0.8108,0.9443
15683,42051,0.1892,0.0557
15690,42005,0.907,0.4933
15690,42129,0.093,0.5067
15714,42021,0.5566,0.8513
15714,42063,0.4434,0.1487
15717,42063,0.6974,0.7632
15717,42129,0.3026,0.2368
15724,42063,0.5977,0.705
15724,42033,0.2896,0.1397
15724,42021,0.1127,0.1553
15732,42063,0.8953,0.8797
15732,42005,0.1047,0.1203
15742,42063,0.9348,0.9654
15742,42033,0.0652,0.0346
15757,42033,0.9464,0.9042
15757,42063,0.0536,0.0958
15767,42065,0.836,0.9423
15767,42063,0.0916,0.0376
15767,42033,0.0724,0.0202
15772,42063,0.9651,0.8904
15772,42065,0.0349,0.1096
15774,42005,0.533,0.535
15774,42063,0.467,0.465
15801,42033,0.9918,0.9974
15801,42065,0.0082,0.0026
15823,42047,0.8492,0.8918
15823,42065,0.1508,0.1082
15824,42065,0.9423,0.7995
15824,42033,0.0577,0.2005
15828,42053,0.5751,0.489
15828,42065,0.4249,0.511
15829,42065,0.6886,0.7148
15829,42031,0.3114,0.2852
15832,42023,0.8926,0.848
15832,42047,0.1074,0.152
15840,42065,0.9702,0.8362
15840,42033,0.0298,0.1638
15853,42047,0.936,0.9618
15853,42065,0.064,0.0382
15860,42065,0.5257,0.7222
15860,42047,0.4515,0.2402
15860,42031,0.0229,0.0376
15864,42065,0.5616,0.4918
15864,42031,0.4384,0.5082
15865,42065,0.787,0.8993
15865,42033,0.213,0.1007
15870,42047,0.9406,0.9395
15870,42083,0.0594,0.0605
15904,42021,1.0,1.0
15905,42021,0.5889,0.8956
15905,42111,0.4111,0.1044
15944,42129,0.6406,0.6128
15944,42063,0.3594,0.3872
15946,42021,0.6942,0.8563
15946,42013,0.2114,0.1205
15946,42009,0.0945,0.0231
15954,42063,0.6042,0.7473
15954,42129,0.3958,0.2527
15957,42063,0.5393,0.3817
15957,42021,0.4607,0.6183
15961,42063,0.5708,0.5046
15961,42021,0.4292,0.4954
15963,42111,0.7425,0.6401
15963,42021,0.2575,0.3599
16025,42019,0.8818,0.9161
16025,42005,0.1182,0.0839
16028,42005,0.9478,0.9333
16028,42031,0.0522,0.0667
16037,42019,0.8632,0.892
16037,42073,0.0783,0.0527
16037,42007,0.0585,0.0553
16038,42019,0.6238,0.791
16038,42121,0.3762,0.209
16041,42019,0.6129,0.5919
16041,42005,0.3871,0.4081
16046,42019,0.8044,0.8208
16046,42003,0.1956,0.1792
16049,42031,0.4576,0.4599
16049,42019,0.4312,0.4043
16049,42005,0.1111,0.1357
16051,42019,0.595,0.597
16051,42073,0.405,0.403
16055,42019,0.8845,0.9603
16055,42005,0.1153,0.0396
16057,42019,0.8628,0.9192
16057,42073,0.1261,0.0733
16057,42085,0.0111,0.0075
16059,42019,0.9662,0.9489
16059,42003,0.0338,0.0511
16063,42019,0.7794,0.8677
16063,42007,0.2206,0.1323
16110,42039,0.7597,0.4765
16110,42085,0.2403,0.5235
16117,42073,0.6557,0.7936
16117,42007,0.3443,0.2064
16120,42073,0.895,0.8711
16120,42007,0.105,0.1289
16123,42007,0.8195,0.8647
16123,42073,0.1805,0.1353
16125,42085,0.9842,0.9961
16125,42039,0.0158,0.0039
16127,42085,0.8998,0.9736
16127,42121,0.0801,0.0165
16127,42073,0.017,0.0069
16134,42039,0.5402,0.5064
16134,42085,0.4598,0.4936
16141,42073,0.697,0.6134
16141,42007,0.303,0.3866
16142,42085,0.6244,0.4635
16142,42073,0.3756,0.5365
16143,42073,0.7066,0.5623
16143,42085,0.2934,0.4377
16153,42085,0.8654,0.9111
16153,42121,0.1346,0.0889
16156,42073,0.7858,0.7928
16156,42085,0.2142,0.2072
16157,42073,0.818,0.7999
16157,42007,0.182,0.2001
16159,42085,0.8952,0.9474
16159,42073,0.1048,0.0526
16217,42053,0.7563,0.6565
16217,42031,0.2437,0.3435
16222,42005,0.8293,0.8838
16222,42063,0.089,0.0601
16222,42065,0.0817,0.056
16224,42031,0.9511,0.9592
16224,42005,0.0489,0.0408
16229,42005,0.8803,0.7422
16229,42019,0.0712,0.1816
16229,42129,0.0485,0.0762
16232,42031,0.9873,0.9917
16232,42121,0.0127,0.0083
16240,42065,0.3671,0.3093
16240,42005,0.3593,0.3596
16240,42031,0.2736,0.3311
16242,42031,0.503,0.5504
16242,42005,0.497,0.4496
16260,42031,0.6044,0.7268
16260,42053,0.3956,0.2732
16311,42085,0.9537,0.9418
16311,42121,0.0463,0.0582
16314,42039,0.8056,0.8143
16314,42085,0.1143,0.1015
16314,42121,0.0801,0.0843
16317,42121,0.953,0.9435
16317,42039,0.047,0.0565
16319,42121,0.7524,0.8153
16319,42031,0.2476,0.1847
16327,42039,0.996,0.9952
16341,42121,0.6825,0.8418
16341,42053,0.3175,0.1582
16342,42121,0.9664,0.9411
16342,42085,0.0336,0.0589
16347,42123,0.571,0.5344
16347,42053,0.429,0.4656
16351,42123,0.8654,0.9102
16351,42053,0.1346,0.0898
16353,42053,0.8033,0.5822
16353,42031,0.1014,0.2281
16353,42121,0.0953,0.1897
16354,42121,0.5158,0.2564
16354,42039,0.407,0.7262
16354,42123,0.0772,0.0175
16362,42121,0.8873,0.9199
16362,42085,0.1127,0.0801
16364,42121,0.7988,0.7574
16364,42031,0.2012,0.2426
16373,42121,0.6468,0.6011
16373,42031,0.2829,0.3248
16373,42019,0.0703,0.0741
16401,42049,0.9575,0.9773
16401,42039,0.0425,0.0227
16403,42039,0.9311,0.9077
16403,42049,0.0689,0.0923
16407,42049,0.7238,0.8827
16407,42123,0.2398,0.1014
16407,42039,0.0364,0.0159
16412,42049,0.7907,0.8818
16412,42039,0.2093,0.1182
16434,42039,0.8298,0.8821
16434,42123,0.1702,0.1179
16435,42039,0.9953,0.993
16435,42049,0.0047,0.007
16438,42049,0.6899,0.841
16438,42039,0.3101,0.159
16441,42049,0.9714,0.9827
16441,42039,0.0286,0.0173
16613,42021,0.6809,0.5898
16613,42013,0.3191,0.4102
16625,42013,0.5812,0.7701
16625,42009,0.4188,0.2299
16627,42033,0.8727,0.9262
16627,42021,0.1273,0.0738
16636,42021,0.9504,0.9058
16636,42013,0.0496,0.0942
16639,42021,0.8875,0.7545
16639,42033,0.1125,0.2455
16641,42021,0.9321,0.9321
16641,42013,0.0679,0.0679
16646,42021,0.9864,0.9958
16646,42033,0.0136,0.0042
16655,42009,0.9791,0.951
16655,42013,0.0209,0.049
16657,42061,0.9798,0.9685
16657,42009,0.0202,0.0315
16662,42013,0.8493,0.9008
16662,42009,0.1507,0.0992
16666,42033,0.8925,0.9801
16666,42027,0.1075,0.0199
16673,42013,0.6217,0.8771
16673,42009,0.3783,0.1229
16678,42009,0.5526,0.6752
16678,42061,0.4474,0.3248
16686,42013,0.6848,0.8784
16686,42061,0.2475,0.0881
16686,42027,0.0678,0.0335
16694,42061,0.8445,0.8709
16694,42009,0.1411,0.1207
16694,42057,0.0144,0.0083
16701,42083,0.9451,0.9844
16701,42123,0.0549,0.0156
16720,42105,0.8529,0.7107
16720,42023,0.1052,0.1234
16720,42083,0.0419,0.1659
16735,42083,0.6063,0.7746
16735,42047,0.3937,0.2254
16743,42083,0.8842,0.9153
16743,42105,0.1158,0.0847
16748,42105,0.7671,0.5998
16748,42083,0.2329,0.4002
16822,42035,0.9576,0.9471
16822,42027,0.0424,0.0529
16841,42027,0.9878,0.9902
16841,42035,0.0122,0.0098
16845,42027,0.6399,0.6902
16845,42033,0.3601,0.3098
16860,42033,0.7661,0.9027
16860,42027,0.2339,0.0973
16865,42027,0.8427,0.95
16865,42061,0.1573,0.05
16866,42027,0.9059,0.7844
16866,42033,0.0941,0.2156
16871,42035,0.7424,0.7058
16871,42033,0.2576,0.2942
16877,42027,0.5869,0.8314
16877,42061,0.4131,0.1686
16914,42015,0.932,0.9544
16914,42117,0.068,0.0456
16921,42117,0.987,0.9938
16921,42105,0.013,0.0062
16930,42117,0.7469,0.8142
16930,42081,0.2531,0.1858
16936,42117,0.8294,0.8454
16936,42015,0.1706,0.1546
16938,42117,0.7282,0.8241
16938,42081,0.2718,0.1759
16943,42105,0.5866,0.4067
16943,42117,0.4134,0.5933
16947,42015,0.8717,0.9114
16947,42117,0.1283,0.0886
16950,42117,0.8327,0.8989
16950,42105,0.1673,0.1011
17002,42061,0.8228,0.6765
17002,42087,0.1772,0.3235
17011,42041,0.9366,0.9847
17011,42133,0.0634,0.0153
17017,42097,0.7825,0.5706
17017,42043,0.2175,0.4294
17019,42133,0.924,0.952
17019,42041,0.0618,0.0422
17019,42001,0.0142,0.0059
17020,42099,0.9687,0.9732
17020,42043,0.0313,0.0268
17021,42067,0.7721,0.7647
17021,42099,0.1581,0.1203
17021,42055,0.0542,0.0948
17021,42061,0.0156,0.0202
17022,42071,0.7076,0.9022
17022,42043,0.2924,0.0978
17026,42075,0.9123,0.9624
17026,42011,0.0877,0.0376
17028,42075,0.5394,0.4118
17028,42043,0.4606,0.5882
17033,42043,0.8764,0.9326
17033,42075,0.1236,0.0674
17035,42067,0.9391,0.9556
17035,42099,0.0609,0.0444
17045,42099,0.6711,0.6231
17045,42067,0.2558,0.2776
17045,42109,0.0731,0.0993
17053,42099,0.9931,0.939
17053,42041,0.0069,0.061
17055,42041,0.8758,0.9694
17055,42133,0.1242,0.0306
17060,42061,0.9289,0.8546
17060,42087,0.0711,0.1454
17062,42099,0.7631,0.7279
17062,42067,0.2369,0.2721
17063,42087,0.9407,0.918
17063,42109,0.0593,0.082
17066,42061,0.8237,0.9082
17066,42087,0.1763,0.0918
17067,42075,0.7346,0.9295
17067,42011,0.2654,0.0705
17070,42133,0.8651,0.4944
17070,42041,0.1349,0.5056
17073,42075,0.9056,0.8938
17073,42071,0.0944,0.1062
17078,42075,0.8358,0.9004
17078,42043,0.1642,0.0996
17086,42109,0.6406,0.5889
17086,42067,0.3594,0.4111
17087,42011,0.68,0.5301
17087,42075,0.32,0.4699
17215,42061,0.5912,0.6192
17215,42057,0.4088,0.3808
17222,42055,0.6903,0.8674
17222,42001,0.3097,0.1326
17224,42055,0.9514,0.9467
17224,42057,0.0486,0.0533
17229,42057,0.904,0.8263
17229,42061,0.096,0.1737
17236,42055,0.9531,0.9793
17236,42057,0.0469,0.0207
17240,42041,0.6082,0.8123
17240,42055,0.3918,0.1877
17243,42061,0.7164,0.8548
17243,42067,0.2836,0.1452
17255,42061,0.9455,0.9561
17255,42057,0.0545,0.0439
17257,42041,0.6362,0.5021
17257,42055,0.3638,0.4979
17264,42061,0.9163,0.9559
17264,42057,0.0837,0.0441
17301,42001,0.6051,0.6727
17301,42133,0.3949,0.3273
17307,42001,0.9064,0.896
17307,42041,0.0936,0.104
17316,42001,0.5757,0.7373
17316,42133,0.4243,0.2627
17324,42041,0.6513,0.6619
17324,42001,0.3487,0.3381
17331,42133,0.6016,0.7426
17331,42001,0.3984,0.2574
17372,42001,0.9874,0.9692
17372,42133,0.0126,0.0308
17527,42071,0.9412,0.8943
17527,42029,0.0588,0.1057
17545,42071,0.9409,0.9502
17545,42075,0.0591,0.0498
17555,42071,0.99,0.9795
17555,42029,0.0095,0.0197
17569,42071,0.7387,0.748
17569,42011,0.2613,0.252
17701,42081,0.8982,0.9954
17701,42113,0.1018,0.0046
17724,42015,0.7513,0.9124
17724,42117,0.1679,0.07
17724,42081,0.0808,0.0176
17727,42117,0.5892,0.8455
17727,42081,0.4108,0.1545
17729,42105,0.7132,0.6985
17729,42035,0.2868,0.3015
17737,42081,0.9843,0.9977
17737,42113,0.0157,0.0023
17740,42081,0.8294,0.7219
17740,42035,0.1706,0.2781
17745,42035,0.7165,0.9742
17745,42081,0.2835,0.0258
17756,42081,0.8163,0.8408
17756,42097,0.1351,0.1377
17756,42093,0.0285,0.0121
17756,42037,0.0201,0.0094
17758,42113,0.9505,0.8548
17758,42081,0.0495,0.1452
17765,42117,0.5682,0.6301
17765,42081,0.4244,0.3169
17765,42015,0.0074,0.053
17772,42093,0.6863,0.5054
17772,42097,0.3137,0.4946
17774,42081,0.992,0.9873
17774,42037,0.008,0.0127
17777,42097,0.9692,0.99
17777,42093,0.0308,0.01
17810,42081,0.7382,0.4409
17810,42119,0.2618,0.5591
17814,42037,0.5571,0.7517
17814,42113,0.2547,0.0604
17814,42079,0.1679,0.172
17814,42081,0.0204,0.0159
17815,42037,0.9731,0.9883
17815,42079,0.0238,0.0108
17820,42037,0.9411,0.9167
17820,42093,0.0589,0.0833
17821,42093,0.7048,0.8095
17821,42097,0.2353,0.1544
17821,42037,0.0598,0.0361
17824,42037,0.5456,0.2627
17824,42097,0.4392,0.7226
17824,42093,0.0152,0.0147
17841,42087,0.5382,0.6357
17841,42109,0.4618,0.3643
17846,42037,0.9644,0.979
17846,42081,0.0356,0.021
17847,42097,0.7994,0.9463
17847,42093,0.2006,0.0537
17853,42109,0.818,0.8036
17853,42067,0.182,0.1964
17870,42109,0.9792,0.9918
17870,42119,0.0208,0.0082
17878,42037,0.7075,0.7633
17878,42079,0.2925,0.2367
17889,42109,0.5873,0.7483
17889,42119,0.4127,0.2517
17921,42107,0.9144,0.9828
17921,42037,0.0856,0.0172
17941,42107,0.6366,0.5863
17941,42097,0.3634,0.4137
17945,42037,0.9744,0.8716
17945,42107,0.0256,0.1284
17963,42107,0.9637,0.982
17963,42075,0.0363,0.018
17964,42107,0.897,0.8757
17964,42097,0.103,0.1243
17978,42043,0.6048,0.524
17978,42107,0.3952,0.476
17980,42043,0.6761,0.7046
17980,42107,0.3239,0.2954
17985,42107,0.5781,0.7123
17985,42037,0.4219,0.2877
18011,42011,0.769,0.5294
18011,42077,0.231,0.4706
18015,42095,0.6547,0.656
18015,42077,0.3453,0.344
18017,42095,0.948,0.9251
18017,42077,0.052,0.0749
18018,42077,0.6625,0.5668
18018,42095,0.3375,0.4332
18031,42077,0.9867,0.995
18031,42011,0.0133,0.005
18032,42077,0.6428,0.6351
18032,42095,0.3572,0.3649
18036,42077,0.6234,0.7909
18036,42017,0.3766,0.2091
18041,42091,0.6412,0.8208
18041,42077,0.2802,0.1256
18041,42017,0.049,0.044
18041,42011,0.0296,0.0096
18042,42095,0.9929,0.9988
18042,42017,0.0071,0.0012
18054,42091,0.8004,0.7451
18054,42017,0.1996,0.2549
18055,42095,0.9431,0.9761
18055,42017,0.0569,0.0239
18058,42089,0.8439,0.8467
18058,42025,0.1561,0.1533
18062,42077,0.6975,0.945
18062,42011,0.3025,0.055
18070,42091,0.6071,0.8025
18070,42011,0.3929,0.1975
18071,42025,0.9687,0.9859
18071,42089,0.0313,0.0141
18073,42091,0.8491,0.8848
18073,42017,0.1509,0.1152
18077,42017,0.9311,0.8865
18077,42095,0.0689,0.1135
18092,42077,0.9248,0.9581
18092,42011,0.0752,0.0419
18109,42077,0.9491,0.9345
18109,42095,0.0509,0.0655
18201,42079,0.9757,0.9987
18201,42025,0.0243,0.0013
18202,42079,0.8869,0.9711
18202,42107,0.1131,0.0289
18210,42025,0.936,0.8603
18210,42089,0.064,0.1397
18211,42107,0.9628,0.9346
18211,42025,0.0372,0.0654
18216,42025,0.7341,0.3554
18216,42079,0.2659,0.6446
18237,42107,0.9433,0.9801
18237,42025,0.0567,0.0199
18240,42025,0.8721,0.9026
18240,42107,0.1279,0.0974
18241,42079,0.9689,0.9724
18241,42107,0.0311,0.0276
18250,42025,0.7785,0.7182
18250,42107,0.2215,0.2818
18255,42025,0.8878,0.8617
18255,42079,0.1122,0.1383
18302,42089,0.9921,0.9814
18302,42103,0.0079,0.0186
18324,42103,0.9943,0.9943
18324,42089,0.0057,0.0057
18325,42089,0.7264,0.808
18325,42103,0.2736,0.192
18326,42089,0.9726,0.9828
18326,42103,0.0274,0.0172
18405,42127,0.7631,0.7089
18405,42103,0.2369,0.2911
18407,42069,0.9246,0.987
18407,42115,0.0754,0.013
18414,42069,0.6989,0.7547
18414,42131,0.3011,0.2453
18419,42131,0.6407,0.6347
18419,42069,0.3284,0.3526
18419,42115,0.0309,0.0127
18421,42115,0.4683,0.681
18421,42127,0.4529,0.198
18421,42069,0.0788,0.121
18424,42069,0.6897,0.5418
18424,42127,0.194,0.3154
18424,42089,0.0986,0.1346
18424,42079,0.0177,0.0082
18426,42103,0.9965,0.9962
18428,42103,0.7578,0.7351
18428,42127,0.2422,0.2649
18436,42127,0.7261,0.8313
18436,42069,0.2739,0.1687
18444,42069,0.8613,0.8536
18444,42127,0.1387,0.1464
18445,42127,0.6782,0.6897
18445,42103,0.3218,0.3103
18446,42115,0.5683,0.3929
18446,42131,0.3558,0.5023
18446,42069,0.076,0.1049
18462,42127,0.8496,0.8054
18462,42115,0.1504,0.1946
18465,42115,0.8465,0.8847
18465,42127,0.1535,0.1153
18466,42089,0.9773,0.9957
18466,42127,0.0227,0.0043
18470,42115,0.8142,0.8867
18470,42127,0.1858,0.1133
18603,42037,0.5796,0.7461
18603,42079,0.4204,0.2539
18610,42089,0.9551,0.9867
18610,42079,0.0449,0.0133
18612,42079,0.8907,0.9789
18612,42131,0.1093,0.0211
18614,42113,0.7591,0.7391
18614,42131,0.2256,0.2415
18614,42015,0.0153,0.0194
18615,42131,0.9282,0.8712
18615,42079,0.0718,0.1288
18616,42113,0.8719,0.8417
18616,42015,0.1281,0.1583
18618,42079,0.609,0.8949
18618,42131,0.391,0.1051
18619,42113,0.816,0.8235
18619,42081,0.184,0.1765
18623,42015,0.4526,0.4673
18623,42131,0.3592,0.3944
18623,42115,0.1882,0.1383
18630,42115,0.6427,0.5831
18630,42131,0.3573,0.4169
18635,42079,0.6023,0.5924
18635,42037,0.3977,0.4076
18636,42131,0.8841,0.8699
18636,42079,0.1159,0.1301
18641,42079,0.803,0.8586
18641,42069,0.197,0.1414
18655,42079,0.9039,0.8826
18655,42037,0.0961,0.1174
18661,42079,0.6736,0.8277
18661,42025,0.3264,0.1723
18829,42015,0.9859,0.9848
18829,42115,0.0141,0.0152
18830,42115,0.9375,0.9417
18830,42015,0.0625,0.0583
18833,42015,0.9222,0.9562
18833,42113,0.0778,0.0438
18844,42115,0.9891,0.9926
18844,42131,0.0109,0.0074
18846,42015,0.9962,0.9968
18847,42115,0.7991,0.9082
18847,42127,0.2009,0.0918
18914,42017,0.9856,0.9873
18914,42091,0.0144,0.0127
18951,42017,0.9956,0.998
18964,42091,0.8861,0.9601
18964,42017,0.1139,0.0399
18969,42091,0.8102,0.7298
18969,42017,0.1898,0.2702
19003,42045,0.5385,0.5122
19003,42091,0.4615,0.4878
19006,42091,0.9096,0.8936
19006,42017,0.0904,0.1064
19010,42045,0.5516,0.5817
19010,42091,0.4484,0.4183
19040,42091,0.9871,0.9791
19040,42017,0.0129,0.0209
19041,42045,0.6771,0.6588
19041,42091,0.3229,0.3412
19073,42045,0.7857,0.9039
19073,42029,0.2143,0.0961
19083,42045,0.9964,0.9968
19085,42045,0.5677,0.4755
19085,42091,0.4323,0.5245
19087,42029,0.5,0.4811
19087,42045,0.3469,0.3584
19087,42091,0.1531,0.1604
19096,42091,0.9519,0.9593
19096,42045,0.0481,0.0407
19118,42101,0.9821,0.9881
19118,42091,0.0179,0.0119
19128,42101,0.9758,0.9856
19128,42091,0.0242,0.0144
19153,42101,0.7126,0.9911
19153,42045,0.2874,0.0089
19310,42029,0.9247,0.9277
19310,42071,0.0753,0.0723
19312,42029,0.9578,0.9664
19312,42045,0.0422,0.0336
19317,42029,0.5683,0.6313
19317,42045,0.4317,0.3687
19319,42045,0.7445,0.7123
19319,42029,0.2555,0.2877
19342,42045,0.967,0.9694
19342,42029,0.033,0.0306
19344,42029,0.9735,0.99
19344,42071,0.0265,0.01
19362,42029,0.6143,0.6948
19362,42071,0.3857,0.3052
19363,42029,0.9627,0.983
19363,42071,0.0373,0.017
19373,42045,0.9602,0.9615
19373,42029,0.0398,0.0385
19382,42029,0.9742,0.9835
19382,42045,0.0258,0.0165
19440,42091,0.7523,0.9071
19440,42017,0.2477,0.0929
19454,42091,0.9912,0.9953
19454,42017,0.0088,0.0047
19460,42029,0.8163,0.7841
19460,42091,0.1837,0.2159
19464,42091,0.992,0.9984
19464,42011,0.008,0.0016
19501,42071,0.9799,0.9899
19501,42011,0.0201,0.0101
19504,42011,0.7146,0.7429
19504,42091,0.2854,0.2571
19505,42011,0.9278,0.9559
19505,42091,0.0722,0.0441
19512,42011,0.985,0.9602
19512,42091,0.015,0.0398
19520,42029,0.7697,0.7719
19520,42011,0.2303,0.2281
19525,42091,0.9984,0.9986
19529,42011,0.6606,0.5699
19529,42077,0.3394,0.4301
19530,42011,0.9039,0.9025
19530,42077,0.0961,0.0975
19539,42011,0.9484,0.9108
19539,42077,0.0516,0.0892
19540,42011,0.8996,0.9331
19540,42071,0.1004,0.0669
19543,42011,0.6839,0.7453
19543,42071,0.2931,0.2144
19543,42029,0.023,0.0403
19551,42011,0.8196,0.8413
19551,42075,0.172,0.1517
19551,42071,0.0084,0.007
19938,10001,0.8508,0.9246
19938,10003,0.1492,0.0754
19950,10005,0.7581,0.8319
19950,10001,0.2419,0.1681
19952,10001,0.984,0.9864
19952,10005,0.016,0.0136
19963,10005,0.5026,0.5609
19963,10001,0.4974,0.4391
19973,10005,0.9269,0.99
19973,24019,0.0731,0.01
19977,10001,0.7762,0.9257
19977,10003,0.2238,0.0743
20106,51157,0.7178,0.4252
20106,51047,0.2109,0.4932
20106,51061,0.0714,0.0816
20110,51683,0.7668,0.8868
20110,51153,0.2332,0.1132
20111,51153,0.8151,0.5976
20111,51685,0.1849,0.4024
20117,51107,0.8939,0.9384
20117,51061,0.1061,0.0616
20119,51061,0.99,0.9851
20119,51153,0.01,0.0149
20120,51059,0.8985,0.9744
20120,51107,0.1015,0.0256
20130,51043,0.54,0.6887
20130,51061,0.2337,0.1085
20130,51107,0.2263,0.2027
20135,51043,0.6074,0.6754
20135,51107,0.3855,0.3026
20135,54037,0.0071,0.022
20137,51061,0.8181,0.8177
20137,51153,0.1819,0.1823
20169,51153,0.9699,0.9977
20169,51061,0.0301,0.0023
20181,51153,0.9352,0.8719
20181,51061,0.0648,0.1281
20184,51107,0.5609,0.55
20184,51061,0.4391,0.45
20186,51061,0.9835,0.9938
20186,51047,0.0165,0.0062
20601,24017,0.8392,0.835
20601,24033,0.1608,0.165
20607,24033,0.9641,0.957
20607,24017,0.0359,0.043
20613,24033,0.9171,0.918
20613,24017,0.0829,0.082
20622,24017,0.8327,0.6501
20622,24037,0.1673,0.3499
20659,24037,0.9587,0.9798
20659,24017,0.0413,0.0202
20701,24027,0.541,0.7312
20701,24003,0.459,0.2688
20705,24033,0.9888,0.975
20705,24031,0.0112,0.025
20707,24033,0.9376,0.966
20707,24031,0.0624,0.034
20714,24003,0.6416,0.1965
20714,24009,0.3584,0.8035
20736,24009,0.9703,0.9852
20736,24003,0.0297,0.0148
20754,24009,0.8312,0.8929
20754,24003,0.1688,0.1071
20758,24003,0.975,0.8422
20758,24009,0.025,0.1578
20777,24027,0.9827,0.9763
20777,24031,0.0173,0.0237
20794,24027,0.6648,0.6147
20794,24003,0.3352,0.3853
20833,24031,0.9023,0.94
20833,24027,0.0977,0.06
20842,24031,0.7747,0.7404
20842,24021,0.2253,0.2596
20871,24031,0.9439,0.9263
20871,24021,0.0561,0.0737
20903,24031,0.9509,0.8911
20903,24033,0.0491,0.1089
20904,24031,0.9752,0.9278
20904,24033,0.0248,0.0722
20912,24031,0.8996,0.9202
20912,24033,0.1004,0.0798
21013,24005,0.7107,0.7429
21013,24025,0.2893,0.2571
21043,24027,0.9678,0.9635
21043,24005,0.0322,0.0365
21074,24013,0.7201,0.9174
21074,24005,0.2799,0.0826
21076,24003,0.8969,0.854
21076,24027,0.1031,0.146
21082,24005,0.974,0.9365
21082,24025,0.026,0.0635
21085,24025,0.9431,0.9724
21085,24005,0.0569,0.0276
21087,24005,0.9007,0.8676
21087,24025,0.0993,0.1324
21102,24013,0.7666,0.8527
21102,24005,0.2334,0.1473
21104,24027,0.5345,0.5888
21104,24013,0.3188,0.3431
21104,24005,0.1467,0.068
21111,24005,0.7672,0.7485
21111,24025,0.2328,0.2515
21136,24005,0.9622,0.9747
21136,24013,0.0378,0.0253
21155,24005,0.8909,0.708
21155,24013,0.1091,0.292
21161,24025,0.5323,0.491
21161,24005,0.4677,0.509
21163,24005,0.7327,0.6776
21163,24027,0.2673,0.3224
21206,24510,0.6867,0.76
21206,24005,0.3133,0.24
21207,24005,0.7199,0.7101
21207,24510,0.2801,0.2899
21208,24005,0.9858,0.9629
21208,24510,0.0142,0.0371
21209,24005,0.5562,0.5087
21209,24510,0.4438,0.4913
21210,24510,0.8444,0.9236
21210,24005,0.1556,0.0764
21212,24510,0.5662,0.6759
21212,24005,0.4338,0.3241
21215,24510,0.9655,0.9807
21215,24005,0.0345,0.0193
21222,24005,0.9355,0.9843
21222,24510,0.0645,0.0157
21224,24510,0.7262,0.7517
21224,24005,0.2738,0.2483
21225,24003,0.6444,0.5821
21225,24510,0.3556,0.4179
21226,24510,0.5016,0.4747
21226,24003,0.4984,0.5253
21227,24005,0.9668,0.948
21227,24510,0.0332,0.052
21228,24005,0.9989,0.9981
21229,24510,0.8561,0.8482
21229,24005,0.1439,0.1518
21234,24005,0.9267,0.895
21234,24510,0.0733,0.105
21236,24005,0.981,0.9787
21236,24510,0.019,0.0213
21237,24005,0.9369,0.9603
21237,24510,0.0631,0.0397
21239,24510,0.7328,0.8663
21239,24005,0.2672,0.1337
21521,24023,0.622,0.2241
21521,24001,0.378,0.7759
21532,24001,0.5449,0.9133
21532,24023,0.4551,0.0867
21539,24023,0.5741,0.1952
21539,24001,0.4259,0.8048
21562,24023,0.5025,0.127
21562,24001,0.4975,0.873
21620,24029,0.7426,0.8144
21620,24035,0.2574,0.1856
21632,24011,0.7979,0.8851
21632,24019,0.2021,0.1149
21640,24011,0.8018,0.8356
21640,24035,0.1982,0.1644
21649,24035,0.5228,0.4099
21649,24011,0.4772,0.5901
21651,24029,0.7059,0.6589
21651,24035,0.2941,0.3411
21655,24011,0.9997,0.9995
21657,24035,0.7672,0.7808
21657,24041,0.1989,0.1636
21657,24011,0.0339,0.0556
21679,24041,0.9674,0.96
21679,24035,0.0326,0.04
21719,24043,0.9742,0.9924
21719,24021,0.0258,0.0076
21757,24013,0.5235,0.4434
21757,24021,0.4765,0.5566
21758,24021,0.5033,0.7545
21758,24043,0.4967,0.2455
21769,24021,0.9932,0.9929
21769,24043,0.0068,0.0071
21771,24021,0.5137,0.4372
21771,24013,0.2623,0.4185
21771,24027,0.1823,0.116
21771,24031,0.0418,0.0283
21776,24013,0.7916,0.8869
21776,24021,0.2084,0.1131
21780,24021,0.9574,0.8384
21780,24043,0.0426,0.1616
21783,24043,0.7289,0.8789
21783,24021,0.2711,0.1211
21784,24013,0.8197,0.9259
21784,24027,0.1803,0.0741
21787,24013,0.8701,0.9556
21787,24021,0.1299,0.0444
21791,24021,0.6067,0.5034
21791,24013,0.3933,0.4966
21797,24027,0.6693,0.5816
21797,24013,0.3177,0.4044
21797,24031,0.013,0.014
21804,24045,0.7758,0.9864
21804,24047,0.2242,0.0136
21822,24045,0.4994,0.725
21822,24047,0.2646,0.0597
21822,24039,0.2359,0.2153
21851,24047,0.8035,0.8534
21851,24039,0.1965,0.1466
21874,24045,0.9947,0.9962
21874,10005,0.0053,0.0038
21912,24015,0.9976,0.9931
21912,10003,0.0024,0.0069
22030,51059,0.7606,0.6329
22030,51600,0.2394,0.3671
22031,51059,0.8239,0.8784
22031,51600,0.1761,0.1216
22032,51059,0.9543,0.9367
22032,51600,0.0457,0.0633
22042,51059,0.9905,0.9883
22042,51610,0.0095,0.0117
22043,51059,0.9878,0.9846
22043,51610,0.0122,0.0154
22044,51059,0.9422,0.9446
22044,51610,0.0578,0.0554
22046,51610,0.6626,0.6895
22046,51059,0.3374,0.3105
22066,51059,0.991,0.9466
22066,51107,0.009,0.0534
22101,51059,0.9949,0.9924
22101,51013,0.0051,0.0076
22134,51179,0.7742,0.0
22134,51153,0.2258,1.0
22203,51013,0.9907,0.9876
22203,51059,0.0093,0.0124
22206,51013,0.9705,0.9457
22206,51510,0.0295,0.0543
22207,51013,0.9937,0.9944
22207,51059,0.0063,0.0056
22302,51510,0.9565,0.952
22302,51059,0.0435,0.048
22304,51510,0.9662,0.9861
22304,51059,0.0338,0.0139
22311,51510,0.7582,0.7588
22311,51059,0.2418,0.2412
22312,51059,0.9164,0.7952
22312,51510,0.0836,0.2048
22406,51179,0.9532,0.9903
22406,51061,0.0468,0.0097
22407,51177,0.9737,0.9974
22407,51047,0.0252,0.0013
22408,51177,0.8329,0.9915
22408,51033,0.1666,0.0076
22435,51133,0.9307,0.9584
22435,51159,0.0552,0.033
22435,51193,0.0141,0.0086
22437,51097,0.6613,0.4023
22437,51057,0.3387,0.5977
22438,51057,0.8893,0.8979
22438,51033,0.1107,0.1021
22443,51193,0.9968,0.9986
22473,51133,0.9673,0.9747
22473,51103,0.0327,0.0253
22482,51133,0.6358,0.6098
22482,51103,0.3642,0.3902
22485,51099,0.9976,0.9981
22503,51103,0.9796,0.984
22503,51133,0.0204,0.016
22504,51057,0.8117,0.8331
22504,51119,0.1883,0.1669
22508,51137,0.9019,0.953
22508,51177,0.0981,0.047
22514,51033,0.9762,0.9896
22514,51097,0.0238,0.0104
22520,51193,0.9739,0.9843
22520,51159,0.0261,0.0157
22546,51033,0.9385,0.9541
22546,51085,0.0462,0.0321
22546,51177,0.0153,0.0138
22551,51177,0.9938,0.9951
22551,51137,0.0062,0.0049
22556,51179,0.9919,0.9989
22556,51061,0.0081,0.0011
22560,51057,0.8869,0.9618
22560,51097,0.1131,0.0382
22567,51137,0.9934,0.9876
22567,51177,0.0066,0.0124
22572,51159,0.9132,0.8857
22572,51193,0.0868,0.1143
22580,51033,0.8991,0.7673
22580,51177,0.1009,0.2327
22601,51840,0.9405,0.9823
22601,51069,0.0595,0.0177
22610,51187,0.9998,0.9999
22630,51187,0.9758,0.96
22630,51069,0.0157,0.0373
22630,51043,0.0061,0.0024
22642,51187,0.5211,0.8669
22642,51061,0.4789,0.1331
22645,51069,0.5701,0.7195
22645,51187,0.4299,0.2805
22654,51069,0.6817,0.7465
22654,51171,0.3183,0.2535
22655,51069,0.9156,0.9878
22655,51187,0.0844,0.0122
22657,51171,0.8601,0.8732
22657,51187,0.1399,0.1268
22663,51043,0.7534,0.3377
22663,51069,0.1606,0.6108
22663,51187,0.0859,0.0515
22701,51047,0.7841,0.9086
22701,51137,0.1434,0.0574
22701,51113,0.0726,0.034
22713,51047,0.676,0.8804
22713,51157,0.324,0.1196
22716,51157,0.971,0.8978
22716,51047,0.029,0.1022
22733,51047,0.5035,0.5797
22733,51137,0.4772,0.4016
22733,51113,0.0194,0.0188
22734,51061,0.6541,0.7864
22734,51047,0.3459,0.2136
22735,51113,0.6278,0.3893
22735,51047,0.3722,0.6107
22740,51157,0.938,0.845
22740,51047,0.0429,0.1456
22740,51113,0.0191,0.0094
22801,51165,0.6874,0.4496
22801,51660,0.3126,0.5504
22802,51165,0.9332,0.3307
22802,51660,0.0668,0.6693
22812,51165,0.59,0.8926
22812,51015,0.41,0.1074
22815,51165,0.9696,0.9866
22815,51171,0.0304,0.0134
22827,51165,0.7763,0.8839
22827,51139,0.2237,0.1161
22841,51165,0.9811,0.9872
22841,51015,0.0189,0.0128
22844,51171,0.8078,0.8932
22844,51165,0.1922,0.1068
22849,51139,0.8786,0.7841
22849,51165,0.1214,0.2159
22853,51165,0.9148,0.9144
22853,51171,0.0852,0.0856
22901,51003,0.9464,0.8351
22901,51540,0.0536,0.1649
22902,51003,0.9434,0.4613
22902,51540,0.0431,0.5363
22902,51065,0.0135,0.0024
22903,51003,0.9326,0.4703
22903,51540,0.0674,0.5297
22904,51003,0.9074,0.7548
22904,51540,0.0926,0.2452
22920,51125,0.5828,0.6466
22920,51003,0.3695,0.3169
22920,51015,0.0477,0.0365
22922,51125,0.9476,0.9673
22922,51009,0.0524,0.0327
22923,51003,0.4316,0.4035
22923,51137,0.4202,0.2317
22923,51079,0.1481,0.3647
22935,51079,0.6257,0.7713
22935,51003,0.3743,0.2287
22938,51125,0.9095,0.9057
22938,51003,0.0905,0.0943
22940,51003,0.7549,0.6042
22940,51079,0.2451,0.3958
22942,51109,0.5189,0.5268
22942,51137,0.3466,0.3739
22942,51003,0.1344,0.0993
22947,51003,0.8818,0.8108
22947,51109,0.0661,0.1142
22947,51065,0.0521,0.075
22952,51015,0.9885,0.994
22952,51125,0.0115,0.006
22958,51125,0.9729,0.9863
22958,51015,0.0271,0.0137
22960,51137,0.8037,0.8203
22960,51113,0.1641,0.1328
22960,51177,0.0323,0.0469
22967,51125,0.8032,0.8948
22967,51009,0.1968,0.1052
22968,51079,0.9102,0.9186
22968,51003,0.0734,0.0766
22968,51137,0.0164,0.0048
22969,51125,0.5332,0.3822
22969,51003,0.4668,0.6178
22972,51137,0.9529,0.9551
22972,51113,0.0471,0.0449
22973,51079,0.8962,0.9756
22973,51113,0.1038,0.0244
22974,51065,0.7669,0.6907
22974,51109,0.1481,0.1615
22974,51003,0.085,0.1478
22980,51015,0.7991,0.3576
22980,51820,0.2009,0.6424
23002,51007,0.992,0.9947
23002,51135,0.008,0.0053
23015,51085,0.7697,0.6368
23015,51177,0.1449,0.1475
23015,51033,0.076,0.1995
23015,51109,0.0095,0.0162
23024,51109,0.8188,0.851
23024,51177,0.1328,0.107
23024,51085,0.0484,0.042
23030,51036,0.993,0.9771
23030,51087,0.007,0.0229
23038,51075,0.4081,0.4875
23038,51049,0.3917,0.2809
23038,51065,0.2002,0.2317
23040,51049,0.9048,0.8748
23040,51029,0.0952,0.1252
23047,51085,0.8841,0.8802
23047,51033,0.1159,0.1198
23050,51115,0.9296,0.9122
23050,51073,0.0704,0.0878
23059,51085,0.5926,0.1618
23059,51087,0.3889,0.83
23059,51075,0.0185,0.0082
23065,51075,0.7614,0.7013
23065,51109,0.2386,0.2987
23069,51085,0.4168,0.6737
23069,51101,0.3541,0.18
23069,51033,0.229,0.1463
23083,51007,0.9837,0.9675
23083,51135,0.0163,0.0325
23084,51065,0.7393,0.7206
23084,51075,0.1901,0.1912
23084,51109,0.0706,0.0882
23089,51127,0.8799,0.7636
23089,51095,0.1201,0.2364
23093,51109,0.9494,0.9672
23093,51075,0.0427,0.0278
23093,51065,0.008,0.005
23102,51075,0.7523,0.814
23102,51109,0.182,0.1228
23102,51085,0.0658,0.0632
23112,51041,0.9926,0.9992
23112,51145,0.0074,0.0008
23113,51041,0.5355,0.8889
23113,51145,0.4634,0.1083
23117,51109,0.8988,0.8928
23117,51177,0.0687,0.0902
23117,51075,0.0325,0.0171
23120,51041,0.9364,0.9488
23120,51145,0.0636,0.0512
23123,51029,0.9166,0.9202
23123,51049,0.0834,0.0798
23128,51115,0.8338,0.7675
23128,51073,0.1662,0.2325
23139,51145,0.9868,0.9959
23139,51049,0.0132,0.0041
23140,51127,0.5764,0.7645
23140,51036,0.4236,0.2355
23146,51085,0.7835,0.6535
23146,51075,0.2165,0.3465
23148,51097,0.9346,0.9171
23148,51057,0.0654,0.0829
23149,51119,0.4282,0.6443
23149,51073,0.3936,0.2817
23149,51097,0.1782,0.074
23153,51075,0.9971,0.9961
23177,51097,0.8848,0.8665
23177,51101,0.1152,0.1335
23181,51101,0.9102,0.9355
23181,51127,0.0898,0.0645
23185,51095,0.5458,0.5988
23185,51199,0.3149,0.1766
23185,51830,0.1354,0.2244
23188,51095,0.7301,0.8727
23188,51199,0.2577,0.0971
23188,51830,0.0122,0.0302
23192,51085,0.959,0.9645
23192,51109,0.041,0.0355
23222,51087,0.5848,0.3139
23222,51760,0.4152,0.6861
23223,51087,0.7661,0.6136
23223,51760,0.2339,0.3864
23224,51760,0.9447,0.933
23224,51041,0.0553,0.067
23225,51760,0.8054,0.9177
23225,51041,0.1946,0.0823
23226,51760,0.5575,0.6052
23226,51087,0.4425,0.3948
23227,51087,0.7331,0.5529
23227,51760,0.2669,0.4471
23230,51087,0.7163,0.6209
23230,51760,0.2837,0.3791
23231,51087,0.944,0.8569
23231,51036,0.0427,0.0076
23231,51760,0.0134,0.1355
23233,51087,0.7305,0.966
23233,51075,0.2695,0.034
23234,51041,0.6267,0.6548
23234,51760,0.3733,0.3452
23235,51041,0.7364,0.6953
23235,51760,0.2636,0.3047
23238,51075,0.5755,0.158
23238,51087,0.4245,0.842
23321,51550,0.9979,0.9976
23430,51093,0.97,0.9958
23430,51181,0.03,0.0042
23462,51810,0.9999,1.0
23603,51700,0.9725,0.9959
23603,51199,0.0275,0.0041
23605,51700,0.8495,0.8403
23605,51650,0.1505,0.1597
23607,51700,0.9997,0.9996
23665,51650,0.8963,0.6267
23665,51199,0.1037,0.3733
23803,51053,0.4435,0.2579
23803,51041,0.4089,0.2693
23803,51730,0.1476,0.4727
23805,51149,0.4288,0.1932
23805,51053,0.4025,0.1059
23805,51730,0.1687,0.7009
23824,51135,0.76,0.8802
23824,51053,0.1248,0.0387
23824,51025,0.088,0.0434
23824,51111,0.0271,0.0377
23830,51053,0.5172,0.4138
23830,51183,0.2713,0.1164
23830,51149,0.2115,0.4698
23833,51053,0.7374,0.8229
23833,51007,0.2626,0.1771
23834,51041,0.6837,0.4504
23834,51570,0.3163,0.5496
23837,51175,0.9265,0.9797
23837,51183,0.0735,0.0203
23842,51149,0.8258,0.9541
23842,51183,0.1544,0.0388
23842,51181,0.0198,0.0071
23847,51081,0.7866,0.4855
23847,51025,0.0678,0.0526
23847,51175,0.0667,0.027
23847,51183,0.0539,0.021
23847,51595,0.0251,0.4139
23850,51053,0.7041,0.6177
23850,51007,0.2959,0.3823
23851,51175,0.7878,0.3227
23851,51093,0.136,0.0795
23851,51620,0.0761,0.5978
23856,51025,0.9489,0.9556
23856,51081,0.0511,0.0444
23860,51149,0.7711,0.2248
23860,51670,0.2289,0.7752
23866,51175,0.6401,0.5418
23866,51093,0.3553,0.4552
23867,51183,0.5834,0.2592
23867,51081,0.4166,0.7408
23881,51181,0.7082,0.6615
23881,51149,0.2918,0.3385
23882,51183,0.796,0.6957
23882,51053,0.204,0.3043
23888,51183,0.4325,0.5073
23888,51181,0.2885,0.2173
23888,51175,0.279,0.2754
23890,51183,0.8002,0.8185
23890,51181,0.1998,0.1815
23894,51053,0.9076,0.8522
23894,51135,0.0924,0.1478
23898,51093,0.5007,0.709
23898,51175,0.4993,0.291
23901,51049,0.4106,0.2691
23901,51147,0.4001,0.6472
23901,51029,0.1893,0.0838
23919,51117,0.8891,0.9712
23919,51025,0.1109,0.0288
23920,51025,0.8245,0.7729
23920,51117,0.105,0.1778
23920,51111,0.0704,0.0492
23922,51135,0.773,0.8594
23922,51147,0.227,0.1406
23923,51037,0.9425,0.9531
23923,51147,0.0575,0.0469
23924,51117,0.8487,0.9269
23924,51111,0.0934,0.0435
23924,51037,0.058,0.0296
23934,51147,0.551,0.5066
23934,51037,0.449,0.4934
23936,51029,0.9799,0.9723
23936,51049,0.0201,0.0277
23937,51037,0.7764,0.8128
23937,51111,0.2236,0.1872
23938,51025,0.5999,0.5387
23938,51111,0.4001,0.4613
23942,51147,0.6139,0.5213
23942,51111,0.3861,0.4787
23947,51111,0.5174,0.4082
23947,51037,0.3733,0.4967
23947,51147,0.1092,0.0951
23950,51117,0.8438,0.9429
23950,51025,0.1562,0.0571
23954,51147,0.6492,0.7054
23954,51111,0.3508,0.2946
23958,51011,0.4574,0.4913
23958,51147,0.427,0.4034
23958,51037,0.1156,0.1054
23960,51147,0.9706,0.9756
23960,51011,0.0294,0.0244
23962,51037,0.8078,0.7699
23962,51083,0.1922,0.2301
23963,51037,0.726,0.5708
23963,51031,0.2346,0.392
23963,51011,0.0393,0.0373
23964,51037,0.8797,0.8088
23964,51117,0.1203,0.1912
23966,51147,0.7973,0.8737
23966,51007,0.1909,0.1106
23966,51135,0.0118,0.0157
23970,51117,0.7824,0.9227
23970,51111,0.2176,0.0773
24012,51770,0.4934,0.6917
24012,51023,0.2744,0.067
24012,51161,0.2321,0.2413
24014,51161,0.722,0.3279
24014,51770,0.278,0.6721
24015,51770,0.9688,0.9716
24015,51161,0.0312,0.0284
24018,51161,0.9382,0.8162
24018,51770,0.0618,0.1838
24019,51161,0.6587,0.7899
24019,51023,0.2382,0.1233
24019,51770,0.1031,0.0868
24053,51141,0.9638,0.94
24053,51035,0.0362,0.06
24054,51089,0.6735,0.6884
24054,51143,0.3265,0.3116
24055,51089,0.7862,0.9419
24055,51067,0.1224,0.0351
24055,51141,0.0914,0.023
24059,51161,0.8862,0.9565
24059,51067,0.1092,0.0406
24064,51019,0.6875,0.2866
24064,51023,0.3125,0.7134
24065,51067,0.8449,0.6187
24065,51161,0.1551,0.3813
24066,51023,0.9834,0.9795
24066,51163,0.0166,0.0205
24070,51161,0.4803,0.7022
24070,51045,0.4705,0.2399
24070,51121,0.0492,0.0579
24079,51063,0.9694,0.9754
24079,51067,0.0306,0.0246
24084,51155,0.7451,0.958
24084,51021,0.2549,0.042
24085,51023,0.984,0.9608
24085,51005,0.016,0.0392
24087,51121,0.965,0.9398
24087,51161,0.035,0.0602
24088,51067,0.8423,0.8894
24088,51141,0.1577,0.1106
24091,51063,0.9448,0.9588
24091,51067,0.0391,0.0285
24091,51141,0.0161,0.0127
24101,51067,0.9161,0.8443
24101,51019,0.0731,0.132
24101,51161,0.0108,0.0237
24102,51067,0.9238,0.8191
24102,51089,0.0762,0.1809
24105,51063,0.6561,0.6263
24105,51035,0.3439,0.3737
24112,51089,0.799,0.6098
24112,51067,0.1286,0.0274
24112,51690,0.0724,0.3627
24120,51141,0.7414,0.7743
24120,51063,0.1705,0.1351
24120,51035,0.0881,0.0906
24121,51019,0.7839,0.5448
24121,51067,0.2161,0.4552
24124,51071,0.8797,0.9663
24124,51021,0.1203,0.0337
24128,51071,0.713,0.8526
24128,51045,0.287,0.1474
24133,51141,0.9947,0.9813
24133,51089,0.0053,0.0187
24137,51067,0.8023,0.8602
24137,51143,0.1977,0.1398
24138,51121,0.5,0.6205
24138,51063,0.5,0.3795
24139,51143,0.7641,0.4592
24139,51019,0.2359,0.5408
24141,51155,0.473,0.3509
24141,51121,0.3053,0.1143
24141,51750,0.1458,0.5202
24141,51063,0.0759,0.0146
24149,51121,0.6624,0.7726
24149,51063,0.3376,0.2274
24153,51161,0.8476,0.3588
24153,51775,0.1434,0.6375
24153,51023,0.009,0.0037
24162,51121,0.9779,0.9856
24162,51063,0.0221,0.0144
24165,51089,0.513,0.5309
24165,51141,0.487,0.4691
24175,51023,0.9529,0.9858
24175,51161,0.0471,0.0142
24179,51019,0.8076,0.3053
24179,51161,0.1882,0.6796
24179,51770,0.0043,0.0151
24202,51191,0.797,0.742
24202,51169,0.1816,0.0627
24202,51520,0.0214,0.1953
24217,51051,0.7734,0.7277
24217,51027,0.2266,0.2723
24219,51195,0.6844,0.8765
24219,51105,0.2448,0.1125
24219,51169,0.0708,0.011
24221,51105,0.6096,0.4816
24221,51169,0.3904,0.5184
24225,51167,0.9902,0.9954
24225,51051,0.0098,0.0046
24230,51195,0.5842,0.7356
24230,51051,0.3408,0.24
24230,51169,0.075,0.0244
24236,51191,0.9593,0.9626
24236,51173,0.0407,0.0374
24237,51051,0.7646,0.6757
24237,51167,0.2354,0.3243
24244,51169,0.8265,0.7132
24244,51105,0.1735,0.2868
24256,51051,0.822,0.7377
24256,51027,0.178,0.2623
24258,51169,0.934,0.962
24258,51191,0.066,0.038
24260,51167,0.7849,0.8144
24260,51027,0.2151,0.1856
24271,51169,0.9924,0.9913
24271,51167,0.0076,0.0087
24273,51195,0.8841,0.5064
24273,51720,0.1159,0.4936
24283,51195,0.7006,0.8321
24283,51167,0.165,0.1143
24283,51051,0.1344,0.0537
24312,51035,0.6983,0.7106
24312,51197,0.3017,0.2894
24313,51197,0.8972,0.9546
24313,51155,0.1028,0.0454
24314,51021,0.9056,0.7862
24314,51185,0.0944,0.2138
24315,51021,0.9566,0.9004
24315,51071,0.0434,0.0996
24316,51185,0.9084,0.7717
24316,51173,0.0916,0.2283
24317,51035,0.9354,0.9656
24317,51141,0.0646,0.0344
24318,51021,0.6632,0.6638
24318,51173,0.3368,0.3362
24319,51173,0.7925,0.9249
24319,51191,0.2075,0.0751
24324,51155,0.7573,0.8207
24324,51197,0.2427,0.1793
24328,51035,0.9949,0.9971
24328,51141,0.0051,0.0029
24330,51077,0.786,0.6912
24330,51035,0.214,0.3088
24333,51077,0.5164,0.3155
24333,51035,0.4267,0.2945
24333,51640,0.0568,0.39
24343,51035,0.9507,0.9542
24343,51141,0.0258,0.0184
24343,51197,0.0235,0.0274
24347,51155,0.8716,0.7846
24347,51035,0.0893,0.131
24347,51121,0.0391,0.0844
24350,51197,0.493,0.4418
24350,51035,0.3013,0.3937
24350,51077,0.2058,0.1645
24352,51035,0.989,0.9917
24352,51063,0.011,0.0083
24360,51197,0.988,0.9893
24360,51035,0.012,0.0107
24368,51197,0.7258,0.8051
24368,51173,0.2742,0.1949
24370,51173,0.7992,0.7931
24370,51191,0.2008,0.2069
24378,51077,0.8094,0.5966
24378,51173,0.1906,0.4034
24380,51063,0.9301,0.9287
24380,51035,0.0699,0.0713
24401,51015,0.8497,0.3903
24401,51790,0.1503,0.6097
24416,51163,0.8957,0.379
24416,51530,0.1043,0.621
24422,51005,0.959,0.992
24422,51023,0.0408,0.008
24426,51005,0.9499,0.6113
24426,51045,0.0351,0.014
24426,51580,0.015,0.3746
24432,51015,0.8897,0.9539
24432,51017,0.1103,0.0461
24439,51163,0.7159,0.8342
24439,51015,0.2841,0.1658
24441,51015,0.6561,0.7501
24441,51165,0.3439,0.2499
24445,51017,0.7916,0.5843
24445,51005,0.2084,0.4157
24450,51163,0.9103,0.6626
24450,51023,0.0784,0.0205
24450,51678,0.0114,0.3169
24459,51015,0.8808,0.9086
24459,51163,0.1192,0.0914
24472,51163,0.5063,0.4755
24472,51015,0.4937,0.5245
24482,51015,0.9991,0.997
24483,51163,0.6107,0.8062
24483,51009,0.3602,0.17
24483,51125,0.029,0.0238
24484,51017,0.8847,0.9013
24484,51091,0.1153,0.0987
24486,51015,0.9107,0.819
24486,51165,0.0893,0.181
24487,51091,0.5916,0.6445
24487,51017,0.4084,0.3555
24501,51031,0.6285,0.2497
24501,51680,0.3715,0.7503
24502,51680,0.576,0.6926
24502,51031,0.3808,0.2864
24502,51019,0.0432,0.021
24503,51019,0.6509,0.2352
24503,51680,0.3491,0.7648
24504,51031,0.7895,0.3951
24504,51680,0.1198,0.5907
24504,51011,0.0907,0.0142
24521,51009,0.958,0.9737
24521,51125,0.042,0.0263
24522,51011,0.9634,0.9863
24522,51029,0.034,0.0123
24526,51019,0.7172,0.825
24526,51009,0.2828,0.175
24528,51031,0.5688,0.7707
24528,51037,0.4312,0.2293
24530,51143,0.903,0.8413
24530,51089,0.097,0.1587
24538,51031,0.6043,0.7358
24538,51011,0.3957,0.2642
24540,51143,0.771,0.4096
24540,51590,0.229,0.5904
24541,51143,0.6592,0.1784
24541,51590,0.3408,0.8216
24550,51031,0.876,0.9441
24550,51019,0.124,0.0559
24551,51019,0.9722,0.8896
24551,51031,0.0242,0.0986
24551,51680,0.0035,0.0118
24553,51029,0.4442,0.3006
24553,51125,0.208,0.2047
24553,51009,0.1804,0.2372
24553,51011,0.1674,0.2575
24557,51143,0.9976,0.9986
24562,51029,0.6695,0.6677
24562,51125,0.2635,0.2262
24562,51003,0.067,0.1061
24565,51143,0.838,0.7066
24565,51083,0.162,0.2934
24569,51143,0.6232,0.6703
24569,51083,0.1919,0.1524
24569,51031,0.1849,0.1773
24571,51031,0.6021,0.6306
24571,51019,0.3979,0.3694
24590,51029,0.359,0.2365
24590,51003,0.3566,0.4136
24590,51065,0.2844,0.3499
24592,51083,0.9967,0.9983
24593,51011,0.9806,0.9845
24593,51031,0.0194,0.0155
24594,51083,0.5724,0.3723
24594,51143,0.4276,0.6277
24597,51083,0.8724,0.9325
24597,51143,0.1276,0.0675
24598,51083,0.9633,0.9122
24598,51117,0.0367,0.0878
24599,51029,0.5277,0.4685
24599,51125,0.4723,0.5315
24604,51185,0.7995,0.8998
24604,54047,0.2005,0.1002
24607,51027,0.6262,0.688
24607,51051,0.3738,0.312
24609,51185,0.5059,0.8001
24609,51167,0.4941,0.1999
24622,51027,0.5316,0.2094
24622,51185,0.3419,0.6683
24622,54047,0.1265,0.1223
24639,51027,0.7206,0.345
24639,51185,0.238,0.6231
24639,51167,0.0414,0.0319
24649,51167,0.9932,0.9953
24649,51027,0.0068,0.0047
24736,54109,0.5196,0.5595
24736,54055,0.4804,0.4405
24747,54055,0.9726,0.9839
24747,54047,0.0274,0.0161
24801,54109,0.5275,0.5517
24801,54047,0.4725,0.4483
24828,54047,0.8623,0.8137
24828,54109,0.1377,0.1863
24844,54047,0.7145,0.6338
24844,54109,0.2855,0.3662
24846,54047,0.6422,0.4305
24846,54059,0.3578,0.5695
24851,54059,0.9933,0.9961
24851,54109,0.0067,0.0039
24910,54025,0.4438,0.5454
24910,54089,0.3251,0.3059
24910,54063,0.2311,0.1487
24918,54063,0.9923,0.9947
24918,54089,0.0077,0.0053
24925,54025,0.7335,0.9234
24925,54063,0.2665,0.0766
24963,54063,0.8331,0.8933
24963,54089,0.1669,0.1067
24970,54025,0.9608,0.9913
24970,54063,0.0392,0.0087
24976,54063,0.9037,0.6291
24976,54025,0.0963,0.3709
24981,54089,0.8565,0.8952
24981,54063,0.1435,0.1048
24985,54063,0.788,0.722
24985,54089,0.212,0.278
24986,54025,0.969,0.9859
24986,54075,0.031,0.0141
25003,54039,0.705,0.7127
25003,54043,0.294,0.2867
25036,54019,0.9941,0.997
25036,54039,0.0059,0.003
25043,54015,0.8711,0.8097
25043,54067,0.1289,0.1903
25045,54039,0.781,0.9186
25045,54087,0.1394,0.0537
25045,54015,0.0796,0.0277
25047,54005,0.9684,0.9055
25047,54045,0.0316,0.0945
25059,54019,0.5185,0.8767
25059,54067,0.4815,0.1233
25063,54007,0.5732,0.5975
25063,54015,0.405,0.3889
25063,54067,0.0218,0.0136
25071,54039,0.9128,0.9845
25071,54087,0.0872,0.0155
25082,54079,0.5161,0.745
25082,54053,0.4839,0.255
25083,54039,0.6242,0.7406
25083,54019,0.3758,0.2594
25108,54005,0.9999,0.9999
25111,54015,0.5591,0.7268
25111,54067,0.4409,0.2732
25123,54053,0.808,0.6375
25123,54079,0.192,0.3625
25124,54079,0.9312,0.9401
25124,54039,0.0611,0.0549
25124,54035,0.0078,0.0049
25125,54015,0.9274,0.964
25125,54067,0.0726,0.036
25136,54019,0.9316,0.9499
25136,54039,0.0684,0.0501
25141,54015,0.9522,0.9623
25141,54013,0.0478,0.0377
25143,54039,0.6786,0.9068
25143,54079,0.3214,0.0932
25164,54015,0.6479,0.6797
25164,54087,0.3521,0.3203
25177,54039,0.9363,0.9825
25177,54079,0.0637,0.0175
25202,54039,0.5212,0.7358
25202,54043,0.4788,0.2642
25209,54005,0.5196,0.5726
25209,54081,0.4804,0.4274
25235,54013,0.8883,0.8628
25235,54015,0.0937,0.1167
25235,54007,0.018,0.0205
25239,54035,0.8385,0.9477
25239,54053,0.1615,0.0523
25241,54035,0.7105,0.879
25241,54053,0.2895,0.121
25243,54087,0.9624,0.945
25243,54035,0.0376,0.055
25244,54035,0.6707,0.6925
25244,54087,0.3293,0.3075
25245,54035,0.8489,0.7813
25245,54079,0.1511,0.2187
25248,54035,0.9831,0.9719
25248,54039,0.0169,0.0281
25252,54035,0.555,0.6633
25252,54087,0.2666,0.2021
25252,54105,0.1784,0.1346
25259,54087,0.9998,0.9998
25264,54053,0.5491,0.3686
25264,54035,0.4509,0.6314
25267,54021,0.9051,0.8523
25267,54013,0.0949,0.1477
25270,54087,0.9012,0.8996
25270,54105,0.0988,0.1004
25320,54039,0.9998,0.9999
25422,54065,0.9516,0.974
25422,54027,0.0484,0.026
25427,54003,0.8781,0.8378
25427,54065,0.1219,0.1622
25430,54037,0.9097,0.6927
25430,54003,0.0903,0.3073
25434,54027,0.8589,0.769
25434,54065,0.1411,0.231
25443,54037,0.8985,0.9017
25443,54003,0.1015,0.0983
25504,54011,0.9012,0.9705
25504,54099,0.0988,0.0295
25505,54043,0.5834,0.298
25505,54045,0.4166,0.702
25506,54043,0.8382,0.7581
25506,54011,0.1618,0.2419
25508,54045,0.8428,0.907
25508,54005,0.1572,0.093
25510,54011,0.4954,0.7255
25510,54043,0.2685,0.0761
25510,54079,0.2362,0.1984
25520,54011,0.5536,0.6304
25520,54053,0.4464,0.3696
25523,54043,0.8898,0.8506
25523,54079,0.1102,0.1494
25524,54043,0.7096,0.6796
25524,54045,0.2332,0.2941
25524,54099,0.0573,0.0263
25526,54079,0.9863,0.9969
25526,54043,0.0111,0.0028
25529,54005,0.9488,0.9241
25529,54043,0.0512,0.0759
25541,54011,0.8042,0.9624
25541,54053,0.1958,0.0376
25565,54043,0.5876,0.4065
25565,54005,0.4124,0.5935
25650,54045,0.8085,0.7801
25650,54059,0.1915,0.2199
25674,54059,0.7383,0.7953
25674,54099,0.2617,0.2047
25699,54099,0.7515,0.5499
25699,54043,0.2485,0.4501
25701,54011,0.7407,0.8927
25701,54099,0.2593,0.1073
25704,54099,0.9414,0.6611
25704,54011,0.0586,0.3389
25811,54081,0.9979,0.9983
25825,54081,0.8555,0.8984
25825,54089,0.1445,0.1016
25841,54055,0.8905,0.8691
25841,54089,0.1095,0.1309
25864,54019,0.8631,0.4333
25864,54081,0.1369,0.5667
25880,54081,0.6931,0.7403
25880,54019,0.3069,0.2597
25902,54081,0.7504,0.8265
25902,54055,0.2496,0.1735
25951,54089,0.889,0.9088
25951,54081,0.111,0.0912
25962,54019,0.6224,0.471
25962,54025,0.3776,0.529
25969,54089,0.997,0.9965
25976,54019,0.4292,0.3268
25976,54089,0.4039,0.4577
25976,54025,0.1669,0.2155
25979,54089,0.9293,0.8304
25979,54055,0.0707,0.1696
25981,54025,0.7221,0.6368
25981,54067,0.2779,0.3632
26003,54069,0.6149,0.8864
26003,54051,0.3435,0.1034
26003,54009,0.0417,0.0102
26032,54009,0.8948,0.927
26032,54069,0.1052,0.073
26036,54051,0.9989,0.9964
26055,54051,0.7226,0.6357
26055,54103,0.2774,0.3643
26062,54029,0.767,0.8667
26062,54009,0.233,0.1333
26137,54021,0.4415,0.3167
26137,54013,0.3445,0.5165
26137,54085,0.214,0.1668
26138,54013,0.5585,0.6316
26138,54105,0.4415,0.3684
26141,54013,0.5279,0.5846
26141,54105,0.4721,0.4154
26143,54105,0.8523,0.6464
26143,54107,0.0701,0.3004
26143,54085,0.0508,0.0261
26143,54035,0.0268,0.0271
26146,54095,0.6273,0.5806
26146,54073,0.3727,0.4194
26147,54013,0.9229,0.9605
26147,54021,0.0771,0.0395
26152,54013,0.7051,0.7641
26152,54105,0.2949,0.2359
26155,54103,0.8529,0.9247
26155,54095,0.1273,0.0688
26155,54051,0.0198,0.0066
26159,54103,0.678,0.6745
26159,54095,0.322,0.3255
26164,54035,0.9719,0.9898
26164,54107,0.0281,0.0102
26170,54073,0.9628,0.9886
26170,54085,0.0365,0.0109
26180,54107,0.8812,0.9407
26180,54105,0.1188,0.0593
26184,54107,0.8694,0.8952
26184,54073,0.1306,0.1048
26201,54097,0.8802,0.9529
26201,54001,0.0829,0.0217
26201,54041,0.0369,0.0254
26203,54101,0.8487,0.8469
26203,54067,0.0785,0.0575
26203,54007,0.0728,0.0956
26208,54101,0.651,0.4216
26208,54067,0.349,0.5784
26224,54083,0.5256,0.3224
26224,54097,0.4744,0.6776
26236,54083,0.9473,0.8854
26236,54097,0.0527,0.1146
26238,54001,0.8926,0.7401
26238,54097,0.1074,0.2599
26250,54001,0.9077,0.8322
26250,54083,0.0923,0.1678
26254,54083,0.8716,0.7727
26254,54093,0.1284,0.2273
26261,54025,0.67,0.3884
26261,54067,0.33,0.6116
26263,54083,0.7395,0.5871
26263,54093,0.2605,0.4129
26267,54083,0.624,0.4202
26267,54097,0.3547,0.556
26267,54001,0.0213,0.0238
26276,54083,0.5204,0.4622
26276,54093,0.4796,0.5378
26283,54083,0.6324,0.5413
26283,54093,0.2172,0.318
26283,54001,0.1504,0.1407
26287,54093,0.9882,0.9873
26287,54077,0.0118,0.0127
26294,54083,0.9845,0.9829
26294,54075,0.0155,0.0171
26320,54095,0.9598,0.8932
26320,54017,0.0402,0.1068
26321,54041,0.9001,0.9351
26321,54017,0.0999,0.0649
26330,54033,0.7134,0.8719
26330,54091,0.2018,0.1176
26330,54001,0.0848,0.0106
26335,54007,0.7057,0.7695
26335,54021,0.2943,0.2305
26343,54041,0.5002,0.3796
26343,54097,0.4998,0.6204
26346,54085,0.8867,0.8443
26346,54073,0.1082,0.1531
26346,54095,0.0052,0.0026
26347,54091,0.7361,0.895
26347,54001,0.2639,0.105
26351,54021,0.9568,0.9751
26351,54007,0.0432,0.0249
26354,54091,0.9819,0.9818
26354,54049,0.0181,0.0182
26372,54041,0.9766,0.9454
26372,54097,0.0234,0.0546
26374,54077,0.7128,0.5753
26374,54091,0.1821,0.2615
26374,54061,0.105,0.1632
26376,54007,0.5395,0.547
26376,54041,0.4605,0.453
26377,54103,0.6761,0.7707
26377,54095,0.3239,0.2293
26378,54041,0.6675,0.6962
26378,54033,0.3325,0.3038
26384,54021,0.8487,0.7462
26384,54041,0.1513,0.2538
26405,54001,0.7528,0.7382
26405,54077,0.2472,0.2618
26411,54017,0.9794,0.9832
26411,54021,0.0206,0.0168
26412,54041,0.4154,0.4381
26412,54007,0.3912,0.4147
26412,54021,0.1933,0.1472
26415,54085,0.6881,0.65
26415,54095,0.1667,0.096
26415,54017,0.1452,0.254
26416,54001,0.9905,0.9863
26416,54091,0.0095,0.0137
26425,54077,0.9683,0.9798
26425,54093,0.0317,0.0202
26426,54017,0.545,0.1892
26426,54033,0.455,0.8108
26431,54033,0.9765,0.9801
26431,54091,0.0235,0.0199
26437,54103,0.9615,0.9415
26437,54049,0.0385,0.0585
26440,54091,0.5144,0.6957
26440,54077,0.3141,0.2233
26440,54001,0.1715,0.081
26443,54021,0.8661,0.8442
26443,54017,0.1339,0.1558
26447,54041,0.9397,0.938
26447,54007,0.0603,0.062
26448,54033,0.9092,0.9447
26448,54049,0.0556,0.0416
26448,54017,0.0353,0.0138
26456,54017,0.87,0.9203
26456,54085,0.0876,0.0621
26456,54095,0.0424,0.0176
26542,54077,0.7537,0.458
26542,54061,0.2463,0.542
26554,54049,0.8726,0.9501
26554,54061,0.0795,0.0306
26554,54091,0.033,0.0141
26554,54033,0.0149,0.0051
26562,54103,0.6837,0.5719
26562,54061,0.3163,0.4281
26570,54061,0.7419,0.5165
26570,54049,0.2581,0.4835
26575,54103,0.7272,0.6285
26575,54061,0.2728,0.3715
26582,54049,0.976,0.9716
26582,54033,0.0172,0.0243
26582,54061,0.0068,0.0042
26585,54049,0.6708,0.7896
26585,54103,0.3292,0.2104
26588,54049,0.7891,0.8716
26588,54061,0.2109,0.1284
26591,54049,0.9618,0.9455
26591,54033,0.0382,0.0545
26610,54067,0.8022,0.7486
26610,54101,0.1978,0.2514
26617,54067,0.8156,0.7532
26617,54015,0.1844,0.2468
26623,54007,0.9781,0.9893
26623,54021,0.0219,0.0107
26624,54007,0.9448,0.9706
26624,54021,0.0552,0.0294
26636,54007,0.4632,0.5987
26636,54021,0.4349,0.2894
26636,54013,0.1018,0.1119
26638,54021,0.8487,0.7725
26638,54013,0.1513,0.2275
26656,54067,0.5632,0.1634
26656,54019,0.4368,0.8366
26680,54019,0.4456,0.3406
26680,54025,0.3231,0.4608
26680,54067,0.2313,0.1985
26690,54019,0.5589,0.8111
26690,54067,0.4411,0.1889
26691,54067,0.9597,0.9786
26691,54101,0.0403,0.0214
26710,54057,0.7439,0.895
26710,54023,0.2254,0.0706
26710,54027,0.0307,0.0343
26717,54057,0.8232,0.919
26717,54023,0.1768,0.081
26726,54057,0.8573,0.9799
26726,54023,0.1427,0.0201
26743,54057,0.5064,0.8874
26743,54023,0.4936,0.1126
26755,54027,0.5404,0.7099
26755,54031,0.4596,0.2901
26763,54027,0.6532,0.3887
26763,54057,0.3468,0.6113
26847,54023,0.9685,0.987
26847,54031,0.0159,0.0076
26847,54071,0.0156,0.0054
26851,54031,0.9382,0.9166
26851,54027,0.0618,0.0834
26852,54027,0.7428,0.7945
26852,54031,0.1416,0.0725
26852,54057,0.1156,0.133
26855,54023,0.7753,0.9296
26855,54071,0.2247,0.0704
26866,54071,0.9361,0.7775
26866,54023,0.0639,0.2225
27009,37067,0.9021,0.96
27009,37169,0.0979,0.04
27012,37067,0.6175,0.8026
27012,37057,0.3825,0.1974
27013,37159,0.807,0.6481
27013,37097,0.193,0.3519
27019,37169,0.6801,0.4467
27019,37067,0.3199,0.5533
27020,37197,0.7838,0.8395
27020,37097,0.1383,0.1143
27020,37193,0.0778,0.0462
27021,37169,0.9934,0.9956
27021,37067,0.0066,0.0044
27025,37157,0.7186,0.8448
27025,37169,0.2814,0.1552
27028,37059,0.9937,0.9969
27028,37097,0.0063,0.0031
27030,37171,0.9574,0.9888
27030,37169,0.0426,0.0112
27041,37171,0.814,0.8859
27041,37169,0.186,0.1141
27043,37169,0.5241,0.4542
27043,37171,0.4698,0.5348
27043,37067,0.0062,0.011
27045,37067,0.9149,0.9597
27045,37169,0.0851,0.0403
27048,37157,0.9857,0.9921
27048,51089,0.0143,0.0079
27050,37067,0.8701,0.7546
27050,37169,0.1299,0.2454
27052,37169,0.8861,0.8219
27052,37067,0.1139,0.1781
27053,37169,0.9651,0.9331
27053,37171,0.0349,0.0669
27055,37197,0.9695,0.979
27055,37059,0.0174,0.0141
27055,37097,0.0131,0.007
27107,37057,0.527,0.348
27107,37067,0.473,0.652
27127,37067,0.8137,0.8953
27127,37057,0.1863,0.1047
27208,37037,0.5284,0.5123
27208,37151,0.3875,0.4309
27208,37125,0.0841,0.0568
27209,37123,0.6863,0.8591
27209,37125,0.3137,0.1409
27214,37081,0.8872,0.944
27214,37157,0.1128,0.056
27215,37001,0.8838,0.9564
27215,37081,0.1162,0.0436
27217,37001,0.8232,0.9661
27217,37033,0.1768,0.0339
27229,37123,0.9726,0.9757
27229,37153,0.0274,0.0243
27231,37135,0.9719,0.9733
27231,37033,0.0168,0.011
27231,37145,0.0113,0.0157
27233,37151,0.6666,0.5962
27233,37081,0.3334,0.4038
27239,37057,0.6005,0.7223
27239,37151,0.3995,0.2777
27244,37001,0.4659,0.8024
27244,37033,0.42,0.1108
27244,37081,0.1141,0.0868
27249,37081,0.797,0.7549
27249,37001,0.0886,0.1989
27249,37157,0.0832,0.0384
27249,37033,0.0312,0.0077
27260,37081,0.9645,0.9908
27260,37151,0.0355,0.0092
27262,37081,0.6647,0.9076
27262,37057,0.3288,0.0908
27262,37151,0.0064,0.0016
27263,37151,0.6163,0.7355
27263,37081,0.3837,0.2645
27265,37081,0.584,0.857
27265,37057,0.386,0.1352
27265,37067,0.0301,0.0078
27278,37135,0.9596,0.9085
27278,37063,0.0404,0.0915
27281,37125,0.587,0.7715
27281,37123,0.2899,0.1892
27281,37153,0.1231,0.0394
27283,37081,0.9852,0.9821
27283,37151,0.0148,0.0179
27284,37067,0.8291,0.9142
27284,37081,0.1433,0.0756
27284,37057,0.0276,0.0102
27291,37033,0.6877,0.5519
27291,37145,0.3123,0.4481
27292,37057,0.9932,0.9973
27292,37151,0.0068,0.0027
27298,37151,0.4455,0.5197
27298,37001,0.3066,0.263
27298,37081,0.2379,0.2128
27298,37037,0.01,0.0045
27302,37001,0.4038,0.6597
27302,37135,0.3627,0.2981
27302,37033,0.2335,0.0422
27305,37033,0.974,0.9651
27305,37145,0.026,0.0349
27306,37123,0.7729,0.8711
27306,37153,0.2271,0.1289
27311,37033,0.8195,0.8257
27311,37157,0.1805,0.1743
27312,37037,0.9936,0.9969
27312,37001,0.0064,0.0031
27313,37081,0.6971,0.7549
27313,37151,0.3029,0.2451
27317,37151,0.948,0.9552
27317,37081,0.052,0.0448
27320,37157,0.8758,0.9454
27320,37033,0.1218,0.0513
27325,37125,0.9882,0.9881
27325,37151,0.0118,0.0119
27326,37157,0.6873,0.7986
27326,37033,0.3127,0.2014
27330,37105,0.8337,0.9561
27330,37037,0.0841,0.023
27330,37125,0.0609,0.0126
27330,37085,0.0213,0.0083
27332,37105,0.6408,0.7557
27332,37085,0.3592,0.2443
27341,37151,0.6346,0.6921
27341,37125,0.2871,0.245
27341,37123,0.0783,0.0628
27343,37145,0.7576,0.8089
27343,37033,0.2424,0.1911
27344,37037,0.949,0.9725
27344,37151,0.051,0.0275
27349,37001,0.913,0.9544
27349,37037,0.087,0.0456
27355,37151,0.6849,0.7582
27355,37037,0.3151,0.2418
27356,37123,0.7877,0.8103
27356,37125,0.2123,0.1897
27357,37157,0.6214,0.4979
27357,37081,0.3771,0.5015
27358,37081,0.7075,0.8844
27358,37157,0.2925,0.1156
27360,37057,0.8783,0.9494
27360,37151,0.1217,0.0506
27371,37123,0.9232,0.9369
27371,37151,0.0768,0.0631
27501,37085,0.6175,0.7091
27501,37101,0.3745,0.2689
27501,37183,0.0081,0.022
27502,37183,0.7974,0.9838
27502,37037,0.2026,0.0162
27504,37101,0.9718,0.9366
27504,37085,0.0282,0.0634
27505,37085,0.9633,0.9569
27505,37105,0.0367,0.0431
27507,37077,0.7806,0.6329
27507,37181,0.2194,0.3671
27516,37135,0.8348,0.8111
27516,37037,0.1652,0.1889
27517,37037,0.5794,0.4622
27517,37135,0.2327,0.3331
27517,37063,0.1879,0.2047
27519,37183,0.9187,0.9593
27519,37037,0.0813,0.0407
27520,37101,0.9589,0.973
27520,37183,0.0411,0.027
27522,37077,0.8797,0.8868
27522,37183,0.1203,0.1132
27523,37037,0.6729,0.3117
27523,37183,0.3271,0.6883
27524,37101,0.9203,0.9541
27524,37191,0.0797,0.0459
27525,37069,0.721,0.7727
27525,37077,0.279,0.2273
27526,37085,0.5972,0.1925
27526,37183,0.4028,0.8075
27529,37183,0.6614,0.7102
27529,37101,0.3386,0.2898
27534,37191,0.9921,0.9986
27534,37079,0.0079,0.0014
27537,37181,0.8769,0.9505
27537,37069,0.0808,0.0393
27537,37185,0.0423,0.0102
27540,37183,0.7243,0.9517
27540,37085,0.2008,0.0373
27540,37037,0.075,0.0111
27541,37145,0.681,0.7615
27541,37135,0.3152,0.2366
27542,37101,0.6432,0.67
27542,37195,0.2743,0.2542
27542,37191,0.0826,0.0758
27544,37181,0.5092,0.5933
27544,37069,0.2974,0.2049
27544,37077,0.1934,0.2019
27553,37185,0.6498,0.5234
27553,37181,0.3502,0.4766
27557,37127,0.6496,0.582
27557,37101,0.3199,0.3987
27557,37195,0.0282,0.0165
27560,37183,0.8691,0.8894
27560,37063,0.1309,0.1106
27562,37037,0.6061,0.3673
27562,37183,0.3939,0.6327
27563,37185,0.9701,0.9463
27563,37181,0.0299,0.0537
27565,37077,0.9475,0.9495
27565,37181,0.0403,0.0401
27565,37145,0.0123,0.0105
27569,37101,0.7905,0.6938
27569,37191,0.2095,0.3062
27572,37145,0.3583,0.3573
27572,37063,0.2442,0.3794
27572,37135,0.2358,0.1673
27572,37077,0.1617,0.096
27574,37145,0.9729,0.9902
27574,37077,0.0271,0.0098
27583,37145,0.9581,0.957
27583,37135,0.0288,0.0216
27583,37063,0.0131,0.0215
27587,37183,0.8771,0.933
27587,37077,0.096,0.049
27587,37069,0.0269,0.0179
27589,37185,0.9636,0.9593
27589,37069,0.0364,0.0407
27591,37183,0.6986,0.7952
27591,37101,0.3014,0.2048
27592,37183,0.6018,0.6207
27592,37101,0.3927,0.3679
27592,37085,0.0054,0.0114
27596,37069,0.9084,0.9154
27596,37183,0.0586,0.0484
27596,37077,0.0329,0.0362
27597,37183,0.4218,0.6141
27597,37069,0.2843,0.1939
27597,37101,0.2293,0.1645
27597,37127,0.0646,0.0275
27603,37183,0.9539,0.9731
27603,37101,0.0461,0.0269
27610,37183,0.9981,0.9993
27613,37183,0.8352,0.9379
27613,37063,0.1648,0.0621
27617,37183,0.975,0.9847
27617,37063,0.025,0.0153
27703,37063,0.9933,0.9942
27703,37183,0.0067,0.0058
27705,37063,0.5311,0.84
27705,37135,0.4689,0.16
27707,37063,0.9146,0.9825
27707,37135,0.0854,0.0175
27712,37063,0.9827,0.9933
27712,37135,0.0173,0.0067
27713,37063,0.7297,0.8873
27713,37037,0.2645,0.1084
27713,37183,0.0058,0.0043
27803,37127,0.847,0.9751
27803,37195,0.0946,0.016
27803,37065,0.0584,0.0089
27805,37015,0.6081,0.4534
27805,37091,0.3919,0.5466
27807,37127,0.9299,0.9024
27807,37195,0.0701,0.0976
27809,37065,0.6286,0.3176
27809,37127,0.3714,0.6824
27810,37095,0.6037,0.198
27810,37013,0.3963,0.802
27812,37147,0.6519,0.7743
27812,37065,0.2652,0.169
27812,37117,0.0829,0.0567
27816,37069,0.5171,0.6212
27816,37127,0.4829,0.3788
27822,37195,0.7481,0.8268
27822,37127,0.1639,0.1287
27822,37065,0.088,0.0445
27826,37095,0.7386,0.7373
27826,37177,0.2614,0.2627
27828,37147,0.6857,0.8841
27828,37079,0.3143,0.1159
27829,37147,0.6344,0.6846
27829,37065,0.2057,0.1904
27829,37195,0.16,0.125
27830,37191,0.8944,0.8756
27830,37195,0.1056,0.1244
27834,37147,0.9624,0.9927
27834,37013,0.0269,0.0061
27834,37065,0.0107,0.0012
27837,37147,0.9691,0.9868
27837,37013,0.0309,0.0132
27842,37131,0.8836,0.9433
27842,37185,0.1164,0.0567
27843,37065,0.3455,0.2836
27843,37117,0.3307,0.2915
27843,37083,0.3238,0.425
27844,37083,0.7122,0.7067
27844,37185,0.2062,0.1668
27844,37127,0.0454,0.0631
27844,37069,0.0363,0.0634
27850,37083,0.645,0.6579
27850,37185,0.355,0.3421
27851,37195,0.9911,0.9923
27851,37191,0.0089,0.0077
27852,37065,0.8155,0.8076
27852,37147,0.0979,0.0771
27852,37195,0.0866,0.1154
27855,37091,0.834,0.9282
27855,37131,0.166,0.0718
27860,37013,0.5508,0.6903
27860,37187,0.3027,0.211
27860,37095,0.1465,0.0987
27863,37191,0.9602,0.9854
27863,37079,0.0282,0.0088
27863,37101,0.0116,0.0058
27869,37131,0.9971,0.9986
27871,37117,0.7249,0.8243
27871,37147,0.2686,0.1712
27871,37013,0.0064,0.0046
27878,37127,0.5954,0.7506
27878,37195,0.2752,0.1754
27878,37065,0.1294,0.074
27880,37195,0.9581,0.9595
27880,37127,0.0419,0.0405
27882,37127,0.7814,0.7575
27882,37069,0.2186,0.2425
27883,37195,0.478,0.5293
27883,37079,0.366,0.3356
27883,37191,0.156,0.1351
27886,37065,0.9703,0.9891
27886,37147,0.0297,0.0109
27888,37079,0.7295,0.6756
27888,37195,0.1699,0.1551
27888,37147,0.1006,0.1692
27889,37013,0.9044,0.9564
27889,37147,0.0753,0.0377
27889,37117,0.0203,0.0059
27891,37127,0.4787,0.6824
27891,37065,0.453,0.2625
27891,37083,0.0684,0.0551
27892,37117,0.9957,0.9974
27896,37195,0.6752,0.934
27896,37127,0.3248,0.066
27897,37131,0.7962,0.7805
27897,37091,0.2038,0.2195
27909,37139,0.9999,1.0
27910,37091,0.6966,0.8837
27910,37015,0.3034,0.1163
27919,37143,0.9038,0.833
27919,37041,0.0962,0.167
27924,37015,0.916,0.9231
27924,37091,0.084,0.0769
27928,37187,0.6872,0.8581
27928,37177,0.3128,0.1419
27932,37041,0.9077,0.9324
27932,37143,0.0923,0.0676
27946,37073,0.8711,0.754
27946,37041,0.1282,0.2453
27962,37187,0.9311,0.9873
27962,37013,0.0689,0.0127
27973,37053,0.626,0.675
27973,37029,0.374,0.325
27980,37041,0.8757,0.8946
27980,37143,0.1243,0.1054
28006,37071,0.5151,0.7074
28006,37109,0.4849,0.2926
28020,37045,0.8713,0.9467
28020,37161,0.1287,0.0533
28021,37071,0.4363,0.6204
28021,37109,0.3271,0.1955
28021,37045,0.2365,0.1841
28027,37025,0.9999,0.9999
28033,37109,0.6332,0.7306
28033,37071,0.3668,0.2694
28036,37119,0.5798,0.7928
28036,37025,0.3357,0.171
28036,37097,0.0811,0.0352
28037,37109,0.892,0.8842
28037,37035,0.108,0.1158
28040,37161,0.9608,0.9607
28040,37045,0.0392,0.0393
28071,37159,0.6681,0.7409
28071,37025,0.2664,0.1996
28071,37167,0.0654,0.0594
28078,37119,0.9807,0.9694
28078,37025,0.0193,0.0306
28080,37109,0.9955,0.9921
28080,37071,0.0045,0.0079
28081,37025,0.5129,0.5832
28081,37159,0.4871,0.4168
28083,37025,0.7509,0.8389
28083,37159,0.2491,0.1611
28086,37045,0.7418,0.8115
28086,37071,0.2582,0.1885
28090,37045,0.9428,0.9104
28090,37109,0.0344,0.059
28090,37023,0.0122,0.0165
28090,37035,0.0106,0.0141
28092,37109,0.8754,0.919
28092,37071,0.0788,0.05
28092,37035,0.0458,0.031
28097,37167,0.9803,0.9856
28097,37025,0.0197,0.0144
28103,37179,0.975,0.9933
28103,37007,0.025,0.0067
28104,37179,0.9686,0.9574
28104,37119,0.0314,0.0426
28105,37119,0.9857,0.9897
28105,37179,0.0143,0.0103
28107,37025,0.915,0.8479
28107,37119,0.0384,0.1141
28107,37179,0.0306,0.0253
28107,37167,0.016,0.0127
28114,37045,0.5416,0.4521
28114,37161,0.4584,0.5479
28115,37097,0.7053,0.8996
28115,37159,0.2947,0.1004
28124,37025,0.8623,0.9044
28124,37167,0.1377,0.0956
28125,37159,0.9507,0.8712
28125,37097,0.0493,0.1288
28127,37167,0.6329,0.7394
28127,37123,0.2999,0.2129
28127,37057,0.0561,0.0403
28127,37159,0.0103,0.007
28133,37007,0.9566,0.8921
28133,37179,0.0434,0.1079
28137,37167,0.5656,0.5849
28137,37159,0.4344,0.4151
28138,37159,0.7492,0.865
28138,37025,0.2508,0.135
28139,37161,0.8667,0.9212
28139,37149,0.1333,0.0788
28150,37045,0.9976,0.9994
28164,37071,0.6273,0.5257
28164,37109,0.3727,0.4743
28167,37161,0.9329,0.9172
28167,37111,0.0671,0.0828
28168,37109,0.5935,0.6071
28168,37035,0.4035,0.3906
28213,37119,0.9815,0.9905
28213,37025,0.0185,0.0095
28215,37119,0.9291,0.956
28215,37025,0.0709,0.044
28227,37119,0.9921,0.9978
28227,37179,0.0079,0.0022
28262,37119,0.9908,0.9957
28262,37025,0.0092,0.0043
28269,37119,0.9691,0.9663
28269,37025,0.0309,0.0337
28304,37051,0.976,0.9933
28304,37093,0.024,0.0067
28306,37051,0.9516,0.9858
28306,37017,0.0371,0.0043
28306,37093,0.0114,0.0099
28312,37051,0.8563,0.9766
28312,37017,0.1437,0.0234
28315,37125,0.6632,0.902
28315,37093,0.3368,0.098
28318,37163,0.6879,0.7054
28318,37051,0.3121,0.2946
28320,37017,0.9423,0.9643
28320,37047,0.0577,0.0357
28326,37085,0.5656,0.5841
28326,37125,0.3597,0.2829
28326,37105,0.0747,0.133
28334,37163,0.4686,0.2296
28334,37085,0.3679,0.6903
28334,37051,0.0824,0.0374
28334,37101,0.0812,0.0426
28341,37163,0.5903,0.4878
28341,37061,0.4097,0.5122
28344,37163,0.6127,0.6474
28344,37051,0.3873,0.3526
28345,37153,0.9642,0.9686
28345,37165,0.0358,0.0314
28347,37153,0.8411,0.5965
28347,37125,0.1589,0.4035
28351,37165,0.9701,0.9808
28351,37153,0.0299,0.0192
28356,37051,0.7929,0.8101
28356,37085,0.2071,0.1899
28357,37155,0.547,0.5954
28357,37093,0.453,0.4046
28363,37165,0.7393,0.4941
28363,37153,0.2607,0.5059
28364,37155,0.916,0.9353
28364,37165,0.0697,0.0517
28364,37093,0.0143,0.013
28365,37061,0.4876,0.3288
28365,37191,0.464,0.6505
28365,37163,0.0485,0.0207
28366,37163,0.7956,0.7986
28366,37101,0.2044,0.2014
28371,37155,0.7847,0.4024
28371,37051,0.194,0.5914
28371,37093,0.0213,0.0063
28377,37093,0.5155,0.2981
28377,37155,0.4845,0.7019
28382,37163,0.8714,0.891
28382,37051,0.1283,0.1088
28384,37155,0.8387,0.831
28384,37017,0.1304,0.072
28384,37051,0.0309,0.097
28386,37155,0.5859,0.6234
28386,37093,0.4141,0.3766
28390,37085,0.5232,0.5209
28390,37051,0.4768,0.4791
28391,37051,0.9932,0.9971
28391,37163,0.0068,0.0029
28393,37163,0.9937,0.985
28393,37061,0.0063,0.015
28399,37017,0.9378,0.8537
28399,37051,0.0622,0.1463
28401,37129,0.7821,0.9953
28401,37141,0.2179,0.0047
28411,37129,0.7991,0.9245
28411,37141,0.2009,0.0755
28423,37047,0.9611,0.9681
28423,37017,0.0389,0.0319
28433,37017,0.7367,0.7173
28433,37047,0.2633,0.2827
28436,37047,1.0,1.0
28438,37047,0.9554,0.9154
28438,37017,0.0446,0.0846
28441,37163,0.5289,0.6071
28441,37017,0.4711,0.3929
28444,37163,0.5462,0.5879
28444,37017,0.4222,0.3589
28444,37061,0.0316,0.0532
28445,37133,0.91,0.766
28445,37141,0.09,0.234
28447,37017,0.4176,0.3125
28447,37163,0.3087,0.2615
28447,37141,0.2737,0.4259
28448,37017,0.9543,0.9142
28448,37141,0.0457,0.0858
28453,37061,0.7527,0.8318
28453,37163,0.2473,0.1682
28454,37133,0.5314,0.9158
28454,37141,0.4686,0.0842
28456,37047,0.4362,0.6336
28456,37017,0.4337,0.2103
28456,37019,0.1301,0.1561
28458,37061,0.6952,0.8572
28458,37163,0.3048,0.1428
28466,37061,0.6287,0.9107
28466,37141,0.3713,0.0893
28478,37141,0.9158,0.9553
28478,37163,0.071,0.0351
28478,37061,0.0132,0.0096
28501,37107,0.745,0.966
28501,37103,0.255,0.034
28504,37107,0.9799,0.9976
28504,37103,0.0201,0.0024
28513,37147,0.8705,0.9441
28513,37079,0.1295,0.0559
28518,37061,0.8876,0.8813
28518,37133,0.1124,0.1187
28521,37061,0.9645,0.9554
28521,37133,0.0355,0.0446
28525,37107,0.9242,0.9465
28525,37061,0.0758,0.0535
28526,37049,0.6263,0.775
28526,37103,0.3156,0.1645
28526,37107,0.0581,0.0605
28530,37147,0.3946,0.4952
28530,37107,0.357,0.3847
28530,37049,0.1652,0.0776
28530,37079,0.0832,0.0425
28538,37079,0.8237,0.7882
28538,37107,0.1763,0.2118
28551,37107,0.5805,0.5726
28551,37191,0.2693,0.3562
28551,37079,0.1502,0.0711
28555,37133,0.5093,0.6085
28555,37103,0.4903,0.3912
28560,37049,0.6258,0.9549
28560,37137,0.3742,0.0451
28562,37049,0.9205,0.9932
28562,37103,0.0795,0.0068
28572,37061,0.5232,0.4609
28572,37107,0.2684,0.4479
28572,37103,0.205,0.0855
28572,37133,0.0034,0.0057
28573,37103,0.9837,0.9262
28573,37049,0.0163,0.0738
28574,37133,0.9217,0.9737
28574,37061,0.0399,0.0162
28574,37103,0.0384,0.0101
28578,37191,0.5765,0.477
28578,37107,0.2783,0.3953
28578,37061,0.1452,0.1277
28580,37079,0.9962,0.9934
28580,37107,0.0038,0.0066
28582,37133,0.5717,0.3179
28582,37031,0.4283,0.6821
28584,37031,0.7172,0.5931
28584,37133,0.2828,0.4069
28586,37049,0.9131,0.8917
28586,37013,0.0484,0.0557
28586,37147,0.0385,0.0526
28601,37035,0.6405,0.8336
28601,37023,0.1551,0.0729
28601,37003,0.1288,0.062
28601,37027,0.0755,0.0315
28602,37035,0.8082,0.9082
28602,37023,0.1918,0.0918
28604,37189,0.5763,0.6373
28604,37011,0.4237,0.3627
28605,37189,0.7129,0.9387
28605,37027,0.2252,0.0402
28605,37011,0.0618,0.0211
28606,37193,0.8887,0.8365
28606,37027,0.1113,0.1635
28611,37027,0.81,0.7846
28611,37011,0.19,0.2154
28612,37023,0.9834,0.9908
28612,37035,0.0166,0.0092
28618,37189,0.8846,0.9342
28618,37193,0.1154,0.0658
28621,37171,0.6802,0.6672
28621,37193,0.3198,0.3328
28622,37011,0.9975,0.9947
28622,37189,0.0025,0.0053
28623,37005,0.9988,0.9988
28624,37193,0.9966,0.9926
28624,37027,0.0034,0.0074
28625,37097,0.9806,0.9929
28625,37003,0.0151,0.0053
28630,37027,0.9853,0.9834
28630,37003,0.0147,0.0166
28631,37009,0.9104,0.935
28631,37005,0.0896,0.065
28634,37097,0.8953,0.8827
28634,37059,0.0954,0.1045
28634,37197,0.0093,0.0128
28636,37003,0.9344,0.937
28636,37097,0.0656,0.063
28640,37009,0.998,0.9994
28642,37197,0.8848,0.9446
28642,37193,0.1152,0.0554
28644,37005,0.5383,0.4467
28644,37009,0.4508,0.5456
28644,37193,0.0108,0.0076
28645,37027,0.9588,0.9791
28645,37189,0.0243,0.0121
28645,37023,0.0097,0.0067
28645,37193,0.0072,0.0021
28650,37035,0.817,0.7805
28650,37109,0.183,0.2195
28654,37193,0.9248,0.9477
28654,37003,0.0752,0.0523
28655,37023,0.993,0.997
28657,37011,0.8397,0.9202
28657,37023,0.1515,0.0731
28657,37111,0.0087,0.0067
28667,37027,0.8706,0.9266
28667,37023,0.1294,0.0734
28673,37035,0.9946,0.9819
28673,37109,0.0054,0.0181
28675,37005,0.9909,0.9936
28675,51077,0.0071,0.0053
28676,37171,0.7617,0.6517
28676,37193,0.2383,0.3483
28678,37097,0.5382,0.5704
28678,37003,0.4618,0.4296
28679,37189,0.9611,0.9698
28679,37011,0.0389,0.0302
28683,37171,0.7295,0.645
28683,37193,0.2705,0.355
28684,37009,0.5591,0.5956
28684,37189,0.4409,0.4044
28689,37097,0.6423,0.6278
28689,37193,0.1705,0.1442
28689,37197,0.1009,0.1279
28689,37003,0.0863,0.1001
28698,37189,0.7617,0.8752
28698,37009,0.2383,0.1248
28701,37021,0.9605,0.9889
28701,37115,0.0395,0.0111
28702,37075,0.9551,0.8875
28702,37173,0.0449,0.1125
28704,37021,0.9363,0.9706
28704,37089,0.0637,0.0294
28705,37121,0.9966,0.996
28711,37021,0.7927,0.8892
28711,37111,0.1071,0.0725
28711,37161,0.0917,0.0345
28711,37089,0.0085,0.0038
28713,37173,0.9978,0.997
28719,37173,0.9229,0.5196
28719,37099,0.0771,0.4804
28731,37089,0.8054,0.9791
28731,37149,0.1946,0.0209
28732,37089,0.6374,0.7051
28732,37021,0.3626,0.2949
28734,37113,0.9871,0.9956
28734,37043,0.0129,0.0044
28739,37089,0.9528,0.9826
28739,37175,0.0472,0.0174
28740,37199,0.546,0.768
28740,37121,0.454,0.232
28741,37113,0.87,0.9011
28741,37099,0.13,0.0989
28742,37089,0.9875,0.9949
28742,37175,0.0125,0.0051
28743,37115,0.8116,0.6664
28743,37087,0.1884,0.3336
28748,37021,0.8906,0.948
28748,37115,0.1094,0.052
28749,37111,0.7293,0.4976
28749,37121,0.2707,0.5024
28751,37087,0.7829,0.8835
28751,37099,0.2171,0.1165
28752,37111,0.9985,0.9987
28753,37115,0.9784,0.9201
28753,37021,0.0216,0.0799
28754,37115,0.9462,0.9691
28754,37199,0.0538,0.0309
28756,37149,0.9888,0.9777
28756,37161,0.0112,0.0223
28759,37089,0.9836,0.938
28759,37021,0.0164,0.062
28761,37111,0.7144,0.8912
28761,37023,0.2856,0.1088
28766,37175,0.8727,0.8975
28766,37089,0.1273,0.1025
28771,37075,0.9901,0.9999
28771,37173,0.0099,0.0001
28773,37149,0.7362,0.8205
28773,37089,0.2638,0.1795
28774,37175,0.6194,0.4873
28774,37099,0.3806,0.5127
28777,37121,0.7963,0.8782
28777,37011,0.1494,0.0964
28777,37111,0.0334,0.0139
28777,37199,0.0209,0.0115
28787,37021,0.9462,0.9735
28787,37115,0.0538,0.0265
28789,37099,0.7255,0.8689
28789,37173,0.2745,0.1311
28792,37089,0.9681,0.9957
28792,37021,0.0313,0.0043
28902,37043,0.6675,0.676
28902,37039,0.3325,0.324
28906,37039,0.9997,0.9994
29001,45027,0.8901,0.7525
29001,45085,0.1099,0.2475
29006,45081,0.3982,0.3474
29006,45003,0.3805,0.2252
29006,45063,0.2213,0.4274
29009,45055,0.9128,0.9457
29009,45025,0.0614,0.034
29009,45061,0.0258,0.0202
29010,45061,0.9929,0.9877
29010,45055,0.0071,0.0123
29014,45039,0.5807,0.475
29014,45023,0.4193,0.525
29016,45079,0.9042,0.9808
29016,45039,0.0958,0.0192
29018,45075,0.9746,0.9502
29018,45035,0.0254,0.0498
29020,45055,0.9407,0.9716
29020,45061,0.0593,0.0284
29030,45017,0.7868,0.532
29030,45075,0.2132,0.468
29031,45023,0.5015,0.6169
29031,45087,0.4411,0.3445
29031,45039,0.0573,0.0386
29032,45055,0.7881,0.8767
29032,45061,0.2119,0.1233
29036,45063,0.6751,0.718
29036,45079,0.2775,0.2734
29036,45071,0.0473,0.0085
29037,45071,0.5604,0.5064
29037,45081,0.3894,0.3596
29037,45059,0.0502,0.134
29040,45085,0.6143,0.827
29040,45061,0.3857,0.173
29045,45055,0.6472,0.4816
29045,45079,0.3331,0.5153
29045,45039,0.0197,0.0031
29047,45075,0.5221,0.7333
29047,45017,0.4779,0.2667
29051,45027,0.5304,0.42
29051,45085,0.4696,0.58
29053,45063,0.711,0.9224
29053,45017,0.289,0.0776
29055,45023,0.6738,0.9287
29055,45039,0.3262,0.0713
29056,45089,0.8858,0.8752
29056,45027,0.1142,0.1248
29058,45057,0.8995,0.9254
29058,45055,0.1005,0.0746
29059,45075,0.9516,0.974
29059,45015,0.0484,0.026
29063,45079,0.9705,0.9197
29063,45063,0.0295,0.0803
29067,45057,0.5409,0.76
29067,45055,0.4591,0.24
29069,45031,0.7843,0.9213
29069,45061,0.2157,0.0787
29070,45063,0.783,0.8601
29070,45081,0.217,0.1399
29075,45071,0.6666,0.4235
29075,45079,0.2664,0.4026
29075,45063,0.067,0.1739
29078,45055,0.8853,0.8977
29078,45079,0.1147,0.1023
29080,45061,0.5566,0.6038
29080,45085,0.4434,0.3962
29081,45009,0.8543,0.9307
29081,45029,0.1457,0.0693
29082,45029,0.9679,0.9226
29082,45009,0.0321,0.0774
29101,45025,0.8712,0.503
29101,45031,0.1288,0.497
29104,45061,0.5161,0.4762
29104,45085,0.4839,0.5238
29105,45003,0.7599,0.7643
29105,45081,0.2401,0.2357
29111,45027,0.8834,0.8426
29111,45089,0.1166,0.1574
29112,45075,0.8812,0.8296
29112,45017,0.0902,0.1016
29112,45063,0.0286,0.0687
29114,45041,0.5889,0.7577
29114,45085,0.3944,0.2227
29114,45027,0.0168,0.0196
29118,45075,0.9285,0.9845
29118,45017,0.0715,0.0155
29125,45085,0.5196,0.4716
29125,45027,0.4804,0.5284
29127,45071,0.9457,0.9869
29127,45081,0.0543,0.0131
29128,45085,0.6476,0.7947
29128,45055,0.2359,0.1076
29128,45061,0.1165,0.0977
29129,45003,0.552,0.5555
29129,45081,0.3266,0.2403
29129,45037,0.1213,0.2041
29130,45039,0.8366,0.7629
29130,45055,0.1515,0.207
29130,45079,0.0119,0.0301
29135,45017,0.9893,0.9885
29135,45075,0.0107,0.0115
29137,45003,0.8301,0.8884
29137,45075,0.1699,0.1116
29138,45081,0.97,0.9803
29138,45047,0.0258,0.0168
29146,45075,0.6663,0.6067
29146,45003,0.3337,0.3933
29153,45085,0.8727,0.9539
29153,45061,0.1273,0.0461
29160,45063,0.6181,0.7328
29160,45017,0.3776,0.2644
29161,45041,0.7575,0.824
29161,45031,0.2425,0.176
29162,45027,0.968,0.9862
29162,45085,0.032,0.0138
29178,45071,0.5047,0.5344
29178,45087,0.367,0.2718
29178,45059,0.1283,0.1938
29180,45039,0.9559,0.9122
29180,45079,0.0441,0.0878
29210,45079,0.6966,0.6
29210,45063,0.3034,0.4
29212,45063,0.6917,0.7651
29212,45079,0.3083,0.2349
29307,45083,0.8919,0.9884
29307,45021,0.1081,0.0116
29322,45083,0.9771,0.9819
29322,45045,0.0229,0.0181
29323,45083,0.8695,0.9156
29323,45021,0.1305,0.0844
29330,45021,0.5237,0.2645
29330,45083,0.4763,0.7355
29332,45059,0.9647,0.9869
29332,45071,0.0353,0.0131
29335,45083,0.6681,0.8089
29335,45059,0.1883,0.1414
29335,45087,0.1436,0.0497
29355,45071,0.7315,0.6242
29355,45059,0.2685,0.3758
29356,45045,0.7579,0.507
29356,45083,0.2421,0.493
29372,45021,0.4227,0.1896
29372,45083,0.3187,0.6645
29372,45087,0.2585,0.146
29374,45083,0.903,0.9773
29374,45087,0.097,0.0227
29388,45083,0.9427,0.9654
29388,45059,0.0573,0.0346
29406,45019,0.9708,0.981
29406,45015,0.0292,0.019
29410,45015,0.9999,0.9999
29414,45019,0.8195,0.9853
29414,45035,0.1805,0.0147
29418,45019,0.7749,0.6615
29418,45035,0.2251,0.3385
29420,45035,0.5955,0.7929
29420,45019,0.4045,0.2071
29426,45019,0.8348,0.7451
29426,45035,0.1652,0.2549
29432,45075,0.605,0.5942
29432,45009,0.3252,0.3436
29432,45035,0.0698,0.0621
29436,45015,0.9358,0.923
29436,45075,0.0642,0.077
29438,45019,0.9085,0.9612
29438,45029,0.0915,0.0388
29440,45043,0.9944,0.9977
29440,45089,0.0056,0.0023
29450,45015,0.9441,0.9628
29450,45019,0.0559,0.0372
29456,45019,0.4618,0.2428
29456,45015,0.2872,0.3494
29456,45035,0.2509,0.4078
29470,45019,0.662,0.8218
29470,45035,0.338,0.1782
29471,45035,0.9717,0.9789
29471,45075,0.0283,0.0211
29472,45035,0.5975,0.7378
29472,45015,0.3236,0.2018
29472,45029,0.0789,0.0605
29477,45035,0.9913,0.9957
29477,45075,0.0087,0.0043
29481,45029,0.8458,0.7833
29481,45009,0.1542,0.2167
29483,45035,0.8339,0.9197
29483,45015,0.1631,0.0762
29485,45035,0.9353,0.8894
29485,45019,0.0647,0.1106
29501,45041,0.8546,0.9676
29501,45031,0.1454,0.0324
29506,45041,0.9811,0.9954
29506,45031,0.0189,0.0046
29510,45089,0.6504,0.44
29510,45043,0.3496,0.56
29518,45089,0.995,0.9929
29518,45027,0.005,0.0071
29520,45025,1.0,1.0
29525,45069,0.9461,0.9325
29525,45033,0.0539,0.0675
29550,45031,0.8117,0.9548
29550,45025,0.1661,0.0416
29550,45061,0.0222,0.0036
29554,45043,0.5168,0.3667
29554,45089,0.4753,0.6261
29554,45041,0.008,0.0072
29555,45041,0.9251,0.897
29555,45089,0.0749,0.103
29560,45041,0.4808,0.7967
29560,45089,0.4204,0.1471
29560,45027,0.0989,0.0562
29565,45033,0.9242,0.8551
29565,45067,0.0445,0.1332
29565,45069,0.0313,0.0118
29571,45067,0.9956,0.9928
29571,45033,0.0044,0.0072
29574,45067,0.9955,0.9962
29576,45051,0.5551,0.7463
29576,45043,0.4449,0.2537
29581,45051,0.7356,0.4358
29581,45033,0.1554,0.2176
29581,45067,0.109,0.3465
29592,45067,0.5727,0.5564
29592,45033,0.4273,0.4436
29593,45031,0.6405,0.5954
29593,45025,0.3595,0.4046
29611,45045,0.8596,0.8908
29611,45007,0.117,0.0831
29611,45077,0.0234,0.0261
29620,45001,0.9602,0.9698
29620,45065,0.0398,0.0302
29627,45007,0.8297,0.937
29627,45045,0.156,0.0583
29627,45001,0.0143,0.0047
29628,45001,0.7533,0.7263
29628,45065,0.2467,0.2737
29630,45077,0.8771,0.8947
29630,45007,0.1229,0.1053
29631,45077,0.9949,0.998
29631,45007,0.0051,0.002
29634,45077,0.9882,0.7611
29634,45073,0.0118,0.2389
29635,45045,0.822,0.7177
29635,45077,0.178,0.2823
29638,45001,0.8389,0.7625
29638,45047,0.1611,0.2375
29642,45007,0.5543,0.3312
29642,45077,0.4457,0.6688
29643,45073,0.8016,0.7737
29643,45007,0.1984,0.2263
29644,45045,0.5015,0.6795
29644,45059,0.4985,0.3205
29645,45059,0.9987,0.9977
29646,45047,0.9603,0.9907
29646,45001,0.0397,0.0093
29649,45047,0.9731,0.9967
29649,45001,0.0269,0.0033
29650,45045,0.9871,0.9986
29650,45083,0.0129,0.0014
29651,45045,0.5545,0.6711
29651,45083,0.4455,0.3289
29653,45047,0.926,0.9678
29653,45001,0.074,0.0322
29654,45007,0.3674,0.5855
29654,45001,0.2953,0.2006
29654,45045,0.2339,0.1478
29654,45059,0.1034,0.0661
29655,45001,0.5263,0.3685
29655,45007,0.4737,0.6315
29657,45077,0.7613,0.8319
29657,45007,0.2387,0.1681
29661,45045,0.8009,0.7827
29661,45077,0.1991,0.2173
29666,45047,0.9449,0.9704
29666,45081,0.0551,0.0296
29669,45045,0.722,0.5934
29669,45007,0.278,0.4066
29670,45007,0.9526,0.9879
29670,45077,0.0474,0.0121
29673,45045,0.5387,0.5107
29673,45007,0.4613,0.4893
29678,45073,0.9943,0.9998
29678,45077,0.0057,0.0002
29681,45045,0.9747,0.9975
29681,45059,0.0253,0.0025
29689,45007,0.8853,0.9072
29689,45073,0.1147,0.0928
29692,45059,0.8001,0.729
29692,45047,0.1262,0.1923
29692,45001,0.0737,0.0786
29702,45021,0.8545,0.8821
29702,45091,0.1455,0.1179
29704,45091,0.5659,0.8492
29704,45023,0.4341,0.1508
29706,45023,0.9972,0.9974
29712,45023,0.8503,0.7412
29712,45091,0.1497,0.2588
29718,45025,0.9045,0.9277
29718,45055,0.0697,0.0477
29718,45057,0.0257,0.0246
29730,45091,0.9535,0.9944
29730,45023,0.0465,0.0056
29742,45091,0.8401,0.8959
29742,45023,0.1599,0.1041
29743,45091,0.8454,0.7589
29743,45021,0.1546,0.2411
29812,45011,0.9766,0.9948
29812,45005,0.0234,0.0052
29817,45011,0.8379,0.9108
29817,45009,0.1621,0.0892
29819,45047,0.8318,0.6887
29819,45001,0.1129,0.2064
29819,45065,0.0553,0.1049
29821,45037,0.5261,0.7166
29821,45065,0.4739,0.2834
29824,45037,0.9825,0.9767
29824,45081,0.0175,0.0233
29827,45005,0.9615,0.9384
29827,45049,0.0385,0.0616
29832,45037,0.6653,0.7402
29832,45081,0.3266,0.2539
29832,45003,0.0081,0.0059
29835,45065,0.8417,0.9377
29835,45037,0.1583,0.0623
29836,45005,0.8298,0.8329
29836,45011,0.1702,0.1671
29838,45037,0.6702,0.5043
29838,45065,0.3298,0.4957
29843,45009,0.8144,0.4769
29843,45011,0.1856,0.5231
29845,45065,0.9131,0.9583
29845,45037,0.0869,0.0417
29847,45037,0.7559,0.7838
29847,45003,0.2441,0.2162
29848,45065,0.5296,0.6397
29848,45047,0.3808,0.2423
29848,45081,0.0896,0.1181
29849,45005,0.7348,0.6639
29849,45011,0.2652,0.3361
29853,45011,0.751,0.7935
29853,45003,0.249,0.2065
29860,45037,0.8547,0.5119
29860,45003,0.1453,0.4881
29909,45013,0.9774,0.9959
29909,45053,0.0226,0.0041
29916,45049,0.6298,0.734
29916,45053,0.3702,0.266
29922,45049,0.6699,0.5486
29922,45053,0.3301,0.4514
29927,45053,0.9967,0.9318
29927,45013,0.0033,0.0682
29932,45005,0.8851,0.8634
29932,45049,0.1149,0.1366
29934,45053,0.8742,0.9207
29934,45049,0.1258,0.0793
29944,45049,0.8616,0.9386
29944,45053,0.1384,0.0614
29945,45029,0.4224,0.3167
29945,45013,0.2676,0.3634
29945,45049,0.155,0.1435
29945,45053,0.155,0.1763
30004,13121,0.6834,0.7828
30004,13117,0.1603,0.1383
30004,13057,0.1563,0.0788
30005,13121,0.7024,0.8143
30005,13117,0.2976,0.1857
30011,13013,0.7409,0.6057
30011,13135,0.2591,0.3943
30012,13247,0.9656,0.9763
30012,13297,0.0282,0.0156
30012,13089,0.0061,0.0081
30013,13247,0.9493,0.9363
30013,13217,0.0507,0.0637
30014,13217,0.7757,0.8423
30014,13297,0.2147,0.156
30014,13159,0.0096,0.0016
30016,13217,0.9963,0.9927
30016,13247,0.0037,0.0073
30019,13135,0.9603,0.9884
30019,13297,0.0397,0.0116
30024,13135,0.6522,0.6356
30024,13117,0.3203,0.3513
30024,13121,0.0275,0.0131
30025,13297,0.706,0.7299
30025,13217,0.2838,0.2665
30025,13211,0.0102,0.0036
30028,13117,0.9269,0.9611
30028,13057,0.0731,0.0389
30039,13135,0.944,0.972
30039,13089,0.056,0.028
30040,13117,0.9783,0.9919
30040,13057,0.0217,0.0081
30052,13297,0.67,0.5419
30052,13135,0.2711,0.444
30052,13247,0.0461,0.0087
30052,13217,0.0128,0.0053
30054,13217,0.8494,0.7933
30054,13297,0.1506,0.2067
30055,13217,0.4929,0.7106
30055,13159,0.3867,0.2057
30055,13211,0.1204,0.0837
30056,13159,0.4783,0.3735
30056,13211,0.3834,0.3406
30056,13217,0.1383,0.286
30058,13089,0.995,0.9988
30058,13247,0.005,0.0012
30075,13121,0.8422,0.7973
30075,13067,0.1409,0.185
30075,13057,0.0169,0.0177
30084,13089,0.8249,0.8056
30084,13135,0.1751,0.1944
30087,13089,0.6839,0.6774
30087,13135,0.3161,0.3226
30092,13135,0.9851,0.9785
30092,13121,0.0149,0.0215
30094,13247,0.9937,0.9965
30094,13089,0.0063,0.0035
30097,13121,0.4966,0.5223
30097,13135,0.4296,0.4252
30097,13117,0.0737,0.0525
30101,13067,0.6818,0.8085
30101,13223,0.2635,0.174
30101,13015,0.0488,0.0125
30101,13057,0.0059,0.005
30102,13057,0.4966,0.5535
30102,13015,0.3897,0.1743
30102,13067,0.1137,0.2722
30103,13015,0.6858,0.7166
30103,13129,0.2406,0.2305
30103,13115,0.0736,0.0529
30104,13233,0.5693,0.5075
30104,13115,0.3073,0.2948
30104,13015,0.1234,0.1977
30105,13115,0.8056,0.9203
30105,13055,0.1944,0.0797
30106,13067,0.9768,0.9861
30106,13097,0.0232,0.0139
30107,13057,0.8042,0.8196
30107,13227,0.1511,0.1036
30107,13117,0.0447,0.0768
30108,13045,0.964,0.9857
30108,13149,0.036,0.0143
30110,13143,0.8943,0.9225
30110,13045,0.1057,0.0775
30113,13143,0.9236,0.8868
30113,13233,0.0764,0.1132
30120,13015,0.9963,0.9979
30122,13097,0.9931,0.9899
30122,13067,0.0069,0.0101
30124,13115,0.9894,0.9918
30124,13233,0.0106,0.0082
30125,13233,0.9731,0.9447
30125,13115,0.0221,0.0535
30127,13067,0.8495,0.901
30127,13223,0.1505,0.099
30134,13097,0.6763,0.6998
30134,13223,0.3237,0.3002
30139,13129,0.6016,0.6145
30139,13227,0.2178,0.2595
30139,13015,0.1806,0.126
30141,13223,0.9977,0.9957
30143,13227,0.8811,0.8783
30143,13085,0.0989,0.1053
30143,13057,0.02,0.0164
30145,13015,0.8195,0.7444
30145,13115,0.1805,0.2556
30147,13115,0.9247,0.964
30147,13233,0.0753,0.036
30148,13085,0.5457,0.1384
30148,13227,0.4543,0.8616
30153,13233,0.7078,0.7931
30153,13223,0.201,0.1732
30153,13143,0.0912,0.0337
30157,13223,0.9902,0.9689
30157,13067,0.0098,0.0311
30161,13115,0.9849,0.9921
30161,13015,0.0151,0.0079
30165,13115,0.9809,0.9933
30165,01019,0.0097,0.0051
30165,13055,0.0094,0.0017
30168,13067,0.9033,0.9475
30168,13097,0.0967,0.0525
30170,13045,0.5205,0.7401
30170,13149,0.4795,0.2599
30171,13015,0.8591,0.8179
30171,13129,0.1409,0.1821
30173,13115,0.9037,0.9254
30173,13233,0.0963,0.0746
30175,13227,0.5714,0.6386
30175,13123,0.4286,0.3614
30178,13015,0.6084,0.7427
30178,13233,0.2234,0.1512
30178,13223,0.1682,0.106
30179,13045,0.5161,0.6815
30179,13223,0.2738,0.2018
30179,13143,0.2101,0.1166
30180,13045,0.6255,0.6977
30180,13097,0.2766,0.2369
30180,13223,0.0978,0.0653
30182,13045,0.6343,0.6527
30182,13143,0.3657,0.3473
30183,13057,0.9591,0.9592
30183,13227,0.0366,0.0392
30184,13015,0.8914,0.8969
30184,13057,0.1086,0.1031
30185,13045,0.9545,0.9104
30185,13097,0.0455,0.0896
30187,13097,0.9853,0.988
30187,13045,0.0147,0.012
30188,13057,0.9907,0.9847
30188,13067,0.0093,0.0153
30204,13171,0.9193,0.9309
30204,13293,0.0416,0.0168
30204,13207,0.0391,0.0523
30205,13113,0.6047,0.657
30205,13255,0.3953,0.343
30213,13121,0.9977,0.9959
30214,13113,0.9963,0.993
30214,13121,0.0037,0.007
30215,13113,0.9777,0.925
30215,13063,0.0223,0.075
30217,13149,0.9714,0.9621
30217,13285,0.0286,0.0379
30220,13077,0.5662,0.7396
30220,13199,0.4338,0.2604
30223,13255,0.9994,0.9993
30224,13255,0.7472,0.9224
30224,13231,0.1514,0.0495
30224,13171,0.1014,0.0281
30228,13151,0.6571,0.5539
30228,13063,0.284,0.426
30228,13255,0.0589,0.0201
30230,13285,0.5596,0.7391
30230,13199,0.2236,0.1079
30230,13149,0.1651,0.1003
30230,13077,0.0517,0.0527
30233,13035,0.8697,0.8606
30233,13207,0.0547,0.0522
30233,13151,0.0445,0.0663
30233,13171,0.0299,0.0194
30234,13035,0.9305,0.7878
30234,13151,0.0695,0.2122
30236,13063,0.9063,0.9129
30236,13151,0.0937,0.0871
30238,13063,0.8616,0.9452
30238,13113,0.1384,0.0548
30240,13285,0.9979,0.9997
30248,13151,0.8369,0.8962
30248,13035,0.0835,0.0249
30248,13255,0.0797,0.079
30251,13199,0.9718,0.9083
30251,13077,0.0282,0.0917
30252,13151,0.9504,0.959
30252,13247,0.0496,0.041
30256,13231,0.7082,0.5995
30256,13293,0.2059,0.2972
30256,13171,0.0859,0.1033
30257,13171,0.9098,0.9042
30257,13231,0.0902,0.0958
30258,13231,0.6188,0.6815
30258,13293,0.3812,0.3185
30263,13077,0.9948,0.9988
30263,13149,0.0052,0.0012
30268,13121,0.871,0.7503
30268,13077,0.129,0.2497
30273,13063,0.8631,0.9293
30273,13151,0.1369,0.0707
30276,13077,0.7688,0.893
30276,13199,0.1895,0.0417
30276,13113,0.0417,0.0654
30281,13151,0.7925,0.9046
30281,13247,0.1911,0.0624
30281,13063,0.0163,0.0329
30285,13293,0.6183,0.3959
30285,13171,0.2082,0.3808
30285,13231,0.1735,0.2233
30288,13089,0.7185,0.6049
30288,13063,0.2815,0.3951
30292,13231,0.7757,0.5648
30292,13255,0.2243,0.4352
30294,13089,0.3625,0.4591
30294,13063,0.3522,0.2954
30294,13151,0.2736,0.2433
30294,13247,0.0117,0.0023
30295,13231,0.9733,0.9755
30295,13171,0.0267,0.0245
30296,13063,0.8035,0.8787
30296,13121,0.1965,0.1213
30306,13121,0.5847,0.6455
30306,13089,0.4153,0.3545
30307,13089,0.822,0.7795
30307,13121,0.178,0.2205
30315,13121,0.9948,0.998
30315,13089,0.0052,0.002
30316,13089,0.8425,0.8211
30316,13121,0.1575,0.1789
30317,13089,0.9978,0.9992
30319,13089,0.8577,0.8256
30319,13121,0.1423,0.1744
30324,13121,0.7546,0.8106
30324,13089,0.2454,0.1894
30337,13121,0.53,1.0
30337,13063,0.47,0.0
30338,13089,0.9803,0.9856
30338,13121,0.0197,0.0144
30339,13067,0.9557,0.9775
30339,13121,0.0443,0.0225
30340,13089,0.8093,0.9236
30340,13135,0.1907,0.0764
30349,13121,0.8554,0.7815
30349,13063,0.1446,0.2185
30350,13121,0.9943,0.9922
30350,13089,0.0057,0.0078
30354,13121,0.8712,0.8639
30354,13063,0.1288,0.1361
30360,13089,0.7229,0.8089
30360,13135,0.2771,0.1911
30411,13309,0.8508,0.925
30411,13175,0.1492,0.075
30413,13163,0.5497,0.6069
30413,13303,0.3083,0.2799
30413,13167,0.142,0.1132
30417,13109,0.8629,0.898
30417,13267,0.1371,0.102
30420,13043,0.5751,0.5445
30420,13267,0.4174,0.4501
30420,13109,0.0075,0.0054
30425,13107,0.5031,0.5555
30425,13165,0.3717,0.2755
30425,13031,0.1252,0.169
30426,13033,0.721,0.8945
30426,13251,0.279,0.1055
30427,13267,0.8245,0.8738
30427,13183,0.1701,0.1118
30427,13109,0.0054,0.0144
30428,13309,0.7462,0.7702
30428,13175,0.2538,0.2298
30434,13163,0.8183,0.9114
30434,13033,0.1817,0.0886
30436,13279,0.8085,0.8809
30436,13107,0.1663,0.1027
30436,13267,0.0213,0.0152
30439,13043,0.9728,0.991
30439,13107,0.0258,0.0082
30441,13107,0.562,0.5831
30441,13033,0.4242,0.3929
30441,13165,0.0139,0.024
30442,13165,0.8865,0.9284
30442,13033,0.1061,0.0553
30442,13251,0.0074,0.0163
30445,13209,0.9914,0.9882
30445,13283,0.0086,0.0118
30446,13251,0.6158,0.558
30446,13103,0.3842,0.442
30450,13031,0.9802,0.9811
30450,13107,0.0198,0.0189
30452,13031,0.9251,0.9284
30452,13109,0.0683,0.0617
30452,13043,0.0067,0.0099
30455,13251,0.9738,0.9628
30455,13165,0.0262,0.0372
30457,13283,0.9265,0.9417
30457,13209,0.0459,0.0352
30457,13107,0.0276,0.0231
30470,13209,0.5669,0.4965
30470,13283,0.4331,0.5035
30471,13107,0.9493,0.9204
30471,13031,0.0341,0.0469
30471,13043,0.0167,0.0327
30473,13279,0.542,0.4017
30473,13209,0.458,0.5983
30474,13279,0.7109,0.9282
30474,13209,0.2144,0.057
30474,13107,0.0459,0.012
30474,13283,0.0288,0.0028
30506,13139,0.7829,0.7273
30506,13117,0.2171,0.2727
30510,13011,0.5686,0.3462
30510,13137,0.2823,0.5153
30510,13139,0.1491,0.1386
30511,13011,0.9284,0.7843
30511,13257,0.0407,0.0295
30511,13137,0.0309,0.1861
30512,13291,0.9915,0.9969
30512,13111,0.0085,0.0031
30513,13111,0.9513,0.9778
30513,13123,0.0487,0.0222
30516,13147,0.9986,0.9974
30517,13157,0.5218,0.3504
30517,13139,0.2962,0.3546
30517,13135,0.109,0.2247
30517,13013,0.073,0.0704
30518,13135,0.7879,0.8765
30518,13139,0.2121,0.1235
30519,13135,0.8832,0.9406
30519,13139,0.1168,0.0594
30520,13147,0.5269,0.5052
30520,13119,0.4731,0.4948
30521,13119,0.9421,0.9475
30521,13011,0.0579,0.0525
30522,13123,0.7314,0.6525
30522,13111,0.2686,0.3475
30523,13137,0.8496,0.9342
30523,13241,0.1498,0.0647
30525,13241,0.9805,0.9695
30525,13281,0.0195,0.0305
30527,13139,0.9998,0.9998
30528,13311,0.8895,0.968
30528,13187,0.1105,0.032
30529,13157,0.7419,0.8674
30529,13011,0.2581,0.1326
30530,13011,0.4182,0.3598
30530,13157,0.2577,0.4028
30530,13195,0.1734,0.1508
30530,13119,0.1507,0.0867
30531,13137,0.8526,0.9289
30531,13139,0.1474,0.0711
30533,13187,0.9533,0.9365
30533,13085,0.0256,0.0084
30533,13139,0.0171,0.0506
30534,13085,0.8519,0.7605
30534,13187,0.0981,0.0995
30534,13117,0.0303,0.0888
30534,13227,0.0129,0.0462
30534,13057,0.0067,0.005
30536,13123,0.9776,0.9868
30536,13085,0.0224,0.0132
30538,13257,0.8815,0.9387
30538,13119,0.1185,0.0613
30543,13139,0.5699,0.712
30543,13011,0.3247,0.2159
30543,13157,0.1055,0.0722
30548,13157,0.6201,0.4193
30548,13013,0.1999,0.1734
30548,13139,0.0908,0.2492
30548,13135,0.0892,0.158
30553,13119,0.5892,0.7619
30553,13147,0.4108,0.2381
30554,13139,0.6009,0.6848
30554,13011,0.3991,0.3152
30557,13119,0.6159,0.4741
30557,13257,0.3841,0.5259
30558,13157,0.5375,0.6113
30558,13011,0.4625,0.3887
30560,13111,0.8883,0.7118
30560,13291,0.1117,0.2882
30563,13137,0.9877,0.984
30563,13257,0.0123,0.016
30564,13139,0.5728,0.751
30564,13187,0.377,0.22
30564,13311,0.0503,0.029
30565,13157,0.8704,0.7987
30565,13195,0.1296,0.2013
30567,13157,0.9882,0.9821
30567,13139,0.0118,0.0179
30572,13291,0.6965,0.6897
30572,13111,0.3035,0.3103
30575,13157,0.6739,0.6673
30575,13139,0.3261,0.3327
30577,13257,0.8307,0.9234
30577,13119,0.1123,0.0465
30577,13137,0.0428,0.0213
30577,13011,0.0142,0.0089
30582,13281,0.6248,0.6295
30582,13291,0.3752,0.3705
30601,13059,0.9017,0.9697
30601,13195,0.0597,0.0222
30601,13157,0.0386,0.0081
30605,13059,0.9503,0.9942
30605,13219,0.0497,0.0058
30606,13059,0.7363,0.874
30606,13219,0.2637,0.126
30607,13157,0.6322,0.3444
30607,13059,0.3678,0.6556
30619,13221,0.9638,0.9498
30619,13219,0.0362,0.0502
30620,13013,0.7792,0.8047
30620,13135,0.1559,0.1454
30620,13297,0.0649,0.0498
30621,13219,0.6462,0.8578
30621,13211,0.3538,0.1422
30622,13219,0.6797,0.6887
30622,13059,0.2265,0.2532
30622,13157,0.0872,0.0521
30622,13013,0.0067,0.0059
30624,13105,0.8251,0.7912
30624,13147,0.1085,0.1586
30624,13195,0.0664,0.0502
30625,13211,0.8817,0.921
30625,13237,0.1183,0.079
30627,13221,0.8241,0.5052
30627,13195,0.1759,0.4948
30628,13195,0.7005,0.814
30628,13221,0.2995,0.186
30629,13195,0.7123,0.7723
30629,13221,0.2877,0.2277
30631,13265,0.9585,0.9213
30631,13317,0.0296,0.0427
30631,13133,0.0119,0.036
30633,13195,0.9787,0.9846
30633,13119,0.0183,0.0123
30634,13105,0.7274,0.5727
30634,13147,0.2726,0.4273
30635,13105,0.9857,0.9861
30635,13147,0.0143,0.0139
30641,13297,0.7712,0.8427
30641,13211,0.2288,0.1573
30646,13195,0.9916,0.9828
30646,13059,0.0043,0.0143
30650,13211,0.8993,0.9574
30650,13133,0.0812,0.0238
30650,13297,0.0124,0.0167
30650,13237,0.0071,0.0021
30656,13297,0.9658,0.9717
30656,13013,0.0342,0.0283
30660,13317,0.6291,0.6359
30660,13221,0.3612,0.3576
30660,13265,0.0096,0.0065
30662,13119,0.5125,0.6572
30662,13147,0.2528,0.2147
30662,13195,0.2179,0.1165
30662,13105,0.0168,0.0116
30666,13013,0.5963,0.7027
30666,13219,0.306,0.2252
30666,13157,0.0977,0.0721
30668,13317,0.8418,0.642
30668,13181,0.1582,0.358
30669,13133,0.7696,0.8758
30669,13221,0.1181,0.0754
30669,13265,0.1123,0.0487
30677,13219,0.8662,0.9833
30677,13133,0.1338,0.0167
30678,13133,0.7394,0.82
30678,13141,0.2184,0.1652
30678,13265,0.0421,0.0148
30680,13013,0.9458,0.9841
30680,13157,0.0314,0.0112
30680,13219,0.0228,0.0047
30683,13221,0.572,0.2871
30683,13059,0.4139,0.6993
30683,13195,0.0141,0.0136
30701,13129,0.9421,0.9823
30701,13115,0.0579,0.0177
30707,13295,0.9599,0.9352
30707,13047,0.0401,0.0648
30710,13313,0.9978,0.9985
30721,13313,0.9575,0.991
30721,13213,0.0425,0.009
30731,13055,0.5438,0.5203
30731,13295,0.2979,0.1696
30731,13083,0.1583,0.3101
30733,13129,0.8911,0.9175
30733,13115,0.1089,0.0825
30734,13129,0.8835,0.7981
30734,13227,0.1165,0.2019
30735,13129,0.7173,0.7677
30735,13213,0.203,0.1188
30735,13313,0.0797,0.1136
30736,13047,0.9553,0.9765
30736,13313,0.0314,0.0117
30736,13295,0.0132,0.0117
30738,13083,0.6832,0.6961
30738,13295,0.3168,0.3039
30739,13295,0.7487,0.8335
30739,13047,0.2513,0.1665
30740,13313,0.9195,0.9874
30740,13295,0.0805,0.0126
30741,13295,0.7232,0.5032
30741,13047,0.2763,0.4955
30742,13047,0.9986,0.9991
30746,13129,0.846,0.9456
30746,13295,0.154,0.0544
30747,13055,0.9059,0.9676
30747,13295,0.0941,0.0324
30750,13295,0.6444,0.7128
30750,13083,0.3556,0.2872
30753,13055,0.6082,0.7244
30753,13295,0.3918,0.2756
30755,13313,0.5241,0.7642
30755,13047,0.4759,0.2358
30802,13073,0.9832,0.9945
30802,13189,0.0168,0.0055
30803,13163,0.9895,0.9914
30803,13125,0.0105,0.0086
30805,13245,0.5941,0.8196
30805,13033,0.4059,0.1804
30808,13189,0.9838,0.9896
30808,13301,0.0162,0.0104
30810,13125,0.9082,0.8843
30810,13163,0.0461,0.0543
30810,13301,0.0457,0.0614
30813,13073,0.9531,0.9648
30813,13245,0.0469,0.0352
30814,13073,0.8401,0.9582
30814,13189,0.1599,0.0418
30815,13245,0.7193,0.9594
30815,13033,0.2807,0.0406
30816,13033,0.8647,0.8651
30816,13163,0.1353,0.1349
30817,13181,0.9803,0.9865
30817,13317,0.0197,0.0135
30820,13125,0.5441,0.6268
30820,13301,0.1702,0.1436
30820,13303,0.1617,0.0756
30820,13141,0.1239,0.1539
30823,13163,0.5917,0.5593
30823,13301,0.2456,0.3218
30823,13125,0.1627,0.1189
30824,13189,0.9826,0.9949
30824,13301,0.0157,0.0025
30828,13301,0.9619,0.9698
30828,13125,0.0381,0.0302
30907,13073,0.7753,0.8046
30907,13245,0.2247,0.1954
30909,13245,0.9846,0.9937
30909,13073,0.0154,0.0063
31002,13107,0.4519,0.3469
31002,13175,0.2182,0.3749
31002,13167,0.2138,0.2144
31002,13283,0.116,0.0637
31008,13225,0.6199,0.6768
31008,13079,0.3421,0.08
31008,13153,0.038,0.2432
31011,13091,0.9608,0.9753
31011,13175,0.0392,0.0247
31012,13091,0.746,0.7494
31012,13023,0.2275,0.2268
31012,13175,0.0265,0.0238
31014,13023,0.7695,0.8391
31014,13091,0.1417,0.1186
31014,13289,0.0855,0.0405
31015,13081,0.9642,0.9921
31015,13315,0.0305,0.006
31015,13093,0.0053,0.002
31016,13207,0.4357,0.5841
31016,13293,0.3364,0.1791
31016,13079,0.1798,0.128
31016,13171,0.0481,0.1088
31017,13319,0.5301,0.2865
31017,13289,0.2752,0.2869
31017,13023,0.1947,0.4267
31020,13289,0.9599,0.7333
31020,13021,0.0401,0.2667
31022,13175,0.9508,0.9345
31022,13023,0.0492,0.0655
31023,13091,0.9641,0.9785
31023,13235,0.0359,0.0215
31029,13207,0.9993,0.9993
31030,13225,0.5852,0.7895
31030,13079,0.3802,0.1944
31030,13193,0.034,0.0085
31030,13153,0.0007,0.0076
31031,13319,0.6598,0.6172
31031,13289,0.1667,0.1416
31031,13009,0.1312,0.2072
31031,13169,0.0423,0.0339
31033,13169,0.886,0.7619
31033,13009,0.114,0.2381
31036,13235,0.819,0.9009
31036,13153,0.1671,0.0852
31036,13023,0.0108,0.0121
31037,13271,0.3599,0.723
31037,13091,0.297,0.1062
31037,13309,0.2546,0.1481
31037,13175,0.0885,0.0228
31038,13169,0.5865,0.5551
31038,13159,0.3233,0.3057
31038,13237,0.0902,0.1392
31044,13289,0.9112,0.9231
31044,13319,0.0888,0.0769
31045,13141,0.756,0.8201
31045,13301,0.244,0.1799
31046,13207,0.6975,0.9
31046,13169,0.3025,0.1
31049,13167,0.8016,0.7093
31049,13107,0.1984,0.2907
31052,13021,0.5236,0.8118
31052,13079,0.4764,0.1882
31058,13269,0.5994,0.3863
31058,13197,0.3952,0.6064
31058,13249,0.0053,0.0073
31060,13271,0.7004,0.6021
31060,13091,0.2996,0.3979
31061,13009,0.8076,0.9544
31061,13319,0.1473,0.0213
31061,13141,0.0344,0.0058
31061,13237,0.01,0.0184
31063,13193,0.8817,0.9417
31063,13093,0.1183,0.0583
31064,13159,0.9999,0.9997
31065,13175,0.6605,0.6434
31065,13023,0.2669,0.3341
31065,13319,0.0727,0.0224
31066,13079,0.9281,0.8438
31066,13207,0.0599,0.0959
31066,13021,0.0119,0.0603
31068,13193,0.9997,0.9997
31069,13153,0.9554,0.982
31069,13225,0.0385,0.0168
31069,13193,0.0061,0.0012
31071,13235,0.6813,0.6968
31071,13315,0.3187,0.3032
31072,13315,0.9265,0.7132
31072,13081,0.0502,0.2524
31072,13093,0.0233,0.0344
31076,13269,0.6964,0.8795
31076,13193,0.3036,0.1205
31077,13091,0.5324,0.672
31077,13271,0.4676,0.328
31079,13315,0.9086,0.9325
31079,13017,0.0914,0.0675
31081,13269,0.8831,0.8684
31081,13193,0.1047,0.1061
31081,13249,0.0122,0.0255
31082,13303,0.971,0.9752
31082,13009,0.029,0.0248
31087,13141,0.9764,0.9122
31087,13009,0.0163,0.0853
31087,13303,0.0073,0.0025
31089,13303,0.8502,0.9009
31089,13167,0.1498,0.0991
31091,13093,0.9479,0.9721
31091,13235,0.0272,0.011
31091,13153,0.025,0.0169
31092,13093,0.9127,0.85
31092,13081,0.0536,0.1323
31092,13315,0.0336,0.0177
31096,13167,0.8874,0.916
31096,13303,0.0693,0.0407
31096,13175,0.0433,0.0433
31097,13293,0.8685,0.762
31097,13171,0.1146,0.2189
31097,13207,0.0169,0.0191
31210,13021,0.752,0.9634
31210,13207,0.248,0.0366
31211,13169,0.8169,0.4589
31211,13021,0.1831,0.5411
31217,13169,0.4004,0.258
31217,13021,0.3015,0.6289
31217,13289,0.2982,0.1131
31220,13021,0.5466,0.9262
31220,13207,0.4534,0.0738
31301,13179,0.5736,0.9503
31301,13183,0.4264,0.0497
31302,13051,0.5874,0.5495
31302,13103,0.4126,0.4505
31308,13029,0.805,0.8759
31308,13031,0.195,0.1241
31313,13179,0.9708,0.9967
31313,13183,0.0292,0.0033
31316,13183,0.9997,0.9984
31321,13029,0.5033,0.5334
31321,13031,0.4967,0.4666
31323,13179,0.5405,0.7336
31323,13191,0.32,0.1613
31323,13183,0.1395,0.1051
31324,13029,0.9991,0.9996
31503,13299,0.9142,0.9343
31503,13025,0.0786,0.0573
31503,13229,0.0072,0.0084
31510,13005,0.8987,0.9008
31510,13229,0.1013,0.0992
31513,13001,0.9995,0.9997
31518,13001,0.5744,0.5023
31518,13229,0.3075,0.3958
31518,13305,0.1181,0.1019
31519,13069,0.8905,0.9465
31519,13161,0.1095,0.0535
31537,13049,0.9516,0.8409
31537,13039,0.0484,0.1591
31539,13161,0.9796,0.9874
31539,13001,0.0204,0.0126
31543,13025,0.5028,0.7375
31543,13305,0.4165,0.1773
31543,13127,0.0807,0.0852
31549,13271,0.5655,0.6494
31549,13309,0.4345,0.3506
31550,13299,0.919,0.9097
31550,13065,0.081,0.0903
31551,13229,0.5241,0.4482
31551,13005,0.4759,0.5518
31552,13299,0.9019,0.9426
31552,13003,0.0674,0.0362
31552,13069,0.0307,0.0212
31553,13025,0.9808,0.9955
31553,13049,0.0192,0.0045
31554,13069,0.5166,0.6125
31554,13299,0.2511,0.0896
31554,13005,0.2324,0.2978
31555,13305,0.8317,0.915
31555,13001,0.1683,0.085
31557,13229,0.9352,0.9417
31557,13025,0.0391,0.0481
31557,13001,0.0258,0.0102
31560,13305,0.9933,0.9934
31560,13001,0.0067,0.0066
31566,13025,0.7924,0.9093
31566,13127,0.1374,0.0745
31566,13039,0.0702,0.0162
31601,13185,0.9964,0.9995
31602,13185,0.61,0.921
31602,13027,0.39,0.079
31606,13185,0.9386,0.9858
31606,13101,0.0614,0.0142
31624,13003,0.8721,0.5053
31624,13069,0.1117,0.4696
31624,13299,0.0161,0.0252
31626,13275,0.9206,0.9538
31626,13027,0.0794,0.0462
31630,13065,0.8192,0.8954
31630,13101,0.1808,0.1046
31631,13101,0.5764,0.6022
31631,13065,0.3206,0.194
31631,13049,0.087,0.1695
31631,13299,0.0161,0.0344
31632,13185,0.7898,0.8989
31632,13075,0.2102,0.1011
31635,13173,0.7849,0.8862
31635,13003,0.1174,0.0693
31635,13065,0.0973,0.043
31636,13101,0.6109,0.1802
31636,13185,0.3891,0.8198
31637,13075,0.4142,0.4169
31637,13019,0.3563,0.3234
31637,13071,0.1671,0.13
31637,13277,0.0624,0.1297
31639,13019,0.9892,0.9853
31639,13173,0.0108,0.0147
31641,13185,0.5894,0.4632
31641,13173,0.4106,0.5368
31642,13003,0.829,0.8465
31642,13065,0.171,0.1535
31645,13019,0.699,0.5532
31645,13173,0.1801,0.1614
31645,13185,0.1209,0.2854
31649,13173,0.978,0.9963
31649,13101,0.022,0.0037
31650,13003,0.6694,0.5315
31650,13069,0.3306,0.4685
31701,13095,0.8991,0.9917
31701,13177,0.1009,0.0083
31705,13095,0.7628,0.9272
31705,13321,0.1255,0.0405
31705,13205,0.1117,0.0323
31707,13095,0.9106,0.9621
31707,13177,0.0894,0.0379
31711,13261,0.619,0.4637
31711,13193,0.3729,0.5308
31711,13249,0.0081,0.0055
31712,13081,0.7804,0.8235
31712,13287,0.2047,0.1677
31712,13321,0.0149,0.0088
31714,13287,0.9138,0.9409
31714,13321,0.0782,0.0497
31714,13277,0.0079,0.0094
31719,13261,0.9929,0.998
31719,13249,0.0071,0.002
31720,13027,0.9276,0.7619
31720,13275,0.0724,0.2381
31721,13095,0.8288,0.9461
31721,13007,0.158,0.0175
31721,13177,0.0068,0.0346
31721,13273,0.0064,0.0017
31730,13205,0.9693,0.9863
31730,13087,0.0307,0.0137
31733,13155,0.6138,0.4182
31733,13277,0.3862,0.5818
31738,13275,0.736,0.6937
31738,13071,0.264,0.3063
31743,13177,0.5926,0.5983
31743,13261,0.4074,0.4017
31744,13321,0.5418,0.5008
31744,13071,0.4267,0.4594
31744,13205,0.0316,0.0398
31749,13019,0.7816,0.7105
31749,13155,0.1351,0.0958
31749,13277,0.0834,0.1937
31750,13017,0.745,0.9041
31750,13155,0.2546,0.0958
31763,13177,0.9916,0.9646
31763,13095,0.0069,0.035
31764,13261,0.8575,0.8728
31764,13177,0.1425,0.1272
31765,13205,0.5041,0.4515
31765,13275,0.2871,0.3318
31765,13071,0.2088,0.2167
31771,13071,0.9689,0.9829
31771,13321,0.0311,0.0171
31773,13275,0.7894,0.7905
31773,13131,0.191,0.197
31773,13071,0.0196,0.0124
31775,13071,0.4352,0.351
31775,13277,0.3715,0.5184
31775,13321,0.1933,0.1306
31778,13027,0.6169,0.2851
31778,13275,0.3576,0.6647
31778,13071,0.0255,0.0503
31779,13205,0.648,0.7952
31779,13131,0.3307,0.1822
31779,13275,0.0213,0.0227
31780,13261,0.9051,0.9392
31780,13307,0.0949,0.0608
31783,13287,0.5246,0.5258
31783,13155,0.2811,0.292
31783,13017,0.1943,0.1822
31787,13177,0.6599,0.477
31787,13261,0.3401,0.523
31788,13071,0.9811,0.9895
31788,13027,0.0189,0.0105
31790,13287,0.9412,0.9084
31790,13155,0.0317,0.0318
31790,13277,0.027,0.0598
31791,13321,0.9965,0.9903
31791,13095,0.0035,0.0097
31792,13275,0.7066,0.9472
31792,13131,0.2934,0.0528
31794,13277,0.9068,0.9817
31794,13019,0.0932,0.0183
31795,13321,0.7367,0.524
31795,13277,0.2633,0.476
31796,13321,0.9911,0.9787
31796,13081,0.0089,0.0213
31798,13155,0.5331,0.4772
31798,13069,0.3415,0.4005
31798,13017,0.1255,0.1223
31801,13197,0.6499,0.6041
31801,13263,0.3258,0.2145
31801,13215,0.0242,0.1815
31803,13197,0.9365,0.938
31803,13249,0.0562,0.0584
31803,13307,0.0073,0.0036
31805,13053,0.8343,0.9652
31805,13259,0.1657,0.0348
31806,13249,0.9286,0.9341
31806,13193,0.0714,0.0659
31808,13145,0.7916,0.5309
31808,13215,0.2084,0.4691
31812,13263,0.795,0.8506
31812,13269,0.205,0.1494
31816,13199,0.8577,0.9668
31816,13263,0.1423,0.0332
31820,13215,0.6026,0.7782
31820,13145,0.3974,0.2218
31822,13145,0.4972,0.5573
31822,13285,0.3257,0.3068
31822,13199,0.1771,0.1359
31824,13307,0.9818,0.9669
31824,13197,0.0182,0.0331
31825,13259,0.702,0.7959
31825,13307,0.298,0.2041
31826,13145,0.6604,0.8329
31826,13263,0.3396,0.1671
31829,13215,0.8411,0.9169
31829,13145,0.1589,0.0831
31830,13199,0.9016,0.8817
31830,13145,0.0984,0.1183
31831,13145,0.6232,0.8811
31831,13263,0.3768,0.1189
31832,13307,0.8748,0.8843
31832,13243,0.1252,0.1157
31833,13145,0.6056,0.5596
31833,13285,0.3944,0.4404
31905,13053,0.8099,0.6141
31905,13215,0.1901,0.3859
32008,12067,0.4591,0.1353
32008,12041,0.2484,0.3832
32008,12121,0.2384,0.4373
32008,12029,0.054,0.0442
32024,12023,0.814,0.9269
32024,12121,0.186,0.0731
32026,12007,0.6218,0.6981
32026,12125,0.3782,0.3019
32043,12019,0.9272,0.9694
32043,12107,0.0728,0.0306
32044,12007,0.9334,0.8948
32044,12001,0.0666,0.1052
32054,12125,0.9107,0.8912
32054,12007,0.0893,0.1088
32055,12023,0.9997,0.9998
32058,12007,0.8671,0.8437
32058,12125,0.1046,0.1084
32058,12019,0.0283,0.048
32080,12109,0.9883,0.9912
32080,12035,0.0117,0.0088
32081,12109,0.9029,0.963
32081,12031,0.0971,0.037
32083,12125,0.9805,0.9817
32083,12007,0.0195,0.0183
32091,12007,0.8449,0.9707
32091,12019,0.1551,0.0293
32094,12121,0.8847,0.7297
32094,12023,0.1153,0.2703
32096,12023,0.5531,0.5005
32096,12047,0.4303,0.4239
32096,12121,0.0165,0.0756
32102,12069,0.6205,0.6171
32102,12127,0.3795,0.3829
32131,12107,0.9228,0.9729
32131,12109,0.0772,0.0271
32134,12083,0.809,0.788
32134,12107,0.1783,0.203
32134,12069,0.0127,0.0091
32136,12035,0.9063,0.9329
32136,12127,0.0937,0.0671
32140,12107,0.898,0.9479
32140,12019,0.102,0.0521
32145,12109,0.9935,0.9808
32145,12107,0.0065,0.0192
32159,12069,0.8452,0.5991
32159,12119,0.1548,0.4009
32162,12119,0.8457,0.8812
32162,12083,0.1543,0.1188
32163,12119,0.8974,0.928
32163,12069,0.1026,0.072
32174,12127,0.7059,0.9529
32174,12035,0.2941,0.0471
32180,12127,0.9065,0.9573
32180,12035,0.0935,0.0427
32195,12083,0.8534,0.7203
32195,12069,0.1466,0.2797
32224,12031,0.9161,0.9824
32224,12109,0.0839,0.0176
32234,12031,0.457,0.3473
32234,12019,0.2889,0.4642
32234,12003,0.2108,0.1698
32234,12089,0.0433,0.0187
32259,12109,0.9851,0.9832
32259,12031,0.0149,0.0168
32321,12077,0.9775,0.979
32321,12037,0.0225,0.021
32331,12079,0.7262,0.7748
32331,12123,0.1428,0.0901
32331,12065,0.131,0.1351
32336,12123,0.4754,0.2864
32336,12065,0.4021,0.5897
32336,12079,0.1225,0.1239
32346,12129,0.6682,0.8413
32346,12037,0.3318,0.1587
32358,12129,0.8488,0.8807
32358,12037,0.1512,0.1193
32359,12029,0.6107,0.6212
32359,12123,0.3893,0.3788
32413,12005,0.9957,0.9941
32413,12131,0.0043,0.0059
32420,12063,0.9773,0.9815
32420,12133,0.0227,0.0185
32425,12059,0.865,0.9359
32425,12133,0.135,0.0641
32428,12133,0.9737,0.9689
32428,12005,0.0174,0.0229
32428,12063,0.009,0.0082
32431,12063,0.8371,0.7889
32431,12133,0.1629,0.2111
32437,12133,0.7744,0.8553
32437,12005,0.2256,0.1447
32438,12005,0.773,0.9069
32438,12013,0.1714,0.0463
32438,12063,0.0463,0.0408
32438,12133,0.0093,0.006
32440,12063,0.6937,0.777
32440,12059,0.3063,0.223
32442,12063,0.8938,0.9176
32442,12013,0.1062,0.0824
32448,12063,0.9932,0.9984
32448,12013,0.0068,0.0016
32455,12131,0.676,0.6198
32455,12059,0.324,0.3802
32456,12045,0.7431,0.7858
32456,12005,0.1823,0.1606
32456,12037,0.0746,0.0536
32462,12133,0.8253,0.8641
32462,12131,0.1599,0.1246
32462,12005,0.0148,0.0113
32464,12059,0.8204,0.8084
32464,12131,0.1796,0.1916
32466,12005,0.6505,0.8415
32466,12013,0.2463,0.0792
32466,12133,0.1032,0.0793
32531,12091,0.8788,0.941
32531,12113,0.1212,0.059
32539,12091,0.8867,0.9731
32539,12131,0.1133,0.0269
32561,12033,0.6112,0.3964
32561,12113,0.3888,0.6036
32564,12113,0.5026,0.2814
32564,12091,0.4974,0.7186
32567,12091,0.6561,0.6655
32567,12131,0.3439,0.3345
32578,12091,0.9739,0.9951
32578,12131,0.0261,0.0049
32618,12001,0.8076,0.8061
32618,12075,0.1924,0.1939
32622,12007,0.8615,0.7674
32622,12001,0.1385,0.2326
32640,12001,0.5713,0.4081
32640,12107,0.4287,0.5919
32643,12001,0.5237,0.595
32643,12041,0.3496,0.2466
32643,12023,0.1267,0.1584
32656,12019,0.9519,0.9684
32656,12007,0.0481,0.0316
32666,12107,0.653,0.5254
32666,12019,0.1564,0.3684
32666,12001,0.1256,0.0595
32666,12007,0.0651,0.0466
32667,12001,0.5354,0.4975
32667,12083,0.4646,0.5025
32668,12075,0.8129,0.743
32668,12083,0.1871,0.257
32669,12001,0.8331,0.9217
32669,12041,0.1253,0.0592
32669,12075,0.0416,0.0191
32693,12041,0.7501,0.7018
32693,12075,0.2499,0.2982
32696,12075,0.7979,0.9193
32696,12083,0.2021,0.0807
32702,12069,0.7695,0.921
32702,12083,0.2305,0.079
32703,12095,0.9095,0.8306
32703,12117,0.0905,0.1694
32720,12127,0.559,0.892
32720,12069,0.441,0.108
32751,12095,0.7473,0.6858
32751,12117,0.2527,0.3142
32754,12009,0.7818,0.9202
32754,12127,0.2182,0.0798
32757,12069,0.6679,0.8728
32757,12095,0.3321,0.1272
32776,12069,0.8611,0.9411
32776,12095,0.1389,0.0589
32784,12083,0.5583,0.1523
32784,12069,0.4417,0.8477
32792,12117,0.502,0.513
32792,12095,0.498,0.487
32810,12095,0.9985,0.9987
32948,12061,0.7884,0.8101
32948,12009,0.2116,0.1899
33034,12086,0.5329,0.9983
33034,12087,0.4671,0.0017
33438,12085,0.6471,0.1661
33438,12099,0.3529,0.8339
33440,12051,0.9534,0.911
33440,12099,0.0466,0.089
33458,12099,0.81,0.9946
33458,12085,0.19,0.0054
33469,12085,0.7162,0.3951
33469,12099,0.2838,0.6049
33471,12043,0.9998,0.9999
33478,12099,0.8172,0.8302
33478,12085,0.1828,0.1698
33523,12101,0.9238,0.9095
33523,12053,0.0762,0.0905
33540,12101,0.9164,0.9849
33540,12057,0.0836,0.0151
33547,12057,0.9774,0.9851
33547,12105,0.0226,0.0149
33548,12057,0.9596,0.9658
33548,12101,0.0404,0.0342
33549,12057,0.8102,0.7548
33549,12101,0.1898,0.2452
33556,12057,0.5335,0.6472
33556,12101,0.4665,0.3528
33558,12057,0.6406,0.7123
33558,12101,0.3594,0.2877
33559,12057,0.5845,0.4961
33559,12101,0.4155,0.5039
33597,12119,0.5564,0.5861
33597,12053,0.2229,0.3381
33597,12101,0.2207,0.0759
33598,12057,0.9247,0.9962
33598,12081,0.0753,0.0038
33809,12105,0.9984,0.9994
33810,12105,0.7343,0.982
33810,12057,0.2657,0.018
33825,12055,0.6768,0.9715
33825,12105,0.3232,0.0285
33834,12049,0.7063,0.8478
33834,12105,0.2937,0.1522
33849,12105,0.9837,0.964
33849,12101,0.0163,0.036
33860,12105,0.9868,0.9971
33860,12057,0.0132,0.0029
33865,12049,0.9705,0.9475
33865,12027,0.0295,0.0525
33896,12097,0.642,0.4017
33896,12105,0.358,0.5983
33897,12105,0.9903,0.9867
33897,12097,0.0097,0.0133
33898,12105,0.8868,0.9944
33898,12097,0.1132,0.0056
33917,12071,0.7264,0.9946
33917,12015,0.2736,0.0054
33921,12071,0.8054,0.7302
33921,12015,0.1946,0.2698
33935,12051,0.5823,0.8775
33935,12043,0.4177,0.1225
33936,12051,0.6813,0.0124
33936,12071,0.3187,0.9876
33955,12015,0.9849,0.7306
33955,12071,0.0151,0.2694
33960,12055,0.7255,0.6308
33960,12043,0.2745,0.3692
34110,12021,0.9483,0.9737
34110,12071,0.0517,0.0263
34119,12021,0.9816,0.9644
34119,12071,0.0184,0.0356
34134,12071,0.9033,0.9022
34134,12021,0.0967,0.0978
34135,12071,0.9997,0.9995
34141,12021,0.7505,0.7391
34141,12087,0.2032,0.0135
34141,12086,0.0463,0.2474
34142,12021,0.8211,0.9919
34142,12051,0.1789,0.0081
34223,12115,0.948,0.8383
34223,12015,0.052,0.1617
34224,12015,0.9443,0.9936
34224,12115,0.0557,0.0064
34228,12115,0.5734,0.6505
34228,12081,0.4266,0.3495
34240,12115,0.9989,0.9913
34240,12081,0.0011,0.0087
34243,12081,0.804,0.7888
34243,12115,0.196,0.2112
34251,12081,0.9919,0.9555
34251,12115,0.0081,0.0445
34266,12027,0.9335,0.9242
34266,12115,0.0665,0.0758
34269,12027,0.9998,0.9937
34269,12015,0.0002,0.0063
34431,12083,0.5519,0.895
34431,12075,0.4481,0.105
34449,12075,0.9381,0.7722
34449,12017,0.0619,0.2278
34601,12053,0.9976,0.9993
34714,12069,0.9977,0.9187
34714,12105,0.0023,0.0813
34731,12069,0.994,0.966
34731,12119,0.006,0.034
34747,12097,0.9474,0.9759
34747,12095,0.0526,0.0241
34759,12105,0.6517,0.8673
34759,12097,0.3483,0.1327
34787,12095,0.8123,0.8286
34787,12069,0.1877,0.1714
34957,12085,0.6239,0.629
34957,12111,0.3761,0.371
34972,12093,0.7973,0.9136
34972,12097,0.1444,0.038
34972,12111,0.0583,0.0484
34974,12043,0.5307,0.1589
34974,12093,0.2206,0.7704
34974,12085,0.1504,0.0251
34974,12055,0.0983,0.0455
34990,12085,0.9817,0.9426
34990,12111,0.0183,0.0574
35006,01073,0.9561,0.9716
35006,01127,0.0234,0.0132
35006,01125,0.0205,0.0151
35010,01123,0.773,0.9094
35010,01037,0.1996,0.0543
35010,01051,0.0274,0.0363
35016,01095,0.6867,0.8533
35016,01043,0.212,0.1228
35016,01009,0.0559,0.0145
35016,01103,0.0455,0.0094
35019,01043,0.6318,0.8283
35019,01103,0.3682,0.1717
35022,01073,0.937,0.9803
35022,01117,0.063,0.0197
35033,01043,0.8783,0.8603
35033,01127,0.1217,0.1397
35034,01007,0.883,0.9626
35034,01105,0.117,0.0374
35035,01007,0.9442,0.8132
35035,01117,0.0558,0.1868
35040,01117,0.8315,0.8973
35040,01021,0.1685,0.1027
35042,01007,0.8293,0.9745
35042,01105,0.1707,0.0255
35046,01021,0.7841,0.909
35046,01037,0.2159,0.091
35053,01043,0.9087,0.923
35053,01133,0.0913,0.077
35062,01073,0.6506,0.7791
35062,01127,0.3494,0.2209
35063,01127,0.8759,0.8476
35063,01009,0.0923,0.1107
35063,01073,0.0318,0.0417
35072,01037,0.4662,0.5328
35072,01027,0.421,0.2196
35072,01123,0.1112,0.2398
35072,01121,0.0016,0.0078
35079,01009,0.9992,0.9992
35080,01117,0.995,0.9923
35080,01073,0.005,0.0077
35087,01043,0.4843,0.4675
35087,01103,0.385,0.132
35087,01095,0.1307,0.4005
35089,01037,0.8184,0.614
35089,01123,0.1816,0.386
35094,01073,0.5242,0.5877
35094,01117,0.3243,0.2167
35094,01115,0.1515,0.1956
35096,01121,0.8852,0.8893
35096,01015,0.1148,0.1107
35098,01043,0.859,0.8602
35098,01133,0.141,0.1398
35111,01073,0.5453,0.5388
35111,01125,0.4268,0.4459
35111,01007,0.0279,0.0153
35115,01117,0.7006,0.8575
35115,01021,0.1807,0.1108
35115,01007,0.1187,0.0318
35121,01009,0.9711,0.9853
35121,01115,0.0212,0.0107
35121,01055,0.0077,0.0041
35126,01073,0.9656,0.9834
35126,01009,0.0344,0.0166
35128,01115,0.9812,0.9955
35128,01117,0.0188,0.0045
35130,01127,0.5605,0.5138
35130,01073,0.4395,0.4862
35133,01009,0.9221,0.941
35133,01115,0.0779,0.059
35146,01115,0.8166,0.8481
35146,01009,0.1571,0.0946
35146,01073,0.0264,0.0573
35148,01127,0.9802,0.9729
35148,01073,0.0198,0.0271
35150,01121,0.9729,0.9985
35150,01037,0.0231,0.0013
35151,01121,0.5189,0.8669
35151,01037,0.4811,0.1331
35160,01121,0.7711,0.9523
35160,01027,0.2289,0.0477
35172,01009,0.8115,0.6842
35172,01073,0.1885,0.3158
35173,01073,0.7611,0.8835
35173,01115,0.2389,0.1165
35175,01095,0.8221,0.9085
35175,01103,0.1779,0.0915
35178,01117,0.788,0.4721
35178,01115,0.212,0.5279
35179,01043,0.9099,0.9636
35179,01133,0.0458,0.0067
35179,01103,0.0442,0.0297
35180,01073,0.6364,0.7214
35180,01009,0.3636,0.2786
35184,01007,0.9975,0.9761
35184,01125,0.0025,0.0239
35188,01007,0.7349,0.7908
35188,01125,0.2651,0.2092
35216,01073,0.9819,0.9881
35216,01117,0.0181,0.0119
35242,01117,0.799,0.9024
35242,01073,0.201,0.0976
35243,01073,0.9797,0.9676
35243,01117,0.0203,0.0324
35244,01117,0.5364,0.5149
35244,01073,0.4636,0.4851
35442,01107,0.744,0.865
35442,01119,0.204,0.106
35442,01063,0.052,0.029
35444,01125,0.9339,0.9041
35444,01073,0.0661,0.0959
35463,01125,0.8359,0.9276
35463,01063,0.1641,0.0724
35464,01119,0.9085,0.9025
35464,01063,0.0915,0.0975
35466,01107,0.8612,0.8681
35466,01125,0.1388,0.1319
35469,01063,0.7952,0.5755
35469,01125,0.2048,0.4245
35474,01065,0.8933,0.6023
35474,01125,0.1067,0.3977
35480,01125,0.7279,0.9167
35480,01063,0.2721,0.0833
35503,01127,0.9143,0.9815
35503,01133,0.0857,0.0185
35540,01133,0.9788,0.9565
35540,01043,0.0212,0.0435
35541,01133,0.9892,0.9921
35541,01043,0.0108,0.0079
35546,01125,0.4867,0.5142
35546,01057,0.4339,0.391
35546,01127,0.0795,0.0948
35549,01057,0.5086,0.1685
35549,01127,0.4914,0.8315
35552,01093,0.6038,0.6191
35552,01075,0.3962,0.3809
35554,01057,0.556,0.2217
35554,01127,0.2534,0.5319
35554,01093,0.1906,0.2464
35555,01057,0.8785,0.9277
35555,01125,0.0707,0.0377
35555,01075,0.0398,0.0234
35555,01107,0.011,0.0112
35563,01093,0.88,0.9563
35563,01057,0.0692,0.0287
35563,01075,0.0508,0.015
35564,01093,0.9291,0.9203
35564,01059,0.0709,0.0797
35565,01133,0.5343,0.6876
35565,01093,0.2312,0.1962
35565,01079,0.1759,0.0495
35565,01059,0.0586,0.0668
35570,01093,0.9914,0.9955
35570,01075,0.0086,0.0045
35571,01059,0.7786,0.6132
35571,01093,0.2214,0.3868
35574,01075,0.5346,0.4433
35574,01107,0.341,0.4159
35574,01057,0.1244,0.1408
35576,01075,0.8039,0.8021
35576,01107,0.1961,0.1979
35578,01127,0.6444,0.7884
35578,01133,0.3556,0.2116
35579,01127,0.7695,0.8683
35579,01125,0.2305,0.1317
35581,01059,0.8784,0.8217
35581,01093,0.1216,0.1783
35593,01059,0.6461,0.7682
35593,01093,0.3539,0.2318
35594,01057,0.5019,0.3394
35594,01093,0.4981,0.6606
35603,01103,0.9945,0.9982
35603,01079,0.0055,0.0018
35610,01077,0.705,0.8187
35610,01083,0.295,0.1813
35614,01083,0.9828,0.992
35614,01077,0.0172,0.008
35619,01079,0.6833,0.4833
35619,01103,0.3151,0.5148
35621,01103,0.9668,0.9272
35621,01043,0.0332,0.0728
35622,01103,0.8461,0.7046
35622,01043,0.1539,0.2954
35650,01079,0.9994,0.9968
35652,01077,0.9761,0.9929
35652,01083,0.0239,0.0071
35653,01059,0.7801,0.9025
35653,01033,0.2199,0.0975
35654,01059,0.8249,0.8339
35654,01033,0.0959,0.1171
35654,01079,0.0792,0.049
35672,01079,0.9451,0.8935
35672,01033,0.0549,0.1065
35673,01079,0.7204,0.6366
35673,01103,0.2796,0.3634
35674,01033,0.9992,0.9997
35739,01083,0.5547,0.5592
35739,01089,0.4453,0.4408
35748,01089,0.9293,0.9798
35748,01071,0.0707,0.0202
35749,01089,0.7024,0.7198
35749,01083,0.2976,0.2802
35754,01103,0.9647,0.9757
35754,01095,0.0353,0.0243
35755,01095,0.7197,0.5823
35755,01071,0.2803,0.4177
35756,01083,0.8154,0.6886
35756,01089,0.1846,0.3114
35757,01089,0.9663,0.9817
35757,01083,0.0337,0.0183
35760,01089,0.9295,0.9523
35760,01095,0.0705,0.0477
35765,01071,0.9444,0.9367
35765,01049,0.0556,0.0633
35769,01071,0.726,0.8005
35769,01095,0.274,0.1995
35771,01071,0.9627,0.9332
35771,01049,0.0373,0.0668
35773,01089,0.7825,0.8117
35773,01083,0.2175,0.1883
35776,01071,0.7881,0.6767
35776,01095,0.1873,0.2848
35776,01089,0.0246,0.0384
35901,01055,0.9645,0.9951
35901,01019,0.0355,0.0049
35903,01055,0.9115,0.9856
35903,01019,0.0885,0.0144
35905,01055,0.7644,0.9097
35905,01015,0.2356,0.0903
35951,01095,0.809,0.9026
35951,01049,0.191,0.0974
35952,01055,0.5504,0.4584
35952,01009,0.4465,0.5388
35954,01055,0.9474,0.9838
35954,01049,0.0526,0.0162
35956,01055,0.998,0.9961
35957,01095,0.7433,0.8494
35957,01049,0.2068,0.1287
35957,01009,0.0499,0.0219
35959,01019,0.9934,0.9959
35959,01049,0.0066,0.0041
35961,01049,0.8139,0.7968
35961,01019,0.106,0.1076
35961,01055,0.08,0.0956
35962,01049,0.9074,0.8708
35962,01095,0.0926,0.1292
35966,01071,0.7553,0.5943
35966,01049,0.2447,0.4057
35967,01049,0.923,0.94
35967,01019,0.077,0.06
35971,01049,0.9966,0.9974
35972,01055,0.6508,0.7345
35972,01115,0.3492,0.2655
35975,01049,0.7304,0.8811
35975,01095,0.2696,0.1189
35976,01095,0.9202,0.9675
35976,01009,0.0789,0.0317
35978,01049,0.7746,0.791
35978,01071,0.2254,0.209
35979,01049,0.6418,0.8037
35979,01071,0.3582,0.1963
35980,01095,0.5221,0.6719
35980,01009,0.4779,0.3281
35983,01019,0.9954,0.9965
35984,01049,0.7011,0.7521
35984,01019,0.2989,0.2479
36005,01109,0.5476,0.7552
36005,01011,0.4486,0.242
36006,01001,0.7559,0.4686
36006,01021,0.2441,0.5314
36009,01041,0.9882,0.9566
36009,01031,0.0118,0.0434
36010,01109,0.8096,0.87
36010,01031,0.1698,0.1133
36010,01045,0.0206,0.0167
36016,01005,0.9864,0.9897
36016,01067,0.0136,0.0103
36022,01051,0.5505,0.7177
36022,01001,0.4495,0.2823
36026,01037,0.7805,0.5076
36026,01051,0.2195,0.4924
36027,01005,0.8453,0.939
36027,01113,0.1259,0.0508
36027,01067,0.0288,0.0103
36028,01039,0.5974,0.7743
36028,01041,0.4026,0.2257
36029,01011,0.8764,0.7358
36029,01087,0.0907,0.2253
36029,01101,0.0329,0.0389
36032,01085,0.8565,0.6956
36032,01013,0.1435,0.3044
36033,01013,0.9047,0.9629
36033,01035,0.0751,0.0296
36033,01099,0.0202,0.0076
36034,01109,0.476,0.5069
36034,01031,0.3214,0.2765
36034,01041,0.2026,0.2167
36035,01109,0.8024,0.7211
36035,01041,0.1976,0.2789
36036,01101,0.6981,0.6544
36036,01041,0.3019,0.3456
36037,01013,0.9801,0.9922
36037,01041,0.0199,0.0078
36041,01041,0.9887,0.9784
36041,01101,0.0113,0.0216
36042,01041,0.5089,0.5647
36042,01013,0.4911,0.4353
36043,01085,0.5596,0.3853
36043,01101,0.4404,0.6147
36046,01041,0.6752,0.6163
36046,01101,0.3248,0.3837
36047,01085,0.9006,0.7802
36047,01101,0.0994,0.2198
36049,01041,0.958,0.9652
36049,01109,0.042,0.0348
36051,01001,0.6448,0.5361
36051,01051,0.201,0.3302
36051,01021,0.1542,0.1337
36052,01101,0.9037,0.9599
36052,01011,0.0963,0.0401
36053,01005,0.5897,0.7408
36053,01011,0.4103,0.2592
36054,01051,0.88,0.9549
36054,01101,0.12,0.0451
36066,01001,0.7101,0.8927
36066,01051,0.2899,0.1073
36069,01101,0.9466,0.9677
36069,01109,0.0534,0.0323
36071,01041,0.8671,0.8831
36071,01013,0.1329,0.1169
36078,01051,0.7301,0.6536
36078,01123,0.2427,0.3352
36078,01087,0.0272,0.0113
36079,01109,0.929,0.9736
36079,01031,0.071,0.0264
36080,01051,0.9646,0.9874
36080,01037,0.0354,0.0126
36081,01109,0.8528,0.9644
36081,01011,0.1472,0.0356
36089,01011,0.7784,0.9132
36089,01087,0.2216,0.0868
36091,01021,0.845,0.8772
36091,01001,0.152,0.1217
36203,01015,0.6008,0.8763
36203,01121,0.3992,0.1237
36207,01015,0.9996,1.0
36255,01027,0.9778,0.9812
36255,01123,0.0222,0.0188
36256,01123,0.9602,0.9533
36256,01027,0.0398,0.0467
36258,01029,0.4616,0.3765
36258,01027,0.4244,0.5225
36258,01111,0.114,0.101
36260,01121,0.6305,0.5245
36260,01015,0.3695,0.4755
36264,01029,0.9167,0.9404
36264,01111,0.0833,0.0596
36266,01027,0.7897,0.7987
36266,01111,0.2103,0.2013
36268,01121,0.8958,0.9488
36268,01027,0.1042,0.0512
36271,01015,0.9981,0.9875
36271,01055,0.0019,0.0125
36272,01019,0.4224,0.3115
36272,01015,0.3341,0.5862
36272,01029,0.1969,0.0553
36272,01055,0.0465,0.047
36274,01111,0.8274,0.9333
36274,01017,0.1726,0.0667
36276,01111,0.5471,0.5363
36276,01017,0.2398,0.2804
36276,01027,0.148,0.1336
36276,01123,0.0651,0.0497
36301,01069,0.9536,0.9931
36301,01061,0.0464,0.0069
36303,01069,0.9089,0.9781
36303,01045,0.0819,0.0199
36303,01067,0.0092,0.002
36305,01069,0.6547,0.9559
36305,01061,0.3453,0.0441
36311,01045,0.5485,0.5624
36311,01005,0.3556,0.2971
36311,01031,0.0959,0.1405
36316,01061,0.6538,0.3932
36316,01031,0.3462,0.6068
36317,01067,0.8341,0.7735
36317,01045,0.0886,0.1057
36317,01005,0.0773,0.1208
36318,01061,0.6788,0.5069
36318,01031,0.3212,0.4931
36319,01067,0.6047,0.4384
36319,01069,0.3953,0.5616
36322,01045,0.9309,0.9879
36322,01061,0.0587,0.008
36322,01031,0.0103,0.0041
36330,01031,0.9238,0.9006
36330,01045,0.0762,0.0994
36345,01067,0.8377,0.7442
36345,01069,0.0993,0.1634
36345,01045,0.063,0.0924
36350,01045,0.9776,0.8576
36350,01069,0.0224,0.1424
36352,01069,0.5811,0.6239
36352,01045,0.3898,0.352
36352,01061,0.0291,0.0241
36353,01067,0.8197,0.8322
36353,01045,0.1803,0.1678
36360,01045,0.9857,0.9945
36360,01031,0.0143,0.0055
36374,01045,0.8865,0.8804
36374,01005,0.1135,0.1196
36375,01061,0.787,0.7304
36375,01069,0.213,0.2696
36401,01035,0.9353,0.9658
36401,01099,0.0567,0.0239
36401,01053,0.008,0.0104
36420,01039,0.8023,0.9697
36420,01053,0.1977,0.0303
36421,01039,0.838,0.9386
36421,01035,0.162,0.0614
36426,01053,0.9625,0.9837
36426,01035,0.0375,0.0163
36432,01035,0.7491,0.4923
36432,01053,0.2509,0.5077
36442,01039,0.9959,0.9934
36442,01061,0.0041,0.0066
36453,01031,0.5229,0.5724
36453,01061,0.3896,0.375
36453,01039,0.0875,0.0526
36456,01035,0.5106,0.3359
36456,01013,0.4276,0.5931
36456,01039,0.0618,0.0709
36460,01099,0.9694,0.9925
36460,01035,0.0306,0.0075
36467,01039,0.9411,0.9602
36467,01031,0.0589,0.0398
36471,01099,0.9014,0.9331
36471,01035,0.0986,0.0669
36474,01039,0.7411,0.7647
36474,01035,0.1477,0.1354
36474,01013,0.1112,0.1
36475,01035,0.8686,0.5775
36475,01099,0.1314,0.4225
36477,01061,0.8903,0.9207
36477,01031,0.1056,0.0771
36482,01025,0.9175,0.8637
36482,01099,0.0825,0.1363
36483,01039,0.5427,0.6714
36483,01053,0.4573,0.3286
36502,01053,0.7926,0.9402
36502,01003,0.1011,0.0197
36502,01099,0.0775,0.0328
36502,01035,0.0287,0.0072
36513,01129,0.5421,0.3931
36513,01097,0.4579,0.6069
36522,01097,0.7749,0.9282
36522,01129,0.2251,0.0718
36558,01129,0.8945,0.9289
36558,01023,0.1055,0.0711
36562,01003,0.9479,0.774
36562,01053,0.0521,0.226
36701,01047,0.6336,0.9792
36701,01105,0.3664,0.0208
36703,01047,0.7454,0.9224
36703,01001,0.2546,0.0776
36722,01131,0.9269,0.8856
36722,01091,0.0731,0.1144
36726,01131,0.9987,0.9997
36728,01131,0.7543,0.7032
36728,01091,0.2457,0.2968
36738,01091,0.7308,0.5835
36738,01065,0.2692,0.4165
36742,01091,0.7221,0.8373
36742,01065,0.2779,0.1627
36744,01065,0.9848,0.9834
36744,01105,0.0152,0.0166
36749,01001,0.8353,0.685
36749,01047,0.1647,0.315
36750,01021,0.988,0.9928
36750,01007,0.012,0.0072
36751,01025,0.4053,0.5998
36751,01131,0.3429,0.3066
36751,01099,0.2518,0.0935
36756,01105,0.9991,0.9991
36758,01021,0.3776,0.2329
36758,01047,0.3122,0.6435
36758,01001,0.3102,0.1235
36759,01047,0.7957,0.7799
36759,01105,0.2043,0.2201
36761,01047,0.5965,0.4688
36761,01085,0.3184,0.4473
36761,01131,0.0851,0.0839
36765,01105,0.5059,0.5242
36765,01065,0.4941,0.4758
36768,01131,0.7337,0.7603
36768,01099,0.2663,0.2397
36769,01131,0.8661,0.7883
36769,01091,0.1339,0.2117
36773,01047,0.8939,0.8085
36773,01091,0.1061,0.1915
36775,01047,0.6431,0.7623
36775,01085,0.3569,0.2377
36783,01091,0.9405,0.9268
36783,01131,0.0595,0.0732
36784,01025,0.7206,0.8238
36784,01091,0.2618,0.1662
36784,01131,0.0176,0.01
36785,01085,0.5612,0.4562
36785,01047,0.4388,0.5438
36786,01105,0.7713,0.7995
36786,01091,0.1932,0.145
36786,01065,0.0355,0.0555
36792,01007,0.819,0.5151
36792,01021,0.181,0.4849
36793,01007,0.4577,0.4919
36793,01021,0.3106,0.4454
36793,01105,0.2317,0.0627
36801,01081,0.781,0.9547
36801,01017,0.219,0.0453
36804,01081,0.7794,0.9019
36804,01113,0.1461,0.0833
36804,01087,0.0745,0.0149
36830,01081,0.5563,0.9634
36830,01087,0.4437,0.0366
36832,01081,0.9693,0.9938
36832,01087,0.0307,0.0062
36850,01123,0.7233,0.7683
36850,01017,0.1755,0.0769
36850,01081,0.1012,0.1547
36852,01017,0.6048,0.639
36852,01081,0.3952,0.361
36854,01017,0.5841,0.6599
36854,01081,0.4159,0.3401
36855,01017,0.989,0.9788
36855,13285,0.011,0.0212
36860,01113,0.6255,0.7746
36860,01087,0.1925,0.1186
36860,01011,0.182,0.1068
36866,01087,0.6863,0.6171
36866,01123,0.2247,0.2462
36866,01081,0.0891,0.1367
36867,01113,0.6632,0.8533
36867,01081,0.3368,0.1467
36870,01081,0.6409,0.7599
36870,01113,0.3591,0.2401
36874,01081,0.9471,0.9754
36874,01113,0.0529,0.0246
36877,01081,0.9989,0.9942
36877,01113,0.0011,0.0058
36879,01017,0.4831,0.1865
36879,01081,0.4618,0.7588
36879,01123,0.0551,0.0548
36912,01023,0.94,0.9338
36912,01119,0.06,0.0662
36919,01023,0.9997,0.9995
36922,01023,0.515,0.5156
36922,01119,0.485,0.4844
37010,47147,0.6128,0.3532
37010,47125,0.3872,0.6468
37012,47041,0.5758,0.504
37012,47189,0.2199,0.2213
37012,47159,0.2043,0.2747
37014,47187,0.6942,0.4509
37014,47149,0.3058,0.5491
37015,47021,0.9267,0.9505
37015,47037,0.0585,0.0285
37015,47125,0.0148,0.021
37016,47189,0.5911,0.651
37016,47015,0.4089,0.349
37018,47031,0.9054,0.9161
37018,47003,0.0946,0.0839
37020,47003,0.7565,0.6323
37020,47149,0.2435,0.3677
37022,47165,0.8509,0.9156
37022,47169,0.1333,0.0771
37022,47111,0.0158,0.0074
37025,47081,0.7288,0.659
37025,47043,0.2393,0.3097
37025,47187,0.032,0.0312
37026,47015,0.9634,0.9187
37026,47031,0.0366,0.0813
37027,47187,0.8644,0.7733
37027,47037,0.1356,0.2267
37030,47159,0.9979,0.9996
37031,47165,0.7818,0.8953
37031,47169,0.2182,0.1047
37032,47147,0.9842,0.9613
37032,47021,0.0147,0.0233
37032,47125,0.0011,0.0153
37033,47081,0.9804,0.9834
37033,47135,0.0196,0.0166
37034,47117,0.768,0.7802
37034,47003,0.232,0.2198
37036,47043,0.9329,0.9067
37036,47021,0.0671,0.0933
37043,47125,0.9829,0.9959
37043,47021,0.0171,0.0041
37046,47187,0.9197,0.9032
37046,47149,0.063,0.0824
37046,47117,0.0174,0.0144
37047,47117,0.7822,0.8497
37047,47055,0.1992,0.1367
37047,47103,0.0186,0.0137
37048,47165,0.9575,0.9765
37048,47147,0.0425,0.0235
37049,47147,0.9994,0.9976
37050,47161,0.5135,0.418
37050,47083,0.2689,0.2745
37050,47125,0.2176,0.3075
37051,47043,0.7232,0.6823
37051,47125,0.2375,0.2906
37051,47083,0.0393,0.0271
37052,47125,0.9824,0.9863
37052,47043,0.0176,0.0137
37055,47043,0.9157,0.9859
37055,47081,0.0843,0.0141
37057,47169,0.3824,0.4213
37057,47159,0.3116,0.2555
37057,47111,0.306,0.3232
37060,47149,0.7479,0.6901
37060,47187,0.127,0.1969
37060,47003,0.1151,0.0996
37060,47117,0.01,0.0134
37061,47083,0.9855,0.986
37061,47125,0.0089,0.0104
37061,47161,0.0055,0.0037
37062,47187,0.9316,0.9375
37062,47043,0.0679,0.0618
37064,47187,0.9922,0.9976
37064,47037,0.0078,0.0024
37072,47037,0.5069,0.5166
37072,47165,0.3441,0.3995
37072,47147,0.149,0.084
37074,47169,0.7368,0.8244
37074,47111,0.2632,0.1756
37076,47037,0.919,0.9548
37076,47189,0.081,0.0452
37078,47085,0.976,0.9556
37078,47081,0.024,0.0444
37079,47161,0.7982,0.6787
37079,47125,0.2018,0.3213
37080,47037,0.5941,0.5656
37080,47021,0.3989,0.428
37080,47147,0.007,0.0065
37085,47149,0.7256,0.8488
37085,47189,0.2744,0.1512
37086,47149,0.9487,0.9713
37086,47037,0.0513,0.0287
37087,47189,0.8683,0.9684
37087,47159,0.0737,0.0196
37087,47169,0.058,0.012
37090,47189,0.9629,0.9658
37090,47159,0.0273,0.0162
37090,47149,0.0098,0.018
37091,47117,0.911,0.963
37091,47003,0.0783,0.0288
37091,47119,0.0107,0.0082
37095,47041,0.758,0.7743
37095,47015,0.2212,0.2013
37095,47189,0.0209,0.0245
37096,47135,0.9735,0.9778
37096,47181,0.0218,0.0143
37096,47101,0.0047,0.0079
37101,47085,0.869,0.9105
37101,47081,0.0885,0.0498
37101,47083,0.0425,0.0397
37110,47177,0.786,0.945
37110,47061,0.1493,0.0329
37110,47175,0.0301,0.0066
37110,47015,0.0192,0.0107
37110,47153,0.0154,0.0049
37118,47149,0.6932,0.8111
37118,47189,0.2262,0.1478
37118,47015,0.0806,0.0411
37122,47189,0.908,0.9413
37122,47149,0.0826,0.0383
37122,47037,0.0095,0.0205
37129,47149,0.9998,1.0
37135,47187,0.8859,0.7569
37135,47037,0.0822,0.1725
37135,47149,0.0318,0.0706
37138,47037,0.7027,0.6516
37138,47189,0.2973,0.3484
37143,47021,0.814,0.7219
37143,47037,0.186,0.2781
37144,47103,0.5882,0.5365
37144,47117,0.2797,0.3075
37144,47003,0.0825,0.0885
37144,47127,0.0328,0.0548
37144,47055,0.0168,0.0127
37145,47159,0.7102,0.7065
37145,47111,0.1867,0.2459
37145,47087,0.1031,0.0476
37146,47147,0.536,0.2993
37146,47021,0.464,0.7007
37148,47165,0.8519,0.941
37148,47147,0.1481,0.059
37149,47149,0.5729,0.6611
37149,47015,0.4271,0.3389
37150,47111,0.5426,0.6944
37150,47027,0.4044,0.282
37150,47087,0.053,0.0236
37153,47149,0.9009,0.9541
37153,47003,0.0991,0.0459
37160,47003,0.979,0.9897
37160,47127,0.021,0.0103
37166,47041,0.9082,0.9494
37166,47177,0.0747,0.0438
37166,47015,0.0171,0.0068
37171,47125,0.9991,0.9993
37174,47119,0.748,0.5357
37174,47187,0.2371,0.4612
37174,47117,0.0149,0.003
37175,47083,0.5662,0.5519
37175,47161,0.4338,0.4481
37178,47083,0.6093,0.7005
37178,47161,0.3907,0.2995
37180,47003,0.9223,0.9421
37180,47149,0.0728,0.0539
37181,47043,0.6536,0.7225
37181,47083,0.3464,0.2775
37183,47003,0.795,0.841
37183,47031,0.1545,0.1109
37183,47127,0.0505,0.0481
37184,47189,0.9651,0.96
37184,47159,0.0349,0.04
37185,47085,0.9977,0.9976
37186,47165,0.5402,0.6686
37186,47111,0.4598,0.3314
37187,47043,0.7771,0.8953
37187,47021,0.2229,0.1047
37188,47147,0.7308,0.5968
37188,47165,0.2692,0.4032
37190,47015,0.9847,0.9822
37190,47177,0.0153,0.0178
37209,47037,0.9975,0.9997
37215,47037,0.9835,0.9935
37215,47187,0.0165,0.0065
37221,47037,0.9186,0.9525
37221,47187,0.0814,0.0475
37306,47051,0.906,0.8905
37306,47127,0.094,0.1095
37307,47139,0.9898,0.9783
37307,47011,0.0102,0.0217
37308,47065,0.6332,0.7567
37308,47121,0.3668,0.2433
37309,47107,0.885,0.9474
37309,47139,0.115,0.0526
37310,47011,0.8908,0.9242
37310,47139,0.1092,0.0758
37311,47011,0.979,0.9866
37311,47065,0.021,0.0134
37321,47143,0.9513,0.9879
37321,47007,0.0487,0.0121
37322,47121,0.9158,0.9184
37322,47107,0.0842,0.0816
37323,47011,0.9966,0.9981
37325,47139,0.8765,0.6359
37325,47107,0.1235,0.3641
37327,47153,0.8217,0.9241
37327,47007,0.1621,0.0712
37327,47175,0.0162,0.0047
37328,47103,0.9519,0.9683
37328,47051,0.0481,0.0317
37329,47107,0.845,0.8628
37329,47123,0.155,0.1372
37330,47051,0.91,0.9645
37330,47031,0.09,0.0355
37332,47143,0.9407,0.9663
37332,47007,0.0593,0.0337
37334,47103,0.9311,0.9544
37334,47127,0.0652,0.0439
37335,47103,0.9722,0.9818
37335,47051,0.0278,0.0182
37336,47065,0.3486,0.4595
37336,47121,0.3484,0.1783
37336,47011,0.303,0.3622
37337,47143,0.503,0.7258
37337,47035,0.4379,0.2396
37337,47007,0.0591,0.0347
37338,47007,0.5845,0.4857
37338,47153,0.204,0.2414
37338,47065,0.1602,0.1418
37338,47143,0.0513,0.1311
37352,47127,0.9916,0.9749
37352,47051,0.0084,0.0251
37353,47011,0.8728,0.7303
37353,47065,0.1272,0.2697
37354,47123,0.9697,0.9814
37354,47107,0.0303,0.0186
37356,47115,0.5582,0.387
37356,47061,0.4288,0.6043
37356,47051,0.0129,0.0087
37357,47177,0.5425,0.6274
37357,47031,0.2866,0.2471
37357,47061,0.1041,0.0378
37357,47015,0.0669,0.0877
37359,47103,0.8056,0.6372
37359,47127,0.1944,0.3628
37360,47003,0.606,0.3726
37360,47031,0.3508,0.597
37360,47127,0.0432,0.0305
37362,47139,0.7927,0.5972
37362,47011,0.2073,0.4028
37365,47061,0.7056,0.8117
37365,47153,0.2944,0.1883
37366,47061,0.9954,0.9922
37366,47051,0.0046,0.0078
37367,47007,0.9177,0.9248
37367,47035,0.044,0.0578
37367,47175,0.0383,0.0173
37369,47139,0.9037,0.8523
37369,47123,0.0963,0.1477
37373,47065,0.9958,0.9955
37375,47051,0.6753,0.675
37375,47115,0.3247,0.325
37377,47065,0.5016,0.8806
37377,47153,0.4625,0.1114
37377,47115,0.0359,0.008
37379,47065,0.8785,0.98
37379,47153,0.0647,0.0124
37379,47007,0.0568,0.0076
37380,47115,0.9811,0.9924
37380,47051,0.0189,0.0076
37381,47143,0.797,0.8936
37381,47007,0.203,0.1064
37387,47061,0.6864,0.8866
37387,47115,0.3136,0.1134
37388,47031,0.4288,0.7137
37388,47051,0.3396,0.2307
37388,47127,0.1978,0.0495
37388,47003,0.0339,0.0061
37397,47115,0.8453,0.7836
37397,47153,0.1547,0.2164
37398,47051,0.9389,0.9788
37398,47127,0.0611,0.0212
37405,47115,0.7523,0.1377
37405,47065,0.2477,0.8623
37419,47115,0.514,0.2258
37419,47065,0.486,0.7742
37601,47179,0.5257,0.6859
37601,47019,0.4488,0.3099
37601,47171,0.0255,0.0041
37604,47179,0.9433,0.9488
37604,47019,0.0567,0.0512
37640,47091,0.6354,0.7818
37640,47019,0.3646,0.2182
37641,47059,0.8239,0.8087
37641,47179,0.1761,0.1913
37642,47073,0.9946,0.9992
37642,51169,0.0054,0.0008
37643,47019,0.9879,0.9952
37643,47171,0.0121,0.0048
37650,47171,0.9626,0.9669
37650,47179,0.0374,0.0331
37656,47179,0.628,0.7326
37656,47059,0.2886,0.1143
37656,47163,0.0833,0.1531
37658,47019,0.9977,0.9969
37659,47179,0.993,0.9853
37659,47163,0.007,0.0147
37660,47163,0.9086,0.9328
37660,47073,0.0914,0.0672
37663,47163,0.9507,0.9642
37663,47179,0.0493,0.0358
37681,47179,0.6254,0.6836
37681,47059,0.3746,0.3164
37686,47163,0.9967,0.997
37694,47019,0.7946,0.8495
37694,47163,0.1791,0.1216
37694,47179,0.0263,0.0289
37705,47001,0.6927,0.8165
37705,47173,0.3073,0.1835
37709,47057,0.9865,0.9623
37709,47093,0.0135,0.0377
37711,47073,0.5511,0.646
37711,47059,0.4107,0.3199
37711,47063,0.0381,0.0341
37715,47025,0.7319,0.6689
37715,47013,0.2681,0.3311
37721,47093,0.9006,0.951
37721,47173,0.0994,0.049
37722,47029,0.8567,0.8223
37722,47155,0.1433,0.1777
37725,47089,0.9882,0.9839
37725,47155,0.0118,0.0161
37726,47129,0.876,0.7894
37726,47049,0.124,0.2106
37731,47073,0.5076,0.6611
37731,47067,0.4924,0.3389
37737,47009,0.9376,0.9747
37737,47105,0.0624,0.0253
37742,47105,0.6763,0.4707
37742,47009,0.3237,0.5293
37743,47059,0.9815,0.9964
37743,47029,0.0185,0.0036
37745,47059,0.9661,0.9822
37745,47073,0.0339,0.0178
37748,47145,0.7008,0.9178
37748,47129,0.2992,0.0822
37752,47025,0.9941,0.9976
37752,51105,0.0059,0.0024
37754,47001,0.6833,0.5917
37754,47093,0.2723,0.3849
37754,47173,0.0444,0.0234
37756,47151,0.8746,0.7694
37756,47013,0.1254,0.2306
37764,47155,0.8716,0.9331
37764,47093,0.1262,0.0655
37769,47001,0.8388,0.9483
37769,47013,0.1612,0.0517
37771,47105,0.7465,0.896
37771,47145,0.2535,0.104
37772,47105,0.9986,0.9941
37772,47093,0.0014,0.0059
37774,47105,0.8575,0.9575
37774,47145,0.1303,0.0378
37774,47123,0.0123,0.0047
37779,47173,0.9576,0.9508
37779,47093,0.0404,0.0481
37801,47009,0.8831,0.9833
37801,47123,0.1169,0.0167
37806,47093,0.8869,0.9612
37806,47057,0.1131,0.0388
37807,47173,0.9932,0.9869
37807,47093,0.0068,0.0131
37811,47073,0.9815,0.9575
37811,47057,0.0185,0.0425
37813,47063,0.9734,0.9854
37813,47089,0.0266,0.0146
37818,47059,0.9977,0.9988
37821,47029,0.9979,0.9984
37825,47025,0.9475,0.9787
37825,47173,0.0525,0.0213
37826,47107,0.9874,0.9905
37826,47121,0.0126,0.0095
37830,47001,0.5207,0.8388
37830,47145,0.4772,0.1575
37840,47129,0.4429,0.232
37840,47001,0.368,0.4414
37840,47145,0.1891,0.3267
37846,47105,0.4271,0.3675
37846,47145,0.3869,0.2831
37846,47123,0.1452,0.3078
37846,47107,0.0395,0.0402
37847,47013,0.8166,0.7341
37847,47151,0.1834,0.2659
37848,47057,0.7465,0.5373
37848,47173,0.2535,0.4627
37849,47093,0.7143,0.8094
37849,47001,0.2857,0.1906
37852,47151,0.907,0.8981
37852,47129,0.093,0.1019
37853,47009,0.9108,0.9133
37853,47093,0.0892,0.0867
37854,47145,0.4446,0.8038
37854,47035,0.4212,0.1462
37854,47129,0.1343,0.05
37857,47073,0.9939,0.9864
37857,47163,0.0061,0.0136
37865,47155,0.6928,0.7409
37865,47009,0.3072,0.2591
37869,47067,0.8843,0.8435
37869,47073,0.067,0.0962
37869,47025,0.0487,0.0602
37870,47025,0.7532,0.7466
37870,47013,0.1446,0.2051
37870,47173,0.1023,0.0484
37871,47093,0.4584,0.4983
37871,47089,0.4233,0.3707
37871,47155,0.1183,0.1311
37872,47129,0.8634,0.8756
37872,47151,0.1366,0.1244
37874,47123,0.7034,0.8417
37874,47107,0.2052,0.1284
37874,47105,0.0873,0.0287
37876,47155,0.9622,0.9746
37876,47089,0.0378,0.0254
37877,47089,0.604,0.3946
37877,47063,0.396,0.6054
37879,47025,0.8014,0.8939
37879,47067,0.1986,0.1061
37880,47121,0.5726,0.5016
37880,47145,0.4218,0.4936
37880,47107,0.0055,0.0048
37881,47057,0.5613,0.6914
37881,47067,0.363,0.2218
37881,47073,0.0708,0.0819
37885,47123,0.984,0.7459
37885,47105,0.016,0.2541
37888,47057,0.9078,0.8164
37888,47173,0.0922,0.1836
37890,47089,0.9567,0.9707
37890,47063,0.0433,0.0293
37891,47063,0.6551,0.6716
37891,47073,0.3449,0.3284
37920,47093,0.9944,0.9957
37920,47009,0.005,0.0035
37922,47093,0.9917,0.9978
37922,47105,0.0083,0.0022
37931,47093,0.9128,0.968
37931,47001,0.0872,0.032
37938,47093,0.9902,0.9975
37938,47173,0.0059,0.0013
38002,47157,0.8685,0.9123
38002,47047,0.1315,0.0877
38004,47167,0.7915,0.9516
38004,47157,0.2085,0.0484
38006,47075,0.4852,0.1512
38006,47033,0.4529,0.7795
38006,47113,0.0619,0.0693
38011,47167,0.9685,0.9845
38011,47157,0.0315,0.0155
38017,47157,0.5692,0.9222
38017,47047,0.4308,0.0778
38028,47047,0.532,0.3958
38028,47157,0.468,0.6042
38034,47033,0.6587,0.6307
38034,47045,0.3413,0.3693
38037,47075,0.5917,0.2683
38037,47097,0.4083,0.7317
38039,47069,0.5735,0.544
38039,47047,0.4265,0.456
38040,47097,0.711,0.6915
38040,47033,0.1988,0.2154
38040,47045,0.0902,0.0931
38042,47069,0.852,0.8857
38042,47047,0.148,0.1143
38044,47069,0.8126,0.6753
38044,47109,0.1335,0.2515
38044,47023,0.0538,0.0732
38049,47047,0.625,0.5917
38049,47167,0.375,0.4083
38053,47157,0.929,0.933
38053,47167,0.071,0.067
38059,47045,0.8662,0.9571
38059,47053,0.1338,0.0429
38061,47109,0.7154,0.7197
38061,47069,0.2846,0.2803
38063,47097,0.9031,0.9746
38063,47075,0.0969,0.0254
38069,47075,0.8429,0.7868
38069,47167,0.1277,0.1952
38069,47047,0.0293,0.018
38075,47069,0.5895,0.7322
38075,47075,0.286,0.2074
38075,47047,0.1245,0.0605
38079,47095,0.8478,0.9079
38079,21075,0.1522,0.0921
38080,47095,0.5169,0.6944
38080,47045,0.4593,0.2581
38080,47131,0.0238,0.0475
38201,47017,0.5924,0.7924
38201,47183,0.2746,0.1479
38201,47079,0.1329,0.0597
38220,47017,0.7225,0.5826
38220,47053,0.2775,0.4174
38224,47079,0.8786,0.9132
38224,47183,0.1214,0.0868
38229,47183,0.9864,0.993
38229,47079,0.0136,0.007
38233,47053,0.5154,0.6734
38233,47131,0.4846,0.3266
38237,47183,0.9654,0.9732
38237,47131,0.0346,0.0268
38240,47131,0.8945,0.9731
38240,47045,0.1055,0.0269
38242,47079,0.9375,0.9914
38242,47183,0.0625,0.0086
38255,47183,0.9733,0.99
38255,47131,0.0267,0.01
38257,47131,0.8595,0.9637
38257,47183,0.1405,0.0363
38259,47131,0.5055,0.2793
38259,47045,0.3704,0.6665
38259,47053,0.1242,0.0542
38261,47131,0.9964,0.9968
38305,47113,0.9733,0.9978
38305,47017,0.0267,0.0022
38310,47109,0.6946,0.6318
38310,47071,0.3054,0.3682
38313,47113,0.5559,0.6506
38313,47077,0.2231,0.1436
38313,47023,0.221,0.2058
38315,47109,0.9097,0.9387
38315,47023,0.0903,0.0613
38317,47017,0.9412,0.9476
38317,47005,0.0588,0.0524
38321,47017,0.5783,0.5341
38321,47077,0.4217,0.4659
38326,47071,0.9904,0.9949
38326,28141,0.0096,0.0051
38328,47077,0.8419,0.7385
38328,47039,0.1581,0.2615
38329,47039,0.9455,0.9413
38329,47077,0.0545,0.0587
38332,47023,0.8688,0.8637
38332,47109,0.1312,0.1363
38334,47109,0.701,0.7686
38334,47023,0.299,0.2314
38340,47023,0.8774,0.9616
38340,47069,0.1217,0.0378
38341,47005,0.7645,0.7682
38341,47039,0.2146,0.2149
38341,47017,0.0209,0.0169
38343,47053,0.6099,0.7105
38343,47033,0.2131,0.0667
38343,47113,0.177,0.2228
38348,47017,0.9867,0.9527
38348,47113,0.0133,0.0473
38351,47077,0.9941,0.9944
38351,47113,0.0059,0.0056
38352,47023,0.6769,0.7283
38352,47077,0.3231,0.2717
38355,47113,0.6328,0.4251
38355,47053,0.3672,0.5749
38356,47113,0.5792,0.7321
38356,47069,0.3553,0.1803
38356,47023,0.0655,0.0876
38357,47109,0.7514,0.6349
38357,47071,0.2486,0.3651
38359,47071,0.8164,0.8583
38359,47109,0.1459,0.1136
38359,47023,0.0377,0.0281
38361,47071,0.9176,0.9376
38361,47109,0.0824,0.0624
38363,47039,0.9585,0.9809
38363,47077,0.0415,0.0191
38366,47113,0.7299,0.7732
38366,47023,0.2701,0.2268
38368,47077,0.8265,0.8222
38368,47023,0.1735,0.1778
38370,47071,0.8834,0.9161
38370,47077,0.1166,0.0839
38371,47077,0.5336,0.4546
38371,47071,0.4252,0.522
38371,47039,0.0411,0.0234
38374,47039,0.5131,0.4134
38374,47077,0.4869,0.5866
38376,47071,0.9596,0.9764
38376,47109,0.0404,0.0236
38379,47109,0.9045,0.8667
38379,47071,0.0955,0.1333
38380,47039,0.8701,0.8697
38380,47005,0.1299,0.1303
38387,47017,0.8922,0.8696
38387,47005,0.1078,0.1304
38388,47077,0.9938,0.9962
38388,47039,0.0062,0.0038
38390,47017,0.8067,0.7267
38390,47077,0.1933,0.2733
38392,47113,0.7445,0.8319
38392,47069,0.2555,0.1681
38401,47119,0.9605,0.9867
38401,47187,0.0212,0.0049
38401,47117,0.0184,0.0084
38425,47181,0.5912,0.4951
38425,47071,0.2683,0.417
38425,47135,0.1405,0.0878
38449,47103,0.5263,0.4961
38449,47055,0.4737,0.5039
38451,47119,0.8107,0.7829
38451,47117,0.1687,0.2082
38451,47055,0.0207,0.0089
38453,47103,0.7581,0.6033
38453,47055,0.2419,0.3967
38456,47099,0.7063,0.7185
38456,47055,0.2937,0.2815
38459,47103,0.8904,0.8973
38459,47055,0.1096,0.1027
38461,47101,0.569,0.4587
38461,47119,0.4146,0.5274
38461,47081,0.0165,0.0139
38462,47101,0.9832,0.9959
38462,47081,0.0168,0.0041
38463,47181,0.7721,0.7181
38463,47099,0.2279,0.2819
38464,47099,0.8117,0.9
38464,47181,0.1214,0.0439
38464,47055,0.063,0.0551
38468,47099,0.9225,0.8901
38468,47055,0.0775,0.1099
38472,47055,0.964,0.9211
38472,47117,0.036,0.0789
38473,47055,0.983,0.9863
38473,47099,0.017,0.0137
38474,47119,0.8682,0.9432
38474,47101,0.093,0.0343
38474,47055,0.0224,0.0098
38474,47099,0.0164,0.0127
38475,47071,0.7753,0.8649
38475,47181,0.2247,0.1351
38476,47187,0.4233,0.4324
38476,47081,0.4043,0.4084
38476,47119,0.1724,0.1591
38478,47055,0.9993,0.9997
38483,47099,0.5684,0.7219
38483,47101,0.3533,0.2146
38483,47055,0.0719,0.052
38483,47119,0.0064,0.0115
38485,47181,0.9902,0.9903
38485,47101,0.0098,0.0097
38486,47099,0.7967,0.8399
38486,47181,0.2033,0.1601
38487,47119,0.6503,0.6503
38487,47081,0.3497,0.3497
38501,47141,0.6348,0.9091
38501,47087,0.3515,0.0869
38501,47133,0.0137,0.0039
38504,47049,0.8428,0.9248
38504,47151,0.1572,0.0752
38506,47141,0.7021,0.8476
38506,47133,0.253,0.1327
38506,47185,0.0402,0.0174
38541,47133,0.5015,0.5379
38541,47027,0.4985,0.4621
38543,47133,0.8839,0.7683
38543,47137,0.1161,0.2317
38544,47141,0.906,0.9365
38544,47041,0.094,0.0635
38545,47087,0.6719,0.5812
38545,47141,0.3281,0.4188
38548,47141,0.6436,0.766
38548,47159,0.3278,0.2069
38548,47041,0.0286,0.0271
38549,47137,0.9349,0.9514
38549,47049,0.0491,0.0252
38549,21053,0.016,0.0233
38551,47027,0.9759,0.9714
38551,47087,0.0241,0.0286
38556,47049,0.994,0.994
38556,47137,0.006,0.006
38559,47175,0.6889,0.5489
38559,47185,0.3111,0.4511
38564,47087,0.9028,0.8865
38564,47141,0.0972,0.1135
38567,47159,0.8752,0.9151
38567,47041,0.1248,0.0849
38568,47133,0.5604,0.5045
38568,47027,0.3371,0.3641
38568,47087,0.1026,0.1314
38569,47159,0.5221,0.6266
38569,47041,0.4779,0.3734
38572,47035,0.9132,0.9774
38572,47007,0.0868,0.0226
38573,47133,0.6528,0.5358
38573,47137,0.3304,0.4418
38573,47027,0.0169,0.0224
38574,47141,0.4865,0.5756
38574,47133,0.3291,0.1761
38574,47035,0.1382,0.2073
38574,47049,0.0461,0.041
38577,47137,0.5689,0.7002
38577,47049,0.4311,0.2998
38581,47177,0.5316,0.7173
38581,47175,0.454,0.2632
38581,47041,0.0144,0.0194
38582,47141,0.5896,0.635
38582,47041,0.4104,0.365
38583,47185,0.8198,0.8489
38583,47141,0.0564,0.0493
38583,47041,0.0509,0.0384
38583,47035,0.0494,0.0535
38583,47175,0.0236,0.01
38585,47175,0.9771,0.9761
38585,47153,0.0229,0.0239
38588,47087,0.8487,0.7579
38588,47027,0.125,0.1747
38588,47111,0.0262,0.0673
38589,47049,0.908,0.9614
38589,47133,0.092,0.0386
38603,28009,0.9598,0.938
38603,28139,0.0402,0.062
38606,28107,0.9569,0.9815
38606,28119,0.0284,0.0063
38606,28071,0.0147,0.0123
38610,28139,0.726,0.8218
38610,28009,0.1556,0.0766
38610,28145,0.1184,0.1015
38611,28093,0.8129,0.8351
38611,28033,0.1871,0.1649
38614,28027,0.9692,0.9931
38614,28011,0.0308,0.0069
38617,28027,0.9913,0.9948
38617,28119,0.0087,0.0052
38618,28137,0.9693,0.9694
38618,28033,0.0235,0.0279
38618,28093,0.0072,0.0027
38619,28107,0.7947,0.7441
38619,28071,0.1506,0.1856
38619,28137,0.0547,0.0703
38621,28107,0.8001,0.9104
38621,28119,0.1999,0.0896
38622,28107,0.5935,0.7949
38622,28119,0.4065,0.2051
38625,28139,0.6847,0.7272
38625,28145,0.3153,0.2728
38626,28143,0.8364,0.7134
38626,28027,0.1636,0.2866
38627,28071,0.5245,0.462
38627,28145,0.4755,0.538
38629,28139,0.7113,0.8366
38629,28009,0.2887,0.1634
38633,28009,0.8003,0.628
38633,28145,0.1997,0.372
38635,28093,0.9146,0.9419
38635,28009,0.0607,0.0354
38635,28137,0.0247,0.0227
38642,28009,0.5506,0.4877
38642,28093,0.4494,0.5123
38643,28119,0.9698,0.9639
38643,28135,0.0302,0.0361
38645,28027,0.8246,0.8807
38645,28119,0.1754,0.1193
38650,28145,0.9184,0.9638
38650,28009,0.0816,0.0362
38654,28033,0.9664,0.9914
38654,28093,0.0336,0.0086
38658,28107,0.9454,0.9598
38658,28161,0.0546,0.0402
38659,28093,0.8031,0.7507
38659,28009,0.1969,0.2493
38663,28139,0.9917,0.9971
38663,28009,0.0083,0.0029
38665,28137,0.6167,0.8192
38665,28107,0.2683,0.1611
38665,28143,0.115,0.0197
38668,28137,0.9715,0.9855
38668,28107,0.0285,0.0145
38670,28119,0.7497,0.7832
38670,28143,0.2503,0.2168
38683,28139,0.5474,0.583
38683,28003,0.3844,0.3823
38683,28009,0.0682,0.0347
38685,28093,0.9396,0.8482
38685,28071,0.0604,0.1518
38703,28151,0.8592,0.9848
38703,28011,0.1408,0.0152
38720,28027,0.5297,0.4729
38720,28011,0.4703,0.5271
38732,28011,0.7651,0.9684
38732,28133,0.2349,0.0316
38736,28133,0.9396,0.9885
38736,28083,0.0604,0.0115
38737,28133,0.6942,0.8862
38737,28135,0.3058,0.1138
38740,28011,0.9968,0.9974
38744,28151,0.6919,0.9163
38744,28055,0.3081,0.0837
38748,28151,0.9479,0.9828
38748,28125,0.0521,0.0172
38753,28133,0.8903,0.9076
38753,28053,0.1097,0.0924
38754,28053,0.7373,0.6325
38754,28133,0.2627,0.3675
38759,28011,0.7144,0.7594
38759,28133,0.2856,0.2406
38761,28133,0.6845,0.7111
38761,28083,0.3155,0.2889
38762,28011,0.7903,0.8128
38762,28133,0.2097,0.1872
38769,28011,0.9251,0.9871
38769,05041,0.0749,0.0129
38773,28011,0.7162,0.7289
38773,28133,0.2838,0.2711
38801,28081,0.8266,0.9711
38801,28115,0.1734,0.0289
38804,28081,0.9768,0.9962
38804,28057,0.0232,0.0038
38824,28117,0.4738,0.4469
38824,28081,0.2467,0.3765
38824,28145,0.142,0.0866
38824,28057,0.0781,0.0455
38824,28139,0.0595,0.0446
38826,28115,0.713,0.283
38826,28081,0.287,0.717
38828,28145,0.8084,0.7545
38828,28115,0.1514,0.194
38828,28081,0.0402,0.0515
38829,28117,0.9275,0.9566
38829,28139,0.0725,0.0434
38833,28141,0.7709,0.832
38833,28003,0.1497,0.1161
38833,28117,0.0794,0.0519
38834,28003,0.9857,0.9955
38834,28141,0.0143,0.0045
38838,28141,0.9909,0.9926
38838,28117,0.0091,0.0074
38841,28115,0.907,0.9377
38841,28145,0.093,0.0623
38843,28057,0.9955,0.9921
38843,28081,0.0045,0.0079
38846,28003,0.8013,0.7501
38846,28141,0.1987,0.2499
38847,28057,0.8708,0.8472
38847,28141,0.1292,0.1528
38849,28081,0.8097,0.9155
38849,28145,0.1804,0.0803
38849,28057,0.0098,0.0042
38850,28017,0.6106,0.6384
38850,28013,0.2133,0.1385
38850,28115,0.1761,0.2232
38852,28141,0.9969,0.9991
38855,28057,0.9998,0.9996
38856,28057,0.5407,0.5717
38856,28117,0.4593,0.4283
38858,28057,0.447,0.3148
38858,28095,0.3767,0.3466
38858,28081,0.1763,0.3386
38860,28017,0.7436,0.7115
38860,28095,0.2173,0.2305
38860,28081,0.0337,0.052
38860,28115,0.0054,0.006
38863,28115,0.9603,0.9862
38863,28071,0.0397,0.0138
38864,28115,0.7782,0.8695
38864,28013,0.2218,0.1305
38865,28003,0.7867,0.6824
38865,28117,0.2133,0.3176
38868,28081,0.7423,0.8329
38868,28115,0.1545,0.0965
38868,28095,0.0739,0.0469
38868,28017,0.0293,0.0237
38870,28095,0.6993,0.7639
38870,28057,0.3007,0.2361
38871,28115,0.75,0.7859
38871,28071,0.17,0.1322
38871,28145,0.0799,0.0819
38873,28141,0.9323,0.9227
38873,28117,0.0677,0.0773
38878,28013,0.9417,0.9403
38878,28017,0.0583,0.0597
38901,28043,0.8537,0.9554
38901,28015,0.0989,0.0381
38901,28135,0.0378,0.0044
38901,28097,0.0095,0.002
38913,28013,0.9764,0.9698
38913,28071,0.0236,0.0302
38914,28013,0.9361,0.9048
38914,28043,0.0639,0.0952
38916,28013,0.9553,0.9812
38916,28155,0.0447,0.0188
38922,28161,0.8298,0.7813
38922,28043,0.1702,0.2187
38924,28051,0.6668,0.5768
38924,28053,0.1557,0.1417
38924,28015,0.1095,0.1279
38924,28083,0.068,0.1536
38925,28097,0.7839,0.7359
38925,28043,0.1135,0.1812
38925,28155,0.1027,0.0829
38927,28135,0.8367,0.537
38927,28107,0.1512,0.4443
38927,28161,0.0121,0.0187
38929,28043,0.6007,0.7602
38929,28155,0.3246,0.1851
38929,28013,0.0747,0.0547
38930,28083,0.6201,0.9055
38930,28015,0.3799,0.0945
38940,28043,0.7288,0.7572
38940,28135,0.1912,0.1023
38940,28015,0.08,0.1405
38944,28083,0.9683,0.9249
38944,28135,0.0317,0.0751
38948,28161,0.6499,0.7799
38948,28135,0.3501,0.2201
38950,28135,0.7177,0.4575
38950,28083,0.2823,0.5425
38953,28135,0.4574,0.3786
38953,28161,0.4173,0.4048
38953,28043,0.1253,0.2165
38954,28083,0.8172,0.9003
38954,28015,0.1607,0.0915
38954,28051,0.0221,0.0082
38961,28161,0.6834,0.7018
38961,28135,0.3166,0.2982
38963,28135,0.6275,0.63
38963,28027,0.1982,0.1418
38963,28133,0.1743,0.2281
38964,28119,0.8821,0.7827
38964,28135,0.1179,0.2173
38965,28161,0.583,0.7637
38965,28071,0.2198,0.1371
38965,28013,0.1623,0.0659
38965,28107,0.0348,0.0334
38967,28097,0.6117,0.8664
38967,28015,0.3883,0.1336
39038,28053,0.7365,0.8399
39038,28083,0.2178,0.135
39038,28051,0.029,0.0119
39038,28133,0.0167,0.0132
39041,28049,0.9957,0.9943
39041,28089,0.0043,0.0057
39042,28121,0.9873,0.9988
39042,28129,0.0127,0.0012
39044,28127,0.5928,0.4636
39044,28121,0.4072,0.5364
39046,28089,1.0,1.0
39051,28079,0.909,0.9223
39051,28099,0.0543,0.0454
39051,28089,0.0225,0.0232
39051,28007,0.0142,0.0091
39057,28101,0.8748,0.8314
39057,28123,0.1252,0.1686
39059,28029,0.9457,0.9708
39059,28049,0.0543,0.0292
39069,28063,0.9703,0.9805
39069,28037,0.0297,0.0195
39071,28089,0.9909,0.9881
39071,28049,0.0091,0.0119
39073,28121,0.7795,0.9275
39073,28127,0.2205,0.0725
39074,28123,0.8317,0.9388
39074,28129,0.1683,0.0612
39078,28029,0.9969,0.9979
39079,28007,0.5393,0.3975
39079,28051,0.3689,0.56
39079,28089,0.0918,0.0425
39083,28029,0.9831,0.9854
39083,28085,0.0169,0.0146
39086,28021,0.6562,0.5459
39086,28029,0.3438,0.4541
39090,28007,0.8397,0.9205
39090,28079,0.1557,0.0773
39092,28123,0.7985,0.7344
39092,28101,0.1417,0.225
39092,28129,0.0598,0.0406
39094,28079,0.4312,0.3662
39094,28123,0.3799,0.3807
39094,28121,0.1889,0.2531
39095,28051,0.9185,0.9236
39095,28015,0.0566,0.0488
39095,28163,0.025,0.0277
39096,28063,0.8186,0.7517
39096,28021,0.1814,0.2483
39108,28007,0.4955,0.3327
39108,28019,0.2771,0.3918
39108,28159,0.2274,0.2755
39111,28127,0.7903,0.9292
39111,28129,0.2097,0.0708
39114,28127,0.8817,0.8905
39114,28121,0.1179,0.1094
39117,28123,0.7032,0.8297
39117,28129,0.2586,0.1218
39117,28121,0.0382,0.0486
39119,28031,0.5601,0.4968
39119,28129,0.1578,0.1422
39119,28065,0.1573,0.164
39119,28127,0.1248,0.197
39120,28001,0.8695,0.9667
39120,28063,0.1305,0.0333
39140,28065,0.3667,0.4164
39140,28127,0.3175,0.235
39140,28077,0.3158,0.3486
39144,28021,0.6106,0.6792
39144,28063,0.2143,0.1265
39144,28029,0.1751,0.1943
39145,28121,0.9798,0.9846
39145,28123,0.0202,0.0154
39146,28089,0.4254,0.3135
39146,28051,0.4025,0.529
39146,28163,0.172,0.1575
39152,28129,0.6498,0.5988
39152,28123,0.3502,0.4012
39159,28125,0.5537,0.851
39159,28055,0.4463,0.149
39160,28007,0.9173,0.9292
39160,28079,0.0827,0.0708
39168,28129,0.6455,0.6402
39168,28067,0.198,0.2384
39168,28031,0.1564,0.1215
39170,28049,0.9778,0.9906
39170,28029,0.0222,0.0094
39174,28089,0.6081,0.4948
39174,28049,0.3919,0.5052
39175,28049,0.5879,0.7486
39175,28029,0.2567,0.1833
39175,28021,0.1555,0.0681
39176,28015,0.6854,0.6627
39176,28007,0.21,0.189
39176,28097,0.1046,0.1483
39183,28149,0.8647,0.9898
39183,28055,0.1353,0.0102
39189,28079,0.7435,0.6589
39189,28123,0.2565,0.3411
39191,28029,0.6059,0.5705
39191,28085,0.3784,0.4099
39191,28077,0.0157,0.0196
39192,28007,0.5722,0.3952
39192,28051,0.2953,0.5065
39192,28015,0.1325,0.0983
39194,28163,0.9483,0.9864
39194,28053,0.0517,0.0136
39209,28049,0.9679,0.9964
39209,28089,0.0321,0.0036
39213,28049,0.9696,0.9722
39213,28089,0.0304,0.0278
39301,28075,0.6876,0.9176
39301,28023,0.3124,0.0824
39320,28075,0.576,0.8867
39320,28069,0.424,0.1133
39323,28101,0.6622,0.4761
39323,28075,0.3378,0.5239
39325,28075,0.5451,0.8114
39325,28069,0.3085,0.0988
39325,28099,0.1048,0.07
39325,28101,0.0417,0.0198
39326,28069,0.7329,0.2054
39326,28075,0.2671,0.7946
39330,28023,0.5801,0.7082
39330,28075,0.287,0.1891
39330,28061,0.0884,0.081
39330,28101,0.0446,0.0217
39332,28101,0.9017,0.8299
39332,28061,0.0983,0.1701
39335,28075,0.8519,0.9677
39335,28069,0.1481,0.0323
39336,28101,0.8674,0.9157
39336,28061,0.0868,0.0495
39336,28129,0.0458,0.0348
39337,28101,0.9419,0.92
39337,28099,0.0581,0.08
39338,28061,0.8174,0.7927
39338,28129,0.1826,0.2073
39341,28103,0.9631,0.972
39341,28159,0.0369,0.028
39345,28101,0.8357,0.9486
39345,28061,0.1643,0.0514
39346,28159,0.8587,0.8744
39346,28099,0.1413,0.1256
39347,28061,0.6523,0.7187
39347,28023,0.3477,0.2813
39350,28099,0.9055,0.9582
39350,28159,0.058,0.0227
39350,28069,0.0198,0.0066
39350,28079,0.0166,0.0125
39354,28069,0.7239,0.6377
39354,28159,0.1185,0.1897
39354,28103,0.0797,0.0468
39354,28099,0.0779,0.1258
39358,28069,0.9624,0.956
39358,28103,0.0376,0.044
39360,28023,0.6157,0.679
39360,28153,0.3843,0.321
39361,28103,0.9986,0.9989
39362,28041,0.6484,0.6081
39362,28153,0.3516,0.3919
39365,28099,0.7103,0.6513
39365,28101,0.2823,0.3412
39365,28079,0.0056,0.0064
39366,28023,0.5613,0.5006
39366,28061,0.4387,0.4994
39367,28153,0.9541,0.9757
39367,28023,0.0459,0.0243
39401,28035,0.9537,0.9878
39401,28067,0.0398,0.0101
39402,28073,0.5594,0.7118
39402,28035,0.424,0.2864
39402,28031,0.0166,0.0018
39421,28065,0.8276,0.8429
39421,28091,0.1724,0.1571
39422,28061,0.7142,0.8407
39422,28129,0.2858,0.1593
39423,28111,0.9734,0.989
39423,28041,0.0266,0.011
39425,28111,0.7947,0.6301
39425,28035,0.2053,0.3699
39426,28109,0.8969,0.9463
39426,28045,0.1031,0.0537
39429,28091,0.9591,0.9843
39429,28073,0.0272,0.0091
39429,28065,0.0137,0.0067
39439,28061,0.6709,0.5631
39439,28067,0.1906,0.3658
39439,28023,0.0697,0.0404
39439,28153,0.0689,0.0308
39443,28067,0.6819,0.9107
39443,28153,0.1767,0.0427
39443,28061,0.1415,0.0466
39452,28039,0.7207,0.7886
39452,28041,0.1669,0.0499
39452,28059,0.1125,0.1615
39455,28073,0.459,0.5143
39455,28109,0.3116,0.2606
39455,28035,0.1069,0.0762
39455,28131,0.0846,0.1051
39455,28091,0.0379,0.0438
39456,28041,0.458,0.4854
39456,28111,0.302,0.1405
39456,28039,0.24,0.3741
39464,28067,0.843,0.8636
39464,28111,0.157,0.1364
39465,28035,0.7635,0.9513
39465,28111,0.2307,0.0472
39465,28067,0.0058,0.0015
39466,28109,0.6324,0.9065
39466,28045,0.3676,0.0935
39470,28109,0.9879,0.9827
39470,28045,0.0108,0.0158
39474,28065,0.9936,0.9936
39474,28031,0.0064,0.0064
39475,28073,0.828,0.945
39475,28035,0.172,0.055
39476,28111,0.4185,0.6513
39476,28041,0.3275,0.1517
39476,28153,0.1969,0.1112
39476,28067,0.0571,0.0858
39478,28091,0.5364,0.6151
39478,28147,0.4636,0.3849
39479,28031,0.8688,0.8366
39479,28067,0.1312,0.1634
39480,28067,0.9545,0.9635
39480,28061,0.0455,0.0365
39481,28061,0.9874,0.9927
39481,28129,0.0126,0.0073
39482,28073,0.6906,0.8029
39482,28065,0.1577,0.1049
39482,28031,0.0937,0.0591
39482,28091,0.058,0.0331
39483,28091,0.9664,0.9702
39483,28147,0.0336,0.0298
39532,28047,0.8983,0.7312
39532,28059,0.1017,0.2688
39565,28059,0.9621,0.96
39565,28047,0.0379,0.04
39571,28047,0.9563,0.9494
39571,28045,0.0437,0.0506
39573,28131,0.5896,0.5777
39573,28039,0.1598,0.123
39573,28045,0.1149,0.1692
39573,28059,0.082,0.0667
39573,28109,0.0284,0.0253
39573,28047,0.0253,0.0381
39574,28047,0.9848,0.9946
39574,28131,0.0152,0.0054
39577,28131,0.5467,0.8321
39577,28111,0.286,0.0758
39577,28035,0.1672,0.0921
39601,28085,0.905,0.9836
39601,28037,0.095,0.0164
39631,28157,0.6963,0.5887
39631,28005,0.3037,0.4113
39633,28157,0.9013,0.8042
39633,28005,0.0987,0.1958
39638,28005,0.8324,0.9145
39638,28157,0.1676,0.0855
39641,28077,0.5085,0.4048
39641,28147,0.4058,0.4768
39641,28113,0.0627,0.082
39641,28085,0.023,0.0364
39643,28091,0.738,0.6944
39643,28147,0.262,0.3056
39647,28037,0.9541,0.8581
39647,28085,0.0459,0.1419
39652,28113,0.7259,0.8989
39652,28005,0.2741,0.1011
39653,28037,0.942,0.9546
39653,28063,0.0395,0.0197
39653,28005,0.0185,0.0256
39654,28077,0.9677,0.9566
39654,28085,0.0323,0.0434
39656,28065,0.7663,0.7642
39656,28077,0.2337,0.2358
39657,28113,0.5755,0.7194
39657,28005,0.4219,0.2768
39661,28037,0.8324,0.6514
39661,28001,0.1664,0.3471
39662,28085,0.6584,0.6756
39662,28113,0.2689,0.2868
39662,28077,0.0726,0.0375
39663,28077,0.931,0.934
39663,28065,0.069,0.066
39664,28005,0.5831,0.6167
39664,28037,0.3176,0.1847
39664,28085,0.0993,0.1986
39665,28077,0.7511,0.7518
39665,28085,0.2489,0.2482
39666,28113,0.5925,0.8048
39666,28005,0.3031,0.1215
39666,28085,0.1044,0.0737
39667,28147,0.9372,0.9375
39667,28113,0.0413,0.0439
39667,28091,0.0215,0.0186
39668,28063,0.814,0.628
39668,28085,0.1594,0.3413
39668,28037,0.021,0.0227
39668,28029,0.0055,0.008
39735,28019,0.9994,0.9996
39740,28087,0.6823,0.8197
39740,28095,0.3177,0.1803
39743,28087,0.7169,0.6455
39743,28105,0.2267,0.3269
39743,28103,0.0564,0.0276
39744,28155,0.7888,0.8539
39744,28019,0.1596,0.0995
39744,28013,0.0516,0.0466
39745,28007,0.372,0.2452
39745,28019,0.3509,0.4497
39745,28097,0.2771,0.3051
39747,28097,0.9999,0.9999
39750,28155,0.4597,0.4217
39750,28105,0.4039,0.5065
39750,28025,0.1086,0.0593
39750,28019,0.0278,0.0125
39751,28155,0.6704,0.7536
39751,28025,0.208,0.1391
39751,28017,0.1215,0.1074
39752,28019,0.6661,0.4945
39752,28155,0.3339,0.5055
39755,28025,0.8012,0.6369
39755,28105,0.1988,0.3631
39756,28025,0.4612,0.6579
39756,28095,0.3986,0.2502
39756,28017,0.1402,0.0919
39759,28105,0.9733,0.9926
39759,28087,0.0266,0.0074
39767,28155,0.5366,0.4856
39767,28019,0.2641,0.2789
39767,28097,0.1993,0.2355
39769,28105,0.578,0.763
39769,28159,0.3682,0.1842
39769,28019,0.0538,0.0529
39772,28019,0.923,0.9475
39772,28007,0.0507,0.0271
39772,28159,0.0263,0.0254
39773,28025,0.9479,0.9883
39773,28095,0.0521,0.0117
39776,28017,0.8134,0.8521
39776,28025,0.1866,0.1479
39813,13037,0.4648,0.6142
39813,13099,0.401,0.3068
39813,13007,0.1342,0.079
39823,13099,0.952,0.9636
39823,13201,0.048,0.0364
39824,13061,0.7085,0.7737
39824,13099,0.2915,0.2263
39825,13087,0.8373,0.7533
39825,13253,0.1627,0.2467
39836,13243,0.8632,0.8814
39836,13061,0.1368,0.1186
39837,13201,0.7828,0.8517
39837,13007,0.1121,0.0491
39837,13087,0.1011,0.0924
39837,13099,0.0039,0.0068
39841,13099,0.7093,0.7008
39841,13007,0.1742,0.1325
39841,13201,0.1166,0.1667
39842,13273,0.9974,0.9991
39845,13253,0.8416,0.9245
39845,13201,0.1538,0.0737
39846,13037,0.9074,0.9319
39846,13061,0.0803,0.0577
39846,13243,0.0123,0.0104
39851,13061,0.9087,0.8942
39851,13243,0.0913,0.1058
39854,13239,0.9363,0.9455
39854,13061,0.0637,0.0545
39859,13253,0.9671,0.9893
39859,13201,0.0329,0.0107
39861,13099,0.9796,0.9581
39861,13253,0.0204,0.0419
39862,13037,0.5849,0.6155
39862,13007,0.4151,0.3845
39866,13037,0.9585,0.9665
39866,13243,0.0415,0.0335
39867,13239,0.4546,0.5492
39867,13243,0.267,0.2329
39867,13061,0.1862,0.1906
39867,13259,0.0922,0.0273
39877,13273,0.6294,0.6789
39877,13307,0.3706,0.3211
39886,13243,0.9284,0.9077
39886,13273,0.0431,0.0574
39886,13037,0.0286,0.0349
39897,13131,0.919,0.9575
39897,13087,0.081,0.0425
40003,21211,0.926,0.9282
40003,21073,0.074,0.0718
40006,21223,0.989,0.9912
40006,21041,0.011,0.0088
40008,21179,0.8342,0.8459
40008,21215,0.1658,0.1541
40009,21155,0.7259,0.7403
40009,21217,0.2145,0.2142
40009,21045,0.0596,0.0455
40011,21103,0.712,0.7173
40011,21223,0.2021,0.2088
40011,21041,0.0859,0.0739
40012,21179,0.7787,0.8358
40012,21005,0.2213,0.1642
40013,21179,0.7656,0.802
40013,21215,0.138,0.0728
40013,21029,0.0964,0.1252
40014,21185,0.9996,0.9967
40019,21103,0.7072,0.7889
40019,21211,0.2928,0.2111
40023,21111,0.5984,0.6929
40023,21215,0.3252,0.2791
40023,21211,0.0764,0.028
40031,21185,0.9349,0.9745
40031,21103,0.0651,0.0255
40033,21155,0.9783,0.9922
40033,21229,0.0217,0.0078
40037,21155,0.8801,0.8724
40037,21179,0.1152,0.125
40045,21223,0.7244,0.8051
40045,21041,0.2756,0.1949
40046,21215,0.7577,0.7992
40046,21005,0.1687,0.1262
40046,21211,0.0736,0.0747
40047,21029,0.9529,0.9939
40047,21215,0.0433,0.0034
40051,21179,0.6792,0.7319
40051,21123,0.288,0.1924
40051,21093,0.0327,0.0757
40052,21179,0.4483,0.3904
40052,21123,0.372,0.3654
40052,21155,0.1796,0.2442
40055,21223,0.4768,0.3694
40055,21103,0.2953,0.3817
40055,21185,0.2279,0.2489
40057,21103,0.8029,0.7234
40057,21211,0.1971,0.2766
40059,21185,0.6072,0.2529
40059,21111,0.3928,0.7471
40065,21211,0.9952,0.9927
40065,21215,0.0048,0.0073
40068,21103,0.6861,0.6655
40068,21211,0.1695,0.1017
40068,21185,0.1444,0.2328
40069,21229,0.9774,0.9057
40069,21155,0.0226,0.0943
40071,21215,0.9389,0.87
40071,21029,0.0502,0.1219
40071,21211,0.0109,0.0081
40075,21103,0.7901,0.7978
40075,21041,0.2099,0.2022
40076,21211,0.8692,0.8092
40076,21005,0.0864,0.0594
40076,21073,0.037,0.1242
40076,21215,0.0074,0.0072
40109,21029,0.9698,0.9656
40109,21111,0.0302,0.0344
40119,21027,0.5369,0.4614
40119,21085,0.4184,0.497
40119,21183,0.0446,0.0416
40121,21093,0.8412,0.6051
40121,21163,0.1588,0.3949
40140,21027,0.9673,0.9807
40140,21093,0.0327,0.0193
40142,21163,0.9361,0.9756
40142,21027,0.0639,0.0244
40146,21027,0.9667,0.8977
40146,21163,0.0333,0.1023
40150,21029,0.9611,0.9227
40150,21093,0.0389,0.0773
40157,21163,0.9007,0.9216
40157,21027,0.0993,0.0784
40171,21027,0.9937,0.993
40171,21163,0.0063,0.007
40175,21163,0.4578,0.2597
40175,21093,0.3473,0.6884
40175,21027,0.1948,0.0519
40176,21027,0.6433,0.6185
40176,21163,0.3567,0.3815
40177,21029,0.4858,0.3546
40177,21093,0.4425,0.365
40177,21111,0.0717,0.2804
40229,21111,0.7045,0.6717
40229,21029,0.2955,0.3283
40241,21111,0.9783,0.9926
40241,21185,0.0217,0.0074
40245,21111,0.722,0.96
40245,21211,0.2737,0.0379
40272,21111,0.9562,0.9946
40272,21029,0.0438,0.0054
40299,21111,0.9941,0.9979
40299,21029,0.0059,0.0021
40311,21181,0.8929,0.9234
40311,21017,0.0955,0.0674
40311,21011,0.0091,0.0076
40312,21197,0.9992,0.9989
40324,21209,0.9602,0.9923
40324,21017,0.0221,0.0048
40324,21067,0.0176,0.0029
40328,21155,0.3923,0.2654
40328,21021,0.3381,0.598
40328,21045,0.2695,0.1365
40330,21167,0.8833,0.9624
40330,21229,0.1167,0.0376
40336,21065,0.9395,0.9541
40336,21129,0.043,0.0368
40336,21109,0.0174,0.009
40342,21005,0.9915,0.9963
40346,21165,0.6402,0.4349
40346,21011,0.2008,0.2868
40346,21173,0.159,0.2783
40347,21239,0.7684,0.5015
40347,21073,0.1243,0.3939
40347,21209,0.1073,0.1045
40351,21205,0.938,0.9583
40351,21063,0.0581,0.0387
40353,21173,0.9341,0.9827
40353,21049,0.0587,0.0147
40353,21011,0.006,0.0025
40360,21011,0.9604,0.9401
40360,21173,0.0396,0.0599
40361,21017,0.977,0.9809
40361,21097,0.0116,0.0111
40361,21067,0.0081,0.0068
40370,21209,0.7752,0.8201
40370,21097,0.2248,0.1799
40371,21011,0.7748,0.7827
40371,21165,0.2252,0.2173
40372,21167,0.9435,0.9025
40372,21005,0.0565,0.0975
40374,21011,0.8407,0.7919
40374,21181,0.1159,0.1758
40374,21017,0.0434,0.0322
40379,21209,0.8999,0.9278
40379,21073,0.0677,0.0642
40379,21187,0.0324,0.008
40380,21197,0.9235,0.9583
40380,21065,0.0765,0.0417
40383,21239,0.9717,0.9679
40383,21113,0.0283,0.0321
40387,21165,0.774,0.8324
40387,21175,0.226,0.1676
40391,21049,0.9935,0.9972
40391,21067,0.0065,0.0028
40403,21151,0.7647,0.9407
40403,21079,0.1441,0.0334
40403,21203,0.0912,0.0259
40409,21203,0.9448,0.9665
40409,21137,0.0342,0.0187
40409,21199,0.0209,0.0148
40419,21137,0.5571,0.4455
40419,21079,0.2086,0.1886
40419,21203,0.1827,0.3086
40419,21199,0.0516,0.0572
40422,21021,0.9423,0.9633
40422,21137,0.0577,0.0367
40437,21045,0.5242,0.3054
40437,21137,0.4758,0.6946
40440,21021,0.9988,0.9992
40442,21137,0.5384,0.5421
40442,21045,0.4616,0.4579
40444,21079,0.9663,0.9614
40444,21137,0.0337,0.0386
40447,21109,0.9451,0.965
40447,21189,0.0414,0.0186
40447,21065,0.0068,0.0051
40447,21203,0.0067,0.0113
40461,21079,0.6536,0.4302
40461,21151,0.3464,0.5698
40464,21021,0.7213,0.9417
40464,21045,0.2787,0.0583
40468,21021,0.7899,0.8356
40468,21229,0.1428,0.0666
40468,21167,0.0673,0.0978
40484,21137,0.964,0.9844
40484,21079,0.0272,0.0137
40484,21045,0.0087,0.0019
40486,21109,0.9047,0.9648
40486,21189,0.0808,0.0218
40486,21051,0.0145,0.0134
40489,21137,0.8548,0.8991
40489,21045,0.1452,0.1009
40509,21067,0.9152,0.9916
40509,21049,0.0848,0.0084
40511,21067,0.91,0.9719
40511,21209,0.0486,0.0205
40511,21017,0.0413,0.0076
40515,21067,0.8554,0.9678
40515,21049,0.0795,0.0096
40515,21113,0.0651,0.0226
40516,21067,0.8633,0.9211
40516,21017,0.1367,0.0789
40601,21073,0.8874,0.9783
40601,21239,0.0588,0.0102
40601,21211,0.0443,0.0103
40601,21103,0.0095,0.0012
40701,21235,0.6144,0.434
40701,21125,0.2024,0.2788
40701,21121,0.1832,0.2871
40734,21121,0.9558,0.9447
40734,21125,0.0442,0.0553
40741,21125,0.9694,0.9933
40741,21051,0.0306,0.0067
40744,21125,0.9769,0.9942
40744,21051,0.0231,0.0058
40759,21235,0.8455,0.9442
40759,21121,0.1545,0.0558
40763,21235,0.8797,0.9026
40763,21121,0.1203,0.0974
40769,21235,0.9345,0.9125
40769,21147,0.0655,0.0875
40771,21121,0.8655,0.5833
40771,21235,0.1345,0.4167
40808,21131,0.8536,0.8548
40808,21095,0.1464,0.1452
40810,21095,0.9042,0.9034
40810,21131,0.0958,0.0966
40823,21095,0.9988,0.9995
40874,21131,0.8149,0.8553
40874,21051,0.1851,0.1447
40906,21121,0.9772,0.9919
40906,21235,0.0228,0.0081
40913,21013,0.6766,0.8411
40913,21051,0.3234,0.1589
40914,21051,0.7159,0.6211
40914,21131,0.2841,0.3789
40939,21013,0.9919,0.9988
40939,21121,0.0081,0.0012
40940,21013,0.541,0.4844
40940,21235,0.459,0.5156
40962,21051,0.9982,0.9976
40965,21013,0.8494,0.9849
40965,47025,0.1506,0.0151
40972,21051,0.9878,0.9845
40972,21131,0.0122,0.0155
40983,21189,0.5812,0.2884
40983,21051,0.4188,0.7116
40988,21013,0.9533,0.9749
40988,21095,0.0467,0.0251
41003,21097,0.7406,0.6873
41003,21191,0.2057,0.2434
41003,21081,0.0538,0.0693
41004,21023,0.9372,0.96
41004,21201,0.0587,0.0334
41004,21191,0.0041,0.0067
41006,21191,0.8789,0.7688
41006,21037,0.1211,0.2312
41007,21037,0.8947,0.9423
41007,21191,0.1053,0.0577
41008,21041,0.9556,0.9812
41008,21223,0.0444,0.0188
41010,21081,0.4326,0.5946
41010,21187,0.3938,0.2485
41010,21097,0.1488,0.119
41010,21209,0.0248,0.0379
41018,21117,0.7707,0.9564
41018,21015,0.2293,0.0436
41030,21081,0.624,0.5882
41030,21117,0.2925,0.3422
41030,21015,0.0753,0.0659
41030,21191,0.0082,0.0037
41031,21097,0.9092,0.9615
41031,21181,0.0569,0.0173
41031,21017,0.0339,0.0211
41033,21191,0.8259,0.6732
41033,21117,0.1741,0.3268
41034,21161,0.9761,0.9742
41034,21023,0.0239,0.0258
41035,21081,0.9696,0.9861
41035,21191,0.0153,0.0083
41035,21187,0.0151,0.0056
41039,21069,0.8468,0.8897
41039,21181,0.107,0.0736
41039,21161,0.0244,0.0213
41039,21201,0.0218,0.0154
41040,21191,0.9564,0.9679
41040,21023,0.0436,0.0321
41042,21015,0.9456,0.9656
41042,21117,0.0544,0.0344
41043,21023,0.7179,0.6129
41043,21191,0.2821,0.3871
41044,21161,0.3895,0.4929
41044,21201,0.3097,0.1855
41044,21023,0.3008,0.3215
41045,21041,0.6456,0.6679
41045,21077,0.3544,0.3321
41046,21187,0.453,0.2715
41046,21077,0.3693,0.5155
41046,21081,0.1777,0.213
41049,21069,0.9975,0.9954
41052,21081,0.5292,0.6782
41052,21187,0.4708,0.3218
41055,21161,0.8911,0.8658
41055,21069,0.0674,0.1036
41055,21201,0.0416,0.0306
41056,21161,0.9822,0.9937
41056,21135,0.0128,0.0029
41056,21069,0.005,0.0034
41064,21201,0.9374,0.8932
41064,21023,0.0545,0.0927
41064,21097,0.0081,0.0141
41083,21041,0.6223,0.5327
41083,21077,0.3052,0.4175
41083,21187,0.0726,0.0499
41086,21077,0.535,0.7447
41086,21187,0.465,0.2553
41092,21015,0.6503,0.6769
41092,21077,0.3313,0.2979
41092,21081,0.0184,0.0252
41093,21069,0.8141,0.9254
41093,21135,0.1859,0.0746
41094,21015,0.6299,0.7207
41094,21117,0.3701,0.2793
41097,21081,0.8746,0.9209
41097,21191,0.1254,0.0791
41098,21187,0.8369,0.8113
41098,21041,0.1631,0.1887
41101,21019,0.8273,0.9304
41101,21089,0.1727,0.0696
41102,21019,0.8896,0.9279
41102,21089,0.0966,0.0699
41102,21043,0.0138,0.0022
41129,21019,0.7861,0.9126
41129,21127,0.2139,0.0874
41132,21043,0.9355,0.976
41132,21127,0.0645,0.024
41141,21135,0.5729,0.6829
41141,21089,0.4271,0.3171
41143,21043,0.9044,0.9246
41143,21089,0.0956,0.0754
41164,21043,0.7712,0.8104
41164,21063,0.2232,0.1877
41168,21019,0.6464,0.4382
41168,21043,0.3536,0.5618
41174,21089,0.7364,0.9199
41174,21135,0.2636,0.0801
41180,21127,0.7407,0.6734
41180,21063,0.2077,0.1918
41180,21043,0.0517,0.1349
41216,21071,0.6642,0.7583
41216,21115,0.3358,0.2417
41219,21115,0.9606,0.9712
41219,21175,0.0394,0.0288
41230,21127,0.9672,0.9608
41230,21159,0.0328,0.0392
41232,21127,0.6912,0.5249
41232,21115,0.3088,0.4751
41254,21115,0.9228,0.9635
41254,21127,0.0772,0.0365
41265,21115,0.7976,0.9121
41265,21071,0.2024,0.0879
41301,21237,0.8426,0.8409
41301,21025,0.0796,0.0409
41301,21129,0.0779,0.1182
41311,21129,0.9861,0.9922
41311,21189,0.0095,0.004
41314,21189,0.7478,0.7435
41314,21025,0.252,0.2564
41332,21175,0.6137,0.6646
41332,21237,0.3863,0.3354
41339,21025,0.9198,0.9298
41339,21119,0.0659,0.0606
41339,21129,0.0143,0.0096
41360,21237,0.9894,0.9916
41360,21197,0.0106,0.0084
41425,21175,0.9882,0.9902
41425,21237,0.0118,0.0098
41472,21175,0.9913,0.9896
41472,21063,0.0087,0.0104
41514,21195,0.9802,0.993
41514,21159,0.0198,0.007
41537,21133,0.5083,0.5496
41537,21195,0.4917,0.4504
41605,21071,0.7275,0.8609
41605,21195,0.2725,0.1391
41630,21071,0.5409,0.7632
41630,21119,0.4591,0.2368
41640,21119,0.5613,0.3488
41640,21071,0.3535,0.6136
41640,21153,0.0852,0.0376
41659,21195,0.7434,0.5202
41659,21071,0.2566,0.4798
41701,21193,0.7846,0.9106
41701,21119,0.2154,0.0894
41721,21193,0.7703,0.8871
41721,21189,0.1162,0.0379
41721,21025,0.1135,0.0749
41722,21119,0.7903,0.3812
41722,21193,0.2097,0.6188
41723,21193,0.7741,0.883
41723,21131,0.2259,0.117
41731,21193,0.7623,0.7886
41731,21133,0.2377,0.2114
41745,21193,0.8424,0.88
41745,21025,0.1576,0.12
41754,21193,0.811,0.8727
41754,21131,0.189,0.1273
41759,21119,0.9983,0.9945
41759,21193,0.0017,0.0055
41773,21119,0.5043,0.2365
41773,21193,0.4957,0.7635
42003,21145,0.9916,0.9991
42003,21083,0.0084,0.0009
42021,21039,0.9019,0.9184
42021,21105,0.0981,0.0816
42025,21157,0.9608,0.9839
42025,21083,0.0236,0.0091
42025,21035,0.0156,0.007
42027,21083,0.8563,0.7059
42027,21145,0.1437,0.2941
42035,21039,0.7783,0.5873
42035,21083,0.2217,0.4127
42036,21035,0.9865,0.9841
42036,21157,0.0135,0.0159
42038,21143,0.9849,0.9949
42038,21033,0.0151,0.0051
42039,21083,0.3419,0.5191
42039,21105,0.3303,0.2232
42039,21039,0.3278,0.2577
42040,21083,0.7968,0.7041
42040,21035,0.2032,0.2959
42041,21075,0.4939,0.5977
42041,21083,0.2788,0.2574
42041,21105,0.2273,0.1449
42048,21157,0.9288,0.9489
42048,21035,0.0712,0.0511
42049,21035,0.9915,0.996
42049,21083,0.0085,0.004
42053,21007,0.5091,0.3346
42053,21145,0.4909,0.6654
42054,21035,0.8595,0.8765
42054,21157,0.098,0.087
42054,21083,0.0425,0.0365
42064,21055,0.9557,0.9709
42064,21033,0.0443,0.0291
42066,21083,0.9815,0.9916
42066,21157,0.0169,0.0075
42069,21083,0.7943,0.7362
42069,21145,0.2057,0.2638
42071,21035,0.9945,0.9978
42071,21083,0.0055,0.0022
42078,21139,0.7557,0.7386
42078,21055,0.2443,0.2614
42082,21083,0.5546,0.4548
42082,21157,0.3075,0.2551
42082,21145,0.1378,0.29
42085,21083,0.5669,0.6704
42085,21105,0.4331,0.3296
42088,21083,0.8045,0.864
42088,21105,0.1955,0.136
42101,21227,0.8851,0.941
42101,21061,0.0816,0.0532
42101,21031,0.0333,0.0058
42104,21227,0.9134,0.993
42104,21213,0.0866,0.007
42122,21227,0.9458,0.9739
42122,21003,0.0542,0.0261
42127,21009,0.8509,0.8449
42127,21099,0.1491,0.1551
42129,21169,0.9508,0.9706
42129,21001,0.0492,0.0294
42133,21171,0.434,0.4212
42133,21009,0.3222,0.3571
42133,21003,0.2437,0.2217
42134,21213,0.9325,0.9605
42134,21003,0.0675,0.0395
42154,21169,0.8719,0.6043
42154,21009,0.1281,0.3957
42160,21061,0.5532,0.2933
42160,21009,0.4468,0.7067
42166,21169,0.6118,0.6027
42166,21009,0.2436,0.2983
42166,21171,0.1446,0.0991
42167,21171,0.9774,0.9815
42167,21057,0.0129,0.0096
42167,21169,0.0097,0.0089
42170,21227,0.5079,0.5584
42170,21213,0.4921,0.4416
42171,21227,0.4773,0.4451
42171,21061,0.2767,0.3248
42171,21009,0.246,0.2301
42202,21141,0.9778,0.9735
42202,21213,0.0222,0.0265
42204,21219,0.7172,0.7808
42204,21141,0.2828,0.2192
42206,21141,0.8633,0.8013
42206,21213,0.1257,0.1874
42206,21227,0.011,0.0113
42207,21061,0.9727,0.9713
42207,21085,0.0273,0.0287
42211,21221,0.9982,0.9993
42214,21169,0.8145,0.7158
42214,21087,0.1855,0.2842
42215,21047,0.7344,0.5667
42215,21221,0.2656,0.4333
42220,21219,0.9862,0.9885
42220,21047,0.0114,0.0099
42223,47125,0.5514,0.9272
42223,21047,0.4486,0.0728
42232,21047,0.7306,0.7885
42232,21221,0.2694,0.2115
42236,21047,0.9266,0.8005
42236,21221,0.0734,0.1995
42256,21141,0.6141,0.7289
42256,21031,0.2417,0.168
42256,21219,0.121,0.0859
42256,21177,0.0232,0.0173
42265,21141,0.8783,0.8933
42265,21219,0.1217,0.1067
42266,21047,0.8793,0.9055
42266,21219,0.1207,0.0945
42274,21227,0.887,0.9317
42274,21141,0.113,0.0683
42275,21031,0.7236,0.5124
42275,21061,0.2764,0.4876
42276,21141,0.9986,0.9995
42286,21219,0.9431,0.9064
42286,21047,0.0569,0.0936
42301,21059,0.9534,0.9838
42301,21101,0.0418,0.0156
42320,21183,0.9246,0.9522
42320,21031,0.0754,0.0478
42327,21149,0.9901,0.9841
42327,21059,0.0099,0.0159
42333,21183,0.9494,0.9651
42333,21031,0.0506,0.0349
42339,21177,0.8258,0.8826
42339,21031,0.1742,0.1174
42343,21183,0.7626,0.7373
42343,21091,0.2076,0.2277
42343,21027,0.0297,0.035
42345,21177,0.994,0.998
42345,21219,0.006,0.002
42348,21091,0.8835,0.8224
42348,21059,0.1165,0.1776
42349,21183,0.8987,0.9179
42349,21085,0.1013,0.0821
42351,21091,0.763,0.7778
42351,21059,0.237,0.2222
42352,21149,0.5936,0.7431
42352,21183,0.4064,0.2569
42361,21183,0.6918,0.7467
42361,21085,0.3082,0.2533
42366,21059,0.9475,0.9812
42366,21183,0.0419,0.0155
42366,21091,0.0105,0.0033
42368,21091,0.5562,0.5871
42368,21183,0.4438,0.4129
42372,21149,0.719,0.5481
42372,21177,0.281,0.4519
42376,21059,0.8093,0.8261
42376,21183,0.1059,0.0906
42376,21149,0.0848,0.0833
42378,21183,0.6306,0.4126
42378,21059,0.3694,0.5874
42404,21233,0.9421,0.933
42404,21225,0.0579,0.067
42406,21101,0.9992,0.9995
42408,21107,0.5823,0.7821
42408,21033,0.2658,0.1656
42408,21047,0.152,0.0523
42411,21033,0.6821,0.6426
42411,21055,0.2431,0.1713
42411,21143,0.0748,0.1861
42437,21225,0.9708,0.9825
42437,21233,0.0292,0.0175
42441,21107,0.9299,0.9547
42441,21233,0.0701,0.0453
42442,21107,0.9904,0.9974
42442,21047,0.0096,0.0026
42445,21033,0.9109,0.8993
42445,21143,0.0461,0.0688
42445,21107,0.0406,0.0298
42450,21233,0.5035,0.7333
42450,21107,0.3099,0.2233
42450,21055,0.1865,0.0434
42452,21101,0.9167,0.9353
42452,21233,0.0833,0.0647
42453,21107,0.9347,0.9857
42453,21047,0.0653,0.0143
42456,21233,0.6351,0.5564
42456,21107,0.3649,0.4436
42459,21225,0.8236,0.9372
42459,21055,0.1764,0.0628
42461,21225,0.9877,0.9888
42461,21101,0.0123,0.0112
42462,21225,0.6795,0.7798
42462,21101,0.3205,0.2202
42464,21107,0.7102,0.7703
42464,21047,0.1531,0.0674
42464,21177,0.1367,0.1623
42518,21231,0.5034,0.1557
42518,21199,0.4966,0.8443
42528,21045,0.6635,0.4814
42528,21207,0.1742,0.3746
42528,21001,0.1623,0.1441
42539,21045,0.9894,0.9933
42539,21001,0.0106,0.0067
42544,21199,0.761,0.7594
42544,21207,0.1425,0.1672
42544,21231,0.0964,0.0733
42565,21045,0.9931,0.9859
42565,21207,0.0069,0.0141
42567,21199,0.8775,0.8994
42567,21137,0.1225,0.1006
42602,21053,0.9768,0.9792
42602,21207,0.0129,0.0104
42602,21231,0.0087,0.0089
42603,21231,0.5497,0.5962
42603,21053,0.4503,0.4038
42642,21207,0.8599,0.9279
42642,21001,0.1025,0.0561
42642,21199,0.0302,0.0134
42642,21045,0.0074,0.0027
42712,21093,0.523,0.3603
42712,21085,0.477,0.6397
42715,21001,0.6182,0.4949
42715,21169,0.2248,0.3432
42715,21057,0.157,0.1619
42716,21123,0.7473,0.8269
42716,21087,0.1503,0.1124
42716,21217,0.1024,0.0607
42717,21057,0.9793,0.9699
42717,21053,0.0207,0.0301
42718,21217,0.7442,0.8654
42718,21155,0.1327,0.0598
42718,21087,0.072,0.0517
42718,21123,0.051,0.0231
42721,21085,0.8988,0.8773
42721,21031,0.0613,0.0597
42721,21061,0.0399,0.063
42728,21001,0.9604,0.9628
42728,21217,0.0387,0.0364
42729,21099,0.7135,0.6057
42729,21061,0.2865,0.3943
42733,21217,0.7016,0.7378
42733,21045,0.2724,0.2421
42733,21001,0.026,0.02
42741,21001,0.9829,0.9802
42741,21207,0.0171,0.0198
42743,21087,0.9732,0.9699
42743,21001,0.0268,0.0301
42746,21099,0.7875,0.7884
42746,21087,0.1522,0.1724
42746,21169,0.0603,0.0392
42748,21123,0.9981,0.9954
42749,21099,0.8044,0.8883
42749,21169,0.1319,0.0529
42749,21009,0.0637,0.0588
42754,21085,0.9032,0.938
42754,21027,0.0906,0.0583
42754,21061,0.0062,0.0037
42757,21099,0.6327,0.5393
42757,21123,0.2956,0.4031
42757,21087,0.0717,0.0576
42764,21087,0.8698,0.8178
42764,21123,0.1302,0.1822
42776,21093,0.6898,0.6141
42776,21123,0.3102,0.3859
42782,21087,0.8719,0.865
42782,21099,0.1281,0.135
42784,21099,0.3939,0.3386
42784,21093,0.364,0.3428
42784,21123,0.2421,0.3186
43003,39117,0.503,0.4953
43003,39041,0.497,0.5047
43006,39031,0.4564,0.2939
43006,39075,0.4407,0.6157
43006,39083,0.1029,0.0904
43011,39083,0.5168,0.604
43011,39089,0.1936,0.1426
43011,39117,0.1535,0.1006
43011,39041,0.1362,0.1528
43013,39089,0.9905,0.9786
43013,39041,0.0095,0.0214
43014,39083,0.944,0.965
43014,39031,0.0506,0.0244
43014,39005,0.0054,0.0106
43015,39041,0.9948,0.9968
43015,39159,0.0052,0.0032
43016,39049,0.9096,0.9771
43016,39159,0.0847,0.0158
43016,39041,0.0057,0.0071
43017,39049,0.7354,0.8611
43017,39041,0.2238,0.1334
43017,39159,0.0408,0.0055
43019,39083,0.6863,0.7165
43019,39117,0.2863,0.2467
43019,39139,0.0273,0.0368
43026,39049,0.9901,0.9983
43026,39097,0.0099,0.0017
43029,39097,0.7865,0.7078
43029,39159,0.2135,0.2922
43031,39089,0.9466,0.9428
43031,39041,0.0534,0.0572
43040,39159,0.9922,0.9972
43040,39041,0.0078,0.0028
43044,39021,0.69,0.7623
43044,39097,0.1604,0.0619
43044,39023,0.1497,0.1758
43045,39159,0.9282,0.9064
43045,39021,0.0718,0.0936
43046,39045,0.8767,0.8591
43046,39089,0.1233,0.1409
43050,39083,0.9939,0.9979
43050,39117,0.0061,0.0021
43054,39049,0.7858,0.9575
43054,39089,0.1989,0.0389
43054,39041,0.0152,0.0036
43056,39089,0.9766,0.9921
43056,39119,0.0234,0.0079
43060,39021,0.6927,0.7147
43060,39091,0.218,0.1812
43060,39159,0.0892,0.1041
43061,39041,0.8358,0.793
43061,39159,0.1642,0.207
43062,39089,0.9834,0.9942
43062,39045,0.0166,0.0058
43064,39097,0.5665,0.4204
43064,39159,0.4306,0.5736
43064,39049,0.0029,0.006
43065,39041,0.9549,0.8508
43065,39049,0.0451,0.1492
43067,39159,0.8946,0.9183
43067,39091,0.1054,0.0817
43068,39049,0.4925,0.6727
43068,39089,0.418,0.2361
43068,39045,0.0895,0.0913
43074,39041,0.979,0.9907
43074,39089,0.021,0.0093
43076,39127,0.5773,0.5918
43076,39089,0.3153,0.2852
43076,39045,0.1074,0.1231
43078,39021,0.9919,0.9895
43078,39023,0.0081,0.0105
43080,39089,0.5986,0.7228
43080,39083,0.4014,0.2772
43081,39049,0.9935,0.9988
43081,39041,0.0065,0.0012
43084,39021,0.9793,0.9845
43084,39159,0.0207,0.0155
43102,39045,0.9606,0.98
43102,39073,0.0337,0.0162
43102,39129,0.0057,0.0038
43103,39129,0.9938,0.993
43103,39045,0.0062,0.007
43105,39045,0.9946,0.9915
43105,39089,0.0054,0.0085
43107,39045,0.8738,0.9202
43107,39073,0.0793,0.0557
43107,39127,0.0469,0.0241
43110,39045,0.5947,0.3008
43110,39049,0.3861,0.6977
43110,39129,0.0192,0.0015
43113,39129,0.9959,0.9972
43115,39141,0.8327,0.8382
43115,39129,0.1673,0.1618
43119,39049,0.8861,0.947
43119,39097,0.1139,0.053
43125,39049,0.8684,0.9848
43125,39129,0.1316,0.0152
43130,39045,0.9982,0.9997
43135,39073,0.7915,0.7172
43135,39129,0.122,0.1539
43135,39141,0.0791,0.1248
43135,39163,0.0074,0.0041
43137,39129,0.5189,0.2885
43137,39049,0.4811,0.7115
43138,39073,0.9407,0.9739
43138,39127,0.0544,0.0248
43140,39097,0.9649,0.9538
43140,39049,0.0221,0.0333
43140,39023,0.013,0.013
43143,39097,0.5352,0.6519
43143,39129,0.292,0.2551
43143,39047,0.1729,0.093
43145,39129,0.5114,0.577
43145,39047,0.4886,0.423
43146,39129,0.8092,0.5735
43146,39049,0.1789,0.4181
43146,39097,0.0119,0.0083
43147,39045,0.9843,0.9872
43147,39089,0.0093,0.0075
43147,39049,0.0064,0.0053
43148,39045,0.8977,0.9242
43148,39127,0.1023,0.0758
43150,39045,0.5751,0.5835
43150,39127,0.4249,0.4165
43152,39073,0.7699,0.8225
43152,39163,0.2301,0.1775
43153,39097,0.7464,0.5214
43153,39023,0.139,0.3329
43153,39047,0.0902,0.1063
43153,39057,0.0244,0.0394
43154,39045,0.6654,0.6232
43154,39129,0.3346,0.3768
43155,39045,0.6132,0.7482
43155,39073,0.3868,0.2518
43160,39047,0.9408,0.9778
43160,39141,0.0592,0.0222
43164,39129,0.9143,0.9107
43164,39141,0.0857,0.0893
43235,39049,0.9985,0.9995
43302,39101,0.9506,0.9944
43302,39033,0.0471,0.0053
43310,39065,0.5535,0.2
43310,39091,0.4465,0.8
43314,39101,0.7996,0.7405
43314,39033,0.119,0.0684
43314,39117,0.0814,0.1912
43315,39117,0.9026,0.9207
43315,39101,0.0974,0.0793
43316,39175,0.7927,0.889
43316,39147,0.17,0.0873
43316,39063,0.0373,0.0238
43318,39091,0.6781,0.633
43318,39021,0.3219,0.367
43319,39091,0.9917,0.9883
43319,39159,0.0083,0.0117
43323,39175,0.963,0.9272
43323,39101,0.037,0.0728
43326,39065,0.9932,0.9931
43326,39101,0.0068,0.0069
43331,39091,0.6528,0.9244
43331,39011,0.2883,0.0658
43331,39065,0.0589,0.0098
43332,39101,0.8673,0.9259
43332,39065,0.0942,0.0559
43332,39175,0.0386,0.0182
43334,39117,0.9747,0.9646
43334,39041,0.0253,0.0354
43337,39101,0.7934,0.879
43337,39175,0.2066,0.121
43340,39065,0.8013,0.7772
43340,39159,0.1987,0.2228
43342,39101,0.8873,0.9252
43342,39159,0.0669,0.0323
43342,39041,0.0458,0.0425
43343,39091,0.7685,0.6883
43343,39021,0.2315,0.3117
43344,39159,0.9436,0.9241
43344,39041,0.0476,0.0668
43344,39101,0.0087,0.0091
43345,39091,0.5305,0.5799
43345,39065,0.4652,0.4156
43347,39091,0.8975,0.9146
43347,39065,0.1025,0.0854
43356,39101,0.7256,0.6727
43356,39041,0.1767,0.2253
43356,39117,0.0977,0.1021
43357,39091,0.5625,0.6507
43357,39021,0.4375,0.3493
43358,39159,0.5146,0.5759
43358,39091,0.4854,0.4241
43406,39173,0.8352,0.8361
43406,39143,0.1648,0.1639
43410,39143,0.9127,0.9818
43410,39147,0.0873,0.0182
43412,39095,0.6038,0.5138
43412,39123,0.3962,0.4862
43416,39123,0.8589,0.8621
43416,39143,0.1411,0.1379
43420,39143,0.9979,0.9991
43430,39123,0.7919,0.8021
43430,39173,0.1337,0.1598
43430,39143,0.0744,0.0381
43431,39143,0.9741,0.9796
43431,39173,0.0259,0.0204
43442,39143,0.9597,0.9505
43442,39123,0.0403,0.0495
43445,39123,0.8277,0.8472
43445,39095,0.1723,0.1528
43447,39173,0.6987,0.8354
43447,39123,0.3013,0.1646
43449,39123,0.9753,0.9893
43449,39143,0.0247,0.0107
43457,39173,0.5609,0.6522
43457,39143,0.3763,0.3081
43457,39147,0.0629,0.0397
43464,39143,0.9417,0.8145
43464,39043,0.0583,0.1855
43469,39143,0.9191,0.9089
43469,39123,0.0809,0.0911
43502,39051,0.7748,0.9019
43502,39069,0.2034,0.0869
43502,39171,0.0218,0.0112
43504,39095,0.9712,0.9796
43504,39051,0.0288,0.0204
43506,39171,0.8209,0.9692
43506,39039,0.1791,0.0308
43511,39173,0.9354,0.9532
43511,39069,0.0646,0.0468
43512,39039,0.9311,0.9773
43512,39125,0.0589,0.0189
43512,39069,0.01,0.0039
43516,39069,0.677,0.6921
43516,39173,0.2727,0.2391
43516,39063,0.037,0.0516
43516,39137,0.0133,0.0172
43517,39171,0.5938,0.7855
43517,39039,0.4062,0.2145
43521,39051,0.9754,0.9643
43521,39171,0.0246,0.0357
43522,39173,0.5582,0.424
43522,39095,0.4364,0.5736
43522,39069,0.0054,0.0024
43526,39039,0.9311,0.9467
43526,39125,0.0689,0.0533
43527,39069,0.914,0.8687
43527,39039,0.086,0.1313
43532,39069,0.9438,0.8731
43532,39051,0.0346,0.0672
43532,39095,0.0216,0.0596
43545,39069,0.9904,0.9956
43545,39039,0.0096,0.0044
43548,39069,0.8639,0.7701
43548,39039,0.1231,0.2199
43548,39137,0.013,0.0099
43557,39171,0.9215,0.9338
43557,39069,0.0634,0.0554
43557,39051,0.0151,0.0108
43558,39051,0.5108,0.6209
43558,39095,0.4892,0.3791
43567,39051,0.9851,0.993
43567,39069,0.0149,0.007
43570,39171,0.9309,0.9546
43570,39051,0.0691,0.0454
43605,39095,0.9848,0.9958
43605,39173,0.0152,0.0042
43716,39111,0.7263,0.7117
43716,39013,0.2737,0.2883
43720,39119,0.9263,0.952
43720,39115,0.0737,0.048
43724,39121,0.94,0.9771
43724,39115,0.0578,0.0207
43728,39115,0.9657,0.9673
43728,39009,0.0343,0.0327
43731,39127,0.5909,0.8343
43731,39115,0.4091,0.1657
43732,39059,0.4465,0.5936
43732,39121,0.3339,0.2581
43732,39119,0.2196,0.1483
43739,39127,0.6369,0.5605
43739,39089,0.3631,0.4395
43740,39089,0.5507,0.4882
43740,39119,0.4493,0.5118
43746,39119,0.9213,0.9376
43746,39089,0.0787,0.0624
43747,39111,0.5005,0.4879
43747,39013,0.4995,0.5121
43749,39059,0.8669,0.8338
43749,39031,0.1292,0.1506
43749,39157,0.0039,0.0156
43756,39115,0.9865,0.9857
43756,39119,0.0135,0.0143
43760,39127,0.5971,0.5424
43760,39119,0.3265,0.3859
43760,39089,0.0764,0.0718
43762,39119,0.741,0.7524
43762,39059,0.259,0.2476
43766,39127,0.8096,0.8092
43766,39073,0.1904,0.1908
43772,39121,0.7016,0.6352
43772,39059,0.2984,0.3648
43773,39059,0.6054,0.5344
43773,39121,0.3796,0.4499
43773,39111,0.015,0.0157
43777,39119,0.7027,0.5431
43777,39127,0.2973,0.4569
43778,39059,0.9596,0.9692
43778,39121,0.0404,0.0308
43780,39059,0.6361,0.7846
43780,39121,0.3639,0.2154
43787,39115,0.8368,0.7874
43787,39167,0.1632,0.2126
43788,39121,0.7113,0.7491
43788,39111,0.2887,0.2509
43804,39075,0.6652,0.5957
43804,39157,0.187,0.3217
43804,39031,0.1478,0.0826
43812,39031,0.9992,0.9998
43821,39119,0.7161,0.8664
43821,39031,0.2839,0.1336
43822,39119,0.3894,0.5956
43822,39089,0.2867,0.2413
43822,39031,0.2128,0.0908
43822,39083,0.1111,0.0722
43824,39031,0.9404,0.8872
43824,39157,0.0596,0.1128
43830,39119,0.7095,0.7837
43830,39089,0.2905,0.2163
43832,39157,0.6046,0.7
43832,39031,0.3061,0.2613
43832,39059,0.0893,0.0387
43837,39157,0.9254,0.9413
43837,39059,0.0746,0.0587
43840,39157,0.9965,0.9965
43843,39031,0.713,0.6254
43843,39083,0.287,0.3746
43901,39081,0.6591,0.7011
43901,39067,0.2566,0.0712
43901,39013,0.0842,0.2278
43903,39019,0.6517,0.4572
43903,39081,0.3483,0.5428
43907,39067,0.9666,0.9307
43907,39081,0.0334,0.0693
43908,39081,0.9278,0.9679
43908,39019,0.0722,0.0321
43910,39081,0.9383,0.964
43910,39067,0.0617,0.036
43917,39081,0.9125,0.8212
43917,39013,0.0875,0.1788
43930,39081,0.8175,0.7466
43930,39029,0.1825,0.2534
43932,39081,0.9268,0.9159
43932,39029,0.0732,0.0841
43942,39013,0.7318,0.7224
43942,39111,0.2682,0.2776
43943,39081,0.9792,0.9654
43943,39013,0.0208,0.0346
43945,39029,0.59,0.7448
43945,39019,0.2893,0.1654
43945,39081,0.1207,0.0899
43950,39013,0.9779,0.9974
43950,39067,0.0221,0.0026
43971,39081,0.6738,0.8819
43971,39013,0.3262,0.1181
43973,39067,0.518,0.4761
43973,39059,0.4757,0.5154
43973,39157,0.0063,0.0084
43977,39013,0.7833,0.8813
43977,39067,0.2167,0.1187
43983,39013,0.7417,0.8396
43983,39059,0.1474,0.0994
43983,39067,0.1109,0.0611
43986,39067,0.9699,0.9866
43986,39019,0.0301,0.0134
43988,39067,0.6612,0.7408
43988,39019,0.3388,0.2592
44022,39035,0.7254,0.7458
44022,39055,0.2746,0.2542
44024,39055,0.9767,0.9672
44024,39085,0.0233,0.0328
44041,39007,0.9796,0.9717
44041,39085,0.0204,0.0283
44057,39085,0.9429,0.9817
44057,39055,0.0517,0.014
44057,39007,0.0054,0.0043
44060,39085,0.9413,0.9927
44060,39055,0.0587,0.0073
44062,39055,0.6964,0.8563
44062,39155,0.2483,0.128
44062,39007,0.0553,0.0157
44064,39055,0.9727,0.9878
44064,39007,0.0273,0.0122
44076,39007,0.8509,0.8243
44076,39155,0.1491,0.1757
44086,39055,0.8633,0.8066
44086,39085,0.1189,0.1818
44086,39007,0.0178,0.0115
44089,39043,0.6225,0.5475
44089,39093,0.3775,0.4525
44090,39093,0.9892,0.9938
44090,39103,0.0108,0.0062
44094,39085,0.9898,0.9979
44094,39055,0.0102,0.0021
44099,39007,0.8597,0.713
44099,39055,0.1403,0.287
44141,39035,0.8206,0.9407
44141,39153,0.1794,0.0593
44149,39035,0.9814,0.9875
44149,39103,0.0186,0.0125
44201,39133,0.9859,0.9783
44201,39151,0.0141,0.0217
44202,39133,0.8835,0.8621
44202,39153,0.0645,0.1074
44202,39055,0.0521,0.0306
44203,39153,0.9758,0.9834
44203,39103,0.0155,0.0137
44203,39169,0.0087,0.0029
44214,39169,0.8581,0.8199
44214,39103,0.1419,0.1801
44216,39153,0.9516,0.9214
44216,39151,0.0426,0.074
44216,39169,0.0058,0.0046
44217,39169,0.8779,0.8141
44217,39103,0.1221,0.1859
44224,39153,0.983,0.9967
44224,39133,0.017,0.0033
44230,39169,0.9322,0.8745
44230,39103,0.0596,0.1182
44230,39153,0.0082,0.0074
44231,39133,0.8497,0.8897
44231,39055,0.1503,0.1103
44234,39133,0.6552,0.6929
44234,39055,0.3448,0.3071
44235,39103,0.9801,0.9764
44235,39005,0.0199,0.0236
44236,39153,0.9928,0.9898
44236,39133,0.0072,0.0102
44240,39133,0.9967,0.9925
44240,39153,0.0033,0.0075
44253,39103,0.8324,0.8493
44253,39093,0.1676,0.1507
44256,39103,0.995,0.9978
44256,39093,0.005,0.0022
44260,39133,0.9319,0.7957
44260,39153,0.0555,0.154
44260,39151,0.0126,0.0504
44270,39169,0.8334,0.8132
44270,39103,0.1666,0.1868
44273,39103,0.9877,0.9947
44273,39169,0.0123,0.0053
44275,39103,0.9331,0.9437
44275,39093,0.0669,0.0563
44278,39153,0.9608,0.9887
44278,39133,0.0392,0.0113
44280,39103,0.9841,0.9876
44280,39093,0.0159,0.0124
44281,39103,0.9796,0.9804
44281,39153,0.0204,0.0196
44287,39169,0.6509,0.6954
44287,39005,0.2672,0.2333
44287,39103,0.0818,0.0713
44288,39133,0.9794,0.9751
44288,39155,0.0206,0.0249
44312,39153,0.9932,0.9985
44312,39133,0.0068,0.0015
44321,39153,0.9719,0.9941
44321,39103,0.0281,0.0059
44333,39153,0.984,0.9956
44333,39103,0.016,0.0044
44408,39029,0.6352,0.731
44408,39099,0.3648,0.269
44412,39133,0.7523,0.676
44412,39099,0.2477,0.324
44425,39155,0.9568,0.9884
44425,39099,0.0432,0.0116
44427,39019,0.5243,0.265
44427,39029,0.4757,0.735
44428,39155,0.9706,0.9819
44428,39007,0.0294,0.0181
44429,39099,0.9576,0.9703
44429,39133,0.0424,0.0297
44437,39155,0.9412,0.9743
44437,39099,0.0588,0.0257
44440,39155,0.9048,0.892
44440,39099,0.0952,0.108
44443,39099,0.9314,0.9281
44443,39029,0.0686,0.0719
44444,39155,0.7208,0.8973
44444,39133,0.2137,0.0647
44444,39099,0.0655,0.038
44449,39099,0.7603,0.7998
44449,39133,0.2397,0.2002
44454,39099,0.9136,0.8798
44454,39029,0.0864,0.1202
44460,39029,0.5502,0.8101
44460,39099,0.4498,0.1899
44481,39155,0.9686,0.9892
44481,39099,0.0314,0.0108
44490,39029,0.5466,0.7268
44490,39099,0.4534,0.2732
44491,39155,0.838,0.8295
44491,39055,0.1479,0.1461
44491,39133,0.0141,0.0245
44504,39099,0.9861,0.996
44504,39155,0.0139,0.004
44505,39099,0.6334,0.6027
44505,39155,0.3666,0.3973
44509,39099,0.9395,0.9792
44509,39155,0.0605,0.0208
44601,39151,0.729,0.9019
44601,39099,0.1432,0.0556
44601,39029,0.1278,0.0424
44608,39151,0.7236,0.6929
44608,39157,0.2764,0.3071
44609,39099,0.5702,0.6239
44609,39029,0.4298,0.3761
44611,39075,0.9503,0.9049
44611,39169,0.0497,0.0951
44612,39157,0.8368,0.8969
44612,39151,0.1632,0.1031
44614,39151,0.9143,0.9628
44614,39153,0.0508,0.0335
44614,39169,0.0349,0.0037
44618,39169,0.9191,0.9392
44618,39151,0.0809,0.0608
44619,39099,0.9773,0.9696
44619,39029,0.0227,0.0304
44621,39157,0.6556,0.8414
44621,39067,0.1906,0.0774
44621,39019,0.1538,0.0813
44624,39075,0.4432,0.3506
44624,39157,0.4331,0.5571
44624,39169,0.1079,0.0714
44624,39151,0.0158,0.0209
44625,39029,0.7783,0.8964
44625,39019,0.2217,0.1036
44626,39151,0.9456,0.9025
44626,39157,0.0544,0.0975
44627,39075,0.5114,0.5177
44627,39169,0.4886,0.4823
44628,39075,0.6692,0.761
44628,39083,0.3308,0.239
44632,39151,0.8667,0.9095
44632,39133,0.1333,0.0905
44634,39029,0.8543,0.8046
44634,39151,0.1457,0.1954
44637,39075,0.7844,0.8875
44637,39031,0.2156,0.1125
44638,39075,0.6226,0.5653
44638,39005,0.2756,0.2487
44638,39169,0.1018,0.1861
44643,39019,0.4985,0.3425
44643,39151,0.3654,0.5415
44643,39157,0.1361,0.116
44645,39169,0.9938,0.9822
44645,39151,0.0033,0.0063
44645,39153,0.0029,0.0115
44654,39075,0.9385,0.9704
44654,39031,0.0615,0.0296
44656,39157,0.8333,0.8612
44656,39019,0.1667,0.1388
44657,39019,0.3648,0.2983
44657,39151,0.3476,0.4832
44657,39029,0.2876,0.2185
44662,39151,0.9014,0.9572
44662,39169,0.0986,0.0428
44666,39151,0.7151,0.8601
44666,39169,0.2849,0.1399
44675,39019,0.7073,0.5706
44675,39157,0.2927,0.4294
44676,39169,0.7312,0.889
44676,39075,0.2688,0.111
44681,39157,0.5891,0.6521
44681,39075,0.4109,0.3479
44683,39157,0.7561,0.9199
44683,39067,0.2439,0.0801
44685,39153,0.5156,0.5096
44685,39151,0.4844,0.4904
44688,39151,0.7025,0.7009
44688,39019,0.2975,0.2991
44689,39075,0.8567,0.7809
44689,39151,0.1433,0.2191
44691,39169,0.9952,0.999
44695,39019,0.5805,0.6372
44695,39067,0.4195,0.3628
44699,39067,0.7113,0.5068
44699,39157,0.2887,0.4932
44720,39151,0.7243,0.9065
44720,39153,0.2757,0.0935
44730,39151,0.9687,0.9692
44730,39019,0.0313,0.0308
44802,39147,0.5089,0.3108
44802,39063,0.4911,0.6892
44805,39005,0.9484,0.9888
44805,39139,0.0516,0.0112
44807,39147,0.8011,0.6224
44807,39077,0.1989,0.3776
44811,39077,0.3322,0.3382
44811,39147,0.3287,0.0956
44811,39143,0.1945,0.4629
44811,39043,0.1446,0.1032
44813,39139,0.8601,0.8607
44813,39117,0.0912,0.0811
44813,39083,0.0487,0.0582
44817,39173,0.853,0.7021
44817,39063,0.147,0.2979
44818,39147,0.5048,0.5621
44818,39033,0.4952,0.4379
44820,39033,0.9946,0.9981
44820,39175,0.0054,0.0019
44822,39139,0.5889,0.6329
44822,39083,0.4111,0.3671
44824,39043,0.9416,0.9716
44824,39143,0.0584,0.0284
44826,39077,0.903,0.8101
44826,39043,0.097,0.1899
44827,39033,0.7815,0.7103
44827,39139,0.2185,0.2897
44830,39147,0.5905,0.694
44830,39063,0.2194,0.2181
44830,39173,0.1901,0.0879
44833,39117,0.4371,0.147
44833,39033,0.4248,0.7694
44833,39139,0.0831,0.0718
44833,39101,0.055,0.0118
44836,39147,0.8208,0.6585
44836,39143,0.1792,0.3415
44837,39077,0.6454,0.7105
44837,39005,0.1856,0.1781
44837,39139,0.169,0.1114
44840,39005,0.9977,0.9973
44841,39147,0.5536,0.4889
44841,39143,0.4464,0.5111
44842,39005,0.7112,0.7828
44842,39075,0.266,0.2042
44842,39083,0.0228,0.013
44843,39139,0.9684,0.9752
44843,39005,0.0316,0.0248
44844,39147,0.5238,0.5046
44844,39175,0.4762,0.4954
44846,39043,0.9723,0.8025
44846,39077,0.0277,0.1975
44847,39077,0.7629,0.6273
44847,39043,0.2371,0.3727
44849,39175,0.7321,0.7679
44849,39033,0.235,0.1669
44849,39101,0.0328,0.0652
44851,39077,0.727,0.7753
44851,39093,0.1881,0.1526
44851,39005,0.0849,0.0721
44854,39033,0.9276,0.919
44854,39147,0.0724,0.081
44857,39077,0.9742,0.99
44857,39043,0.0258,0.01
44859,39005,0.9649,0.9664
44859,39093,0.0351,0.0336
44864,39005,0.7477,0.7471
44864,39139,0.2523,0.2529
44865,39077,0.4612,0.6566
44865,39139,0.4434,0.3083
44865,39033,0.0954,0.0351
44875,39139,0.9317,0.9845
44875,39033,0.0683,0.0155
44878,39139,0.8982,0.8645
44878,39077,0.0585,0.0861
44878,39005,0.0433,0.0494
44880,39005,0.8618,0.9201
44880,39093,0.1216,0.0691
44880,39103,0.0166,0.0108
44882,39175,0.5778,0.6469
44882,39033,0.329,0.2499
44882,39147,0.0932,0.1032
44889,39077,0.6396,0.5228
44889,39043,0.2298,0.341
44889,39093,0.1306,0.1362
44903,39139,0.9538,0.9796
44903,39117,0.0358,0.0089
44903,39005,0.0104,0.0116
44904,39139,0.6169,0.8855
44904,39117,0.3831,0.1145
45003,39135,0.8123,0.6071
45003,39017,0.1877,0.3929
45005,39165,0.9939,0.9987
45005,39113,0.0061,0.0013
45013,39017,0.9675,0.9816
45013,39061,0.0325,0.0184
45042,39017,0.9191,0.9775
45042,39135,0.0655,0.0147
45042,39113,0.0086,0.0013
45042,39165,0.0068,0.0065
45044,39017,0.9203,0.974
45044,39165,0.0797,0.026
45050,39017,0.8286,0.9378
45050,39165,0.1714,0.0622
45064,39017,0.5159,0.5467
45064,39135,0.4841,0.4533
45066,39165,0.9899,0.9901
45066,39113,0.0101,0.0099
45068,39165,0.8809,0.9384
45068,39057,0.0988,0.057
45068,39027,0.0203,0.0046
45069,39017,0.9926,0.9966
45069,39061,0.0074,0.0034
45101,39015,0.9863,0.9914
45101,39001,0.0137,0.0086
45106,39025,0.7891,0.8485
45106,39015,0.2109,0.1515
45107,39027,0.5193,0.6313
45107,39165,0.1881,0.1531
45107,39015,0.1816,0.1255
45107,39025,0.1111,0.0901
45113,39027,0.5765,0.6082
45113,39165,0.4235,0.3918
45118,39015,0.8704,0.9078
45118,39071,0.0909,0.0451
45118,39025,0.0387,0.0471
45120,39025,0.7499,0.7751
45120,39015,0.2501,0.2249
45121,39015,0.9568,0.965
45121,39025,0.0432,0.035
45122,39025,0.898,0.9325
45122,39165,0.102,0.0675
45123,39071,0.4267,0.673
45123,39141,0.3324,0.2065
45123,39047,0.241,0.1205
45130,39015,0.8261,0.7069
45130,39025,0.1739,0.2931
45133,39071,0.9662,0.9851
45133,39131,0.0328,0.0142
45135,39071,0.6881,0.8014
45135,39047,0.2127,0.1164
45135,39027,0.0992,0.0823
45140,39025,0.5338,0.5513
45140,39165,0.3115,0.1965
45140,39061,0.1547,0.2523
45142,39071,0.763,0.7714
45142,39027,0.168,0.1368
45142,39015,0.069,0.0918
45144,39001,0.9061,0.9122
45144,39015,0.0939,0.0878
45148,39027,0.9844,0.975
45148,39015,0.0156,0.025
45150,39025,0.9918,0.9943
45150,39061,0.0082,0.0057
45154,39015,0.8873,0.9582
45154,39071,0.1127,0.0418
45159,39027,0.6169,0.5229
45159,39071,0.3831,0.4771
45162,39165,0.646,0.59
45162,39025,0.354,0.41
45169,39027,0.7392,0.8494
45169,39047,0.1986,0.0992
45169,39057,0.0622,0.0514
45171,39015,0.5798,0.6899
45171,39071,0.4202,0.3101
45176,39025,0.6432,0.712
45176,39015,0.3568,0.288
45241,39061,0.7987,0.7232
45241,39017,0.1952,0.2681
45241,39165,0.0061,0.0087
45244,39061,0.6838,0.5564
45244,39025,0.3162,0.4436
45246,39061,0.7667,0.9106
45246,39017,0.2333,0.0894
45249,39061,0.9235,0.9101
45249,39165,0.0765,0.0899
45255,39061,0.6806,0.6905
45255,39025,0.3194,0.3095
45304,39037,0.9787,0.9687
45304,39135,0.0154,0.022
45304,39109,0.0059,0.0093
45306,39149,0.9833,0.9883
45306,39011,0.0167,0.0117
45308,39037,0.7256,0.6648
45308,39109,0.2744,0.3352
45309,39113,0.9465,0.9745
45309,39037,0.024,0.0103
45309,39109,0.0231,0.0121
45309,39135,0.0064,0.0031
45310,39107,0.7218,0.8016
45310,39037,0.2782,0.1984
45312,39109,0.98,0.9734
45312,39021,0.02,0.0266
45314,39057,0.9811,0.9682
45314,39023,0.0189,0.0318
45316,39023,0.5406,0.5257
45316,39057,0.4594,0.4743
45317,39021,0.4824,0.5382
45317,39109,0.3813,0.319
45317,39149,0.1362,0.1428
45318,39109,0.9932,0.995
45318,39037,0.0068,0.005
45322,39113,0.7745,0.9727
45322,39109,0.2255,0.0273
45324,39057,0.7756,0.8905
45324,39023,0.2244,0.1095
45327,39113,0.9419,0.9474
45327,39135,0.0415,0.0265
45327,39017,0.0164,0.0253
45334,39149,0.937,0.9409
45334,39011,0.0421,0.037
45334,39091,0.0209,0.0222
45335,39057,0.9295,0.968
45335,39047,0.0415,0.0166
45335,39027,0.029,0.0154
45337,39109,0.6287,0.6482
45337,39037,0.3713,0.3518
45338,39135,0.997,0.9969
45342,39113,0.9843,0.9746
45342,39165,0.0157,0.0254
45344,39023,0.7839,0.83
45344,39109,0.2029,0.1623
45344,39021,0.0109,0.0031
45347,39135,0.7426,0.8172
45347,39037,0.2574,0.1828
45356,39109,0.8452,0.9723
45356,39149,0.1548,0.0277
45365,39149,0.9938,0.9974
45365,39021,0.0062,0.0026
45368,39023,0.9314,0.9579
45368,39057,0.0686,0.0421
45369,39023,0.9685,0.9295
45369,39097,0.0315,0.0705
45371,39109,0.9573,0.9386
45371,39113,0.0427,0.0614
45378,39135,0.8017,0.737
45378,39113,0.1983,0.263
45380,39037,0.9892,0.9928
45380,39149,0.0108,0.0072
45381,39135,0.9069,0.8542
45381,39113,0.0931,0.1458
45382,39135,0.7595,0.7044
45382,39037,0.2405,0.2956
45387,39057,0.9151,0.9715
45387,39023,0.0849,0.0285
45388,39037,0.9584,0.908
45388,39149,0.0225,0.0527
45388,39107,0.0191,0.0393
45424,39113,0.8468,0.9789
45424,39057,0.1116,0.0133
45424,39109,0.0416,0.0078
45431,39057,0.617,0.5567
45431,39113,0.383,0.4433
45432,39057,0.6644,0.5272
45432,39113,0.3356,0.4728
45440,39057,0.6384,0.4104
45440,39113,0.3616,0.5896
45458,39113,0.8235,0.8901
45458,39165,0.1556,0.0962
45458,39057,0.0209,0.0137
45459,39113,0.9666,0.9784
45459,39057,0.0334,0.0216
45502,39023,0.9865,0.9951
45502,39021,0.0135,0.0049
45601,39141,0.939,0.9807
45601,39131,0.0343,0.0121
45601,39079,0.0267,0.0072
45612,39141,0.6177,0.6083
45612,39131,0.2698,0.2144
45612,39071,0.1125,0.1773
45613,39131,0.8279,0.8057
45613,39079,0.1279,0.1195
45613,39145,0.0443,0.0748
45616,39001,0.7437,0.7104
45616,39145,0.2563,0.2896
45620,39053,0.9778,0.9316
45620,39105,0.0222,0.0684
45622,39163,0.8244,0.8043
45622,39073,0.1756,0.1957
45623,39053,0.9147,0.743
45623,39087,0.0853,0.257
45629,39145,0.9917,0.9957
45629,39087,0.0083,0.0043
45634,39163,0.9861,0.9703
45634,39079,0.0139,0.0297
45638,39087,0.8858,0.9542
45638,39145,0.1142,0.0458
45644,39141,0.6763,0.7193
45644,39129,0.3237,0.2807
45647,39163,0.6426,0.4364
45647,39141,0.3574,0.5636
45648,39145,0.7328,0.8386
45648,39131,0.2672,0.1614
45653,39145,0.9873,0.993
45653,39079,0.0127,0.007
45654,39163,0.7244,0.697
45654,39073,0.2756,0.303
45656,39079,0.7331,0.8621
45656,39053,0.1501,0.0896
45656,39087,0.1085,0.033
45656,39145,0.0083,0.0153
45657,39145,0.8705,0.8945
45657,39001,0.1169,0.0939
45657,39131,0.0126,0.0116
45658,39053,0.9794,0.9897
45658,39087,0.0206,0.0103
45659,39087,0.9978,0.9943
45659,39145,0.0022,0.0057
45660,39001,0.7476,0.783
45660,39131,0.1937,0.1712
45660,39071,0.0316,0.0216
45660,39145,0.0271,0.0243
45661,39131,0.996,0.997
45671,39145,0.8483,0.8554
45671,39131,0.1468,0.1388
45671,39001,0.0049,0.0058
45672,39163,0.5774,0.479
45672,39079,0.4171,0.5106
45672,39141,0.0055,0.0104
45678,39087,0.8142,0.8637
45678,39053,0.1858,0.1363
45679,39001,0.9176,0.9538
45679,39071,0.0824,0.0462
45682,39145,0.7664,0.9379
45682,39087,0.2125,0.0425
45682,39079,0.0211,0.0197
45684,39001,0.5819,0.5405
45684,39145,0.4181,0.4595
45685,39079,0.6577,0.7114
45685,39053,0.3423,0.2886
45686,39053,0.6139,0.7673
45686,39163,0.3227,0.1716
45686,39105,0.0634,0.0611
45688,39087,0.9761,0.9542
45688,39053,0.0239,0.0458
45690,39131,0.8796,0.8643
45690,39141,0.1204,0.1357
45692,39079,0.9955,0.9974
45697,39001,0.5132,0.4175
45697,39015,0.343,0.4301
45697,39071,0.1438,0.1525
45710,39105,0.4596,0.4024
45710,39009,0.357,0.5167
45710,39163,0.1834,0.0809
45711,39009,0.8166,0.8138
45711,39115,0.1139,0.0883
45711,39167,0.0695,0.0979
45715,39115,0.5937,0.439
45715,39167,0.2631,0.4626
45715,39121,0.1432,0.0985
45723,39009,0.7822,0.849
45723,39105,0.1678,0.1127
45723,39167,0.05,0.0383
45727,39121,0.967,0.9198
45727,39167,0.033,0.0802
45732,39009,0.4793,0.7374
45732,39115,0.3654,0.1488
45732,39127,0.1553,0.1138
45735,39009,0.9982,0.9984
45742,39167,0.9689,0.9817
45742,39009,0.0311,0.0183
45744,39167,0.9541,0.9853
45744,39121,0.0459,0.0147
45745,39121,0.5153,0.4112
45745,39167,0.3158,0.4891
45745,39111,0.1689,0.0997
45746,39167,0.7572,0.8886
45746,39121,0.2428,0.1114
45760,39105,0.9315,0.9625
45760,39053,0.0685,0.0375
45764,39073,0.507,0.2954
45764,39009,0.493,0.7046
45766,39009,0.7974,0.9406
45766,39163,0.2026,0.0594
45767,39167,0.6798,0.8274
45767,39111,0.3202,0.1726
45776,39105,0.562,0.6059
45776,39009,0.438,0.3941
45786,39167,0.9583,0.9675
45786,39115,0.0417,0.0325
45789,39167,0.8993,0.9419
45789,39111,0.1007,0.0581
45806,39003,0.7801,0.9071
45806,39011,0.2199,0.0929
45810,39065,0.7975,0.8427
45810,39063,0.122,0.0678
45810,39003,0.0805,0.0894
45812,39065,0.9797,0.9438
45812,39003,0.0203,0.0562
45813,39125,0.9838,0.9886
45813,39039,0.0162,0.0114
45817,39003,0.4968,0.8128
45817,39063,0.4716,0.1737
45817,39137,0.0316,0.0136
45821,39125,0.9652,0.9748
45821,39039,0.0348,0.0252
45827,39137,0.8562,0.9073
45827,39125,0.1438,0.0927
45830,39137,0.6718,0.7327
45830,39003,0.3282,0.2673
45831,39137,0.9707,0.9441
45831,39039,0.0224,0.0507
45831,39125,0.0069,0.0052
45832,39161,0.9669,0.9783
45832,39125,0.0331,0.0217
45833,39003,0.4592,0.4994
45833,39161,0.4463,0.4488
45833,39137,0.0946,0.0518
45836,39065,0.9615,0.9489
45836,39063,0.0385,0.0511
45843,39065,0.3779,0.4258
45843,39175,0.3735,0.2475
45843,39063,0.2487,0.3266
45844,39137,0.8694,0.8068
45844,39161,0.084,0.0452
45844,39003,0.0466,0.148
45845,39149,0.9657,0.9339
45845,39011,0.0343,0.066
45846,39107,0.8591,0.9024
45846,39037,0.1409,0.0976
45849,39125,0.7441,0.7071
45849,39161,0.2301,0.2451
45849,39137,0.0258,0.0477
45850,39003,0.807,0.9164
45850,39065,0.1495,0.0597
45850,39011,0.0435,0.0238
45856,39137,0.9571,0.9609
45856,39069,0.0324,0.0278
45856,39063,0.0105,0.0113
45862,39107,0.9237,0.9097
45862,39011,0.0763,0.0903
45865,39011,0.603,0.7579
45865,39149,0.3754,0.2302
45865,39107,0.0217,0.0119
45867,39063,0.9696,0.9849
45867,39175,0.0304,0.0151
45868,39063,0.9585,0.953
45868,39137,0.0415,0.047
45869,39011,0.7655,0.8817
45869,39149,0.1338,0.0608
45869,39107,0.1006,0.0575
45871,39011,0.7253,0.6734
45871,39149,0.2747,0.3266
45872,39173,0.886,0.9569
45872,39063,0.114,0.0431
45873,39125,0.9865,0.9838
45873,39137,0.0135,0.0162
45877,39137,0.9014,0.8869
45877,39003,0.0889,0.1049
45877,39063,0.0097,0.0082
45882,39107,0.9395,0.9486
45882,39161,0.0605,0.0514
45883,39107,0.9739,0.9868
45883,39037,0.0261,0.0132
45885,39011,0.9995,0.9987
45886,39125,0.5319,0.4587
45886,39161,0.4681,0.5413
45887,39003,0.5515,0.706
45887,39011,0.2447,0.1907
45887,39161,0.1784,0.086
45887,39107,0.0254,0.0174
45889,39063,0.9973,0.9742
45889,39173,0.0027,0.0258
45894,39161,0.9698,0.9576
45894,39107,0.0302,0.0424
45895,39011,0.9829,0.9917
45895,39091,0.0159,0.0072
45896,39011,0.8138,0.7873
45896,39065,0.1251,0.0883
45896,39003,0.0612,0.1244
45898,39161,0.6629,0.7018
45898,39107,0.3371,0.2982
46001,18095,0.9652,0.972
46001,18035,0.0348,0.028
46012,18095,0.8931,0.9493
46012,18035,0.1069,0.0507
46017,18095,0.968,0.9913
46017,18035,0.032,0.0087
46031,18057,0.6844,0.8111
46031,18159,0.3156,0.1889
46035,18023,0.4655,0.5191
46035,18107,0.319,0.2267
46035,18011,0.2154,0.2542
46036,18095,0.7301,0.9445
46036,18159,0.2525,0.0505
46036,18053,0.0174,0.005
46040,18059,0.6212,0.3744
46040,18057,0.1943,0.5161
46040,18095,0.1845,0.1095
46041,18023,0.9673,0.9824
46041,18015,0.0327,0.0176
46049,18159,0.9003,0.9509
46049,18023,0.0997,0.0491
46050,18023,0.765,0.6696
46050,18011,0.1868,0.2053
46050,18159,0.0355,0.0637
46050,18057,0.0127,0.0613
46052,18011,0.9995,0.9993
46055,18059,0.9508,0.8981
46055,18057,0.0492,0.1019
46056,18095,0.7707,0.8439
46056,18059,0.1915,0.1387
46056,18065,0.0378,0.0174
46058,18023,0.9935,0.9942
46058,18157,0.0065,0.0058
46060,18057,0.9827,0.9969
46060,18095,0.0173,0.0031
46064,18095,0.8863,0.9649
46064,18059,0.1137,0.0351
46065,18023,0.6673,0.822
46065,18015,0.3327,0.178
46068,18159,0.9714,0.9183
46068,18067,0.0286,0.0817
46069,18057,0.5699,0.8604
46069,18011,0.3594,0.1251
46069,18023,0.0707,0.0145
46070,18095,0.9725,0.977
46070,18035,0.0275,0.023
46076,18159,0.9776,0.9455
46076,18067,0.0224,0.0545
46077,18011,0.9217,0.9104
46077,18057,0.0635,0.0638
46077,18097,0.0148,0.0259
46106,18081,0.9655,0.9828
46106,18109,0.0345,0.0172
46112,18063,0.9664,0.9967
46112,18011,0.0336,0.0033
46113,18109,0.4773,0.5544
46113,18097,0.3733,0.3447
46113,18063,0.1495,0.1008
46115,18139,0.9419,0.8508
46115,18059,0.0581,0.1492
46117,18059,0.9071,0.8676
46117,18065,0.0929,0.1324
46118,18063,0.9257,0.9108
46118,18109,0.0743,0.0892
46120,18133,0.8148,0.8242
46120,18119,0.1271,0.1063
46120,18109,0.0582,0.0695
46121,18063,0.5228,0.3914
46121,18133,0.4772,0.6086
46124,18145,0.464,0.1903
46124,18005,0.3048,0.3342
46124,18081,0.2312,0.4755
46127,18139,0.7111,0.5396
46127,18041,0.2889,0.4604
46130,18145,0.8686,0.8619
46130,18059,0.1314,0.1381
46131,18081,0.931,0.9809
46131,18145,0.069,0.0191
46133,18139,0.5294,0.3151
46133,18041,0.4706,0.6849
46135,18133,0.9841,0.993
46135,18121,0.0159,0.007
46140,18059,0.9894,0.9981
46140,18139,0.0063,0.0007
46147,18011,0.9083,0.9019
46147,18063,0.0917,0.0981
46148,18065,0.6812,0.8908
46148,18139,0.3188,0.1092
46150,18139,0.892,0.7798
46150,18145,0.108,0.2202
46151,18109,0.9641,0.9823
46151,18105,0.0337,0.0142
46156,18139,0.992,0.9854
46156,18031,0.008,0.0146
46158,18109,0.8862,0.8941
46158,18063,0.1138,0.1059
46160,18013,0.4816,0.4341
46160,18109,0.2619,0.2936
46160,18081,0.2566,0.2723
46161,18145,0.8508,0.8429
46161,18059,0.1104,0.138
46161,18139,0.0389,0.0191
46162,18081,0.5398,0.5936
46162,18145,0.4602,0.4064
46163,18059,0.8597,0.96
46163,18145,0.1304,0.0282
46163,18097,0.0099,0.0118
46164,18013,0.8611,0.8493
46164,18081,0.1389,0.1507
46165,18063,0.964,0.9775
46165,18133,0.036,0.0225
46166,18109,0.9542,0.9558
46166,18119,0.0458,0.0442
46171,18133,0.9848,0.9808
46171,18021,0.0152,0.0192
46172,18133,0.9474,0.9291
46172,18107,0.0526,0.0709
46173,18139,0.9518,0.9587
46173,18031,0.0223,0.0233
46173,18047,0.0192,0.0124
46173,18041,0.0067,0.0057
46175,18133,0.9587,0.9731
46175,18121,0.0413,0.0269
46180,18109,0.5586,0.6732
46180,18063,0.4414,0.3268
46181,18081,0.8467,0.839
46181,18013,0.1533,0.161
46182,18145,0.8206,0.8847
46182,18139,0.1794,0.1153
46186,18059,0.9773,0.9771
46186,18065,0.0227,0.0229
46229,18097,0.8967,0.9789
46229,18059,0.1033,0.0211
46231,18063,0.5215,0.3328
46231,18097,0.4785,0.6672
46234,18063,0.5009,0.3423
46234,18097,0.4991,0.6577
46236,18097,0.9982,0.9995
46239,18097,0.9919,0.9942
46239,18059,0.0081,0.0058
46240,18097,0.9775,0.9731
46240,18057,0.0225,0.0269
46250,18097,0.9943,0.9953
46250,18057,0.0057,0.0047
46256,18097,0.9202,0.9353
46256,18057,0.0798,0.0647
46259,18097,0.6787,0.9347
46259,18081,0.2167,0.0466
46259,18145,0.1046,0.0187
46260,18097,0.9896,0.9968
46260,18057,0.0104,0.0032
46268,18097,0.9768,0.9801
46268,18011,0.017,0.0161
46268,18057,0.0063,0.0038
46278,18097,0.9583,0.9776
46278,18063,0.0417,0.0224
46307,18089,0.9728,0.9654
46307,18127,0.0272,0.0346
46310,18073,0.781,0.8902
46310,18111,0.219,0.1098
46341,18127,0.4971,0.7345
46341,18089,0.4893,0.2388
46341,18073,0.0137,0.0268
46342,18089,0.7185,0.8355
46342,18127,0.2815,0.1645
46348,18091,0.9894,0.975
46348,18127,0.0106,0.025
46360,18091,0.8417,0.954
46360,18127,0.1583,0.046
46366,18149,0.8507,0.9435
46366,18131,0.1493,0.0565
46374,18149,0.7177,0.8748
46374,18073,0.1498,0.0809
46374,18131,0.1325,0.0443
46390,18091,0.9929,0.9793
46390,18127,0.0071,0.0207
46391,18091,0.6688,0.6081
46391,18127,0.3312,0.3919
46403,18089,0.8952,0.97
46403,18127,0.1048,0.03
46501,18099,0.9678,0.9641
46501,18049,0.0322,0.0359
46504,18099,0.9581,0.9367
46504,18085,0.0419,0.0633
46506,18099,0.6154,0.8097
46506,18141,0.3775,0.1852
46506,18085,0.0071,0.0051
46511,18099,0.6471,0.7515
46511,18149,0.2272,0.1775
46511,18049,0.1204,0.0693
46511,18131,0.0053,0.0018
46524,18085,0.9856,0.9883
46524,18099,0.0144,0.0117
46530,18141,0.8875,0.9339
46530,18039,0.1125,0.0661
46531,18149,0.989,0.9813
46531,18099,0.011,0.0187
46532,18149,0.5874,0.6831
46532,18091,0.4126,0.3169
46536,18141,0.9136,0.9272
46536,18099,0.0864,0.0728
46539,18085,0.8588,0.8856
46539,18049,0.0834,0.0734
46539,18099,0.0579,0.041
46540,18039,0.8539,0.9297
46540,18087,0.1461,0.0703
46542,18085,0.963,0.9515
46542,18039,0.037,0.0485
46543,18039,0.6452,0.5711
46543,18087,0.3387,0.4154
46543,18113,0.0161,0.0135
46550,18039,0.5368,0.7538
46550,18085,0.3497,0.2038
46550,18099,0.0645,0.0307
46550,18141,0.0491,0.0116
46552,18141,0.7632,0.7274
46552,18091,0.2368,0.2726
46554,18141,0.9497,0.9711
46554,18091,0.0503,0.0289
46561,18141,0.8814,0.913
46561,18039,0.1186,0.087
46562,18085,0.8351,0.9012
46562,18183,0.1273,0.0726
46562,18113,0.0376,0.0262
46563,18099,0.9863,0.995
46563,18149,0.0124,0.0042
46565,18087,0.9941,0.9959
46565,18039,0.0059,0.0041
46567,18085,0.6124,0.8823
46567,18039,0.3876,0.1177
46570,18099,0.9772,0.9717
46570,18049,0.0228,0.0283
46571,18087,0.9517,0.9636
46571,18113,0.0483,0.0364
46573,18039,0.5098,0.8296
46573,18141,0.4902,0.1704
46574,18091,0.327,0.235
46574,18141,0.2966,0.3631
46574,18099,0.2496,0.2513
46574,18149,0.1268,0.1507
46702,18069,0.8457,0.8865
46702,18169,0.1543,0.1135
46705,18033,0.6968,0.4395
46705,18151,0.3032,0.5605
46706,18033,0.9637,0.9382
46706,18003,0.0363,0.0618
46710,18113,0.8686,0.7385
46710,18033,0.1314,0.2615
46714,18179,0.9212,0.9766
46714,18001,0.0788,0.0234
46723,18183,0.4004,0.4782
46723,18003,0.3703,0.3569
46723,18113,0.2293,0.1649
46725,18183,0.98,0.985
46725,18113,0.02,0.015
46732,18113,0.9299,0.7309
46732,18085,0.0701,0.2691
46733,18001,0.9707,0.9761
46733,18003,0.0293,0.0239
46740,18001,0.9178,0.9727
46740,18179,0.0822,0.0273
46742,18151,0.6872,0.7521
46742,18033,0.3128,0.2479
46747,18151,0.7436,0.771
46747,18033,0.1362,0.0656
46747,18087,0.1202,0.1635
46748,18003,0.9274,0.9792
46748,18113,0.0455,0.0122
46748,18033,0.027,0.0086
46750,18069,0.9959,0.9985
46755,18113,0.9839,0.992
46755,18033,0.0161,0.008
46761,18087,0.99,0.9915
46761,18151,0.01,0.0085
46763,18113,0.813,0.7485
46763,18033,0.187,0.2515
46764,18183,0.8982,0.8943
46764,18113,0.1018,0.1057
46767,18113,0.9256,0.9546
46767,18039,0.0538,0.0291
46767,18087,0.0207,0.0163
46770,18179,0.6131,0.6328
46770,18069,0.3869,0.3672
46773,18003,0.9398,0.9364
46773,18001,0.0602,0.0636
46776,18151,0.7895,0.8937
46776,18087,0.2105,0.1063
46777,18179,0.9233,0.9377
46777,18003,0.0491,0.0468
46777,18001,0.0277,0.0155
46783,18069,0.4561,0.3141
46783,18003,0.3297,0.5494
46783,18183,0.1956,0.1235
46783,18179,0.0186,0.013
46787,18183,0.9029,0.8919
46787,18085,0.0834,0.0915
46787,18069,0.0137,0.0165
46788,18033,0.5346,0.2662
46788,18003,0.4654,0.7338
46792,18069,0.7619,0.8872
46792,18179,0.2381,0.1128
46793,18033,0.9913,0.9821
46793,18151,0.0087,0.0179
46795,18087,0.8569,0.8696
46795,18113,0.1431,0.1304
46798,18003,0.9685,0.9591
46798,18179,0.0315,0.0409
46799,18179,0.614,0.4545
46799,18003,0.386,0.5455
46814,18003,0.88,0.9907
46814,18183,0.12,0.0093
46818,18003,0.9809,0.9957
46818,18183,0.0191,0.0043
46901,18067,0.8455,0.9559
46901,18103,0.1521,0.0437
46902,18067,0.9763,0.9983
46902,18159,0.0237,0.0017
46910,18049,0.6946,0.6783
46910,18085,0.2492,0.2885
46910,18103,0.0563,0.0331
46911,18103,0.7921,0.7989
46911,18169,0.2079,0.2011
46919,18053,0.4966,0.5713
46919,18103,0.3639,0.2426
46919,18067,0.1395,0.1861
46923,18015,0.9865,0.9765
46923,18157,0.0135,0.0235
46926,18103,0.9327,0.8737
46926,18017,0.0421,0.0936
46926,18169,0.0252,0.0328
46928,18053,0.9814,0.9894
46928,18095,0.016,0.0082
46929,18015,0.885,0.9006
46929,18067,0.115,0.0994
46932,18017,0.8837,0.8224
46932,18067,0.0931,0.1172
46932,18103,0.0158,0.0565
46932,18015,0.0074,0.004
46939,18049,0.9063,0.8958
46939,18131,0.0937,0.1042
46940,18169,0.7198,0.6709
46940,18069,0.2384,0.2608
46940,18053,0.0418,0.0683
46947,18017,0.9202,0.9801
46947,18015,0.0798,0.0199
46950,18017,0.9417,0.9745
46950,18049,0.0583,0.0255
46951,18103,0.8326,0.7987
46951,18049,0.1674,0.2013
46952,18053,0.8957,0.9807
46952,18179,0.0465,0.0048
46952,18069,0.0309,0.0079
46952,18009,0.027,0.0066
46960,18131,0.6066,0.3906
46960,18149,0.3581,0.5698
46960,18049,0.0354,0.0396
46962,18169,0.9038,0.9394
46962,18085,0.0837,0.0536
46962,18183,0.0126,0.007
46968,18131,0.5935,0.382
46968,18149,0.4065,0.618
46970,18103,0.9154,0.9629
46970,18017,0.0764,0.0346
46970,18169,0.0082,0.0025
46974,18169,0.5953,0.6487
46974,18103,0.4047,0.3513
46978,18017,0.8891,0.9019
46978,18131,0.0512,0.0342
46978,18181,0.0484,0.0576
46978,18049,0.0113,0.0062
46979,18067,0.8823,0.9605
46979,18023,0.0646,0.0154
46979,18159,0.0531,0.0242
46982,18085,0.7291,0.8275
46982,18169,0.2376,0.1432
46982,18049,0.0334,0.0292
46985,18131,0.9533,0.9166
46985,18181,0.0398,0.0772
46985,18049,0.0069,0.0062
46988,18017,0.9625,0.9798
46988,18049,0.0375,0.0202
46989,18053,0.9697,0.9872
46989,18035,0.0196,0.0077
46989,18009,0.0107,0.0051
46991,18053,0.8296,0.8514
46991,18069,0.154,0.1424
46991,18179,0.0164,0.0062
46992,18169,0.9953,0.9958
46996,18131,0.9925,0.9915
46996,18181,0.0055,0.004
47001,18029,0.7901,0.9295
47001,18115,0.2099,0.0705
47003,18161,0.9647,0.9408
47003,18047,0.0353,0.0592
47006,18137,0.539,0.6771
47006,18047,0.4539,0.3184
47006,18031,0.0071,0.0045
47010,18047,0.9056,0.9429
47010,18161,0.0944,0.0571
47011,18155,0.9066,0.8596
47011,18115,0.0934,0.1404
47012,18047,0.9521,0.937
47012,18029,0.0479,0.063
47017,18137,0.7426,0.8504
47017,18155,0.1564,0.0635
47017,18115,0.101,0.0861
47018,18029,0.4501,0.5942
47018,18115,0.2767,0.1803
47018,18137,0.2426,0.2161
47018,18155,0.0306,0.0095
47024,18047,0.9906,0.9878
47024,18041,0.0094,0.0122
47031,18137,0.8937,0.876
47031,18029,0.1063,0.124
47032,18029,0.9284,0.9511
47032,18137,0.0716,0.0489
47037,18137,0.9858,0.9904
47037,18079,0.0142,0.0096
47040,18115,0.6825,0.839
47040,18155,0.3175,0.161
47041,18029,0.5124,0.4686
47041,18137,0.4682,0.522
47041,18047,0.0194,0.0095
47043,18155,0.9754,0.9805
47043,18077,0.0246,0.0195
47060,18029,0.5713,0.8033
47060,18047,0.4287,0.1967
47102,18143,0.8069,0.9092
47102,18071,0.1931,0.0908
47106,18019,0.9116,0.8918
47106,18043,0.0484,0.0922
47106,18175,0.04,0.016
47108,18175,0.9726,0.9361
47108,18117,0.0274,0.0639
47115,18061,0.9999,0.9999
47117,18061,0.9546,0.9334
47117,18043,0.0454,0.0666
47118,18025,0.7958,0.8269
47118,18123,0.1185,0.0714
47118,18117,0.0857,0.1016
47119,18043,0.8614,0.9494
47119,18019,0.1386,0.0506
47120,18175,0.9904,0.9857
47120,18061,0.0096,0.0143
47122,18043,0.6634,0.8306
47122,18061,0.3366,0.1694
47124,18043,0.7863,0.8984
47124,18061,0.2137,0.1016
47125,18175,0.5189,0.6229
47125,18117,0.4811,0.3771
47126,18019,0.9616,0.9879
47126,18175,0.0384,0.0121
47136,18061,0.5402,0.3999
47136,18043,0.4598,0.6001
47137,18025,0.9355,0.8784
47137,18061,0.0328,0.1013
47137,18123,0.0317,0.0204
47138,18077,0.5368,0.4321
47138,18143,0.4632,0.5679
47140,18025,0.5866,0.8055
47140,18117,0.4134,0.1945
47147,18019,0.5968,0.5979
47147,18077,0.2405,0.202
47147,18143,0.1627,0.2001
47150,18043,0.9955,0.9973
47164,18061,0.6679,0.7165
47164,18175,0.3163,0.2463
47164,18043,0.0158,0.0372
47165,18175,0.9596,0.9
47165,18043,0.0262,0.0769
47165,18019,0.0142,0.0231
47170,18143,0.6293,0.8556
47170,18175,0.3684,0.1434
47172,18019,0.8778,0.8532
47172,18043,0.1222,0.1468
47175,18025,0.9295,0.924
47175,18117,0.0705,0.076
47177,18143,0.6992,0.6224
47177,18019,0.3008,0.3776
47201,18005,0.845,0.9552
47201,18013,0.155,0.0448
47224,18077,0.6836,0.7867
47224,18155,0.3164,0.2133
47227,18079,0.8494,0.8478
47227,18077,0.1506,0.1522
47229,18071,0.8898,0.9064
47229,18079,0.1102,0.0936
47230,18077,0.7861,0.6883
47230,18143,0.1522,0.2558
47230,18079,0.0617,0.0559
47231,18077,0.6431,0.7147
47231,18079,0.3569,0.2853
47232,18005,0.7038,0.7996
47232,18079,0.2962,0.2004
47234,18145,0.9688,0.9666
47234,18005,0.0312,0.0334
47235,18071,0.6988,0.5469
47235,18013,0.3012,0.4531
47240,18031,0.9553,0.9589
47240,18145,0.0178,0.0123
47240,18047,0.0144,0.0155
47240,18137,0.0091,0.0116
47244,18005,0.8355,0.8877
47244,18031,0.1645,0.1123
47246,18005,0.9937,0.9964
47246,18031,0.0063,0.0036
47250,18077,0.8471,0.9498
47250,18137,0.1046,0.0267
47250,18155,0.0483,0.0235
47260,18071,0.9938,0.9886
47260,18093,0.0062,0.0114
47264,18071,0.7435,0.5247
47264,18093,0.2265,0.4267
47264,18105,0.03,0.0487
47265,18079,0.997,0.9983
47270,18079,0.8781,0.8933
47270,18077,0.1219,0.1067
47272,18031,0.5887,0.4879
47272,18145,0.395,0.498
47272,18139,0.0163,0.0141
47273,18079,0.9679,0.9694
47273,18005,0.0321,0.0306
47274,18071,0.8789,0.9169
47274,18005,0.0547,0.0419
47274,18079,0.0501,0.036
47274,18013,0.0163,0.0053
47281,18071,0.6034,0.5971
47281,18175,0.3966,0.4029
47283,18031,0.8155,0.8128
47283,18079,0.143,0.1324
47283,18005,0.0416,0.0548
47302,18035,0.9679,0.992
47302,18065,0.0321,0.008
47320,18035,0.9442,0.9796
47320,18135,0.0498,0.018
47320,18075,0.006,0.0023
47325,18161,0.7076,0.7212
47325,18041,0.1793,0.1999
47325,18177,0.1131,0.0789
47326,18075,0.9597,0.9149
47326,18001,0.0403,0.0851
47327,18177,0.7696,0.883
47327,18065,0.2304,0.117
47331,18041,0.9449,0.9834
47331,18161,0.032,0.0092
47331,18047,0.0141,0.0043
47331,18177,0.0089,0.0031
47334,18035,0.9662,0.9804
47334,18065,0.0338,0.0196
47336,18075,0.5359,0.6147
47336,18035,0.2957,0.3138
47336,18009,0.1684,0.0715
47338,18035,0.9284,0.9685
47338,18009,0.0716,0.0315
47346,18177,0.8483,0.8396
47346,18065,0.1517,0.1604
47348,18009,0.9827,0.9802
47348,18053,0.0173,0.0198
47352,18065,0.6157,0.759
47352,18139,0.3525,0.2026
47352,18041,0.0318,0.0383
47353,18161,0.9965,0.9968
47354,18135,0.5668,0.2824
47354,18065,0.2282,0.459
47354,18035,0.143,0.2036
47354,18177,0.062,0.0549
47355,18135,0.9864,0.9805
47355,18177,0.0136,0.0195
47356,18065,0.9059,0.8672
47356,18095,0.0557,0.0882
47356,18035,0.0384,0.0446
47357,18177,0.7433,0.8195
47357,18041,0.2567,0.1805
47358,18135,0.9358,0.8913
47358,18177,0.0642,0.1087
47359,18009,0.6282,0.7986
47359,18179,0.3718,0.2014
47360,18065,0.9448,0.9775
47360,18177,0.0416,0.019
47360,18135,0.0136,0.0035
47368,18135,0.7668,0.5468
47368,18035,0.2332,0.4532
47369,18075,0.9478,0.9237
47369,18009,0.0522,0.0763
47371,18075,0.9992,0.9995
47373,18075,0.9429,0.9464
47373,18135,0.0571,0.0536
47374,18177,0.9885,0.9981
47374,18161,0.0115,0.0019
47380,18135,0.8859,0.8889
47380,18075,0.1141,0.1111
47384,18065,0.8622,0.8391
47384,18059,0.1378,0.1609
47390,18135,0.9313,0.9722
47390,18075,0.0687,0.0278
47393,18177,0.8802,0.9413
47393,18135,0.1198,0.0587
47401,18105,0.9681,0.9969
47401,18013,0.0319,0.0031
47403,18105,0.9853,0.9978
47403,18055,0.0147,0.0022
47404,18105,0.9816,0.9965
47404,18119,0.0184,0.0035
47421,18093,0.9979,0.9976
47427,18119,0.8843,0.8399
47427,18021,0.1157,0.1601
47432,18117,0.7791,0.867
47432,18037,0.1165,0.0766
47432,18101,0.1044,0.0564
47433,18119,0.5529,0.5899
47433,18105,0.3037,0.322
47433,18109,0.1435,0.088
47436,18093,0.699,0.7193
47436,18105,0.301,0.2807
47438,18055,0.5228,0.7687
47438,18021,0.3618,0.1681
47438,18153,0.1154,0.0633
47446,18093,0.9104,0.9813
47446,18101,0.0896,0.0187
47448,18013,0.9724,0.965
47448,18105,0.0171,0.0161
47448,18005,0.0105,0.0189
47452,18117,0.8792,0.9128
47452,18093,0.1157,0.0843
47452,18175,0.0051,0.0029
47456,18119,0.6607,0.6188
47456,18109,0.1966,0.2205
47456,18133,0.1427,0.1607
47459,18055,0.9758,0.97
47459,18119,0.0242,0.03
47460,18119,0.9682,0.9684
47460,18105,0.0212,0.0246
47460,18055,0.0106,0.007
47462,18093,0.5608,0.4936
47462,18055,0.3079,0.2355
47462,18105,0.1313,0.2709
47468,18105,0.7712,0.7283
47468,18013,0.2288,0.2717
47470,18093,0.8195,0.9168
47470,18101,0.1805,0.0832
47471,18055,0.7891,0.877
47471,18119,0.2109,0.123
47513,18037,0.519,0.5589
47513,18025,0.261,0.2855
47513,18123,0.1731,0.1001
47513,18117,0.0468,0.0555
47523,18173,0.543,0.2611
47523,18147,0.4361,0.7107
47523,18037,0.021,0.0282
47527,18037,0.9881,0.9899
47527,18117,0.0119,0.0101
47529,18027,0.9459,0.9683
47529,18055,0.0541,0.0317
47532,18037,0.6182,0.7594
47532,18147,0.3262,0.23
47532,18123,0.0555,0.0107
47537,18147,0.5437,0.7104
47537,18173,0.4563,0.2896
47541,18037,0.8464,0.9264
47541,18173,0.1109,0.0434
47541,18125,0.0318,0.0157
47541,18147,0.011,0.0146
47542,18037,0.9877,0.9974
47542,18125,0.0123,0.0026
47553,18101,0.6098,0.7445
47553,18027,0.3902,0.2555
47561,18083,0.9422,0.9431
47561,18153,0.0578,0.0569
47562,18027,0.9877,0.9961
47562,18101,0.0123,0.0039
47564,18125,0.7409,0.4955
47564,18037,0.2591,0.5045
47576,18123,0.8279,0.767
47576,18025,0.1721,0.233
47577,18147,0.5839,0.837
47577,18123,0.4161,0.163
47578,18083,0.6692,0.6539
47578,18055,0.3308,0.3461
47588,18147,0.5652,0.7209
47588,18123,0.4348,0.2791
47590,18125,0.855,0.6695
47590,18037,0.145,0.3305
47601,18173,0.9423,0.9797
47601,18147,0.0577,0.0203
47612,18051,0.6082,0.5851
47612,18129,0.3918,0.4149
47613,18173,0.8208,0.8132
47613,18051,0.1792,0.1868
47616,18051,0.531,0.3696
47616,18129,0.469,0.6304
47619,18173,0.8301,0.7793
47619,18051,0.1261,0.1849
47619,18125,0.0437,0.0358
47633,18129,0.8898,0.9335
47633,18051,0.1039,0.0573
47633,18163,0.0063,0.0092
47637,18173,0.9232,0.8584
47637,18147,0.0768,0.1416
47639,18051,0.7286,0.6652
47639,18163,0.2621,0.3292
47639,18173,0.0093,0.0056
47640,18051,0.6833,0.7341
47640,18125,0.3167,0.2659
47660,18051,0.64,0.7589
47660,18125,0.3484,0.2322
47660,18173,0.0116,0.0089
47712,18163,0.8087,0.9397
47712,18129,0.1913,0.0603
47725,18163,0.9775,0.9942
47725,18173,0.0155,0.0044
47725,18051,0.0071,0.0014
47802,18167,0.9974,0.9996
47833,18021,0.5741,0.5009
47833,18119,0.4259,0.4991
47834,18021,0.7876,0.8743
47834,18121,0.1217,0.0374
47834,18167,0.0907,0.0883
47837,18121,0.7383,0.5595
47837,18021,0.2617,0.4405
47840,18021,0.9529,0.9056
47840,18133,0.0471,0.0944
47841,18021,0.9709,0.9797
47841,18119,0.0291,0.0203
47842,18165,0.981,0.9871
47842,18167,0.019,0.0129
47848,18153,0.8693,0.7799
47848,18055,0.1307,0.2201
47850,18153,0.7551,0.7269
47850,18167,0.2449,0.2731
47858,18021,0.6135,0.398
47858,18167,0.2492,0.4247
47858,18153,0.1373,0.1773
47866,18167,0.8504,0.8731
47866,18153,0.1496,0.1269
47868,18119,0.8116,0.8851
47868,18021,0.1427,0.0686
47868,18133,0.0457,0.0463
47872,18121,0.9967,0.9976
47874,18121,0.7658,0.3778
47874,18167,0.1932,0.5803
47874,18021,0.041,0.0419
47879,18153,0.9902,0.9937
47879,18021,0.0098,0.0063
47905,18157,0.9806,0.9968
47905,18015,0.0146,0.0017
47906,18157,0.9269,0.9947
47906,18181,0.0396,0.0027
47906,18171,0.0335,0.0026
47917,18171,0.5908,0.6913
47917,18007,0.4092,0.3087
47918,18045,0.5958,0.6981
47918,18171,0.3798,0.2814
47918,18157,0.0245,0.0206
47920,18157,0.7649,0.8831
47920,18181,0.1989,0.1022
47920,18015,0.0362,0.0147
47921,18007,0.5252,0.4179
47921,18171,0.4748,0.5821
47922,18111,0.9151,0.9071
47922,18073,0.0849,0.0929
47923,18181,0.9753,0.8248
47923,18015,0.0247,0.1752
47926,18181,0.6353,0.6992
47926,18015,0.3647,0.3008
47930,18157,0.812,0.8282
47930,18107,0.1761,0.1554
47930,18023,0.0119,0.0165
47932,18045,0.6371,0.7867
47932,18171,0.1927,0.0805
47932,18165,0.1703,0.1329
47933,18107,0.982,0.9944
47933,18045,0.0137,0.0034
47942,18007,0.9577,0.8908
47942,18111,0.0423,0.1092
47943,18111,0.549,0.33
47943,18073,0.451,0.67
47944,18007,0.9757,0.9799
47944,18171,0.0189,0.0173
47944,18181,0.0054,0.0028
47946,18131,0.8066,0.6994
47946,18073,0.1934,0.3006
47948,18111,0.5439,0.5204
47948,18073,0.281,0.3049
47948,18007,0.1751,0.1747
47949,18045,0.9671,0.9719
47949,18107,0.0329,0.0281
47950,18181,0.9023,0.9249
47950,18015,0.0977,0.0751
47952,18045,0.6561,0.6939
47952,18121,0.3439,0.3061
47954,18107,0.9441,0.9688
47954,18133,0.0559,0.0312
47955,18107,0.884,0.8825
47955,18157,0.116,0.1175
47957,18131,0.8638,0.7961
47957,18073,0.1362,0.2039
47959,18181,0.8521,0.8554
47959,18073,0.1171,0.1243
47959,18131,0.0308,0.0203
47960,18181,0.8445,0.8597
47960,18015,0.1528,0.1399
47967,18107,0.7707,0.7964
47967,18157,0.2293,0.2036
47968,18107,0.8814,0.8667
47968,18011,0.1044,0.1167
47968,18063,0.0143,0.0166
47970,18171,0.4824,0.4306
47970,18007,0.4649,0.4398
47970,18157,0.036,0.121
47970,18181,0.0166,0.0087
47975,18171,0.9564,0.9539
47975,18007,0.0436,0.0461
47977,18073,0.6148,0.7042
47977,18007,0.3572,0.2842
47977,18181,0.028,0.0117
47978,18073,0.9655,0.9826
47978,18111,0.023,0.0099
47978,18181,0.0115,0.0075
47981,18157,0.9816,0.9787
47981,18107,0.0184,0.0213
47989,18107,0.6502,0.7771
47989,18121,0.3319,0.2059
47989,18133,0.0179,0.017
47990,18107,0.9067,0.9446
47990,18045,0.0933,0.0554
47994,18107,0.6146,0.6528
47994,18045,0.3854,0.3472
47995,18181,0.9586,0.9174
47995,18007,0.0241,0.0397
47995,18073,0.0172,0.0429
48014,26147,0.9616,0.9684
48014,26087,0.0384,0.0316
48032,26147,0.8049,0.7342
48032,26151,0.1951,0.2658
48041,26147,0.9679,0.9653
48041,26099,0.0321,0.0347
48097,26147,0.7756,0.876
48097,26151,0.2244,0.124
48111,26163,0.9722,0.9826
48111,26161,0.0214,0.0159
48111,26115,0.0064,0.0014
48117,26115,0.9936,0.993
48117,26163,0.0064,0.007
48134,26163,0.8476,0.9692
48134,26115,0.1524,0.0308
48137,26093,0.7456,0.7119
48137,26161,0.2544,0.2881
48158,26161,0.9855,0.9713
48158,26075,0.0145,0.0287
48160,26115,0.5193,0.2532
48160,26161,0.4807,0.7468
48164,26163,0.9626,0.9698
48164,26115,0.0374,0.0302
48167,26125,0.4571,0.4581
48167,26163,0.2983,0.5069
48167,26161,0.2447,0.035
48168,26163,0.546,0.9227
48168,26161,0.454,0.0773
48169,26093,0.9479,0.9649
48169,26161,0.0521,0.0351
48170,26163,0.5471,0.9365
48170,26161,0.4529,0.0635
48176,26161,0.9964,0.9994
48178,26125,0.3645,0.595
48178,26161,0.3422,0.0738
48178,26093,0.2933,0.3312
48189,26161,0.6953,0.4724
48189,26093,0.3047,0.5276
48191,26161,0.8767,0.941
48191,26115,0.1233,0.059
48236,26163,0.974,0.973
48236,26099,0.026,0.027
48306,26125,0.981,0.9921
48306,26099,0.019,0.0079
48371,26125,0.8799,0.962
48371,26087,0.1201,0.038
48380,26125,0.6092,0.581
48380,26093,0.3908,0.419
48415,26145,0.9523,0.9394
48415,26157,0.0287,0.0174
48415,26049,0.019,0.0432
48416,26151,0.5405,0.5325
48416,26087,0.4005,0.375
48416,26147,0.059,0.0926
48418,26155,0.6615,0.5682
48418,26049,0.2475,0.3431
48418,26093,0.0909,0.0887
48420,26049,0.9621,0.9877
48420,26157,0.033,0.0098
48421,26087,0.9503,0.926
48421,26049,0.0497,0.074
48423,26049,0.9875,0.9948
48423,26087,0.0125,0.0052
48428,26087,0.9868,0.9811
48428,26125,0.0132,0.0189
48429,26155,0.9679,0.9659
48429,26049,0.0321,0.0341
48430,26093,0.6768,0.3936
48430,26049,0.2245,0.5666
48430,26125,0.0988,0.0398
48433,26049,0.9615,0.9957
48433,26155,0.0385,0.0043
48435,26157,0.5005,0.5279
48435,26087,0.4995,0.4721
48436,26049,0.9047,0.9019
48436,26155,0.0953,0.0981
48438,26049,0.7147,0.8152
48438,26087,0.2853,0.1848
48439,26049,0.9868,0.9975
48439,26125,0.0132,0.0025
48441,26063,0.9823,0.9858
48441,26151,0.0177,0.0142
48442,26125,0.9593,0.894
48442,26049,0.0293,0.0917
48442,26093,0.0114,0.0142
48444,26087,0.9354,0.9575
48444,26147,0.0646,0.0425
48449,26155,0.7268,0.4767
48449,26049,0.2732,0.5233
48451,26049,0.7369,0.9326
48451,26093,0.2631,0.0674
48453,26151,0.8287,0.8226
48453,26087,0.1161,0.1072
48453,26157,0.0552,0.0703
48456,26151,0.7984,0.7831
48456,26063,0.2016,0.2169
48457,26049,0.7277,0.893
48457,26145,0.2723,0.107
48460,26155,0.5957,0.5642
48460,26145,0.4013,0.4203
48460,26049,0.003,0.0155
48462,26125,0.9113,0.9636
48462,26087,0.0845,0.0342
48463,26049,0.9977,0.9978
48464,26087,0.806,0.832
48464,26157,0.1231,0.0878
48464,26049,0.0709,0.0802
48470,26063,0.9953,0.9957
48475,26151,0.5398,0.4261
48475,26063,0.4602,0.5739
48604,26145,0.9601,0.9782
48604,26017,0.0399,0.0218
48610,26051,0.4845,0.3682
48610,26011,0.2612,0.2608
48610,26129,0.2544,0.3711
48612,26051,0.9647,0.9746
48612,26035,0.0236,0.0103
48612,26111,0.0117,0.015
48613,26017,0.585,0.7265
48613,26051,0.415,0.2735
48614,26145,0.9497,0.9776
48614,26057,0.0503,0.0224
48615,26057,0.6794,0.6829
48615,26111,0.3206,0.3171
48616,26145,0.9834,0.9912
48616,26155,0.0166,0.0088
48617,26035,0.6481,0.7503
48617,26073,0.3519,0.2497
48618,26111,0.765,0.8241
48618,26073,0.2138,0.1502
48618,26051,0.0213,0.0257
48619,26135,0.813,0.8338
48619,26119,0.187,0.1662
48622,26035,0.6354,0.7812
48622,26073,0.3646,0.2188
48623,26145,0.6365,0.754
48623,26111,0.2405,0.125
48623,26017,0.123,0.121
48624,26051,0.765,0.8951
48624,26143,0.1211,0.0434
48624,26035,0.1032,0.055
48624,26129,0.0107,0.0065
48626,26145,0.8781,0.8919
48626,26111,0.1219,0.1081
48628,26111,0.9078,0.8882
48628,26051,0.0922,0.1118
48629,26143,0.9986,0.9999
48632,26035,0.6327,0.7652
48632,26073,0.3176,0.209
48632,26133,0.0462,0.0237
48637,26145,0.6889,0.6793
48637,26111,0.1889,0.2393
48637,26057,0.1222,0.0814
48642,26111,0.84,0.9391
48642,26017,0.16,0.0609
48647,26135,0.9713,0.9856
48647,26001,0.0287,0.0144
48649,26145,0.9417,0.9626
48649,26155,0.0583,0.0374
48650,26017,0.9354,0.9345
48650,26011,0.0646,0.0655
48652,26051,0.5533,0.5652
48652,26017,0.2283,0.1993
48652,26111,0.2184,0.2355
48653,26143,0.5826,0.8443
48653,26039,0.4174,0.1557
48654,26129,0.7694,0.8487
48654,26135,0.2306,0.1513
48658,26011,0.8948,0.9457
48658,26017,0.1052,0.0543
48659,26011,0.979,0.9809
48659,26017,0.021,0.0191
48662,26057,0.7829,0.7947
48662,26111,0.2171,0.2053
48708,26017,0.937,0.9845
48708,26145,0.063,0.0155
48726,26157,0.6456,0.8573
48726,26151,0.264,0.0946
48726,26063,0.0905,0.0481
48727,26087,0.736,0.6723
48727,26157,0.264,0.3277
48728,26001,0.8804,0.796
48728,26135,0.1196,0.204
48734,26145,0.8972,0.9576
48734,26157,0.1028,0.0424
48735,26157,0.533,0.601
48735,26063,0.467,0.399
48737,26001,0.7272,0.5412
48737,26069,0.2728,0.4588
48738,26001,0.975,0.8846
48738,26069,0.025,0.1154
48739,26069,0.7184,0.7547
48739,26129,0.2816,0.2453
48744,26157,0.8396,0.9186
48744,26087,0.1604,0.0814
48745,26001,0.9727,0.9801
48745,26069,0.0273,0.0199
48746,26157,0.8939,0.862
48746,26049,0.1061,0.138
48747,26017,0.9609,0.9782
48747,26145,0.0391,0.0218
48750,26069,0.9676,0.9821
48750,26001,0.0324,0.0179
48756,26129,0.9966,0.9981
48757,26157,0.6649,0.6669
48757,26145,0.2614,0.2294
48757,26017,0.0737,0.1037
48759,26063,0.9906,0.9948
48759,26157,0.0094,0.0052
48760,26087,0.5405,0.464
48760,26157,0.4595,0.536
48761,26129,0.3561,0.6176
48761,26001,0.3055,0.1229
48761,26135,0.1768,0.0938
48761,26069,0.1616,0.1657
48762,26001,0.8774,0.9122
48762,26007,0.1226,0.0878
48763,26069,0.9284,0.9485
48763,26011,0.0716,0.0515
48765,26011,0.5972,0.5768
48765,26069,0.4028,0.4232
48767,26157,0.969,0.9425
48767,26063,0.031,0.0575
48770,26069,0.9943,0.9909
48770,26129,0.0057,0.0091
48807,26057,0.7977,0.641
48807,26145,0.2023,0.359
48809,26067,0.7787,0.7936
48809,26081,0.2022,0.1945
48809,26117,0.0191,0.0118
48811,26117,0.6301,0.7983
48811,26057,0.3699,0.2017
48813,26045,0.9986,0.9995
48815,26067,0.9805,0.9818
48815,26081,0.0195,0.0182
48821,26045,0.9569,0.9276
48821,26065,0.0431,0.0724
48823,26065,0.5748,0.8321
48823,26037,0.4252,0.1679
48827,26045,0.8231,0.8813
48827,26065,0.158,0.1111
48827,26075,0.0189,0.0076
48829,26117,0.962,0.9727
48829,26073,0.038,0.0273
48831,26037,0.4452,0.5552
48831,26155,0.3308,0.238
48831,26145,0.205,0.1985
48831,26057,0.019,0.0083
48834,26117,0.6691,0.7992
48834,26067,0.3309,0.2008
48837,26045,0.7161,0.8816
48837,26037,0.24,0.096
48837,26067,0.0439,0.0224
48838,26117,0.7816,0.8301
48838,26081,0.204,0.1638
48838,26067,0.0145,0.0061
48840,26065,0.6101,0.8693
48840,26155,0.2028,0.0533
48840,26037,0.1872,0.0774
48841,26155,0.7936,0.7451
48841,26145,0.2064,0.2549
48842,26065,0.983,0.9944
48842,26045,0.017,0.0056
48845,26067,0.4332,0.3839
48845,26037,0.2972,0.2107
48845,26117,0.1835,0.3387
48845,26057,0.086,0.0667
48848,26155,0.6022,0.637
48848,26037,0.3978,0.363
48849,26067,0.7756,0.7553
48849,26015,0.1759,0.203
48849,26045,0.0485,0.0417
48850,26117,0.6671,0.8
48850,26107,0.3329,0.2
48858,26073,0.9863,0.9963
48858,26111,0.0137,0.0037
48861,26045,0.9162,0.8339
48861,26067,0.0838,0.1661
48866,26037,0.5545,0.7094
48866,26155,0.4455,0.2906
48872,26155,0.7985,0.8911
48872,26065,0.1636,0.0862
48872,26093,0.038,0.0227
48873,26067,0.5025,0.6366
48873,26037,0.4975,0.3634
48875,26067,0.9002,0.9313
48875,26037,0.0998,0.0687
48877,26057,0.4571,0.4984
48877,26117,0.4153,0.4099
48877,26073,0.1276,0.0917
48879,26037,0.9617,0.9886
48879,26057,0.0383,0.0114
48880,26057,0.5397,0.8236
48880,26111,0.3815,0.1245
48880,26073,0.0788,0.0519
48883,26073,0.6501,0.7348
48883,26111,0.3471,0.262
48886,26117,0.9546,0.9822
48886,26107,0.0454,0.0178
48889,26057,0.9849,0.9723
48889,26117,0.0151,0.0277
48890,26045,0.5337,0.3964
48890,26067,0.4663,0.6036
48892,26065,0.7942,0.7517
48892,26093,0.2058,0.2483
48894,26037,0.8629,0.8015
48894,26067,0.1371,0.1985
48897,26015,0.9758,0.9821
48897,26045,0.0242,0.0179
48906,26037,0.777,0.3411
48906,26065,0.1692,0.5275
48906,26045,0.0538,0.1314
48911,26065,0.8034,0.947
48911,26045,0.1966,0.053
48917,26045,0.8694,0.8413
48917,26065,0.1306,0.1587
49009,26077,0.9586,0.9826
49009,26159,0.0414,0.0174
49010,26005,0.9904,0.9923
49010,26159,0.0096,0.0077
49011,26025,0.8949,0.8873
49011,26023,0.0893,0.0988
49011,26149,0.0158,0.0139
49012,26077,0.9831,0.9717
49012,26025,0.0169,0.0283
49015,26025,0.9988,0.9999
49017,26025,0.772,0.9631
49017,26015,0.228,0.0369
49021,26045,0.4597,0.5012
49021,26015,0.3912,0.3626
49021,26025,0.149,0.1362
49022,26021,0.9776,0.9962
49022,26159,0.0224,0.0038
49026,26159,0.8879,0.9371
49026,26005,0.1121,0.0629
49030,26149,0.8643,0.9006
49030,26023,0.1357,0.0994
49034,26077,0.792,0.5732
49034,26025,0.208,0.4268
49038,26021,0.8628,0.9597
49038,26159,0.1372,0.0403
49040,26149,0.7301,0.8161
49040,26023,0.2699,0.1839
49042,26149,0.9191,0.9167
49042,26027,0.0809,0.0833
49045,26159,0.8016,0.8257
49045,26027,0.1984,0.1743
49047,26027,0.906,0.9542
49047,26159,0.0754,0.0351
49047,26021,0.0186,0.0107
49052,26077,0.7717,0.7193
49052,26025,0.2283,0.2807
49055,26159,0.932,0.945
49055,26005,0.068,0.055
49056,26159,0.6325,0.5935
49056,26005,0.3675,0.4065
49060,26015,0.7636,0.7567
49060,26077,0.2364,0.2433
49065,26159,0.9874,0.9937
49065,26077,0.0126,0.0063
49067,26027,0.6351,0.5596
49067,26149,0.2905,0.3364
49067,26159,0.0744,0.1039
49071,26159,0.7597,0.7195
49071,26077,0.2403,0.2805
49072,26149,0.9625,0.9457
49072,26077,0.0375,0.0543
49073,26015,0.8456,0.8495
49073,26045,0.1544,0.1505
49076,26045,0.5426,0.6155
49076,26025,0.4574,0.3845
49078,26005,0.8479,0.9064
49078,26077,0.1216,0.0808
49078,26159,0.0306,0.0128
49080,26005,0.5302,0.6288
49080,26015,0.3057,0.203
49080,26077,0.1641,0.1682
49082,26023,0.9263,0.9295
49082,26059,0.0737,0.0705
49087,26077,0.9522,0.9686
49087,26159,0.0478,0.0314
49090,26159,0.5896,0.8086
49090,26005,0.4104,0.1914
49092,26025,0.7211,0.7193
49092,26023,0.2789,0.2807
49093,26149,0.9472,0.983
49093,26027,0.0528,0.017
49094,26023,0.7753,0.7543
49094,26025,0.2247,0.2457
49097,26077,0.9471,0.9767
49097,26149,0.0529,0.0233
49098,26021,0.7637,0.9174
49098,26159,0.2363,0.0826
49099,26149,0.8157,0.8452
49099,26027,0.1843,0.1548
49102,26021,0.9563,0.9658
49102,26027,0.0437,0.0342
49111,26021,0.9761,0.9429
49111,26027,0.0239,0.0571
49120,26021,0.53,0.7466
49120,26027,0.47,0.2534
49220,26091,0.716,0.7242
49220,26059,0.284,0.2758
49224,26025,0.6867,0.7596
49224,26075,0.3133,0.2404
49228,26091,0.9953,0.9934
49228,26115,0.0047,0.0066
49229,26091,0.8791,0.8606
49229,26115,0.1075,0.1261
49229,26161,0.0134,0.0133
49230,26075,0.7318,0.7835
49230,26091,0.2682,0.2165
49233,26075,0.3647,0.3447
49233,26059,0.355,0.4714
49233,26091,0.2803,0.1838
49236,26091,0.548,0.7621
49236,26161,0.452,0.2379
49237,26075,0.9412,0.9645
49237,26025,0.0588,0.0355
49238,26091,0.7006,0.5419
49238,26115,0.2994,0.4581
49240,26075,0.8474,0.8997
49240,26161,0.1526,0.1003
49245,26025,0.9633,0.9542
49245,26023,0.0207,0.0214
49245,26075,0.016,0.0244
49246,26075,0.9186,0.9188
49246,26059,0.0814,0.0812
49247,26091,0.636,0.693
49247,26059,0.364,0.307
49249,26059,0.9615,0.9706
49249,26075,0.0385,0.0294
49250,26059,0.9618,0.9566
49250,26075,0.0382,0.0434
49251,26065,0.9492,0.9428
49251,26075,0.0508,0.0572
49252,26059,0.8075,0.8295
49252,26023,0.0769,0.0549
49252,26075,0.0673,0.0712
49252,26025,0.0482,0.0444
49255,26023,0.6111,0.7105
49255,26059,0.3889,0.2895
49264,26065,0.717,0.7742
49264,26075,0.2641,0.203
49264,26045,0.0188,0.0228
49267,26115,0.7897,0.919
49267,26091,0.2103,0.081
49274,26059,0.8389,0.8625
49274,26023,0.1611,0.1375
49276,26091,0.6887,0.4388
49276,26115,0.3113,0.5612
49284,26075,0.6269,0.6666
49284,26025,0.2999,0.2489
49284,26045,0.0732,0.0845
49285,26065,0.8025,0.7418
49285,26075,0.102,0.1115
49285,26093,0.0628,0.104
49285,26161,0.0327,0.0426
49287,26091,0.9464,0.9519
49287,26161,0.0536,0.0481
49288,26059,0.874,0.8504
49288,26091,0.126,0.1496
49302,26081,0.9977,0.9989
49303,26121,0.9351,0.9054
49303,26123,0.0649,0.0946
49305,26107,0.8386,0.8777
49305,26073,0.1614,0.1223
49307,26107,0.8031,0.9635
49307,26123,0.1969,0.0365
49309,26123,0.9499,0.886
49309,26085,0.0501,0.114
49310,26073,0.6269,0.7148
49310,26107,0.3501,0.2544
49310,26117,0.0231,0.0308
49315,26081,0.7175,0.9191
49315,26139,0.1813,0.0475
49315,26005,0.1012,0.0334
49316,26081,0.7909,0.9266
49316,26005,0.1834,0.0624
49316,26015,0.0257,0.0111
49318,26121,0.73,0.6326
49318,26139,0.2315,0.2828
49318,26081,0.0385,0.0846
49323,26005,0.9899,0.9937
49323,26139,0.0101,0.0063
49325,26015,0.6913,0.6845
49325,26067,0.2113,0.2201
49325,26081,0.0974,0.0954
49326,26081,0.6002,0.7815
49326,26117,0.3998,0.2185
49327,26123,0.9888,0.9914
49327,26121,0.0062,0.0028
49327,26081,0.005,0.0057
49329,26117,0.7744,0.7798
49329,26123,0.2256,0.2202
49330,26081,0.8739,0.8955
49330,26123,0.0773,0.0782
49330,26139,0.038,0.0219
49330,26121,0.0108,0.0044
49331,26081,0.7841,0.8707
49331,26067,0.2159,0.1293
49333,26015,0.9645,0.9581
49333,26081,0.0225,0.0326
49333,26005,0.0129,0.0092
49336,26107,0.9017,0.9033
49336,26117,0.0905,0.0773
49336,26123,0.0078,0.0194
49337,26123,0.9428,0.9712
49337,26117,0.0334,0.0148
49337,26107,0.0238,0.014
49338,26123,0.7029,0.3607
49338,26107,0.2952,0.6308
49338,26133,0.002,0.0085
49339,26117,0.9492,0.9434
49339,26123,0.0508,0.0566
49340,26107,0.7071,0.6617
49340,26073,0.2929,0.3383
49343,26081,0.5262,0.6326
49343,26123,0.371,0.2945
49343,26117,0.1028,0.0729
49344,26005,0.8476,0.8008
49344,26015,0.1524,0.1992
49346,26107,0.9683,0.9935
49346,26123,0.0317,0.0065
49347,26117,0.9691,0.916
49347,26081,0.0309,0.084
49348,26005,0.9118,0.9047
49348,26015,0.0682,0.0757
49348,26081,0.02,0.0197
49402,26085,0.5191,0.5715
49402,26105,0.4706,0.42
49402,26127,0.0104,0.0085
49403,26139,0.8889,0.8418
49403,26121,0.0702,0.0962
49403,26081,0.0409,0.062
49404,26139,0.9347,0.9446
49404,26121,0.0653,0.0554
49411,26105,0.9494,0.8307
49411,26101,0.0506,0.1693
49412,26123,0.972,0.9878
49412,26127,0.0202,0.0073
49412,26121,0.0077,0.0049
49415,26121,0.9165,0.9419
49415,26139,0.0835,0.0581
49418,26081,0.6397,0.8098
49418,26139,0.3603,0.1902
49421,26127,0.5968,0.617
49421,26123,0.4032,0.383
49423,26005,0.8411,0.426
49423,26139,0.1589,0.574
49425,26121,0.6291,0.7131
49425,26127,0.2759,0.1808
49425,26123,0.095,0.1061
49426,26139,0.9953,0.9985
49434,26139,0.8876,0.9798
49434,26005,0.1124,0.0202
49435,26139,0.9844,0.9699
49435,26081,0.0156,0.0301
49437,26121,0.6126,0.7864
49437,26127,0.3874,0.2136
49448,26139,0.8031,0.7858
49448,26121,0.1969,0.2142
49449,26127,0.6978,0.7675
49449,26105,0.3022,0.2325
49451,26121,0.9528,0.9571
49451,26139,0.0393,0.0353
49451,26123,0.0079,0.0076
49456,26139,0.8704,0.9407
49456,26121,0.1296,0.0593
49457,26121,0.9707,0.9864
49457,26123,0.0293,0.0136
49459,26127,0.9463,0.9593
49459,26123,0.0537,0.0407
49464,26139,0.9475,0.9829
49464,26005,0.0525,0.0171
49534,26139,0.5049,0.2593
49534,26081,0.4951,0.7407
49544,26081,0.9613,0.9922
49544,26139,0.0387,0.0078
49601,26165,0.881,0.9593
49601,26085,0.0897,0.0151
49601,26113,0.0292,0.0256
49612,26009,0.5032,0.4878
49612,26079,0.4968,0.5122
49613,26101,0.5888,0.6657
49613,26019,0.4112,0.3343
49620,26055,0.5256,0.6127
49620,26165,0.4744,0.3873
49625,26101,0.9174,0.9151
49625,26165,0.0826,0.0849
49630,26089,0.9683,0.9765
49630,26019,0.0317,0.0235
49631,26133,0.8509,0.8515
49631,26107,0.1491,0.1485
49633,26079,0.7264,0.492
49633,26055,0.1752,0.4142
49633,26165,0.057,0.0774
49633,26113,0.0414,0.0163
49638,26165,0.7962,0.7372
49638,26101,0.2038,0.2628
49639,26133,0.7734,0.7976
49639,26107,0.2266,0.2024
49640,26019,0.9672,0.9599
49640,26089,0.0328,0.0401
49643,26019,0.6135,0.3644
49643,26055,0.3865,0.6356
49644,26085,0.9346,0.9442
49644,26105,0.0374,0.035
49644,26101,0.028,0.0208
49649,26055,0.91,0.9481
49649,26165,0.09,0.0519
49655,26133,0.9771,0.9867
49655,26085,0.0229,0.0133
49657,26113,0.9967,0.9877
49657,26165,0.0033,0.0123
49659,26009,0.7476,0.7578
49659,26079,0.2524,0.2422
49660,26101,0.8184,0.9248
49660,26105,0.1816,0.0752
49663,26165,0.6676,0.6433
49663,26113,0.3324,0.3567
49665,26133,0.6463,0.7899
49665,26035,0.2877,0.1587
49665,26113,0.066,0.0515
49668,26165,0.9806,0.9781
49668,26101,0.0194,0.0219
49676,26079,0.7094,0.631
49676,26009,0.2906,0.369
49677,26133,0.5785,0.7871
49677,26085,0.3027,0.1755
49677,26123,0.1188,0.0374
49679,26133,0.867,0.8497
49679,26107,0.133,0.1503
49683,26019,0.7067,0.752
49683,26101,0.2265,0.1763
49683,26055,0.0541,0.0616
49683,26165,0.0127,0.0101
49684,26089,0.6121,0.3028
49684,26055,0.3261,0.6796
49684,26019,0.0617,0.0176
49688,26133,0.8864,0.9094
49688,26085,0.1046,0.0665
49688,26165,0.009,0.0241
49689,26101,0.8347,0.8454
49689,26165,0.1653,0.1546
49690,26055,0.7986,0.8208
49690,26079,0.1667,0.0855
49690,26009,0.0348,0.0937
49701,26047,0.6214,0.5954
49701,26031,0.3786,0.4046
49706,26047,0.7211,0.7106
49706,26031,0.2789,0.2894
49707,26007,0.9775,0.9961
49707,26141,0.0225,0.0039
49712,26029,0.9035,0.983
49712,26009,0.0965,0.017
49713,26029,0.9437,0.842
49713,26047,0.0367,0.1458
49713,26009,0.0196,0.0122
49716,26047,0.7158,0.468
49716,26031,0.2842,0.532
49718,26047,0.8113,0.794
49718,26031,0.1887,0.206
49719,26097,0.8213,0.9249
49719,26033,0.1787,0.0751
49720,26029,0.9128,0.9552
49720,26009,0.0872,0.0448
49727,26009,0.5018,0.1517
49727,26029,0.4982,0.8483
49729,26009,0.8433,0.8034
49729,26029,0.1567,0.1966
49730,26009,0.6306,0.5176
49730,26137,0.2181,0.3908
49730,26029,0.1512,0.0915
49733,26039,0.8773,0.8536
49733,26137,0.1227,0.1464
49738,26039,0.9397,0.9635
49738,26079,0.0398,0.0222
49738,26137,0.0205,0.0143
49746,26119,0.8374,0.862
49746,26007,0.1626,0.138
49747,26001,0.5501,0.5283
49747,26007,0.4499,0.4717
49748,26033,0.9166,0.7881
49748,26095,0.0834,0.2119
49751,26137,0.6996,0.6064
49751,26119,0.3004,0.3936
49755,26047,0.7638,0.738
49755,26031,0.2362,0.262
49756,26135,0.6185,0.4262
49756,26119,0.3368,0.5501
49756,26039,0.025,0.0104
49756,26137,0.0196,0.0134
49760,26097,0.9564,0.9707
49760,26033,0.0436,0.0293
49765,26141,0.511,0.5024
49765,26031,0.489,0.4976
49769,26047,0.8816,0.7597
49769,26031,0.1184,0.2403
49770,26047,0.9577,0.9853
49770,26029,0.031,0.0137
49770,26031,0.0113,0.001
49774,26033,0.7826,0.8816
49774,26097,0.2174,0.1184
49776,26141,0.7515,0.7316
49776,26007,0.2485,0.2684
49780,26033,0.7488,0.8146
49780,26097,0.2512,0.1854
49793,26033,0.7903,0.8065
49793,26097,0.2097,0.1935
49795,26137,0.8455,0.826
49795,26029,0.0792,0.0959
49795,26031,0.0752,0.0782
49805,26083,0.9978,0.9946
49805,26061,0.0022,0.0054
49807,26041,0.7557,0.9156
49807,26109,0.2443,0.0844
49817,26041,0.6011,0.5786
49817,26153,0.3989,0.4214
49818,26103,0.5232,0.2829
49818,26041,0.4768,0.7171
49822,26003,0.981,0.9597
49822,26103,0.019,0.0403
49831,26043,0.6762,0.5955
49831,26103,0.3238,0.4045
49836,26153,0.7985,0.5776
49836,26097,0.2015,0.4224
49853,26095,0.9862,0.9731
49853,26097,0.0138,0.0269
49854,26153,0.9439,0.9721
49854,26041,0.0561,0.0279
49861,26013,0.9053,0.9337
49861,26103,0.0947,0.0663
49878,26041,0.972,0.977
49878,26003,0.028,0.023
49879,26103,0.6345,0.5843
49879,26071,0.3655,0.4157
49880,26103,0.5711,0.5332
49880,26041,0.4289,0.4668
49883,26153,0.8147,0.5986
49883,26003,0.1853,0.4014
49884,26003,0.562,0.733
49884,26153,0.438,0.267
49885,26103,0.8447,0.9273
49885,26003,0.1553,0.0727
49892,26043,0.6947,0.8609
49892,26109,0.3053,0.1391
49895,26041,0.4974,0.4871
49895,26003,0.4431,0.4552
49895,26153,0.0594,0.0577
49913,26061,0.9271,0.9941
49913,26083,0.0729,0.0059
49945,26061,0.6315,0.826
49945,26083,0.3685,0.174
49947,26053,0.7968,0.855
49947,26131,0.2032,0.145
49948,26131,0.9842,0.9755
49948,26061,0.0158,0.0245
49952,26061,0.9761,0.9863
49952,26131,0.0239,0.0137
49958,26061,0.6987,0.6902
49958,26013,0.3013,0.3098
49965,26061,0.8691,0.9324
49965,26131,0.1309,0.0676
49967,26061,0.4413,0.5648
49967,26131,0.3662,0.2663
49967,26071,0.1926,0.1689
50002,19077,0.5343,0.5039
50002,19001,0.4519,0.4696
50002,19009,0.0138,0.0265
50006,19083,0.6884,0.828
50006,19069,0.3028,0.164
50006,19079,0.0087,0.008
50014,19169,0.5618,0.9397
50014,19015,0.4382,0.0603
50020,19029,0.7748,0.7601
50020,19001,0.1174,0.0917
50020,19009,0.0977,0.141
50020,19077,0.0101,0.0072
50022,19029,0.8931,0.9678
50022,19009,0.0659,0.0226
50022,19165,0.0411,0.0096
50025,19009,0.9848,0.9926
50025,19077,0.0152,0.0074
50026,19077,0.5708,0.607
50026,19073,0.4292,0.393
50027,19123,0.9925,0.9905
50027,19157,0.0075,0.0095
50028,19099,0.9553,0.963
50028,19127,0.0447,0.037
50029,19077,0.9224,0.9427
50029,19073,0.0776,0.0573
50034,19079,0.6681,0.7369
50034,19197,0.3319,0.2631
50036,19015,0.9842,0.9963
50036,19079,0.0158,0.0037
50039,19049,0.9399,0.9734
50039,19015,0.0601,0.0266
50042,19009,0.9757,0.9833
50042,19029,0.0243,0.0167
50044,19125,0.5939,0.6407
50044,19123,0.3655,0.3445
50044,19135,0.0407,0.0148
50046,19169,0.7283,0.8144
50046,19153,0.2717,0.1856
50047,19181,0.756,0.5795
50047,19153,0.244,0.4205
50048,19077,0.5587,0.7133
50048,19001,0.4413,0.2867
50049,19117,0.9743,0.9819
50049,19185,0.0166,0.0108
50049,19125,0.0091,0.0073
50050,19073,0.9358,0.9209
50050,19025,0.0386,0.0399
50050,19027,0.0256,0.0391
50055,19169,0.6511,0.6464
50055,19099,0.3052,0.3171
50055,19127,0.0437,0.0365
50058,19077,0.3942,0.2402
50058,19027,0.3895,0.6725
50058,19009,0.1212,0.0428
50058,19073,0.0951,0.0445
50061,19121,0.5223,0.1586
50061,19181,0.3395,0.4748
50061,19049,0.0707,0.1637
50061,19153,0.0675,0.2029
50064,19073,0.8942,0.7831
50064,19015,0.1058,0.2169
50068,19117,0.9088,0.9193
50068,19185,0.0912,0.0807
50070,19121,0.3996,0.2986
50070,19001,0.2832,0.1249
50070,19077,0.1586,0.2332
50070,19049,0.1586,0.3433
50071,19197,0.5589,0.5492
50071,19069,0.4411,0.4508
50072,19121,0.7476,0.5816
50072,19049,0.2524,0.4184
50074,19159,0.8491,0.8098
50074,19175,0.1509,0.1902
50076,19009,0.9907,0.9938
50076,19077,0.0093,0.0062
50104,19107,0.6439,0.6084
50104,19157,0.2602,0.3035
50104,19123,0.0959,0.088
50106,19127,0.5106,0.7383
50106,19099,0.2328,0.156
50106,19171,0.2026,0.0817
50106,19157,0.054,0.024
50107,19073,0.8814,0.7507
50107,19015,0.1186,0.2493
50108,19053,0.8833,0.9241
50108,19039,0.1167,0.0759
50109,19153,0.531,0.7945
50109,19049,0.469,0.2055
50111,19153,0.6606,0.9497
50111,19049,0.3394,0.0503
50112,19157,0.7408,0.9134
50112,19099,0.2592,0.0866
50123,19185,0.7951,0.801
50123,19117,0.1117,0.1286
50123,19053,0.0689,0.0472
50123,19039,0.0243,0.0232
50124,19169,0.7396,0.8704
50124,19153,0.2604,0.1296
50126,19083,0.7437,0.9502
50126,19069,0.2563,0.0498
50128,19077,0.4862,0.5399
50128,19073,0.389,0.4014
50128,19049,0.1248,0.0587
50129,19073,0.9984,0.9984
50133,19159,0.9788,0.9726
50133,19053,0.0212,0.0274
50134,19169,0.7321,0.8776
50134,19015,0.2679,0.1224
50136,19107,0.9439,0.9167
50136,19095,0.0561,0.0833
50139,19181,0.5279,0.5739
50139,19125,0.2482,0.3087
50139,19117,0.2238,0.1174
50140,19053,0.6916,0.6705
50140,19159,0.3084,0.3295
50141,19127,0.5713,0.5781
50141,19099,0.4287,0.4219
50143,19123,0.987,0.9766
50143,19125,0.013,0.0234
50146,19049,0.8858,0.7657
50146,19077,0.1142,0.2343
50147,19185,0.527,0.6234
50147,19053,0.473,0.3766
50149,19121,0.5109,0.4345
50149,19175,0.4891,0.5655
50150,19135,0.9922,0.9805
50150,19125,0.0078,0.0195
50151,19117,0.9135,0.8359
50151,19181,0.0865,0.1641
50153,19099,0.8789,0.9069
50153,19123,0.0883,0.072
50153,19157,0.0328,0.0211
50154,19169,0.8438,0.7647
50154,19083,0.1562,0.2353
50155,19121,0.9345,0.9574
50155,19001,0.0655,0.0426
50156,19015,0.7736,0.5879
50156,19153,0.16,0.3581
50156,19049,0.0664,0.054
50158,19127,0.9863,0.9983
50158,19171,0.0137,0.0017
50161,19153,0.5579,0.69
50161,19169,0.4089,0.2857
50161,19099,0.0331,0.0242
50162,19127,0.9634,0.9644
50162,19099,0.0366,0.0356
50164,19077,0.5242,0.7826
50164,19001,0.4758,0.2174
50168,19099,0.9575,0.8788
50168,19153,0.0425,0.1212
50169,19153,0.56,0.7536
50169,19099,0.44,0.2464
50170,19099,0.6874,0.6443
50170,19125,0.3126,0.3557
50171,19157,0.9835,0.9842
50171,19123,0.0165,0.0158
50174,19039,0.9109,0.865
50174,19175,0.0891,0.135
50206,19083,0.8116,0.831
50206,19127,0.1615,0.1531
50206,19169,0.0269,0.0159
50207,19123,0.9763,0.9796
50207,19157,0.0237,0.0204
50210,19181,0.7715,0.9157
50210,19039,0.2089,0.0747
50210,19121,0.0195,0.0096
50211,19181,0.9591,0.9948
50211,19121,0.0409,0.0052
50217,19073,0.8437,0.7721
50217,19015,0.1563,0.2279
50219,19125,0.6382,0.9376
50219,19123,0.3618,0.0624
50220,19049,0.6339,0.929
50220,19015,0.3287,0.0666
50220,19073,0.0374,0.0044
50222,19121,0.9658,0.9744
50222,19039,0.0342,0.0256
50225,19125,0.8457,0.8909
50225,19181,0.1543,0.1091
50226,19153,0.9937,0.9961
50226,19169,0.0063,0.0039
50228,19099,0.8952,0.9014
50228,19125,0.0958,0.0789
50228,19153,0.0091,0.0197
50229,19181,0.5119,0.567
50229,19121,0.4881,0.433
50230,19083,0.6103,0.659
50230,19079,0.384,0.3164
50230,19169,0.0056,0.0245
50233,19049,0.8212,0.788
50233,19077,0.1788,0.212
50234,19127,0.8308,0.7975
50234,19099,0.1692,0.2025
50235,19073,0.8554,0.7858
50235,19015,0.1045,0.1651
50235,19049,0.0401,0.0491
50237,19153,0.7831,0.9093
50237,19099,0.1307,0.0606
50237,19125,0.0862,0.0301
50238,19117,0.7805,0.7074
50238,19185,0.2195,0.2926
50239,19127,0.9401,0.9617
50239,19169,0.0599,0.0383
50240,19121,0.5139,0.4402
50240,19181,0.4861,0.5598
50243,19153,0.368,0.3152
50243,19169,0.3183,0.4822
50243,19015,0.3137,0.2025
50244,19153,0.5985,0.3584
50244,19169,0.3799,0.6264
50244,19015,0.0216,0.0152
50247,19127,0.9348,0.9292
50247,19169,0.0652,0.0708
50248,19169,0.54,0.848
50248,19079,0.355,0.0974
50248,19015,0.105,0.0546
50249,19079,0.7024,0.6704
50249,19187,0.1898,0.1885
50249,19015,0.1078,0.1411
50250,19001,0.6595,0.3733
50250,19077,0.3405,0.6267
50251,19099,0.9677,0.9743
50251,19123,0.0323,0.0257
50252,19125,0.6272,0.7262
50252,19181,0.3728,0.2738
50256,19125,0.7653,0.7887
50256,19123,0.2347,0.2113
50257,19121,0.7582,0.749
50257,19039,0.2052,0.1505
50257,19181,0.0367,0.1005
50258,19083,0.7143,0.7297
50258,19127,0.2857,0.2703
50261,19121,0.7947,0.5315
50261,19049,0.2053,0.4685
50264,19039,0.552,0.6074
50264,19053,0.448,0.3926
50265,19153,0.9675,0.9985
50265,19181,0.0325,0.0015
50266,19049,0.7481,0.5113
50266,19153,0.2519,0.4887
50268,19107,0.8164,0.8207
50268,19123,0.1836,0.1793
50271,19079,0.936,0.9557
50271,19197,0.064,0.0443
50273,19121,0.9884,0.9977
50273,19001,0.0116,0.0023
50275,19039,0.9491,0.9392
50275,19117,0.0509,0.0608
50276,19015,0.5088,0.2585
50276,19049,0.4912,0.7415
50277,19077,0.8303,0.9204
50277,19049,0.1697,0.0796
50320,19153,0.7788,0.8862
50320,19181,0.2212,0.1138
50321,19153,0.9998,0.9999
50323,19049,0.6051,0.5575
50323,19153,0.3949,0.4425
50325,19153,0.6025,0.6487
50325,19049,0.3975,0.3513
50420,19069,0.8484,0.7966
50420,19197,0.1516,0.2034
50424,19189,0.6218,0.7349
50424,19109,0.3782,0.2651
50430,19081,0.6049,0.5713
50430,19109,0.365,0.3673
50430,19197,0.0185,0.05
50430,19091,0.0116,0.0114
50433,19033,0.5291,0.5919
50433,19067,0.2058,0.1817
50433,19069,0.1942,0.1632
50433,19023,0.071,0.0631
50434,19195,0.5956,0.1569
50434,19033,0.4044,0.8431
50436,19189,0.5793,0.6915
50436,19081,0.4207,0.3085
50444,19195,0.9429,0.6761
50444,19033,0.0571,0.3239
50446,19195,0.8849,0.762
50446,19189,0.1151,0.238
50447,19081,0.6376,0.3882
50447,19197,0.3624,0.6118
50449,19081,0.9013,0.7903
50449,19033,0.0987,0.2097
50450,19189,0.6803,0.8363
50450,19195,0.3197,0.1637
50456,19195,0.9814,0.9862
50456,19033,0.0186,0.0138
50457,19081,0.3013,0.2352
50457,19033,0.2966,0.3541
50457,19069,0.2775,0.1722
50457,19197,0.1246,0.2385
50458,19067,0.5327,0.6302
50458,19033,0.3571,0.2688
50458,19131,0.1102,0.101
50459,19195,0.9983,0.9981
50460,19131,0.7786,0.6898
50460,19067,0.2214,0.3102
50461,19131,0.9984,0.999
50464,19033,0.5499,0.4467
50464,19195,0.4235,0.5229
50464,19131,0.0266,0.0304
50466,19089,0.6033,0.5379
50466,19131,0.3967,0.4621
50468,19067,0.7526,0.7923
50468,19033,0.2474,0.2077
50470,19197,0.9645,0.9631
50470,19069,0.0355,0.0369
50471,19067,0.9403,0.9536
50471,19131,0.0597,0.0464
50472,19131,0.8478,0.7534
50472,19195,0.1522,0.2466
50475,19069,0.7681,0.6939
50475,19033,0.2319,0.3061
50479,19033,0.7247,0.8351
50479,19069,0.2753,0.1649
50480,19109,0.9664,0.9602
50480,19081,0.0222,0.0216
50480,19189,0.0115,0.0182
50482,19033,0.78,0.7539
50482,19081,0.22,0.2461
50483,19109,0.7055,0.7185
50483,19081,0.2945,0.2815
50484,19081,0.6445,0.5337
50484,19189,0.3321,0.4457
50484,19109,0.0234,0.0206
50510,19021,0.8441,0.8269
50510,19151,0.1559,0.1731
50514,19063,0.6472,0.7537
50514,19109,0.3528,0.2463
50515,19147,0.7669,0.832
50515,19041,0.2331,0.168
50516,19187,0.7642,0.8295
50516,19091,0.2358,0.1705
50519,19091,0.5503,0.5027
50519,19109,0.4497,0.4973
50520,19091,0.9336,0.8396
50520,19151,0.0664,0.1604
50524,19187,0.9568,0.969
50524,19151,0.0432,0.031
50530,19187,0.9596,0.9474
50530,19015,0.0404,0.0526
50532,19187,0.9018,0.9286
50532,19079,0.0982,0.0714
50533,19197,0.7949,0.9444
50533,19091,0.1109,0.0245
50533,19187,0.0941,0.0312
50538,19025,0.9301,0.884
50538,19187,0.0699,0.116
50539,19109,0.7767,0.9189
50539,19147,0.2233,0.0811
50540,19151,0.724,0.5337
50540,19025,0.2501,0.4442
50540,19161,0.026,0.0221
50541,19151,0.5266,0.6546
50541,19091,0.4734,0.3454
50542,19197,0.6851,0.7828
50542,19091,0.3149,0.2172
50546,19151,0.9526,0.9652
50546,19147,0.0474,0.0348
50548,19091,0.9233,0.9833
50548,19187,0.0767,0.0167
50554,19151,0.8476,0.8928
50554,19147,0.1188,0.0816
50554,19021,0.0336,0.0257
50558,19091,0.8288,0.8236
50558,19109,0.1712,0.1764
50560,19109,0.8536,0.857
50560,19091,0.1464,0.143
50561,19025,0.5766,0.3917
50561,19161,0.4234,0.6083
50562,19147,0.9286,0.8606
50562,19151,0.0714,0.1394
50563,19025,0.6881,0.8965
50563,19151,0.2641,0.0824
50563,19187,0.0478,0.0211
50565,19021,0.9538,0.9724
50565,19041,0.0462,0.0276
50566,19187,0.9673,0.9824
50566,19025,0.0327,0.0176
50568,19021,0.8831,0.8974
50568,19161,0.1169,0.1026
50570,19091,0.6416,0.594
50570,19109,0.3584,0.406
50575,19025,0.5312,0.7788
50575,19151,0.4688,0.2212
50577,19091,0.572,0.3368
50577,19197,0.428,0.6632
50578,19063,0.8955,0.9483
50578,19147,0.1045,0.0517
50581,19151,0.9186,0.9716
50581,19147,0.0814,0.0284
50583,19161,0.9744,0.9823
50583,19025,0.0256,0.0177
50585,19021,0.5167,0.5833
50585,19041,0.4833,0.4167
50586,19025,0.9313,0.886
50586,19187,0.0687,0.114
50588,19021,0.9935,0.999
50588,19161,0.0065,0.001
50591,19091,0.8812,0.8317
50591,19187,0.1188,0.1683
50595,19079,0.9791,0.995
50595,19197,0.0142,0.0027
50595,19187,0.0067,0.0023
50597,19147,0.5542,0.4493
50597,19109,0.4231,0.5128
50597,19091,0.0135,0.0134
50597,19151,0.0092,0.0246
50598,19109,0.7006,0.7777
50598,19147,0.2994,0.2223
50599,19197,0.8363,0.8484
50599,19079,0.1637,0.1516
50601,19069,0.3646,0.2496
50601,19083,0.2986,0.4853
50601,19023,0.1772,0.1283
50601,19075,0.1596,0.1368
50603,19037,0.8326,0.8838
50603,19089,0.1674,0.1162
50604,19023,0.7951,0.8747
50604,19075,0.2049,0.1253
50605,19069,0.6112,0.5978
50605,19023,0.3888,0.4022
50606,19065,0.9565,0.9432
50606,19043,0.0435,0.0568
50607,19019,0.7042,0.732
50607,19065,0.2958,0.268
50609,19075,0.6586,0.6082
50609,19127,0.307,0.3632
50609,19171,0.0344,0.0286
50612,19171,0.7255,0.6039
50612,19013,0.2745,0.3961
50613,19013,0.8071,0.9769
50613,19075,0.1545,0.0171
50613,19023,0.0383,0.0061
50616,19067,0.9372,0.9861
50616,19037,0.0628,0.0139
50621,19075,0.8376,0.8059
50621,19127,0.1624,0.1941
50625,19023,0.8281,0.8359
50625,19069,0.1719,0.1641
50626,19013,0.9958,0.9905
50626,19019,0.0042,0.0095
50627,19083,0.8269,0.9194
50627,19075,0.1731,0.0806
50628,19089,0.9305,0.9186
50628,19131,0.0695,0.0814
50629,19019,0.3239,0.4428
50629,19017,0.2939,0.2516
50629,19065,0.2205,0.1819
50629,19013,0.1618,0.1237
50630,19037,0.8977,0.9164
50630,19017,0.1023,0.0836
50632,19171,0.9868,0.9858
50632,19127,0.0132,0.0142
50635,19171,0.9595,0.9515
50635,19127,0.0405,0.0485
50636,19023,0.6221,0.7977
50636,19067,0.3779,0.2023
50643,19013,0.9064,0.9133
50643,19075,0.0936,0.0867
50645,19037,0.9023,0.9143
50645,19017,0.0684,0.0584
50645,19067,0.0293,0.0273
50647,19017,0.6204,0.6289
50647,19013,0.3796,0.3711
50648,19013,0.584,0.473
50648,19019,0.416,0.527
50650,19019,0.6909,0.7195
50650,19065,0.3091,0.2805
50651,19013,0.7129,0.8928
50651,19011,0.2596,0.0929
50651,19171,0.0275,0.0143
50654,19019,0.5202,0.4871
50654,19055,0.4798,0.5129
50658,19037,0.5523,0.7279
50658,19067,0.3395,0.1883
50658,19023,0.0662,0.0518
50658,19017,0.042,0.0319
50660,19023,0.7889,0.8657
50660,19075,0.2111,0.1343
50662,19065,0.9371,0.9821
50662,19019,0.0629,0.0179
50665,19023,0.6441,0.8315
50665,19075,0.3559,0.1685
50666,19017,0.7603,0.7685
50666,19023,0.2397,0.2315
50669,19075,0.6911,0.7681
50669,19171,0.2987,0.2192
50669,19013,0.0102,0.0127
50670,19023,0.9734,0.9202
50670,19017,0.0178,0.0508
50670,19013,0.0087,0.029
50671,19065,0.6076,0.5818
50671,19019,0.3924,0.4182
50672,19083,0.9066,0.9317
50672,19075,0.0934,0.0683
50674,19017,0.6151,0.8181
50674,19065,0.3245,0.1411
50674,19037,0.0604,0.0408
50675,19171,0.9778,0.9635
50675,19013,0.0222,0.0365
50677,19017,0.9694,0.9903
50677,19023,0.0306,0.0097
50680,19075,0.9915,0.9871
50680,19083,0.0085,0.0129
50801,19175,0.6858,0.952
50801,19003,0.2064,0.028
50801,19001,0.1078,0.02
50836,19173,0.5968,0.6541
50836,19159,0.4032,0.3459
50837,19001,0.7002,0.7397
50837,19029,0.1653,0.1578
50837,19003,0.1345,0.1025
50840,19173,0.6059,0.8294
50840,19159,0.3941,0.1706
50841,19003,0.8895,0.9334
50841,19173,0.1105,0.0666
50843,19029,0.9234,0.9491
50843,19003,0.0766,0.0509
50845,19159,0.9162,0.8921
50845,19175,0.0838,0.1079
50851,19173,0.4416,0.6985
50851,19003,0.3414,0.1651
50851,19175,0.1732,0.1144
50851,19159,0.0438,0.0219
50853,19029,0.9808,0.9846
50853,19003,0.0192,0.0154
50857,19003,0.7278,0.8778
50857,19173,0.2586,0.103
50857,19137,0.0136,0.0192
50859,19003,0.9538,0.9381
50859,19001,0.0462,0.0619
50861,19175,0.6864,0.743
50861,19159,0.3136,0.257
50864,19137,0.6547,0.7324
50864,19145,0.199,0.1766
50864,19173,0.0895,0.0472
50864,19003,0.0394,0.0174
50864,19029,0.0174,0.0265
51001,19149,0.6021,0.5999
51001,46127,0.3979,0.4001
51002,19021,0.9862,0.9929
51002,19035,0.0138,0.0071
51005,19035,0.8612,0.8484
51005,19021,0.1388,0.1516
51006,19093,0.8581,0.8107
51006,19193,0.123,0.1665
51006,19047,0.0189,0.0229
51016,19193,0.9052,0.8723
51016,19093,0.0948,0.1277
51018,19093,0.5626,0.6135
51018,19193,0.4374,0.3865
51019,19193,0.7923,0.8269
51019,19093,0.1176,0.0857
51019,19047,0.0824,0.077
51019,19133,0.0077,0.0104
51020,19093,0.7147,0.7291
51020,19161,0.1293,0.0882
51020,19035,0.1198,0.1176
51020,19021,0.0361,0.0651
51022,19141,0.5794,0.5092
51022,19167,0.3951,0.4678
51022,19149,0.0255,0.023
51023,19167,0.702,0.7104
51023,46127,0.298,0.2896
51025,19093,0.8735,0.8913
51025,19035,0.1265,0.1087
51026,19193,0.6467,0.7161
51026,19133,0.3533,0.2839
51027,19167,0.8393,0.8947
51027,19149,0.1607,0.1053
51028,19149,0.8004,0.6791
51028,19193,0.1996,0.3209
51029,19035,0.8515,0.8168
51029,19141,0.1485,0.1832
51031,19149,0.9892,0.9938
51031,19167,0.0108,0.0062
51033,19041,0.5008,0.4634
51033,19021,0.4992,0.5366
51034,19133,0.8049,0.8249
51034,19193,0.1572,0.144
51034,19047,0.0379,0.0311
51035,19035,0.9904,0.984
51035,19149,0.0096,0.016
51046,19141,0.9459,0.9575
51046,19035,0.0541,0.0425
51047,19041,0.5497,0.4999
51047,19021,0.2664,0.2814
51047,19035,0.1329,0.1465
51047,19141,0.0509,0.0722
51048,19193,0.4873,0.5423
51048,19035,0.4,0.3594
51048,19149,0.1126,0.0983
51050,19149,0.9857,0.9758
51050,19167,0.0143,0.0242
51053,19161,0.8925,0.905
51053,19093,0.1075,0.095
51055,19193,0.514,0.6225
51055,19133,0.486,0.3775
51056,19193,0.8528,0.8511
51056,19133,0.1472,0.1489
51058,19141,0.9262,0.9316
51058,19035,0.0618,0.059
51058,19041,0.0119,0.0094
51060,19133,0.7665,0.6071
51060,19047,0.2335,0.3929
51061,19035,0.7939,0.7017
51061,19093,0.2061,0.2983
51108,19149,0.5325,0.0697
51108,19193,0.4675,0.9303
51109,19149,0.8972,0.1255
51109,19193,0.1028,0.8745
51201,19167,0.4917,0.1511
51201,19141,0.4864,0.843
51201,19119,0.0219,0.0059
51232,19143,0.7274,0.6862
51232,19119,0.2568,0.2895
51232,19141,0.0158,0.0243
51235,19119,0.9688,0.952
51235,19167,0.0312,0.048
51238,19167,0.6766,0.6366
51238,19141,0.3234,0.3634
51239,19167,0.927,0.9425
51239,19119,0.073,0.0575
51240,19119,0.8547,0.8391
51240,19167,0.1453,0.1609
51243,19119,0.86,0.7377
51243,19143,0.14,0.2623
51247,19167,0.9547,0.972
51247,19119,0.0453,0.028
51248,19141,0.8983,0.9344
51248,19143,0.1017,0.0656
51334,19063,0.8911,0.9117
51334,19059,0.1089,0.0883
51338,19041,0.7912,0.7966
51338,19059,0.2088,0.2034
51342,19147,0.6601,0.6643
51342,19063,0.3399,0.3357
51345,19143,0.9725,0.9691
51345,19059,0.0275,0.0309
51346,19141,0.7143,0.7238
51346,19143,0.2038,0.1882
51346,19041,0.0819,0.088
51350,19143,0.9342,0.9283
51350,19141,0.0658,0.0717
51358,19147,0.642,0.7297
51358,19041,0.358,0.2703
51360,19059,0.9702,0.9925
51360,27063,0.0298,0.0075
51364,19059,0.7564,0.9506
51364,19041,0.1285,0.0266
51364,19063,0.1151,0.0228
51366,19041,0.9728,0.9545
51366,19021,0.0272,0.0455
51431,19093,0.8903,0.7989
51431,19161,0.1097,0.2011
51433,19161,0.5825,0.6019
51433,19025,0.4175,0.3981
51436,19027,0.6847,0.6954
51436,19047,0.184,0.1345
51436,19161,0.1313,0.1701
51448,19047,0.6162,0.5671
51448,19161,0.1995,0.2982
51448,19093,0.1842,0.1347
51449,19025,0.8784,0.91
51449,19027,0.1216,0.09
51453,19025,0.906,0.8814
51453,19027,0.0819,0.1098
51453,19073,0.0121,0.0088
51454,19047,0.5755,0.521
51454,19165,0.4245,0.479
51455,19027,0.5574,0.8166
51455,19047,0.2348,0.1192
51455,19009,0.1826,0.0483
51455,19165,0.0252,0.0159
51461,19047,0.927,0.9422
51461,19093,0.073,0.0578
51462,19073,0.9739,0.9661
51462,19027,0.0261,0.0339
51466,19161,0.9857,0.9913
51466,19047,0.0143,0.0087
51467,19047,0.6996,0.6053
51467,19027,0.3004,0.3947
51503,19155,0.8464,0.9898
51503,19129,0.1536,0.0102
51521,19155,0.6897,0.884
51521,19165,0.3103,0.116
51523,19133,0.9205,0.8672
51523,19085,0.0795,0.1328
51527,19165,0.8326,0.8607
51527,19047,0.1674,0.1393
51529,19085,0.3827,0.4623
51529,19047,0.2811,0.3105
51529,19133,0.1821,0.0905
51529,19165,0.154,0.1368
51531,19165,0.7855,0.8653
51531,19009,0.2145,0.1347
51532,19137,0.8624,0.7977
51532,19155,0.109,0.1383
51532,19029,0.0286,0.064
51533,19137,0.5478,0.4771
51533,19129,0.4522,0.5229
51535,19029,0.5645,0.6908
51535,19155,0.4355,0.3092
51541,19129,0.7092,0.786
51541,19137,0.1592,0.1003
51541,19155,0.1316,0.1137
51543,19009,0.6991,0.4928
51543,19165,0.3009,0.5072
51544,19029,0.7398,0.7405
51544,19155,0.2602,0.2595
51545,19085,0.7219,0.8498
51545,19133,0.2781,0.1502
51552,19029,0.6313,0.6309
51552,19165,0.3687,0.3691
51555,19085,0.8158,0.8537
51555,19155,0.1842,0.1463
51557,19085,0.897,0.9238
51557,31021,0.103,0.0762
51558,19133,0.9082,0.8053
51558,19085,0.0918,0.1947
51559,19155,0.8404,0.8973
51559,19085,0.1596,0.1027
51563,19085,0.9974,0.9976
51565,19165,0.7403,0.6629
51565,19085,0.2597,0.3371
51566,19137,0.9142,0.9773
51566,19145,0.0662,0.0177
51566,19155,0.0196,0.0051
51570,19165,0.5346,0.3292
51570,19155,0.3296,0.5816
51570,19085,0.1359,0.0892
51571,19129,0.6613,0.7176
51571,19155,0.3387,0.2824
51577,19155,0.6653,0.8497
51577,19165,0.3117,0.14
51577,19029,0.023,0.0103
51601,19145,0.6267,0.9485
51601,19071,0.3733,0.0515
51632,19145,0.985,0.9971
51632,19173,0.015,0.0029
51638,19145,0.9802,0.9592
51638,19137,0.0198,0.0408
51640,19071,0.8194,0.8493
51640,29005,0.1806,0.1507
51645,19071,0.5746,0.4331
51645,19129,0.3009,0.3686
51645,19137,0.07,0.1447
51645,19145,0.0545,0.0536
51647,19145,0.7521,0.774
51647,19071,0.2479,0.226
51653,19071,0.7462,0.8558
51653,19129,0.2538,0.1442
52031,19097,0.9472,0.9045
52031,19061,0.0528,0.0955
52032,19061,0.4698,0.5368
52032,19097,0.4559,0.3943
52032,19105,0.0743,0.0689
52033,19105,0.5797,0.4947
52033,19061,0.4203,0.5053
52035,19043,0.6226,0.4497
52035,19055,0.3774,0.5503
52037,19045,0.9779,0.8979
52037,19097,0.0221,0.1021
52040,19055,0.5364,0.1504
52040,19061,0.4636,0.8496
52042,19043,0.8134,0.7565
52042,19055,0.1866,0.2435
52050,19055,0.8835,0.9364
52050,19043,0.1165,0.0636
52052,19043,0.895,0.935
52052,19061,0.105,0.065
52053,19061,0.7829,0.914
52053,19043,0.2171,0.086
52054,19097,0.9298,0.8761
52054,19061,0.0702,0.1239
52060,19097,0.8809,0.9666
52060,19045,0.1191,0.0334
52064,19097,0.859,0.9093
52064,19045,0.141,0.0907
52065,19061,0.748,0.7386
52065,19055,0.252,0.2614
52069,19097,0.7758,0.8498
52069,19045,0.2242,0.1502
52070,19097,0.845,0.8997
52070,19045,0.155,0.1003
52073,19061,0.9236,0.9664
52073,19043,0.0764,0.0336
52076,19043,0.8281,0.814
52076,19055,0.1648,0.1808
52076,19065,0.007,0.0052
52078,19061,0.642,0.7192
52078,19055,0.358,0.2808
52079,19097,0.5454,0.4868
52079,19061,0.4546,0.5132
52101,19191,0.9706,0.991
52101,19005,0.0294,0.009
52132,19191,0.9834,0.9908
52132,19089,0.0166,0.0092
52133,19191,0.7024,0.7178
52133,19065,0.2976,0.2822
52135,19065,0.9247,0.9148
52135,19043,0.0753,0.0852
52136,19089,0.6689,0.8619
52136,19191,0.3311,0.1381
52140,19005,0.9107,0.9077
52140,19191,0.0893,0.0923
52141,19065,0.5846,0.5294
52141,19043,0.4154,0.4706
52144,19191,0.9431,0.9693
52144,19065,0.0569,0.0307
52154,19037,0.9859,0.9883
52154,19089,0.0141,0.0117
52156,19043,0.7259,0.8056
52156,19005,0.2741,0.1944
52159,19005,0.5075,0.4013
52159,19043,0.4925,0.5987
52161,19191,0.8623,0.871
52161,19065,0.1377,0.129
52162,19005,0.5994,0.5888
52162,19043,0.2739,0.288
52162,19191,0.0956,0.0947
52162,19065,0.031,0.0285
52169,19065,0.9402,0.9223
52169,19043,0.0598,0.0777
52171,19065,0.5042,0.3947
52171,19037,0.3113,0.3306
52171,19191,0.1844,0.2747
52172,19005,0.9548,0.9745
52172,19191,0.0452,0.0255
52203,19095,0.7868,0.5525
52203,19103,0.2127,0.4466
52205,19105,0.8515,0.9184
52205,19113,0.1485,0.0816
52207,19097,0.8719,0.8656
52207,19045,0.1281,0.1344
52208,19011,0.5576,0.8366
52208,19095,0.2736,0.1286
52208,19171,0.1346,0.0241
52208,19157,0.0342,0.0107
52209,19011,0.9625,0.9501
52209,19095,0.0375,0.0499
52210,19019,0.9863,0.9795
52210,19011,0.0137,0.0205
52213,19113,0.7636,0.8719
52213,19011,0.2364,0.1281
52215,19171,0.8096,0.7087
52215,19157,0.1904,0.2913
52216,19031,0.8587,0.8746
52216,19105,0.1413,0.1254
52218,19113,0.5554,0.5967
52218,19019,0.2426,0.2166
52218,19055,0.202,0.1867
52221,19157,0.8472,0.8173
52221,19095,0.1528,0.1827
52222,19157,0.7079,0.6616
52222,19095,0.2921,0.3384
52224,19011,0.522,0.4297
52224,19171,0.478,0.5703
52225,19171,0.7239,0.6507
52225,19011,0.2761,0.3493
52227,19113,0.9339,0.947
52227,19103,0.0661,0.053
52228,19113,0.7571,0.8146
52228,19011,0.1306,0.0748
52228,19103,0.1122,0.1106
52237,19055,0.9561,0.9527
52237,19105,0.0289,0.026
52237,19061,0.015,0.0213
52247,19103,0.55,0.2821
52247,19183,0.45,0.7179
52248,19183,0.5162,0.5896
52248,19107,0.4838,0.4104
52253,19031,0.4994,0.1897
52253,19113,0.2356,0.5832
52253,19105,0.1772,0.113
52253,19103,0.0877,0.114
52301,19095,0.9643,0.9726
52301,19011,0.0357,0.0274
52305,19105,0.7807,0.7535
52305,19113,0.2193,0.2465
52306,19031,0.794,0.6928
52306,19105,0.206,0.3072
52309,19097,0.7208,0.6813
52309,19105,0.2792,0.3187
52310,19105,0.9535,0.9801
52310,19113,0.0415,0.018
52310,19055,0.005,0.0019
52316,19095,0.8715,0.9248
52316,19107,0.1285,0.0752
52318,19011,0.8165,0.884
52318,19095,0.1835,0.116
52320,19105,0.8699,0.9061
52320,19031,0.1301,0.0939
52322,19103,0.992,0.9958
52322,19095,0.008,0.0042
52323,19105,0.7819,0.7944
52323,19045,0.1318,0.1076
52323,19031,0.0863,0.098
52324,19113,0.816,0.9435
52324,19011,0.184,0.0565
52325,19095,0.8618,0.9045
52325,19103,0.1382,0.0955
52327,19183,0.7274,0.7227
52327,19103,0.2713,0.2769
52332,19011,0.9219,0.7956
52332,19113,0.0781,0.2044
52333,19103,0.9578,0.9876
52333,19031,0.0422,0.0124
52338,19103,0.9391,0.9468
52338,19113,0.0609,0.0532
52339,19171,0.9726,0.9908
52339,19157,0.0274,0.0092
52347,19095,0.67,0.7128
52347,19157,0.33,0.2872
52351,19011,0.6766,0.584
52351,19113,0.3234,0.416
52352,19113,0.4716,0.686
52352,19019,0.3634,0.1862
52352,19011,0.165,0.1278
52355,19107,0.9186,0.8801
52355,19095,0.0814,0.1199
52356,19183,0.7372,0.6641
52356,19095,0.1683,0.2486
52356,19103,0.0815,0.0793
52356,19107,0.0129,0.008
52358,19031,0.8252,0.7171
52358,19103,0.1748,0.2829
52404,19113,0.9496,0.9918
52404,19103,0.0504,0.0082
52501,19179,0.9935,0.9992
52531,19135,0.9905,0.9912
52531,19179,0.0095,0.0088
52533,19101,0.6894,0.5651
52533,19179,0.3106,0.4349
52535,19177,0.8267,0.8485
52535,19101,0.1733,0.1515
52536,19179,0.6757,0.6599
52536,19135,0.3243,0.3401
52537,19051,0.9555,0.9426
52537,19179,0.0445,0.0574
52540,19101,0.5346,0.4983
52540,19183,0.4654,0.5017
52542,19177,0.8047,0.9018
52542,29199,0.1953,0.0982
52550,19107,0.9765,0.992
52550,19123,0.0235,0.008
52551,19177,0.9192,0.9199
52551,19051,0.0808,0.0801
52552,19051,0.9586,0.9482
52552,19179,0.0414,0.0518
52553,19179,0.3667,0.2339
52553,19123,0.3405,0.3131
52553,19135,0.2927,0.4531
52554,19179,0.7613,0.8748
52554,19051,0.1052,0.0473
52554,19101,0.0925,0.0524
52554,19177,0.041,0.0256
52561,19123,0.8372,0.8212
52561,19107,0.1628,0.1788
52563,19107,0.5823,0.5952
52563,19179,0.3829,0.3601
52563,19101,0.0349,0.0447
52567,19101,0.8926,0.883
52567,19177,0.1074,0.117
52569,19135,0.8287,0.6883
52569,19185,0.0612,0.1356
52569,19117,0.0605,0.0911
52569,19007,0.0496,0.0849
52570,19177,0.7369,0.6889
52570,19051,0.2631,0.3111
52571,19007,0.7032,0.7258
52571,19135,0.2968,0.2742
52572,19007,0.8416,0.7885
52572,19051,0.1584,0.2115
52573,19177,0.6527,0.8181
52573,29045,0.2381,0.1205
52573,29199,0.1092,0.0614
52576,19107,0.9893,0.9863
52576,19101,0.0107,0.0137
52580,19101,0.9757,0.9805
52580,19107,0.0243,0.0195
52581,19007,0.961,0.948
52581,19185,0.039,0.052
52585,19107,0.6019,0.5627
52585,19101,0.2921,0.3199
52585,19183,0.106,0.1174
52586,19123,0.9689,0.8728
52586,19107,0.0311,0.1272
52588,19177,0.6622,0.6875
52588,19051,0.3183,0.29
52588,19101,0.0196,0.0224
52590,19185,0.7886,0.8476
52590,19007,0.2114,0.1524
52594,19007,0.6177,0.604
52594,19051,0.3823,0.396
52621,19183,0.846,0.7763
52621,19115,0.154,0.2237
52623,19057,0.775,0.7569
52623,19087,0.225,0.2431
52626,19111,0.5454,0.7268
52626,19177,0.239,0.212
52626,29045,0.2156,0.0612
52630,19111,0.3882,0.3802
52630,19177,0.3331,0.3417
52630,19087,0.2787,0.2781
52635,19101,0.9353,0.9164
52635,19087,0.0647,0.0836
52640,19115,0.6659,0.7237
52640,19057,0.3341,0.2763
52641,19087,0.961,0.9913
52641,19183,0.0219,0.0045
52641,19101,0.0171,0.0042
52644,19087,0.8512,0.8761
52644,19057,0.1488,0.1239
52645,19087,0.6999,0.7496
52645,19057,0.3001,0.2504
52646,19057,0.5264,0.4286
52646,19115,0.4736,0.5714
52649,19087,0.7464,0.7499
52649,19111,0.2536,0.2501
52651,19177,0.8951,0.9205
52651,19101,0.1049,0.0795
52654,19087,0.6722,0.8
52654,19183,0.3044,0.1828
52654,19101,0.0234,0.0171
52656,19111,0.9883,0.9834
52656,19087,0.0117,0.0166
52658,19111,0.9822,0.9804
52658,19057,0.0178,0.0196
52659,19087,0.7059,0.7504
52659,19115,0.2941,0.2496
52720,19139,0.6248,0.6815
52720,19031,0.3752,0.3185
52726,19163,0.5476,0.8438
52726,19139,0.4524,0.1562
52729,19045,0.9902,0.9907
52729,19163,0.0098,0.0093
52731,19045,0.982,0.9708
52731,19097,0.018,0.0292
52738,19115,0.9733,0.9835
52738,19183,0.0267,0.0165
52739,19115,0.5598,0.3816
52739,19139,0.4402,0.6184
52747,19139,0.454,0.5372
52747,19031,0.3615,0.364
52747,19163,0.1845,0.0988
52754,19139,0.5347,0.6767
52754,19115,0.4653,0.3233
52755,19103,0.9164,0.9336
52755,19115,0.0836,0.0664
52760,19139,0.5894,0.6485
52760,19031,0.4106,0.3515
52761,19139,0.9059,0.9856
52761,19115,0.0941,0.0144
52765,19163,0.7697,0.64
52765,19031,0.2303,0.36
52766,19139,0.9442,0.966
52766,19103,0.0558,0.034
52769,19163,0.5086,0.319
52769,19139,0.4914,0.681
52773,19163,0.9646,0.9767
52773,19139,0.0354,0.0233
52776,19139,0.6243,0.684
52776,19031,0.3428,0.2945
52776,19103,0.0329,0.0215
52777,19045,0.9252,0.9161
52777,19031,0.0748,0.0839
52778,19031,0.6037,0.5537
52778,19139,0.3963,0.4463
53002,55131,0.9793,0.9872
53002,55027,0.0207,0.0128
53006,55027,0.7389,0.7424
53006,55039,0.2611,0.2576
53010,55039,0.9489,0.9438
53010,55131,0.049,0.0534
53011,55117,0.9865,0.9856
53011,55039,0.0135,0.0144
53012,55089,0.6852,0.8766
53012,55131,0.3148,0.1234
53013,55117,0.812,0.833
53013,55089,0.188,0.167
53014,55015,0.8793,0.9069
53014,55071,0.1099,0.0846
53014,55039,0.0108,0.0085
53015,55071,0.6478,0.7543
53015,55117,0.3522,0.2457
53017,55131,0.8752,0.8724
53017,55133,0.1248,0.1276
53020,55117,0.9519,0.9443
53020,55071,0.0303,0.0219
53020,55015,0.0178,0.0338
53021,55089,0.81,0.8306
53021,55131,0.1816,0.1658
53021,55117,0.0084,0.0035
53027,55131,0.8268,0.9599
53027,55027,0.1732,0.0401
53029,55133,0.9681,0.9913
53029,55131,0.0319,0.0087
53036,55055,0.7055,0.7953
53036,55027,0.2468,0.149
53036,55133,0.0477,0.0558
53040,55131,0.7692,0.9036
53040,55117,0.1257,0.0381
53040,55039,0.1051,0.0583
53042,55071,0.9103,0.8764
53042,55015,0.0897,0.1236
53048,55027,0.9645,0.967
53048,55039,0.0355,0.033
53049,55039,0.9558,0.9733
53049,55015,0.0442,0.0267
53061,55015,0.8199,0.9151
53061,55039,0.1705,0.0798
53061,55071,0.0096,0.005
53065,55039,0.9626,0.9807
53065,55027,0.0374,0.0193
53066,55133,0.6894,0.9364
53066,55055,0.17,0.0358
53066,55027,0.1383,0.0268
53075,55117,0.8668,0.8351
53075,55089,0.1005,0.1271
53075,55131,0.0327,0.0378
53079,55039,0.9638,0.974
53079,55117,0.0362,0.026
53090,55131,0.9688,0.9868
53090,55089,0.0312,0.0132
53091,55027,0.9642,0.9639
53091,55131,0.0358,0.0361
53095,55131,0.9386,0.9701
53095,55089,0.0614,0.0299
53098,55027,1.0,0.9998
53105,55101,0.4094,0.6698
53105,55127,0.3747,0.1395
53105,55059,0.2159,0.1907
53114,55127,0.7554,0.809
53114,55105,0.2446,0.191
53118,55133,0.8706,0.9545
53118,55055,0.1294,0.0455
53119,55133,0.8885,0.9513
53119,55127,0.0898,0.0368
53119,55055,0.0217,0.012
53120,55127,0.9125,0.8977
53120,55101,0.0875,0.1023
53126,55101,0.9971,0.9956
53128,55127,0.8592,0.622
53128,55059,0.1408,0.378
53139,55101,0.6469,0.7957
53139,55059,0.3531,0.2043
53149,55133,0.8438,0.8813
53149,55127,0.0862,0.0781
53149,55101,0.07,0.0405
53150,55133,0.9471,0.9871
53150,55101,0.0529,0.0129
53177,55101,0.8703,0.9395
53177,55059,0.1297,0.0605
53182,55101,0.6731,0.9114
53182,55059,0.3269,0.0886
53185,55101,0.9915,0.9913
53185,55133,0.0085,0.0087
53190,55127,0.4904,0.6752
53190,55105,0.2717,0.0844
53190,55055,0.2379,0.2404
53217,55079,0.9937,0.9953
53217,55089,0.0063,0.0047
53225,55079,0.9852,0.9952
53225,55133,0.0148,0.0048
53227,55079,0.9958,0.9974
53403,55101,0.908,0.9705
53403,55059,0.092,0.0295
53502,55045,0.9847,0.9842
53502,55105,0.0153,0.0158
53504,55065,0.5527,0.4842
53504,55045,0.4473,0.5158
53507,55049,0.9936,0.988
53507,55025,0.0064,0.012
53508,55025,0.6578,0.5968
53508,55045,0.3422,0.4032
53516,55065,0.4767,0.4124
53516,55045,0.3551,0.44
53516,55049,0.1373,0.1092
53516,55025,0.0309,0.0384
53517,55025,0.6086,0.7758
53517,55049,0.3914,0.2242
53518,55103,0.7995,0.6175
53518,55043,0.1588,0.3622
53518,55023,0.0417,0.0203
53520,55105,0.5334,0.3316
53520,55045,0.4666,0.6684
53521,55045,0.5044,0.3837
53521,55025,0.4109,0.4787
53521,55105,0.0848,0.1376
53522,55045,0.949,0.9613
53522,55065,0.051,0.0387
53523,55025,0.6532,0.6534
53523,55055,0.3468,0.3466
53525,55105,0.946,0.9559
53525,55127,0.054,0.0441
53532,55025,0.8513,0.9813
53532,55021,0.1487,0.0187
53534,55105,0.5164,0.7991
53534,55025,0.4345,0.1715
53534,55055,0.0491,0.0294
53538,55055,0.9835,0.9885
53538,55105,0.0165,0.0115
53543,55049,0.8211,0.785
53543,55043,0.1789,0.215
53544,55049,0.9913,0.9864
53544,55025,0.0087,0.0136
53554,55043,0.6737,0.6614
53554,55049,0.3263,0.3386
53555,55021,0.7838,0.9181
53555,55025,0.2162,0.0819
53556,55103,0.8933,0.8927
53556,55111,0.1067,0.1073
53559,55025,0.9929,0.9936
53559,55055,0.0071,0.0064
53560,55025,0.9175,0.976
53560,55049,0.0825,0.024
53561,55111,0.7185,0.6336
53561,55021,0.2815,0.3664
53563,55105,0.9845,0.9925
53563,55055,0.0155,0.0075
53565,55049,0.7077,0.7345
53565,55065,0.2923,0.2655
53569,55043,0.5392,0.595
53569,55049,0.4608,0.405
53572,55025,0.9934,0.9973
53572,55045,0.0066,0.0027
53573,55043,0.421,0.4328
53573,55103,0.4075,0.4268
53573,55049,0.1714,0.1404
53574,55045,0.9743,0.9757
53574,55025,0.0257,0.0243
53578,55111,0.8087,0.7988
53578,55021,0.1913,0.2012
53583,55111,0.7212,0.8153
53583,55025,0.2774,0.1822
53585,55127,0.954,0.9482
53585,55105,0.046,0.0518
53588,55111,0.659,0.7474
53588,55049,0.3309,0.2438
53588,55103,0.0102,0.0087
53589,55025,0.9794,0.992
53589,55105,0.0206,0.008
53594,55055,0.5218,0.6184
53594,55027,0.3367,0.2035
53594,55025,0.1415,0.1781
53805,55043,0.641,0.8957
53805,55023,0.359,0.1043
53807,55043,0.5915,0.8048
53807,55065,0.4085,0.1952
53811,55043,0.8259,0.8921
53811,55065,0.1741,0.1079
53818,55043,0.8111,0.9439
53818,55065,0.1678,0.0501
53818,55049,0.021,0.006
53821,55023,0.7737,0.9558
53821,55043,0.2263,0.0442
53901,55021,0.9874,0.9948
53901,55077,0.0126,0.0052
53911,55021,0.9223,0.9575
53911,55025,0.0777,0.0425
53913,55111,0.9861,0.9948
53913,55021,0.0139,0.0052
53920,55077,0.5588,0.571
53920,55001,0.4412,0.429
53923,55021,0.8994,0.8699
53923,55047,0.1006,0.1301
53924,55103,0.9489,0.9392
53924,55111,0.0511,0.0608
53925,55021,0.5392,0.715
53925,55027,0.3598,0.1903
53925,55025,0.101,0.0947
53926,55047,0.5486,0.4921
53926,55077,0.2594,0.3366
53926,55021,0.1919,0.1713
53929,55057,0.7221,0.7811
53929,55081,0.1681,0.1309
53929,55123,0.1098,0.0879
53932,55021,0.9167,0.8623
53932,55027,0.0833,0.1377
53937,55111,0.7214,0.7113
53937,55103,0.2786,0.2887
53941,55111,0.9391,0.9649
53941,55057,0.0575,0.0334
53944,55057,0.8298,0.6896
53944,55111,0.1702,0.3104
53946,55047,0.9319,0.9232
53946,55039,0.048,0.0382
53946,55077,0.0107,0.0155
53946,55027,0.0094,0.0231
53949,55077,0.9603,0.963
53949,55047,0.0397,0.037
53952,55077,0.5025,0.5596
53952,55001,0.4975,0.4404
53954,55021,0.9058,0.9057
53954,55077,0.0942,0.0943
53956,55021,0.5557,0.329
53956,55027,0.3975,0.6337
53956,55047,0.0468,0.0374
53963,55039,0.5425,0.4009
53963,55027,0.4575,0.5991
53964,55077,0.9023,0.8496
53964,55001,0.0839,0.1388
53964,55137,0.0138,0.0116
53965,55001,0.559,0.378
53965,55021,0.2106,0.2412
53965,55111,0.1677,0.3548
53965,55057,0.0627,0.0261
53968,55057,0.5511,0.6654
53968,55111,0.3735,0.2807
53968,55123,0.056,0.0425
53968,55103,0.0194,0.0114
54002,55109,0.9694,0.9818
54002,55093,0.0306,0.0182
54004,55005,0.6718,0.539
54004,55095,0.3282,0.461
54005,55095,0.6492,0.8228
54005,55109,0.1972,0.1204
54005,55005,0.0845,0.0362
54005,55033,0.0691,0.0206
54007,55109,0.7842,0.6411
54007,55095,0.2158,0.3589
54013,55109,0.9646,0.9778
54013,55033,0.0354,0.0222
54017,55109,0.9682,0.9771
54017,55095,0.0318,0.0229
54020,55095,0.9897,0.9848
54020,55109,0.0103,0.0152
54022,55093,0.6116,0.6344
54022,55109,0.3884,0.3656
54026,55095,0.7567,0.7412
54026,55109,0.2433,0.2588
54103,55041,0.9679,0.9609
54103,55075,0.0321,0.0391
54104,55075,0.9917,0.9944
54104,55041,0.0083,0.0056
54106,55087,0.9853,0.9932
54106,55115,0.0147,0.0068
54107,55115,0.9726,0.98
54107,55087,0.0274,0.02
54110,55015,0.7303,0.862
54110,55071,0.2421,0.1248
54110,55009,0.0276,0.0132
54111,55115,0.9244,0.9567
54111,55083,0.0756,0.0433
54112,55075,0.7173,0.8111
54112,55083,0.2827,0.1889
54114,55075,0.9182,0.9501
54114,55083,0.0818,0.0499
54115,55009,0.8488,0.9701
54115,55087,0.1512,0.0299
54120,55037,0.8574,0.8473
54120,55075,0.1426,0.1527
54124,55083,0.9246,0.8374
54124,55078,0.0736,0.1608
54125,55075,0.7037,0.7105
54125,55041,0.2963,0.2895
54126,55009,0.9936,0.9936
54126,55071,0.0064,0.0064
54130,55087,0.7876,0.9422
54130,55015,0.1087,0.0421
54130,55009,0.1037,0.0156
54137,55115,0.5901,0.5457
54137,55083,0.4099,0.4543
54139,55083,0.9845,0.9664
54139,55075,0.0155,0.0336
54150,55078,0.9697,0.8888
54150,55115,0.0303,0.1112
54151,55075,0.7143,0.8644
54151,55037,0.2857,0.1356
54154,55083,0.8951,0.937
54154,55115,0.1049,0.063
54155,55009,0.5009,0.8758
54155,55087,0.4991,0.1242
54157,55075,0.9801,0.9827
54157,55083,0.0199,0.0173
54161,55083,0.5152,0.4178
54161,55075,0.4848,0.5822
54162,55115,0.612,0.2432
54162,55009,0.2246,0.4758
54162,55083,0.1633,0.281
54165,55087,0.8778,0.9415
54165,55115,0.111,0.0367
54165,55009,0.0111,0.0218
54170,55087,0.7453,0.8522
54170,55115,0.2231,0.1211
54170,55135,0.0316,0.0267
54174,55083,0.6391,0.9298
54174,55078,0.3609,0.0702
54175,55083,0.9933,0.9968
54175,55067,0.0067,0.0032
54180,55009,0.8503,0.8051
54180,55087,0.1497,0.1949
54201,55061,0.9166,0.9607
54201,55029,0.0834,0.0393
54205,55061,0.9781,0.9782
54205,55029,0.0219,0.0218
54208,55009,0.5898,0.6298
54208,55061,0.2917,0.2646
54208,55071,0.1185,0.1056
54213,55029,0.8989,0.9088
54213,55061,0.1011,0.0912
54217,55061,0.8028,0.7526
54217,55009,0.1183,0.1763
54217,55029,0.0789,0.0711
54313,55009,0.9875,0.9989
54313,55087,0.0125,0.0011
54405,55073,0.7527,0.4582
54405,55019,0.2473,0.5418
54408,55073,0.8676,0.8302
54408,55115,0.0901,0.1242
54408,55067,0.0423,0.0455
54409,55067,0.8774,0.9559
54409,55073,0.0847,0.0306
54409,55115,0.0379,0.0135
54411,55073,0.9426,0.9564
54411,55119,0.0574,0.0436
54412,55141,0.648,0.673
54412,55073,0.352,0.327
54414,55115,0.6106,0.6606
54414,55073,0.3853,0.3353
54420,55019,0.9123,0.8066
54420,55141,0.0877,0.1934
54421,55073,0.5513,0.4712
54421,55019,0.4487,0.5288
54422,55019,0.7705,0.8427
54422,55119,0.2295,0.1573
54425,55019,0.5754,0.8315
54425,55073,0.313,0.1251
54425,55119,0.1116,0.0435
54427,55073,0.7597,0.6857
54427,55115,0.2403,0.3143
54428,55067,0.9604,0.9697
54428,55085,0.0396,0.0303
54433,55119,0.887,0.742
54433,55017,0.113,0.258
54435,55069,0.5823,0.7327
54435,55067,0.4177,0.2673
54443,55097,0.9908,0.9893
54443,55141,0.0082,0.0096
54449,55141,0.7139,0.8681
54449,55073,0.284,0.1317
54451,55119,0.9828,0.9877
54451,55073,0.0172,0.0123
54452,55069,0.8941,0.9017
54452,55073,0.1059,0.0983
54454,55141,0.9493,0.9565
54454,55097,0.0507,0.0435
54455,55073,0.9271,0.969
54455,55097,0.0729,0.031
54457,55001,0.4212,0.3903
54457,55141,0.3462,0.5664
54457,55057,0.2327,0.0433
54459,55099,0.9858,0.9887
54459,55069,0.0142,0.0113
54460,55019,0.8165,0.8437
54460,55119,0.1835,0.1563
54463,55085,0.9803,0.9746
54463,55067,0.0197,0.0254
54465,55041,0.6229,0.7495
54465,55067,0.3771,0.2505
54466,55141,0.5347,0.6256
54466,55053,0.4214,0.304
54466,55019,0.0439,0.0704
54470,55119,0.9764,0.9875
54470,55099,0.0236,0.0125
54473,55097,0.763,0.8234
54473,55073,0.237,0.1766
54475,55141,0.822,0.8598
54475,55097,0.178,0.1402
54479,55019,0.5624,0.3822
54479,55073,0.4376,0.6178
54480,55119,0.9221,0.9198
54480,55073,0.0779,0.0802
54486,55115,0.813,0.8808
54486,55135,0.187,0.1192
54487,55069,0.7375,0.7629
54487,55085,0.2625,0.2371
54488,55019,0.5363,0.3886
54488,55073,0.4637,0.6114
54490,55119,0.9948,0.9951
54490,55099,0.0052,0.0049
54491,55067,0.9108,0.8419
54491,55083,0.0892,0.1581
54494,55141,0.5682,0.9227
54494,55097,0.3997,0.0678
54494,55001,0.0321,0.0094
54498,55019,0.5061,0.6525
54498,55119,0.4939,0.3475
54499,55115,0.6879,0.7419
54499,55073,0.297,0.2403
54499,55097,0.0151,0.0178
54501,55085,0.9799,0.9899
54501,55069,0.0201,0.0101
54514,55003,0.8105,0.7626
54514,55099,0.1267,0.1472
54514,55051,0.0627,0.0903
54517,55003,0.5665,0.4467
54517,55113,0.3118,0.4091
54517,55007,0.1217,0.1442
54521,55125,0.6419,0.8432
54521,55085,0.3033,0.1528
54521,55041,0.0548,0.004
54530,55107,0.7119,0.7065
54530,55099,0.2433,0.2715
54530,55113,0.0448,0.022
54538,55125,0.7657,0.8846
54538,55051,0.1237,0.0371
54538,55085,0.1016,0.0761
54538,55099,0.0089,0.0022
54540,55125,0.9965,0.9991
54542,55041,0.6106,0.3638
54542,55037,0.3894,0.6362
54545,55125,0.9988,0.9995
54548,55085,0.8203,0.8706
54548,55125,0.1797,0.1294
54552,55099,0.7149,0.8288
54552,55051,0.2553,0.1616
54552,55113,0.0298,0.0095
54557,55125,0.9878,0.9934
54557,55051,0.0122,0.0066
54558,55125,0.7566,0.7947
54558,55085,0.2434,0.2053
54559,55051,0.8535,0.7768
54559,55003,0.1465,0.2232
54562,55085,0.6277,0.9437
54562,55041,0.3723,0.0563
54564,55085,0.6472,0.5727
54564,55069,0.339,0.4193
54564,55099,0.0139,0.0081
54566,55041,0.9214,0.9224
54566,55067,0.0786,0.0776
54568,55125,0.8612,0.774
54568,55085,0.1388,0.226
54612,55121,0.7235,0.8336
54612,55011,0.2765,0.1664
54615,55053,0.9731,0.9834
54615,55081,0.0269,0.0166
54616,55121,0.872,0.91
54616,55053,0.128,0.09
54618,55057,0.7027,0.6367
54618,55081,0.2973,0.3633
54619,55081,0.7381,0.7173
54619,55123,0.2236,0.2501
54619,55063,0.0383,0.0327
54623,55063,0.5739,0.6926
54623,55123,0.4261,0.3074
54624,55123,0.8549,0.9023
54624,55023,0.1451,0.0977
54627,55121,0.8813,0.934
54627,55053,0.1187,0.066
54628,55023,0.9148,0.9216
54628,55123,0.0852,0.0784
54634,55123,0.6936,0.7416
54634,55103,0.3002,0.2461
54634,55057,0.0062,0.0123
54638,55081,0.8399,0.834
54638,55123,0.1326,0.1391
54638,55057,0.0275,0.0269
54639,55123,0.9591,0.9665
54639,55103,0.0409,0.0335
54642,55053,0.9282,0.8563
54642,55121,0.043,0.0954
54642,55063,0.0288,0.0483
54644,55063,0.9401,0.9665
54644,55053,0.0599,0.0335
54651,55123,0.5696,0.6065
54651,55081,0.4304,0.3935
54653,55063,0.6096,0.58
54653,55081,0.3904,0.42
54655,55023,0.8218,0.8459
54655,55103,0.1555,0.1327
54655,55123,0.0228,0.0213
54656,55081,0.9989,0.9992
54658,55123,0.9196,0.6728
54658,55063,0.0804,0.3272
54659,55053,0.9755,0.9705
54659,55121,0.0245,0.0295
54661,55121,0.9974,0.9913
54661,55063,0.0026,0.0087
54664,55103,0.6525,0.64
54664,55123,0.3475,0.36
54665,55123,0.9902,0.9959
54665,55023,0.0098,0.0041
54666,55081,0.4544,0.7437
54666,55053,0.439,0.1871
54666,55057,0.1066,0.0692
54667,55123,0.9664,0.9803
54667,55063,0.0336,0.0197
54701,55035,0.9528,0.9965
54701,55033,0.0472,0.0035
54703,55035,0.7759,0.916
54703,55017,0.2074,0.0828
54703,55033,0.0167,0.0011
54721,55091,0.8566,0.8894
54721,55033,0.1206,0.0954
54721,55093,0.0227,0.0152
54724,55017,0.9942,0.9976
54724,55033,0.0058,0.0024
54726,55017,0.7194,0.8108
54726,55035,0.2806,0.1892
54727,55017,0.9448,0.9274
54727,55035,0.0552,0.0726
54728,55005,0.8018,0.9605
54728,55107,0.1901,0.0368
54728,55033,0.0081,0.0027
54729,55017,0.9694,0.9721
54729,55035,0.0306,0.0279
54730,55033,0.7776,0.7722
54730,55017,0.2224,0.2278
54734,55033,0.94,0.9392
54734,55109,0.06,0.0608
54736,55091,0.5032,0.6674
54736,55011,0.4487,0.29
54736,55033,0.0481,0.0426
54737,55033,0.9461,0.9304
54737,55091,0.0539,0.0696
54738,55035,0.5351,0.6751
54738,55121,0.4546,0.3221
54738,55011,0.0103,0.0028
54739,55033,0.8167,0.7528
54739,55017,0.1818,0.2422
54739,55035,0.0015,0.005
54740,55093,0.5771,0.6846
54740,55033,0.4229,0.3154
54741,55035,0.4795,0.5196
54741,55053,0.3928,0.3966
54741,55019,0.1277,0.0837
54745,55017,0.8515,0.8561
54745,55107,0.1485,0.1439
54746,55019,0.8259,0.7092
54746,55053,0.1741,0.2908
54747,55121,0.6324,0.8021
54747,55011,0.3676,0.1979
54749,55033,0.8386,0.8453
54749,55109,0.1614,0.1547
54754,55053,0.8268,0.9086
54754,55019,0.1732,0.0914
54755,55011,0.6011,0.536
54755,55033,0.1434,0.1141
54755,55091,0.1347,0.1654
54755,55035,0.1209,0.1845
54757,55017,0.5602,0.4522
54757,55005,0.1971,0.3806
54757,55033,0.1619,0.0907
54757,55107,0.0808,0.0765
54758,55121,0.5281,0.6373
54758,55053,0.2454,0.1624
54758,55035,0.2265,0.2003
54762,55005,0.8689,0.9047
54762,55033,0.1311,0.0953
54763,55033,0.8345,0.7789
54763,55005,0.1655,0.2211
54766,55119,0.5161,0.3337
54766,55107,0.3806,0.4464
54766,55017,0.1033,0.22
54767,55093,0.8243,0.8728
54767,55109,0.1213,0.0952
54767,55033,0.0544,0.032
54768,55017,0.45,0.5741
54768,55019,0.3258,0.2978
54768,55119,0.1287,0.0544
54768,55035,0.0955,0.0737
54769,55091,0.7377,0.8141
54769,55093,0.2623,0.1859
54770,55121,0.7347,0.7701
54770,55035,0.2653,0.2299
54771,55019,0.8825,0.9384
54771,55119,0.1175,0.0616
54801,55129,0.7924,0.8806
54801,55013,0.2076,0.1194
54806,55003,0.667,0.8015
54806,55007,0.333,0.1985
54813,55013,0.5248,0.3222
54813,55005,0.3188,0.482
54813,55129,0.1564,0.1958
54817,55129,0.339,0.3217
54817,55113,0.323,0.363
54817,55107,0.1971,0.0816
54817,55005,0.141,0.2338
54820,55031,0.5224,0.6164
54820,55007,0.4776,0.3836
54821,55007,0.979,0.9399
54821,55113,0.021,0.0601
54826,55095,0.5524,0.2829
54826,55005,0.4476,0.7171
54829,55005,0.7489,0.8682
54829,55095,0.2511,0.1318
54830,55013,0.6228,0.8715
54830,55031,0.3757,0.1272
54835,55113,0.8215,0.8398
54835,55107,0.1785,0.1602
54837,55095,0.8239,0.8333
54837,55013,0.1761,0.1667
54838,55031,0.9825,0.9823
54838,55007,0.0175,0.0177
54840,55013,0.8812,0.8429
54840,55095,0.1188,0.1571
54843,55113,0.9207,0.9574
54843,55129,0.0793,0.0426
54853,55095,0.9614,0.9773
54853,55013,0.0386,0.0227
54856,55007,0.9847,0.9804
54856,55003,0.0153,0.0196
54859,55129,0.8095,0.8096
54859,55031,0.1576,0.1194
54859,55013,0.0329,0.071
54868,55005,0.9433,0.9907
54868,55107,0.0454,0.0048
54868,55129,0.0113,0.0045
54870,55129,0.971,0.9685
54870,55005,0.029,0.0315
54871,55129,0.5758,0.7343
54871,55013,0.4242,0.2657
54872,55013,0.9444,0.9604
54872,55095,0.0556,0.0396
54873,55031,0.639,0.6023
54873,55007,0.361,0.3977
54876,55113,0.5825,0.6455
54876,55129,0.4175,0.3545
54889,55095,0.5516,0.5002
54889,55005,0.4484,0.4998
54904,55139,0.9949,0.999
54904,55039,0.0051,0.001
54909,55097,0.8242,0.8107
54909,55137,0.1758,0.1893
54914,55087,0.9621,0.9721
54914,55139,0.0379,0.0279
54915,55015,0.4996,0.4
54915,55087,0.4422,0.5359
54915,55139,0.0582,0.0641
54921,55097,0.8628,0.7718
54921,55001,0.1372,0.2282
54922,55087,0.5462,0.6752
54922,55135,0.4538,0.3248
54923,55137,0.4841,0.3012
54923,55047,0.4323,0.6487
54923,55139,0.0836,0.0501
54929,55135,0.7267,0.8509
54929,55115,0.2537,0.1414
54929,55087,0.0196,0.0077
54930,55137,0.561,0.5981
54930,55001,0.4098,0.3719
54930,55077,0.0291,0.03
54940,55137,0.3061,0.1638
54940,55135,0.298,0.3746
54940,55139,0.2966,0.2848
54940,55087,0.0992,0.1767
54943,55137,0.5319,0.4691
54943,55001,0.4681,0.5309
54945,55135,0.985,0.9863
54945,55097,0.015,0.0137
54950,55135,0.6763,0.5525
54950,55115,0.3237,0.4475
54952,55015,0.7722,0.3062
54952,55139,0.2278,0.6938
54956,55139,0.9649,0.9936
54956,55087,0.0351,0.0064
54960,55077,0.6224,0.4278
54960,55137,0.1923,0.437
54960,55047,0.1853,0.1352
54961,55135,0.6417,0.771
54961,55087,0.3583,0.229
54963,55139,0.9963,0.9978
54964,55139,0.7183,0.7646
54964,55039,0.2817,0.2354
54965,55137,0.9869,0.9731
54965,55135,0.0131,0.0269
54966,55137,0.7365,0.6892
54966,55097,0.1889,0.1706
54966,55001,0.0746,0.1402
54968,55047,0.8137,0.8314
54968,55077,0.1863,0.1686
54971,55039,0.5945,0.7851
54971,55047,0.2067,0.138
54971,55139,0.1988,0.0769
54977,55135,0.8804,0.8701
54977,55097,0.1196,0.1299
54979,55039,0.9567,0.9213
54979,55139,0.0433,0.0787
54981,55135,0.9145,0.9762
54981,55097,0.0505,0.0132
54981,55137,0.035,0.0106
54982,55137,0.9778,0.9891
54982,55077,0.0222,0.0109
54983,55135,0.9265,0.9633
54983,55137,0.0735,0.0367
54984,55137,0.9716,0.9801
54984,55097,0.0284,0.0199
54986,55139,0.9914,0.9982
54986,55137,0.0086,0.0018
55006,27065,0.3817,0.3254
55006,27059,0.342,0.3398
55006,27115,0.1981,0.2268
55006,27025,0.0782,0.108
55007,27065,0.6141,0.4592
55007,27115,0.3859,0.5408
55008,27059,0.9931,0.9973
55008,27025,0.0069,0.0027
55009,27049,0.8234,0.8845
55009,27037,0.1766,0.1155
55018,27049,0.9117,0.8712
55018,27131,0.0883,0.1288
55025,27003,0.5416,0.2095
55025,27163,0.385,0.7191
55025,27025,0.0734,0.0714
55027,27049,0.992,0.9929
55027,27157,0.008,0.0071
55030,27115,0.7983,0.8356
55030,27065,0.2017,0.1644
55033,27037,0.7541,0.8433
55033,27163,0.2124,0.1534
55033,27049,0.0335,0.0033
55037,27115,0.9298,0.9433
55037,27065,0.0702,0.0567
55038,27163,0.7015,0.5621
55038,27003,0.2951,0.4314
55038,27123,0.0034,0.0065
55040,27059,0.9992,0.9976
55041,27157,0.8499,0.8856
55041,27049,0.1501,0.1144
55044,27037,0.6953,0.9345
55044,27139,0.3047,0.0655
55049,27147,0.9087,0.9119
55049,27131,0.0913,0.0881
55051,27065,0.8627,0.9588
55051,27095,0.1373,0.0412
55052,27131,0.8409,0.9321
55052,27161,0.101,0.034
55052,27147,0.0581,0.0339
55053,27131,0.6869,0.7244
55053,27049,0.3131,0.2756
55056,27025,0.6937,0.8743
55056,27059,0.3063,0.1257
55057,27131,0.5401,0.8247
55057,27037,0.4576,0.1749
55065,27037,0.9841,0.9907
55065,27049,0.0159,0.0093
55069,27025,0.8206,0.921
55069,27115,0.1794,0.079
55070,27003,0.635,0.8886
55070,27059,0.365,0.1114
55072,27115,0.9435,0.9308
55072,27065,0.0565,0.0692
55073,27163,0.8625,0.9182
55073,27025,0.1375,0.0818
55079,27025,0.4291,0.5466
55079,27059,0.3048,0.1235
55079,27003,0.2661,0.3299
55080,27059,0.7564,0.693
55080,27025,0.2436,0.307
55088,27131,0.7569,0.519
55088,27139,0.2431,0.481
55089,27049,0.9684,0.9581
55089,27037,0.0316,0.0419
55092,27003,0.6486,0.5719
55092,27025,0.3514,0.4281
55110,27123,0.6528,0.8954
55110,27163,0.3076,0.0986
55110,27003,0.0396,0.006
55118,27037,0.9979,0.9961
55125,27163,0.9997,0.9998
55126,27123,0.9626,0.9839
55126,27003,0.0374,0.0161
55312,27085,0.9925,0.9903
55312,27143,0.0075,0.0097
55313,27171,1.0,1.0
55314,27129,0.7443,0.7334
55314,27143,0.2557,0.2666
55317,27019,0.982,0.9664
55317,27053,0.018,0.0336
55320,27145,0.5936,0.4728
55320,27171,0.4064,0.5272
55328,27171,0.866,0.8621
55328,27019,0.0675,0.0787
55328,27053,0.0665,0.0592
55329,27093,0.6923,0.3151
55329,27145,0.3077,0.6849
55330,27141,0.6212,0.6906
55330,27003,0.211,0.0774
55330,27171,0.1677,0.232
55331,27053,0.6676,0.7812
55331,27019,0.3324,0.2188
55332,27129,0.8179,0.8019
55332,27103,0.1662,0.1774
55332,27143,0.0159,0.0206
55333,27129,0.9186,0.878
55333,27015,0.0431,0.0894
55333,27127,0.0383,0.0327
55334,27143,0.8786,0.8719
55334,27103,0.1143,0.1228
55334,27085,0.007,0.0053
55335,27143,0.8371,0.8616
55335,27103,0.1629,0.1384
55336,27085,0.8115,0.9248
55336,27143,0.1885,0.0752
55339,27019,0.6492,0.8962
55339,27143,0.3113,0.0893
55339,27085,0.0395,0.0144
55341,27171,0.5793,0.772
55341,27053,0.4207,0.228
55342,27129,0.9973,0.9969
55350,27085,0.8647,0.9764
55350,27093,0.1134,0.0201
55350,27129,0.0219,0.0035
55353,27145,0.6607,0.6197
55353,27093,0.3393,0.3803
55363,27171,0.9918,0.9949
55363,27019,0.0082,0.0051
55371,27095,0.4165,0.5019
55371,27141,0.2981,0.3518
55371,27059,0.2624,0.1365
55371,27009,0.0229,0.0099
55373,27053,0.7555,0.7023
55373,27171,0.2445,0.2977
55374,27053,0.9543,0.9452
55374,27171,0.0457,0.0548
55375,27053,0.6569,0.8801
55375,27019,0.3431,0.1199
55382,27145,0.5086,0.5188
55382,27171,0.3676,0.3754
55382,27093,0.1238,0.1058
55385,27085,0.5224,0.5136
55385,27129,0.2966,0.2956
55385,27143,0.181,0.1908
55387,27019,0.9921,0.9899
55387,27053,0.0079,0.0101
55388,27019,0.7939,0.7855
55388,27171,0.1554,0.0948
55388,27053,0.0507,0.1197
55389,27093,0.6266,0.6268
55389,27145,0.3734,0.3732
55395,27085,0.7613,0.8196
55395,27171,0.1227,0.103
55395,27019,0.116,0.0775
55396,27143,0.9916,0.9929
55396,27085,0.0084,0.0071
55397,27019,0.9649,0.9833
55397,27085,0.0351,0.0167
55398,27141,0.826,0.923
55398,27059,0.174,0.077
55418,27053,0.9984,0.9995
55421,27003,0.9241,0.8851
55421,27123,0.0715,0.1113
55432,27003,0.9946,0.9921
55432,27123,0.0054,0.0079
55449,27003,0.9915,0.9872
55449,27123,0.0085,0.0128
55602,27137,0.9226,0.8034
55602,27075,0.0774,0.1966
55616,27075,0.9103,0.8662
55616,27137,0.0897,0.1338
55720,27017,0.5865,0.8535
55720,27137,0.4135,0.1465
55723,27137,0.7195,0.8372
55723,27061,0.2805,0.1628
55731,27075,0.5024,0.141
55731,27137,0.4976,0.859
55733,27017,0.992,0.9953
55733,27137,0.008,0.0047
55735,27115,0.6592,0.8626
55735,27001,0.3408,0.1374
55736,27137,0.9291,0.8847
55736,27061,0.0709,0.1153
55746,27137,0.9273,0.9822
55746,27061,0.0727,0.0178
55748,27001,0.6447,0.5691
55748,27061,0.3553,0.4309
55749,27017,0.8054,0.8964
55749,27115,0.1946,0.1036
55752,27001,0.9836,0.9764
55752,27061,0.0164,0.0236
55756,27115,0.8504,0.6948
55756,27017,0.1496,0.3052
55767,27017,0.9575,0.9928
55767,27115,0.0425,0.0072
55771,27137,0.7187,0.6651
55771,27071,0.2813,0.3349
55772,27071,0.9319,0.979
55772,27137,0.0681,0.021
55781,27061,0.5624,0.3631
55781,27137,0.4376,0.6369
55783,27115,0.608,0.762
55783,27001,0.2699,0.1239
55783,27017,0.1221,0.1141
55785,27001,0.742,0.7437
55785,27021,0.258,0.2563
55787,27001,0.8866,0.9198
55787,27017,0.1134,0.0802
55796,27075,0.5562,0.1257
55796,27137,0.4438,0.8743
55798,27017,0.7305,0.7703
55798,27137,0.1698,0.1372
55798,27001,0.0997,0.0924
55810,27137,0.9393,0.9622
55810,27017,0.0607,0.0378
55906,27109,0.92,0.992
55906,27157,0.08,0.008
55910,27169,0.8783,0.8501
55910,27157,0.1217,0.1499
55912,27099,0.7571,0.9661
55912,27047,0.2429,0.0339
55917,27147,0.441,0.6238
55917,27039,0.2761,0.2114
55917,27047,0.1605,0.1104
55917,27099,0.1224,0.0544
55923,27045,0.5039,0.4888
55923,27109,0.4636,0.4437
55923,27169,0.0325,0.0675
55924,27039,0.7045,0.6444
55924,27147,0.2955,0.3556
55932,27109,0.5221,0.7151
55932,27157,0.4779,0.2849
55940,27039,0.9008,0.896
55940,27109,0.0864,0.0973
55940,27099,0.0129,0.0066
55943,27055,0.8039,0.7809
55943,27169,0.1961,0.2191
55944,27039,0.9375,0.9809
55944,27109,0.0625,0.0191
55946,27049,0.761,0.7541
55946,27131,0.1612,0.1688
55946,27039,0.056,0.0533
55946,27147,0.0218,0.0238
55947,27055,0.6348,0.9403
55947,27169,0.3652,0.0597
55951,27099,0.6533,0.6886
55951,27045,0.3467,0.3114
55953,27099,0.9321,0.948
55953,27047,0.0679,0.052
55954,27045,0.8759,0.9054
55954,27055,0.1241,0.0946
55955,27039,0.9688,0.9672
55955,27109,0.0312,0.0328
55956,27157,0.713,0.4989
55956,27049,0.2641,0.4669
55956,27109,0.0229,0.0342
55960,27109,0.9995,0.9998
55961,27099,0.7418,0.5397
55961,27045,0.2582,0.4603
55962,27045,0.9554,0.9641
55962,27169,0.0446,0.0359
55963,27049,0.4611,0.4782
55963,27109,0.3419,0.3416
55963,27039,0.197,0.1801
55964,27157,0.7902,0.9095
55964,27109,0.1055,0.055
55964,27169,0.1044,0.0355
55971,27045,0.4372,0.5452
55971,27169,0.3808,0.3282
55971,27055,0.182,0.1266
55972,27169,0.7366,0.8294
55972,27109,0.2634,0.1706
55973,27099,0.966,0.9391
55973,27039,0.034,0.0609
55974,27055,0.9601,0.9462
55974,27045,0.0399,0.0538
55975,27045,0.8808,0.9514
55975,27099,0.1192,0.0486
55976,27109,0.8307,0.9491
55976,27045,0.1539,0.0481
55976,27099,0.0154,0.0028
55979,27169,0.9226,0.9208
55979,27045,0.0774,0.0792
55985,27039,0.8912,0.9038
55985,27049,0.065,0.0553
55985,27147,0.0437,0.0409
55991,27157,0.991,0.981
55991,27109,0.009,0.019
56003,27103,0.9975,0.9939
56003,27013,0.0025,0.0061
56009,27047,0.9844,0.9909
56009,27043,0.0156,0.0091
56011,27139,0.6731,0.829
56011,27143,0.1664,0.0587
56011,27019,0.0932,0.0899
56011,27079,0.0672,0.0224
56013,27043,0.8999,0.9593
56013,27091,0.1001,0.0407
56019,27015,0.5849,0.6116
56019,27033,0.335,0.2844
56019,27165,0.0801,0.1041
56026,27147,0.6143,0.719
56026,27047,0.379,0.2766
56026,27161,0.0066,0.0044
56027,27043,0.7714,0.7959
56027,19109,0.1336,0.0996
56027,27091,0.095,0.1045
56028,27079,0.8978,0.9282
56028,27161,0.1022,0.0718
56039,27091,0.9807,0.9846
56039,27043,0.0193,0.0154
56041,27015,0.9899,0.9815
56041,27013,0.0101,0.0185
56044,27143,0.8323,0.6651
56044,27079,0.1677,0.3349
56048,27161,0.7575,0.7058
56048,27013,0.2425,0.2942
56050,27079,0.8982,0.7713
56050,27013,0.1018,0.2287
56052,27079,0.7242,0.7216
56052,27131,0.2758,0.2784
56054,27103,0.8353,0.7985
56054,27143,0.1647,0.2015
56058,27079,0.6308,0.7813
56058,27143,0.2555,0.1665
56058,27103,0.1137,0.0523
56060,27165,0.9408,0.9213
56060,27013,0.0592,0.0787
56062,27165,0.6409,0.6492
56062,27013,0.287,0.2988
56062,27015,0.0722,0.0519
56063,27013,0.5985,0.7276
56063,27079,0.3374,0.2393
56063,27161,0.064,0.033
56065,27013,0.9692,0.9764
56065,27043,0.0221,0.0135
56065,27161,0.0087,0.0101
56068,27013,0.4142,0.4567
56068,27043,0.3297,0.2191
56068,27161,0.2561,0.3242
56069,27079,0.6452,0.6857
56069,27131,0.3548,0.3143
56071,27079,0.4686,0.457
56071,27139,0.4129,0.49
56071,27131,0.1184,0.053
56072,27161,0.7789,0.8112
56072,27147,0.1402,0.1213
56072,27047,0.0784,0.066
56073,27015,0.5559,0.8813
56073,27103,0.3835,0.0949
56073,27013,0.0605,0.0238
56078,27013,0.5018,0.5708
56078,27161,0.4982,0.4292
56081,27165,0.959,0.9852
56081,27015,0.041,0.0148
56082,27103,0.8711,0.9195
56082,27079,0.1289,0.0805
56083,27127,0.4517,0.3698
56083,27033,0.3471,0.2266
56083,27015,0.2012,0.4036
56085,27015,0.9574,0.9867
56085,27127,0.0426,0.0133
56087,27015,0.7498,0.8765
56087,27127,0.2502,0.1235
56088,27091,0.6821,0.7325
56088,27165,0.2393,0.185
56088,27013,0.0787,0.0825
56093,27161,0.9315,0.9715
56093,27147,0.0612,0.0213
56093,27131,0.0073,0.0072
56096,27079,0.7968,0.8333
56096,27131,0.1063,0.0995
56096,27161,0.0969,0.0672
56097,27043,0.8178,0.8779
56097,27047,0.1546,0.1013
56097,27161,0.0276,0.0208
56098,27043,0.8039,0.8356
56098,27091,0.1961,0.1644
56101,27033,0.6324,0.8284
56101,27063,0.3676,0.1716
56111,27063,0.9363,0.8731
56111,27091,0.0637,0.1269
56113,27081,0.9383,0.9339
56113,27083,0.0617,0.0661
56115,27083,0.625,0.6615
56115,27101,0.375,0.3385
56118,27033,0.9066,0.9763
56118,27063,0.0934,0.0237
56119,27105,0.5892,0.7515
56119,27063,0.4108,0.2485
56122,27101,0.9019,0.9178
56122,27105,0.0981,0.0822
56128,27117,0.5877,0.7479
56128,27133,0.197,0.0787
56128,27101,0.1234,0.1075
56128,27105,0.0919,0.0659
56129,27105,0.528,0.4409
56129,27133,0.472,0.5591
56131,27101,0.4567,0.5564
56131,27105,0.3969,0.2699
56131,27033,0.1415,0.1704
56132,27083,0.5628,0.6016
56132,27101,0.4372,0.3984
56136,27081,0.7887,0.7652
56136,46011,0.2113,0.2348
56137,27063,0.6438,0.4996
56137,27033,0.3562,0.5004
56141,27101,0.9165,0.9483
56141,27105,0.0835,0.0517
56144,27133,0.4806,0.384
56144,27117,0.388,0.5102
56144,46101,0.1314,0.1057
56147,27133,0.5354,0.3909
56147,27105,0.4646,0.6091
56149,27081,0.957,0.9803
56149,27117,0.043,0.0197
56152,27127,0.6246,0.6771
56152,27033,0.3754,0.3229
56158,27133,0.7562,0.793
56158,27105,0.2438,0.207
56159,27033,0.8602,0.9578
56159,27063,0.1398,0.0422
56160,27091,0.5024,0.6391
56160,27063,0.2968,0.1773
56160,27165,0.2008,0.1836
56162,27091,0.6423,0.7141
56162,27165,0.3577,0.2859
56164,27117,0.8731,0.9285
56164,27081,0.0933,0.062
56164,46101,0.0336,0.0095
56166,27127,0.514,0.6148
56166,27033,0.486,0.3852
56167,27063,0.7993,0.7616
56167,27105,0.2007,0.2384
56170,27117,0.5,0.3845
56170,27101,0.38,0.4209
56170,27083,0.0715,0.0928
56170,27081,0.0485,0.1018
56175,27083,0.557,0.8235
56175,27127,0.2273,0.0925
56175,27101,0.2158,0.084
56178,27081,0.8555,0.8887
56178,27083,0.1445,0.1113
56180,27127,0.7134,0.7369
56180,27101,0.1592,0.1322
56180,27033,0.1274,0.1309
56183,27033,0.7357,0.6781
56183,27101,0.2643,0.3219
56186,27117,0.6056,0.6552
56186,27101,0.3944,0.3448
56187,27105,0.9237,0.989
56187,27063,0.0763,0.011
56207,27149,0.9397,0.8686
56207,27151,0.0603,0.1314
56208,27151,0.8214,0.8208
56208,27073,0.1107,0.1495
56208,27011,0.0461,0.0197
56208,27023,0.0218,0.0099
56209,27067,0.7994,0.8003
56209,27093,0.2006,0.1997
56211,27011,0.5644,0.7344
56211,27155,0.4356,0.2656
56214,27127,0.845,0.8465
56214,27173,0.155,0.1535
56215,27151,0.925,0.965
56215,27121,0.075,0.035
56218,27073,0.6165,0.7402
56218,27173,0.3835,0.2598
56219,46109,0.5524,0.6601
56219,27155,0.3611,0.2249
56219,27011,0.0865,0.115
56220,27173,0.681,0.8251
56220,27073,0.1932,0.0805
56220,27081,0.1235,0.0934
56221,27149,0.8777,0.8854
56221,27011,0.1013,0.098
56221,27155,0.021,0.0167
56226,27121,0.5061,0.6636
56226,27151,0.4939,0.3364
56228,27093,0.9293,0.9259
56228,27129,0.0707,0.0741
56229,27083,0.7802,0.8778
56229,27173,0.2198,0.1222
56236,27155,0.939,0.9268
56236,27011,0.061,0.0732
56240,27011,0.6382,0.7681
56240,27155,0.3618,0.2319
56241,27173,0.6796,0.6634
56241,27023,0.2226,0.285
56241,27129,0.0978,0.0515
56244,27149,0.6019,0.7594
56244,27121,0.3326,0.2034
56244,27151,0.0654,0.0372
56248,27051,0.6831,0.7268
56248,27149,0.178,0.1322
56248,27155,0.1389,0.1411
56252,27151,0.5956,0.5672
56252,27023,0.322,0.1587
56252,27067,0.0824,0.2741
56257,27073,0.95,0.9516
56257,46039,0.05,0.0484
56258,27083,0.9602,0.9943
56258,27127,0.0398,0.0057
56260,27023,0.8735,0.9143
56260,27129,0.1265,0.0857
56262,27023,0.8026,0.7455
56262,27151,0.1974,0.2545
56263,27127,0.8398,0.8371
56263,27083,0.1602,0.1629
56264,27083,0.7,0.8104
56264,27173,0.2571,0.162
56264,27081,0.0429,0.0277
56265,27023,0.7581,0.8794
56265,27073,0.1815,0.0855
56265,27173,0.0604,0.035
56266,27127,0.7568,0.5613
56266,27015,0.2432,0.4387
56270,27129,0.6318,0.6314
56270,27127,0.3682,0.3686
56271,27151,0.821,0.8971
56271,27023,0.179,0.1029
56274,27051,0.6253,0.6361
56274,27155,0.3747,0.3639
56276,27011,0.5069,0.5465
56276,27073,0.4931,0.4535
56278,27011,0.894,0.9784
56278,27073,0.106,0.0216
56280,27081,0.5035,0.503
56280,27173,0.4965,0.497
56282,27067,0.6718,0.8028
56282,27023,0.3282,0.1972
56283,27127,0.8393,0.9513
56283,27129,0.1607,0.0487
56284,27129,0.8791,0.823
56284,27067,0.0901,0.1485
56284,27127,0.0308,0.0285
56289,27067,0.6955,0.8175
56289,27151,0.3045,0.1825
56291,27173,0.4242,0.2925
56291,27083,0.3136,0.5226
56291,27081,0.2622,0.1849
56292,27127,0.9649,0.9607
56292,27173,0.0351,0.0393
56297,27173,0.9392,0.9473
56297,27127,0.0608,0.0527
56304,27141,0.8672,0.721
56304,27009,0.1328,0.279
56307,27145,0.993,0.9959
56307,27097,0.007,0.0041
56308,27041,0.9863,0.9963
56308,27121,0.0137,0.0037
56309,27051,0.5611,0.5339
56309,27111,0.3791,0.3857
56309,27041,0.0598,0.0804
56312,27145,0.7431,0.653
56312,27067,0.2569,0.347
56314,27097,0.9024,0.7881
56314,27145,0.0976,0.2119
56315,27041,0.9717,0.9803
56315,27111,0.0283,0.0197
56316,27121,0.5174,0.3812
56316,27145,0.3684,0.4486
56316,27067,0.1142,0.1702
56318,27153,0.6805,0.7079
56318,27097,0.3195,0.2921
56319,27041,0.8067,0.9004
56319,27153,0.1933,0.0996
56323,27121,0.8185,0.8827
56323,27149,0.1815,0.1173
56324,27111,0.9801,0.9808
56324,27051,0.0199,0.0192
56326,27041,0.8833,0.9166
56326,27111,0.0939,0.069
56326,27051,0.0228,0.0144
56327,27121,0.5618,0.2201
56327,27041,0.4382,0.7799
56329,27009,0.8804,0.921
56329,27097,0.116,0.0741
56330,27095,0.6252,0.7824
56330,27009,0.3748,0.2176
56331,27145,0.9886,0.9903
56331,27097,0.0114,0.0097
56334,27121,0.993,0.9879
56334,27041,0.007,0.0121
56336,27153,0.9722,0.9386
56336,27145,0.0278,0.0614
56338,27097,0.958,0.9393
56338,27035,0.042,0.0607
56339,27051,0.8601,0.6564
56339,27041,0.1399,0.3436
56340,27145,0.7151,0.8102
56340,27097,0.2849,0.1898
56342,27001,0.4024,0.1716
56342,27065,0.3862,0.2677
56342,27095,0.2113,0.5607
56343,27041,0.6566,0.8807
56343,27121,0.177,0.0724
56343,27149,0.1091,0.0267
56343,27051,0.0574,0.0201
56347,27153,0.9661,0.9856
56347,27097,0.0339,0.0144
56349,27121,0.8775,0.8513
56349,27041,0.1225,0.1487
56353,27095,0.9455,0.9599
56353,27059,0.0271,0.0215
56353,27065,0.0262,0.0181
56357,27009,0.7936,0.7936
56357,27095,0.2064,0.2064
56358,27065,0.8237,0.887
56358,27095,0.1322,0.0634
56358,27059,0.0441,0.0496
56360,27153,0.5335,0.3568
56360,27041,0.4665,0.6432
56361,27111,0.8329,0.7628
56361,27041,0.1671,0.2372
56362,27145,0.761,0.9069
56362,27093,0.1383,0.0479
56362,27067,0.1007,0.0453
56364,27097,0.9542,0.9308
56364,27035,0.0458,0.0692
56367,27009,0.8254,0.7663
56367,27145,0.1746,0.2337
56373,27097,0.9063,0.8812
56373,27009,0.0937,0.1188
56377,27145,0.966,0.9662
56377,27009,0.034,0.0338
56378,27145,0.7222,0.8048
56378,27153,0.2778,0.1952
56379,27009,0.995,0.9983
56379,27141,0.005,0.0017
56382,27097,0.7579,0.7519
56382,27153,0.2421,0.2481
56385,27121,0.8277,0.5484
56385,27145,0.1448,0.3679
56385,27041,0.0274,0.0837
56401,27035,0.9452,0.9279
56401,27021,0.0548,0.0721
56431,27001,0.8474,0.7615
56431,27035,0.1526,0.2385
56433,27057,0.7037,0.7234
56433,27021,0.2963,0.2766
56434,27153,0.8373,0.7929
56434,27159,0.1627,0.2071
56435,27021,0.993,0.9867
56435,27035,0.007,0.0133
56437,27153,0.8852,0.8714
56437,27111,0.1148,0.1286
56443,27097,0.6907,0.7733
56443,27153,0.3093,0.2267
56446,27153,0.83,0.8417
56446,27111,0.1233,0.0997
56446,27041,0.0466,0.0586
56448,27035,0.6314,0.7808
56448,27021,0.3686,0.2192
56449,27035,0.6663,0.6507
56449,27097,0.3337,0.3493
56450,27035,0.9238,0.9052
56450,27095,0.0762,0.0948
56453,27111,0.5902,0.6965
56453,27153,0.4098,0.3035
56461,27057,0.9737,0.9474
56461,27021,0.0263,0.0526
56464,27159,0.4668,0.4512
56464,27005,0.3436,0.2368
56464,27057,0.1389,0.2598
56464,27111,0.0419,0.0442
56464,27021,0.0089,0.008
56466,27021,0.7113,0.5897
56466,27097,0.181,0.2553
56466,27153,0.1077,0.155
56468,27035,0.5318,0.8555
56468,27021,0.4682,0.1445
56470,27057,0.6622,0.8933
56470,27005,0.2315,0.0799
56470,27029,0.1001,0.0236
56470,27159,0.0062,0.0032
56472,27021,0.6259,0.1977
56472,27035,0.3741,0.8023
56473,27021,0.8066,0.8926
56473,27097,0.1934,0.1074
56474,27021,0.719,0.4334
56474,27035,0.281,0.5666
56477,27159,0.6751,0.6158
56477,27111,0.2107,0.2949
56477,27021,0.1143,0.0893
56479,27153,0.362,0.5833
56479,27159,0.3195,0.2113
56479,27021,0.3186,0.2054
56481,27159,0.7414,0.8294
56481,27153,0.1823,0.1179
56481,27021,0.0762,0.0527
56482,27159,0.5442,0.7208
56482,27111,0.4448,0.2761
56482,27153,0.011,0.0031
56484,27021,0.9963,0.9981
56501,27005,0.9384,0.9739
56501,27111,0.0616,0.0261
56514,27027,0.6177,0.7915
56514,27167,0.3583,0.1179
56514,27111,0.024,0.0905
56516,27087,0.8804,0.9275
56516,27107,0.1196,0.0725
56517,27119,0.9562,0.959
56517,27107,0.0438,0.041
56519,27107,0.601,0.6414
56519,27027,0.399,0.3586
56522,27167,0.8764,0.6242
56522,27111,0.1236,0.3758
56535,27119,0.8725,0.9396
56535,27125,0.1275,0.0604
56540,27119,0.7346,0.8088
56540,27107,0.2654,0.1912
56542,27119,0.8048,0.8849
56542,27087,0.1952,0.1151
56544,27005,0.7913,0.8547
56544,27111,0.2087,0.1453
56552,27027,0.7316,0.6506
56552,27005,0.2684,0.3494
56554,27005,0.9222,0.9491
56554,27027,0.0778,0.0509
56557,27087,0.934,0.9476
56557,27107,0.0398,0.0301
56557,27029,0.0263,0.0223
56560,27027,0.9875,0.9997
56560,27167,0.0125,0.0003
56565,27167,0.7499,0.4179
56565,27051,0.2501,0.5821
56568,27119,0.9331,0.9305
56568,27107,0.0669,0.0695
56572,27111,0.9117,0.959
56572,27027,0.0462,0.0177
56572,27005,0.0362,0.0227
56572,27167,0.0059,0.0006
56574,27107,0.9856,0.99
56574,27027,0.0144,0.01
56579,27167,0.7344,0.3433
56579,27111,0.2656,0.6567
56583,27155,0.7171,0.8327
56583,27167,0.2829,0.1673
56585,27027,0.6677,0.5827
56585,27005,0.3246,0.4146
56585,27107,0.0078,0.0026
56589,27087,0.6162,0.5986
56589,27005,0.2418,0.267
56589,27029,0.142,0.1344
56590,27051,0.9938,0.992
56590,27111,0.0062,0.008
56592,27119,0.8978,0.9105
56592,27087,0.1022,0.0895
56601,27007,0.8319,0.9571
56601,27057,0.1681,0.0429
56621,27029,0.9798,0.9827
56621,27119,0.0173,0.0158
56623,27077,0.8273,0.9549
56623,27071,0.1727,0.0451
56630,27007,0.7078,0.8052
56630,27061,0.2922,0.1948
56633,27021,0.8168,0.726
56633,27007,0.1027,0.1605
56633,27057,0.0806,0.1135
56636,27061,0.7242,0.8334
56636,27021,0.2758,0.1666
56639,27061,0.5193,0.8427
56639,27071,0.4807,0.1573
56644,27029,0.9491,0.9091
56644,27119,0.0509,0.0909
56646,27119,0.9153,0.9528
56646,27029,0.0847,0.0472
56649,27071,0.6235,0.9807
56649,27137,0.3765,0.0193
56651,27087,0.8248,0.7194
56651,27119,0.1752,0.2806
56652,27029,0.8796,0.7359
56652,27007,0.1204,0.2641
56661,27071,0.5066,0.2563
56661,27061,0.4278,0.6893
56661,27007,0.0656,0.0544
56669,27071,0.9242,0.9765
56669,27137,0.0758,0.0235
56671,27029,0.5836,0.6702
56671,27007,0.4164,0.3298
56673,27077,0.8119,0.6646
56673,27135,0.1881,0.3354
56676,27029,0.622,0.4291
56676,27007,0.378,0.5709
56678,27007,0.5258,0.6696
56678,27057,0.4282,0.3162
56678,27029,0.046,0.0142
56684,27119,0.6211,0.7763
56684,27113,0.3302,0.1937
56684,27125,0.0487,0.03
56701,27113,0.7436,0.9697
56701,27089,0.238,0.028
56701,27119,0.0185,0.0022
56710,27089,0.8127,0.9274
56710,27119,0.1873,0.0726
56715,27125,0.9592,0.9205
56715,27119,0.0408,0.0795
56716,27119,0.985,0.9914
56716,27125,0.015,0.0086
56724,27089,0.9838,0.9688
56724,27135,0.0162,0.0312
56725,27113,0.4247,0.5179
56725,27089,0.301,0.2188
56725,27007,0.2743,0.2633
56727,27007,0.8535,0.8038
56727,27089,0.1465,0.1962
56732,27069,0.7046,0.6761
56732,27089,0.1815,0.2096
56732,27135,0.1139,0.1144
56735,27069,0.8129,0.8382
56735,27135,0.1871,0.1618
56736,27119,0.8448,0.9097
56736,27125,0.1552,0.0903
56742,27125,0.6882,0.6685
56742,27113,0.2712,0.2514
56742,27119,0.0406,0.0801
56744,27089,0.4994,0.5487
56744,27119,0.2361,0.177
56744,38099,0.2278,0.2332
56744,38035,0.0367,0.0411
56748,27125,0.8054,0.8313
56748,27113,0.1946,0.1687
56750,27125,0.7934,0.8547
56750,27113,0.1387,0.1039
56750,27119,0.0679,0.0414
56754,27113,0.9101,0.8488
56754,27125,0.0899,0.1512
56757,27089,0.9498,0.9554
56757,27069,0.0502,0.0446
56759,27135,0.6485,0.6954
56759,27089,0.3515,0.3046
56762,27119,0.5181,0.2385
56762,27089,0.4819,0.7615
57001,46127,0.9344,0.9499
57001,46083,0.0656,0.0501
57002,46011,0.9238,0.9446
57002,46101,0.0762,0.0554
57004,46083,0.4695,0.4712
57004,46127,0.2656,0.3548
57004,46027,0.2649,0.174
57006,46011,0.8903,0.9918
57006,46101,0.1097,0.0082
57010,46027,0.6888,0.6639
57010,46127,0.3112,0.3361
57014,46125,0.4251,0.4996
57014,46027,0.33,0.2345
57014,46083,0.2449,0.2659
57015,46125,0.9798,0.9559
57015,46099,0.0202,0.0441
57017,46101,0.9908,0.969
57017,46079,0.0092,0.031
57018,46099,0.9646,0.9271
57018,46079,0.0354,0.0729
57022,46099,0.5121,0.8914
57022,46101,0.4596,0.0896
57022,46079,0.0283,0.0191
57026,46011,0.5676,0.5861
57026,46101,0.1996,0.1464
57026,27081,0.136,0.2065
57026,27117,0.0968,0.0611
57029,46067,0.7672,0.7061
57029,46125,0.2328,0.2939
57030,46099,0.8993,0.9726
57030,27133,0.1007,0.0274
57031,46135,0.7674,0.7568
57031,46027,0.2326,0.2432
57034,46083,0.8364,0.7903
57034,46127,0.0865,0.1088
57034,19167,0.0771,0.101
57035,46099,0.9232,0.9742
57035,46087,0.0768,0.0258
57037,46135,0.8211,0.7549
57037,46125,0.111,0.1789
57037,46027,0.0679,0.0662
57039,46083,0.9211,0.9664
57039,46125,0.0789,0.0336
57040,46135,0.9662,0.9315
57040,46009,0.0338,0.0685
57042,46079,0.992,0.9981
57042,46087,0.008,0.0019
57043,46125,0.8546,0.9105
57043,46087,0.111,0.0642
57043,46067,0.0344,0.0253
57045,46067,0.6934,0.735
57045,46135,0.2849,0.2337
57045,46125,0.0217,0.0313
57047,46087,0.7702,0.6424
57047,46125,0.2298,0.3576
57048,46087,0.9017,0.8512
57048,46099,0.0983,0.1488
57051,46077,0.7774,0.8283
57051,46097,0.1762,0.1288
57051,46079,0.0464,0.043
57053,46125,0.9205,0.9207
57053,46087,0.0584,0.0316
57053,46099,0.0211,0.0477
57054,46079,0.9913,0.9931
57054,46097,0.0087,0.0069
57057,46079,0.9396,0.9282
57057,46101,0.0604,0.0718
57058,46087,0.9557,0.9745
57058,46079,0.0254,0.0161
57058,46097,0.0188,0.0094
57059,46009,0.7841,0.919
57059,46067,0.2159,0.081
57063,46009,0.7767,0.8797
57063,46135,0.2233,0.1203
57064,46083,0.8568,0.9706
57064,46125,0.1432,0.0294
57068,46099,0.9319,0.9802
57068,27133,0.0681,0.0198
57070,46125,0.8807,0.9283
57070,46135,0.1193,0.0717
57071,46011,0.9191,0.9564
57071,46079,0.0648,0.0335
57071,46101,0.0162,0.0101
57072,46135,0.7205,0.7085
57072,46027,0.2795,0.2915
57073,46027,0.9558,0.9289
57073,46125,0.0442,0.0711
57075,46079,0.9764,0.9915
57075,46101,0.0236,0.0085
57076,46079,0.5341,0.5922
57076,46097,0.4659,0.4078
57106,46099,0.666,0.8826
57106,46083,0.334,0.1174
57108,46083,0.9868,0.9659
57108,46099,0.0132,0.0341
57201,46029,0.9907,0.9985
57201,46057,0.0093,0.0015
57212,46077,0.556,0.4206
57212,46011,0.4308,0.5698
57212,46079,0.0086,0.0057
57213,46039,0.7523,0.5852
57213,46011,0.2477,0.4148
57216,46051,0.6658,0.8156
57216,46109,0.3342,0.1844
57221,46057,0.733,0.8233
57221,46025,0.267,0.1767
57223,46057,0.9762,0.9904
57223,46039,0.0238,0.0096
57226,46039,0.9631,0.9645
57226,46057,0.0369,0.0355
57227,46109,0.9279,0.8177
57227,46051,0.0721,0.1823
57234,46039,0.5021,0.2815
57234,46057,0.4345,0.6277
57234,46011,0.0634,0.0909
57235,46029,0.9482,0.9486
57235,46037,0.0518,0.0514
57238,46039,0.6326,0.426
57238,46029,0.3188,0.4898
57238,46057,0.0485,0.0842
57242,46057,0.797,0.8095
57242,46029,0.203,0.1905
57243,46029,0.8699,0.9062
57243,46025,0.1143,0.076
57243,46057,0.0158,0.0178
57248,46057,0.8136,0.8447
57248,46077,0.1864,0.1553
57252,46051,0.964,0.9756
57252,46109,0.036,0.0244
57255,46109,0.9552,0.9364
57255,38077,0.0448,0.0636
57256,46051,0.6227,0.4955
57256,46109,0.1996,0.2509
57256,46037,0.1303,0.1855
57256,46029,0.0474,0.0681
57258,46025,0.9338,0.9562
57258,46115,0.0662,0.0438
57259,46051,0.6128,0.5474
57259,46039,0.3872,0.4526
57262,46109,0.92,0.9654
57262,46091,0.08,0.0346
57263,46029,0.6559,0.8347
57263,46051,0.3441,0.1653
57265,46051,0.5991,0.5062
57265,46039,0.3653,0.4038
57265,46029,0.0357,0.09
57266,46051,0.5221,0.4088
57266,46109,0.4779,0.5912
57268,46039,0.7794,0.6141
57268,46011,0.2206,0.3859
57270,46091,0.866,0.8829
57270,46109,0.134,0.1171
57271,46025,0.83,0.7422
57271,46057,0.17,0.2578
57272,46029,0.6146,0.7142
57272,46025,0.3854,0.2858
57273,46037,0.7491,0.7717
57273,46109,0.2509,0.2283
57274,46037,0.927,0.9701
57274,46025,0.073,0.0299
57301,46035,0.7738,0.9792
57301,46061,0.2262,0.0208
57311,46061,0.9904,0.9862
57311,46067,0.0096,0.0138
57312,46005,0.5446,0.5243
57312,46073,0.4243,0.4412
57312,46111,0.0311,0.0344
57313,46043,0.6575,0.6275
57313,46023,0.3425,0.3725
57315,46009,0.9601,0.9599
57315,46023,0.0399,0.0401
57319,46087,0.7082,0.6442
57319,46067,0.2582,0.2988
57319,46125,0.0336,0.057
57321,46097,0.7627,0.6285
57321,46087,0.1706,0.2938
57321,46061,0.0666,0.0777
57322,46005,0.4368,0.415
57322,46025,0.3612,0.4297
57322,46115,0.2019,0.1554
57323,46097,0.7392,0.688
57323,46077,0.2278,0.2845
57323,46111,0.0329,0.0275
57325,46015,0.6424,0.9384
57325,46017,0.3576,0.0616
57328,46043,0.9756,0.9875
57328,46003,0.0244,0.0125
57330,46043,0.6066,0.5834
57330,46023,0.2595,0.3321
57330,46067,0.1339,0.0845
57331,46067,0.658,0.8419
57331,46043,0.2327,0.1149
57331,46035,0.1094,0.0431
57332,46061,0.5119,0.4388
57332,46067,0.3261,0.4036
57332,46087,0.1619,0.1575
57334,46035,0.5165,0.3838
57334,46061,0.3566,0.3101
57334,46067,0.1269,0.3061
57337,46097,0.9448,0.9502
57337,46111,0.0552,0.0498
57340,46061,0.847,0.8868
57340,46097,0.153,0.1132
57341,46017,0.9618,0.9463
57341,46015,0.0382,0.0537
57348,46005,0.5835,0.6464
57348,46115,0.4165,0.3536
57350,46005,0.9923,0.9993
57350,46111,0.0077,0.0007
57353,46077,0.5573,0.7034
57353,46005,0.4127,0.2718
57353,46025,0.03,0.0248
57355,46015,0.8893,0.8765
57355,46073,0.0703,0.0957
57355,46017,0.0404,0.0279
57359,46111,0.7622,0.7551
57359,46003,0.1492,0.1266
57359,46035,0.0886,0.1183
57362,46059,0.9694,0.9794
57362,46017,0.0306,0.0206
57363,46035,0.9127,0.9363
57363,46111,0.0627,0.0477
57363,46003,0.0247,0.0161
57366,46067,0.8889,0.9222
57366,46043,0.1111,0.0778
57369,46023,0.7382,0.8331
57369,46015,0.2301,0.1294
57369,46043,0.0219,0.0306
57369,46003,0.0098,0.0069
57370,46015,0.7818,0.8742
57370,46017,0.2182,0.1258
57371,46059,0.9748,0.9511
57371,46069,0.0252,0.0489
57374,46087,0.5427,0.6369
57374,46061,0.4573,0.3631
57375,46003,0.9857,0.9776
57375,46035,0.0143,0.0224
57376,46067,0.7813,0.6386
57376,46009,0.2187,0.3614
57381,46059,0.6131,0.2813
57381,46005,0.3869,0.7187
57382,46073,0.8488,0.8581
57382,46003,0.118,0.1088
57382,46005,0.0332,0.0331
57383,46003,0.9545,0.9635
57383,46015,0.0455,0.0365
57385,46111,0.6597,0.6757
57385,46073,0.3022,0.2909
57385,46003,0.0381,0.0335
57422,46037,0.9552,0.9128
57422,46013,0.0448,0.0872
57424,46115,0.931,0.9461
57424,46049,0.069,0.0539
57428,46045,0.6291,0.6232
57428,46129,0.3709,0.3768
57430,46091,0.9913,0.9928
57430,38081,0.0087,0.0072
57432,46013,0.7618,0.6762
57432,46091,0.2382,0.3238
57434,46115,0.5642,0.4367
57434,46025,0.1751,0.2095
57434,46013,0.1739,0.2841
57434,46037,0.0868,0.0696
57435,46049,0.7654,0.6014
57435,46045,0.2346,0.3986
57437,46089,0.691,0.6775
57437,46021,0.309,0.3225
57442,46107,0.8407,0.9496
57442,46041,0.1381,0.0375
57442,46119,0.0212,0.0129
57448,46089,0.5845,0.5481
57448,46045,0.4155,0.4519
57450,46107,0.6511,0.6707
57450,46129,0.3489,0.3293
57451,46045,0.9247,0.9435
57451,46013,0.0753,0.0565
57452,46129,0.7093,0.7317
57452,46021,0.2907,0.2683
57454,46091,0.6971,0.8212
57454,46037,0.3029,0.1788
57456,46089,0.9724,0.9479
57456,46045,0.0276,0.0521
57460,46013,0.5903,0.675
57460,46045,0.2015,0.2068
57460,46115,0.111,0.0721
57460,46049,0.0972,0.0461
57461,46115,0.9816,0.9654
57461,46013,0.0184,0.0346
57465,46115,0.6096,0.6813
57465,46049,0.3904,0.3187
57466,46049,0.7633,0.7135
57466,46045,0.2367,0.2865
57467,46059,0.9009,0.7951
57467,46049,0.0991,0.2049
57469,46115,0.7701,0.9742
57469,46059,0.1713,0.0143
57469,46049,0.0586,0.0115
57470,46059,0.599,0.3893
57470,46049,0.401,0.6107
57471,46045,0.9622,0.9704
57471,46089,0.0378,0.0296
57472,46129,0.9949,0.9954
57472,46021,0.0051,0.0046
57473,46049,0.8158,0.7534
57473,46107,0.1842,0.2466
57474,46013,0.8216,0.9067
57474,46115,0.1784,0.0933
57475,46107,0.5206,0.5486
57475,46045,0.4794,0.4514
57476,46115,0.7569,0.909
57476,46059,0.2431,0.091
57481,46013,0.5645,0.5937
57481,46089,0.3129,0.231
57481,46045,0.1227,0.1754
57501,46065,0.5818,0.9712
57501,46119,0.4182,0.0288
57521,46095,0.5028,0.5189
57521,46071,0.4972,0.4811
57522,46065,0.6918,0.8288
57522,46119,0.3082,0.1712
57529,46123,0.7016,0.4625
57529,46053,0.2984,0.5375
57531,46075,0.9798,0.954
57531,46117,0.0202,0.046
57532,46117,0.8467,0.8446
57532,46085,0.1533,0.1554
57533,46053,0.7243,0.8757
57533,46085,0.2652,0.1194
57533,46123,0.0105,0.0049
57534,46123,0.7961,0.8014
57534,46085,0.2039,0.1986
57536,46065,0.7129,0.8427
57536,46119,0.2871,0.1573
57537,46117,0.8414,0.9113
57537,46055,0.1586,0.0887
57544,46085,0.9394,0.9415
57544,46123,0.0606,0.0585
57552,46055,0.7138,0.6386
57552,46117,0.1462,0.2532
57552,46075,0.1035,0.0769
57552,46071,0.0365,0.0313
57559,46075,0.9917,0.9898
57559,46095,0.0083,0.0102
57560,46095,0.5618,0.586
57560,46007,0.2503,0.2292
57560,46071,0.1879,0.1848
57564,46119,0.9774,0.9755
57564,46069,0.0226,0.0245
57566,46121,0.9075,0.96
57566,46095,0.0925,0.04
57567,46055,0.7386,0.7465
57567,46071,0.2614,0.2535
57576,46085,0.9131,0.9539
57576,46075,0.0869,0.0461
57577,46071,0.961,0.9636
57577,46007,0.039,0.0364
57580,46123,0.7963,0.9039
57580,46121,0.1714,0.0884
57580,46095,0.0323,0.0077
57601,46041,0.8534,0.0723
57601,46031,0.0894,0.0243
57601,46129,0.0572,0.9034
57625,46041,0.7743,0.8896
57625,46137,0.2257,0.1104
57626,46105,0.3913,0.4261
57626,46093,0.329,0.3484
57626,46137,0.2797,0.2255
57631,46129,0.5197,0.5473
57631,46021,0.4803,0.4527
57633,46031,0.4433,0.3966
57633,46137,0.3449,0.385
57633,46041,0.2118,0.2184
57638,46105,0.6018,0.4582
57638,38001,0.2533,0.4339
57638,38037,0.0513,0.0575
57638,38085,0.0469,0.0294
57638,46031,0.0468,0.0211
57641,46031,0.6243,0.4986
57641,38085,0.2783,0.3083
57641,38037,0.0974,0.1931
57642,46031,0.9704,0.9197
57642,38085,0.0296,0.0803
57644,46105,0.6325,0.7237
57644,46031,0.2077,0.1409
57644,46137,0.1598,0.1354
57645,46031,0.5191,0.3509
57645,38037,0.268,0.4494
57645,38085,0.2129,0.1996
57648,38029,0.511,0.5171
57648,46021,0.489,0.4829
57649,46105,0.7565,0.882
57649,46063,0.2435,0.118
57651,46063,0.8503,0.7026
57651,46105,0.1497,0.2974
57656,46041,0.6363,0.6685
57656,46031,0.3637,0.3315
57657,46031,0.7757,0.75
57657,46041,0.2243,0.25
57660,46031,0.8803,0.8413
57660,38085,0.1197,0.1587
57701,46103,0.643,0.9925
57701,46093,0.357,0.0075
57702,46103,0.9431,0.9548
57702,46093,0.0569,0.0452
57706,46093,0.934,0.0006
57706,46103,0.066,0.9994
57714,46007,0.9298,0.9249
57714,46071,0.0702,0.0751
57716,46102,0.9224,0.9877
57716,46007,0.0776,0.0123
57717,46019,0.6546,0.8818
57717,56011,0.1518,0.0552
57717,30011,0.1017,0.0094
57717,46063,0.0863,0.0064
57717,46081,0.0056,0.0472
57718,46093,0.9873,0.9781
57718,46103,0.0127,0.0219
57719,46093,0.7654,0.0357
57719,46103,0.2346,0.9643
57722,46102,0.5451,0.2805
57722,46033,0.3118,0.6204
57722,46047,0.143,0.0991
57724,46063,0.6264,0.574
57724,30011,0.3736,0.426
57730,46033,0.9166,0.9473
57730,46103,0.0834,0.0527
57732,46081,0.8979,0.9441
57732,46103,0.1021,0.0559
57735,46047,0.7743,0.5637
57735,46033,0.2069,0.4326
57735,31165,0.0188,0.0037
57744,46033,0.6364,0.5369
57744,46103,0.215,0.4307
57744,46102,0.1487,0.0324
57747,46047,0.729,0.8951
57747,46033,0.271,0.1049
57748,46093,0.5563,0.6221
57748,46137,0.4437,0.3779
57750,46071,0.9805,0.9643
57750,46103,0.0195,0.0357
57751,46103,0.6661,0.892
57751,46033,0.3339,0.108
57752,46102,0.8277,0.9113
57752,46071,0.1395,0.0727
57752,46007,0.0328,0.0159
57758,46093,0.6333,0.6138
57758,46019,0.1884,0.2085
57758,46105,0.1783,0.1777
57760,46019,0.9822,0.9932
57760,46063,0.0178,0.0068
57761,46093,0.6669,0.3639
57761,46103,0.3331,0.6361
57767,46093,0.5063,0.3599
57767,46103,0.4937,0.6401
57775,46103,0.456,0.6035
57775,46055,0.4027,0.2966
57775,46071,0.1414,0.0999
57779,46081,0.9633,0.98
57779,46019,0.0367,0.02
57780,46103,0.9108,0.8934
57780,46102,0.0892,0.1066
57783,46081,0.9627,0.9736
57783,46019,0.0373,0.0264
57785,46093,0.9406,0.8347
57785,46081,0.0594,0.1653
57788,46019,0.5899,0.1718
57788,46093,0.4101,0.8282
57790,46103,0.9806,0.9895
57790,46071,0.0194,0.0105
57791,46093,0.7054,0.5676
57791,46103,0.2946,0.4324
57793,46081,0.5433,0.6907
57793,46093,0.3851,0.3051
57793,46019,0.0716,0.0042
58016,38097,0.5463,0.5671
58016,38091,0.4537,0.4329
58027,38073,0.4478,0.5005
58027,38017,0.4116,0.3496
58027,38003,0.1406,0.1499
58030,38077,0.9867,0.9875
58030,27167,0.0133,0.0125
58031,38017,0.538,0.4812
58031,38003,0.462,0.5188
58035,38097,0.4222,0.399
58035,38017,0.3373,0.3921
58035,38091,0.2405,0.2089
58038,38097,0.5991,0.5286
58038,38017,0.4009,0.4714
58041,38077,0.9922,0.9942
58041,46109,0.0078,0.0058
58043,38081,0.9508,0.9411
58043,46091,0.0492,0.0589
58046,38091,0.8537,0.8291
58046,38003,0.1295,0.1549
58046,38017,0.0168,0.016
58047,38017,0.9737,0.9963
58047,38077,0.0263,0.0037
58048,38017,0.7612,0.8095
58048,38097,0.2388,0.1905
58049,38003,0.6966,0.7304
58049,38073,0.2279,0.1739
58049,38045,0.0754,0.0956
58051,38017,0.5932,0.6937
58051,38077,0.4068,0.3063
58052,38017,0.5593,0.5623
58052,38077,0.3295,0.3193
58052,38073,0.1112,0.1184
58053,38077,0.7109,0.7832
58053,38081,0.2093,0.1534
58053,46109,0.0593,0.0451
58053,46091,0.0205,0.0182
58056,38091,0.4447,0.3855
58056,38003,0.4383,0.4683
58056,38039,0.117,0.1462
58057,38077,0.5854,0.5467
58057,38073,0.4146,0.4533
58060,38081,0.581,0.5552
58060,38073,0.4152,0.441
58062,38003,0.5888,0.6491
58062,38073,0.4112,0.3509
58064,38017,0.7442,0.7011
58064,38003,0.2388,0.2826
58064,38091,0.017,0.0163
58068,38073,0.9822,0.9916
58068,38017,0.0178,0.0084
58069,38081,0.9553,0.975
58069,38073,0.0447,0.025
58071,38017,0.5608,0.5042
58071,38003,0.4392,0.4958
58081,38077,0.9972,0.9977
58212,38063,0.4713,0.4522
58212,38039,0.3407,0.3451
58212,38035,0.124,0.1578
58212,38091,0.064,0.045
58220,38067,0.9179,0.9847
58220,38019,0.0821,0.0153
58225,38067,0.6589,0.7007
58225,38099,0.2275,0.2032
58225,27069,0.1136,0.0962
58227,38099,0.4924,0.2844
58227,38067,0.3955,0.6831
58227,38019,0.1122,0.0324
58229,38099,0.6077,0.7215
58229,38019,0.328,0.2011
58229,38071,0.0642,0.0774
58231,38099,0.5987,0.5213
58231,38035,0.4013,0.4787
58233,38099,0.6157,0.5814
58233,38035,0.3843,0.4186
58240,38091,0.4732,0.2463
58240,38097,0.3332,0.4427
58240,38035,0.1936,0.311
58243,38099,0.7949,0.6693
58243,38067,0.2051,0.3307
58260,38019,0.9832,0.9679
58260,38099,0.0168,0.0321
58261,38099,0.6358,0.6132
58261,38035,0.3642,0.3868
58266,38035,0.721,0.8311
58266,38063,0.279,0.1689
58267,38035,0.9633,0.9805
58267,38091,0.0367,0.0195
58274,38091,0.5439,0.1553
58274,38097,0.4561,0.8447
58275,38035,0.7046,0.8425
58275,38097,0.2954,0.1575
58282,38067,0.5582,0.8775
58282,38019,0.4418,0.1225
58301,38071,0.9103,0.9933
58301,38005,0.0897,0.0067
58310,38079,0.9306,0.9338
58310,38095,0.0694,0.0662
58317,38095,0.9519,0.9495
58317,38079,0.0481,0.0505
58321,38071,0.4535,0.397
58321,38063,0.3825,0.4615
58321,38099,0.164,0.1415
58323,38019,0.8155,0.7138
58323,38095,0.1845,0.2862
58324,38095,0.9909,0.9925
58324,38005,0.0091,0.0075
58325,38071,0.6675,0.7293
58325,38005,0.3325,0.2707
58329,38079,0.8672,0.9513
58329,38009,0.1328,0.0487
58330,38071,0.9767,0.988
58330,38019,0.0233,0.012
58332,38005,0.771,0.6094
58332,38069,0.229,0.3906
58338,38071,0.5374,0.6953
58338,38019,0.4626,0.3047
58341,38103,0.7422,0.8552
58341,38069,0.2034,0.1302
58341,38005,0.0274,0.0081
58341,38083,0.027,0.0065
58344,38063,0.9338,0.9511
58344,38071,0.0662,0.0489
58345,38071,0.6508,0.6541
58345,38099,0.3492,0.3459
58346,38005,0.8637,0.8346
58346,38095,0.1236,0.1447
58346,38069,0.0127,0.0208
58348,38005,0.8962,0.8967
58348,38103,0.1038,0.1033
58352,38019,0.8809,0.8066
58352,38095,0.1191,0.1934
58356,38027,0.8128,0.8537
58356,38103,0.127,0.0645
58356,38031,0.0601,0.0817
58363,38095,0.8124,0.8046
58363,38079,0.1876,0.1954
58366,38079,0.933,0.9156
58366,38069,0.067,0.0844
58367,38079,0.6274,0.8822
58367,38095,0.3726,0.1178
58368,38069,0.8811,0.9149
58368,38049,0.0693,0.0596
58368,38005,0.0496,0.0255
58372,38095,0.5676,0.6994
58372,38019,0.4324,0.3006
58374,38027,0.5239,0.5074
58374,38005,0.3566,0.4366
58374,38103,0.1195,0.056
58377,38071,0.6827,0.747
58377,38095,0.1771,0.1749
58377,38019,0.1401,0.0781
58380,38063,0.4903,0.4272
58380,38027,0.3631,0.3516
58380,38005,0.1466,0.2213
58381,38027,0.6092,0.5
58381,38005,0.3908,0.5
58384,38009,0.4326,0.501
58384,38049,0.2261,0.1564
58384,38069,0.1985,0.2225
58384,38079,0.1428,0.1201
58385,38069,0.955,0.9658
58385,38079,0.045,0.0342
58386,38005,0.6844,0.5609
58386,38069,0.3156,0.4391
58413,38051,0.8519,0.9104
58413,38021,0.0806,0.0371
58413,46089,0.0675,0.0525
58418,38103,0.8255,0.826
58418,38043,0.1745,0.174
58421,38031,0.8292,0.9151
58421,38093,0.0793,0.032
58421,38103,0.0571,0.0235
58421,38027,0.0344,0.0293
58423,38103,0.7467,0.7473
58423,38043,0.2533,0.2527
58425,38039,0.9865,0.9906
58425,38091,0.0135,0.0094
58426,38093,0.9558,0.8878
58426,38031,0.0442,0.1122
58429,38003,0.9763,0.9747
58429,38039,0.0237,0.0253
58433,38045,0.8025,0.9156
58433,38021,0.1975,0.0844
58436,38021,0.9543,0.9642
58436,46013,0.0457,0.0358
58439,38021,0.628,0.4934
58439,46089,0.351,0.4668
58439,46013,0.021,0.0398
58440,38047,0.542,0.4395
58440,38051,0.458,0.5605
58442,38047,0.7932,0.7699
58442,38093,0.2068,0.2301
58445,38031,0.6502,0.7063
58445,38027,0.3498,0.2937
58448,38039,0.9941,0.9945
58448,38003,0.0059,0.0055
58454,38045,0.6379,0.727
58454,38093,0.3621,0.273
58455,38093,0.5859,0.3409
58455,38031,0.4141,0.6591
58456,38021,0.4359,0.2322
58456,38045,0.3743,0.5326
58456,38051,0.1899,0.2352
58458,38045,0.9372,0.9024
58458,38021,0.0628,0.0976
58460,38047,0.5899,0.4881
58460,38051,0.4101,0.5119
58461,38003,0.5564,0.5167
58461,38045,0.4436,0.4833
58464,38027,0.5472,0.4976
58464,38031,0.3554,0.4182
58464,38039,0.0974,0.0842
58466,38045,0.6169,0.6406
58466,38003,0.3587,0.3435
58466,38093,0.0244,0.0159
58467,38093,0.8337,0.8564
58467,38043,0.1663,0.1436
58472,38093,0.6324,0.5323
58472,38045,0.3676,0.4677
58474,38021,0.867,0.9022
58474,38081,0.1257,0.0928
58474,38045,0.0073,0.005
58475,38043,0.7856,0.7887
58475,38093,0.2144,0.2113
58481,38003,0.6488,0.7765
58481,38093,0.3512,0.2235
58483,38093,0.4249,0.4696
58483,38047,0.292,0.2814
58483,38043,0.2831,0.249
58484,38039,0.7343,0.6698
58484,38031,0.2657,0.3302
58486,38103,0.8028,0.8063
58486,38093,0.1972,0.1937
58490,38045,0.7039,0.7979
58490,38073,0.2961,0.2021
58492,38003,0.5471,0.6243
58492,38093,0.288,0.1748
58492,38039,0.1649,0.2009
58495,38051,0.6078,0.7005
58495,38047,0.3922,0.2995
58497,38093,0.9209,0.888
58497,38003,0.0791,0.112
58520,38059,0.6884,0.8439
58520,38037,0.3116,0.1561
58523,38057,0.7085,0.9365
58523,38065,0.2915,0.0635
58524,38029,0.5764,0.5674
58524,38043,0.2519,0.1888
58524,38015,0.1717,0.2438
58530,38065,0.9963,0.9958
58532,38015,0.615,0.7516
58532,38043,0.385,0.2484
58535,38059,0.6269,0.7606
58535,38037,0.3731,0.2394
58545,38057,0.7598,0.9389
58545,38065,0.2402,0.0611
58549,38029,0.5632,0.6085
58549,38047,0.4063,0.3664
58549,38043,0.0305,0.0251
58554,38059,0.9435,0.9957
58554,38065,0.0565,0.0043
58559,38055,0.7324,0.912
58559,38083,0.2676,0.088
58560,38015,0.6241,0.7054
58560,38029,0.3759,0.2946
58562,38037,0.6282,0.5427
58562,38041,0.2875,0.346
58562,38001,0.0843,0.1113
58563,38059,0.6821,0.7448
58563,38065,0.3008,0.2473
58563,38037,0.017,0.0079
58568,38085,0.9962,0.9937
58568,46031,0.0038,0.0063
58570,38059,0.5149,0.6944
58570,38085,0.4851,0.3056
58571,38057,0.6974,0.7229
58571,38065,0.3026,0.2771
58579,38015,0.6944,0.3398
58579,38055,0.3056,0.6602
58601,38089,0.6623,0.9809
58601,38025,0.3377,0.0191
58620,38087,0.9855,0.9854
58620,38007,0.0145,0.0146
58621,38033,0.9067,0.9352
58621,30109,0.0439,0.0311
58621,38053,0.0284,0.0239
58621,38007,0.021,0.0099
58622,38007,0.7094,0.2877
58622,38089,0.2862,0.7106
58623,38011,0.727,0.9395
58623,38087,0.2535,0.0581
58623,46063,0.0195,0.0024
58625,38025,0.724,0.5973
58625,38057,0.276,0.4027
58630,38089,0.6239,0.8317
58630,38025,0.3761,0.1683
58631,38059,0.6155,0.7612
58631,38037,0.2964,0.1497
58631,38057,0.0882,0.0891
58634,38053,0.976,0.9838
58634,38007,0.024,0.0162
58636,38025,0.9386,0.8963
58636,38057,0.0614,0.1037
58638,38059,0.4265,0.5168
58638,38057,0.3018,0.2987
58638,38089,0.1644,0.1287
58638,38037,0.0666,0.033
58638,38025,0.0407,0.0228
58639,38001,0.7877,0.893
58639,46105,0.2123,0.107
58640,38025,0.9796,0.9882
58640,38007,0.0118,0.0056
58640,38053,0.0086,0.0061
58642,38025,0.9465,0.9739
58642,38007,0.0535,0.0261
58643,38011,0.7053,0.7916
58643,38087,0.2947,0.2084
58645,38007,0.9203,0.8407
58645,38033,0.0797,0.1593
58646,38041,0.8962,0.8881
58646,38001,0.0899,0.0964
58646,38089,0.0139,0.0155
58647,38087,0.4738,0.2045
58647,38041,0.4445,0.5709
58647,38089,0.0817,0.2246
58649,38001,0.7268,0.8152
58649,38041,0.1109,0.1281
58649,46063,0.0945,0.0196
58649,38011,0.0471,0.029
58649,38087,0.0208,0.0081
58650,38041,0.9306,0.9325
58650,38001,0.0694,0.0675
58651,38011,0.5521,0.6618
58651,38087,0.4479,0.3382
58652,38089,0.7249,0.7866
58652,38025,0.2751,0.2134
58653,38011,0.711,0.8367
58653,46063,0.1476,0.0584
58653,38087,0.1415,0.1049
58654,38033,0.7985,0.8977
58654,38087,0.2015,0.1023
58656,38089,0.635,0.7403
58656,38025,0.365,0.2597
58710,38049,0.4033,0.4825
58710,38083,0.3778,0.2031
58710,38069,0.2189,0.3144
58716,38055,0.6217,0.5023
58716,38101,0.3783,0.4977
58718,38101,0.6507,0.7965
58718,38061,0.3165,0.1851
58718,38075,0.0328,0.0184
58721,38013,0.9558,0.8981
58721,38101,0.0442,0.1019
58723,38055,0.5543,0.7956
58723,38083,0.4357,0.1945
58723,38049,0.01,0.0099
58725,38075,0.6116,0.4555
58725,38101,0.3884,0.5445
58731,38049,0.8997,0.6125
58731,38101,0.1003,0.3875
58734,38101,0.4153,0.5658
58734,38061,0.3661,0.276
58734,38075,0.2186,0.1582
58735,38101,0.5903,0.5754
58735,38055,0.4097,0.4246
58736,38049,0.7314,0.8584
58736,38083,0.2686,0.1416
58740,38075,0.5832,0.2382
58740,38101,0.3701,0.7457
58740,38009,0.0237,0.008
58740,38049,0.0229,0.0081
58746,38101,0.4735,0.6643
58746,38013,0.3279,0.1877
58746,38075,0.1986,0.148
58748,38009,0.8452,0.9014
58748,38049,0.1548,0.0986
58750,38009,0.6138,0.5669
58750,38075,0.3862,0.4331
58755,38105,0.4409,0.5555
58755,38023,0.4272,0.3389
58755,38013,0.1319,0.1056
58756,38101,0.7483,0.7701
58756,38061,0.2136,0.2144
58756,38055,0.0381,0.0156
58757,38025,0.794,0.6528
58757,38053,0.206,0.3472
58758,38083,0.6741,0.5218
58758,38103,0.1756,0.1673
58758,38069,0.1503,0.3109
58759,38055,0.5343,0.4519
58759,38101,0.4657,0.5481
58761,38075,0.6004,0.6459
58761,38009,0.3996,0.3541
58762,38009,0.7623,0.7524
58762,38049,0.2377,0.2476
58763,38061,0.6044,0.7669
58763,38053,0.3956,0.2331
58768,38049,0.5005,0.1786
58768,38101,0.4995,0.8214
58770,38061,0.6275,0.7952
58770,38055,0.3725,0.2048
58771,38061,0.764,0.6761
58771,38101,0.2025,0.3039
58771,38055,0.0334,0.0199
58773,38013,0.693,0.6247
58773,38061,0.307,0.3753
58778,38055,0.923,0.9454
58778,38049,0.077,0.0546
58779,38055,0.5381,0.4563
58779,38101,0.4619,0.5437
58782,38075,0.9267,0.9389
58782,38009,0.0733,0.0611
58784,38061,0.903,0.9266
58784,38013,0.097,0.0734
58788,38049,0.9686,0.9383
58788,38069,0.0314,0.0617
58789,38049,0.9118,0.916
58789,38009,0.0882,0.084
58790,38049,0.7867,0.6106
58790,38101,0.2133,0.3894
58795,38023,0.5363,0.4214
58795,38105,0.4637,0.5786
58830,38105,0.5978,0.7025
58830,38023,0.4022,0.2975
58845,38105,0.5136,0.6399
58845,38023,0.4864,0.3601
58852,38105,0.7897,0.8443
58852,38061,0.2103,0.1557
58854,38053,0.9208,0.9699
58854,38025,0.0792,0.0301
58856,38105,0.6636,0.7681
58856,38023,0.3364,0.2319
59001,30095,0.9428,0.9691
59001,30009,0.0572,0.0309
59003,30075,0.6145,0.3289
59003,30087,0.3855,0.6711
59010,30103,0.5478,0.2088
59010,30003,0.4522,0.7912
59015,30111,0.5167,0.8238
59015,30095,0.2894,0.1229
59015,30065,0.1939,0.0533
59019,30095,0.9788,0.9662
59019,30009,0.0212,0.0338
59024,30111,0.9203,0.9025
59024,30003,0.0797,0.0975
59032,30027,0.7665,0.9339
59032,30069,0.2335,0.0661
59037,30111,0.927,0.9559
59037,30003,0.073,0.0441
59038,30103,0.8706,0.5944
59038,30003,0.1294,0.4056
59041,30009,0.9742,0.9865
59041,30111,0.0258,0.0135
59043,30087,0.7,0.8896
59043,30003,0.3,0.1104
59044,30111,0.912,0.9767
59044,30009,0.088,0.0233
59046,30037,0.9172,0.8345
59046,30065,0.0828,0.1655
59052,30097,0.5877,0.363
59052,30067,0.4123,0.637
59053,30059,0.9682,0.9609
59053,30107,0.0318,0.0391
59054,30087,0.5765,0.3593
59054,30065,0.4235,0.6407
59057,30095,0.6847,0.2588
59057,30111,0.3153,0.7412
59058,30033,0.7437,0.6853
59058,30069,0.2563,0.3147
59062,30075,0.6909,0.6668
59062,30087,0.3091,0.3332
59063,30095,0.9959,0.9549
59063,30111,0.0041,0.0451
59064,30003,0.7177,0.7602
59064,30111,0.2823,0.2398
59069,30095,0.506,0.7416
59069,30097,0.494,0.2584
59072,30065,0.9309,0.9946
59072,30069,0.0691,0.0054
59074,30037,0.9144,0.7791
59074,30095,0.0679,0.1966
59074,30107,0.0177,0.0243
59078,30107,0.6944,0.7347
59078,30037,0.2238,0.1468
59078,30097,0.0818,0.1186
59082,30067,0.6577,0.7633
59082,30097,0.3423,0.2367
59086,30067,0.6623,0.5299
59086,30031,0.3149,0.4636
59086,30059,0.0228,0.0064
59101,30111,0.977,0.9997
59101,30003,0.023,0.0003
59201,30085,0.5426,0.8431
59201,30055,0.3779,0.1062
59201,30105,0.0795,0.0507
59213,30085,0.5646,0.6172
59213,30083,0.4354,0.3828
59214,30055,0.8359,0.8694
59214,30079,0.1127,0.1172
59214,30033,0.0515,0.0134
59215,30055,0.9089,0.9488
59215,30021,0.0911,0.0512
59218,30085,0.5038,0.5991
59218,30083,0.4962,0.4009
59221,30083,0.8471,0.8614
59221,38053,0.1529,0.1386
59222,30019,0.9841,0.9766
59222,30085,0.0159,0.0234
59223,30055,0.9112,0.974
59223,30033,0.0839,0.0224
59223,30105,0.005,0.0036
59226,30085,0.8709,0.9008
59226,30091,0.1291,0.0992
59241,30105,0.9997,0.9995
59242,30091,0.5794,0.5398
59242,30085,0.4206,0.4602
59253,30019,0.9802,0.9692
59253,30105,0.0198,0.0308
59255,30085,0.7752,0.8197
59255,30083,0.1944,0.1652
59255,30055,0.0304,0.0151
59258,30091,0.6439,0.6268
59258,30085,0.3561,0.3732
59259,30021,0.5447,0.3212
59259,30083,0.4553,0.6788
59260,30105,0.6085,0.5038
59260,30019,0.3915,0.4962
59261,30071,0.7873,0.8468
59261,30105,0.2127,0.1532
59262,30083,0.5727,0.7674
59262,30021,0.4273,0.2326
59263,30019,0.98,0.9433
59263,30085,0.02,0.0567
59270,30083,0.604,0.9281
59270,38053,0.396,0.0719
59275,30091,0.7625,0.7758
59275,38023,0.2375,0.2242
59301,30017,0.8127,0.9683
59301,30087,0.1002,0.022
59301,30033,0.0506,0.0028
59301,30075,0.0229,0.0038
59301,30079,0.0136,0.0031
59313,30025,0.936,0.9739
59313,30011,0.064,0.0261
59316,30075,0.7035,0.7231
59316,30011,0.2965,0.2769
59326,30079,0.8817,0.9326
59326,30021,0.1183,0.0674
59330,30021,0.9689,0.9965
59330,30079,0.0311,0.0035
59336,30017,0.6547,0.4371
59336,30025,0.2816,0.5148
59336,30011,0.0568,0.0407
59336,30079,0.0069,0.0074
59339,30021,0.989,0.9797
59339,30079,0.011,0.0203
59344,30025,0.9394,0.9753
59344,30011,0.0606,0.0247
59345,30017,0.6803,0.6428
59345,30075,0.3197,0.3572
59347,30087,0.9243,0.95
59347,30017,0.0757,0.05
59349,30079,0.9869,0.9918
59349,30017,0.0131,0.0082
59351,30075,0.6049,0.6442
59351,30017,0.3951,0.3558
59353,30109,0.839,0.9197
59353,30021,0.1391,0.0536
59353,30025,0.0219,0.0267
59404,30013,0.7154,0.9913
59404,30015,0.2846,0.0087
59405,30013,0.9885,0.9998
59405,30015,0.0115,0.0002
59410,30049,0.9765,0.9115
59410,30099,0.0235,0.0885
59412,30013,0.9689,0.9874
59412,30045,0.0311,0.0126
59416,30073,0.5625,0.7498
59416,30015,0.411,0.2379
59416,30099,0.0152,0.009
59416,30051,0.0113,0.0032
59418,30045,0.7688,0.7874
59418,30027,0.2312,0.2126
59421,30013,0.9554,0.9387
59421,30049,0.0446,0.0613
59424,30027,0.6671,0.6428
59424,30045,0.3329,0.3572
59425,30073,0.9108,0.9575
59425,30099,0.0892,0.0425
59427,30035,0.9725,0.9932
59427,30101,0.0275,0.0068
59430,30027,0.9464,0.9407
59430,30045,0.0536,0.0593
59432,30073,0.729,0.7181
59432,30099,0.271,0.2819
59436,30099,0.996,0.9924
59436,30013,0.004,0.0076
59440,30015,0.6797,0.3059
59440,30013,0.3203,0.6941
59443,30013,0.9348,0.982
59443,30099,0.0652,0.018
59444,30101,0.8035,0.8858
59444,30051,0.1965,0.1142
59447,30045,0.9703,0.9751
59447,30015,0.0297,0.0249
59448,30073,0.9913,0.9947
59448,30035,0.0087,0.0053
59453,30107,0.7663,0.7992
59453,30027,0.1851,0.1554
59453,30045,0.0486,0.0454
59456,30051,0.5151,0.2532
59456,30101,0.3864,0.5195
59456,30073,0.0985,0.2274
59463,30013,0.9403,0.9754
59463,30045,0.0597,0.0246
59464,30027,0.946,0.9402
59464,30045,0.054,0.0598
59468,30099,0.7119,0.3491
59468,30013,0.2881,0.6509
59487,30013,0.9235,0.9809
59487,30099,0.0765,0.0191
59501,30041,0.9575,0.994
59501,30005,0.0425,0.006
59520,30015,0.9714,0.9752
59520,30005,0.0232,0.0211
59520,30041,0.0054,0.0038
59521,30041,0.8164,0.9518
59521,30015,0.1836,0.0482
59523,30005,0.9886,0.9852
59523,30041,0.0114,0.0148
59524,30071,0.8803,0.7913
59524,30005,0.1197,0.2087
59531,30051,0.7297,0.7912
59531,30041,0.2703,0.2088
59540,30041,0.9612,0.9452
59540,30015,0.0388,0.0548
59542,30005,0.6526,0.7233
59542,30071,0.3474,0.2767
59545,30051,0.6814,0.7238
59545,30101,0.3186,0.2762
59635,30049,0.3807,0.9618
59635,30043,0.3617,0.0243
59635,30007,0.2577,0.0139
59645,30059,0.9861,0.9499
59645,30007,0.0139,0.0501
59701,30093,0.4856,0.947
59701,30043,0.468,0.0487
59701,30023,0.0463,0.0043
59711,30023,0.6356,0.9104
59711,30039,0.2548,0.039
59711,30093,0.1096,0.0507
59715,30031,0.918,0.9941
59715,30067,0.082,0.0059
59716,30057,0.5583,0.502
59716,30031,0.4417,0.498
59721,30043,0.616,0.774
59721,30057,0.384,0.226
59722,30077,0.8571,0.9423
59722,30023,0.1429,0.0577
59725,30001,0.9605,0.9681
59725,30057,0.0395,0.0319
59727,30093,0.7963,0.9829
59727,30001,0.2037,0.0171
59730,30031,0.9406,0.9493
59730,30057,0.0594,0.0507
59732,30001,0.5841,0.5729
59732,30057,0.4159,0.4271
59743,30001,0.6271,0.5373
59743,30057,0.2793,0.2505
59743,30093,0.0936,0.2122
59752,30031,0.6196,0.8043
59752,30043,0.196,0.1193
59752,30007,0.1845,0.0764
59759,30043,0.612,0.7269
59759,30057,0.3229,0.1809
59759,30093,0.0651,0.0922
59762,30023,0.5601,0.927
59762,30001,0.4399,0.073
59820,30061,0.7211,0.6597
59820,30063,0.2789,0.3403
59821,30063,0.4385,0.2106
59821,30047,0.3725,0.7087
59821,30089,0.189,0.0807
59825,30039,0.6166,0.2446
59825,30063,0.3834,0.7554
59833,30081,0.7022,0.831
59833,30063,0.2978,0.169
59845,30089,0.6689,0.3309
59845,30047,0.1738,0.5283
59845,30029,0.1573,0.1408
59847,30063,0.9483,0.9985
59847,16049,0.0517,0.0015
59866,30061,0.9059,0.8611
59866,30089,0.0941,0.1389
59868,30063,0.9571,0.995
59868,30077,0.0429,0.005
59911,30047,0.8564,0.3024
59911,30029,0.1436,0.6976
59922,30029,0.8989,0.9674
59922,30047,0.1011,0.0326
60007,17031,0.9603,0.9845
60007,17043,0.0397,0.0155
60010,17031,0.5074,0.409
60010,17097,0.3812,0.4671
60010,17111,0.0944,0.0794
60010,17089,0.017,0.0445
60013,17111,0.9114,0.9494
60013,17097,0.0886,0.0506
60015,17097,0.9621,0.9553
60015,17031,0.0379,0.0447
60020,17097,0.9909,0.9979
60020,17111,0.0091,0.0021
60021,17111,0.9382,0.9177
60021,17097,0.0618,0.0823
60033,17111,0.9407,0.981
60033,17007,0.0593,0.019
60042,17097,0.5383,0.386
60042,17111,0.4617,0.614
60050,17111,0.9958,0.9909
60050,17097,0.0042,0.0091
60051,17111,0.8158,0.8656
60051,17097,0.1842,0.1344
60074,17031,0.9469,0.9891
60074,17097,0.0531,0.0109
60081,17111,0.8164,0.7047
60081,17097,0.1836,0.2953
60089,17097,0.7842,0.6316
60089,17031,0.2158,0.3684
60090,17031,0.9954,0.9973
60102,17111,0.7778,0.8222
60102,17089,0.2222,0.1778
60103,17043,0.6558,0.6067
60103,17031,0.3382,0.387
60103,17089,0.0061,0.0064
60120,17031,0.7232,0.5872
60120,17089,0.2768,0.4128
60126,17043,0.9725,0.9869
60126,17031,0.0275,0.0131
60129,17141,0.7272,0.763
60129,17037,0.2728,0.237
60133,17043,0.641,0.5357
60133,17031,0.359,0.4643
60135,17037,0.962,0.9685
60135,17111,0.0218,0.0212
60135,17007,0.0162,0.0103
60140,17089,0.9457,0.9349
60140,17037,0.0419,0.0291
60140,17111,0.0124,0.036
60142,17111,0.7247,0.4602
60142,17089,0.2753,0.5398
60145,17037,0.9461,0.9373
60145,17007,0.0539,0.0627
60146,17037,0.8801,0.831
60146,17007,0.1004,0.1582
60146,17141,0.0195,0.0108
60151,17089,0.7541,0.6566
60151,17037,0.2459,0.3434
60152,17111,0.9801,0.9827
60152,17037,0.0199,0.0173
60172,17043,0.8263,0.8161
60172,17031,0.1737,0.1839
60174,17089,0.9868,0.993
60174,17043,0.0132,0.007
60178,17037,0.9326,0.984
60178,17089,0.0674,0.016
60184,17043,0.6442,0.6355
60184,17089,0.3558,0.3645
60185,17043,0.9636,0.9604
60185,17089,0.0364,0.0396
60401,17197,0.9803,0.994
60401,17091,0.0197,0.006
60407,17063,0.7932,0.633
60407,17197,0.2068,0.367
60410,17197,0.8328,0.8714
60410,17063,0.1672,0.1286
60416,17063,0.9652,0.9855
60416,17197,0.0348,0.0145
60420,17105,0.716,0.8851
60420,17063,0.284,0.1149
60423,17197,0.9466,0.9142
60423,17031,0.0534,0.0858
60424,17063,0.9468,0.9611
60424,17091,0.0532,0.0389
60431,17197,0.7368,0.9848
60431,17093,0.2632,0.0152
60439,17031,0.6735,0.8164
60439,17043,0.2405,0.147
60439,17197,0.0859,0.0367
60440,17197,0.9806,0.9685
60440,17043,0.0194,0.0315
60447,17093,0.7299,0.2382
60447,17063,0.2138,0.4152
60447,17197,0.0563,0.3466
60449,17197,0.9873,0.9546
60449,17031,0.0127,0.0454
60450,17063,0.978,0.994
60450,17093,0.022,0.006
60466,17031,0.7269,0.9171
60466,17197,0.2731,0.0829
60467,17031,0.9396,0.9271
60467,17197,0.0604,0.0729
60468,17197,0.9528,0.7914
60468,17091,0.0472,0.2086
60470,17099,0.9167,0.9358
60470,17105,0.0438,0.0432
60470,17063,0.0395,0.0209
60471,17031,0.9555,0.9886
60471,17197,0.0445,0.0114
60475,17031,0.6854,0.5131
60475,17197,0.3146,0.4869
60477,17031,0.9635,0.9812
60477,17197,0.0365,0.0188
60481,17197,0.9715,0.9847
60481,17091,0.0242,0.0075
60481,17063,0.0043,0.0078
60487,17031,0.59,0.811
60487,17197,0.41,0.189
60502,17043,0.5926,0.5331
60502,17089,0.4074,0.4669
60503,17197,0.7227,0.781
60503,17093,0.2773,0.219
60504,17043,0.7963,0.7888
60504,17089,0.1956,0.2058
60504,17093,0.0082,0.0054
60506,17089,0.9922,0.9953
60506,17093,0.0078,0.0047
60510,17089,0.8351,0.9469
60510,17043,0.1649,0.0531
60511,17089,0.9617,0.9698
60511,17037,0.0383,0.0302
60517,17043,0.9053,0.9879
60517,17197,0.0947,0.0121
60518,17099,0.6617,0.7079
60518,17037,0.2512,0.2285
60518,17103,0.0871,0.0635
60521,17043,0.8276,0.8454
60521,17031,0.1724,0.1546
60523,17043,0.9984,0.9987
60527,17043,0.7926,0.7687
60527,17031,0.2074,0.2313
60530,17103,0.6836,0.6019
60530,17037,0.3164,0.3981
60531,17099,0.622,0.8
60531,17037,0.378,0.2
60537,17099,0.6849,0.6833
60537,17093,0.3151,0.3167
60538,17093,0.5372,0.6845
60538,17089,0.4628,0.3155
60541,17093,0.8975,0.8608
60541,17063,0.0934,0.1299
60541,17099,0.0091,0.0092
60543,17093,0.9923,0.9921
60543,17197,0.0061,0.0054
60544,17197,0.7408,0.9752
60544,17093,0.2592,0.0248
60548,17037,0.5413,0.5786
60548,17099,0.3391,0.3442
60548,17093,0.1196,0.0773
60552,17037,0.8132,0.4433
60552,17099,0.1868,0.5567
60554,17089,0.9822,0.9821
60554,17093,0.0178,0.0179
60564,17197,0.7525,0.8555
60564,17043,0.2475,0.1445
60565,17043,0.6315,0.6511
60565,17197,0.3685,0.3489
60585,17197,0.8806,0.9466
60585,17093,0.1194,0.0534
60586,17197,0.7332,0.8977
60586,17093,0.2668,0.1023
60917,17091,0.7954,0.9185
60917,17105,0.1631,0.065
60917,17053,0.0415,0.0165
60918,17075,0.9804,0.9901
60918,17053,0.0196,0.0099
60919,17053,0.4424,0.3474
60919,17105,0.4152,0.3274
60919,17091,0.1423,0.3252
60921,17105,0.9677,0.9762
60921,17053,0.0323,0.0238
60922,17091,0.5128,0.6612
60922,17075,0.4872,0.3388
60929,17105,0.8865,0.8888
60929,17053,0.1135,0.1112
60936,17053,0.9285,0.968
60936,17113,0.0534,0.0202
60936,17019,0.0182,0.0119
60940,17091,0.9756,0.9508
60940,17197,0.0244,0.0492
60941,17091,0.8442,0.9145
60941,17075,0.1166,0.0741
60941,17053,0.0391,0.0114
60942,17183,0.6833,0.9224
60942,17075,0.3167,0.0776
60946,17053,0.824,0.8234
60946,17105,0.176,0.1766
60948,17075,0.7007,0.8163
60948,17053,0.2993,0.1837
60949,17019,0.9312,0.9702
60949,17053,0.0688,0.0298
60950,17091,0.9361,0.9704
60950,17197,0.0639,0.0296
60952,17053,0.942,0.91
60952,17105,0.058,0.09
60957,17053,0.8545,0.927
60957,17019,0.1455,0.073
60959,17053,0.9507,0.9393
60959,17105,0.0493,0.0607
60960,17183,0.666,0.723
60960,17053,0.2237,0.1573
60960,17075,0.0889,0.0835
60960,17019,0.0214,0.0361
60961,17091,0.6843,0.7702
60961,17105,0.2613,0.1015
60961,17063,0.0544,0.1283
60964,17091,0.7201,0.9208
60964,17075,0.2799,0.0792
60968,17075,0.5232,0.6716
60968,17053,0.4557,0.3086
60968,17105,0.0212,0.0198
61006,17103,0.7332,0.5739
61006,17141,0.2668,0.4261
61007,17141,0.5674,0.4628
61007,17177,0.4326,0.5372
61008,17007,0.999,0.997
61011,17007,0.8197,0.5221
61011,17201,0.1803,0.4779
61014,17015,0.8502,0.7936
61014,17195,0.1498,0.2064
61016,17201,0.5684,0.8296
61016,17007,0.4316,0.1704
61019,17177,0.6199,0.6111
61019,17201,0.3801,0.3889
61020,17141,0.9059,0.7961
61020,17201,0.0941,0.2039
61021,17103,0.896,0.9749
61021,17141,0.104,0.0251
61028,17085,0.9971,0.9976
61031,17103,0.9503,0.9498
61031,17141,0.0497,0.0502
61038,17007,0.9277,0.9472
61038,17111,0.0723,0.0528
61039,17177,0.6198,0.6767
61039,17141,0.3802,0.3233
61044,17177,0.6566,0.632
61044,17085,0.3434,0.368
61047,17141,0.9231,0.9056
61047,17201,0.0601,0.0838
61047,17177,0.0168,0.0106
61048,17177,0.9123,0.9389
61048,17085,0.0877,0.0611
61051,17015,0.9611,0.9268
61051,17141,0.0389,0.0732
61053,17015,0.9029,0.9151
61053,17085,0.0971,0.0849
61062,17177,0.9112,0.8951
61062,17085,0.0661,0.0702
61062,17015,0.0227,0.0347
61063,17201,0.8365,0.9167
61063,17177,0.1635,0.0833
61064,17141,0.9391,0.9289
61064,17015,0.0434,0.0227
61064,17103,0.0102,0.0412
61064,17195,0.0072,0.0073
61068,17141,0.8878,0.9837
61068,17103,0.1002,0.0139
61068,17037,0.0121,0.0024
61071,17195,0.8904,0.9933
61071,17103,0.1096,0.0067
61073,17201,0.9581,0.9975
61073,17007,0.0419,0.0025
61074,17015,0.981,0.9947
61074,17085,0.019,0.0053
61078,17015,0.6617,0.6954
61078,17177,0.1754,0.2289
61078,17141,0.1629,0.0758
61080,17201,0.7117,0.9774
61080,17007,0.2883,0.0226
61081,17195,0.9472,0.9558
61081,17103,0.0528,0.0442
61084,17141,0.93,0.8735
61084,17201,0.07,0.1265
61087,17085,0.9304,0.8764
61087,17177,0.0696,0.1236
61088,17201,0.9977,0.9986
61089,17177,0.9602,0.9768
61089,17085,0.0398,0.0232
61102,17201,0.8821,0.9792
61102,17141,0.1179,0.0208
61107,17201,0.943,0.9918
61107,17007,0.057,0.0082
61109,17201,0.9671,0.9984
61109,17141,0.0329,0.0016
61111,17201,0.9567,0.9953
61111,17007,0.0433,0.0047
61114,17201,0.8778,0.9697
61114,17007,0.1222,0.0303
61240,17161,0.5406,0.7818
61240,17073,0.4594,0.2182
61243,17195,0.9536,0.9712
61243,17103,0.0464,0.0288
61250,17195,0.9411,0.9747
61250,17073,0.0589,0.0253
61254,17073,0.9946,0.9967
61254,17195,0.0054,0.0033
61259,17161,0.9679,0.9852
61259,17131,0.0321,0.0148
61262,17073,0.9448,0.9406
61262,17131,0.0552,0.0594
61264,17161,0.9795,0.9935
61264,17131,0.0205,0.0065
61270,17195,0.99,0.9948
61270,17015,0.01,0.0052
61272,17131,0.969,0.934
61272,17161,0.031,0.066
61273,17073,0.7563,0.6652
61273,17161,0.2402,0.3325
61277,17195,0.5985,0.7833
61277,17073,0.4015,0.2167
61279,17131,0.5313,0.5855
61279,17161,0.4687,0.4145
61281,17131,0.8294,0.6954
61281,17161,0.1706,0.3046
61283,17195,0.5066,0.53
61283,17011,0.4698,0.4497
61283,17073,0.0237,0.0202
61321,17099,0.9679,0.9615
61321,17123,0.0321,0.0385
61330,17011,0.9185,0.8692
61330,17103,0.0815,0.1308
61334,17099,0.9928,0.9885
61334,17155,0.0072,0.0115
61336,17155,0.5589,0.5209
61336,17123,0.4411,0.4791
61342,17099,0.8688,0.971
61342,17011,0.0812,0.019
61342,17103,0.0501,0.01
61344,17011,0.9489,0.9588
61344,17073,0.0511,0.0412
61345,17011,0.9197,0.9024
61345,17175,0.0803,0.0976
61349,17011,0.7325,0.8034
61349,17103,0.2675,0.1966
61354,17099,0.9192,0.9485
61354,17011,0.0808,0.0515
61358,17099,0.5362,0.4891
61358,17123,0.4638,0.5109
61360,17099,0.787,0.8101
61360,17063,0.213,0.1899
61361,17011,0.9041,0.9224
61361,17073,0.0959,0.0776
61364,17099,0.7828,0.9445
61364,17105,0.2172,0.0555
61376,17011,0.8556,0.9078
61376,17103,0.1444,0.0922
61377,17099,0.5019,0.3557
61377,17123,0.4981,0.6443
61401,17095,0.7968,0.9884
61401,17187,0.2032,0.0116
61410,17095,0.7238,0.9276
61410,17187,0.2762,0.0724
61412,17131,0.5485,0.6576
61412,17187,0.4515,0.3424
61414,17095,0.7856,0.6915
61414,17073,0.2144,0.3085
61415,17057,0.6282,0.6711
61415,17187,0.3718,0.3289
61420,17109,0.8114,0.7814
61420,17067,0.1886,0.2186
61421,17175,0.5461,0.5716
61421,17011,0.3635,0.3663
61421,17123,0.0904,0.0621
61434,17073,0.7435,0.9449
61434,17095,0.2485,0.0521
61434,17175,0.0081,0.003
61440,17109,0.8291,0.8697
61440,17169,0.1709,0.1303
61442,17131,0.7935,0.6201
61442,17071,0.2065,0.3799
61443,17073,0.9397,0.9897
61443,17175,0.035,0.0065
61443,17011,0.0253,0.0038
61447,17187,0.6898,0.6165
61447,17071,0.3102,0.3835
61449,17175,0.6912,0.7757
61449,17095,0.3088,0.2243
61450,17067,0.893,0.9041
61450,17071,0.0699,0.0659
61450,17109,0.0371,0.03
61452,17169,0.9579,0.943
61452,17109,0.0421,0.057
61453,17187,0.5842,0.4074
61453,17071,0.4158,0.5926
61459,17057,0.8462,0.8345
61459,17109,0.1538,0.1655
61462,17187,0.9608,0.9828
61462,17071,0.0392,0.0172
61465,17131,0.8432,0.8537
61465,17073,0.1568,0.1463
61472,17095,0.9872,0.9849
61472,17131,0.0128,0.0151
61474,17095,0.7614,0.9382
61474,17187,0.1735,0.0426
61474,17057,0.065,0.0192
61475,17109,0.8602,0.9009
61475,17187,0.1205,0.0814
61475,17071,0.0193,0.0177
61476,17131,0.7183,0.5199
61476,17071,0.2817,0.4801
61478,17187,0.8589,0.8214
61478,17071,0.1411,0.1786
61479,17123,0.5105,0.5094
61479,17175,0.4895,0.4906
61482,17057,0.8818,0.8696
61482,17109,0.1182,0.1304
61484,17057,0.5397,0.5986
61484,17109,0.4143,0.3714
61484,17169,0.046,0.03
61489,17095,0.9652,0.9223
61489,17143,0.0348,0.0777
61490,17073,0.869,0.9155
61490,17095,0.131,0.0845
61491,17175,0.8922,0.9001
61491,17123,0.1078,0.0999
61523,17143,0.9363,0.9954
61523,17123,0.0637,0.0046
61526,17143,0.9182,0.9697
61526,17123,0.0818,0.0303
61529,17143,0.9759,0.9922
61529,17095,0.0241,0.0078
61530,17203,0.9588,0.9533
61530,17179,0.0412,0.0467
61531,17057,0.6287,0.832
61531,17095,0.2333,0.0644
61531,17143,0.138,0.1036
61533,17143,0.8289,0.925
61533,17057,0.1711,0.075
61537,17123,0.9474,0.9763
61537,17011,0.0526,0.0237
61544,17057,0.7036,0.6897
61544,17095,0.2964,0.3103
61546,17179,0.6332,0.594
61546,17125,0.3668,0.406
61559,17143,0.9084,0.9587
61559,17175,0.0916,0.0413
61560,17155,0.9195,0.7944
61560,17123,0.0421,0.1807
61560,17011,0.0384,0.0249
61565,17123,0.9893,0.9675
61565,17143,0.0107,0.0325
61569,17143,0.9832,0.9927
61569,17057,0.0168,0.0073
61570,17203,0.5586,0.3945
61570,17123,0.4414,0.6055
61611,17179,0.7063,0.8674
61611,17203,0.2937,0.1326
61720,17113,0.8723,0.9389
61720,17053,0.1277,0.0611
61721,17179,0.8567,0.8928
61721,17107,0.1433,0.1072
61723,17107,0.9185,0.9393
61723,17113,0.0815,0.0607
61725,17203,0.5264,0.6234
61725,17113,0.4736,0.3766
61726,17113,0.6461,0.6199
61726,17105,0.3539,0.3801
61729,17203,0.9394,0.9585
61729,17113,0.0606,0.0415
61731,17113,0.4647,0.6143
61731,17105,0.4123,0.3285
61731,17053,0.1231,0.0572
61732,17113,0.912,0.8319
61732,17179,0.088,0.1681
61733,17179,0.8395,0.8749
61733,17203,0.1605,0.1251
61738,17203,0.9402,0.9362
61738,17113,0.0598,0.0638
61739,17105,0.9533,0.9463
61739,17113,0.0467,0.0537
61742,17203,0.9553,0.9411
61742,17179,0.0447,0.0589
61744,17113,0.5953,0.7771
61744,17105,0.3788,0.1895
61744,17203,0.0259,0.0334
61745,17113,0.8227,0.9234
61745,17039,0.1773,0.0766
61748,17113,0.9666,0.9776
61748,17203,0.0334,0.0224
61749,17039,0.7986,0.8118
61749,17115,0.1082,0.1122
61749,17107,0.0932,0.0759
61752,17113,0.9483,0.9872
61752,17039,0.0517,0.0128
61754,17113,0.8732,0.818
61754,17039,0.0784,0.1191
61754,17107,0.0483,0.0628
61756,17115,0.7026,0.8072
61756,17039,0.2974,0.1928
61760,17203,0.9226,0.9507
61760,17123,0.0774,0.0493
61810,17183,0.5802,0.5657
61810,17045,0.2201,0.1329
61810,17019,0.1998,0.3014
61818,17147,0.8554,0.4989
61818,17115,0.1446,0.5011
61830,17147,0.7198,0.4806
61830,17115,0.2802,0.5194
61842,17039,0.6337,0.7601
61842,17147,0.1869,0.1394
61842,17113,0.1794,0.1004
61843,17019,0.9444,0.9661
61843,17113,0.0556,0.0339
61845,17019,0.9004,0.9684
61845,17053,0.0996,0.0316
61849,17019,0.6625,0.7524
61849,17183,0.3375,0.2476
61851,17019,0.893,0.9124
61851,17147,0.107,0.0876
61852,17019,0.7888,0.8553
61852,17041,0.2112,0.1447
61853,17019,0.9197,0.9869
61853,17147,0.0803,0.0131
61854,17147,0.9467,0.9595
61854,17113,0.0533,0.0405
61859,17019,0.8539,0.8426
61859,17183,0.1461,0.1574
61862,17019,0.8164,0.8707
61862,17183,0.1836,0.1293
61870,17183,0.8565,0.9342
61870,17045,0.1435,0.0658
61872,17019,0.9022,0.8808
61872,17041,0.0978,0.1192
61875,17019,0.9876,0.9945
61875,17147,0.0124,0.0055
61876,17183,0.7539,0.8318
61876,17045,0.2461,0.1682
61882,17039,0.8997,0.7918
61882,17147,0.0742,0.1396
61882,17115,0.0261,0.0686
61884,17147,0.7933,0.7664
61884,17019,0.2067,0.2336
61910,17041,0.6722,0.7763
61910,17029,0.3278,0.2237
61911,17139,0.4705,0.4155
61911,17041,0.4124,0.4555
61911,17029,0.1171,0.129
61913,17147,0.4818,0.3773
61913,17041,0.4785,0.584
61913,17139,0.0396,0.0387
61914,17139,0.7576,0.7304
61914,17173,0.209,0.1617
61914,17115,0.0334,0.1079
61917,17045,0.9358,0.9024
61917,17041,0.0642,0.0976
61925,17115,0.7474,0.9261
61925,17139,0.2526,0.0739
61928,17139,0.6259,0.6595
61928,17173,0.3221,0.2722
61928,17029,0.052,0.0683
61929,17147,0.9947,0.9916
61929,17139,0.0053,0.0084
61930,17041,0.7638,0.7693
61930,17029,0.2362,0.2307
61933,17045,0.9279,0.9407
61933,17023,0.0633,0.0516
61933,17029,0.0088,0.0077
61937,17139,0.9278,0.7615
61937,17115,0.0722,0.2385
61938,17029,0.9869,0.997
61938,17035,0.0127,0.0029
61942,17041,0.9049,0.9376
61942,17045,0.0951,0.0624
61943,17029,0.5788,0.5886
61943,17041,0.3422,0.3589
61943,17045,0.079,0.0525
61944,17045,0.9921,0.9978
61944,17023,0.0079,0.0022
61951,17139,0.9761,0.9848
61951,17029,0.0239,0.0152
61956,17041,0.7702,0.856
61956,17019,0.2298,0.144
61957,17173,0.8729,0.8464
61957,17139,0.1271,0.1536
62002,17119,0.9278,0.9933
62002,17117,0.0722,0.0067
62012,17083,0.5001,0.3922
62012,17117,0.4457,0.3237
62012,17119,0.0542,0.2841
62017,17135,0.9379,0.9378
62017,17005,0.0621,0.0622
62019,17005,0.6625,0.6323
62019,17135,0.3375,0.3677
62021,17119,0.9767,0.9891
62021,17117,0.0233,0.0109
62032,17135,0.9703,0.9767
62032,17051,0.0297,0.0233
62035,17119,0.6963,0.9457
62035,17083,0.3037,0.0543
62044,17061,0.8073,0.8017
62044,17117,0.1927,0.1983
62052,17083,0.9881,0.9988
62052,17061,0.0119,0.0012
62054,17061,0.6573,0.297
62054,17083,0.3427,0.703
62056,17135,0.7201,0.833
62056,17117,0.2799,0.167
62060,17119,0.9514,0.9904
62060,17163,0.0486,0.0096
62063,17083,0.5171,0.7122
62063,17117,0.4778,0.2862
62063,17061,0.005,0.0016
62069,17117,0.9731,0.995
62069,17135,0.0269,0.005
62074,17119,0.7496,0.6663
62074,17005,0.1335,0.0666
62074,17117,0.0799,0.25
62074,17135,0.0369,0.017
62075,17135,0.8105,0.823
62075,17021,0.1841,0.1725
62075,17051,0.0055,0.0045
62077,17135,0.5455,0.6476
62077,17005,0.4545,0.3524
62079,17117,0.8149,0.8111
62079,17083,0.1851,0.1889
62080,17051,0.9416,0.9215
62080,17135,0.0394,0.0595
62080,17173,0.0189,0.019
62082,17061,0.8297,0.8614
62082,17171,0.162,0.1317
62082,17137,0.0083,0.0069
62083,17021,0.6174,0.6136
62083,17135,0.3826,0.3864
62086,17005,0.7625,0.7529
62086,17135,0.2084,0.1959
62086,17119,0.0291,0.0512
62088,17117,0.6352,0.9027
62088,17119,0.3648,0.0973
62201,17163,0.9602,0.9836
62201,17119,0.0398,0.0164
62216,17027,0.9196,0.9697
62216,17119,0.0804,0.0303
62234,17119,0.8325,0.8814
62234,17163,0.1675,0.1186
62236,17133,0.8203,0.9114
62236,17163,0.1797,0.0886
62237,17145,0.4948,0.4208
62237,17189,0.2554,0.2211
62237,17157,0.2499,0.3581
62249,17119,0.9019,0.9856
62249,17027,0.075,0.0106
62249,17005,0.0232,0.0039
62253,17005,0.8051,0.8259
62253,17051,0.1224,0.0609
62253,17027,0.0725,0.1132
62254,17163,0.983,0.9801
62254,17119,0.017,0.0199
62257,17163,0.5685,0.7112
62257,17189,0.3612,0.2277
62257,17157,0.0702,0.0611
62262,17005,0.6061,0.7386
62262,17051,0.3939,0.2614
62263,17189,0.9923,0.9962
62263,17145,0.0077,0.0038
62264,17163,0.9445,0.9841
62264,17133,0.0555,0.0159
62265,17027,0.8643,0.8178
62265,17163,0.1357,0.1822
62268,17189,0.9522,0.9544
62268,17145,0.0478,0.0456
62272,17157,0.8194,0.9689
62272,17145,0.1691,0.0279
62272,17077,0.0115,0.0032
62274,17145,0.9907,0.9953
62274,17077,0.0093,0.0047
62275,17005,0.7614,0.6882
62275,17119,0.1743,0.257
62275,17027,0.0644,0.0548
62277,17157,0.6069,0.6497
62277,17133,0.3931,0.3503
62278,17133,0.5404,0.1994
62278,17157,0.4596,0.8006
62280,17077,0.5703,0.4868
62280,17157,0.4297,0.5132
62293,17027,0.4641,0.5944
62293,17163,0.3717,0.3433
62293,17119,0.1641,0.0623
62294,17119,0.9721,0.9893
62294,17163,0.0279,0.0107
62298,17133,0.9088,0.8975
62298,17163,0.0912,0.1025
62311,17067,0.4852,0.4867
62311,17169,0.3996,0.2788
62311,17001,0.1152,0.2344
62312,17149,0.7755,0.6376
62312,17001,0.2245,0.3624
62314,17149,0.8459,0.8278
62314,17001,0.1541,0.1722
62316,17067,0.8908,0.8008
62316,17001,0.1092,0.1992
62323,17149,0.9818,0.9868
62323,17009,0.0182,0.0132
62324,17001,0.9286,0.9646
62324,17009,0.0714,0.0354
62326,17109,0.9504,0.9678
62326,17067,0.0496,0.0322
62330,17067,0.9081,0.9224
62330,17071,0.0919,0.0776
62343,17149,0.9431,0.9144
62343,17001,0.0569,0.0856
62346,17001,0.6197,0.8262
62346,17169,0.3803,0.1738
62349,17001,0.9051,0.9391
62349,17067,0.0949,0.0609
62351,17001,0.951,0.9516
62351,17067,0.049,0.0484
62353,17009,0.9809,0.9908
62353,17149,0.0122,0.0063
62353,17169,0.0069,0.0028
62355,17149,0.5481,0.4067
62355,17013,0.4519,0.5933
62367,17067,0.3768,0.3429
62367,17109,0.3442,0.4804
62367,17169,0.279,0.1767
62373,17067,0.9651,0.9643
62373,17001,0.0349,0.0357
62374,17067,0.5086,0.4029
62374,17109,0.4914,0.5971
62379,17067,0.8041,0.838
62379,17001,0.1959,0.162
62401,17049,0.9722,0.9947
62401,17173,0.0278,0.0053
62411,17049,0.9663,0.9799
62411,17051,0.0337,0.0201
62413,17033,0.9098,0.9365
62413,17023,0.0902,0.0635
62414,17051,0.5442,0.4664
62414,17049,0.2652,0.3914
62414,17173,0.1906,0.1421
62420,17023,0.5687,0.7156
62420,17035,0.3609,0.2371
62420,17029,0.0549,0.0409
62420,17079,0.0155,0.0064
62421,17159,0.9256,0.9233
62421,17033,0.06,0.0587
62421,17101,0.0145,0.018
62422,17173,0.6495,0.6956
62422,17051,0.3505,0.3044
62423,17023,0.6642,0.5946
62423,17045,0.3358,0.4054
62424,17049,0.9123,0.9589
62424,17079,0.0754,0.0351
62424,17025,0.0124,0.006
62425,17159,0.8309,0.9076
62425,17079,0.1691,0.0924
62426,17025,0.5579,0.3079
62426,17049,0.3191,0.6107
62426,17051,0.123,0.0814
62427,17033,0.7616,0.8086
62427,17101,0.2384,0.1914
62431,17173,0.6227,0.6916
62431,17051,0.3773,0.3084
62432,17079,0.9972,0.9955
62434,17025,0.6132,0.6223
62434,17079,0.3868,0.3777
62436,17035,0.6183,0.7678
62436,17079,0.3817,0.2322
62440,17029,0.7381,0.7483
62440,17035,0.2619,0.2517
62441,17023,0.9631,0.9809
62441,17045,0.0369,0.0191
62442,17023,0.9791,0.9838
62442,17033,0.0209,0.0162
62443,17049,0.8941,0.9642
62443,17025,0.1059,0.0358
62445,17079,0.469,0.2512
62445,17035,0.4251,0.5175
62445,17049,0.1059,0.2314
62447,17035,0.6896,0.7553
62447,17173,0.31,0.2443
62448,17079,0.9658,0.9714
62448,17159,0.0232,0.0229
62448,17025,0.011,0.0057
62449,17033,0.8144,0.912
62449,17079,0.1756,0.0832
62449,17023,0.01,0.0047
62450,17159,0.9945,0.9989
62450,17191,0.0055,0.0011
62458,17051,0.8771,0.7725
62458,17049,0.1229,0.2275
62460,17101,0.9817,0.9873
62460,17185,0.0183,0.0127
62461,17049,0.7068,0.8248
62461,17173,0.2932,0.1752
62462,17173,0.4993,0.419
62462,17035,0.4979,0.5753
62462,17049,0.0028,0.0057
62466,17101,0.8884,0.9066
62466,17033,0.0878,0.0754
62466,17159,0.0237,0.018
62467,17049,0.8039,0.9319
62467,17079,0.1048,0.0227
62467,17035,0.0913,0.0455
62469,17035,0.8499,0.8355
62469,17029,0.1501,0.1645
62474,17023,0.6359,0.4712
62474,17029,0.3641,0.5288
62476,17047,0.6861,0.7031
62476,17185,0.2934,0.2724
62476,17101,0.0128,0.0171
62476,17159,0.0078,0.0073
62478,17023,0.5371,0.4512
62478,17033,0.4629,0.5488
62479,17079,0.981,0.9593
62479,17049,0.019,0.0407
62510,17021,0.5126,0.5193
62510,17173,0.4874,0.4807
62512,17107,0.9779,0.9735
62512,17039,0.0221,0.0265
62513,17021,0.5221,0.3768
62513,17115,0.4779,0.6232
62534,17173,0.9974,0.9964
62538,17135,0.807,0.6872
62538,17021,0.193,0.3128
62539,17167,0.7685,0.8124
62539,17115,0.2315,0.1876
62543,17107,0.6517,0.5947
62543,17115,0.3483,0.4053
62545,17167,0.6468,0.8226
62545,17021,0.3532,0.1774
62546,17021,0.8938,0.9345
62546,17135,0.1062,0.0655
62547,17021,0.963,0.9355
62547,17115,0.037,0.0645
62548,17107,0.9868,0.9766
62548,17167,0.0132,0.0234
62550,17173,0.5965,0.6584
62550,17021,0.3381,0.2449
62550,17115,0.0654,0.0967
62553,17173,0.805,0.733
62553,17135,0.195,0.267
62557,17021,0.7378,0.915
62557,17173,0.2119,0.0617
62557,17135,0.0503,0.0232
62558,17167,0.5287,0.7445
62558,17021,0.3795,0.2374
62558,17135,0.0918,0.0181
62560,17135,0.8876,0.8791
62560,17117,0.1124,0.1209
62563,17167,0.9581,0.9925
62563,17021,0.0419,0.0075
62572,17135,0.5092,0.475
62572,17117,0.4908,0.525
62611,17017,0.6565,0.6491
62611,17137,0.3435,0.3509
62612,17017,0.6186,0.6302
62612,17137,0.3814,0.3698
62613,17129,0.8542,0.8257
62613,17167,0.0732,0.1408
62613,17107,0.0725,0.0336
62621,17171,0.9298,0.8903
62621,17137,0.0702,0.1097
62627,17017,0.6239,0.7776
62627,17125,0.3761,0.2224
62628,17137,0.8723,0.9172
62628,17171,0.1277,0.0828
62630,17117,0.9446,0.9592
62630,17061,0.0554,0.0408
62635,17107,0.9116,0.8144
62635,17179,0.0884,0.1856
62638,17137,0.9564,0.973
62638,17117,0.0436,0.027
62640,17117,0.969,0.9879
62640,17135,0.031,0.0121
62644,17125,0.6786,0.8981
62644,17057,0.3214,0.1019
62650,17137,0.9816,0.9976
62650,17171,0.0184,0.0024
62665,17137,0.7551,0.8344
62665,17171,0.2449,0.1656
62666,17107,0.7686,0.6139
62666,17129,0.2314,0.3861
62667,17117,0.9489,0.9164
62667,17137,0.0511,0.0836
62668,17137,0.8717,0.8744
62668,17171,0.1283,0.1256
62670,17167,0.9208,0.9644
62670,17137,0.0792,0.0356
62671,17107,0.8951,0.9396
62671,17125,0.1049,0.0604
62673,17129,0.6928,0.7117
62673,17017,0.3072,0.2883
62675,17129,0.9802,0.9931
62675,17017,0.0198,0.0069
62677,17167,0.9831,0.992
62677,17129,0.0169,0.008
62682,17125,0.5605,0.4168
62682,17107,0.3009,0.2688
62682,17179,0.1386,0.3144
62690,17117,0.6272,0.8789
62690,17135,0.2106,0.0299
62690,17167,0.1622,0.0911
62692,17137,0.5229,0.6159
62692,17167,0.4771,0.3841
62693,17167,0.6058,0.8851
62693,17107,0.365,0.0984
62693,17129,0.0292,0.0164
62694,17171,0.9767,0.9755
62694,17137,0.0233,0.0245
62801,17121,0.3699,0.7727
62801,17027,0.3333,0.1676
62801,17189,0.1584,0.0206
62801,17081,0.1384,0.0391
62808,17189,0.6847,0.6475
62808,17081,0.3153,0.3525
62810,17081,0.856,0.9249
62810,17191,0.0989,0.0573
62810,17065,0.0452,0.0178
62814,17081,0.8209,0.8838
62814,17191,0.1791,0.1162
62818,17047,0.501,0.5734
62818,17185,0.499,0.4266
62820,17193,0.5968,0.688
62820,17191,0.4032,0.312
62824,17025,0.8453,0.883
62824,17191,0.1547,0.117
62828,17065,0.9714,0.9586
62828,17191,0.0286,0.0414
62830,17081,0.9588,0.9442
62830,17121,0.0412,0.0558
62831,17189,0.7691,0.7718
62831,17145,0.2309,0.2282
62832,17145,0.9476,0.9759
62832,17077,0.0524,0.0241
62833,17191,0.7069,0.59
62833,17047,0.2931,0.41
62835,17193,0.8211,0.893
62835,17065,0.1789,0.107
62836,17055,0.9314,0.9005
62836,17081,0.0686,0.0995
62838,17051,0.6146,0.5887
62838,17025,0.2918,0.2543
62838,17121,0.0791,0.1113
62838,17049,0.0145,0.0457
62844,17193,0.6216,0.5114
62844,17047,0.3784,0.4886
62851,17191,0.8997,0.8172
62851,17081,0.0764,0.1457
62851,17121,0.0239,0.0372
62854,17121,0.9821,0.9863
62854,17025,0.0109,0.0084
62854,17051,0.0069,0.0053
62858,17025,0.9883,0.9766
62858,17049,0.0117,0.0234
62859,17065,0.9954,0.9957
62860,17055,0.7196,0.8405
62860,17065,0.2804,0.1595
62867,17193,0.6521,0.6373
62867,17059,0.3479,0.3627
62868,17159,0.6706,0.7581
62868,17025,0.1677,0.1269
62868,17191,0.1617,0.1151
62869,17193,0.9373,0.9372
62869,17065,0.0351,0.0267
62869,17165,0.0219,0.0301
62869,17059,0.0057,0.006
62871,17059,0.9889,0.9895
62871,17193,0.0111,0.0105
62875,17121,0.5744,0.5683
62875,17051,0.3536,0.342
62875,17027,0.0719,0.0897
62877,17189,0.9351,0.9164
62877,17081,0.0649,0.0836
62882,17121,0.8278,0.9454
62882,17027,0.1722,0.0546
62883,17081,0.7052,0.5746
62883,17145,0.1603,0.1106
62883,17055,0.1345,0.3147
62887,17193,0.5239,0.6673
62887,17065,0.4761,0.3327
62889,17081,0.6769,0.7358
62889,17121,0.3231,0.2642
62890,17055,0.5244,0.594
62890,17199,0.2319,0.2428
62890,17065,0.163,0.0756
62890,17165,0.0807,0.0876
62892,17121,0.9036,0.9055
62892,17051,0.0964,0.0945
62893,17081,0.5495,0.3471
62893,17121,0.4505,0.6529
62895,17191,0.7557,0.8116
62895,17065,0.2443,0.1884
62896,17055,0.9092,0.877
62896,17199,0.0908,0.123
62899,17025,0.591,0.6689
62899,17191,0.409,0.3311
62901,17077,0.8926,0.8858
62901,17199,0.1074,0.1142
62902,17199,0.6357,0.3681
62902,17077,0.3492,0.6248
62902,17181,0.0151,0.0071
62905,17181,0.8296,0.8638
62905,17077,0.1704,0.1362
62907,17077,0.9904,0.9907
62907,17157,0.0096,0.0093
62908,17127,0.6458,0.6806
62908,17087,0.3542,0.3194
62910,17127,0.5553,0.7057
62910,17151,0.4447,0.2943
62912,17087,0.5933,0.5858
62912,17181,0.4067,0.4142
62916,17077,0.4755,0.5615
62916,17145,0.3013,0.2169
62916,17157,0.2233,0.2217
62917,17165,0.7844,0.8431
62917,17199,0.2156,0.1569
62918,17199,0.9994,0.9998
62920,17181,0.9582,0.9199
62920,17077,0.0418,0.0801
62922,17199,0.7345,0.7607
62922,17087,0.2655,0.2393
62923,17087,0.5981,0.6523
62923,17181,0.217,0.154
62923,17153,0.1849,0.1936
62924,17077,0.8784,0.7401
62924,17199,0.1216,0.2599
62926,17181,0.7784,0.724
62926,17153,0.2216,0.276
62930,17165,0.9157,0.9869
62930,17059,0.0484,0.0085
62930,17065,0.0358,0.0046
62931,17069,0.9181,0.9477
62931,17059,0.0819,0.0523
62932,17077,0.9843,0.9689
62932,17055,0.0157,0.0311
62934,17059,0.6651,0.5908
62934,17165,0.3349,0.4092
62935,17165,0.9139,0.9505
62935,17065,0.078,0.0363
62935,17199,0.0081,0.0132
62938,17151,0.9399,0.8662
62938,17069,0.0418,0.0885
62938,17127,0.0183,0.0453
62939,17087,0.8957,0.8893
62939,17181,0.0646,0.063
62939,17199,0.0397,0.0477
62941,17153,0.738,0.6983
62941,17127,0.262,0.3017
62943,17087,0.6051,0.7381
62943,17127,0.2449,0.1916
62943,17151,0.1499,0.0703
62946,17165,0.9475,0.9943
62946,17151,0.0525,0.0057
62947,17151,0.58,0.2926
62947,17069,0.3404,0.604
62947,17165,0.0796,0.1034
62952,17181,0.976,0.9903
62952,17003,0.024,0.0097
62956,17127,0.5125,0.5612
62956,17153,0.4875,0.4388
62957,17003,0.7928,0.7696
62957,17181,0.2072,0.2304
62958,17077,0.3989,0.5156
62958,17181,0.3711,0.2744
62958,17199,0.23,0.21
62960,17127,0.9831,0.9962
62960,17151,0.0169,0.0038
62967,17087,0.9643,0.9599
62967,17199,0.0357,0.0401
62972,17087,0.9086,0.9757
62972,17151,0.0914,0.0243
62985,17151,0.6359,0.3044
62985,17087,0.3641,0.6956
62987,17151,0.4307,0.1837
62987,17165,0.3905,0.4731
62987,17199,0.1789,0.3432
62992,17153,0.82,0.8819
62992,17003,0.18,0.1181
63005,29189,0.9734,0.996
63005,29071,0.0266,0.004
63014,29071,0.9759,0.9906
63014,29073,0.0241,0.0094
63015,29071,0.6454,0.5395
63015,29099,0.3546,0.4605
63020,29099,0.9354,0.9856
63020,29221,0.0644,0.0144
63025,29189,0.5746,0.6192
63025,29099,0.4254,0.3808
63026,29099,0.5048,0.5309
63026,29189,0.4952,0.4691
63028,29099,0.8315,0.973
63028,29186,0.163,0.0257
63028,29187,0.0055,0.0013
63030,29221,0.9385,0.8864
63030,29099,0.0615,0.1136
63036,29187,0.7492,0.8067
63036,29186,0.2508,0.1933
63037,29071,0.9857,0.9941
63037,29073,0.0143,0.0059
63041,29071,0.9754,0.9623
63041,29099,0.0246,0.0377
63049,29099,0.804,0.8823
63049,29189,0.196,0.1177
63068,29071,0.9621,0.9866
63068,29073,0.0379,0.0134
63069,29071,0.4307,0.4562
63069,29189,0.332,0.422
63069,29099,0.2373,0.1217
63072,29071,0.9689,0.9462
63072,29099,0.0311,0.0538
63080,29071,0.5665,0.8416
63080,29221,0.3931,0.1117
63080,29055,0.0404,0.0468
63087,29187,0.9117,0.8659
63087,29099,0.0883,0.1341
63091,29073,0.7957,0.7162
63091,29071,0.2043,0.2838
63105,29189,0.9566,0.9391
63105,29510,0.0434,0.0609
63117,29189,0.944,0.9302
63117,29510,0.056,0.0698
63119,29189,0.9913,0.9874
63119,29510,0.0087,0.0126
63120,29510,0.9356,0.9346
63120,29189,0.0644,0.0654
63123,29189,0.9505,0.9375
63123,29510,0.0495,0.0625
63125,29189,0.9852,0.9804
63125,29510,0.0148,0.0196
63130,29189,0.9802,0.9748
63130,29510,0.0198,0.0252
63133,29189,0.9906,0.9825
63133,29510,0.0094,0.0175
63136,29189,0.96,0.928
63136,29510,0.04,0.072
63137,29189,0.8519,0.9744
63137,29510,0.1481,0.0256
63138,29189,0.9897,0.9978
63138,29510,0.0103,0.0022
63143,29189,0.7435,0.7847
63143,29510,0.2565,0.2153
63333,29139,0.9288,0.9255
63333,29113,0.0712,0.0745
63334,29163,0.9491,0.9593
63334,29113,0.0509,0.0407
63343,29113,0.9264,0.975
63343,29163,0.0736,0.025
63344,29163,0.531,0.3733
63344,29113,0.469,0.6267
63348,29183,0.7841,0.7552
63348,29219,0.1947,0.22
63348,29113,0.0212,0.0248
63349,29113,0.9077,0.8782
63349,29219,0.0923,0.1218
63351,29219,0.5494,0.6071
63351,29139,0.4506,0.3929
63352,29007,0.8963,0.8746
63352,29173,0.1037,0.1254
63357,29219,0.9622,0.9596
63357,29183,0.0378,0.0404
63359,29163,0.5256,0.4342
63359,29139,0.3633,0.4532
63359,29007,0.0821,0.0653
63359,29113,0.0291,0.0472
63361,29139,0.7596,0.8216
63361,29027,0.2404,0.1784
63363,29139,0.9617,0.9487
63363,29219,0.0383,0.0513
63381,29219,0.3433,0.5432
63381,29139,0.3286,0.2436
63381,29113,0.328,0.2132
63382,29007,0.4763,0.77
63382,29173,0.4104,0.1867
63382,29163,0.1133,0.0433
63383,29219,0.9734,0.9677
63383,29113,0.0266,0.0323
63384,29139,0.8227,0.8761
63384,29007,0.1324,0.0817
63384,29027,0.0449,0.0421
63390,29219,0.878,0.8883
63390,29113,0.122,0.1117
63401,29127,0.5015,0.8992
63401,29173,0.4985,0.1008
63432,29199,0.876,0.8871
63432,29045,0.124,0.1129
63435,29111,0.6804,0.8165
63435,29045,0.3196,0.1835
63437,29205,0.868,0.8532
63437,29137,0.0851,0.0815
63437,29121,0.0469,0.0653
63438,29111,0.6813,0.6729
63438,29127,0.3187,0.3271
63439,29205,0.7227,0.5961
63439,29127,0.2773,0.4039
63440,29111,0.7211,0.7236
63440,29127,0.2556,0.2628
63440,29205,0.0233,0.0136
63441,29163,0.9018,0.7811
63441,29173,0.0982,0.2189
63443,29137,0.4882,0.4555
63443,29205,0.3324,0.3913
63443,29127,0.1794,0.1532
63446,29103,0.9188,0.8484
63446,29111,0.0812,0.1516
63447,29111,0.9556,0.9819
63447,29103,0.0444,0.0181
63450,29205,0.5636,0.5701
63450,29137,0.4364,0.4299
63451,29205,0.9038,0.9595
63451,29103,0.0962,0.0405
63454,29127,0.716,0.6784
63454,29111,0.284,0.3216
63456,29127,0.3931,0.3502
63456,29173,0.3379,0.3183
63456,29137,0.269,0.3315
63459,29173,0.9201,0.9628
63459,29163,0.0799,0.0372
63462,29173,0.5872,0.5209
63462,29137,0.4128,0.4791
63468,29205,0.6209,0.7306
63468,29137,0.3791,0.2694
63469,29205,0.9706,0.9877
63469,29103,0.0294,0.0123
63471,29127,0.7878,0.7686
63471,29111,0.2122,0.2314
63473,29111,0.5208,0.5929
63473,29045,0.4792,0.4071
63474,29045,0.9381,0.9206
63474,29199,0.043,0.0469
63474,29111,0.0189,0.0325
63531,29103,0.5365,0.7894
63531,29199,0.4635,0.2106
63533,29001,0.912,0.8878
63533,29103,0.088,0.1122
63534,29121,0.9804,0.9622
63534,29175,0.0196,0.0378
63535,29197,0.6829,0.8003
63535,29171,0.3171,0.1997
63536,29197,0.5508,0.7071
63536,29199,0.4492,0.2929
63544,29001,0.4507,0.5875
63544,29211,0.4288,0.3208
63544,29171,0.1205,0.0917
63546,29001,0.6487,0.6855
63546,29197,0.3306,0.3062
63546,29199,0.0207,0.0083
63547,29103,0.8894,0.8791
63547,29001,0.1106,0.1209
63549,29121,0.6841,0.6949
63549,29001,0.2928,0.2978
63549,29103,0.0231,0.0073
63557,29115,0.6635,0.6166
63557,29121,0.2126,0.1991
63557,29001,0.0923,0.154
63557,29211,0.0316,0.0302
63558,29121,0.6871,0.6798
63558,29041,0.3129,0.3202
63559,29001,0.883,0.9352
63559,29171,0.117,0.0648
63560,29211,0.8724,0.868
63560,29171,0.1276,0.132
63563,29103,0.5189,0.4573
63563,29199,0.4811,0.5427
63565,29171,0.9828,0.9902
63565,29211,0.0172,0.0098
63566,29115,0.6099,0.6027
63566,29211,0.3901,0.3973
63620,29093,0.685,0.7261
63620,29123,0.2084,0.2072
63620,29179,0.1066,0.0667
63621,29093,0.6874,0.6405
63621,29123,0.3126,0.3595
63624,29187,0.5473,0.8435
63624,29221,0.2916,0.1112
63624,29093,0.1611,0.0453
63625,29179,0.8201,0.7308
63625,29093,0.1799,0.2692
63626,29221,0.8143,0.7935
63626,29187,0.1857,0.2065
63627,29186,0.942,0.7974
63627,29099,0.058,0.2026
63628,29187,0.84,0.9153
63628,29186,0.0775,0.0255
63628,29221,0.0628,0.0381
63628,29099,0.0196,0.0211
63629,29203,0.4798,0.3675
63629,29179,0.3268,0.3276
63629,29065,0.1934,0.3048
63630,29221,0.9332,0.9441
63630,29187,0.0668,0.0559
63631,29221,0.6451,0.6876
63631,29093,0.3549,0.3124
63636,29093,0.4603,0.4011
63636,29223,0.3047,0.3554
63636,29123,0.235,0.2435
63638,29179,0.8197,0.8984
63638,29203,0.1803,0.1016
63640,29187,0.6606,0.9249
63640,29186,0.3394,0.0751
63645,29123,0.8744,0.8661
63645,29187,0.0829,0.1144
63645,29186,0.0427,0.0195
63648,29221,0.9262,0.8324
63648,29187,0.0738,0.1676
63650,29093,0.7542,0.7717
63650,29187,0.2153,0.2162
63650,29123,0.0305,0.0121
63654,29179,0.988,0.9838
63654,29093,0.012,0.0162
63655,29123,0.6576,0.5451
63655,29017,0.2226,0.3267
63655,29223,0.1199,0.1281
63656,29093,0.5094,0.7097
63656,29179,0.4906,0.2903
63673,29186,0.4949,0.3308
63673,29157,0.3021,0.2365
63673,17157,0.203,0.4327
63730,29207,0.5459,0.6842
63730,29017,0.3386,0.1846
63730,29031,0.1154,0.1313
63732,29157,0.6223,0.5639
63732,29031,0.3777,0.4361
63735,29207,0.8947,0.882
63735,29201,0.1053,0.118
63740,29201,0.5023,0.7625
63740,29031,0.4977,0.2375
63764,29017,0.9766,0.9749
63764,29031,0.0234,0.0251
63766,29031,0.6742,0.848
63766,29017,0.3258,0.152
63770,29157,0.534,0.4735
63770,29031,0.466,0.5265
63771,29201,0.7326,0.8044
63771,29207,0.25,0.1846
63771,29031,0.0174,0.011
63775,29157,0.9758,0.9857
63775,29017,0.0126,0.0059
63775,29031,0.0116,0.0084
63780,29201,0.9689,0.9485
63780,29031,0.0311,0.0515
63781,29017,0.9901,0.9864
63781,29157,0.0099,0.0136
63785,29031,0.974,0.9659
63785,29017,0.026,0.0341
63787,29017,0.9537,0.9345
63787,29223,0.0463,0.0655
63801,29201,0.5787,0.8501
63801,29143,0.2983,0.1265
63801,29207,0.1098,0.021
63801,29133,0.0133,0.0024
63822,29207,0.9214,0.9088
63822,29069,0.0786,0.0912
63823,29133,0.8225,0.7461
63823,29201,0.1775,0.2539
63833,29143,0.5314,0.4393
63833,29207,0.4686,0.5607
63834,29133,0.8504,0.8598
63834,29201,0.1496,0.1402
63837,29069,0.7242,0.8753
63837,29143,0.2758,0.1247
63845,29133,0.8644,0.9491
63845,29143,0.1356,0.0509
63848,29143,0.8356,0.8606
63848,29155,0.1644,0.1394
63849,29069,0.8469,0.8301
63849,29155,0.1531,0.1699
63852,29069,0.8689,0.9558
63852,29155,0.1311,0.0442
63857,29069,0.9709,0.9959
63857,29155,0.0291,0.0041
63863,29069,0.7201,0.9661
63863,29143,0.2799,0.0339
63870,29143,0.6421,0.5289
63870,29207,0.3579,0.4711
63873,29143,0.6865,0.8963
63873,29155,0.3135,0.1037
63877,29155,0.9411,0.9673
63877,29069,0.0589,0.0327
63935,29181,0.9249,0.961
63935,29149,0.0674,0.0325
63935,29035,0.0077,0.0065
63937,29035,0.7854,0.6305
63937,29023,0.141,0.3361
63937,29223,0.0735,0.0334
63941,29035,0.6633,0.6246
63941,29149,0.3293,0.3675
63941,29181,0.0073,0.0079
63942,29181,0.717,0.7086
63942,29149,0.283,0.2914
63943,29035,0.7172,0.7154
63943,29181,0.2828,0.2846
63945,29023,0.8958,0.968
63945,29181,0.1042,0.032
63953,29181,0.823,0.5696
63953,29023,0.177,0.4304
63954,29023,0.9364,0.9328
63954,29181,0.0636,0.0672
63957,29223,0.7568,0.9072
63957,29179,0.2432,0.0928
63960,29207,0.9197,0.9477
63960,29017,0.0803,0.0523
63964,29223,0.9533,0.9621
63964,29123,0.0467,0.0379
63965,29035,0.9718,0.9631
63965,29179,0.0282,0.0369
63966,29223,0.7855,0.5744
63966,29023,0.2145,0.4256
63967,29223,0.6965,0.3007
63967,29023,0.3035,0.6993
64011,29107,0.7946,0.8143
64011,29101,0.2054,0.1857
64017,29177,0.5936,0.6332
64017,29107,0.4064,0.3668
64020,29107,0.7333,0.8269
64020,29101,0.2245,0.1415
64020,29195,0.0422,0.0317
64024,29047,0.6284,0.8972
64024,29177,0.3716,0.1028
64034,29095,0.8053,0.9174
64034,29037,0.1947,0.0826
64035,29177,0.96,0.9749
64035,29033,0.04,0.0251
64037,29107,0.9718,0.9928
64037,29101,0.0282,0.0072
64040,29101,0.9906,0.9905
64040,29037,0.0094,0.0095
64048,29047,0.6326,0.6291
64048,29049,0.3674,0.3709
64061,29101,0.8392,0.849
64061,29037,0.1546,0.1398
64061,29095,0.0062,0.0112
64062,29177,0.7316,0.6713
64062,29047,0.1349,0.277
64062,29049,0.1103,0.0442
64062,29025,0.0232,0.0075
64070,29095,0.8243,0.9039
64070,29101,0.1757,0.0961
64075,29095,0.909,0.9754
64075,29107,0.091,0.0246
64076,29107,0.8972,0.9332
64076,29101,0.1028,0.0668
64077,29177,0.9007,0.8764
64077,29047,0.0993,0.1236
64080,29037,0.9703,0.9775
64080,29095,0.0258,0.0207
64082,29095,0.9077,0.7948
64082,29037,0.0923,0.2052
64089,29047,0.7333,0.9319
64089,29165,0.2667,0.0681
64096,29107,0.9371,0.9626
64096,29195,0.0629,0.0374
64118,29047,0.9893,0.9951
64118,29165,0.0107,0.0049
64147,29095,0.901,0.7426
64147,29037,0.099,0.2574
64150,29165,0.9978,0.9974
64151,29165,0.9984,0.9984
64155,29047,0.9956,0.9992
64423,29147,0.9792,0.9759
64423,29003,0.0208,0.0241
64427,29003,0.823,0.8192
64427,29147,0.177,0.1808
64428,29147,0.865,0.8272
64428,29005,0.135,0.1728
64429,29063,0.3276,0.2899
64429,29025,0.3087,0.1351
64429,29049,0.3077,0.5577
64429,29061,0.056,0.0172
64430,29063,0.845,0.577
64430,29003,0.155,0.423
64437,29087,0.9956,0.9956
64439,29165,0.5867,0.59
64439,29021,0.4133,0.41
64440,29021,0.9062,0.9248
64440,29165,0.0938,0.0752
64441,29227,0.6166,0.5715
64441,29075,0.3834,0.4285
64444,29165,0.7697,0.8616
64444,29021,0.1884,0.1018
64444,29049,0.0419,0.0366
64454,29049,0.5606,0.6738
64454,29021,0.4394,0.3262
64455,29147,0.9102,0.8653
64455,29003,0.0898,0.1347
64456,29227,0.9392,0.952
64456,29081,0.0608,0.048
64457,29147,0.855,0.85
64457,29003,0.145,0.15
64458,29081,0.951,0.938
64458,29227,0.049,0.062
64463,29075,0.6634,0.6012
64463,29063,0.2598,0.3048
64463,29003,0.0768,0.094
64465,29049,0.8633,0.9305
64465,29025,0.1367,0.0695
64469,29063,0.9833,0.9919
64469,29075,0.0167,0.0081
64471,29081,0.79,0.7086
64471,29075,0.21,0.2914
64474,29063,0.5739,0.3828
64474,29049,0.4261,0.6172
64475,29147,0.5997,0.6679
64475,29227,0.3806,0.3071
64475,29075,0.0198,0.0251
64479,29147,0.8425,0.8637
64479,29075,0.1575,0.1363
64484,29021,0.6637,0.7128
64484,29165,0.3363,0.2872
64486,29227,0.606,0.5904
64486,29147,0.394,0.4096
64487,29147,0.7506,0.7216
64487,29005,0.1627,0.2196
64487,29087,0.0867,0.0588
64489,29075,0.7751,0.7425
64489,29147,0.2249,0.2575
64490,29049,0.5988,0.7577
64490,29063,0.3994,0.2409
64492,29049,0.7189,0.5246
64492,29047,0.2173,0.4162
64492,29165,0.0638,0.0592
64494,29003,0.5314,0.5312
64494,29063,0.4686,0.4688
64497,29063,0.6601,0.8554
64497,29061,0.3399,0.1446
64499,29227,0.7029,0.6322
64499,29075,0.2971,0.3678
64505,29003,0.7712,0.2182
64505,29021,0.2288,0.7818
64506,29021,0.9596,0.9978
64506,29003,0.0404,0.0022
64507,29021,0.9893,0.9955
64507,29003,0.0107,0.0045
64601,29117,0.997,0.9985
64624,29025,0.4938,0.5942
64624,29033,0.2628,0.1701
64624,29177,0.1847,0.1933
64624,29117,0.0588,0.0423
64625,29025,0.6648,0.6089
64625,29061,0.2294,0.3332
64625,29117,0.1058,0.058
64628,29115,0.8675,0.9758
64628,29041,0.1325,0.0242
64630,29211,0.5269,0.4385
64630,29115,0.4731,0.5615
64631,29115,0.688,0.8118
64631,29121,0.312,0.1882
64632,29129,0.5859,0.5718
64632,29081,0.4141,0.4282
64635,29117,0.7448,0.8222
64635,29115,0.1545,0.0975
64635,29079,0.1007,0.0803
64636,29061,0.7431,0.7843
64636,29081,0.2569,0.2157
64637,29025,0.7645,0.7902
64637,29177,0.2355,0.2098
64638,29117,0.5906,0.6159
64638,29033,0.4094,0.3841
64641,29079,0.7853,0.8707
64641,29211,0.2147,0.1293
64642,29081,0.6465,0.5861
64642,29061,0.2381,0.2715
64642,29079,0.1154,0.1424
64643,29033,0.5436,0.556
64643,29117,0.4564,0.444
64644,29025,0.8039,0.8198
64644,29061,0.1961,0.1802
64645,29211,0.7081,0.6907
64645,29129,0.2919,0.3093
64646,29211,0.8779,0.8179
64646,29115,0.1221,0.1821
64648,29061,0.7809,0.8357
64648,29079,0.1492,0.1246
64648,29117,0.0699,0.0397
64649,29025,0.5799,0.7367
64649,29061,0.4201,0.2633
64652,29079,0.9682,0.9798
64652,29211,0.0226,0.0122
64652,29115,0.0092,0.008
64657,29075,0.5401,0.6175
64657,29081,0.3577,0.2644
64657,29061,0.1022,0.118
64658,29041,0.7523,0.2771
64658,29115,0.2207,0.7133
64658,29121,0.0271,0.0096
64667,29211,0.3838,0.3292
64667,29129,0.3453,0.3218
64667,29171,0.2709,0.3489
64668,29033,0.8016,0.7143
64668,29177,0.1984,0.2857
64670,29061,0.779,0.757
64670,29063,0.1217,0.1635
64670,29075,0.0522,0.0502
64670,29081,0.0472,0.0293
64671,29025,0.6078,0.4905
64671,29177,0.3922,0.5095
64672,29171,0.961,0.9715
64672,29129,0.039,0.0285
64679,29079,0.8801,0.9118
64679,29129,0.1199,0.0882
64681,29041,0.9353,0.787
64681,29115,0.0647,0.213
64683,29079,0.9213,0.9715
64683,29117,0.0787,0.0285
64688,29117,0.7401,0.8329
64688,29115,0.2599,0.1671
64724,29185,0.6297,0.7076
64724,29013,0.3558,0.2794
64724,29083,0.0145,0.013
64725,29037,0.819,0.8956
64725,29013,0.181,0.1044
64726,29083,0.9204,0.9072
64726,29101,0.0796,0.0928
64733,29101,0.6595,0.696
64733,29083,0.3405,0.304
64735,29083,0.9782,0.9536
64735,29015,0.0218,0.0464
64739,29037,0.7155,0.8396
64739,29083,0.2845,0.1604
64740,29083,0.6908,0.6236
64740,29185,0.3092,0.3764
64742,29037,0.6906,0.8814
64742,29013,0.3094,0.1186
64744,29039,0.5732,0.8426
64744,29185,0.2767,0.1005
64744,29217,0.15,0.0569
64747,29037,0.8091,0.894
64747,29101,0.1909,0.106
64748,29011,0.4574,0.4086
64748,29057,0.2866,0.257
64748,29097,0.1884,0.256
64748,29109,0.0676,0.0783
64750,29217,0.894,0.8958
64750,29185,0.106,0.1042
64752,29217,0.53,0.4761
64752,29013,0.47,0.5239
64755,29097,0.6528,0.7932
64755,29011,0.3472,0.2068
64756,29039,0.7671,0.7723
64756,29057,0.2329,0.2277
64759,29011,0.99,0.9956
64759,29057,0.01,0.0044
64761,29101,0.796,0.7923
64761,29083,0.204,0.2077
64770,29083,0.8351,0.8113
64770,29013,0.1176,0.1268
64770,29185,0.0473,0.0619
64776,29185,0.943,0.9097
64776,29015,0.057,0.0903
64779,29013,0.7223,0.7842
64779,29217,0.2777,0.2158
64780,29185,0.5834,0.5437
64780,29013,0.4166,0.4563
64783,29217,0.7306,0.7343
64783,29185,0.2694,0.2657
64784,29217,0.7442,0.7598
64784,29011,0.2406,0.2252
64784,29039,0.0152,0.0149
64788,29083,0.7447,0.7111
64788,29013,0.2553,0.2889
64804,29145,0.8128,0.519
64804,29097,0.1872,0.481
64832,29097,0.6001,0.8513
64832,29011,0.3999,0.1487
64840,29145,0.8723,0.8762
64840,29097,0.1277,0.1238
64842,29145,0.944,0.9241
64842,29009,0.056,0.0759
64843,29119,0.8634,0.8244
64843,29145,0.1366,0.1756
64848,29109,0.9877,0.9894
64848,29097,0.0123,0.0106
64850,29145,0.9614,0.9922
64850,29119,0.0386,0.0078
64855,29097,0.8704,0.9647
64855,29011,0.1296,0.0353
64861,29119,0.9606,0.9606
64861,29145,0.0394,0.0394
64862,29097,0.6071,0.7122
64862,29145,0.251,0.1801
64862,29109,0.1419,0.1078
64865,29145,0.8428,0.9288
64865,29119,0.1572,0.0712
64867,29119,0.6289,0.6269
64867,29145,0.3711,0.3731
64873,29109,0.535,0.5871
64873,29145,0.465,0.4129
65001,29125,0.7308,0.6455
65001,29151,0.2692,0.3545
65011,29141,0.8702,0.9257
65011,29135,0.1298,0.0743
65013,29125,0.6135,0.7624
65013,29151,0.3865,0.2376
65014,29073,0.6937,0.7914
65014,29151,0.2735,0.1676
65014,29125,0.0328,0.041
65017,29131,0.9856,0.9587
65017,29029,0.0144,0.0413
65018,29135,0.9276,0.9698
65018,29053,0.0724,0.0302
65020,29029,0.9946,0.9989
65020,29105,0.0054,0.0011
65023,29051,0.7529,0.9145
65023,29135,0.2471,0.0855
65025,29135,0.6085,0.5885
65025,29053,0.3915,0.4115
65026,29131,0.9783,0.9951
65026,29141,0.0217,0.0049
65032,29131,0.6834,0.5303
65032,29051,0.3166,0.4697
65034,29141,0.7508,0.6162
65034,29135,0.2492,0.3838
65037,29141,0.8759,0.7772
65037,29029,0.1241,0.2228
65039,29019,0.9208,0.8619
65039,29027,0.0792,0.1381
65040,29051,0.8369,0.9244
65040,29131,0.1631,0.0756
65041,29073,0.7104,0.8219
65041,29139,0.1759,0.0845
65041,29219,0.1137,0.0937
65047,29131,0.8279,0.6947
65047,29029,0.1721,0.3053
65049,29029,0.501,0.854
65049,29131,0.499,0.146
65051,29151,0.9942,0.9969
65051,29073,0.0058,0.0031
65058,29125,0.6909,0.6234
65058,29151,0.1871,0.252
65058,29131,0.1171,0.1121
65058,29051,0.005,0.0125
65061,29073,0.5168,0.4881
65061,29151,0.4832,0.5119
65062,29151,0.6468,0.7784
65062,29073,0.3532,0.2216
65063,29027,1.0,1.0
65064,29131,0.9892,0.9947
65064,29135,0.0108,0.0053
65065,29029,0.8768,0.9839
65065,29131,0.1232,0.0161
65066,29073,0.9001,0.9266
65066,29055,0.0999,0.0734
65068,29053,0.951,0.9407
65068,29135,0.049,0.0593
65069,29139,0.8378,0.8121
65069,29027,0.1622,0.1879
65072,29141,0.9074,0.7934
65072,29131,0.0926,0.2066
65074,29135,0.4937,0.2498
65074,29051,0.4862,0.7296
65074,29131,0.02,0.0206
65076,29051,0.6702,0.7918
65076,29151,0.3298,0.2082
65078,29141,0.9372,0.9241
65078,29015,0.0628,0.0759
65079,29029,0.964,0.9509
65079,29141,0.036,0.0491
65081,29135,0.7021,0.8801
65081,29053,0.2144,0.0835
65081,29141,0.0836,0.0364
65084,29141,0.9875,0.9958
65084,29135,0.0125,0.0042
65101,29051,0.905,0.9615
65101,29151,0.051,0.0066
65101,29027,0.044,0.0319
65201,29019,0.9815,0.9951
65201,29027,0.0185,0.0049
65202,29019,0.9079,0.992
65202,29027,0.0921,0.008
65230,29089,0.7865,0.7231
65230,29175,0.2135,0.2769
65231,29027,0.975,0.9837
65231,29007,0.025,0.0163
65240,29007,0.585,0.1396
65240,29019,0.3666,0.8454
65240,29137,0.0341,0.0097
65240,29027,0.0143,0.0053
65243,29175,0.4164,0.3918
65243,29019,0.2591,0.4409
65243,29007,0.2422,0.1196
65243,29089,0.0541,0.0361
65243,29137,0.0282,0.0115
65254,29089,0.6764,0.6955
65254,29041,0.3236,0.3045
65256,29019,0.7697,0.8943
65256,29089,0.2303,0.1057
65257,29175,0.605,0.6836
65257,29089,0.395,0.3164
65260,29175,0.6899,0.7728
65260,29121,0.1913,0.1568
65260,29137,0.1188,0.0704
65263,29137,0.9709,0.9469
65263,29175,0.0291,0.0531
65264,29007,0.7125,0.6188
65264,29027,0.2425,0.3199
65264,29139,0.045,0.0613
65265,29007,0.9433,0.9816
65265,29137,0.0567,0.0184
65270,29175,0.9403,0.9944
65270,29137,0.0597,0.0056
65279,29019,0.751,0.9389
65279,29089,0.249,0.0611
65281,29041,0.984,0.9818
65281,29089,0.013,0.0138
65284,29019,0.8578,0.9658
65284,29007,0.1422,0.0342
65287,29135,0.5338,0.5839
65287,29053,0.4662,0.4161
65301,29159,0.9933,0.9991
65301,29053,0.0067,0.0009
65321,29195,0.8624,0.8284
65321,29107,0.1376,0.1716
65325,29015,0.9862,0.985
65325,29159,0.0103,0.012
65326,29015,0.8341,0.721
65326,29029,0.1454,0.2672
65326,29085,0.0206,0.0119
65327,29195,0.7395,0.6313
65327,29107,0.2605,0.3687
65332,29159,0.9708,0.9836
65332,29101,0.0292,0.0164
65333,29159,0.8524,0.9065
65333,29195,0.1476,0.0935
65335,29159,0.5475,0.6559
65335,29015,0.4525,0.3441
65336,29101,0.9335,0.9595
65336,29159,0.0665,0.0405
65340,29195,0.9615,0.9866
65340,29159,0.0385,0.0134
65345,29015,0.4225,0.3304
65345,29159,0.397,0.5787
65345,29141,0.1805,0.0908
65347,29195,0.7124,0.594
65347,29159,0.2318,0.3395
65347,29053,0.0559,0.0665
65348,29053,0.7039,0.6039
65348,29141,0.2662,0.297
65348,29159,0.0299,0.0991
65350,29159,0.864,0.9358
65350,29141,0.1324,0.0628
65351,29195,0.8255,0.7492
65351,29159,0.1597,0.2366
65351,29101,0.0148,0.0142
65354,29141,0.8589,0.8878
65354,29053,0.1411,0.1122
65355,29015,0.9901,0.9977
65355,29085,0.0073,0.0014
65360,29083,0.3225,0.568
65360,29015,0.2561,0.1458
65360,29159,0.213,0.191
65360,29101,0.2085,0.0952
65401,29161,0.8299,0.9654
65401,29065,0.1275,0.0273
65401,29125,0.0426,0.0073
65436,29161,0.9527,0.9496
65436,29215,0.0473,0.0504
65438,29203,0.6718,0.7648
65438,29149,0.3282,0.2352
65440,29065,0.546,0.6364
65440,29179,0.4002,0.2966
65440,29093,0.0538,0.067
65441,29055,0.7258,0.8827
65441,29221,0.2605,0.1054
65441,29071,0.0137,0.012
65449,29055,0.915,0.8635
65449,29161,0.085,0.1365
65452,29169,0.933,0.948
65452,29131,0.067,0.052
65453,29055,0.8855,0.9368
65453,29073,0.1145,0.0632
65459,29125,0.5332,0.2941
65459,29169,0.3578,0.6297
65459,29161,0.0551,0.0283
65459,29131,0.0538,0.0479
65461,29169,0.5077,0.8084
65461,29161,0.4923,0.1916
65462,29161,0.8482,0.8076
65462,29065,0.1518,0.1924
65463,29105,0.9287,0.8991
65463,29029,0.0372,0.0747
65463,29059,0.0341,0.0262
65470,29105,0.8802,0.9222
65470,29229,0.1198,0.0778
65479,29203,0.6054,0.4025
65479,29215,0.3946,0.5975
65534,29169,0.7909,0.9302
65534,29105,0.2091,0.0698
65536,29105,0.9389,0.9756
65536,29059,0.0463,0.0134
65536,29029,0.0148,0.0111
65542,29215,0.914,0.9468
65542,29065,0.0766,0.0488
65542,29161,0.0094,0.0045
65543,29229,0.5336,0.5325
65543,29105,0.4664,0.4675
65548,29091,0.6051,0.89
65548,29203,0.3175,0.082
65548,29215,0.0773,0.0281
65550,29161,0.9224,0.8295
65550,29169,0.0776,0.1705
65552,29215,0.777,0.6079
65552,29169,0.1215,0.3343
65552,29105,0.1015,0.0578
65556,29169,0.441,0.6145
65556,29029,0.2921,0.2765
65556,29105,0.2669,0.1089
65559,29161,0.7885,0.9259
65559,29125,0.1779,0.0458
65559,29055,0.0279,0.0254
65559,29073,0.0058,0.0028
65560,29065,0.7911,0.8923
65560,29203,0.124,0.0308
65560,29055,0.0593,0.0417
65560,29161,0.0175,0.025
65560,29215,0.0081,0.0102
65565,29055,0.8149,0.8767
65565,29221,0.1068,0.0768
65565,29093,0.0783,0.0465
65566,29055,0.6441,0.6719
65566,29093,0.3559,0.3281
65567,29029,0.7944,0.8856
65567,29105,0.2056,0.1144
65571,29215,0.512,0.705
65571,29203,0.488,0.295
65582,29125,0.9737,0.9777
65582,29151,0.0263,0.0223
65588,29203,0.6757,0.7333
65588,29149,0.3243,0.2667
65601,29167,0.6612,0.7851
65601,29057,0.331,0.2028
65601,29039,0.0078,0.0121
65604,29077,0.5923,0.7751
65604,29109,0.33,0.1838
65604,29057,0.0777,0.0411
65605,29009,0.5671,0.1523
65605,29109,0.421,0.8422
65605,29209,0.0119,0.0056
65608,29067,0.9296,0.9605
65608,29213,0.036,0.0155
65608,29153,0.0344,0.024
65609,29153,0.7157,0.6355
65609,29091,0.2843,0.3645
65610,29043,0.6117,0.7168
65610,29209,0.2403,0.131
65610,29077,0.1391,0.147
65610,29109,0.0089,0.0052
65611,29209,0.9915,0.9859
65611,29213,0.0085,0.0141
65612,29077,0.8993,0.9744
65612,29109,0.1007,0.0256
65614,29213,0.9281,0.8893
65614,29043,0.0719,0.1107
65616,29213,0.906,0.9211
65616,29209,0.094,0.0789
65617,29167,0.6375,0.5889
65617,29077,0.3625,0.4111
65619,29077,0.828,0.952
65619,29043,0.172,0.048
65622,29059,0.8958,0.9498
65622,29167,0.1042,0.0502
65624,29209,0.5187,0.7699
65624,29009,0.4813,0.2301
65626,29153,0.5031,0.4122
65626,29091,0.4969,0.5878
65630,29043,0.9817,0.9765
65630,29213,0.0183,0.0235
65631,29043,0.6687,0.8363
65631,29209,0.3313,0.1637
65632,29105,0.4683,0.4978
65632,29225,0.3008,0.343
65632,29059,0.231,0.1592
65633,29209,0.8108,0.8954
65633,29009,0.1892,0.1046
65634,29085,0.9755,0.9659
65634,29015,0.0207,0.0276
65634,29029,0.0038,0.0065
65635,29057,0.8377,0.6724
65635,29039,0.1623,0.3276
65637,29153,0.6188,0.657
65637,29067,0.2873,0.199
65637,29091,0.094,0.1441
65638,29067,0.8071,0.7319
65638,29153,0.1929,0.2681
65640,29167,0.7415,0.8575
65640,29039,0.2585,0.1425
65644,29059,0.6514,0.6334
65644,29225,0.3486,0.3666
65646,29057,0.7543,0.8149
65646,29109,0.2457,0.1851
65647,29009,0.931,0.9723
65647,29119,0.069,0.0277
65648,29077,0.583,0.7483
65648,29059,0.2609,0.1718
65648,29225,0.0812,0.0457
65648,29167,0.0749,0.0343
65649,29167,0.5395,0.7254
65649,29039,0.4605,0.2746
65650,29085,0.5299,0.4822
65650,29167,0.4701,0.5178
65652,29225,0.8481,0.9099
65652,29043,0.1353,0.085
65652,29067,0.0166,0.005
65653,29213,0.5815,0.9363
65653,29043,0.4185,0.0637
65656,29209,0.9743,0.9929
65656,29009,0.0257,0.0071
65660,29229,0.8167,0.6627
65660,29215,0.1833,0.3373
65662,29229,0.7754,0.5991
65662,29105,0.2246,0.4009
65669,29043,0.7628,0.8331
65669,29209,0.2372,0.1669
65674,29167,0.4298,0.62
65674,29039,0.383,0.2536
65674,29085,0.1121,0.0996
65674,29185,0.075,0.0268
65682,29057,0.9458,0.9317
65682,29109,0.0542,0.0683
65685,29059,0.8034,0.8646
65685,29167,0.1966,0.1354
65689,29215,0.7622,0.8371
65689,29067,0.1888,0.082
65689,29091,0.049,0.081
65692,29149,0.5843,0.5895
65692,29091,0.4157,0.4105
65702,29067,0.5548,0.2512
65702,29229,0.4452,0.7488
65704,29229,0.7484,0.8493
65704,29067,0.2516,0.1507
65705,29109,0.7092,0.7701
65705,29209,0.2908,0.2299
65706,29225,0.9985,0.9983
65708,29009,0.6906,0.5729
65708,29109,0.3094,0.4271
65711,29229,0.5158,0.6665
65711,29215,0.2782,0.2621
65711,29067,0.206,0.0714
65713,29225,0.7257,0.8699
65713,29229,0.2743,0.1301
65714,29043,0.9379,0.996
65714,29209,0.0621,0.004
65717,29229,0.5265,0.8451
65717,29067,0.4735,0.1549
65720,29043,0.7693,0.8782
65720,29067,0.2307,0.1218
65721,29043,0.9795,0.927
65721,29077,0.0205,0.073
65722,29105,0.7436,0.85
65722,29059,0.2564,0.15
65723,29109,0.4667,0.5838
65723,29145,0.3524,0.2588
65723,29009,0.1809,0.1574
65724,29085,0.9061,0.9722
65724,29167,0.0939,0.0278
65725,29167,0.6182,0.4733
65725,29077,0.3818,0.5267
65727,29167,0.9949,0.9817
65727,29085,0.0051,0.0183
65728,29043,0.7307,0.8272
65728,29209,0.2693,0.1728
65729,29153,0.8854,0.5244
65729,05089,0.1146,0.4756
65733,29213,0.8546,0.6787
65733,05089,0.0839,0.1971
65733,29153,0.0315,0.0404
65733,05009,0.03,0.0838
65734,29009,0.996,0.9974
65735,29085,0.6375,0.4715
65735,29185,0.2017,0.2534
65735,29015,0.1608,0.2751
65737,29209,0.8415,0.923
65737,29213,0.137,0.0683
65737,29043,0.0215,0.0087
65738,29077,0.8556,0.9581
65738,29043,0.1307,0.0401
65738,29109,0.0137,0.0018
65742,29077,0.4177,0.6013
65742,29225,0.3068,0.2553
65742,29043,0.2755,0.1434
65745,29009,0.8111,0.8252
65745,29119,0.1889,0.1748
65746,29225,0.7705,0.8636
65746,29067,0.1422,0.0672
65746,29229,0.0873,0.0692
65747,29209,0.5194,0.6289
65747,29009,0.4806,0.3711
65752,29057,0.9212,0.9013
65752,29109,0.0788,0.0987
65753,29043,0.9316,0.9874
65753,29067,0.0684,0.0126
65754,29043,0.994,0.9966
65754,29209,0.006,0.0034
65755,29067,0.5626,0.6034
65755,29153,0.4374,0.3966
65757,29077,0.7162,0.8609
65757,29225,0.2838,0.1391
65759,29213,0.9769,0.9845
65759,29043,0.0231,0.0155
65761,29153,0.6489,0.6406
65761,29213,0.2286,0.139
65761,05089,0.1226,0.2204
65767,29059,0.6716,0.3751
65767,29085,0.2881,0.6016
65767,29167,0.0403,0.0232
65769,29009,0.518,0.3969
65769,29109,0.482,0.6031
65770,29077,0.485,0.613
65770,29167,0.3767,0.3277
65770,29057,0.1383,0.0592
65772,29009,0.6906,0.76
65772,29119,0.3094,0.24
65774,29085,0.7872,0.7829
65774,29185,0.2128,0.2171
65775,29091,0.9107,0.9588
65775,29149,0.0541,0.0347
65775,29067,0.0353,0.0065
65779,29085,0.9695,0.9689
65779,29015,0.0305,0.0311
65781,29077,0.8952,0.9053
65781,29167,0.1048,0.0947
65785,29039,0.9042,0.964
65785,29185,0.0638,0.0229
65785,29057,0.032,0.0132
65786,29029,0.9642,0.9724
65786,29059,0.0358,0.0276
65788,29091,0.9147,0.9658
65788,29149,0.0853,0.0342
65790,29091,0.5178,0.6079
65790,29153,0.4822,0.3921
65793,29091,0.5773,0.7343
65793,29215,0.2821,0.2134
65793,29067,0.1406,0.0524
66002,20005,0.7351,0.907
66002,20043,0.1753,0.0474
66002,20087,0.0484,0.0189
66002,20103,0.0412,0.0267
66006,20045,0.9456,0.9616
66006,20059,0.0544,0.0384
66010,20107,0.9367,0.9728
66010,20011,0.0633,0.0272
66012,20103,0.5577,0.2316
66012,20209,0.4423,0.7684
66013,20121,0.5829,0.3464
66013,20091,0.4171,0.6536
66014,20107,0.9627,0.8829
66014,20003,0.0373,0.1171
66015,20003,0.7694,0.512
66015,20001,0.2306,0.488
66017,20043,0.9335,0.9078
66017,20013,0.0665,0.0922
66021,20091,0.6418,0.6833
66021,20121,0.265,0.1966
66021,20045,0.0933,0.1201
66025,20045,0.6912,0.8143
66025,20091,0.3088,0.1857
66026,20121,0.5016,0.7321
66026,20107,0.4984,0.2679
66033,20003,0.7817,0.8831
66033,20059,0.1505,0.0971
66033,20107,0.0678,0.0198
66039,20003,0.9324,0.9242
66039,20001,0.0676,0.0758
66040,20107,0.7036,0.6639
66040,20121,0.2964,0.3361
66041,20005,0.869,0.8832
66041,20043,0.0923,0.0716
66041,20013,0.0387,0.0452
66042,20059,0.6201,0.3878
66042,20121,0.3799,0.6122
66044,20045,0.3803,0.8606
66044,20087,0.3305,0.053
66044,20103,0.2892,0.0864
66050,20045,0.9921,0.9651
66050,20177,0.0079,0.0349
66054,20087,0.6363,0.5511
66054,20103,0.3637,0.4489
66060,20087,0.514,0.6543
66060,20005,0.486,0.3457
66064,20121,0.9653,0.9873
66064,20059,0.0347,0.0127
66072,20107,0.9658,0.9124
66072,20121,0.0342,0.0876
66080,20059,0.6751,0.6686
66080,20003,0.3249,0.3314
66083,20121,0.5739,0.2461
66083,20091,0.4261,0.7539
66086,20103,0.9891,0.9963
66086,20087,0.0109,0.0037
66088,20087,0.9703,0.986
66088,20005,0.0297,0.014
66092,20059,0.6495,0.5564
66092,20121,0.2052,0.199
66092,20045,0.1453,0.2446
66093,20003,0.6038,0.5052
66093,20031,0.3962,0.4948
66094,20013,0.5299,0.4848
66094,20043,0.4701,0.5152
66095,20059,0.9294,0.976
66095,20003,0.0706,0.024
66097,20087,0.9597,0.9212
66097,20103,0.0403,0.0788
66109,20209,0.9369,0.9722
66109,20103,0.0631,0.0278
66216,20091,0.9976,0.9999
66402,20177,0.9721,0.984
66402,20139,0.0279,0.016
66403,20117,0.752,0.6137
66403,20131,0.248,0.3863
66404,20131,0.9811,0.9917
66404,20117,0.0189,0.0083
66407,20149,0.5882,0.7458
66407,20197,0.4118,0.2542
66409,20177,0.7373,0.8587
66409,20045,0.24,0.1235
66409,20139,0.0227,0.0178
66411,20117,0.8407,0.7937
66411,20161,0.1593,0.2063
66412,20117,0.8365,0.8549
66412,20201,0.1635,0.1451
66413,20139,0.8845,0.9544
66413,20111,0.0799,0.0335
66413,20197,0.0355,0.0121
66416,20085,0.9078,0.9226
66416,20131,0.0922,0.0774
66419,20085,0.6996,0.672
66419,20087,0.3004,0.328
66422,20149,0.7709,0.8995
66422,20085,0.2291,0.1005
66424,20013,0.681,0.7103
66424,20005,0.319,0.2897
66427,20117,0.8983,0.858
66427,20149,0.1017,0.142
66431,20197,0.9168,0.6193
66431,20177,0.0832,0.3807
66432,20149,0.7686,0.7939
66432,20085,0.1189,0.115
66432,20131,0.1126,0.0912
66436,20085,0.8477,0.9392
66436,20005,0.1386,0.0517
66436,20087,0.0137,0.0092
66439,20013,0.5771,0.5654
66439,20005,0.3854,0.3769
66439,20085,0.0375,0.0577
66441,20061,0.939,0.9832
66441,20041,0.0476,0.0103
66441,20161,0.0134,0.0065
66442,20161,0.6117,0.0221
66442,20061,0.3883,0.9779
66502,20161,0.6012,0.8569
66502,20149,0.2054,0.1275
66502,20061,0.1556,0.0109
66502,20197,0.0378,0.0046
66512,20087,0.8332,0.8051
66512,20085,0.117,0.0457
66512,20177,0.0497,0.1491
66516,20085,0.7038,0.8545
66516,20013,0.2962,0.1455
66521,20149,0.9161,0.9391
66521,20131,0.0839,0.0609
66523,20139,0.9609,0.9867
66523,20111,0.0391,0.0133
66524,20139,0.506,0.5568
66524,20045,0.4409,0.3739
66524,20177,0.0302,0.0559
66524,20059,0.0228,0.0134
66528,20139,0.8205,0.8224
66528,20059,0.1795,0.1776
66532,20013,0.7856,0.8361
66532,20043,0.2144,0.1639
66533,20177,0.9612,0.9906
66533,20085,0.0388,0.0094
66534,20131,0.7997,0.9316
66534,20013,0.2003,0.0684
66536,20149,0.7422,0.7707
66536,20177,0.1057,0.1646
66536,20085,0.0848,0.0311
66536,20197,0.0673,0.0337
66539,20177,0.9636,0.9912
66539,20085,0.0364,0.0088
66540,20085,0.8683,0.8861
66540,20131,0.1261,0.1078
66540,20149,0.0056,0.0061
66541,20117,0.7196,0.7522
66541,31133,0.2804,0.2478
66544,20117,0.8397,0.8175
66544,20131,0.1603,0.1825
66546,20177,0.9145,0.9398
66546,20139,0.0855,0.0602
66547,20149,0.7717,0.9467
66547,20197,0.2283,0.0533
66548,20117,0.9513,0.9571
66548,20201,0.0251,0.011
66548,20161,0.0237,0.0319
66550,20131,0.7872,0.6508
66550,20085,0.1094,0.2526
66550,20013,0.1034,0.0967
66610,20177,0.9228,0.9985
66610,20197,0.0772,0.0015
66614,20177,0.8359,0.9989
66614,20197,0.1641,0.0011
66615,20177,0.7766,0.9877
66615,20197,0.2234,0.0123
66617,20177,0.8279,0.961
66617,20087,0.1603,0.0378
66617,20085,0.0119,0.0011
66701,20011,0.9776,0.9934
66701,20037,0.0224,0.0066
66711,20037,0.8851,0.9739
66711,20011,0.1149,0.0261
66716,20011,0.8337,0.8454
66716,20001,0.1663,0.1546
66717,20205,0.9938,0.997
66717,20207,0.0062,0.003
66720,20133,0.7153,0.9419
66720,20205,0.2421,0.0409
66720,20001,0.03,0.0162
66720,20207,0.0126,0.001
66724,20037,0.6296,0.5871
66724,20021,0.3704,0.4129
66736,20205,0.8812,0.9631
66736,20049,0.0998,0.0299
66736,20207,0.0082,0.0021
66736,20073,0.0055,0.0016
66736,20125,0.0053,0.0033
66738,20011,0.8622,0.7212
66738,20107,0.1378,0.2788
66746,20037,0.5698,0.6675
66746,20011,0.4302,0.3325
66748,20001,0.8132,0.9422
66748,20207,0.1572,0.0327
66748,20133,0.0296,0.0251
66753,20037,0.5416,0.5854
66753,20021,0.355,0.281
66753,20099,0.0778,0.0915
66753,20133,0.0256,0.042
66754,20011,0.9255,0.8371
66754,20107,0.0745,0.1629
66755,20001,0.9372,0.9387
66755,20011,0.0628,0.0613
66757,20205,0.7582,0.9099
66757,20125,0.2418,0.0901
66758,20207,0.711,0.4685
66758,20031,0.165,0.2619
66758,20003,0.0646,0.0687
66758,20001,0.0594,0.2009
66762,20037,0.8249,0.9836
66762,20021,0.1751,0.0164
66772,20001,0.673,0.5674
66772,20011,0.1736,0.1426
66772,20133,0.1534,0.2899
66776,20133,0.6876,0.6999
66776,20205,0.2748,0.2536
66776,20099,0.0284,0.0369
66776,20125,0.0092,0.0097
66777,20073,0.5126,0.5075
66777,20207,0.4261,0.3787
66777,20205,0.0614,0.1139
66780,20037,0.6283,0.5671
66780,20133,0.2734,0.3744
66780,20011,0.0983,0.0585
66781,20021,0.9456,0.7331
66781,20037,0.0544,0.2669
66801,20111,0.8453,0.9913
66801,20017,0.1547,0.0087
66834,20197,0.5605,0.6568
66834,20061,0.2383,0.1971
66834,20127,0.2012,0.146
66835,20111,0.989,0.9956
66835,20127,0.011,0.0044
66838,20127,0.9437,0.9608
66838,20115,0.0324,0.0247
66838,20017,0.0239,0.0145
66840,20015,0.5363,0.4094
66840,20115,0.2528,0.4867
66840,20017,0.2108,0.1039
66843,20017,0.9773,0.9169
66843,20115,0.0227,0.0831
66846,20127,0.839,0.8958
66846,20111,0.1108,0.0905
66846,20017,0.0435,0.0105
66846,20197,0.0067,0.0031
66849,20127,0.5115,0.4787
66849,20061,0.4885,0.5213
66852,20031,0.5797,0.7844
66852,20207,0.2388,0.1311
66852,20073,0.1814,0.0845
66854,20111,0.7099,0.7142
66854,20031,0.2901,0.2858
66856,20031,0.6635,0.7682
66856,20139,0.3365,0.2318
66858,20115,0.9204,0.9358
66858,20017,0.0796,0.0642
66859,20115,0.8114,0.7632
66859,20127,0.1886,0.2368
66860,20073,0.8162,0.5993
66860,20111,0.1838,0.4007
66864,20111,0.6922,0.6966
66864,20031,0.3078,0.3034
66865,20111,0.6652,0.8521
66865,20017,0.3348,0.1479
66866,20115,0.9068,0.8505
66866,20079,0.0932,0.1495
66868,20111,0.7811,0.8303
66868,20139,0.203,0.1499
66868,20031,0.016,0.0198
66870,20073,0.8005,0.7728
66870,20207,0.1995,0.2272
66871,20031,0.9482,0.9678
66871,20139,0.0518,0.0322
66872,20127,0.9405,0.9327
66872,20061,0.0595,0.0673
66901,20029,0.8892,0.9797
66901,20157,0.1108,0.0203
66933,20201,0.9498,0.8602
66933,20161,0.0502,0.1398
66937,20201,0.5356,0.4875
66937,20027,0.4644,0.5125
66938,20029,0.6732,0.7179
66938,20201,0.1897,0.1649
66938,20157,0.09,0.0674
66938,20027,0.0472,0.0497
66939,20157,0.8254,0.8435
66939,20089,0.1746,0.1565
66942,20089,0.9806,0.9779
66942,20157,0.0194,0.0221
66945,20201,0.9905,0.99
66945,20117,0.0095,0.01
66948,20029,0.7784,0.7551
66948,20157,0.2137,0.2371
66948,20089,0.008,0.0078
66951,20183,0.7388,0.6813
66951,20147,0.2612,0.3187
66952,20183,0.9867,0.9803
66952,20089,0.0133,0.0197
66955,20201,0.7788,0.6998
66955,31169,0.2212,0.3002
66960,20157,0.9544,0.9122
66960,20201,0.0456,0.0878
66962,20201,0.7837,0.7492
66962,20027,0.2163,0.2508
67004,20191,0.7194,0.7542
67004,20077,0.2806,0.2458
67008,20035,0.5654,0.2622
67008,20015,0.4346,0.7378
67017,20015,0.895,0.8584
67017,20173,0.105,0.1416
67018,20077,0.9196,0.8407
67018,20191,0.0804,0.1593
67020,20079,0.6536,0.6658
67020,20155,0.2907,0.2778
67020,20173,0.0557,0.0564
67024,20019,0.6262,0.7131
67024,20035,0.3738,0.2869
67025,20173,0.6176,0.8827
67025,20095,0.364,0.1082
67025,20155,0.0184,0.009
67026,20173,0.7248,0.9492
67026,20191,0.2752,0.0508
67028,20097,0.4219,0.3808
67028,20151,0.3814,0.3267
67028,20007,0.1968,0.2926
67029,20033,0.9788,0.9751
67029,20097,0.0212,0.0249
67031,20191,0.9397,0.869
67031,20173,0.0603,0.131
67035,20095,0.6567,0.6379
67035,20151,0.2534,0.2007
67035,20155,0.09,0.1614
67039,20015,0.9568,0.9806
67039,20035,0.0432,0.0194
67045,20073,0.9926,0.996
67045,20015,0.0074,0.004
67047,20073,0.628,0.5995
67047,20049,0.2704,0.2626
67047,20205,0.1017,0.1379
67049,20077,0.8886,0.8987
67049,20191,0.1114,0.1013
67050,20173,0.9778,0.9937
67050,20155,0.0222,0.0063
67051,20191,0.8908,0.6701
67051,20035,0.1092,0.3299
67054,20097,0.964,0.9695
67054,20047,0.036,0.0305
67058,20077,0.8575,0.8914
67058,20095,0.1425,0.1086
67059,20097,0.7156,0.7387
67059,20047,0.1564,0.1359
67059,20151,0.128,0.1254
67061,20007,0.6667,0.664
67061,20077,0.3333,0.336
67062,20079,0.8988,0.9024
67062,20113,0.0725,0.0808
67062,20115,0.0286,0.0168
67065,20151,0.5645,0.432
67065,20007,0.4088,0.543
67065,20095,0.0266,0.025
67068,20095,0.9151,0.9473
67068,20155,0.0849,0.0527
67072,20015,0.9055,0.9625
67072,20035,0.0945,0.0375
67106,20191,0.5578,0.3963
67106,20173,0.4131,0.593
67106,20095,0.0291,0.0106
67107,20113,0.6972,0.7186
67107,20079,0.3028,0.2814
67108,20173,0.6353,0.8419
67108,20155,0.3647,0.1581
67110,20191,0.5267,0.2134
67110,20173,0.4427,0.7842
67110,20035,0.0305,0.0023
67112,20095,0.8078,0.7481
67112,20007,0.1922,0.2519
67114,20079,0.7195,0.9694
67114,20115,0.1359,0.0197
67114,20015,0.1309,0.0072
67114,20113,0.0137,0.0038
67118,20095,0.9038,0.7603
67118,20173,0.0555,0.1833
67118,20077,0.0224,0.0265
67118,20191,0.0183,0.0299
67119,20191,0.7345,0.6127
67119,20035,0.2655,0.3873
67120,20191,0.6111,0.2035
67120,20173,0.3889,0.7965
67122,20073,0.5805,0.5763
67122,20049,0.4195,0.4237
67127,20033,0.8844,0.9046
67127,20025,0.1156,0.0954
67133,20015,0.9942,0.9814
67133,20173,0.0058,0.0186
67134,20151,0.6474,0.514
67134,20007,0.3526,0.486
67135,20079,0.5186,0.3521
67135,20173,0.4814,0.6479
67137,20073,0.7152,0.7117
67137,20049,0.2848,0.2883
67146,20035,0.8636,0.5442
67146,20191,0.1364,0.4558
67147,20173,0.9232,0.9868
67147,20079,0.0768,0.0132
67151,20079,0.8463,0.9039
67151,20115,0.1537,0.0961
67154,20015,0.6973,0.642
67154,20079,0.3027,0.358
67155,20033,0.871,0.8514
67155,20097,0.129,0.1486
67159,20095,0.6867,0.7572
67159,20077,0.3133,0.2428
67230,20173,0.9935,0.9988
67230,20015,0.0065,0.0012
67335,20125,0.5761,0.8109
67335,20099,0.4032,0.1821
67335,20205,0.0207,0.007
67336,20021,0.5567,0.2483
67336,20099,0.4433,0.7517
67337,20125,0.7182,0.9716
67337,20099,0.2818,0.0284
67344,20125,0.5458,0.6836
67344,20019,0.3284,0.2417
67344,20049,0.1259,0.0747
67346,20049,0.5543,0.5008
67346,20019,0.4457,0.4992
67347,20125,0.6063,0.7793
67347,20019,0.3937,0.2207
67351,20125,0.802,0.8863
67351,20099,0.198,0.1137
67352,20049,0.7826,0.7438
67352,20019,0.2174,0.2562
67353,20049,0.6061,0.5538
67353,20019,0.3939,0.4462
67356,20099,0.9235,0.9759
67356,20021,0.0765,0.0241
67357,20099,0.7377,0.9618
67357,20133,0.2623,0.0382
67401,20169,0.9556,0.9986
67401,20143,0.0444,0.0014
67410,20041,0.9946,0.9991
67410,20027,0.0054,0.0009
67416,20169,0.8738,0.8531
67416,20113,0.1262,0.1469
67418,20105,0.7538,0.5208
67418,20123,0.2462,0.4792
67420,20123,0.9349,0.9738
67420,20029,0.058,0.0234
67420,20089,0.0071,0.0029
67425,20169,0.5521,0.751
67425,20053,0.4479,0.249
67427,20159,0.6864,0.7552
67427,20053,0.3136,0.2448
67428,20113,0.8655,0.8865
67428,20115,0.1345,0.1135
67430,20089,0.5387,0.4942
67430,20123,0.3686,0.4356
67430,20183,0.0625,0.0385
67430,20141,0.0303,0.0317
67432,20027,0.9011,0.9685
67432,20143,0.095,0.0283
67436,20143,0.7515,0.8543
67436,20029,0.2485,0.1457
67437,20141,0.7725,0.8521
67437,20183,0.2275,0.1479
67439,20053,0.9543,0.9816
67439,20105,0.0457,0.0184
67444,20053,0.6037,0.5194
67444,20159,0.3963,0.4806
67445,20029,0.899,0.7729
67445,20143,0.101,0.2271
67446,20123,0.8389,0.8702
67446,20089,0.1611,0.1298
67447,20027,0.5889,0.361
67447,20161,0.4111,0.639
67448,20169,0.453,0.452
67448,20041,0.2953,0.2487
67448,20113,0.2517,0.2993
67449,20127,0.6468,0.1898
67449,20041,0.3532,0.8102
67450,20053,0.6988,0.58
67450,20009,0.3012,0.42
67451,20041,0.9879,0.9935
67451,20115,0.0121,0.0065
67452,20123,0.5561,0.5859
67452,20105,0.4439,0.4141
67456,20113,0.6847,0.9178
67456,20169,0.3153,0.0822
67458,20027,0.7621,0.776
67458,20143,0.2379,0.224
67464,20113,0.5922,0.7252
67464,20053,0.4078,0.2748
67466,20029,0.586,0.6031
67466,20143,0.3169,0.2982
67466,20027,0.097,0.0987
67467,20143,0.9964,0.9981
67470,20169,0.8627,0.9502
67470,20143,0.1373,0.0498
67474,20183,0.5395,0.4084
67474,20141,0.4605,0.5916
67475,20115,0.7806,0.6478
67475,20041,0.2194,0.3522
67480,20143,0.4732,0.3029
67480,20041,0.3261,0.3891
67480,20169,0.2006,0.308
67481,20105,0.9779,0.9824
67481,20167,0.0221,0.0176
67484,20143,0.6724,0.6624
67484,20169,0.2406,0.3
67484,20105,0.0871,0.0376
67485,20141,0.5147,0.4844
67485,20123,0.4853,0.5156
67487,20027,0.8125,0.6214
67487,20041,0.1295,0.217
67487,20061,0.0581,0.1615
67490,20053,0.5937,0.891
67490,20167,0.3252,0.083
67490,20105,0.0811,0.026
67491,20113,0.7897,0.8211
67491,20159,0.2103,0.1789
67502,20155,0.9864,0.9996
67502,20159,0.0136,0.0004
67511,20165,0.6406,0.5571
67511,20009,0.3594,0.4429
67512,20159,0.96,0.9671
67512,20155,0.04,0.0329
67518,20135,0.925,0.9399
67518,20101,0.075,0.0601
67519,20047,0.8749,0.8668
67519,20145,0.1251,0.1332
67521,20135,0.783,0.7348
67521,20195,0.217,0.2652
67522,20155,0.7826,0.8933
67522,20079,0.2174,0.1067
67523,20145,0.6571,0.7157
67523,20083,0.3429,0.2843
67525,20009,0.9756,0.9843
67525,20159,0.0244,0.0157
67526,20009,0.5766,0.7702
67526,20185,0.3559,0.1746
67526,20159,0.0675,0.0552
67530,20009,0.9083,0.9931
67530,20185,0.0917,0.0069
67546,20113,0.7976,0.8116
67546,20159,0.1643,0.088
67546,20155,0.0312,0.0904
67546,20079,0.007,0.0101
67547,20047,0.8455,0.9504
67547,20083,0.1545,0.0496
67550,20145,0.9935,0.9974
67550,20185,0.0065,0.0026
67556,20165,0.6424,0.6626
67556,20135,0.2308,0.1566
67556,20051,0.1268,0.1808
67557,20185,0.5845,0.7626
67557,20145,0.1841,0.1048
67557,20151,0.1465,0.0875
67557,20047,0.085,0.045
67559,20165,0.6587,0.739
67559,20145,0.3413,0.261
67563,20047,0.5198,0.4025
67563,20057,0.404,0.5493
67563,20083,0.0762,0.0483
67565,20165,0.5889,0.5032
67565,20009,0.4011,0.4856
67565,20051,0.0099,0.0112
67567,20145,0.4491,0.2804
67567,20009,0.3938,0.5111
67567,20185,0.1254,0.1794
67567,20165,0.0317,0.0291
67570,20155,0.8957,0.9371
67570,20095,0.1043,0.0629
67572,20135,0.5298,0.4638
67572,20195,0.4702,0.5362
67575,20165,0.8517,0.8939
67575,20145,0.1483,0.1061
67576,20185,0.9975,0.9987
67579,20159,0.5944,0.5707
67579,20155,0.4056,0.4293
67583,20155,0.4724,0.657
67583,20151,0.4327,0.2657
67583,20185,0.0949,0.0773
67584,20135,0.4546,0.4326
67584,20195,0.2538,0.3145
67584,20063,0.2111,0.1925
67584,20101,0.0805,0.0604
67622,20137,0.9634,0.9787
67622,20147,0.0366,0.0213
67623,20141,0.9553,0.9732
67623,20183,0.0447,0.0268
67629,20137,0.5367,0.6278
67629,20039,0.4633,0.3722
67631,20195,0.8551,0.876
67631,20065,0.1329,0.1146
67631,20179,0.012,0.0094
67632,20163,0.6451,0.7394
67632,20065,0.3549,0.2606
67635,20039,0.6972,0.7627
67635,20179,0.3028,0.2373
67637,20051,0.5022,0.6205
67637,20195,0.4861,0.372
67637,20065,0.0117,0.0075
67639,20147,0.9591,0.9496
67639,20163,0.0409,0.0504
67640,20051,0.552,0.6587
67640,20167,0.448,0.3413
67643,20039,0.7586,0.8144
67643,20179,0.2414,0.1856
67644,20147,0.9334,0.9194
67644,20163,0.0666,0.0806
67645,20137,0.7032,0.8135
67645,20065,0.2968,0.1865
67646,20147,0.5559,0.4505
67646,20137,0.2578,0.3654
67646,20163,0.1291,0.1402
67646,20065,0.0571,0.044
67648,20167,0.6652,0.6123
67648,20141,0.2881,0.3337
67648,20105,0.0466,0.054
67649,20167,0.5065,0.4492
67649,20141,0.4935,0.5508
67651,20141,0.4219,0.3103
67651,20163,0.4025,0.5433
67651,20051,0.1324,0.1212
67651,20167,0.0432,0.0253
67653,20039,0.6164,0.5246
67653,20137,0.3836,0.4754
67656,20195,0.8835,0.9001
67656,20065,0.1165,0.0999
67657,20163,0.5029,0.7493
67657,20065,0.486,0.2441
67657,20195,0.0112,0.0067
67658,20167,0.6426,0.5883
67658,20141,0.3574,0.4117
67661,20147,0.9994,0.9997
67663,20163,0.7661,0.8145
67663,20051,0.2339,0.1855
67664,20147,0.6901,0.5601
67664,20137,0.3099,0.4399
67665,20167,0.9372,0.9772
67665,20009,0.0628,0.0228
67672,20195,0.8436,0.8651
67672,20065,0.1564,0.1349
67673,20141,0.5845,0.639
67673,20167,0.4155,0.361
67675,20163,0.9671,0.9657
67675,20141,0.0329,0.0343
67701,20193,0.872,0.972
67701,20153,0.128,0.028
67732,20193,0.5005,0.4061
67732,20181,0.2732,0.2892
67732,20109,0.1299,0.1673
67732,20153,0.0965,0.1375
67734,20193,0.5893,0.4495
67734,20153,0.4107,0.5505
67735,20181,0.9873,0.9951
67735,20023,0.0127,0.0049
67737,20063,0.627,0.6187
67737,20179,0.373,0.3813
67738,20063,0.7846,0.7785
67738,20179,0.2154,0.2215
67739,20153,0.9583,0.9412
67739,20039,0.0417,0.0588
67740,20179,0.9694,0.9663
67740,20065,0.0306,0.0337
67741,20181,0.8758,0.8346
67741,20023,0.1242,0.1654
67743,20193,0.9016,0.839
67743,20153,0.0984,0.161
67745,20153,0.8329,0.8277
67745,20023,0.1671,0.1723
67747,20109,0.9283,0.9536
67747,20193,0.0717,0.0464
67748,20109,0.4149,0.4609
67748,20193,0.3372,0.2359
67748,20063,0.2313,0.2822
67748,20179,0.0166,0.021
67749,20039,0.9393,0.9569
67749,20153,0.0607,0.0431
67751,20063,0.5508,0.542
67751,20179,0.4492,0.458
67752,20063,0.8474,0.8428
67752,20179,0.1526,0.1572
67753,20193,0.5271,0.3838
67753,20179,0.3212,0.4223
67753,20153,0.1517,0.194
67757,20179,0.611,0.5294
67757,20039,0.389,0.4706
67761,20199,0.6634,0.5996
67761,20109,0.3366,0.4004
67762,20199,0.8091,0.8489
67762,20071,0.1909,0.1511
67764,20109,0.9411,0.9621
67764,20193,0.0589,0.0379
67801,20057,0.9866,0.9994
67801,20083,0.0134,0.0006
67834,20057,0.666,0.7464
67834,20025,0.2792,0.197
67834,20097,0.0548,0.0565
67835,20069,0.494,0.7022
67835,20055,0.4293,0.2547
67835,20083,0.0766,0.0431
67837,20081,0.586,0.6642
67837,20069,0.3262,0.2983
67837,20119,0.0878,0.0375
67838,20093,0.855,0.8984
67838,20055,0.145,0.1016
67839,20101,0.9284,0.9143
67839,20063,0.0716,0.0857
67841,20069,0.609,0.6645
67841,20057,0.391,0.3355
67842,20057,0.755,0.8305
67842,20025,0.245,0.1695
67844,20119,0.8219,0.71
67844,20057,0.1,0.1456
67844,20069,0.078,0.1444
67846,20055,0.9616,0.9933
67846,20069,0.0232,0.0055
67846,20101,0.0152,0.0012
67849,20083,0.9481,0.9352
67849,20135,0.0519,0.0648
67850,20101,0.599,0.4384
67850,20063,0.2216,0.1971
67850,20171,0.1793,0.3644
67851,20055,0.9612,0.904
67851,20171,0.0388,0.096
67853,20069,0.8401,0.9258
67853,20055,0.1599,0.0742
67855,20187,0.8915,0.8651
67855,20129,0.0973,0.1273
67855,20067,0.0112,0.0076
67857,20075,0.5305,0.3478
67857,20093,0.4695,0.6522
67861,20203,0.9384,0.9478
67861,20109,0.059,0.0505
67862,20187,0.7401,0.6787
67862,20129,0.2599,0.3213
67863,20203,0.9071,0.8213
67863,20171,0.0929,0.1787
67865,20025,0.629,0.5336
67865,20057,0.371,0.4664
67867,20069,0.846,0.9217
67867,20119,0.154,0.0783
67869,20119,0.8352,0.7943
67869,20175,0.1648,0.2057
67870,20081,0.7545,0.8789
67870,20175,0.1344,0.0773
67870,20067,0.1111,0.0438
67871,20171,0.8766,0.9448
67871,20063,0.0491,0.0232
67871,20109,0.0324,0.0139
67871,20055,0.0316,0.013
67871,20203,0.0103,0.0052
67876,20057,0.6866,0.8246
67876,20083,0.3134,0.1754
67877,20081,0.9283,0.9632
67877,20175,0.0717,0.0368
67878,20075,0.957,0.9368
67878,20187,0.043,0.0632
67880,20067,0.8047,0.9189
67880,20093,0.1803,0.078
67880,20075,0.015,0.0031
67901,20175,0.9367,0.9971
67901,20189,0.0633,0.0029
67952,20189,0.7302,0.6407
67952,20175,0.2698,0.3593
67954,20129,0.7909,0.8831
67954,20189,0.2091,0.1169
68003,31155,0.7347,0.859
68003,31025,0.2653,0.141
68004,31039,0.9908,0.9886
68004,31021,0.0092,0.0114
68007,31055,0.7371,0.9836
68007,31177,0.2629,0.0164
68017,31155,0.6849,0.5086
68017,31109,0.3151,0.4914
68019,31021,0.9692,0.9667
68019,31177,0.0189,0.0183
68019,31053,0.0119,0.015
68020,31021,0.8636,0.8818
68020,31173,0.1364,0.1182
68025,31053,0.7314,0.9673
68025,31155,0.2672,0.0326
68029,31177,0.7799,0.8253
68029,31021,0.2201,0.1747
68031,31053,0.8974,0.9132
68031,31177,0.1026,0.0868
68036,31023,0.7714,0.6953
68036,31155,0.2286,0.3047
68038,31021,0.9482,0.9571
68038,31039,0.0282,0.0229
68038,31173,0.0236,0.02
68044,31053,0.5389,0.6692
68044,31177,0.4611,0.3308
68045,31021,0.7896,0.6284
68045,31039,0.1996,0.3612
68045,31053,0.0107,0.0104
68047,31173,0.5566,0.5811
68047,31039,0.3261,0.3334
68047,31179,0.1173,0.0855
68057,31053,0.9898,0.9738
68057,31039,0.0102,0.0262
68064,31055,0.909,0.965
68064,31155,0.0813,0.0233
68064,31053,0.0097,0.0117
68065,31155,0.6414,0.5888
68065,31109,0.2335,0.3324
68065,31159,0.0677,0.0477
68065,31023,0.0574,0.0311
68069,31055,0.8935,0.8892
68069,31153,0.1065,0.1108
68112,31055,0.5717,0.9392
68112,31177,0.4283,0.0608
68122,31055,0.792,0.9634
68122,31177,0.208,0.0366
68142,31055,0.731,0.9548
68142,31177,0.269,0.0452
68147,31153,0.993,0.9868
68147,31055,0.007,0.0132
68152,31055,0.848,0.9796
68152,31177,0.152,0.0204
68157,31153,0.9972,0.9981
68301,31067,0.7672,0.4908
68301,31109,0.1712,0.4511
68301,31131,0.0616,0.0582
68303,31169,0.8519,0.88
68303,31095,0.1481,0.12
68307,31025,0.5422,0.6846
68307,31131,0.4578,0.3154
68310,31067,0.9741,0.9976
68310,31095,0.0259,0.0024
68313,31159,0.9868,0.9924
68313,31185,0.0132,0.0076
68314,31159,0.948,0.9596
68314,31023,0.052,0.0404
68316,31185,0.8778,0.8215
68316,31143,0.1222,0.1785
68317,31109,0.8773,0.9523
68317,31131,0.1227,0.0477
68319,31185,0.9856,0.9857
68319,31081,0.0144,0.0143
68322,31169,0.7071,0.6183
68322,31059,0.2929,0.3817
68324,31131,0.905,0.9426
68324,31097,0.095,0.0574
68325,31169,0.5509,0.6551
68325,20157,0.4491,0.3449
68326,31169,0.945,0.92
68326,31059,0.055,0.08
68327,31169,0.6592,0.8442
68327,20157,0.3408,0.1558
68329,31097,0.7196,0.4348
68329,31131,0.2804,0.5652
68333,31151,0.6699,0.8669
68333,31109,0.3301,0.1331
68335,31169,0.5703,0.5954
68335,31129,0.3338,0.2548
68335,31059,0.0959,0.1498
68339,31109,0.8664,0.838
68339,31159,0.0886,0.0606
68339,31151,0.045,0.1014
68341,31067,0.517,0.3765
68341,31151,0.4519,0.6092
68341,31095,0.0311,0.0143
68342,31095,0.7385,0.6408
68342,31067,0.2615,0.3592
68343,31151,0.9495,0.8935
68343,31159,0.0505,0.1065
68345,31133,0.6505,0.5808
68345,31147,0.3495,0.4192
68347,31025,0.6587,0.8144
68347,31131,0.3413,0.1856
68348,31097,0.7536,0.9165
68348,31133,0.1332,0.0432
68348,31127,0.1132,0.0403
68351,31059,0.7404,0.7006
68351,31185,0.2596,0.2994
68354,31059,0.8698,0.846
68354,31185,0.1302,0.154
68357,31067,0.9891,0.9907
68357,31097,0.0109,0.0093
68358,31109,0.6744,0.8932
68358,31067,0.3256,0.1068
68359,31151,0.8549,0.7277
68359,31159,0.1409,0.2687
68365,31059,0.9735,0.968
68365,31185,0.0265,0.032
68366,31025,0.6215,0.3853
68366,31109,0.3272,0.3416
68366,31155,0.0513,0.2732
68367,31143,0.3635,0.4281
68367,31185,0.3294,0.2484
68367,31159,0.3071,0.3235
68368,31109,0.8966,0.9568
68368,31067,0.1034,0.0432
68371,31185,0.7692,0.8258
68371,31081,0.2308,0.1742
68376,31147,0.8245,0.8551
68376,31127,0.1034,0.0886
68376,31133,0.0722,0.0563
68378,31127,0.8546,0.7864
68378,31097,0.1454,0.2136
68379,31131,0.9295,0.947
68379,31127,0.0705,0.053
68381,31067,0.7142,0.8472
68381,31133,0.2858,0.1528
68405,31159,0.9903,0.9932
68405,31151,0.0097,0.0068
68406,31059,0.6157,0.7887
68406,31151,0.3843,0.2113
68413,31025,0.8545,0.9576
68413,31131,0.1455,0.0424
68418,31131,0.9714,0.9334
68418,31025,0.0286,0.0666
68420,31133,0.9762,0.9513
68420,20131,0.0238,0.0487
68421,31127,0.9417,0.9227
68421,31131,0.0583,0.0773
68423,31159,0.9626,0.93
68423,31109,0.0282,0.0345
68423,31151,0.0091,0.0355
68424,31095,0.9856,0.9773
68424,31067,0.0144,0.0227
68428,31109,0.9557,0.9776
68428,31159,0.0443,0.0224
68429,31095,0.5216,0.3515
68429,31169,0.4784,0.6485
68436,31059,0.956,0.965
68436,31035,0.044,0.035
68437,31147,0.62,0.6297
68437,31127,0.38,0.3703
68441,31133,0.8947,0.8875
68441,31097,0.1053,0.1125
68442,31147,0.801,0.8103
68442,31127,0.199,0.1897
68443,31097,0.9841,0.9729
68443,31131,0.0159,0.0271
68447,31133,0.8925,0.8017
68447,31127,0.0687,0.0677
68447,31097,0.0388,0.1306
68448,31131,0.806,0.8796
68448,31127,0.1078,0.0675
68448,31097,0.0862,0.0529
68453,31151,0.6985,0.5329
68453,31059,0.1961,0.3485
68453,31095,0.0672,0.0728
68453,31169,0.0382,0.0458
68454,31131,0.9825,0.9586
68454,31025,0.0175,0.0414
68455,31025,0.9287,0.981
68455,31131,0.0713,0.019
68458,31067,0.7393,0.8044
68458,31133,0.174,0.1273
68458,31097,0.0868,0.0684
68460,31185,0.9677,0.9591
68460,31159,0.0323,0.0409
68462,31109,0.9464,0.9719
68462,31025,0.0536,0.0281
68464,31151,0.9771,0.9678
68464,31095,0.0229,0.0322
68465,31151,0.9126,0.898
68465,31067,0.0602,0.0474
68465,31109,0.0272,0.0546
68527,31109,0.9372,0.9862
68527,31025,0.0628,0.0138
68528,31109,0.9901,0.9996
68528,31159,0.0099,0.0004
68601,31141,0.7361,0.9743
68601,31037,0.1343,0.0097
68601,31143,0.111,0.0138
68601,31023,0.0187,0.0022
68623,31125,0.9303,0.949
68623,31011,0.0697,0.051
68627,31011,0.8472,0.8217
68627,31125,0.1075,0.1451
68627,31077,0.0453,0.0332
68628,31121,0.7654,0.6724
68628,31143,0.1869,0.2735
68628,31081,0.0477,0.0541
68629,31037,0.6376,0.836
68629,31167,0.3624,0.164
68631,31141,0.8769,0.9139
68631,31167,0.1231,0.0861
68633,31053,0.4801,0.5489
68633,31039,0.3221,0.2081
68633,31037,0.1978,0.243
68636,31003,0.9374,0.983
68636,31183,0.0626,0.017
68637,31183,0.5524,0.4008
68637,31071,0.2519,0.3072
68637,31077,0.1957,0.292
68638,31125,0.9787,0.9821
68638,31121,0.0213,0.0179
68640,31125,0.7535,0.6809
68640,31141,0.2465,0.3191
68641,31037,0.522,0.7195
68641,31167,0.2566,0.1122
68641,31039,0.2214,0.1683
68642,31141,0.8348,0.7524
68642,31119,0.1652,0.2476
68643,31141,0.3455,0.3131
68643,31167,0.3399,0.2067
68643,31037,0.3145,0.4802
68644,31141,0.7124,0.5984
68644,31119,0.2876,0.4016
68654,31143,0.629,0.723
68654,31185,0.2824,0.2112
68654,31081,0.0886,0.0658
68655,31011,0.8311,0.8671
68655,31077,0.1689,0.1329
68658,31023,0.9863,0.9815
68658,31143,0.0137,0.0185
68660,31011,0.5616,0.4879
68660,31141,0.2815,0.3223
68660,31125,0.1569,0.1898
68662,31143,0.9381,0.9487
68662,31023,0.0619,0.0513
68663,31121,0.4482,0.3604
68663,31143,0.303,0.401
68663,31125,0.2488,0.2386
68665,31077,0.6702,0.8069
68665,31183,0.3298,0.1931
68666,31143,0.9753,0.984
68666,31185,0.0247,0.016
68669,31023,0.9002,0.8737
68669,31159,0.0998,0.1263
68701,31119,0.6888,0.9447
68701,31167,0.1879,0.0419
68701,31139,0.1233,0.0134
68714,31149,0.8615,0.8774
68714,31115,0.1176,0.0859
68714,31017,0.0209,0.0367
68719,31015,0.6106,0.6609
68719,46053,0.3894,0.3391
68725,31089,0.974,0.9722
68725,31183,0.026,0.0278
68726,31003,0.9298,0.9771
68726,31089,0.0702,0.0229
68729,31107,0.8199,0.9066
68729,31003,0.1801,0.0934
68730,31107,0.6773,0.5441
68730,31027,0.3227,0.4559
68733,31173,0.4212,0.3299
68733,31051,0.31,0.3535
68733,31043,0.2688,0.3166
68735,31089,0.6477,0.6004
68735,31183,0.3042,0.3017
68735,31003,0.0481,0.0979
68739,31027,0.9875,0.9893
68739,31051,0.0125,0.0107
68740,31179,0.9345,0.7654
68740,31167,0.0655,0.2346
68745,31027,0.8816,0.8791
68745,31179,0.061,0.0521
68745,31051,0.0574,0.0687
68746,31015,0.6172,0.813
68746,31089,0.3828,0.187
68747,31139,0.9612,0.9735
68747,31027,0.0388,0.0265
68748,31119,0.8276,0.9225
68748,31167,0.1724,0.0775
68752,31119,0.7586,0.8008
68752,31139,0.2414,0.1992
68755,31015,0.9957,0.9965
68757,31051,0.9167,0.895
68757,31027,0.0833,0.105
68758,31119,0.5644,0.7066
68758,31141,0.2455,0.1849
68758,31011,0.1901,0.1086
68759,31149,0.5619,0.5834
68759,31103,0.4381,0.4166
68763,31089,0.9859,0.9893
68763,31107,0.0141,0.0107
68764,31003,0.5538,0.4657
68764,31107,0.359,0.5009
68764,31089,0.0872,0.0334
68767,31139,0.9884,0.9924
68767,31179,0.0116,0.0076
68768,31167,0.9239,0.8777
68768,31179,0.0523,0.083
68768,31039,0.0238,0.0393
68769,31139,0.6407,0.8078
68769,31003,0.3546,0.1849
68769,31107,0.0048,0.0074
68770,31051,0.9435,0.9271
68770,31043,0.0565,0.0729
68771,31027,0.4933,0.4399
68771,31139,0.3097,0.4096
68771,31179,0.1969,0.1505
68777,31015,0.7204,0.8742
68777,31089,0.2796,0.1258
68781,31003,0.5454,0.4103
68781,31119,0.272,0.4083
68781,31139,0.1241,0.1441
68781,31011,0.0585,0.0373
68784,31051,0.524,0.6274
68784,31179,0.4482,0.3497
68784,31173,0.0278,0.0229
68785,31051,0.5145,0.4884
68785,31043,0.4855,0.5116
68786,31107,0.7871,0.8212
68786,31027,0.1719,0.1383
68786,31139,0.041,0.0405
68787,31179,0.9372,0.9761
68787,31051,0.0628,0.0239
68788,31039,0.9988,0.9988
68791,31039,0.9424,0.9531
68791,31179,0.0437,0.0394
68791,31167,0.0139,0.0075
68801,31079,0.6065,0.9772
68801,31121,0.3935,0.0228
68813,31041,0.6392,0.8517
68813,31009,0.2525,0.0936
68813,31115,0.1082,0.0546
68815,31175,0.5552,0.4967
68815,31041,0.2598,0.2167
68815,31163,0.185,0.2866
68817,31163,0.8579,0.686
68817,31093,0.1421,0.314
68818,31081,0.9399,0.9747
68818,31035,0.0601,0.0253
68823,31071,0.5526,0.7224
68823,31115,0.2327,0.0922
68823,31149,0.1027,0.0567
68823,31175,0.06,0.0795
68823,31089,0.0295,0.0215
68823,31041,0.0224,0.0277
68824,31079,0.8622,0.9066
68824,31093,0.1378,0.0934
68828,31041,0.7281,0.7141
68828,31175,0.2719,0.2859
68831,31093,0.9595,0.9679
68831,31079,0.0405,0.0321
68832,31079,0.881,0.9514
68832,31081,0.119,0.0486
68833,31009,0.6945,0.4612
68833,31041,0.2391,0.458
68833,31113,0.0664,0.0808
68834,31047,0.6904,0.8118
68834,31041,0.3096,0.1882
68835,31093,0.9079,0.969
68835,31077,0.0921,0.031
68836,31019,0.5273,0.7819
68836,31137,0.3258,0.1535
68836,31047,0.1469,0.0646
68840,31019,0.8842,0.9522
68840,31099,0.1158,0.0478
68843,31081,0.9633,0.963
68843,31185,0.0367,0.037
68844,31163,0.641,0.6077
68844,31019,0.359,0.3923
68845,31019,0.786,0.9883
68845,31099,0.1242,0.0075
68845,31137,0.0897,0.0042
68847,31019,0.8018,0.9912
68847,31099,0.1982,0.0088
68850,31047,0.9322,0.9869
68850,31073,0.0678,0.0131
68852,31163,0.8654,0.9278
68852,31041,0.1346,0.0722
68858,31019,0.9568,0.9808
68858,31041,0.0432,0.0192
68859,31175,0.883,0.8134
68859,31163,0.117,0.1866
68860,31041,0.9682,0.9372
68860,31047,0.0318,0.0628
68862,31175,0.9495,0.9848
68862,31071,0.0505,0.0152
68863,31047,0.8722,0.8642
68863,31137,0.1278,0.1358
68864,31121,0.384,0.4857
68864,31125,0.3691,0.3387
68864,31093,0.2468,0.1756
68866,31019,0.9443,0.975
68866,31041,0.0557,0.025
68869,31019,0.7329,0.7598
68869,31163,0.2671,0.2402
68872,31093,0.7357,0.5933
68872,31121,0.2643,0.4067
68874,31041,0.9527,0.9843
68874,31115,0.0473,0.0157
68875,31077,0.9589,0.8548
68875,31093,0.0411,0.1452
68876,31019,0.7205,0.7597
68876,31079,0.2795,0.2403
68878,31047,0.7838,0.8817
68878,31041,0.2162,0.1183
68882,31077,0.6767,0.5781
68882,31093,0.2477,0.3028
68882,31125,0.0756,0.1191
68883,31079,0.9519,0.9044
68883,31001,0.0481,0.0956
68901,31001,0.8324,0.9865
68901,31035,0.1434,0.0093
68901,31079,0.0242,0.0042
68922,31065,0.536,0.6238
68922,31073,0.464,0.3762
68924,31099,0.89,0.9112
68924,31137,0.11,0.0888
68927,31137,0.6484,0.6535
68927,31073,0.3516,0.3465
68928,31181,0.8268,0.7955
68928,31001,0.1732,0.2045
68930,31181,0.8078,0.7741
68930,31001,0.1922,0.2259
68932,31061,0.4192,0.4543
68932,31181,0.3258,0.2826
68932,31099,0.1276,0.1295
68932,31001,0.1275,0.1336
68934,31129,0.688,0.5778
68934,31035,0.312,0.4222
68935,31035,0.6377,0.7393
68935,31129,0.3623,0.2607
68936,31065,0.6372,0.716
68936,31073,0.3628,0.284
68937,31073,0.9297,0.9319
68937,31047,0.0358,0.0482
68937,31063,0.0345,0.0198
68941,31035,0.5874,0.6448
68941,31001,0.4126,0.3552
68942,31181,0.7291,0.7763
68942,31129,0.2709,0.2237
68943,31129,0.8402,0.8392
68943,20157,0.1187,0.1047
68943,31169,0.041,0.0561
68944,31035,0.8936,0.9234
68944,31081,0.1064,0.0766
68945,31099,0.9785,0.9778
68945,31001,0.0215,0.0222
68947,31061,0.7921,0.8003
68947,31099,0.2079,0.1997
68948,31065,0.4868,0.6214
68948,31073,0.3083,0.2742
68948,31063,0.2048,0.1044
68949,31137,0.8501,0.967
68949,31083,0.1499,0.033
68956,31001,0.7141,0.8645
68956,31099,0.2025,0.073
68956,31079,0.0652,0.0452
68956,31019,0.0183,0.0173
68957,31129,0.6845,0.6668
68957,31181,0.2696,0.2705
68957,31001,0.0274,0.0338
68957,31035,0.0185,0.029
68960,31061,0.9816,0.9784
68960,31083,0.0184,0.0216
68964,31129,0.9664,0.9546
68964,31169,0.0336,0.0454
68967,31065,0.488,0.5117
68967,31083,0.4763,0.4622
68967,31073,0.0358,0.0261
68972,31061,0.9927,0.9906
68972,31181,0.0073,0.0094
68974,31129,0.8896,0.8548
68974,31169,0.1104,0.1452
68977,31083,0.5086,0.4893
68977,31065,0.4914,0.5107
68978,31129,0.8467,0.9676
68978,20089,0.1533,0.0324
68979,31035,0.643,0.6789
68979,31059,0.2906,0.2662
68979,31081,0.0517,0.0386
68979,31185,0.0147,0.0163
68980,31035,0.4652,0.3781
68980,31001,0.266,0.3982
68980,31081,0.189,0.1046
68980,31079,0.0799,0.119
68981,31061,0.8967,0.9009
68981,31099,0.1033,0.0991
68982,31061,0.3045,0.3349
68982,31083,0.2968,0.3137
68982,31137,0.2736,0.2225
68982,31099,0.1251,0.1289
69001,31145,0.6652,0.9527
69001,31063,0.2512,0.0369
69001,31085,0.0537,0.0041
69001,31087,0.0299,0.0063
69020,31145,0.8301,0.8936
69020,31063,0.1699,0.1064
69022,31063,0.4664,0.2801
69022,31065,0.3585,0.5391
69022,31145,0.1751,0.1808
69024,31087,0.7622,0.8698
69024,31085,0.1955,0.0809
69024,31145,0.0275,0.0375
69024,31063,0.0149,0.0118
69025,31063,0.7446,0.7692
69025,31111,0.2554,0.2308
69026,31145,0.6434,0.6887
69026,20039,0.3566,0.3113
69027,31029,0.9273,0.9593
69027,31057,0.0727,0.0407
69028,31063,0.6749,0.4852
69028,31047,0.247,0.4168
69028,31073,0.0782,0.098
69029,31063,0.5254,0.4334
69029,31111,0.29,0.2092
69029,31047,0.1846,0.3574
69030,31057,0.8861,0.8082
69030,31029,0.1139,0.1918
69033,31029,0.9608,0.9691
69033,31135,0.0392,0.0309
69034,31145,0.7874,0.8643
69034,31063,0.2126,0.1357
69038,31063,0.6432,0.7756
69038,31085,0.3568,0.2244
69039,31111,0.5429,0.5094
69039,31063,0.4571,0.4906
69040,31085,0.5148,0.2779
69040,31087,0.4852,0.7221
69043,31087,0.9537,0.974
69043,31057,0.0463,0.026
69045,31029,0.4251,0.6202
69045,31085,0.3434,0.1785
69045,31057,0.2033,0.1606
69045,31087,0.0283,0.0406
69046,31065,0.8827,0.9164
69046,31145,0.1173,0.0836
69101,31111,0.9408,0.9992
69101,31117,0.0592,0.0008
69120,31041,0.549,0.5923
69120,31113,0.2458,0.1683
69120,31111,0.2052,0.2394
69122,31049,0.5957,0.6666
69122,31101,0.239,0.2184
69122,31135,0.1653,0.115
69127,31101,0.8318,0.888
69127,31135,0.1682,0.112
69128,31105,0.8881,0.9641
69128,31007,0.1119,0.0359
69129,31049,0.8047,0.9429
69129,31069,0.1953,0.0571
69130,31047,0.9304,0.9931
69130,31041,0.0696,0.0069
69131,31033,0.6307,0.6257
69131,31123,0.3693,0.3743
69134,31135,0.7868,0.8064
69134,31029,0.1113,0.146
69134,31085,0.1019,0.0476
69138,31047,0.4237,0.8997
69138,31041,0.3335,0.0561
69138,31111,0.2428,0.0442
69142,31171,0.9998,0.9998
69144,31101,0.8862,0.9806
69144,31005,0.1138,0.0194
69145,31105,0.8205,0.9393
69145,31007,0.1795,0.0607
69146,31101,0.6059,0.9088
69146,31005,0.3941,0.0912
69147,31069,0.8615,0.6761
69147,31101,0.1238,0.318
69147,31005,0.0147,0.0058
69148,31069,0.7498,0.5506
69148,31123,0.2502,0.4494
69149,31033,0.7716,0.8378
69149,31069,0.1854,0.084
69149,31049,0.043,0.0782
69152,31091,0.5109,0.7555
69152,31031,0.4891,0.2445
69153,31101,0.846,0.9802
69153,31135,0.154,0.0198
69155,31101,0.9315,0.9571
69155,31135,0.0516,0.0404
69155,31117,0.0117,0.0017
69155,31005,0.0051,0.0008
69156,31033,0.6226,0.6808
69156,31007,0.2349,0.1045
69156,31105,0.1426,0.2147
69157,31009,0.7135,0.503
69157,31017,0.2062,0.4749
69157,31031,0.0803,0.022
69161,31031,0.6489,0.3496
69161,31171,0.3511,0.6504
69163,31113,0.626,0.6235
69163,31171,0.1966,0.1431
69163,31111,0.1251,0.2123
69163,31117,0.0523,0.0211
69165,31111,0.5024,0.9144
69165,31117,0.3185,0.0526
69165,31005,0.1791,0.033
69166,31171,0.5231,0.7904
69166,31031,0.4769,0.2096
69168,31135,0.6126,0.5478
69168,31029,0.3431,0.3927
69168,08115,0.0443,0.0595
69169,31111,0.7757,0.8494
69169,31135,0.1646,0.1292
69169,31085,0.0597,0.0214
69201,31031,0.8311,0.6202
69201,46121,0.1689,0.3798
69212,31031,0.5712,0.5605
69212,46121,0.4288,0.4395
69214,31017,0.9416,0.9927
69214,31031,0.0584,0.0073
69216,31031,0.7086,0.684
69216,46121,0.2914,0.316
69217,31017,0.853,0.909
69217,31149,0.147,0.091
69220,31103,0.6611,0.434
69220,31031,0.3389,0.566
69301,31013,0.5982,0.9074
69301,31161,0.2319,0.0384
69301,31123,0.1699,0.0542
69333,31075,0.4288,0.5231
69333,31031,0.4007,0.1701
69333,31069,0.1653,0.2951
69333,31161,0.0052,0.0117
69334,31123,0.8302,0.7431
69334,31157,0.1101,0.2356
69334,31007,0.0598,0.0213
69335,31161,0.6128,0.6673
69335,31069,0.3872,0.3327
69336,31123,0.9712,0.9883
69336,31007,0.0288,0.0117
69337,31045,0.79,0.8723
69337,46102,0.1137,0.1056
69337,31161,0.0654,0.0139
69337,46047,0.0309,0.0082
69339,31045,0.6735,0.8936
69339,31165,0.3265,0.1064
69340,31161,0.7617,0.8361
69340,31069,0.1739,0.1507
69340,31031,0.0644,0.0133
69341,31157,0.8158,0.9944
69341,31007,0.1842,0.0056
69343,31031,0.5999,0.2759
69343,31161,0.4001,0.7241
69347,31161,0.8226,0.7692
69347,31045,0.1774,0.2308
69348,31013,0.7008,0.7723
69348,31045,0.1591,0.1873
69348,31165,0.1401,0.0405
69350,31075,0.6363,0.81
69350,31031,0.3057,0.1354
69350,31005,0.0581,0.0546
69351,31161,0.6016,0.6567
69351,31069,0.3984,0.3433
69354,31165,0.5026,0.2019
69354,31045,0.3414,0.5589
69354,31013,0.156,0.2392
69357,31165,0.6854,0.0286
69357,31157,0.3146,0.9714
69358,31165,0.7184,0.0486
69358,31157,0.2816,0.9514
69361,31165,0.57,0.0049
69361,31157,0.43,0.9951
69366,31031,0.5808,0.3283
69366,31075,0.3974,0.6455
69366,31005,0.0219,0.0262
70030,22089,0.8682,0.9306
70030,22057,0.1318,0.0694
70040,22075,0.9919,0.4422
70040,22087,0.0081,0.5578
70068,22095,0.9385,0.9848
70068,22089,0.0615,0.0152
70085,22087,1.0,1.0
70090,22093,0.6112,0.8087
70090,22095,0.3888,0.1913
70301,22057,0.9745,0.9809
70301,22007,0.0171,0.0053
70301,22109,0.0084,0.0138
70339,22007,0.8698,0.9871
70339,22099,0.1302,0.0129
70343,22057,0.506,0.1246
70343,22109,0.494,0.8754
70346,22005,0.7924,0.9292
70346,22007,0.2076,0.0708
70359,22109,0.8051,0.9271
70359,22057,0.1949,0.0729
70364,22109,0.5809,0.8735
70364,22057,0.4191,0.1265
70377,22109,0.6053,0.6603
70377,22057,0.3947,0.3397
70380,22007,0.3903,0.1086
70380,22101,0.3245,0.8767
70380,22099,0.2852,0.0147
70401,22105,0.9999,0.9999
70403,22105,0.8608,0.9576
70403,22063,0.1392,0.0424
70422,22105,0.6369,0.7881
70422,22091,0.359,0.2093
70427,22117,0.9038,0.9514
70427,22103,0.0962,0.0486
70431,22103,0.9386,0.972
70431,22117,0.0614,0.028
70433,22103,0.932,0.9881
70433,22105,0.068,0.0119
70435,22103,0.9596,0.9888
70435,22105,0.0404,0.0112
70437,22103,0.7603,0.9019
70437,22105,0.2397,0.0981
70438,22117,0.9634,0.927
70438,22103,0.0285,0.0678
70438,22105,0.0082,0.0052
70443,22105,0.5715,0.666
70443,22063,0.3307,0.291
70443,22091,0.0978,0.043
70444,22105,0.7134,0.828
70444,22091,0.2761,0.158
70444,22117,0.0105,0.014
70449,22063,0.9952,0.997
70453,22091,0.9448,0.9221
70453,22063,0.0552,0.0779
70462,22063,0.993,0.9801
70462,22105,0.007,0.0199
70466,22105,0.9522,0.9666
70466,22063,0.0478,0.0334
70512,22097,0.6104,0.5151
70512,22099,0.3896,0.4849
70515,22001,0.5675,0.5604
70515,22039,0.4325,0.4396
70517,22099,0.9887,0.9646
70517,22055,0.0113,0.0354
70518,22055,0.5131,0.8024
70518,22099,0.4549,0.1747
70518,22045,0.032,0.0229
70520,22055,0.9672,0.9886
70520,22097,0.0328,0.0114
70525,22001,0.6097,0.6116
70525,22097,0.382,0.3594
70525,22055,0.0083,0.029
70526,22001,0.988,0.9959
70526,22113,0.012,0.0041
70528,22045,0.8807,0.9244
70528,22113,0.1193,0.0756
70529,22055,0.9711,0.9825
70529,22001,0.0213,0.0101
70529,22113,0.0075,0.0074
70532,22053,0.6395,0.6305
70532,22003,0.3605,0.3695
70533,22113,0.9969,0.9972
70535,22001,0.5269,0.1903
70535,22097,0.2626,0.7233
70535,22039,0.2105,0.0865
70542,22113,0.7003,0.982
70542,22023,0.2997,0.018
70544,22045,0.5261,0.6348
70544,22101,0.4739,0.3652
70546,22053,0.8871,0.9658
70546,22001,0.1129,0.0342
70549,22053,0.6163,0.8233
70549,22023,0.3797,0.1748
70555,22113,0.9705,0.8825
70555,22055,0.0295,0.1175
70560,22045,0.9771,0.9833
70560,22113,0.0109,0.0072
70560,22099,0.0104,0.0057
70578,22001,0.6783,0.7777
70578,22055,0.1824,0.1695
70578,22113,0.1393,0.0528
70582,22099,0.9444,0.9398
70582,22045,0.0556,0.0602
70583,22055,0.8552,0.9393
70583,22001,0.1448,0.0607
70586,22039,0.9825,0.9737
70586,22097,0.0175,0.0263
70589,22097,0.9702,0.9423
70589,22039,0.0298,0.0577
70592,22055,0.744,0.9297
70592,22113,0.2368,0.0622
70592,22045,0.0192,0.0081
70607,22019,0.5456,0.9569
70607,22023,0.4544,0.0431
70630,22023,0.5727,0.5738
70630,22019,0.4273,0.4262
70633,22019,0.5833,0.7898
70633,22011,0.4167,0.2102
70634,22011,0.7962,0.8662
70634,22115,0.2038,0.1338
70637,22003,0.5196,0.5019
70637,22011,0.4804,0.4981
70647,22019,0.5142,0.8348
70647,22053,0.4858,0.1652
70648,22003,0.7263,0.8045
70648,22053,0.2737,0.1955
70656,22115,0.6394,0.6227
70656,22003,0.2355,0.1925
70656,22079,0.1252,0.1848
70657,22011,0.6712,0.8201
70657,22003,0.2527,0.1122
70657,22053,0.0731,0.0554
70657,22019,0.003,0.0124
70661,22019,0.6859,0.8532
70661,22011,0.3141,0.1468
70662,22011,0.9473,0.9722
70662,22003,0.0527,0.0278
70706,22063,0.7335,0.9751
70706,22091,0.2665,0.0249
70722,22037,0.9645,0.8888
70722,22033,0.0355,0.1112
70729,22121,0.7577,0.8547
70729,22077,0.2423,0.1453
70744,22063,0.8536,0.9368
70744,22091,0.1464,0.0632
70748,22037,0.9874,0.9845
70748,22033,0.0126,0.0155
70757,22047,0.8157,0.6395
70757,22077,0.1843,0.3605
70764,22047,0.9509,0.8355
70764,22121,0.0491,0.1645
70767,22121,0.9595,0.9839
70767,22077,0.0405,0.0161
70769,22005,0.9989,0.9997
70774,22005,0.8094,0.8847
70774,22063,0.1906,0.1153
70775,22125,0.9996,0.999
70777,22037,0.8742,0.5814
70777,22033,0.1258,0.4186
70791,22033,0.964,0.9832
70791,22037,0.036,0.0168
71001,22013,0.4503,0.7548
71001,22027,0.3064,0.0794
71001,22061,0.2433,0.1659
71018,22119,0.6758,0.8316
71018,22015,0.3242,0.1684
71019,22081,0.8614,0.8395
71019,22069,0.1386,0.1605
71023,22119,0.8076,0.7682
71023,22015,0.1924,0.2318
71024,22119,0.6534,0.8234
71024,22013,0.3466,0.1766
71031,22127,0.5475,0.6015
71031,22069,0.4525,0.3985
71038,22027,0.9951,0.9969
71039,22119,0.6352,0.7603
71039,22013,0.3648,0.2397
71046,22031,0.8728,0.825
71046,22017,0.1272,0.175
71051,22015,0.9923,0.9839
71051,22017,0.0077,0.0161
71052,22031,0.9573,0.9824
71052,22081,0.0427,0.0176
71055,22119,0.8768,0.9774
71055,22027,0.1147,0.0211
71055,22013,0.0084,0.0015
71065,22085,0.8406,0.8041
71065,22069,0.1534,0.1916
71065,22031,0.0059,0.0043
71067,22015,0.9231,0.9872
71067,22119,0.0769,0.0128
71068,22013,0.7405,0.8794
71068,22081,0.2595,0.1206
71070,22069,0.6956,0.7567
71070,22013,0.3044,0.2433
71071,22119,0.8037,0.9405
71071,22015,0.1963,0.0595
71075,22119,0.6842,0.9776
71075,22015,0.3158,0.0224
71104,22017,0.9498,0.9706
71104,22015,0.0502,0.0294
71105,22017,0.9525,0.9735
71105,22015,0.0475,0.0265
71107,22017,0.9922,0.9722
71107,22015,0.0078,0.0278
71115,22017,0.5828,0.9612
71115,22081,0.4172,0.0388
71220,22067,0.9907,0.9674
71220,22073,0.0093,0.0326
71222,22111,0.7371,0.8444
71222,22027,0.2629,0.1556
71227,22061,0.6034,0.7973
71227,22049,0.3679,0.0903
71227,22073,0.0282,0.1118
71229,22067,0.9076,0.7278
71229,22073,0.0924,0.2722
71232,22065,0.4625,0.0906
71232,22083,0.3133,0.7367
71232,22041,0.2242,0.1727
71234,22111,0.8613,0.6968
71234,22073,0.0752,0.2401
71234,22061,0.0635,0.063
71235,22061,0.9556,0.9606
71235,22111,0.0323,0.034
71235,22027,0.0121,0.0054
71237,22123,0.4812,0.5376
71237,22035,0.2601,0.0928
71237,22083,0.1665,0.3393
71237,22065,0.0922,0.0303
71238,22049,0.6483,0.2277
71238,22073,0.3517,0.7723
71251,22049,0.862,0.9784
71251,22013,0.138,0.0216
71256,22111,0.6408,0.6765
71256,22027,0.3592,0.3235
71264,22067,0.8058,0.7741
71264,22083,0.1942,0.2259
71268,22049,0.5735,0.88
71268,22013,0.4265,0.12
71270,22061,0.6137,0.9135
71270,22049,0.3863,0.0865
71275,22061,0.7693,0.9341
71275,22013,0.2307,0.0659
71280,22111,0.726,0.4246
71280,22073,0.2202,0.5515
71280,22067,0.0538,0.0239
71282,22065,0.9934,0.993
71282,22107,0.0066,0.007
71322,22009,0.4953,0.6951
71322,22097,0.4411,0.2629
71322,22079,0.0635,0.042
71323,22009,0.949,0.7209
71323,22079,0.051,0.2791
71325,22079,0.7302,0.7216
71325,22039,0.2698,0.2784
71326,22025,0.737,0.5777
71326,22029,0.263,0.4223
71328,22079,0.8367,0.9576
71328,22009,0.1633,0.0424
71343,22025,0.6434,0.7881
71343,22029,0.1829,0.0898
71343,22059,0.1736,0.1222
71351,22009,0.992,0.994
71351,22079,0.008,0.006
71356,22097,0.8731,0.7228
71356,22009,0.1269,0.2772
71360,22079,0.8839,0.9774
71360,22009,0.1046,0.0149
71360,22043,0.0115,0.0077
71362,22009,0.7812,0.8984
71362,22097,0.2188,0.1016
71367,22039,0.932,0.9405
71367,22079,0.068,0.0595
71403,22115,0.9756,0.9755
71403,22085,0.0244,0.0245
71404,22127,0.7579,0.6763
71404,22043,0.2421,0.3237
71418,22021,0.8406,0.7824
71418,22083,0.0704,0.1001
71418,22025,0.0586,0.0346
71418,22073,0.0304,0.0829
71419,22085,0.7581,0.8372
71419,22031,0.2419,0.1628
71423,22043,0.9639,0.8562
71423,22079,0.0361,0.1438
71427,22079,0.6034,0.8283
71427,22069,0.3966,0.1717
71429,22085,0.9796,0.9725
71429,22115,0.0204,0.0275
71432,22043,0.9507,0.9597
71432,22127,0.0493,0.0403
71435,22021,0.838,0.9025
71435,22025,0.1344,0.0717
71435,22059,0.0231,0.0242
71438,22115,0.7027,0.5269
71438,22079,0.2973,0.4731
71439,22115,0.6699,0.7703
71439,22085,0.3301,0.2297
71441,22021,0.6916,0.7322
71441,22059,0.3084,0.2678
71447,22079,0.5661,0.8024
71447,22069,0.429,0.1918
71447,22115,0.0049,0.0058
71450,22069,0.7898,0.8044
71450,22085,0.2102,0.1956
71454,22043,0.6077,0.688
71454,22127,0.3923,0.312
71455,22069,0.8501,0.6414
71455,22079,0.1499,0.3586
71457,22069,0.9576,0.9899
71457,22127,0.0424,0.0101
71463,22003,0.5991,0.8614
71463,22039,0.2957,0.0891
71463,22079,0.1052,0.0496
71465,22059,0.732,0.8845
71465,22127,0.1723,0.0614
71465,22021,0.0728,0.0422
71465,22025,0.0229,0.0119
71467,22043,0.9918,0.9793
71467,22079,0.0082,0.0207
71469,22069,0.844,0.823
71469,22085,0.156,0.177
71479,22127,0.6888,0.5483
71479,22059,0.3112,0.4517
71601,05069,0.995,0.9994
71601,05079,0.005,0.0006
71602,05069,0.8246,0.9729
71602,05053,0.1754,0.0271
71603,05069,0.8451,0.9846
71603,05079,0.0775,0.0081
71603,05025,0.0524,0.0047
71603,05053,0.0249,0.0025
71635,05003,0.9999,1.0
71638,05043,0.6567,0.2198
71638,05017,0.2562,0.6185
71638,05041,0.0871,0.1617
71639,05079,0.5336,0.272
71639,05041,0.4664,0.728
71642,05003,0.578,0.6576
71642,05043,0.422,0.3424
71643,05079,0.9288,0.9017
71643,05041,0.0712,0.0983
71644,05079,0.6797,0.7577
71644,05069,0.3203,0.2423
71646,05003,0.9629,0.9832
71646,05043,0.0371,0.0168
71655,05043,0.9932,0.9962
71655,05079,0.0068,0.0038
71658,05003,0.9733,0.966
71658,05043,0.0267,0.034
71660,05025,0.9962,0.9837
71660,05011,0.0038,0.0163
71661,05003,0.7567,0.7314
71661,05017,0.2433,0.2686
71663,05017,0.6368,0.7004
71663,05003,0.3632,0.2996
71665,05025,0.9725,0.8064
71665,05069,0.0275,0.1936
71667,05079,0.9471,0.962
71667,05025,0.0529,0.038
71670,05041,0.7002,0.8961
71670,05043,0.2998,0.1039
71671,05011,0.93,0.9776
71671,05025,0.0398,0.0125
71671,05043,0.0302,0.0099
71675,05043,0.8377,0.6257
71675,05011,0.1028,0.3072
71675,05079,0.0595,0.0671
71676,05003,0.8669,0.881
71676,05017,0.1331,0.119
71701,05103,0.813,0.9736
71701,05013,0.187,0.0264
71720,05103,0.542,0.7468
71720,05039,0.3987,0.2239
71720,05013,0.0593,0.0293
71725,05039,0.8424,0.6249
71725,05025,0.1576,0.3751
71726,05103,0.99,0.9927
71726,05099,0.01,0.0073
71742,05039,0.6879,0.8883
71742,05013,0.3121,0.1117
71749,05139,0.982,0.9871
71749,22027,0.0166,0.0117
71752,05027,0.986,0.9965
71752,05099,0.014,0.0035
71753,05027,0.9588,0.9804
71753,05139,0.0412,0.0196
71762,05139,0.9072,0.9754
71762,05103,0.0928,0.0246
71763,05039,0.8525,0.7249
71763,05103,0.1101,0.2404
71763,05019,0.0373,0.0348
71764,05103,0.6311,0.7254
71764,05027,0.2327,0.2137
71764,05099,0.131,0.0574
71764,05139,0.0052,0.0034
71770,05027,0.7357,0.9053
71770,05099,0.2643,0.0947
71801,05057,0.9789,0.9905
71801,05073,0.0211,0.0095
71827,05073,0.6341,0.7601
71827,05099,0.3659,0.2399
71831,05061,0.8133,0.8943
71831,05057,0.1867,0.1057
71833,05061,0.9026,0.8556
71833,05133,0.0974,0.1444
71835,05099,0.8168,0.7047
71835,05057,0.1832,0.2953
71838,05057,0.9454,0.9579
71838,05091,0.054,0.041
71841,05133,0.8737,0.8885
71841,05113,0.1263,0.1115
71846,05133,0.9875,0.9808
71846,05081,0.0125,0.0192
71852,05061,0.6287,0.8051
71852,05109,0.1881,0.1163
71852,05057,0.1832,0.0786
71857,05099,0.868,0.888
71857,05057,0.1318,0.1119
71859,05057,0.8215,0.7033
71859,05061,0.1785,0.2967
71860,05073,0.7454,0.8163
71860,05027,0.2312,0.1765
71860,05099,0.0234,0.0072
71861,05073,0.5342,0.4025
71861,05027,0.4658,0.5975
71866,05081,1.0,1.0
71901,05051,0.9949,0.999
71901,05059,0.0051,0.001
71909,05051,0.7328,0.5753
71909,05125,0.2672,0.4247
71913,05051,0.7615,0.9728
71913,05059,0.2385,0.0272
71921,05019,0.6906,0.5104
71921,05109,0.2253,0.326
71921,05059,0.0841,0.1636
71923,05019,0.8888,0.9233
71923,05059,0.0684,0.0699
71923,05039,0.0427,0.0067
71929,05059,0.9816,0.9847
71929,05019,0.0184,0.0153
71933,05051,0.3742,0.7326
71933,05097,0.3489,0.084
71933,05059,0.2769,0.1834
71937,05113,0.9375,0.9849
71937,40089,0.0625,0.0151
71943,05109,0.6491,0.69
71943,05097,0.3262,0.2565
71943,05059,0.0247,0.0534
71953,05113,0.7532,0.9282
71953,05127,0.1952,0.0554
71953,40079,0.0516,0.0164
71959,05109,0.5012,0.5501
71959,05061,0.4988,0.4499
71964,05051,0.8151,0.9305
71964,05059,0.1849,0.0695
71971,05061,0.8346,0.8057
71971,05109,0.1654,0.1943
71973,05113,0.6277,0.73
71973,05061,0.3723,0.27
72001,05105,0.5433,0.3666
72001,05029,0.4567,0.6334
72002,05125,0.9272,0.9285
72002,05119,0.0728,0.0715
72004,05069,0.9754,0.9794
72004,05001,0.0246,0.0206
72011,05125,0.9555,0.9896
72011,05053,0.0445,0.0104
72013,05141,0.9367,0.9453
72013,05029,0.0633,0.0547
72015,05125,0.762,0.9826
72015,05053,0.238,0.0174
72016,05105,0.7726,0.6793
72016,05119,0.2274,0.3207
72020,05067,0.5033,0.4817
72020,05145,0.3148,0.3616
72020,05063,0.1819,0.1567
72021,05095,0.8844,0.929
72021,05147,0.0961,0.0571
72021,05123,0.0196,0.0139
72023,05085,0.6875,0.8265
72023,05119,0.2726,0.1648
72023,05045,0.0398,0.0086
72024,05085,0.934,0.9617
72024,05117,0.066,0.0383
72025,05105,0.6927,0.3536
72025,05029,0.2379,0.5329
72025,05149,0.0694,0.1135
72029,05095,0.9995,0.9994
72030,05029,0.7764,0.861
72030,05141,0.2236,0.139
72031,05141,0.906,0.9012
72031,05137,0.048,0.038
72031,05029,0.046,0.0608
72036,05147,0.8054,0.5746
72036,05095,0.1946,0.4254
72039,05045,0.5397,0.7023
72039,05141,0.4603,0.2977
72040,05117,0.9303,0.9468
72040,05147,0.0697,0.0532
72044,05023,0.7171,0.874
72044,05137,0.2829,0.126
72046,05085,0.7129,0.6511
72046,05119,0.1692,0.3251
72046,05069,0.1179,0.0238
72060,05145,0.5963,0.7646
72060,05117,0.4037,0.2354
72063,05029,0.9775,0.9617
72063,05115,0.0225,0.0383
72065,05125,0.576,0.8404
72065,05119,0.2561,0.1343
72065,05053,0.1679,0.0253
72067,05023,0.8604,0.9002
72067,05141,0.1396,0.0998
72069,05095,0.9225,0.7947
72069,05107,0.0775,0.2053
72072,05085,0.7478,0.8671
72072,05069,0.2522,0.1329
72073,05001,0.9095,0.8931
72073,05069,0.0905,0.1069
72076,05119,0.8472,0.9418
72076,05085,0.108,0.0519
72076,05045,0.0448,0.0062
72079,05069,0.6533,0.838
72079,05053,0.3467,0.162
72080,05141,0.4493,0.3953
72080,05029,0.3376,0.4696
72080,05115,0.2131,0.1351
72081,05145,0.9914,0.998
72081,05063,0.0086,0.002
72084,05039,0.581,0.2396
72084,05053,0.2996,0.4765
72084,05059,0.1194,0.2839
72086,05085,0.9585,0.9903
72086,05117,0.0415,0.0097
72087,05125,0.6379,0.6658
72087,05051,0.3621,0.3342
72088,05141,0.8426,0.9554
72088,05023,0.1574,0.0446
72101,05147,0.8892,0.9353
72101,05067,0.1066,0.0612
72103,05125,0.7727,0.5622
72103,05119,0.2273,0.4378
72104,05059,0.9525,0.938
72104,05051,0.0276,0.0457
72104,05125,0.0131,0.0147
72104,05053,0.0068,0.0017
72106,05045,0.982,0.9839
72106,05119,0.018,0.0161
72111,05045,0.7264,0.6657
72111,05145,0.2736,0.3343
72112,05067,0.9277,0.9667
72112,05147,0.0483,0.019
72112,05063,0.0239,0.0143
72120,05119,0.6886,0.9722
72120,05045,0.3114,0.0278
72121,05145,0.8053,0.8068
72121,05023,0.1947,0.1932
72122,05125,0.8985,0.7264
72122,05119,0.1015,0.2736
72125,05105,0.6331,0.5771
72125,05029,0.3669,0.4229
72126,05105,0.9554,0.8027
72126,05119,0.0446,0.1973
72131,05023,0.6654,0.7768
72131,05045,0.2611,0.168
72131,05141,0.0735,0.0552
72132,05069,0.5514,0.7714
72132,05053,0.4486,0.2286
72134,05095,0.9149,0.9674
72134,05001,0.0851,0.0326
72137,05145,0.7709,0.7471
72137,05023,0.2291,0.2529
72142,05085,0.6271,0.2484
72142,05119,0.3729,0.7516
72143,05145,0.9748,0.9903
72143,05023,0.0252,0.0097
72150,05053,0.9928,0.984
72150,05069,0.0072,0.016
72153,05141,0.783,0.9143
72153,05137,0.1568,0.0417
72153,05023,0.0602,0.044
72160,05001,0.5956,0.8549
72160,05117,0.2878,0.1211
72160,05069,0.1071,0.0201
72160,05085,0.0095,0.0039
72167,05125,0.4599,0.7427
72167,05053,0.3507,0.0773
72167,05059,0.1893,0.18
72175,05069,0.9589,0.9657
72175,05001,0.0411,0.0343
72176,05085,0.6696,0.935
72176,05117,0.3304,0.065
72206,05119,0.9463,0.9508
72206,05125,0.0537,0.0492
72210,05119,0.7266,0.9428
72210,05125,0.2734,0.0572
72324,05037,0.9649,0.9582
72324,05111,0.0351,0.0418
72326,05123,0.932,0.9231
72326,05037,0.068,0.0769
72328,05041,0.7345,0.6841
72328,05107,0.2655,0.3159
72331,05035,0.6688,0.8839
72331,05037,0.3312,0.1161
72335,05123,0.9576,0.9972
72335,05077,0.0424,0.0028
72338,47167,0.6631,0.913
72338,05093,0.3369,0.087
72346,05123,0.9083,0.8704
72346,05035,0.0661,0.113
72346,05037,0.0255,0.0166
72347,05037,0.7697,0.8297
72347,05067,0.2303,0.1703
72348,05035,0.4696,0.6692
72348,05123,0.4192,0.2873
72348,05077,0.1112,0.0435
72354,05111,0.779,0.8972
72354,05093,0.221,0.1028
72355,05107,0.9262,0.9777
72355,05077,0.0738,0.0223
72366,05107,0.9358,0.9679
72366,05095,0.0385,0.0136
72366,05077,0.0258,0.0186
72368,05077,0.8566,0.8804
72368,05095,0.1434,0.1196
72372,05123,0.7988,0.8163
72372,05077,0.2012,0.1837
72374,05107,0.9827,0.9884
72374,05077,0.0173,0.0116
72376,05035,0.9693,0.9864
72376,05123,0.0307,0.0136
72386,05111,0.4209,0.6799
72386,05035,0.3504,0.1663
72386,05093,0.2287,0.1537
72392,05123,0.8818,0.8356
72392,05147,0.075,0.0596
72392,05095,0.0431,0.1049
72396,05037,0.9488,0.967
72396,05123,0.0512,0.033
72401,05031,0.9124,0.9905
72401,05055,0.0876,0.0095
72413,05121,0.7999,0.8862
72413,05021,0.2001,0.1138
72416,05031,0.5509,0.6388
72416,05055,0.4491,0.3612
72419,05031,0.9496,0.9473
72419,05111,0.0504,0.0527
72421,05031,0.9227,0.9741
72421,05111,0.0773,0.0259
72425,05055,0.8224,0.81
72425,05121,0.1776,0.19
72434,05121,0.6812,0.5404
72434,05075,0.3188,0.4596
72436,05055,0.7053,0.9312
72436,05021,0.2947,0.0688
72438,05093,0.9297,0.9285
72438,05031,0.0703,0.0715
72450,05055,0.9828,0.9924
72450,05031,0.0172,0.0076
72459,05121,0.3931,0.2507
72459,05075,0.365,0.4287
72459,05135,0.2419,0.3206
72461,05021,0.8286,0.8279
72461,05055,0.1714,0.1721
72466,05075,0.5907,0.6005
72466,05135,0.4093,0.3995
72469,05075,0.7541,0.7635
72469,05135,0.2459,0.2365
72476,05075,0.8261,0.9019
72476,05121,0.0891,0.0485
72476,05031,0.0621,0.0288
72476,05055,0.0227,0.0208
72479,05111,0.8781,0.7843
72479,05067,0.0662,0.1139
72479,05031,0.0556,0.1018
72482,05135,0.9973,0.9976
72501,05063,0.9924,0.9982
72501,05065,0.0076,0.0018
72512,05065,0.9949,0.9977
72512,05049,0.0051,0.0023
72513,05135,0.5054,0.4233
72513,05049,0.3645,0.3219
72513,05065,0.13,0.2548
72519,05005,0.3812,0.3867
72519,05137,0.2997,0.1772
72519,05065,0.2914,0.4175
72519,05049,0.0277,0.0185
72521,05135,0.6802,0.639
72521,05063,0.3198,0.361
72523,05023,0.8046,0.8749
72523,05063,0.1954,0.1251
72529,05135,0.5514,0.9429
72529,05049,0.4486,0.0571
72530,05023,0.9398,0.9567
72530,05137,0.0602,0.0433
72531,05049,0.6114,0.2237
72531,05005,0.3886,0.7763
72532,05135,0.8367,0.7169
72532,05065,0.1633,0.2831
72534,05063,0.812,0.7354
72534,05023,0.188,0.2646
72542,05135,0.8154,0.8822
72542,05049,0.1846,0.1178
72550,05063,0.6887,0.8521
72550,05023,0.1856,0.1109
72550,05137,0.1257,0.037
72554,05049,0.8193,0.831
72554,05135,0.1807,0.169
72560,05137,0.995,0.9976
72560,05065,0.005,0.0024
72568,05063,0.9252,0.9027
72568,05145,0.0748,0.0973
72572,05075,0.7541,0.7177
72572,05063,0.2459,0.2823
72576,05049,0.998,0.9964
72577,05065,0.6478,0.5121
72577,05135,0.3522,0.4879
72579,05063,0.7867,0.8407
72579,05135,0.2133,0.1593
72601,05009,0.915,0.9782
72601,05101,0.0575,0.0123
72601,05089,0.0274,0.0095
72611,05015,0.6689,0.5922
72611,05009,0.2992,0.3905
72611,05101,0.0319,0.0173
72617,05005,0.9769,0.9863
72617,05137,0.0227,0.0134
72624,05101,0.852,0.8247
72624,05015,0.148,0.1753
72632,05015,0.9776,0.995
72632,05087,0.0224,0.005
72633,05089,0.5229,0.4035
72633,05009,0.315,0.5495
72633,05129,0.1621,0.0469
72638,05015,0.9521,0.9745
72638,05101,0.0479,0.0255
72639,05129,0.905,0.9289
72639,05089,0.095,0.0711
72644,05009,0.9114,0.9096
72644,05089,0.0755,0.0738
72644,29213,0.0131,0.0166
72645,05129,0.6635,0.6381
72645,05141,0.1928,0.2024
72645,05137,0.1437,0.1595
72650,05129,0.9705,0.9722
72650,05137,0.0295,0.0278
72653,05005,0.9757,0.9803
72653,05089,0.0243,0.0197
72662,05009,0.986,0.9889
72662,05015,0.014,0.0111
72675,05129,0.8642,0.7121
72675,05089,0.1358,0.2879
72679,05129,0.8497,0.8003
72679,05141,0.11,0.1603
72679,05115,0.0403,0.0394
72680,05137,0.9113,0.923
72680,05129,0.0887,0.077
72685,05101,0.8131,0.8632
72685,05129,0.1676,0.0807
72685,05009,0.0193,0.0561
72686,05115,0.578,0.6397
72686,05129,0.422,0.3603
72687,05089,0.9965,0.9958
72703,05143,0.952,0.9983
72703,05087,0.048,0.0017
72704,05143,0.986,0.9978
72704,05007,0.014,0.0022
72721,05087,0.5162,0.6117
72721,05047,0.4838,0.3883
72727,05087,0.6325,0.3961
72727,05143,0.3223,0.5876
72727,05047,0.0452,0.0163
72734,05007,0.988,0.9749
72734,05143,0.012,0.0251
72738,05087,0.797,0.4377
72738,05143,0.1322,0.4428
72738,05007,0.0708,0.1195
72740,05087,0.9047,0.9422
72740,05015,0.077,0.0449
72740,05101,0.0184,0.0129
72742,05087,0.8478,0.8873
72742,05101,0.1522,0.1127
72752,05087,0.4946,0.5457
72752,05101,0.3093,0.2414
72752,05071,0.1961,0.2129
72756,05007,0.8913,0.9919
72756,05087,0.1087,0.0081
72761,05007,0.9535,0.9922
72761,05143,0.0465,0.0078
72762,05143,0.7862,0.8809
72762,05007,0.2138,0.1191
72764,05143,0.9107,0.9218
72764,05007,0.0893,0.0782
72773,05087,0.9701,0.935
72773,05143,0.0299,0.065
72821,05047,0.6482,0.6845
72821,05071,0.3518,0.3155
72823,05115,0.7857,0.6076
72823,05029,0.2143,0.3924
72827,05149,0.8449,0.8711
72827,05127,0.1551,0.1289
72833,05149,0.8704,0.9324
72833,05127,0.1296,0.0676
72834,05149,0.9723,0.9879
72834,05083,0.0277,0.0121
72838,05149,0.8373,0.8645
72838,05127,0.1627,0.1355
72839,05071,0.8774,0.8959
72839,05115,0.1104,0.0951
72839,05101,0.0122,0.009
72841,05127,0.9602,0.9511
72841,05149,0.0398,0.0489
72842,05149,0.9999,0.9999
72846,05071,0.8645,0.7922
72846,05115,0.1355,0.2078
72847,05115,0.6961,0.7712
72847,05071,0.3039,0.2288
72852,05071,0.8361,0.8748
72852,05101,0.1578,0.1187
72852,05087,0.0061,0.0065
72853,05149,0.872,0.9399
72853,05105,0.128,0.0601
72854,05071,0.642,0.7138
72854,05101,0.358,0.2862
72855,05083,0.9878,0.9927
72855,05047,0.0122,0.0073
72856,05101,0.838,0.815
72856,05115,0.162,0.185
72857,05149,0.6181,0.631
72857,05105,0.3819,0.369
72927,05083,0.6777,0.8402
72927,05127,0.2981,0.1279
72927,05131,0.0242,0.0319
72930,05047,0.7734,0.5001
72930,05131,0.2266,0.4999
72933,05047,0.8378,0.7435
72933,05131,0.1163,0.229
72933,05083,0.0459,0.0276
72943,05083,0.9615,0.9554
72943,05149,0.0352,0.0409
72944,05131,0.6769,0.8483
72944,05127,0.3231,0.1517
72946,05033,0.8815,0.9429
72946,05047,0.1185,0.0571
72947,05047,0.538,0.1626
72947,05033,0.462,0.8374
72948,05033,0.9663,0.9608
72948,05143,0.0337,0.0392
72949,05047,0.8765,0.927
72949,05071,0.1031,0.0547
72949,05083,0.0204,0.0183
72951,05083,0.5315,0.5203
72951,05047,0.4685,0.4797
72959,05143,0.5909,0.7499
72959,05033,0.254,0.1826
72959,05047,0.1551,0.0675
73002,40051,0.9937,0.9883
73002,40087,0.0063,0.0117
73006,40015,0.8257,0.6881
73006,40031,0.1743,0.3119
73007,40109,0.8397,0.8808
73007,40083,0.1603,0.1192
73010,40051,0.5182,0.3844
73010,40087,0.4818,0.6156
73015,40015,0.7405,0.8629
73015,40075,0.1463,0.0821
73015,40149,0.1132,0.055
73016,40073,0.6278,0.3997
73016,40083,0.3722,0.6003
73017,40015,0.4846,0.3582
73017,40051,0.4745,0.5926
73017,40031,0.041,0.0492
73020,40109,0.9446,0.9731
73020,40027,0.0554,0.0269
73021,40149,0.7826,0.7264
73021,40015,0.2174,0.2736
73025,40083,0.5772,0.3632
73025,40109,0.4228,0.6368
73027,40083,0.5064,0.4305
73027,40119,0.4936,0.5695
73028,40083,0.7918,0.8649
73028,40073,0.2082,0.1351
73030,40099,0.891,0.8631
73030,40049,0.109,0.1369
73034,40109,0.6824,0.835
73034,40083,0.3176,0.165
73040,40011,0.6891,0.7014
73040,40017,0.3109,0.2986
73041,40075,0.7978,0.7799
73041,40149,0.2022,0.2201
73045,40109,0.5852,0.8185
73045,40081,0.3954,0.1538
73045,40125,0.0194,0.0277
73047,40015,0.5597,0.8583
73047,40017,0.4403,0.1417
73048,40015,0.7155,0.6663
73048,40011,0.2149,0.2027
73048,40039,0.0696,0.131
73051,40027,0.9953,0.9989
73052,40049,0.5174,0.6312
73052,40087,0.3795,0.3051
73052,40051,0.1031,0.0637
73054,40109,0.714,0.8374
73054,40083,0.1938,0.0824
73054,40081,0.0922,0.0802
73055,40137,0.746,0.8963
73055,40051,0.2374,0.0893
73055,40031,0.0166,0.0143
73056,40047,0.5248,0.3607
73056,40083,0.3603,0.5375
73056,40073,0.1148,0.1017
73057,40049,0.6653,0.7777
73057,40087,0.3347,0.2223
73059,40051,0.5905,0.7297
73059,40015,0.281,0.196
73059,40017,0.1285,0.0743
73061,40103,0.6002,0.7346
73061,40117,0.3998,0.2654
73062,40075,0.7529,0.7785
73062,40149,0.2471,0.2215
73063,40083,0.7742,0.7579
73063,40119,0.2258,0.2421
73072,40027,0.6628,0.9671
73072,40087,0.3372,0.0329
73073,40103,0.3103,0.1746
73073,40083,0.2614,0.3496
73073,40119,0.2497,0.3658
73073,40047,0.1786,0.11
73074,40049,0.7829,0.8254
73074,40087,0.2171,0.1746
73078,40017,0.9983,0.9975
73079,40051,0.7917,0.9105
73079,40015,0.2083,0.0895
73082,40051,0.9749,0.9393
73082,40031,0.0251,0.0607
73086,40099,0.9838,0.9959
73086,40069,0.0162,0.0041
73092,40051,0.5477,0.8207
73092,40015,0.4523,0.1793
73096,40039,0.6951,0.9626
73096,40149,0.2946,0.0354
73096,40011,0.0103,0.002
73098,40049,0.8114,0.7758
73098,40099,0.1886,0.2242
73127,40109,0.7483,0.9136
73127,40017,0.2517,0.0864
73128,40109,0.7654,0.343
73128,40017,0.2346,0.657
73135,40109,0.9714,0.9895
73135,40027,0.0286,0.0105
73139,40109,0.6745,0.6003
73139,40027,0.3255,0.3997
73149,40109,0.931,0.8354
73149,40027,0.069,0.1646
73150,40109,0.9809,0.992
73150,40027,0.0191,0.008
73159,40109,0.6863,0.6085
73159,40027,0.3137,0.3915
73169,40109,0.6071,0.794
73169,40027,0.3929,0.206
73179,40109,0.8301,0.7171
73179,40017,0.1699,0.2829
73401,40019,0.98,0.9963
73401,40085,0.0166,0.0033
73425,40137,0.5293,0.5042
73425,40019,0.4707,0.4958
73432,40069,0.6745,0.6578
73432,40005,0.3255,0.3422
73434,40137,0.5517,0.6431
73434,40049,0.4483,0.3569
73442,40137,0.8314,0.9377
73442,40067,0.1686,0.0623
73444,40019,0.8624,0.8208
73444,40099,0.1276,0.1665
73444,40049,0.01,0.0126
73446,40095,0.9966,0.9952
73453,40085,0.9884,0.9404
73453,40019,0.0116,0.0596
73456,40067,0.7931,0.5333
73456,40085,0.1082,0.1285
73456,40019,0.0987,0.3382
73461,40069,0.662,0.645
73461,40005,0.338,0.355
73463,40019,0.6803,0.8119
73463,40085,0.3197,0.1881
73481,40019,0.7422,0.7503
73481,40137,0.1697,0.159
73481,40049,0.0882,0.0907
73526,40065,0.852,0.8868
73526,40055,0.148,0.1132
73528,40033,0.4724,0.4428
73528,40141,0.3977,0.1868
73528,40031,0.1298,0.3704
73529,40137,0.7449,0.8555
73529,40067,0.2381,0.1351
73529,40033,0.017,0.0094
73532,40065,0.8782,0.8677
73532,40057,0.1218,0.1323
73533,40137,0.997,0.9996
73537,40065,0.803,0.7876
73537,40057,0.197,0.2124
73540,40031,0.9668,0.9881
73540,40033,0.0332,0.0119
73543,40031,0.7176,0.8758
73543,40033,0.2824,0.1242
73546,40141,0.9205,0.8844
73546,40033,0.0795,0.1156
73548,40033,0.5314,0.4098
73548,40067,0.4135,0.4658
73548,40137,0.0551,0.1244
73552,40031,0.984,0.9968
73552,40075,0.016,0.0032
73554,40055,0.8554,0.8981
73554,40057,0.1343,0.0694
73554,40065,0.0103,0.0326
73559,40075,0.8459,0.6521
73559,40031,0.1541,0.3479
73566,40075,0.5746,0.6584
73566,40141,0.4254,0.3416
73572,40033,0.962,0.9017
73572,40031,0.038,0.0983
73573,40067,0.997,0.9929
73573,40137,0.003,0.0071
73601,40039,0.7364,0.9554
73601,40149,0.2636,0.0446
73626,40149,0.5996,0.8081
73626,40039,0.4004,0.1919
73627,40009,0.9806,0.987
73627,40149,0.0194,0.013
73644,40009,0.8025,0.9589
73644,40149,0.1486,0.0377
73644,40129,0.0279,0.0016
73644,40039,0.021,0.0018
73646,40011,0.6132,0.5449
73646,40043,0.2928,0.3435
73646,40039,0.094,0.1116
73647,40149,0.5971,0.6251
73647,40039,0.4029,0.3749
73650,40129,0.6931,0.5977
73650,40039,0.3069,0.4023
73654,40129,0.4967,0.4789
73654,40043,0.3591,0.3096
73654,40039,0.1442,0.2115
73655,40075,0.9723,0.9579
73655,40149,0.0277,0.0421
73658,40043,0.9519,0.9632
73658,40011,0.0481,0.0368
73662,40009,0.9023,0.9797
73662,40129,0.0977,0.0203
73663,40043,0.9452,0.949
73663,40093,0.033,0.0223
73663,40153,0.0217,0.0287
73666,40129,0.532,0.5436
73666,40009,0.468,0.4564
73669,40039,0.7592,0.7776
73669,40043,0.1845,0.1111
73669,40011,0.0563,0.1113
73673,40055,0.911,0.8081
73673,40009,0.089,0.1919
73703,40047,0.965,0.9991
73703,40053,0.035,0.0009
73716,40151,0.5741,0.337
73716,40003,0.3442,0.5238
73716,40093,0.0817,0.1391
73717,40151,0.9451,0.945
73717,40003,0.0549,0.055
73718,40093,0.7634,0.7296
73718,40073,0.1666,0.2039
73718,40047,0.07,0.0665
73724,40043,0.5771,0.3339
73724,40011,0.4229,0.6661
73726,40003,0.6011,0.7962
73726,40151,0.3989,0.2038
73729,40093,0.841,0.9388
73729,40151,0.159,0.0612
73735,40047,0.9626,0.9708
73735,40093,0.0374,0.0292
73739,40003,0.7691,0.7435
73739,40047,0.2309,0.2565
73744,40011,0.9529,0.9308
73744,40073,0.0471,0.0692
73754,40047,0.6196,0.9389
73754,40093,0.3599,0.0581
73754,40003,0.0205,0.003
73755,40011,0.5669,0.8205
73755,40093,0.2928,0.1049
73755,40043,0.1403,0.0746
73757,40103,0.7325,0.7143
73757,40047,0.2675,0.2857
73758,40053,0.5945,0.6098
73758,40003,0.4055,0.3902
73760,40093,0.9523,0.9572
73760,40003,0.0477,0.0428
73761,40053,0.9001,0.8493
73761,40047,0.0999,0.1507
73762,40017,0.5567,0.7893
73762,40073,0.4433,0.2107
73763,40011,0.748,0.8361
73763,40073,0.134,0.1144
73763,40093,0.118,0.0495
73764,40073,0.5819,0.7233
73764,40011,0.4181,0.2767
73768,40093,0.982,0.9839
73768,40003,0.018,0.0161
73801,40153,0.7829,0.9765
73801,40059,0.2171,0.0235
73832,40045,0.9255,0.827
73832,40153,0.0745,0.173
73838,40093,0.8272,0.802
73838,40153,0.1728,0.198
73840,40045,0.744,0.6715
73840,40153,0.256,0.3285
73841,40045,0.5939,0.5071
73841,40153,0.4061,0.4929
73842,40151,0.6685,0.7038
73842,40153,0.2459,0.2315
73842,40059,0.0856,0.0647
73843,40045,0.938,0.9786
73843,40007,0.062,0.0214
73844,40007,0.8932,0.8687
73844,40059,0.1068,0.1313
73848,40007,0.5666,0.334
73848,40059,0.4334,0.666
73851,40045,0.692,0.7351
73851,40059,0.308,0.2649
73852,40153,0.9836,0.9861
73852,40093,0.0164,0.0139
73853,40153,0.9872,0.9852
73853,40043,0.0128,0.0148
73859,40043,0.6416,0.7205
73859,40153,0.244,0.2368
73859,40045,0.1145,0.0428
73860,40151,0.6141,0.6208
73860,40093,0.3859,0.3792
73947,40025,0.9289,0.8461
73947,40139,0.0711,0.1539
73949,40139,0.5902,0.6697
73949,40025,0.2731,0.1304
73949,48421,0.1367,0.1999
73950,40007,0.8008,0.6484
73950,40139,0.1992,0.3516
74003,40113,0.8469,0.0658
74003,40147,0.1531,0.9342
74008,40143,0.9582,0.9894
74008,40145,0.0418,0.0106
74010,40037,0.9915,0.9978
74010,40107,0.0085,0.0022
74014,40145,0.9991,0.9965
74015,40131,0.6906,0.6431
74015,40145,0.307,0.3516
74015,40143,0.0023,0.0053
74016,40131,0.6145,0.855
74016,40097,0.1593,0.0913
74016,40105,0.1194,0.0261
74016,40035,0.1069,0.0276
74021,40143,0.6622,0.7889
74021,40131,0.189,0.1913
74021,40147,0.1488,0.0198
74022,40147,0.5519,0.8779
74022,40113,0.4481,0.1221
74023,40119,0.5893,0.8557
74023,40081,0.4107,0.1443
74028,40037,0.9942,0.9922
74028,40081,0.0058,0.0078
74030,40037,0.9171,0.8965
74030,40119,0.0829,0.1035
74032,40119,0.7129,0.9099
74032,40117,0.1953,0.0482
74032,40103,0.0918,0.0419
74036,40131,0.8085,0.8946
74036,40097,0.1063,0.0719
74036,40145,0.0852,0.0334
74038,40037,0.5146,0.6034
74038,40117,0.4854,0.3966
74044,40037,0.9285,0.8947
74044,40117,0.0715,0.1053
74045,40117,0.997,0.9911
74045,40119,0.003,0.0089
74047,40111,0.5585,0.3159
74047,40143,0.2452,0.3251
74047,40037,0.1963,0.359
74048,40105,0.9958,0.9951
74050,40037,0.9043,0.8827
74050,40143,0.0957,0.1173
74051,40147,0.9011,0.9585
74051,40113,0.0989,0.0415
74055,40143,0.5451,0.6783
74055,40131,0.4549,0.3217
74058,40117,0.9995,0.9994
74059,40119,0.633,0.8473
74059,40081,0.2878,0.1175
74059,40083,0.0792,0.0352
74063,40143,0.4907,0.8149
74063,40113,0.4141,0.1534
74063,40037,0.0951,0.0317
74070,40113,0.742,0.6951
74070,40143,0.1721,0.2683
74070,40147,0.0859,0.0366
74072,40105,0.88,0.9178
74072,40035,0.12,0.0822
74073,40113,0.5766,0.4125
74073,40143,0.4234,0.5875
74075,40119,0.8824,0.9919
74075,40103,0.1176,0.0081
74079,40081,0.6954,0.803
74079,40037,0.293,0.1868
74079,40107,0.0115,0.0101
74080,40131,0.8707,0.8595
74080,40147,0.1293,0.1405
74081,40117,0.6847,0.7116
74081,40037,0.3153,0.2884
74083,40105,0.6969,0.4745
74083,40147,0.3031,0.5255
74085,40119,0.8692,0.9341
74085,40117,0.0827,0.0174
74085,40037,0.0482,0.0485
74106,40143,0.9917,0.9912
74106,40113,0.0083,0.0088
74108,40143,0.8611,0.9177
74108,40145,0.1389,0.0823
74116,40143,0.807,0.7817
74116,40131,0.193,0.2183
74126,40113,0.7423,0.2436
74126,40143,0.2577,0.7564
74127,40113,0.7298,0.4181
74127,40143,0.2702,0.5819
74131,40037,0.9988,0.9992
74132,40143,0.7411,0.8002
74132,40037,0.2589,0.1998
74301,40035,0.9388,0.9023
74301,40097,0.0362,0.0906
74301,40105,0.025,0.0071
74330,40097,0.9489,0.984
74330,40035,0.0511,0.016
74331,40041,0.5061,0.7981
74331,40115,0.3282,0.1715
74331,40035,0.1657,0.0305
74332,40035,0.441,0.2416
74332,40097,0.3508,0.4306
74332,40131,0.2081,0.3278
74333,40035,0.8799,0.6404
74333,40115,0.1201,0.3596
74337,40097,0.8987,0.8229
74337,40145,0.1013,0.1771
74338,40041,0.9974,0.998
74342,40041,0.9683,0.9518
74342,40097,0.0317,0.0482
74344,40041,0.9735,0.9948
74344,40115,0.0265,0.0052
74347,40041,0.7961,0.7775
74347,40001,0.1254,0.1347
74347,40021,0.0786,0.0878
74349,40035,0.8185,0.5213
74349,40097,0.1815,0.4787
74352,40097,0.8068,0.7474
74352,40145,0.131,0.2078
74352,40021,0.0622,0.0448
74354,40115,0.9676,0.9966
74354,40035,0.0324,0.0034
74359,40041,0.9473,0.9259
74359,40021,0.0527,0.0741
74361,40097,1.0,1.0
74364,40041,0.6603,0.5464
74364,40021,0.2107,0.2512
74364,40097,0.1291,0.2024
74365,40097,0.7294,0.8843
74365,40041,0.2706,0.1157
74366,40097,0.8957,0.9074
74366,40041,0.1043,0.0926
74370,40115,0.9309,0.7963
74370,40041,0.0691,0.2037
74403,40101,0.9497,0.994
74403,40145,0.0503,0.006
74421,40111,0.9866,0.9845
74421,40037,0.0134,0.0155
74422,40101,0.5697,0.6609
74422,40111,0.4303,0.3391
74426,40091,0.9982,0.9991
74428,40091,0.5254,0.3898
74428,40101,0.4746,0.6102
74432,40091,0.8005,0.7588
74432,40121,0.1995,0.2412
74434,40101,0.6203,0.6695
74434,40021,0.265,0.1775
74434,40145,0.1147,0.153
74435,40135,0.742,0.7738
74435,40101,0.258,0.2262
74436,40101,0.6413,0.5078
74436,40145,0.2079,0.4256
74436,40111,0.1508,0.0666
74437,40111,0.6796,0.9068
74437,40091,0.2552,0.0714
74437,40107,0.0653,0.0218
74445,40111,0.9768,0.9844
74445,40091,0.0232,0.0156
74452,40021,0.9179,0.9072
74452,40097,0.0821,0.0928
74455,40101,0.8992,0.7082
74455,40091,0.1008,0.2918
74457,40021,0.618,0.5738
74457,40001,0.382,0.4262
74462,40061,0.9656,0.8567
74462,40121,0.0344,0.1433
74469,40101,0.8843,0.9135
74469,40091,0.1157,0.0865
74523,40127,0.9271,0.9521
74523,40023,0.056,0.0349
74523,40005,0.0169,0.0129
74525,40005,0.9915,0.9938
74525,40029,0.0085,0.0062
74530,40069,0.6498,0.7737
74530,40029,0.3502,0.2263
74531,40063,0.9468,0.9394
74531,40029,0.0532,0.0606
74536,40127,0.9001,0.8245
74536,40077,0.0658,0.1033
74536,40121,0.0341,0.0721
74538,40029,0.9913,0.9958
74538,40005,0.0087,0.0042
74540,40005,0.7962,0.7492
74540,40127,0.2038,0.2508
74547,40121,0.9616,0.9357
74547,40077,0.0384,0.0643
74549,40079,0.6558,0.6852
74549,40127,0.3442,0.3148
74552,40061,0.9923,0.9948
74552,40121,0.0077,0.0052
74553,40121,0.7008,0.8494
74553,40005,0.2992,0.1506
74560,40121,0.7959,0.9016
74560,40005,0.2041,0.0984
74561,40121,0.7575,0.7741
74561,40061,0.2425,0.2259
74563,40077,0.9367,0.8201
74563,40079,0.0633,0.1799
74570,40063,0.5952,0.5694
74570,40121,0.4048,0.4306
74571,40077,0.4289,0.4492
74571,40079,0.4138,0.4371
74571,40127,0.1573,0.1137
74572,40029,0.8324,0.6277
74572,40123,0.1676,0.3723
74574,40127,0.5593,0.4668
74574,40077,0.4407,0.5332
74576,40005,0.5494,0.374
74576,40121,0.4506,0.626
74601,40071,0.9571,0.9948
74601,40103,0.0429,0.0052
74604,40113,0.5005,0.0799
74604,40071,0.4995,0.9201
74630,40103,0.733,0.7079
74630,40047,0.267,0.2921
74640,40047,0.7423,0.8535
74640,40053,0.2577,0.1465
74643,40053,0.9313,0.6817
74643,40071,0.0687,0.3183
74646,40071,0.7689,0.9745
74646,40053,0.2311,0.0255
74650,40113,0.7603,0.8653
74650,40117,0.2397,0.1347
74651,40103,0.9597,0.9764
74651,40117,0.0403,0.0236
74652,40113,0.9065,0.6913
74652,40071,0.0935,0.3087
74653,40071,0.9036,0.9665
74653,40103,0.0964,0.0335
74727,40023,0.7645,0.7588
74727,40013,0.1344,0.0996
74727,40005,0.1011,0.1416
74728,40089,0.8931,0.9817
74728,40127,0.1069,0.0183
74729,40013,0.6501,0.7473
74729,40005,0.3499,0.2527
74735,40023,0.6592,0.859
74735,40127,0.3408,0.141
74748,40069,0.4618,0.2949
74748,40005,0.3532,0.2432
74748,40013,0.185,0.462
74754,40089,0.6196,0.8418
74754,40127,0.3511,0.1253
74754,40023,0.0293,0.0329
74755,40089,0.6552,0.775
74755,40023,0.3448,0.225
74760,40127,0.549,0.2788
74760,40023,0.451,0.7212
74764,40089,0.9298,0.944
74764,40023,0.0702,0.056
74820,40123,0.9999,1.0
74824,40081,0.9157,0.7884
74824,40119,0.0843,0.2116
74825,40123,0.4776,0.7832
74825,40063,0.3322,0.1568
74825,40029,0.1902,0.06
74831,40087,0.8686,0.7695
74831,40123,0.0739,0.1383
74831,40049,0.0575,0.0921
74839,40063,0.6684,0.6769
74839,40107,0.1823,0.1918
74839,40091,0.1493,0.1313
74840,40133,0.5866,0.371
74840,40125,0.4134,0.629
74848,40063,0.9743,0.9859
74848,40133,0.0257,0.0141
74849,40133,0.7107,0.7669
74849,40125,0.2893,0.2331
74851,40125,0.5832,0.6988
74851,40081,0.3416,0.1754
74851,40027,0.0752,0.1258
74852,40125,0.9816,0.9598
74852,40027,0.0184,0.0402
74854,40125,0.5001,0.3912
74854,40133,0.4999,0.6088
74855,40081,0.9025,0.9111
74855,40125,0.0975,0.0889
74856,40069,0.8357,0.7542
74856,40099,0.1643,0.2458
74857,40027,0.6999,0.6413
74857,40109,0.2637,0.3261
74857,40125,0.0363,0.0326
74859,40107,0.8862,0.8924
74859,40133,0.1138,0.1076
74864,40081,0.6194,0.5453
74864,40125,0.3642,0.4457
74864,40107,0.0164,0.009
74865,40123,0.8843,0.86
74865,40099,0.0904,0.0964
74865,40049,0.0254,0.0436
74867,40133,0.8767,0.9303
74867,40063,0.1233,0.0697
74871,40123,0.6786,0.8411
74871,40029,0.1763,0.0794
74871,40069,0.1451,0.0795
74872,40049,0.7322,0.7361
74872,40123,0.2409,0.2506
74872,40087,0.0269,0.0133
74878,40125,0.9383,0.8373
74878,40027,0.0617,0.1627
74880,40107,0.9136,0.4974
74880,40111,0.0864,0.5026
74881,40081,0.8759,0.9239
74881,40083,0.1241,0.0761
74883,40063,0.8354,0.8343
74883,40107,0.1646,0.1657
74884,40133,0.9818,0.952
74884,40063,0.0182,0.048
74931,40001,0.6768,0.4833
74931,40021,0.2528,0.4308
74931,40135,0.0705,0.0859
74941,40061,0.7429,0.6286
74941,40079,0.2571,0.3714
74944,40061,0.8206,0.6604
74944,40079,0.1794,0.3396
74948,40135,0.9764,0.9891
74948,40001,0.0236,0.0109
74957,40079,0.6813,0.8481
74957,40089,0.3187,0.1519
74960,40001,0.9572,0.9657
74960,40021,0.0428,0.0343
74962,40135,0.9718,0.9705
74962,40021,0.0282,0.0295
74964,40001,0.9328,0.9079
74964,40041,0.0577,0.0824
74964,40021,0.0095,0.0097
74966,40079,0.928,0.9636
74966,40077,0.072,0.0364
75007,48121,0.9038,0.9262
75007,48113,0.0855,0.0675
75007,48085,0.0107,0.0064
75009,48085,0.9308,0.9746
75009,48121,0.0692,0.0254
75019,48113,0.9804,0.9569
75019,48121,0.0196,0.0431
75022,48121,0.9512,0.9734
75022,48439,0.0488,0.0266
75024,48085,0.875,0.9039
75024,48121,0.125,0.0961
75028,48121,0.9769,0.9942
75028,48439,0.0231,0.0058
75033,48121,0.548,0.6676
75033,48085,0.452,0.3324
75034,48085,0.5645,0.5074
75034,48121,0.4355,0.4926
75044,48113,0.9959,0.9955
75048,48113,0.8064,0.811
75048,48085,0.1936,0.189
75050,48113,0.7887,0.769
75050,48439,0.2113,0.231
75051,48113,0.8696,0.8809
75051,48439,0.1304,0.1191
75052,48113,0.5933,0.6002
75052,48439,0.4067,0.3998
75054,48439,0.6515,0.8702
75054,48113,0.3485,0.1298
75067,48121,0.9616,0.9793
75067,48113,0.0384,0.0207
75078,48085,0.7011,0.7853
75078,48121,0.2989,0.2147
75080,48113,0.7087,0.7576
75080,48085,0.2913,0.2424
75082,48085,0.8457,0.8855
75082,48113,0.1543,0.1145
75087,48397,0.9373,0.9885
75087,48085,0.0627,0.0115
75088,48113,0.8729,0.8007
75088,48397,0.1271,0.1993
75089,48113,0.9632,0.9611
75089,48397,0.0368,0.0389
75093,48085,0.902,0.8881
75093,48121,0.098,0.1119
75098,48085,0.866,0.8924
75098,48113,0.1041,0.067
75098,48397,0.03,0.0407
75104,48113,0.9377,0.9898
75104,48139,0.0623,0.0102
75119,48139,0.9437,0.9862
75119,48349,0.0563,0.0138
75124,48213,0.7292,0.8638
75124,48467,0.2708,0.1362
75125,48139,0.7147,0.7054
75125,48113,0.2853,0.2946
75126,48257,0.9735,0.966
75126,48397,0.0265,0.034
75140,48467,0.9815,0.9892
75140,48423,0.0185,0.0108
75143,48257,0.5399,0.4571
75143,48213,0.4601,0.5429
75146,48113,0.9942,0.9968
75146,48139,0.0058,0.0032
75147,48467,0.5577,0.4097
75147,48257,0.3997,0.4955
75147,48213,0.0426,0.0948
75154,48139,0.8754,0.7785
75154,48113,0.1246,0.2215
75156,48213,0.9995,0.9999
75159,48113,0.6291,0.8542
75159,48257,0.3709,0.1458
75160,48257,0.8279,0.8989
75160,48231,0.1713,0.1005
75169,48467,0.8864,0.8113
75169,48257,0.0912,0.0751
75169,48231,0.0225,0.1135
75189,48397,0.4235,0.5935
75189,48231,0.3836,0.2188
75189,48085,0.193,0.1877
75248,48113,0.9938,0.9954
75248,48085,0.0062,0.0046
75252,48085,0.9215,0.9539
75252,48113,0.0785,0.0461
75287,48085,0.5822,0.5672
75287,48121,0.415,0.4317
75410,48499,0.5106,0.7499
75410,48379,0.4894,0.2501
75416,48277,0.9884,0.9949
75416,48387,0.0116,0.0051
75420,48223,0.9912,0.9702
75420,48379,0.0088,0.0298
75423,48231,0.9421,0.9433
75423,48147,0.0579,0.0567
75424,48085,0.919,0.9026
75424,48147,0.081,0.0974
75428,48231,0.8334,0.9581
75428,48119,0.1666,0.0419
75431,48223,0.7701,0.5645
75431,48499,0.2299,0.4355
75433,48223,0.9806,0.9771
75433,48231,0.0194,0.0229
75435,48277,0.5441,0.7024
75435,48387,0.4559,0.2976
75436,48387,0.9371,0.7781
75436,48277,0.0629,0.2219
75440,48379,0.9748,0.98
75440,48223,0.0175,0.0074
75440,48499,0.0076,0.0126
75442,48085,0.8358,0.9022
75442,48231,0.1642,0.0978
75446,48147,0.7543,0.8338
75446,48277,0.2457,0.1662
75449,48147,0.6934,0.6463
75449,48231,0.3066,0.3537
75451,48063,0.882,0.9272
75451,48499,0.085,0.0532
75451,48459,0.0331,0.0196
75452,48147,0.7987,0.8044
75452,48231,0.1508,0.1417
75452,48085,0.0505,0.0539
75453,48231,0.7309,0.6821
75453,48379,0.1647,0.236
75453,48223,0.1044,0.0819
75455,48449,0.9627,0.9867
75455,48159,0.0373,0.0133
75469,48119,0.8566,0.8167
75469,48231,0.1428,0.1828
75471,48223,0.9472,0.8539
75471,48499,0.0528,0.1461
75472,48379,0.9884,0.9942
75472,48223,0.0116,0.0058
75474,48231,0.955,0.9862
75474,48257,0.045,0.0138
75478,48223,0.916,0.8461
75478,48159,0.084,0.1539
75479,48147,0.9693,0.943
75479,48181,0.0307,0.057
75480,48159,0.9707,0.9875
75480,48499,0.0293,0.0125
75481,48223,0.925,0.9386
75481,48159,0.075,0.0614
75487,48159,0.6635,0.6228
75487,48449,0.3365,0.3772
75490,48147,0.9679,0.9632
75490,48181,0.0321,0.0368
75491,48181,0.5842,0.6727
75491,48147,0.4097,0.3224
75491,48085,0.0061,0.0049
75494,48499,0.6916,0.7124
75494,48159,0.1757,0.2271
75494,48223,0.1021,0.0398
75494,48459,0.0306,0.0207
75495,48181,0.9455,0.9549
75495,48085,0.0545,0.0451
75496,48231,0.5903,0.6852
75496,48147,0.4097,0.3148
75497,48499,0.748,0.8709
75497,48223,0.2498,0.1261
75554,48387,0.8102,0.6528
75554,48037,0.1898,0.3472
75555,48067,0.9126,0.9554
75555,48315,0.0874,0.0446
75556,48067,0.9913,0.9951
75556,05091,0.0087,0.0049
75558,48449,0.9907,0.9941
75558,48343,0.0093,0.0059
75559,48037,0.9181,0.967
75559,48387,0.0819,0.033
75568,48067,0.7362,0.5298
75568,48343,0.2638,0.4702
75571,48343,0.9234,0.9163
75571,48449,0.0766,0.0837
75601,48183,0.7792,0.9618
75601,48203,0.2208,0.0382
75602,48203,0.8084,0.2506
75602,48183,0.1916,0.7494
75603,48183,0.8909,0.9267
75603,48401,0.1091,0.0733
75604,48183,0.9793,0.9965
75604,48459,0.0207,0.0035
75605,48183,0.5836,0.8319
75605,48203,0.4066,0.1657
75605,48459,0.0098,0.0024
75630,48067,0.5513,0.5086
75630,48315,0.4487,0.4914
75638,48343,0.9697,0.984
75638,48067,0.0303,0.016
75640,48203,0.5992,0.4798
75640,48459,0.3737,0.4545
75640,48315,0.027,0.0657
75641,48401,0.7898,0.4687
75641,48183,0.2102,0.5313
75642,48365,0.6546,0.4533
75642,48203,0.3454,0.5467
75643,48365,0.8668,0.8134
75643,48419,0.1332,0.1866
75645,48459,0.9781,0.9581
75645,48183,0.0219,0.0419
75647,48183,0.4323,0.5091
75647,48423,0.3214,0.0804
75647,48459,0.2463,0.4105
75651,48203,0.9088,0.9334
75651,48315,0.0912,0.0666
75652,48401,0.9834,0.997
75652,48365,0.0166,0.003
75654,48401,0.9964,0.9982
75656,48067,0.9173,0.8906
75656,48343,0.0827,0.1094
75657,48315,0.8728,0.8816
75657,48067,0.0761,0.0632
75657,48203,0.0511,0.0552
75662,48183,0.5276,0.6785
75662,48401,0.3955,0.2981
75662,48423,0.0769,0.0233
75668,48343,0.8192,0.8664
75668,48315,0.1808,0.1336
75669,48365,0.8292,0.8771
75669,48401,0.1708,0.1229
75672,48203,0.9975,0.9995
75683,48459,0.8304,0.6434
75683,48315,0.1696,0.3566
75684,48401,0.8284,0.9016
75684,48423,0.1716,0.0984
75686,48063,0.694,0.7872
75686,48459,0.1857,0.1231
75686,48449,0.1071,0.0771
75686,48343,0.0133,0.0126
75691,48401,0.7832,0.9252
75691,48365,0.2168,0.0748
75692,48203,0.9384,0.9836
75692,48365,0.0616,0.0164
75751,48213,0.6813,0.9391
75751,48001,0.3187,0.0609
75752,48213,0.8957,0.9129
75752,48467,0.0965,0.085
75752,48001,0.0079,0.0021
75755,48459,0.9524,0.9062
75755,48499,0.0476,0.0938
75756,48213,0.9696,0.9672
75756,48467,0.0304,0.0328
75757,48073,0.6937,0.376
75757,48423,0.3063,0.624
75758,48213,0.7992,0.9294
75758,48467,0.2008,0.0706
75760,48347,0.6804,0.7728
75760,48401,0.3196,0.2272
75763,48001,0.6909,0.3881
75763,48213,0.3091,0.6119
75765,48499,0.9893,0.9923
75765,48459,0.0107,0.0077
75773,48499,0.8244,0.9061
75773,48423,0.1756,0.0939
75778,48213,0.869,0.7614
75778,48467,0.131,0.2386
75784,48401,0.6159,0.541
75784,48073,0.3841,0.459
75789,48073,0.6352,0.4213
75789,48423,0.3596,0.5754
75789,48401,0.0052,0.0033
75790,48467,0.9586,0.9669
75790,48423,0.0414,0.0331
75803,48001,0.9965,0.9962
75831,48289,0.7018,0.7353
75831,48161,0.2982,0.2647
75838,48161,0.8912,0.8781
75838,48293,0.1088,0.1219
75839,48001,0.9622,0.979
75839,48225,0.0378,0.021
75844,48225,0.8224,0.682
75844,48001,0.1776,0.318
75846,48289,0.8147,0.8131
75846,48293,0.1853,0.1869
75847,48225,0.8692,0.8891
75847,48455,0.1308,0.1109
75851,48225,0.8812,0.8724
75851,48455,0.1188,0.1276
75852,48313,0.7775,0.4878
75852,48471,0.2225,0.5122
75853,48001,0.9779,0.9469
75853,48213,0.0221,0.0531
75855,48289,0.5804,0.591
75855,48161,0.4196,0.409
75856,48225,0.7098,0.6942
75856,48455,0.2902,0.3058
75859,48161,0.7563,0.5266
75859,48349,0.2437,0.4734
75862,48455,0.788,0.839
75862,48471,0.212,0.161
75904,48005,0.8503,0.9926
75904,48455,0.1497,0.0074
75930,48405,0.5629,0.3933
75930,48403,0.4371,0.6067
75931,48241,0.8334,0.8123
75931,48403,0.1666,0.1877
75933,48351,0.9169,0.8727
75933,48241,0.0831,0.1273
75935,48419,0.893,0.9658
75935,48405,0.107,0.0342
75936,48457,0.8221,0.6929
75936,48373,0.1779,0.3071
75946,48347,0.6814,0.8358
75946,48401,0.3186,0.1642
75948,48403,0.9589,0.9889
75948,48351,0.0411,0.0111
75951,48241,0.9946,0.9965
75951,48351,0.0054,0.0035
75954,48419,0.8787,0.9281
75954,48365,0.1213,0.0719
75956,48241,0.8816,0.9427
75956,48351,0.1184,0.0573
75966,48351,0.9885,0.9858
75966,48241,0.0115,0.0142
75969,48005,0.8544,0.9502
75969,48073,0.1456,0.0498
75972,48405,0.788,0.7962
75972,48403,0.1739,0.1811
75972,48419,0.0382,0.0227
75974,48419,0.5947,0.7054
75974,48365,0.4053,0.2946
75975,48419,0.8738,0.8768
75975,48365,0.0678,0.0781
75975,48401,0.0584,0.0451
75980,48005,0.8835,0.8978
75980,48241,0.1165,0.1022
76008,48367,0.9287,0.8315
76008,48439,0.0713,0.1685
76020,48367,0.6687,0.3881
76020,48439,0.2959,0.6016
76020,48497,0.0354,0.0103
76023,48497,0.9716,0.9505
76023,48367,0.0284,0.0495
76028,48251,0.771,0.7063
76028,48439,0.229,0.2937
76033,48251,0.8572,0.7449
76033,48425,0.0718,0.0184
76033,48221,0.071,0.2367
76035,48367,0.5916,0.5709
76035,48221,0.2157,0.2985
76035,48251,0.1927,0.1306
76036,48439,0.7796,0.8977
76036,48251,0.2204,0.1023
76043,48425,0.8188,0.9597
76043,48035,0.1812,0.0403
76048,48221,0.9427,0.9879
76048,48425,0.0573,0.0121
76049,48221,0.98,0.9964
76049,48367,0.012,0.0025
76049,48251,0.008,0.0011
76050,48251,0.6356,0.8024
76050,48217,0.1835,0.0909
76050,48139,0.1809,0.1067
76051,48439,0.9837,0.9878
76051,48113,0.0163,0.0122
76052,48439,0.5723,0.7239
76052,48121,0.2367,0.1868
76052,48497,0.191,0.0893
76063,48439,0.7434,0.9263
76063,48251,0.246,0.0724
76063,48139,0.0106,0.0012
76065,48139,0.998,0.9961
76066,48367,0.9764,0.9825
76066,48363,0.0236,0.0175
76067,48363,0.9067,0.9468
76067,48367,0.0933,0.0532
76070,48425,0.907,0.8702
76070,48251,0.093,0.1298
76071,48497,0.949,0.9575
76071,48439,0.051,0.0425
76078,48497,0.9961,0.9918
76078,48121,0.0039,0.0082
76082,48367,0.7384,0.8945
76082,48497,0.2616,0.1055
76084,48251,0.5242,0.5456
76084,48139,0.4758,0.4544
76087,48367,0.9558,0.976
76087,48221,0.0442,0.024
76092,48439,0.9165,0.9242
76092,48121,0.0835,0.0758
76093,48251,0.8021,0.8719
76093,48217,0.1979,0.1281
76108,48439,0.723,0.9268
76108,48367,0.277,0.0732
76126,48439,0.7275,0.9251
76126,48367,0.2725,0.0749
76177,48439,0.6732,0.8706
76177,48121,0.3268,0.1294
76225,48497,0.9927,0.9933
76225,48337,0.0073,0.0067
76228,48077,0.8982,0.6949
76228,48337,0.1018,0.3051
76230,48337,0.6082,0.9365
76230,48237,0.314,0.0468
76230,48077,0.0778,0.0166
76233,48181,0.7598,0.5997
76233,48097,0.2402,0.4003
76234,48497,0.9196,0.9501
76234,48097,0.0585,0.0159
76234,48121,0.0219,0.034
76239,48337,0.8805,0.8466
76239,48097,0.1195,0.1534
76240,48097,0.9994,0.9995
76247,48121,0.9658,0.9875
76247,48497,0.0342,0.0125
76249,48121,0.9547,0.9866
76249,48497,0.0453,0.0134
76252,48097,0.9789,0.9838
76252,48337,0.0211,0.0162
76258,48121,0.8358,0.9067
76258,48181,0.1503,0.0775
76258,48097,0.0139,0.0158
76259,48121,0.9586,0.9917
76259,48497,0.0414,0.0083
76261,48337,0.6358,0.6247
76261,48077,0.3642,0.3753
76262,48121,0.7194,0.6538
76262,48439,0.2806,0.3462
76265,48337,0.837,0.7865
76265,48097,0.163,0.2135
76266,48121,0.9705,0.9967
76266,48097,0.0295,0.0033
76270,48337,0.7138,0.7263
76270,48497,0.2862,0.2737
76271,48181,0.7176,0.5351
76271,48097,0.2824,0.4649
76272,48097,0.9574,0.7824
76272,48121,0.0426,0.2176
76273,48181,0.5183,0.7812
76273,48097,0.4817,0.2188
76302,48485,0.9995,1.0
76305,48077,0.6861,0.2196
76305,48485,0.3139,0.7804
76308,48485,0.8675,0.9963
76308,48009,0.1325,0.0037
76310,48009,0.4642,0.1644
76310,48485,0.2704,0.8153
76310,48077,0.2654,0.0204
76360,48485,0.4975,0.8916
76360,48487,0.4335,0.0814
76360,48009,0.0647,0.0259
76365,48077,0.9681,0.9905
76365,48237,0.0319,0.0095
76371,48275,0.9668,0.9835
76371,48207,0.0332,0.0165
76372,48447,0.5124,0.1914
76372,48503,0.4876,0.8086
76374,48503,0.784,0.9005
76374,48009,0.1845,0.0946
76374,48447,0.0315,0.0048
76380,48023,0.9228,0.9608
76380,48275,0.0772,0.0392
76384,48487,0.9958,0.9997
76389,48009,0.7193,0.8091
76389,48077,0.2132,0.1564
76389,48237,0.0675,0.0345
76424,48429,0.9658,0.9774
76424,48503,0.0342,0.0226
76426,48497,0.8745,0.9867
76426,48237,0.1255,0.0133
76429,48429,0.9178,0.9066
76429,48363,0.0822,0.0934
76430,48417,0.9708,0.9844
76430,48447,0.0292,0.0156
76431,48497,0.7449,0.9617
76431,48237,0.2551,0.0383
76432,48049,0.5788,0.7016
76432,48093,0.4212,0.2984
76433,48143,0.7514,0.5195
76433,48425,0.1313,0.2389
76433,48221,0.1173,0.2416
76436,48093,0.8563,0.7791
76436,48193,0.1121,0.1774
76436,48143,0.0316,0.0435
76437,48133,0.6929,0.8783
76437,48059,0.1563,0.0774
76437,48429,0.1508,0.0443
76442,48093,0.9088,0.9708
76442,48333,0.0762,0.0251
76442,48193,0.0149,0.004
76443,48059,0.7291,0.7022
76443,48049,0.2253,0.2797
76443,48083,0.0456,0.018
76444,48093,0.9888,0.9908
76444,48143,0.0112,0.0092
76445,48133,0.8009,0.764
76445,48093,0.1446,0.1487
76445,48143,0.0545,0.0873
76446,48143,0.7152,0.8702
76446,48093,0.2848,0.1298
76449,48363,0.992,0.9956
76449,48237,0.008,0.0044
76450,48503,0.851,0.9469
76450,48429,0.0918,0.0205
76450,48363,0.0572,0.0326
76453,48363,0.8075,0.7791
76453,48143,0.1925,0.2209
76454,48133,0.7574,0.7125
76454,48093,0.2426,0.2875
76457,48193,0.5803,0.6171
76457,48143,0.3396,0.3142
76457,48035,0.08,0.0687
76458,48237,0.9946,0.9719
76458,48497,0.0054,0.0281
76462,48221,0.3654,0.3169
76462,48143,0.2563,0.1085
76462,48367,0.2477,0.5067
76462,48363,0.1306,0.0679
76463,48143,0.8928,0.923
76463,48363,0.1072,0.077
76464,48417,0.5811,0.436
76464,48429,0.2773,0.3032
76464,48059,0.1415,0.2608
76470,48133,0.544,0.7837
76470,48429,0.456,0.2163
76471,48133,0.6414,0.6547
76471,48049,0.2739,0.2647
76471,48093,0.0847,0.0806
76474,48093,0.9653,0.9647
76474,48049,0.0347,0.0353
76475,48363,0.7297,0.7406
76475,48429,0.1621,0.0845
76475,48133,0.1082,0.175
76486,48237,0.6653,0.3301
76486,48363,0.1714,0.1595
76486,48367,0.1633,0.5105
76487,48367,0.6611,0.7237
76487,48497,0.2354,0.2601
76487,48237,0.1035,0.0162
76491,48447,0.9861,0.9625
76491,48429,0.0139,0.0375
76511,48027,0.571,0.6217
76511,48491,0.3667,0.3414
76511,48331,0.0623,0.037
76519,48331,0.5704,0.3025
76519,48027,0.2837,0.5094
76519,48145,0.1458,0.1881
76522,48099,0.8026,0.9132
76522,48281,0.1974,0.0868
76524,48145,0.8036,0.6118
76524,48309,0.1964,0.3882
76525,48193,0.5146,0.3501
76525,48099,0.2716,0.4026
76525,48281,0.2137,0.2473
76527,48491,0.8574,0.8691
76527,48053,0.0764,0.0319
76527,48027,0.0662,0.099
76528,48099,0.9839,0.9769
76528,48027,0.0161,0.0231
76531,48193,0.9617,0.9807
76531,48093,0.0247,0.0137
76531,48333,0.0137,0.0056
76534,48027,0.9323,0.9651
76534,48331,0.0677,0.0349
76538,48193,0.6907,0.5
76538,48099,0.3093,0.5
76539,48281,0.7143,0.7028
76539,48053,0.2176,0.056
76539,48027,0.0506,0.0492
76539,48099,0.0176,0.192
76544,48099,0.7914,0.5931
76544,48027,0.2086,0.4069
76549,48027,0.8854,0.9917
76549,48053,0.1139,0.0082
76550,48281,0.5844,0.7688
76550,48053,0.4156,0.2312
76556,48331,0.9923,0.9924
76556,48051,0.0077,0.0076
76557,48027,0.4504,0.4835
76557,48309,0.4144,0.4857
76557,48099,0.1352,0.0308
76561,48099,0.8948,0.6085
76561,48309,0.1052,0.3915
76566,48099,0.6838,0.8249
76566,48193,0.3162,0.1751
76567,48331,0.9058,0.9602
76567,48051,0.0942,0.0398
76569,48027,0.7241,0.9067
76569,48331,0.2759,0.0933
76570,48145,0.6654,0.824
76570,48331,0.3303,0.1686
76570,48027,0.0043,0.0074
76574,48491,0.9986,0.9988
76577,48331,0.9037,0.8992
76577,48491,0.0963,0.1008
76578,48491,0.9922,0.9924
76578,48331,0.0078,0.0076
76579,48027,0.8543,0.9356
76579,48145,0.1457,0.0644
76621,48217,0.9628,0.8309
76621,48309,0.0372,0.1691
76622,48217,0.9791,0.9621
76622,48309,0.0209,0.0379
76624,48309,0.878,0.9778
76624,48293,0.122,0.0222
76626,48349,0.9479,0.9371
76626,48139,0.0521,0.0629
76629,48395,0.8165,0.9053
76629,48145,0.1835,0.0947
76630,48309,0.9253,0.9787
76630,48145,0.0747,0.0213
76633,48309,0.7303,0.9527
76633,48035,0.2697,0.0473
76634,48035,0.9786,0.992
76634,48099,0.0214,0.008
76637,48035,0.5661,0.8121
76637,48193,0.4339,0.1879
76641,48349,0.9131,0.8959
76641,48139,0.0869,0.1041
76648,48217,0.7545,0.8424
76648,48293,0.1426,0.0555
76648,48349,0.1029,0.102
76649,48035,0.792,0.7795
76649,48143,0.208,0.2205
76653,48293,0.5798,0.7413
76653,48145,0.3311,0.1732
76653,48395,0.0891,0.0855
76655,48309,0.8336,0.9704
76655,48145,0.1664,0.0296
76657,48309,0.9247,0.9884
76657,48099,0.0753,0.0116
76664,48293,0.6475,0.3418
76664,48309,0.2819,0.6406
76664,48145,0.0706,0.0176
76666,48217,0.631,0.591
76666,48349,0.369,0.409
76667,48293,0.8198,0.9514
76667,48161,0.1802,0.0486
76670,48139,0.6251,0.6908
76670,48217,0.3749,0.3092
76673,48217,0.6136,0.8025
76673,48293,0.3773,0.172
76673,48309,0.0091,0.0255
76682,48145,0.6086,0.1985
76682,48309,0.3914,0.8015
76687,48293,0.8267,0.867
76687,48395,0.1638,0.1289
76687,48145,0.0095,0.0041
76689,48035,0.5856,0.418
76689,48309,0.28,0.5002
76689,48099,0.1344,0.0817
76690,48035,0.6189,0.3167
76690,48425,0.3478,0.6649
76690,48143,0.0333,0.0184
76691,48309,0.9265,0.9836
76691,48217,0.0735,0.0164
76693,48161,0.5232,0.588
76693,48349,0.3747,0.2465
76693,48293,0.1021,0.1655
76706,48309,0.9571,0.9953
76706,48145,0.0429,0.0047
76801,48049,0.9473,0.9962
76801,48083,0.0307,0.0018
76801,48333,0.022,0.002
76823,48049,0.8749,0.9877
76823,48083,0.1251,0.0123
76825,48307,0.9723,0.9936
76825,48319,0.0277,0.0064
76827,48049,0.9309,0.9811
76827,48083,0.0691,0.0189
76836,48307,0.6116,0.5775
76836,48095,0.3884,0.4225
76841,48413,0.6747,0.5335
76841,48327,0.3153,0.4528
76841,48267,0.0101,0.0136
76842,48319,0.5935,0.5986
76842,48411,0.4065,0.4014
76844,48333,0.9539,0.9695
76844,48193,0.0323,0.0177
76844,48281,0.0138,0.0129
76849,48267,0.97,0.9168
76849,48265,0.03,0.0832
76853,48281,0.8772,0.8424
76853,48333,0.1158,0.1553
76853,48411,0.007,0.0024
76854,48267,0.858,0.8508
76854,48327,0.142,0.1492
76857,48049,0.9587,0.9606
76857,48093,0.0413,0.0394
76858,48095,0.6632,0.694
76858,48307,0.3368,0.306
76859,48327,0.8565,0.8634
76859,48267,0.1435,0.1366
76861,48451,0.6001,0.5699
76861,48399,0.3999,0.4301
76869,48411,0.3908,0.2151
76869,48319,0.3827,0.2152
76869,48299,0.2265,0.5698
76871,48411,0.9084,0.9164
76871,48307,0.0916,0.0836
76872,48307,0.7929,0.7785
76872,48411,0.2071,0.2215
76874,48267,0.5676,0.6877
76874,48435,0.4324,0.3123
76875,48399,0.6265,0.8084
76875,48095,0.3735,0.1916
76882,48399,0.5507,0.7947
76882,48083,0.4493,0.2053
76890,48049,0.7823,0.9185
76890,48333,0.1975,0.0679
76890,48093,0.0202,0.0136
76901,48451,0.7227,0.9937
76901,48235,0.2773,0.0063
76904,48451,0.9209,0.998
76904,48235,0.0791,0.002
76930,48235,0.5019,0.6341
76930,48105,0.4981,0.3659
76932,48383,0.6301,0.7058
76932,48105,0.3699,0.2942
76933,48081,0.6975,0.694
76933,48399,0.3025,0.306
76935,48413,0.513,0.0874
76935,48451,0.487,0.9126
76937,48451,0.8039,0.901
76937,48095,0.1961,0.099
76943,48105,0.7438,0.7304
76943,48465,0.2562,0.2696
76945,48081,0.9479,0.9239
76945,48451,0.0413,0.0738
76945,48431,0.0108,0.0024
76950,48435,0.7931,0.9013
76950,48137,0.1326,0.0508
76950,48465,0.0743,0.0479
76955,48451,0.7416,0.8644
76955,48095,0.2584,0.1356
77031,48201,0.9912,0.9982
77031,48157,0.0088,0.0018
77053,48157,0.6897,0.6432
77053,48201,0.3103,0.3568
77082,48201,0.9979,0.9996
77083,48201,0.5985,0.5699
77083,48157,0.4015,0.4301
77085,48201,0.9693,0.9507
77085,48157,0.0307,0.0493
77099,48201,0.9508,0.9579
77099,48157,0.0492,0.0421
77316,48339,0.9613,0.9837
77316,48185,0.0387,0.0163
77320,48471,0.9376,0.9593
77320,48407,0.0624,0.0407
77327,48291,0.9991,0.9943
77327,48339,0.0009,0.0057
77328,48407,0.6997,0.3903
77328,48339,0.2167,0.4282
77328,48291,0.0835,0.1816
77339,48201,0.7595,0.8154
77339,48339,0.2405,0.1846
77355,48339,0.9007,0.9757
77355,48473,0.0993,0.0243
77356,48339,0.9771,0.9973
77356,48185,0.0229,0.0027
77357,48339,0.8203,0.8233
77357,48201,0.1037,0.1537
77357,48291,0.076,0.023
77358,48471,0.7193,0.821
77358,48407,0.2157,0.1128
77358,48339,0.0649,0.0662
77363,48185,0.981,0.9619
77363,48473,0.019,0.0381
77365,48339,0.9619,0.9619
77365,48201,0.0381,0.0381
77369,48291,0.9734,0.9902
77369,48199,0.0266,0.0098
77371,48407,0.9992,0.9996
77372,48339,0.8746,0.9243
77372,48291,0.1254,0.0757
77378,48339,0.605,0.8848
77378,48407,0.395,0.1152
77420,48481,0.6168,0.5861
77420,48321,0.2644,0.2457
77420,48157,0.1188,0.1682
77423,48473,0.9211,0.6227
77423,48157,0.0789,0.3773
77426,48477,0.7856,0.7623
77426,48015,0.2144,0.2377
77430,48039,0.7845,0.7276
77430,48157,0.2155,0.2724
77434,48089,0.6572,0.6986
77434,48481,0.3428,0.3014
77435,48481,0.8967,0.8861
77435,48157,0.0729,0.0857
77435,48089,0.0304,0.0282
77444,48157,0.5038,0.5431
77444,48039,0.4962,0.4569
77447,48201,0.6652,0.5714
77447,48473,0.2857,0.2716
77447,48339,0.0491,0.1571
77450,48201,0.6546,0.7689
77450,48157,0.3454,0.2311
77455,48481,0.8908,0.8829
77455,48089,0.055,0.0412
77455,48239,0.0542,0.0758
77465,48321,0.771,0.845
77465,48239,0.2019,0.1246
77465,48057,0.0271,0.0304
77474,48015,0.9808,0.9917
77474,48089,0.0192,0.0083
77477,48157,0.9475,0.8587
77477,48201,0.0525,0.1413
77480,48039,0.8178,0.9046
77480,48321,0.1822,0.0954
77484,48473,0.7817,0.7522
77484,48201,0.2074,0.2383
77484,48185,0.0109,0.0095
77485,48015,0.5987,0.229
77485,48157,0.4013,0.771
77488,48481,1.0,1.0
77489,48157,0.9637,0.952
77489,48201,0.0363,0.048
77493,48201,0.6809,0.8846
77493,48473,0.318,0.1125
77494,48157,0.8499,0.8559
77494,48473,0.0799,0.0078
77494,48201,0.0701,0.1364
77510,48167,0.9367,0.9975
77510,48039,0.0633,0.0025
77511,48039,0.8656,0.9027
77511,48167,0.1344,0.0973
77517,48167,0.75,0.9877
77517,48039,0.25,0.0123
77520,48201,0.9566,0.9952
77520,48071,0.0434,0.0048
77521,48201,0.7726,0.9397
77521,48071,0.2274,0.0603
77523,48071,0.9537,0.9176
77523,48201,0.0463,0.0824
77535,48291,0.9662,0.9317
77535,48071,0.0314,0.0635
77545,48157,0.9923,0.9975
77545,48039,0.0077,0.0025
77546,48167,0.6713,0.6562
77546,48201,0.3093,0.3369
77546,48039,0.0193,0.0069
77564,48291,0.7632,0.8978
77564,48199,0.2368,0.1022
77575,48291,0.9739,0.9804
77575,48071,0.0261,0.0196
77581,48039,0.9429,0.8743
77581,48201,0.0571,0.1257
77583,48039,0.9162,0.7696
77583,48157,0.0838,0.2304
77584,48039,0.9584,0.9855
77584,48157,0.0416,0.0145
77612,48241,0.6517,0.7797
77612,48351,0.3483,0.2203
77629,48245,0.7315,0.7953
77629,48291,0.2685,0.2047
77632,48361,0.7578,0.9667
77632,48351,0.2422,0.0333
77656,48199,0.8636,0.9706
77656,48457,0.1364,0.0294
77662,48361,0.8464,0.9803
77662,48241,0.1536,0.0197
77663,48199,0.8361,0.8709
77663,48457,0.1639,0.1291
77664,48457,0.9046,0.8852
77664,48199,0.0954,0.1148
77665,48071,0.7539,0.9123
77665,48245,0.2461,0.0877
77807,48041,0.8498,0.9706
77807,48395,0.1502,0.0294
77808,48041,0.8422,0.9598
77808,48395,0.1578,0.0402
77831,48185,0.7652,0.5959
77831,48471,0.2224,0.3985
77831,48313,0.0124,0.0056
77833,48477,0.9152,0.9684
77833,48015,0.0848,0.0316
77835,48477,0.9892,0.992
77835,48015,0.0108,0.008
77836,48051,0.9794,0.9866
77836,48331,0.0206,0.0134
77859,48395,0.834,0.8817
77859,48041,0.166,0.1183
77868,48185,0.7007,0.745
77868,48041,0.2846,0.2472
77868,48477,0.0077,0.003
77868,48473,0.007,0.0047
77871,48289,0.6117,0.6663
77871,48313,0.3883,0.3337
77872,48313,0.959,0.9668
77872,48185,0.041,0.0332
77873,48339,0.4361,0.4938
77873,48185,0.3527,0.2396
77873,48471,0.2113,0.2667
77905,48469,0.908,0.9487
77905,48175,0.092,0.0513
77950,48007,0.7404,0.852
77950,48391,0.2596,0.148
77954,48123,0.9503,0.9894
77954,48177,0.0497,0.0106
77964,48285,0.9778,0.9623
77964,48089,0.0222,0.0377
77974,48123,0.6359,0.3572
77974,48469,0.3641,0.6428
77979,48057,0.8032,0.9461
77979,48469,0.1066,0.0291
77979,48239,0.0902,0.0248
77984,48285,0.6468,0.8135
77984,48177,0.3386,0.1766
77984,48123,0.0146,0.0099
77990,48391,0.7909,0.7427
77990,48057,0.2091,0.2573
77994,48123,0.9262,0.9763
77994,48177,0.0738,0.0237
77995,48123,0.4814,0.3731
77995,48285,0.4303,0.4987
77995,48469,0.0883,0.1281
78003,48019,0.8525,0.9337
78003,48325,0.1475,0.0663
78005,48163,0.8854,0.6985
78005,48013,0.1146,0.3015
78006,48259,0.9217,0.7873
78006,48029,0.0683,0.1994
78006,48091,0.01,0.0133
78008,48013,0.9255,0.9421
78008,48297,0.0745,0.0579
78013,48259,0.5032,0.4112
78013,48265,0.4968,0.5888
78014,48283,0.9768,0.9921
78014,48127,0.0232,0.0079
78015,48259,0.4679,0.205
78015,48029,0.4282,0.7635
78015,48091,0.1039,0.0315
78016,48325,0.9574,0.9951
78016,48163,0.0426,0.0049
78017,48163,0.8762,0.9709
78017,48283,0.1238,0.0291
78019,48479,0.8418,0.6971
78019,48283,0.1582,0.3029
78021,48283,0.6405,0.9078
78021,48311,0.3595,0.0922
78022,48297,0.8858,0.9949
78022,48311,0.1142,0.0051
78023,48029,0.8488,0.9705
78023,48325,0.1362,0.0247
78023,48019,0.0151,0.0048
78024,48265,0.9538,0.9829
78024,48385,0.0462,0.0171
78026,48013,0.7238,0.9904
78026,48311,0.2762,0.0096
78028,48265,0.8378,0.9854
78028,48171,0.1622,0.0146
78039,48325,0.7096,0.6122
78039,48029,0.2904,0.3878
78052,48013,0.7646,0.769
78052,48325,0.1598,0.1147
78052,48029,0.0756,0.1163
78055,48019,0.976,0.9569
78055,48265,0.024,0.0431
78057,48163,0.8364,0.6339
78057,48325,0.1636,0.3661
78058,48265,0.7849,0.8853
78058,48385,0.1798,0.0766
78058,48171,0.0353,0.038
78063,48019,0.9996,0.9999
78064,48013,0.9594,0.9678
78064,48493,0.0406,0.0322
78069,48013,0.7218,0.3974
78069,48029,0.2782,0.6026
78070,48091,0.822,0.9737
78070,48259,0.0998,0.0098
78070,48031,0.0781,0.0165
78071,48297,0.8923,0.9944
78071,48311,0.1077,0.0056
78073,48029,0.8944,0.9316
78073,48013,0.1056,0.0684
78075,48297,0.9404,0.997
78075,48311,0.0596,0.003
78101,48029,0.5218,0.3993
78101,48493,0.4782,0.6007
78102,48025,0.9424,0.9865
78102,48297,0.0576,0.0135
78108,48187,0.8718,0.9629
78108,48029,0.1008,0.0283
78108,48091,0.0274,0.0088
78112,48029,0.988,0.9959
78112,48493,0.012,0.0041
78113,48493,0.4011,0.6393
78113,48013,0.32,0.2209
78113,48255,0.2789,0.1399
78114,48493,0.926,0.9865
78114,48013,0.074,0.0135
78118,48255,0.8914,0.9396
78118,48297,0.0742,0.0375
78118,48013,0.0344,0.0229
78119,48255,0.5473,0.8039
78119,48025,0.3364,0.1379
78119,48297,0.1163,0.0582
78121,48493,0.7515,0.8573
78121,48187,0.2485,0.1427
78124,48187,0.8752,0.9235
78124,48029,0.1248,0.0765
78130,48187,0.5603,0.3379
78130,48091,0.4347,0.6608
78130,48209,0.005,0.0013
78132,48091,0.9947,0.9965
78132,48187,0.0053,0.0035
78140,48177,0.676,0.6034
78140,48493,0.272,0.3229
78140,48187,0.0327,0.065
78140,48255,0.0193,0.0087
78141,48123,0.7832,0.7884
78141,48255,0.2168,0.2116
78151,48255,0.9519,0.9554
78151,48123,0.0481,0.0446
78154,48029,0.5636,0.2445
78154,48187,0.3193,0.7232
78154,48091,0.117,0.0323
78164,48123,0.8729,0.8653
78164,48175,0.1271,0.1347
78223,48029,0.9155,0.975
78223,48493,0.0845,0.025
78253,48029,0.6271,0.9473
78253,48325,0.3729,0.0527
78264,48029,0.9358,0.9644
78264,48013,0.0642,0.0356
78266,48091,0.8036,0.6012
78266,48029,0.1964,0.3988
78332,48249,0.8471,0.992
78332,48131,0.1529,0.008
78336,48409,0.6699,0.7199
78336,48007,0.3011,0.2681
78336,48355,0.029,0.012
78355,48047,0.8466,0.8475
78355,48249,0.1128,0.1372
78355,48273,0.0406,0.0153
78361,48247,0.877,0.9066
78361,48505,0.0944,0.0697
78361,48131,0.0287,0.0237
78368,48409,0.7022,0.8052
78368,48297,0.2978,0.1948
78372,48249,0.7731,0.9036
78372,48297,0.1292,0.0415
78372,48131,0.0977,0.0549
78380,48355,0.9972,0.9973
78383,48297,0.6222,0.2725
78383,48249,0.301,0.6468
78383,48355,0.0769,0.0807
78384,48131,0.9861,0.9709
78384,48249,0.0139,0.0291
78387,48409,0.7914,0.9318
78387,48025,0.2086,0.0682
78390,48409,0.9225,0.8568
78390,48007,0.0775,0.1432
78418,48273,0.6011,0.0111
78418,48355,0.3989,0.9889
78545,48427,0.6862,0.8507
78545,48505,0.3138,0.1493
78563,48215,0.992,0.9934
78563,48427,0.008,0.0066
78569,48489,0.7956,0.6893
78569,48215,0.1478,0.2074
78569,48061,0.0566,0.1033
78580,48489,0.9184,0.9999
78580,48261,0.0816,0.0001
78595,48215,0.7833,0.9134
78595,48427,0.2167,0.0866
78606,48031,0.7515,0.7799
78606,48259,0.2134,0.0994
78606,48091,0.0351,0.1207
78610,48209,0.7142,0.9274
78610,48453,0.2621,0.069
78610,48055,0.0236,0.0036
78611,48053,0.9802,0.9548
78611,48299,0.0198,0.0452
78612,48021,0.9884,0.9919
78612,48453,0.0116,0.0081
78613,48491,0.8863,0.9092
78613,48453,0.1137,0.0908
78615,48491,0.6394,0.3714
78615,48453,0.3606,0.6286
78616,48055,0.8211,0.5372
78616,48021,0.1785,0.4623
78617,48453,0.7841,0.7822
78617,48021,0.2159,0.2178
78618,48171,0.618,0.899
78618,48319,0.382,0.101
78620,48209,0.8545,0.8834
78620,48453,0.0956,0.1033
78620,48031,0.0498,0.0133
78621,48021,0.6256,0.7852
78621,48453,0.1457,0.1684
78621,48491,0.1427,0.0297
78621,48287,0.0859,0.0166
78623,48091,0.9223,0.943
78623,48209,0.0777,0.057
78624,48171,0.9129,0.9639
78624,48259,0.0871,0.0361
78629,48177,0.9814,0.9867
78629,48123,0.0186,0.0133
78631,48267,0.4879,0.1612
78631,48171,0.443,0.7225
78631,48265,0.0691,0.1163
78632,48177,0.59,0.6348
78632,48055,0.41,0.3652
78634,48491,0.9956,0.9839
78634,48453,0.0044,0.0161
78638,48187,0.9833,0.9887
78638,48177,0.0167,0.0113
78639,48299,0.8281,0.8835
78639,48053,0.1719,0.1165
78640,48209,0.8364,0.985
78640,48055,0.1495,0.0128
78640,48453,0.0141,0.0022
78641,48453,0.6288,0.3283
78641,48491,0.3712,0.6717
78642,48491,0.9198,0.9616
78642,48053,0.0802,0.0384
78648,48055,0.7568,0.9284
78648,48187,0.1543,0.0511
78648,48177,0.089,0.0205
78650,48021,0.7101,0.8876
78650,48287,0.2899,0.1124
78652,48453,0.5642,0.8341
78652,48209,0.4358,0.1659
78653,48453,0.9885,0.9963
78653,48021,0.0115,0.0037
78654,48053,0.8077,0.8627
78654,48453,0.1923,0.1373
78655,48055,0.6003,0.7044
78655,48187,0.3997,0.2956
78656,48055,0.9704,0.9148
78656,48209,0.0296,0.0852
78657,48299,0.6922,0.8106
78657,48053,0.3078,0.1894
78659,48021,0.7911,0.9373
78659,48287,0.2089,0.0627
78662,48021,0.8124,0.8614
78662,48055,0.1876,0.1386
78663,48031,0.9331,0.6552
78663,48453,0.0377,0.2257
78663,48209,0.0198,0.0781
78663,48053,0.0094,0.041
78664,48491,0.8563,0.8962
78664,48453,0.1437,0.1038
78666,48209,0.7792,0.9018
78666,48187,0.1573,0.0553
78666,48091,0.0433,0.0326
78666,48055,0.0202,0.0102
78669,48453,0.4351,0.7831
78669,48053,0.3747,0.1986
78669,48031,0.1902,0.0183
78676,48209,0.9246,0.9704
78676,48031,0.066,0.0209
78676,48091,0.0094,0.0087
78727,48453,0.9814,0.9693
78727,48491,0.0186,0.0307
78728,48453,0.7832,0.9318
78728,48491,0.2168,0.0682
78729,48491,0.8835,0.8886
78729,48453,0.1165,0.1114
78736,48453,0.9671,0.9783
78736,48209,0.0329,0.0217
78737,48209,0.7119,0.5906
78737,48453,0.2881,0.4094
78739,48453,0.9224,0.9809
78739,48209,0.0776,0.0191
78750,48453,0.7807,0.5604
78750,48491,0.2193,0.4396
78759,48453,0.9888,0.984
78759,48491,0.0112,0.016
78801,48463,0.9761,0.9917
78801,48385,0.0239,0.0083
78828,48385,0.6515,0.9478
78828,48137,0.3485,0.0522
78833,48385,0.76,0.9681
78833,48137,0.2389,0.0313
78834,48127,0.8911,0.971
78834,48507,0.1089,0.029
78839,48507,0.9794,0.9956
78839,48127,0.0206,0.0044
78879,48385,0.7682,0.7544
78879,48463,0.2318,0.2456
78880,48137,0.9718,0.78
78880,48385,0.0282,0.22
78884,48019,0.5266,0.6389
78884,48463,0.3705,0.3134
78884,48325,0.1029,0.0477
78932,48477,0.5851,0.6404
78932,48149,0.4149,0.3596
78933,48089,0.6952,0.5902
78933,48015,0.3048,0.4098
78940,48149,0.7552,0.7512
78940,48089,0.1658,0.1829
78940,48015,0.079,0.0659
78941,48149,0.8074,0.7786
78941,48177,0.129,0.1206
78941,48021,0.0589,0.0945
78941,48285,0.0047,0.0062
78942,48287,0.8714,0.936
78942,48149,0.078,0.0388
78942,48021,0.0506,0.0252
78945,48149,0.9914,0.996
78945,48021,0.0074,0.0035
78946,48287,0.6121,0.5339
78946,48149,0.3444,0.4019
78946,48477,0.0435,0.0642
78950,48015,0.6904,0.6291
78950,48089,0.284,0.3425
78950,48149,0.0256,0.0284
78953,48021,0.6523,0.7331
78953,48055,0.3477,0.2669
78954,48149,0.9174,0.9213
78954,48015,0.0826,0.0787
78956,48149,0.7501,0.8861
78956,48285,0.2499,0.1139
78957,48021,0.8889,0.9394
78957,48149,0.1111,0.0606
78959,48177,0.7985,0.796
78959,48149,0.1642,0.1643
78959,48055,0.0265,0.0217
78959,48021,0.0108,0.018
78962,48089,0.8461,0.914
78962,48149,0.1539,0.086
79001,48359,0.6531,0.449
79001,48117,0.3469,0.551
79003,48211,0.7441,0.6896
79003,48483,0.2559,0.3104
79005,48295,0.7397,0.9277
79005,48357,0.2603,0.0723
79010,48375,0.7138,0.9572
79010,48359,0.2862,0.0428
79011,48483,0.5079,0.5747
79011,48211,0.4921,0.4253
79014,48211,0.7816,0.8648
79014,48295,0.1876,0.1272
79014,48393,0.0308,0.008
79018,48205,0.6527,0.6795
79018,48341,0.1907,0.273
79018,48359,0.1566,0.0475
79019,48011,0.9705,0.5489
79019,48381,0.0295,0.4511
79022,48111,0.5771,0.6272
79022,48205,0.4229,0.3728
79027,48069,0.9926,0.9946
79027,48279,0.0074,0.0054
79029,48341,0.9773,0.9978
79029,48205,0.0227,0.0022
79031,48279,0.9319,0.9656
79031,48069,0.0681,0.0344
79035,48369,0.6988,0.9266
79035,48117,0.3012,0.0734
79036,48065,0.6671,0.0855
79036,48233,0.2525,0.9051
79036,48375,0.0466,0.0068
79036,48341,0.0338,0.0026
79039,48065,0.5238,0.6531
79039,48179,0.3522,0.2885
79039,48011,0.0734,0.0357
79039,48129,0.0506,0.0227
79040,48195,0.63,0.6597
79040,48421,0.37,0.3403
79041,48189,0.961,0.9552
79041,48279,0.039,0.0448
79042,48381,0.4792,0.816
79042,48069,0.2345,0.0917
79042,48437,0.2198,0.0702
79042,48011,0.0665,0.0221
79043,48069,0.8173,0.6596
79043,48279,0.1274,0.2776
79043,48189,0.0553,0.0628
79045,48117,0.8371,0.9575
79045,48069,0.1629,0.0425
79046,48295,0.8714,0.7902
79046,48211,0.1286,0.2098
79052,48437,0.8793,0.7978
79052,48189,0.0904,0.1633
79052,48069,0.0303,0.0389
79057,48179,0.4429,0.4732
79057,48129,0.3559,0.208
79057,48483,0.1385,0.2694
79057,48087,0.0627,0.0493
79058,48375,0.6919,0.81
79058,48341,0.3081,0.19
79059,48393,0.8905,0.6167
79059,48179,0.1095,0.3833
79061,48483,0.9092,0.9169
79061,48179,0.0908,0.0831
79062,48233,0.8271,0.669
79062,48195,0.1729,0.331
79064,48279,0.7356,0.7741
79064,48189,0.2644,0.2259
79065,48179,0.777,0.9942
79065,48393,0.223,0.0058
79068,48065,0.9913,0.99
79068,48375,0.0087,0.01
79070,48357,0.9015,0.9884
79070,48393,0.0855,0.0085
79070,48295,0.013,0.0031
79079,48483,0.5872,0.7585
79079,48087,0.4128,0.2415
79080,48233,0.8601,0.7369
79080,48065,0.1399,0.2631
79081,48195,0.7499,0.8864
79081,48233,0.1199,0.0848
79081,48357,0.0858,0.0213
79081,48393,0.0444,0.0074
79083,48233,0.7162,0.5057
79083,48341,0.2838,0.4943
79084,48421,0.9733,0.9923
79084,48111,0.0267,0.0077
79086,48421,0.5852,0.3558
79086,48341,0.4148,0.6442
79088,48437,0.854,0.9665
79088,48045,0.1294,0.0263
79088,48069,0.0166,0.0072
79092,48359,0.8393,0.6932
79092,48117,0.1607,0.3068
79095,48087,0.9652,0.9756
79095,48075,0.0348,0.0244
79097,48065,0.948,0.965
79097,48179,0.052,0.035
79098,48117,0.4641,0.1532
79098,48359,0.364,0.052
79098,48381,0.1501,0.7669
79098,48375,0.0219,0.028
79103,48375,0.5001,0.6687
79103,48381,0.4999,0.3313
79106,48375,0.9033,0.8352
79106,48381,0.0967,0.1648
79108,48375,0.9873,0.9986
79108,48065,0.0127,0.0014
79109,48381,0.7927,0.8919
79109,48375,0.2073,0.1081
79118,48381,0.9306,0.9075
79118,48375,0.0647,0.0924
79121,48381,0.839,0.9665
79121,48375,0.161,0.0335
79124,48375,0.9754,0.8913
79124,48381,0.0246,0.1087
79201,48075,0.5401,0.8257
79201,48101,0.1882,0.0493
79201,48191,0.1636,0.0943
79201,48345,0.1082,0.0307
79225,48197,0.7698,0.8838
79225,48487,0.2302,0.1162
79226,48129,0.6031,0.8074
79226,48011,0.2399,0.1245
79226,48045,0.1385,0.0532
79226,48191,0.0186,0.0149
79227,48155,0.6627,0.5927
79227,48275,0.3373,0.4073
79230,48075,0.6698,0.5847
79230,48087,0.3302,0.4153
79234,48345,0.8151,0.6602
79234,48153,0.1849,0.3398
79235,48153,0.8809,0.9118
79235,48107,0.0841,0.077
79235,48345,0.035,0.0112
79236,48269,0.9978,0.9817
79236,48125,0.0022,0.0183
79241,48153,0.993,0.9956
79241,48437,0.007,0.0044
79243,48125,0.6563,0.439
79243,48107,0.3437,0.561
79245,48191,0.5003,0.6166
79245,48075,0.331,0.2273
79245,48087,0.1263,0.125
79245,48129,0.0424,0.0311
79248,48101,0.6541,0.7801
79248,48269,0.2117,0.0375
79248,48155,0.1069,0.1413
79248,48125,0.0273,0.0411
79250,48189,0.5806,0.6078
79250,48153,0.1902,0.1461
79250,48303,0.1154,0.173
79250,48107,0.1138,0.0731
79252,48197,0.9675,0.9901
79252,48101,0.0325,0.0099
79255,48045,0.7198,0.5527
79255,48153,0.226,0.4046
79255,48345,0.0542,0.0427
79256,48345,0.8392,0.8176
79256,48125,0.1608,0.1824
79257,48045,0.9742,0.9615
79257,48437,0.0258,0.0385
79259,48191,0.7721,0.8589
79259,48075,0.2279,0.1411
79311,48189,0.7398,0.5428
79311,48303,0.2602,0.4572
79313,48219,0.5625,0.4297
79313,48279,0.4287,0.5605
79313,48303,0.0088,0.0098
79323,48165,0.5789,0.2224
79323,48501,0.4211,0.7776
79324,48017,0.9943,0.9883
79324,48279,0.0057,0.0117
79325,48369,0.9563,0.9828
79325,48017,0.0437,0.0172
79331,48115,0.7751,0.9554
79331,48317,0.1538,0.0202
79331,48033,0.041,0.0022
79331,48165,0.0301,0.0222
79336,48219,0.9756,0.9976
79336,48079,0.0244,0.0024
79339,48279,0.7092,0.8418
79339,48219,0.2908,0.1582
79343,48107,0.6399,0.4042
79343,48303,0.3601,0.5958
79345,48445,0.9431,0.9117
79345,48305,0.0569,0.0883
79346,48079,0.9359,0.9383
79346,48017,0.0641,0.0617
79347,48017,0.7791,0.8204
79347,48369,0.1519,0.1223
79347,48279,0.0411,0.0445
79347,48069,0.0279,0.0128
79351,48115,0.3693,0.3853
79351,48305,0.3194,0.5005
79351,48033,0.3114,0.1143
79356,48169,0.7582,0.7848
79356,48107,0.154,0.1637
79356,48305,0.0878,0.0516
79358,48219,0.8644,0.6753
79358,48303,0.0848,0.3157
79358,48445,0.0508,0.009
79359,48165,0.6095,0.4711
79359,48501,0.253,0.5037
79359,48445,0.1375,0.0252
79363,48303,0.8375,0.9756
79363,48219,0.1625,0.0244
79364,48303,0.6872,0.9734
79364,48305,0.1705,0.0132
79364,48169,0.0891,0.007
79364,48107,0.0532,0.0065
79370,48125,0.6187,0.5353
79370,48263,0.1954,0.1073
79370,48107,0.1401,0.2959
79370,48169,0.0457,0.0615
79371,48017,0.5782,0.3985
79371,48279,0.4218,0.6015
79376,48501,0.7454,0.7231
79376,48445,0.2546,0.2769
79382,48303,0.9429,0.9962
79382,48219,0.0571,0.0038
79407,48219,0.6251,0.0279
79407,48303,0.3749,0.9721
79423,48303,0.7886,0.9985
79423,48305,0.2114,0.0015
79503,48253,0.8697,0.9167
79503,48207,0.1303,0.0833
79504,48059,0.9435,0.9827
79504,48417,0.0565,0.0173
79506,48353,0.7412,0.6247
79506,48081,0.2588,0.3753
79510,48059,0.8903,0.9849
79510,48083,0.1097,0.0151
79511,48227,0.7322,0.9754
79511,48033,0.2678,0.0246
79512,48335,0.9659,0.9891
79512,48415,0.0341,0.0109
79517,48033,0.7304,0.3324
79517,48415,0.2696,0.6676
79519,48083,0.6355,0.605
79519,48399,0.3082,0.2736
79519,48441,0.0563,0.1214
79520,48253,0.5347,0.7632
79520,48151,0.3865,0.2214
79520,48433,0.0788,0.0153
79521,48207,0.935,0.9862
79521,48447,0.065,0.0138
79526,48415,0.9207,0.9758
79526,48151,0.0793,0.0242
79527,48415,0.8317,0.9769
79527,48033,0.1683,0.0231
79528,48263,0.7586,0.7244
79528,48433,0.2414,0.2756
79529,48275,0.8464,0.7752
79529,48207,0.1536,0.2248
79530,48441,0.6735,0.8335
79530,48399,0.3265,0.1665
79532,48335,0.9188,0.8619
79532,48353,0.0492,0.0335
79532,48415,0.032,0.1046
79533,48417,0.6326,0.3923
79533,48253,0.1785,0.3625
79533,48207,0.1353,0.2277
79533,48447,0.0536,0.0175
79536,48441,0.6088,0.7599
79536,48253,0.3734,0.2365
79536,48353,0.0178,0.0036
79538,48083,0.6585,0.6741
79538,48399,0.3415,0.3259
79541,48441,0.929,0.9242
79541,48059,0.071,0.0758
79544,48207,0.9231,0.9678
79544,48433,0.0769,0.0322
79545,48353,0.8159,0.7399
79545,48151,0.1527,0.1353
79545,48415,0.0314,0.1248
79546,48151,0.7712,0.8394
79546,48433,0.1905,0.0737
79546,48415,0.0383,0.0869
79547,48207,0.9953,0.9981
79549,48415,0.6039,0.9555
79549,48263,0.3861,0.0441
79549,48033,0.01,0.0005
79553,48253,0.623,0.8888
79553,48207,0.377,0.1112
79556,48353,0.5834,0.9487
79556,48151,0.4166,0.0513
79560,48151,0.7517,0.4894
79560,48253,0.2483,0.5106
79561,48353,0.3642,0.5859
79561,48151,0.3609,0.1415
79561,48441,0.1609,0.1426
79561,48253,0.114,0.1299
79566,48441,0.6799,0.8398
79566,48399,0.1696,0.0863
79566,48353,0.1504,0.0739
79567,48399,0.941,0.9411
79567,48441,0.059,0.0589
79601,48253,0.4664,0.2378
79601,48417,0.2363,0.0141
79601,48441,0.1758,0.7184
79601,48059,0.1215,0.0297
79602,48441,0.7727,0.9807
79602,48059,0.2273,0.0193
79705,48317,0.5135,0.0025
79705,48329,0.4865,0.9975
79706,48329,0.9301,0.9972
79706,48173,0.0577,0.0021
79706,48461,0.0122,0.0007
79713,48317,0.462,0.2817
79713,48115,0.2199,0.1538
79713,48227,0.217,0.5396
79713,48033,0.1011,0.0249
79720,48227,0.5499,0.9689
79720,48173,0.3519,0.0159
79720,48033,0.0569,0.0015
79720,48317,0.0413,0.0137
79739,48173,0.9134,0.8807
79739,48383,0.0866,0.1193
79744,48105,0.5131,0.4142
79744,48371,0.4869,0.5858
79748,48227,0.6238,0.8712
79748,48317,0.3762,0.1288
79752,48461,0.5888,0.8125
79752,48371,0.2167,0.1171
79752,48105,0.1945,0.0705
79755,48461,0.9808,0.9378
79755,48329,0.0192,0.0622
79765,48329,0.5474,0.3439
79765,48135,0.4526,0.6561
79766,48135,0.5366,0.8562
79766,48329,0.2734,0.1027
79766,48103,0.19,0.0411
79772,48389,0.9864,0.9916
79772,48475,0.0136,0.0084
79781,48443,0.4435,0.3323
79781,48105,0.4201,0.45
79781,48371,0.1364,0.2177
79782,48317,0.8404,0.6352
79782,48173,0.0892,0.0101
79782,48329,0.0704,0.3546
79835,48141,0.9876,0.9983
79835,35013,0.0124,0.0017
79837,35035,0.8168,0.9305
79837,48229,0.1832,0.0695
79847,48109,0.5443,0.6136
79847,48229,0.4557,0.3864
79854,48243,0.6861,0.6883
79854,48377,0.3139,0.3117
79855,48109,0.7235,0.7768
79855,48229,0.2765,0.2232
79922,48141,0.8291,0.9533
79922,35013,0.1709,0.0467
79938,48141,0.5445,0.9977
79938,48229,0.4555,0.0023
80002,08059,0.9561,0.957
80002,08001,0.0439,0.043
80003,08059,0.8598,0.8655
80003,08001,0.1402,0.1345
80010,08005,0.5102,0.5038
80010,08001,0.4898,0.4962
80011,08001,0.5532,0.3693
80011,08005,0.4468,0.6307
80012,08005,0.9964,0.9943
80012,08031,0.0036,0.0057
80014,08005,0.9008,0.9724
80014,08031,0.0992,0.0276
80016,08005,0.9539,0.977
80016,08035,0.0461,0.023
80020,08014,0.5968,0.7722
80020,08013,0.2505,0.0634
80020,08059,0.1305,0.1467
80020,08001,0.0222,0.0176
80021,08059,0.6647,0.8029
80021,08014,0.3353,0.1971
80023,08014,0.6314,0.7162
80023,08001,0.3686,0.2838
80026,08013,0.9955,1.0
80031,08001,0.8988,0.9586
80031,08059,0.1012,0.0414
80102,08001,0.486,0.3644
80102,08005,0.3643,0.4812
80102,08039,0.1496,0.1545
80103,08001,0.666,0.4828
80103,08005,0.334,0.5172
80105,08005,0.5922,0.7811
80105,08039,0.2805,0.1403
80105,08001,0.1273,0.0786
80106,08039,0.7975,0.338
80106,08041,0.1665,0.6308
80106,08035,0.036,0.0312
80110,08005,0.9744,0.9428
80110,08031,0.0256,0.0572
80112,08005,0.7294,0.8894
80112,08035,0.2706,0.1106
80120,08005,0.9892,0.9958
80120,08035,0.0108,0.0042
80123,08059,0.4965,0.4774
80123,08005,0.3141,0.2759
80123,08031,0.1894,0.2467
80125,08035,0.9975,0.9996
80128,08059,0.9008,0.9169
80128,08005,0.0992,0.0831
80129,08035,0.9949,0.9952
80129,08005,0.0051,0.0048
80135,08035,0.8253,0.8873
80135,08059,0.1747,0.1127
80136,08001,0.6859,0.5056
80136,08005,0.3141,0.4944
80137,08005,0.596,0.6729
80137,08001,0.404,0.3271
80138,08035,0.5539,0.919
80138,08039,0.4461,0.081
80212,08031,0.7449,0.7438
80212,08059,0.186,0.22
80212,08001,0.0691,0.0362
80214,08059,0.9902,0.9863
80214,08031,0.0098,0.0137
80216,08031,0.721,0.8391
80216,08001,0.279,0.1609
80220,08031,0.9951,0.9963
80221,08001,0.8846,0.8445
80221,08031,0.1154,0.1555
80222,08031,0.8482,0.8643
80222,08005,0.1518,0.1357
80224,08031,0.9755,0.9848
80224,08005,0.0245,0.0152
80226,08059,0.994,0.9907
80226,08031,0.006,0.0093
80227,08059,0.8564,0.7401
80227,08031,0.1436,0.2599
80230,08031,0.9079,0.9216
80230,08005,0.0921,0.0784
80231,08031,0.582,0.6944
80231,08005,0.418,0.3056
80232,08059,0.9914,0.9915
80232,08031,0.0086,0.0085
80234,08001,0.9783,0.9687
80234,08014,0.0217,0.0313
80235,08059,0.7494,0.4835
80235,08031,0.2506,0.5165
80236,08031,0.9639,0.9708
80236,08005,0.0361,0.0292
80237,08031,0.9978,0.9995
80239,08031,0.7994,0.9958
80239,08001,0.2006,0.0042
80246,08031,0.66,0.7483
80246,08005,0.34,0.2517
80247,08031,0.543,0.6835
80247,08005,0.457,0.3165
80403,08059,0.8207,0.9271
80403,08047,0.1248,0.0547
80403,08013,0.0545,0.0183
80421,08093,0.979,0.9881
80421,08059,0.021,0.0119
80423,08037,0.8488,0.9496
80423,08049,0.1512,0.0504
80439,08019,0.5835,0.1188
80439,08059,0.4165,0.8812
80449,08093,0.9747,0.9209
80449,08015,0.0253,0.0791
80452,08019,0.9809,0.9621
80452,08047,0.0191,0.0379
80463,08107,0.7581,0.9062
80463,08037,0.2419,0.0938
80467,08107,0.9354,0.9708
80467,08103,0.0646,0.0292
80470,08059,0.8133,0.5959
80470,08093,0.1867,0.4041
80498,08117,0.937,0.9944
80498,08049,0.063,0.0056
80503,08013,0.9794,0.9965
80503,08069,0.0206,0.0035
80504,08123,0.5855,0.4105
80504,08013,0.4081,0.5864
80504,08069,0.0064,0.0031
80513,08069,0.6418,0.8831
80513,08123,0.3055,0.0999
80513,08013,0.0527,0.017
80516,08123,0.7666,0.7474
80516,08013,0.1415,0.2204
80516,08014,0.092,0.0322
80524,08069,0.7563,0.949
80524,08123,0.2437,0.051
80534,08123,0.8049,0.8258
80534,08069,0.1951,0.1742
80537,08069,0.9726,0.9945
80537,08123,0.0274,0.0055
80540,08013,0.6531,0.5502
80540,08069,0.3469,0.4498
80549,08069,0.9482,0.997
80549,08123,0.0518,0.003
80550,08123,0.9067,0.8703
80550,08069,0.0933,0.1297
80601,08001,0.9999,1.0
80603,08001,0.5421,0.4456
80603,08123,0.4579,0.5544
80612,08123,0.8484,0.4707
80612,08069,0.1516,0.5293
80642,08123,0.7062,0.7724
80642,08001,0.2938,0.2276
80643,08123,0.886,0.8099
80643,08001,0.114,0.1901
80649,08123,0.639,0.5907
80649,08087,0.361,0.4093
80654,08087,0.8295,0.8535
80654,08001,0.0913,0.0524
80654,08123,0.0791,0.094
80701,08087,0.7412,0.9389
80701,08001,0.2588,0.0611
80723,08087,0.8342,0.9731
80723,08121,0.1658,0.0269
80731,08095,0.5987,0.6093
80731,08075,0.2831,0.2763
80731,08125,0.0946,0.0886
80731,08115,0.0237,0.0258
80733,08087,0.602,0.7023
80733,08121,0.398,0.2977
80734,08095,0.7704,0.8708
80734,08125,0.2296,0.1292
80737,08115,0.9617,0.9591
80737,31049,0.0383,0.0409
80741,08075,0.7793,0.7213
80741,08087,0.1463,0.2121
80741,08121,0.0743,0.0666
80742,08123,0.927,0.7971
80742,08087,0.073,0.2029
80759,08125,0.9208,0.976
80759,08121,0.0792,0.024
80807,08063,0.9455,0.9683
80807,08125,0.0545,0.0317
80808,08041,0.8374,0.9461
80808,08039,0.1626,0.0539
80812,08121,0.9551,0.8574
80812,08125,0.0449,0.1426
80815,08063,0.7323,0.812
80815,08121,0.2677,0.188
80816,08119,0.6271,0.936
80816,08093,0.3729,0.064
80817,08041,0.7651,0.9526
80817,08101,0.2349,0.0474
80818,08073,0.8727,0.9565
80818,08121,0.1273,0.0435
80819,08041,0.9371,0.9729
80819,08119,0.0629,0.0271
80827,08093,0.8746,0.5343
80827,08119,0.1254,0.4657
80828,08073,0.5343,0.8179
80828,08039,0.4657,0.1821
80831,08041,0.9486,0.9959
80831,08039,0.0514,0.0041
80832,08039,0.809,0.3953
80832,08041,0.1444,0.5936
80832,08073,0.0466,0.0111
80833,08073,0.7753,0.3349
80833,08041,0.1993,0.6455
80833,08039,0.0255,0.0196
80835,08039,0.9427,0.6698
80835,08041,0.0573,0.3302
80836,08063,0.9924,0.9838
80836,08125,0.0076,0.0162
80861,08063,0.9917,0.9817
80861,08125,0.0083,0.0183
80863,08119,0.7128,0.8206
80863,08041,0.2872,0.1794
80926,08041,0.6342,0.736
80926,08043,0.3658,0.264
81008,08101,0.9814,0.9843
81008,08041,0.0186,0.0157
81021,08061,0.6766,0.6484
81021,08073,0.3234,0.3516
81039,08101,0.5711,0.3817
81039,08089,0.423,0.6159
81039,08025,0.0058,0.0024
81041,08099,0.9627,0.9833
81041,08009,0.0373,0.0167
81045,08061,0.5855,0.5543
81045,08017,0.2487,0.2677
81045,08073,0.1658,0.1781
81047,08099,0.9635,0.9894
81047,08061,0.0365,0.0106
81050,08089,0.9671,0.9956
81050,08011,0.0329,0.0044
81052,08099,0.7579,0.9438
81052,08011,0.2421,0.0562
81054,08011,0.8443,0.9585
81054,08071,0.0806,0.0183
81054,08009,0.0751,0.0232
81055,08055,0.988,0.9949
81055,08023,0.012,0.0051
81058,08089,0.7076,0.286
81058,08025,0.2924,0.714
81059,08071,0.739,0.6433
81059,08089,0.261,0.3567
81063,08025,0.6299,0.9365
81063,08073,0.3701,0.0635
81064,08009,0.8058,0.8496
81064,08071,0.1942,0.1504
81069,08055,0.4839,0.0996
81069,08101,0.3624,0.7238
81069,08027,0.1537,0.1766
81084,08009,0.8354,0.8274
81084,08099,0.1646,0.1726
81089,08055,0.7796,0.9714
81089,08071,0.2204,0.0286
81092,08011,0.7918,0.6103
81092,08099,0.1926,0.3857
81092,08061,0.0157,0.004
81101,08003,0.9444,0.9925
81101,08021,0.0556,0.0075
81120,08021,0.9209,0.9601
81120,35039,0.0791,0.0399
81122,08067,0.6035,0.8145
81122,08007,0.3965,0.1855
81125,08109,0.8196,0.6729
81125,08105,0.165,0.3189
81125,08003,0.0154,0.0082
81130,08079,0.7067,0.7196
81130,08053,0.2933,0.2804
81132,08105,0.5136,0.7064
81132,08109,0.4864,0.2936
81136,08003,0.8034,0.6539
81136,08109,0.1966,0.3461
81137,08067,0.7964,0.9144
81137,35045,0.1729,0.079
81137,08007,0.0307,0.0066
81144,08105,0.9156,0.9862
81144,08003,0.0844,0.0138
81147,08007,0.739,0.973
81147,08053,0.2189,0.0224
81147,08079,0.0421,0.0046
81151,08023,0.5681,0.4745
81151,08021,0.4319,0.5255
81154,08105,0.6539,0.8717
81154,08079,0.3461,0.1283
81201,08015,0.8444,0.968
81201,08043,0.1556,0.032
81220,08051,0.745,0.159
81220,08085,0.255,0.841
81226,08043,0.884,0.9755
81226,08027,0.116,0.0245
81230,08051,0.6102,0.8172
81230,08109,0.3898,0.1828
81248,08109,0.6582,0.5669
81248,08051,0.3418,0.4331
81253,08027,0.7004,0.5926
81253,08043,0.2376,0.3604
81253,08101,0.062,0.047
81301,08067,0.7831,0.9897
81301,08111,0.2169,0.0103
81323,08033,0.522,0.2101
81323,08083,0.478,0.7899
81324,08033,0.5292,0.6769
81324,49037,0.4708,0.3231
81325,08033,0.5115,0.615
81325,08113,0.4885,0.385
81328,08083,0.9088,0.8846
81328,08067,0.0912,0.1154
81403,08085,0.6684,0.8091
81403,08091,0.3316,0.1909
81415,08085,0.6047,0.5561
81415,08029,0.3953,0.4439
81416,08029,0.5672,0.904
81416,08085,0.4328,0.096
81423,08113,0.8997,0.8692
81423,08085,0.1003,0.1308
81431,08113,0.6511,0.5802
81431,08085,0.3489,0.4198
81432,08091,0.9931,0.9966
81432,08113,0.0069,0.0034
81434,08051,0.9177,0.3953
81434,08029,0.0823,0.6047
81621,08037,0.6486,0.8487
81621,08097,0.3514,0.1513
81623,08097,0.5394,0.2179
81623,08051,0.2399,0.0093
81623,08045,0.1649,0.6152
81623,08037,0.0558,0.1576
81625,08081,0.9999,1.0
81630,08045,0.7663,0.8359
81630,08077,0.2337,0.1641
81635,08045,0.9708,0.981
81635,08077,0.0292,0.019
81637,08045,0.5385,0.2332
81637,08037,0.4615,0.7668
81638,08081,0.7723,0.2366
81638,08107,0.2277,0.7634
81641,08103,0.8305,0.9603
81641,08081,0.1695,0.0397
81650,08103,0.5997,0.1138
81650,08045,0.4003,0.8862
81653,08107,0.8753,0.9745
81653,08081,0.1247,0.0255
82063,08069,0.7973,0.915
82063,56001,0.2027,0.085
82082,56021,0.7066,0.8762
82082,31007,0.1683,0.0375
82082,31105,0.1069,0.0805
82082,08123,0.0181,0.0058
82083,56001,0.6547,0.7701
82083,56007,0.3453,0.2299
82190,56029,0.5849,0.6179
82190,56039,0.4151,0.3821
82201,56031,0.7158,0.948
82201,56001,0.2842,0.052
82210,56031,0.7435,0.813
82210,56015,0.2565,0.187
82221,56015,0.9792,0.9434
82221,56021,0.0208,0.0566
82224,56009,0.5191,0.4563
82224,56027,0.4809,0.5437
82225,56027,0.9432,0.873
82225,56015,0.0568,0.127
82242,56027,0.8741,0.7418
82242,56015,0.1259,0.2582
82301,56007,0.6428,0.9887
82301,56037,0.3572,0.0113
82329,56007,0.5789,0.4375
82329,56001,0.4211,0.5625
82401,56043,0.8323,0.9806
82401,56017,0.1423,0.0147
82401,56003,0.0254,0.0048
82421,56003,0.5012,0.4353
82421,56029,0.4988,0.5647
82423,56003,0.901,0.8747
82423,56029,0.099,0.1253
82435,56029,0.9551,0.973
82435,56003,0.0449,0.027
82620,56025,0.9192,0.9545
82620,56007,0.0808,0.0455
82633,56009,0.9897,0.9962
82633,56027,0.0103,0.0038
82636,56025,0.9763,0.9989
82636,56009,0.0237,0.0011
82639,56019,0.9432,0.8758
82639,56025,0.0568,0.1242
82642,56013,0.8669,0.8537
82642,56025,0.1331,0.1463
82701,56045,0.7658,0.8102
82701,56027,0.0938,0.0285
82701,56005,0.0618,0.0197
82701,46033,0.0437,0.068
82701,46103,0.0349,0.0737
82727,56005,0.9497,0.9852
82727,56011,0.0503,0.0148
82729,56011,0.9378,0.97
82729,56045,0.0622,0.03
82730,56045,0.9009,0.8624
82730,56011,0.0991,0.1376
82801,56033,0.9744,0.9993
82801,30003,0.0256,0.0007
82831,56005,0.3443,0.2632
82831,56033,0.3363,0.6051
82831,56019,0.3194,0.1316
82832,56033,0.7948,0.9442
82832,56019,0.2052,0.0558
82925,56035,0.9485,0.9797
82925,56039,0.0515,0.0203
82930,49043,0.7057,0.0173
82930,56041,0.2943,0.9827
83120,16019,0.7109,0.5103
83120,16029,0.1886,0.0582
83120,56023,0.1005,0.4315
83127,56023,0.5219,0.8659
83127,16029,0.4781,0.1341
83202,16005,0.9035,0.9958
83202,16011,0.0965,0.0042
83204,16077,0.5926,0.0203
83204,16005,0.4074,0.9797
83211,16077,0.646,0.8865
83211,16031,0.3514,0.1117
83212,16077,0.8597,0.7606
83212,16071,0.1403,0.2394
83226,16037,0.8743,0.8572
83226,16059,0.1257,0.1428
83235,16037,0.9374,0.9175
83235,16059,0.0626,0.0825
83241,16029,0.9989,0.9982
83253,16059,0.719,0.775
83253,16037,0.281,0.225
83254,16007,0.8256,0.9425
83254,16029,0.1744,0.0575
83255,16023,0.897,0.8792
83255,16037,0.103,0.1208
83274,16011,0.9954,0.9961
83276,16029,0.955,0.8855
83276,16007,0.045,0.1145
83285,16019,0.6847,0.8347
83285,16029,0.3153,0.1653
83301,16083,0.9933,0.9988
83301,16053,0.0067,0.0012
83302,16083,0.7428,0.9305
83302,16073,0.2572,0.0695
83314,16047,0.9922,0.9971
83314,16083,0.0078,0.0029
83316,16083,0.8494,0.9926
83316,16073,0.1438,0.0022
83316,16047,0.0068,0.0051
83318,16031,0.9986,0.9956
83330,16047,0.9906,0.9988
83330,16063,0.0094,0.0012
83332,16083,0.6047,0.0736
83332,16047,0.3953,0.9264
83335,16053,0.9929,0.8624
83335,16067,0.0071,0.1376
83337,16039,0.8246,0.9245
83337,16025,0.1754,0.0755
83338,16053,0.9536,0.9833
83338,16047,0.0344,0.0159
83338,16063,0.0121,0.0008
83342,16031,0.6534,0.5635
83342,16071,0.2135,0.3977
83342,49003,0.1331,0.0388
83344,16031,0.6876,0.6109
83344,16083,0.3124,0.3891
83347,16067,0.4518,0.8194
83347,16063,0.3678,0.0927
83347,16053,0.1803,0.0879
83350,16067,0.8204,0.9263
83350,16013,0.1103,0.0048
83350,16031,0.0693,0.0689
83352,16063,0.8713,0.9647
83352,16025,0.1082,0.0264
83352,16013,0.0205,0.0089
83401,16019,0.9979,0.9991
83402,16019,0.9711,0.9937
83402,16051,0.0251,0.0006
83402,16011,0.0037,0.0057
83425,16051,0.9335,0.9598
83425,16043,0.0665,0.0402
83434,16051,0.7234,0.8603
83434,16065,0.2766,0.1397
83435,16051,0.8139,0.9772
83435,16033,0.1861,0.0228
83436,16065,0.7601,0.7512
83436,16081,0.1756,0.0421
83436,16043,0.0643,0.2067
83440,16065,0.9614,0.9554
83440,16043,0.0386,0.0446
83442,16051,0.7116,0.9888
83442,16019,0.2884,0.0112
83443,16019,0.9515,0.5801
83443,16051,0.0363,0.4149
83443,16065,0.0122,0.005
83444,16051,0.9923,0.9832
83444,16019,0.0077,0.0168
83445,16043,0.9974,0.9966
83448,16065,0.9814,0.9941
83448,16043,0.0186,0.0059
83451,16065,0.6667,0.8543
83451,16043,0.3333,0.1457
83464,16059,0.8944,0.9847
83464,16033,0.1056,0.0153
83524,16069,0.8021,0.8872
83524,16061,0.1979,0.1128
83535,16069,0.6966,0.6319
83535,16057,0.3034,0.3681
83536,16049,0.9151,0.6794
83536,16061,0.0849,0.3206
83537,16057,0.5336,0.8144
83537,16069,0.2867,0.1497
83537,16035,0.1797,0.0359
83541,16069,0.7454,0.4827
83541,16035,0.2546,0.5173
83544,16035,0.9733,0.9913
83544,16061,0.0267,0.0087
83548,16069,0.8597,0.9224
83548,16061,0.1403,0.0776
83555,16069,0.5865,0.8608
83555,16061,0.4135,0.1392
83607,16027,0.6994,0.8686
83607,16075,0.2023,0.0668
83607,16045,0.0983,0.0646
83610,16087,0.8746,0.801
83610,16003,0.1254,0.199
83611,16085,0.601,0.8133
83611,16049,0.399,0.1867
83616,16001,0.6438,0.9852
83616,16045,0.3562,0.0148
83617,16045,0.999,0.9992
83624,16073,0.7765,0.1681
83624,16039,0.2235,0.8319
83627,16073,0.7292,0.2458
83627,16039,0.2708,0.7542
83629,16015,0.9546,0.8981
83629,16045,0.0454,0.1019
83632,16003,0.9618,0.9776
83632,16087,0.0382,0.0224
83634,16001,0.9515,0.9447
83634,16027,0.0485,0.0553
83638,16085,0.5199,0.9019
83638,16049,0.4742,0.094
83638,16003,0.0059,0.004
83641,16073,0.6125,0.0382
83641,16027,0.2469,0.781
83641,16001,0.1407,0.1808
83647,16039,0.9772,0.9987
83647,16073,0.0228,0.0013
83654,16003,0.7895,0.9229
83654,16049,0.2105,0.0771
83657,16045,0.975,0.997
83657,16085,0.025,0.003
83660,16027,0.7159,0.8701
83660,16075,0.2841,0.1299
83661,16075,0.7923,0.878
83661,16087,0.2077,0.122
83669,16001,0.6593,0.9347
83669,16027,0.3407,0.0653
83670,16045,0.689,0.8408
83670,16015,0.311,0.1592
83687,16027,0.8969,0.9443
83687,16001,0.1031,0.0557
83702,16001,0.9729,0.9997
83702,16015,0.0271,0.0003
83716,16039,0.6053,0.153
83716,16015,0.2376,0.1811
83716,16001,0.1571,0.6659
83801,16055,0.6463,0.8437
83801,16017,0.3537,0.1563
83803,16017,0.9337,0.7859
83803,16055,0.0663,0.2141
83810,16055,0.975,0.9923
83810,16079,0.025,0.0077
83812,16079,0.9999,0.9994
83824,16009,0.7391,0.7647
83824,16057,0.2609,0.2353
83830,16009,0.71,0.9426
83830,16079,0.29,0.0574
83832,16057,0.5502,0.3372
83832,16069,0.4498,0.6628
83833,16055,0.9987,0.9992
83856,16017,0.9189,0.9691
83856,53051,0.0811,0.0309
83861,16009,0.8926,0.9264
83861,16079,0.0605,0.0096
83861,16055,0.0469,0.064
83864,16017,0.7266,0.9688
83864,16021,0.2734,0.0312
83869,16055,0.5652,0.7944
83869,16017,0.4348,0.2056
84020,49035,0.8025,0.9503
84020,49049,0.1975,0.0497
84022,49045,0.7759,0.6258
84022,49023,0.2241,0.3742
84029,49045,0.9964,0.9996
84034,49045,0.6975,0.2764
84034,49023,0.2107,0.6459
84034,32033,0.0918,0.0777
84036,49043,0.7161,0.8675
84036,49051,0.2839,0.1325
84052,49013,0.5372,0.8387
84052,49047,0.4628,0.1613
84053,49013,0.6722,0.9018
84053,49047,0.3278,0.0982
84060,49043,0.7546,0.9941
84060,49051,0.2454,0.0059
84066,49013,0.7896,0.9871
84066,49047,0.2104,0.0129
84315,49057,0.7767,0.7574
84315,49011,0.2233,0.2426
84405,49057,0.663,0.8356
84405,49011,0.337,0.1644
84525,49015,0.8001,0.8396
84525,49019,0.1999,0.1604
84531,49037,0.787,0.7315
84531,04001,0.213,0.2685
84532,49019,0.5597,0.8717
84532,49037,0.4403,0.1283
84533,49037,0.7079,0.7845
84533,49025,0.2921,0.2155
84536,49037,0.9727,0.962
84536,04017,0.0273,0.038
84604,49049,0.8835,0.9971
84604,49051,0.1165,0.0029
84629,49039,0.6729,0.9668
84629,49049,0.3271,0.0332
84712,49031,0.6136,0.8473
84712,49017,0.3864,0.1527
84720,49021,0.6882,0.8771
84720,49053,0.3118,0.1229
84744,49041,0.9598,0.9553
84744,49031,0.0402,0.0447
84751,49001,0.9059,0.8403
84751,49027,0.0941,0.1597
84757,49053,0.9668,0.9463
84757,49021,0.0332,0.0537
84762,49025,0.9073,0.7209
84762,49017,0.0927,0.2791
84775,49055,0.9237,0.9471
84775,49017,0.0763,0.0529
85120,04021,0.9386,0.8179
85120,04013,0.0614,0.1821
85139,04021,0.528,0.9164
85139,04013,0.472,0.0836
85142,04021,0.6756,0.3138
85142,04013,0.3244,0.6862
85192,04021,0.6773,0.5308
85192,04007,0.3227,0.4692
85212,04013,0.924,0.9151
85212,04021,0.076,0.0849
85248,04013,0.6332,0.997
85248,04021,0.3668,0.003
85264,04013,0.9999,1.0
85321,04019,0.8898,1.0
85321,04013,0.1102,0.0
85333,04013,0.5547,0.942
85333,04027,0.4453,0.058
85339,04013,0.5602,0.981
85339,04021,0.4398,0.019
85342,04025,0.5617,0.1538
85342,04013,0.4383,0.8462
85390,04013,0.7626,0.9308
85390,04025,0.2374,0.0692
85533,04011,0.6985,0.7984
85533,04009,0.3015,0.2016
85539,04007,0.7503,0.8608
85539,04021,0.2497,0.1392
85542,04009,0.862,0.7317
85542,04007,0.138,0.2683
85545,04013,0.5034,0.6099
85545,04007,0.4966,0.3901
85602,04003,0.6946,0.7425
85602,04019,0.3054,0.2575
85611,04023,0.4969,0.2912
85611,04019,0.3597,0.4228
85611,04003,0.1434,0.286
85614,04019,0.9308,0.9983
85614,04023,0.0692,0.0017
85634,04019,0.9844,0.9573
85634,04021,0.0156,0.0427
85637,04023,0.5254,0.3001
85637,04019,0.4746,0.6999
85643,04009,0.5138,0.1066
85643,04003,0.4862,0.8934
85645,04019,0.6204,0.7973
85645,04023,0.3796,0.2027
85653,04019,0.9491,0.9903
85653,04021,0.0509,0.0097
85658,04021,0.6458,0.0636
85658,04019,0.3542,0.9364
85739,04021,0.8697,0.7421
85739,04019,0.1303,0.2579
85901,04017,0.8952,0.9957
85901,04001,0.1048,0.0043
85930,04001,0.8857,0.8911
85930,04017,0.1143,0.1089
85941,04007,0.6022,0.0979
85941,04017,0.3978,0.9021
86022,04005,0.6765,0.5486
86022,04015,0.3235,0.4514
86030,04005,0.7325,0.5559
86030,04017,0.2675,0.4441
86033,04017,0.9508,0.9805
86033,04001,0.0492,0.0195
86034,04017,0.9261,0.9409
86034,04001,0.0739,0.0591
86044,04005,0.5547,0.5863
86044,49037,0.3146,0.2107
86044,04017,0.1307,0.203
86047,04017,0.7158,0.9034
86047,04005,0.2842,0.0966
86054,04017,0.9407,0.9587
86054,04005,0.0593,0.0413
86320,04005,0.7035,0.5269
86320,04025,0.2965,0.4731
86336,04025,0.7294,0.6847
86336,04005,0.2706,0.3153
86337,04025,0.7531,0.9031
86337,04005,0.2469,0.0969
86434,04015,0.9513,0.8866
86434,04025,0.0392,0.1029
86434,04005,0.0094,0.0105
86503,04001,0.9529,0.9827
86503,04017,0.0471,0.0173
86504,04001,0.9875,0.9897
86504,35031,0.0125,0.0103
86505,04001,0.8422,0.8387
86505,04017,0.1578,0.1613
86514,04001,0.8395,0.8664
86514,49037,0.1508,0.1243
86514,35045,0.0097,0.0093
86515,35031,0.8816,0.6996
86515,04001,0.1184,0.3004
86520,04001,0.7805,0.5178
86520,04017,0.2195,0.4822
87002,35061,0.9979,0.9999
87006,35053,0.9578,0.1188
87006,35061,0.0422,0.8812
87011,35053,0.7229,0.7374
87011,35027,0.2771,0.2626
87013,35043,0.5515,0.6035
87013,35031,0.4437,0.3876
87013,35039,0.0047,0.0089
87015,35049,0.6202,0.6814
87015,35057,0.205,0.1556
87015,35001,0.1748,0.163
87018,35043,0.9764,0.9778
87018,35039,0.0236,0.0222
87020,35006,0.8656,0.9735
87020,35031,0.1344,0.0265
87026,35006,0.495,0.4762
87026,35061,0.2846,0.204
87026,35001,0.2203,0.3199
87035,35057,0.9693,0.9033
87035,35049,0.0307,0.0967
87036,35057,0.6243,0.7055
87036,35053,0.3757,0.2945
87037,35045,0.9673,0.9735
87037,35039,0.0327,0.0265
87045,35031,0.9832,0.9965
87045,35006,0.0168,0.0035
87046,35039,0.7843,0.8947
87046,35043,0.2157,0.1053
87047,35043,0.4149,0.1935
87047,35049,0.2984,0.1671
87047,35001,0.2867,0.6393
87048,35043,0.9807,0.9824
87048,35001,0.0193,0.0176
87056,35049,0.8638,0.905
87056,35047,0.1362,0.095
87062,35053,0.994,0.9617
87062,35061,0.006,0.0383
87068,35001,0.5366,0.0594
87068,35061,0.4634,0.9406
87122,35001,0.9727,0.9993
87122,35043,0.0273,0.0007
87124,35043,0.9999,0.9996
87313,35031,0.8895,0.9203
87313,35045,0.1105,0.0797
87321,35006,0.7027,0.7207
87321,35031,0.2973,0.2793
87323,35031,0.8561,0.9672
87323,35006,0.1439,0.0328
87325,35031,0.6149,0.6969
87325,35045,0.3851,0.3031
87327,35031,0.8598,0.9764
87327,35006,0.1402,0.0236
87328,04001,0.388,0.4871
87328,35031,0.3151,0.379
87328,35045,0.2969,0.1339
87412,35039,0.7218,0.5979
87412,35045,0.2782,0.4021
87419,35045,0.5377,0.8283
87419,35039,0.4623,0.1717
87521,35039,0.6651,0.6978
87521,35055,0.3349,0.3022
87522,35049,0.7893,0.8205
87522,35039,0.2107,0.1795
87531,35055,0.5904,0.7785
87531,35039,0.4096,0.2215
87532,35039,0.7505,0.7216
87532,35049,0.2495,0.2784
87535,35049,0.9273,0.9484
87535,35047,0.0727,0.0516
87544,35043,0.5763,0.0342
87544,35028,0.4237,0.9658
87549,35039,0.8499,0.9499
87549,35055,0.1501,0.0501
87573,35047,0.5901,0.1653
87573,35049,0.4099,0.8347
87577,35039,0.5125,0.4075
87577,35055,0.4875,0.5925
87711,35047,0.7531,0.7859
87711,35019,0.2469,0.2141
87742,35047,0.5817,0.7025
87742,35033,0.4183,0.2975
87745,35047,0.9039,0.9817
87745,35033,0.0961,0.0183
87746,35047,0.9427,0.9723
87746,35021,0.0573,0.0277
87825,35053,0.6749,0.7492
87825,35003,0.3251,0.2508
87936,35013,0.8672,0.9492
87936,35051,0.1328,0.0508
87943,35051,0.4526,0.7309
87943,35053,0.3715,0.1859
87943,35003,0.1758,0.0832
88034,35017,0.9546,0.9868
88034,35029,0.0454,0.0132
88040,35023,0.8629,0.6579
88040,35017,0.1371,0.3421
88045,35023,0.7729,0.7998
88045,35017,0.2271,0.2002
88081,35035,0.8971,0.4567
88081,35013,0.1029,0.5433
88101,35009,0.9889,0.9995
88101,35041,0.0111,0.0005
88112,35009,0.6625,0.8632
88112,35037,0.3375,0.1368
88116,35041,0.5119,0.8624
88116,35005,0.4881,0.1376
88118,35041,0.8258,0.8601
88118,35009,0.1742,0.1399
88120,35037,0.7154,0.4389
88120,35009,0.2846,0.5611
88124,35009,0.5824,0.585
88124,35041,0.2777,0.3285
88124,35037,0.14,0.0865
88134,35011,0.8377,0.5328
88134,35041,0.1623,0.4672
88135,35009,0.9353,0.9816
88135,35041,0.0647,0.0184
88136,35011,0.6693,0.5726
88136,35027,0.3307,0.4274
88201,35005,0.8656,0.9531
88201,35027,0.1344,0.0469
88250,35005,0.658,0.4645
88250,35015,0.342,0.5355
88253,35005,0.74,0.7737
88253,35015,0.26,0.2263
88301,35027,0.9768,0.9751
88301,35053,0.0232,0.0249
88318,35027,0.6986,0.6301
88318,35057,0.3014,0.3699
88321,35057,0.8793,0.8574
88321,35019,0.0947,0.0774
88321,35047,0.026,0.0652
88339,35005,0.5937,0.0907
88339,35035,0.4063,0.9093
88344,35035,0.6984,0.7027
88344,35005,0.3016,0.2973
88401,35037,0.9024,0.9881
88401,35047,0.0976,0.0119
88410,35059,0.6143,0.8057
88410,35021,0.3857,0.1943
88414,35007,0.6707,0.9111
88414,35059,0.3293,0.0889
88415,35059,0.8421,0.9328
88415,35021,0.1579,0.0672
88417,35019,0.8145,0.8005
88417,35037,0.1855,0.1995
88422,35059,0.6446,0.3897
88422,35007,0.3554,0.6103
88426,35021,0.657,0.3493
88426,35037,0.3119,0.6156
88426,35047,0.031,0.0352
88430,35037,0.7197,0.7892
88430,35059,0.2537,0.1952
88430,48359,0.0265,0.0156
88431,35019,0.5757,0.6836
88431,35047,0.4243,0.3164
89010,32009,0.9025,0.7343
89010,32021,0.0595,0.0709
89010,06051,0.038,0.1948
89019,32003,0.7758,0.9777
89019,06071,0.2153,0.0214
89019,06027,0.009,0.0009
89049,32023,0.9961,0.9975
89060,32023,0.9811,0.9997
89060,06027,0.0189,0.0003
89061,32023,0.9556,0.9999
89061,06027,0.0444,0.0001
89310,32015,0.9437,0.9707
89310,32023,0.0563,0.0293
89316,32011,0.7632,0.7265
89316,32033,0.2368,0.2735
89403,32019,0.8042,0.9521
89403,32029,0.1958,0.0479
89406,32001,0.9863,0.985
89406,32019,0.0137,0.015
89408,32001,0.7861,0.1599
89408,32019,0.2139,0.8401
89409,32023,0.6799,0.4044
89409,32021,0.3201,0.5956
89412,32031,0.9182,0.9612
89412,32013,0.0818,0.0388
89414,32013,0.7363,0.9118
89414,32007,0.2637,0.0882
89421,41045,0.6111,0.5926
89421,32013,0.3889,0.4074
89434,32029,0.6908,0.0864
89434,32031,0.3092,0.9136
89439,32031,0.7434,0.9933
89439,06091,0.2566,0.0067
89442,32031,0.9993,0.9884
89442,32029,0.0007,0.0116
89444,32019,0.7872,0.7002
89444,32005,0.2128,0.2998
89445,32013,0.7377,0.9323
89445,32027,0.2623,0.0677
89521,32031,0.5728,0.9748
89521,32029,0.4272,0.0252
89703,32510,0.983,0.9975
89703,32031,0.017,0.0025
89705,32005,0.9591,0.9801
89705,32510,0.0409,0.0199
89706,32510,0.5261,0.828
89706,32019,0.4739,0.172
89820,32015,0.9796,0.993
89820,32011,0.0204,0.007
89822,32011,0.9316,0.6356
89822,32007,0.0684,0.3644
89832,32007,0.6732,0.522
89832,16073,0.3268,0.478
90265,06037,0.6857,0.9098
90265,06111,0.3143,0.0902
90623,06059,0.9802,0.9797
90623,06037,0.0198,0.0203
90630,06059,0.9945,0.9913
90630,06037,0.0055,0.0087
90631,06059,0.543,0.8715
90631,06037,0.457,0.1285
90638,06037,0.9908,0.9893
90638,06059,0.0092,0.0107
90716,06037,0.9977,0.998
90740,06059,0.9987,0.9973
91304,06037,0.8609,0.9909
91304,06111,0.1391,0.0091
91307,06037,0.5519,0.9524
91307,06111,0.4481,0.0476
91311,06037,0.967,0.9871
91311,06111,0.033,0.0129
91361,06111,0.8267,0.7389
91361,06037,0.1733,0.2611
91362,06111,0.9454,0.903
91362,06037,0.0546,0.097
91709,06071,0.9965,0.9869
91709,06037,0.0035,0.0131
91759,06037,0.7933,0.5468
91759,06071,0.2067,0.4532
91766,06037,0.9588,0.9505
91766,06071,0.0412,0.0495
92004,06073,0.58,0.7989
92004,06025,0.42,0.2011
92028,06073,0.9931,0.9963
92028,06065,0.0069,0.0037
92225,06065,0.9953,0.9999
92274,06065,0.6608,0.8278
92274,06025,0.3392,0.1722
92277,06071,0.7799,0.9924
92277,06065,0.2201,0.0076
92320,06065,0.9998,0.9994
92324,06071,0.6758,0.9386
92324,06065,0.3242,0.0614
92373,06071,0.5831,0.9271
92373,06065,0.4169,0.0729
92397,06037,0.6627,0.0102
92397,06071,0.3373,0.9898
92399,06071,0.9902,0.9918
92399,06065,0.0098,0.0082
92509,06065,0.994,0.9983
92509,06071,0.006,0.0017
92530,06065,0.9438,0.9979
92530,06059,0.0562,0.0021
92562,06065,0.8145,0.9429
92562,06073,0.1855,0.0571
92672,06073,0.7636,0.001
92672,06059,0.2364,0.999
92880,06065,0.927,0.9685
92880,06071,0.073,0.0315
93013,06083,0.7466,0.9945
93013,06111,0.2534,0.0055
93201,06107,0.8573,0.9327
93201,06031,0.1427,0.0673
93210,06019,0.9026,0.9803
93210,06053,0.0638,0.0125
93210,06069,0.0335,0.0072
93212,06031,0.6069,0.9454
93212,06107,0.3931,0.0546
93215,06029,0.5946,0.9413
93215,06107,0.4054,0.0587
93225,06111,0.6393,0.0481
93225,06029,0.3607,0.9519
93230,06031,0.9962,0.9994
93238,06107,0.6645,0.2797
93238,06029,0.3355,0.7203
93242,06019,0.8303,0.8825
93242,06031,0.1697,0.1175
93243,06029,0.638,0.8468
93243,06037,0.362,0.1532
93252,06111,0.665,0.5049
93252,06029,0.1819,0.4397
93252,06083,0.0915,0.0274
93252,06079,0.0616,0.0279
93254,06083,0.9164,0.8787
93254,06079,0.0836,0.1213
93274,06107,0.9543,0.9977
93274,06031,0.0457,0.0023
93426,06053,0.8242,0.4219
93426,06079,0.1758,0.5781
93434,06083,0.9929,0.9933
93434,06079,0.0071,0.0067
93451,06053,0.8482,0.4936
93451,06079,0.1518,0.5064
93454,06083,0.7208,0.9233
93454,06079,0.2792,0.0767
93458,06083,0.9985,0.9997
93461,06079,0.9082,0.9904
93461,06029,0.0918,0.0096
93514,06051,0.5641,0.1197
93514,06027,0.4359,0.8803
93516,06029,0.5198,0.9678
93516,06071,0.4802,0.0322
93527,06107,0.5071,0.1581
93527,06029,0.3482,0.8247
93527,06027,0.1447,0.0172
93536,06037,0.9483,0.9979
93536,06029,0.0517,0.0021
93555,06029,0.9195,0.9996
93555,06071,0.0805,0.0004
93560,06029,0.9517,0.9759
93560,06037,0.0483,0.0241
93601,06039,0.638,0.4634
93601,06043,0.362,0.5366
93602,06019,0.9584,0.9765
93602,06039,0.0416,0.0235
93610,06039,0.8511,0.9828
93610,06047,0.1489,0.0172
93618,06107,0.8897,0.9427
93618,06019,0.1103,0.0573
93620,06047,0.7563,0.9824
93620,06019,0.2412,0.0166
93622,06019,0.8351,0.8763
93622,06039,0.1024,0.105
93622,06047,0.0625,0.0187
93623,06043,0.96,0.8605
93623,06039,0.04,0.1395
93626,06039,0.7434,0.3631
93626,06019,0.2566,0.6369
93631,06107,0.5317,0.1411
93631,06019,0.2607,0.8241
93631,06031,0.2076,0.0348
93641,06019,0.7149,0.9423
93641,06107,0.2851,0.0577
93646,06107,0.5832,0.1076
93646,06019,0.4168,0.8924
93653,06039,0.691,0.7057
93653,06043,0.309,0.2943
93654,06019,0.9087,0.9574
93654,06107,0.0913,0.0426
93656,06019,0.9074,0.9396
93656,06031,0.0926,0.0604
93720,06019,0.9767,0.9999
93720,06039,0.0233,0.0001
93930,06053,0.8081,0.9644
93930,06069,0.1919,0.0356
94028,06081,0.811,0.962
94028,06085,0.189,0.038
94303,06085,0.6713,0.4852
94303,06081,0.3287,0.5148
94501,06001,0.9941,0.999
94501,06075,0.0059,0.001
94503,06055,0.6641,0.8727
94503,06095,0.3359,0.1273
94505,06013,0.96,0.9987
94505,06001,0.0389,0.0013
94514,06013,0.8248,0.9287
94514,06001,0.1752,0.0713
94515,06097,0.5065,0.2341
94515,06055,0.4935,0.7659
94550,06001,0.612,0.9954
94550,06085,0.388,0.0046
94551,06001,0.6302,0.9339
94551,06013,0.3698,0.0661
94571,06095,0.8192,0.872
94571,06067,0.1808,0.128
94574,06055,0.9872,0.953
94574,06097,0.0128,0.047
94588,06001,0.509,0.9522
94588,06013,0.491,0.0478
94591,06095,0.9698,0.9986
94591,06055,0.0302,0.0014
94611,06001,0.9496,0.9933
94611,06013,0.0504,0.0067
94706,06001,0.9971,0.9985
94707,06001,0.6481,0.8078
94707,06013,0.3519,0.1922
94708,06013,0.5836,0.1794
94708,06001,0.4164,0.8206
94920,06041,0.9986,0.9993
94952,06041,0.515,0.0553
94952,06097,0.485,0.9447
95004,06053,0.5637,0.7797
95004,06069,0.4363,0.2203
95023,06069,0.6352,0.9927
95023,06085,0.3648,0.0073
95033,06087,0.5261,0.6012
95033,06085,0.4739,0.3988
95076,06087,0.7448,0.8755
95076,06053,0.2266,0.1214
95076,06085,0.0285,0.0031
95219,06077,0.8359,0.9063
95219,06013,0.1641,0.0937
95223,06003,0.8087,0.1959
95223,06009,0.1734,0.7925
95223,06109,0.0179,0.0116
95230,06099,0.4905,0.5219
95230,06009,0.2933,0.2255
95230,06077,0.2162,0.2527
95236,06077,0.9809,0.947
95236,06009,0.0191,0.053
95304,06077,0.9997,0.9999
95311,06043,0.9785,0.8891
95311,06109,0.0215,0.1109
95316,06099,0.7683,0.974
95316,06047,0.2317,0.026
95321,06109,0.9802,0.9679
95321,06043,0.0198,0.0321
95322,06047,0.9766,0.9969
95322,06099,0.0234,0.0031
95329,06109,0.4544,0.2646
95329,06099,0.3687,0.6155
95329,06043,0.1769,0.1199
95360,06099,0.7651,0.9748
95360,06047,0.2349,0.0252
95361,06099,0.9771,0.9843
95361,06077,0.0229,0.0157
95369,06047,0.8637,0.8254
95369,06043,0.1363,0.1746
95377,06077,0.8933,0.9884
95377,06001,0.1067,0.0116
95380,06099,0.7533,0.9338
95380,06047,0.2467,0.0662
95385,06099,0.9797,0.9375
95385,06077,0.0203,0.0625
95389,06043,0.819,0.8136
95389,06109,0.181,0.1864
95391,06001,0.6946,0.0415
95391,06077,0.3054,0.9585
95425,06097,0.6754,0.952
95425,06045,0.3246,0.048
95469,06045,0.6311,0.8821
95469,06033,0.3689,0.1179
95476,06097,0.9785,0.9974
95476,06055,0.0215,0.0026
95526,06023,0.8605,0.9334
95526,06105,0.1395,0.0666
95542,06023,0.972,0.9848
95542,06045,0.028,0.0152
95552,06105,0.9322,0.864
95552,06023,0.0678,0.136
95556,06023,0.8898,0.9285
95556,06093,0.1102,0.0715
95589,06023,0.786,0.8648
95589,06045,0.214,0.1352
95602,06061,0.7889,0.8193
95602,06057,0.2111,0.1807
95603,06061,1.0,1.0
95612,06113,0.8865,0.7518
95612,06095,0.1135,0.2482
95616,06113,0.9679,0.9994
95616,06095,0.0321,0.0006
95618,06113,0.7731,0.9916
95618,06095,0.2269,0.0084
95620,06095,0.7585,0.9174
95620,06113,0.2415,0.0826
95626,06067,0.5752,0.758
95626,06061,0.256,0.2282
95626,06101,0.1688,0.0138
95629,06005,0.6082,0.8565
95629,06017,0.3918,0.1435
95630,06067,0.9991,0.9994
95632,06067,0.6943,0.9232
95632,06077,0.3057,0.0768
95640,06005,0.9967,0.9994
95641,06067,0.966,0.9894
95641,06077,0.034,0.0106
95645,06113,0.3946,0.4621
95645,06101,0.3548,0.1202
95645,06011,0.2506,0.4177
95646,06003,0.9738,0.8559
95646,06005,0.0262,0.1441
95668,06101,0.6963,0.2365
95668,06061,0.3037,0.7635
95678,06061,0.9995,0.9989
95690,06067,0.6373,0.36
95690,06095,0.3627,0.64
95692,06115,0.9766,0.9949
95692,06101,0.0234,0.0051
95694,06113,0.8008,0.8168
95694,06095,0.1992,0.1832
95728,06061,0.7673,0.6746
95728,06057,0.2327,0.3254
95837,06067,0.9154,0.9882
95837,06101,0.0846,0.0118
95901,06115,0.9694,0.9898
95901,06007,0.0306,0.0102
95914,06007,0.8811,0.9476
95914,06115,0.1189,0.0524
95922,06115,0.8182,0.948
95922,06091,0.1818,0.052
95930,06007,0.8498,0.816
95930,06115,0.1502,0.184
95941,06007,0.8534,0.8201
95941,06115,0.1466,0.1799
95948,06007,0.9979,0.9929
95948,06101,0.0021,0.0071
95957,06101,0.9579,0.7259
95957,06011,0.0421,0.2741
95960,06091,0.3909,0.169
95960,06057,0.3703,0.4129
95960,06115,0.2387,0.4182
95963,06021,0.885,0.8993
95963,06103,0.115,0.1007
95966,06007,0.968,0.9969
95966,06115,0.032,0.0031
95970,06011,0.5051,0.5065
95970,06021,0.4949,0.4935
95973,06007,0.615,0.9647
95973,06103,0.385,0.0353
95977,06115,0.6117,0.2747
95977,06057,0.3883,0.7253
95981,06063,0.7619,0.4025
95981,06115,0.2381,0.5975
96006,06035,0.6389,0.3334
96006,06049,0.3611,0.6666
96022,06103,0.688,0.6086
96022,06089,0.312,0.3914
96025,06093,0.7223,0.9407
96025,06089,0.2777,0.0593
96056,06035,0.5332,0.0935
96056,06089,0.3285,0.8195
96056,06049,0.1383,0.087
96059,06103,0.5183,0.2025
96059,06089,0.4817,0.7975
96075,06103,0.9111,0.7076
96075,06089,0.0889,0.2924
96076,06105,0.3871,0.4824
96076,06103,0.3366,0.1962
96076,06089,0.2763,0.3214
96105,06063,0.5979,0.746
96105,06091,0.2632,0.1518
96105,06035,0.1389,0.1022
96110,06049,0.9619,0.9924
96110,06035,0.0381,0.0076
96118,06091,0.8271,0.6886
96118,06063,0.1729,0.3114
96134,06049,0.6583,0.5024
96134,06093,0.3417,0.4976
96137,06035,0.5945,0.3006
96137,06063,0.4055,0.6994
96142,06017,0.9906,0.9696
96142,06061,0.0094,0.0304
96161,06057,0.6962,0.8632
96161,06061,0.3038,0.1368
97002,41047,0.7125,0.5458
97002,41005,0.2875,0.4542
97009,41005,0.9715,0.9718
97009,41051,0.0285,0.0282
97014,41027,0.6535,0.5092
97014,41051,0.3465,0.4908
97016,41009,0.7499,0.9207
97016,41007,0.2501,0.0793
97019,41051,0.7128,0.8156
97019,41005,0.2872,0.1844
97032,41047,0.652,0.8375
97032,41005,0.348,0.1625
97034,41005,0.9633,0.9726
97034,41051,0.0367,0.0274
97035,41005,0.8793,0.8923
97035,41051,0.1003,0.0996
97035,41067,0.0204,0.0081
97056,41009,0.8508,0.9158
97056,41067,0.1069,0.0588
97056,41051,0.0423,0.0254
97062,41067,0.7267,0.9085
97062,41005,0.2733,0.0915
97064,41009,0.9305,0.8789
97064,41067,0.0695,0.1211
97070,41005,0.9648,0.9806
97070,41067,0.0352,0.0194
97071,41047,0.7406,0.9568
97071,41005,0.2594,0.0432
97080,41051,0.9995,0.9999
97101,41071,0.6438,0.5707
97101,41053,0.3562,0.4293
97102,41007,0.6175,0.7994
97102,41057,0.3825,0.2006
97119,41067,0.7881,0.7902
97119,41071,0.2119,0.2098
97123,41067,0.8947,0.9893
97123,41071,0.1053,0.0107
97124,41067,0.9787,0.9981
97124,41051,0.0213,0.0019
97131,41057,0.8633,0.9033
97131,41007,0.1367,0.0967
97132,41071,0.9229,0.9745
97132,41067,0.0647,0.0171
97132,41005,0.0124,0.0084
97133,41067,0.9643,0.9566
97133,41051,0.0357,0.0434
97140,41067,0.749,0.7696
97140,41005,0.2273,0.2165
97140,41071,0.0237,0.0139
97202,41051,0.9885,0.9929
97202,41005,0.0115,0.0071
97206,41051,0.9191,0.9229
97206,41005,0.0809,0.0771
97210,41051,0.9976,0.9951
97219,41051,0.9637,0.9602
97219,41005,0.036,0.0394
97221,41051,0.9976,0.9968
97222,41005,0.9919,0.9889
97222,41051,0.0081,0.0111
97225,41067,0.9928,0.9962
97225,41051,0.0072,0.0038
97229,41067,0.6218,0.8782
97229,41051,0.3782,0.1218
97231,41051,0.8004,0.6059
97231,41009,0.1736,0.2915
97231,41067,0.0259,0.1026
97304,41053,0.8697,0.983
97304,41071,0.1303,0.017
97321,41043,0.687,0.563
97321,41003,0.313,0.437
97324,41003,0.7745,0.8121
97324,41039,0.1356,0.0592
97324,41041,0.0899,0.1286
97326,41041,0.6108,0.4384
97326,41003,0.3892,0.5616
97333,41003,0.8946,0.9439
97333,41043,0.1054,0.0561
97346,41047,0.7321,0.6003
97346,41043,0.2679,0.3997
97347,41071,0.5105,0.6752
97347,41053,0.4529,0.2886
97347,41057,0.0366,0.0362
97350,41043,0.9275,0.9
97350,41047,0.0725,0.1
97352,41047,0.8183,0.8942
97352,41043,0.1817,0.1058
97358,41047,0.7666,0.4233
97358,41043,0.2334,0.5767
97360,41043,0.5795,0.7149
97360,41047,0.4205,0.2851
97361,41053,0.8919,0.9612
97361,41003,0.1081,0.0388
97362,41047,0.8916,0.9477
97362,41005,0.1084,0.0523
97368,41041,0.9278,0.962
97368,41057,0.0722,0.038
97370,41003,0.9365,0.9797
97370,41053,0.0635,0.0203
97375,41047,0.7853,0.9155
97375,41005,0.2147,0.0845
97378,41071,0.5139,0.6598
97378,41053,0.4861,0.3402
97383,41047,0.7038,0.8762
97383,41043,0.2962,0.1238
97390,41041,0.6727,0.8608
97390,41039,0.3273,0.1392
97396,41071,0.755,0.8767
97396,41053,0.245,0.1233
97406,41015,0.9511,0.9564
97406,41011,0.0489,0.0436
97424,41039,0.8836,0.984
97424,41019,0.1164,0.016
97446,41043,0.9907,0.9774
97446,41039,0.0093,0.0226
97448,41039,0.9441,0.9836
97448,41003,0.0559,0.0164
97450,41015,0.9185,0.6618
97450,41011,0.0815,0.3382
97456,41003,0.9688,0.9586
97456,41039,0.0312,0.0414
97459,41011,0.961,0.9937
97459,41019,0.039,0.0063
97466,41011,0.8507,0.8347
97466,41015,0.1493,0.1653
97493,41039,0.917,0.9827
97493,41019,0.083,0.0173
97497,41033,0.9407,0.8726
97497,41029,0.0593,0.1274
97498,41039,0.5059,0.3666
97498,41041,0.4941,0.6334
97526,41033,0.9922,0.9952
97526,41029,0.0078,0.0048
97527,41033,0.8687,0.9781
97527,41029,0.1313,0.0219
97530,41029,0.8038,0.9223
97530,41033,0.1962,0.0777
97635,06049,0.9282,0.7651
97635,41037,0.0718,0.2349
97701,41017,0.9243,0.999
97701,41013,0.0757,0.001
97731,41035,0.7081,0.6877
97731,41019,0.2919,0.3123
97739,41017,0.723,0.9773
97739,41035,0.277,0.0227
97741,41031,0.9608,0.9965
97741,41065,0.0392,0.0035
97754,41013,0.9707,0.9947
97754,41031,0.0209,0.0035
97754,41025,0.0084,0.0018
97756,41017,0.839,0.9777
97756,41013,0.161,0.0223
97758,41025,0.754,0.8985
97758,41037,0.246,0.1015
97759,41043,0.4223,0.0843
97759,41031,0.3088,0.0968
97759,41017,0.2688,0.8189
97760,41017,0.46,0.4766
97760,41031,0.3715,0.4644
97760,41013,0.1685,0.059
97761,41065,0.614,0.4779
97761,41031,0.386,0.5221
97814,41001,0.9496,0.9798
97814,41061,0.0504,0.0202
97823,41021,0.9822,0.9895
97823,41069,0.0178,0.0105
97826,41059,0.862,0.9762
97826,41049,0.138,0.0238
97830,41069,0.8675,0.7934
97830,41021,0.1325,0.2066
97838,41059,0.7414,0.9922
97838,41049,0.2586,0.0078
97843,41049,0.9473,0.9675
97843,41021,0.0527,0.0325
97848,41023,0.9919,0.9912
97848,41069,0.0081,0.0088
97867,41061,0.742,0.6692
97867,41001,0.258,0.3308
97869,41023,0.9214,0.7905
97869,41001,0.0786,0.2095
97877,41023,0.658,0.3823
97877,41001,0.342,0.6177
97880,41059,0.8468,0.8941
97880,41023,0.1532,0.1059
97907,41001,0.7359,0.9707
97907,41045,0.2641,0.0293
97910,41045,0.9238,0.905
97910,16073,0.0762,0.095
97913,41045,0.9986,0.9963
98022,53033,0.6148,0.9436
98022,53053,0.3852,0.0564
98047,53033,0.7089,0.8952
98047,53053,0.2911,0.1048
98068,53037,0.5515,0.4498
98068,53033,0.4485,0.5502
98072,53033,0.7219,0.8558
98072,53061,0.2781,0.1442
98077,53033,0.8533,0.9149
98077,53061,0.1467,0.0851
98092,53033,0.9658,0.9089
98092,53053,0.0342,0.0911
98221,53057,0.924,0.9875
98221,53055,0.076,0.0125
98229,53073,0.9496,0.9926
98229,53057,0.0504,0.0074
98237,53057,0.8465,0.9672
98237,53073,0.1535,0.0328
98241,53061,0.9207,0.8845
98241,53057,0.0793,0.1155
98282,53029,0.9851,0.9922
98282,53061,0.0149,0.0078
98283,53073,0.9585,0.8539
98283,53057,0.0415,0.1461
98284,53057,0.9259,0.9228
98284,53073,0.0741,0.0772
98292,53061,0.9894,0.9981
98292,53057,0.0106,0.0019
98304,53053,0.9838,0.9688
98304,53041,0.0162,0.0312
98312,53035,0.9989,0.9996
98329,53053,0.9899,0.9864
98329,53035,0.0101,0.0136
98331,53031,0.7932,0.1941
98331,53009,0.2068,0.8059
98354,53053,0.7978,0.7106
98354,53033,0.2022,0.2894
98380,53035,0.9355,0.9686
98380,53045,0.0645,0.0314
98382,53009,0.9329,0.9546
98382,53031,0.0671,0.0454
98422,53053,0.9806,0.9795
98422,53033,0.0194,0.0205
98502,53067,0.9943,0.9992
98502,53045,0.0057,0.0008
98528,53045,0.9995,0.9998
98531,53041,0.792,0.8816
98531,53067,0.208,0.1184
98537,53027,0.6678,0.5693
98537,53049,0.3322,0.4307
98541,53027,0.5943,0.8137
98541,53045,0.4057,0.1863
98547,53049,0.616,0.5351
98547,53027,0.384,0.4649
98557,53027,0.9787,0.9882
98557,53045,0.0213,0.0118
98563,53027,0.9989,0.9993
98568,53027,0.9096,0.8592
98568,53041,0.0902,0.1382
98579,53067,0.5899,0.9095
98579,53041,0.4055,0.0899
98601,53011,0.9106,0.9563
98601,53015,0.0894,0.0437
98605,53059,0.9608,0.8615
98605,53039,0.0392,0.1385
98616,53059,0.9813,0.1969
98616,53015,0.0187,0.8031
98621,53049,0.5808,0.3297
98621,53069,0.4192,0.6703
98632,53015,0.9974,0.9998
98638,53049,0.9108,0.7839
98638,53069,0.0892,0.2161
98671,53059,0.504,0.0833
98671,53011,0.496,0.9167
98672,53039,0.9571,0.9687
98672,53059,0.0429,0.0313
98674,53015,0.633,0.61
98674,53011,0.367,0.39
98812,53047,0.7701,0.7434
98812,53017,0.2299,0.2566
98813,53017,0.7781,0.8829
98813,53047,0.2219,0.1171
98816,53007,0.9852,0.994
98816,53047,0.0148,0.006
98823,53025,0.7329,0.9707
98823,53017,0.2671,0.0293
98828,53007,0.911,0.9745
98828,53037,0.089,0.0255
98832,53025,0.6953,0.7972
98832,53043,0.2943,0.2001
98832,53001,0.0104,0.0027
98846,53047,0.9589,0.8166
98846,53007,0.0411,0.1834
98848,53025,0.9775,0.8799
98848,53017,0.0225,0.1201
98857,53025,0.6863,0.9759
98857,53001,0.3137,0.0241
98901,53077,0.9128,0.9896
98901,53037,0.0872,0.0104
98930,53077,0.6221,0.9642
98930,53005,0.3779,0.0358
98944,53005,0.7279,0.0377
98944,53077,0.2721,0.9623
99004,53063,0.9622,0.9955
99004,53075,0.0378,0.0045
99006,53063,0.5468,0.6831
99006,53065,0.407,0.3074
99006,53051,0.0462,0.0095
99008,53043,0.9474,0.6007
99008,53063,0.0526,0.3993
99009,53063,0.6528,0.759
99009,53051,0.3472,0.241
99013,53065,0.7082,0.6922
99013,53063,0.1495,0.2607
99013,53043,0.1423,0.0471
99026,53063,0.7692,0.6204
99026,53065,0.2308,0.3796
99029,53043,0.5463,0.1567
99029,53063,0.4537,0.8433
99032,53043,0.8632,0.7989
99032,53001,0.1205,0.141
99032,53063,0.0163,0.0601
99033,53075,0.82,0.7403
99033,53063,0.1612,0.2195
99033,16009,0.0188,0.0402
99103,53043,0.7616,0.6434
99103,53025,0.2384,0.3566
99110,53065,0.9296,0.8374
99110,53063,0.0704,0.1626
99115,53017,0.6978,0.4808
99115,53025,0.3022,0.5192
99116,53047,0.9777,0.9732
99116,53025,0.0195,0.0253
99122,53043,0.9865,0.9883
99122,53065,0.0135,0.0117
99128,53075,0.9252,0.8992
99128,16057,0.0748,0.1008
99133,53017,0.8207,0.6982
99133,53025,0.1075,0.2191
99133,53043,0.0718,0.0827
99141,53019,0.5328,0.303
99141,53065,0.4672,0.697
99156,53051,0.8937,0.9203
99156,53063,0.1063,0.0797
99159,53043,0.6778,0.6761
99159,53001,0.3222,0.3239
99166,53019,0.9848,0.9939
99166,53047,0.0152,0.0061
99169,53001,0.9271,0.929
99169,53043,0.0729,0.071
99170,53075,0.5721,0.4502
99170,53063,0.4279,0.5498
99326,53021,0.8787,0.9806
99326,53001,0.1213,0.0194
99333,53075,0.8883,0.944
99333,53001,0.1117,0.056
99344,53001,0.6501,0.8109
99344,53025,0.1933,0.1241
99344,53021,0.1566,0.065
99347,53023,0.8861,0.8548
99347,53013,0.0972,0.1326
99347,53075,0.0167,0.0126
99348,53071,0.9587,0.964
99348,53013,0.0413,0.036
99350,53005,0.866,0.9797
99350,53039,0.1256,0.014
99350,53077,0.0084,0.0063
99361,53071,0.6773,0.7747
99361,53013,0.3227,0.2253
99362,53071,0.9155,0.9911
99362,41059,0.0845,0.0089
99371,53001,0.7899,0.7371
99371,53021,0.2101,0.2629
99403,53003,0.7993,0.9934
99403,53023,0.2007,0.0066
99503,02050,0.8374,0.0001
99503,02020,0.1626,0.9999
99588,02066,0.559,0.2275
99588,02170,0.441,0.7725
99613,02164,0.8159,0.0607
99613,02060,0.1841,0.9393
99701,02290,0.9742,0.0017
99701,02090,0.0258,0.9983
99729,02170,0.8936,0.8826
99729,02068,0.1064,0.1174
99737,02240,0.762,0.9155
99737,02066,0.238,0.0845
99738,02240,0.5843,0.8833
99738,02290,0.4157,0.1167
99760,02290,0.556,0.1452
99760,02068,0.433,0.3358
99760,02090,0.011,0.519
99780,02240,0.9466,0.9549
99780,02066,0.0534,0.0451
99827,02100,0.5536,0.7595
99827,02105,0.4464,0.2405
99833,02195,0.6507,0.8134
99833,02198,0.3493,0.1866
99901,02130,0.8648,0.9881
99901,02198,0.1352,0.0119
