cd_geoid,pop55,n_tracts,pct_zero_trials_within_60rdmi,pct_lt20_trials_within_60rdmi,pct_lt100_trials_within_60rdmi,pct_in_zero_trial_county,pct_gt60rdmi_broad_menu,pct_gt120rdmi_broad_menu,pct_gt60rdmi_limited_menu,pct_gt60rdmi_nci,pct_gt120rdmi_nci,pct_no_road_route_broad,pct_no_road_route_nci,median_road_mi_nci,median_road_mi_broad_menu,median_road_mi_limited_menu,wmean_trials_within_60rdmi,wmean_trials_within_30rdmi,wmean_trials_within_120rdmi,wmean_trials_in_own_county,modal_nearest_nci,modal_nearest_broad,wmean_t60_cancer_type_bladder_urothelial,wmean_t60_cancer_type_brain_cns,wmean_t60_cancer_type_breast,wmean_t60_cancer_type_colorectal,wmean_t60_cancer_type_gastric_esophageal,wmean_t60_cancer_type_gynecologic,wmean_t60_cancer_type_head_neck,wmean_t60_cancer_type_kidney,wmean_t60_cancer_type_leukemia,wmean_t60_cancer_type_liver_biliary,wmean_t60_cancer_type_lung,wmean_t60_cancer_type_lymphoma,wmean_t60_cancer_type_mds_mpn,wmean_t60_cancer_type_melanoma_skin,wmean_t60_cancer_type_myeloma,wmean_t60_cancer_type_neuroendocrine_endocrine,wmean_t60_cancer_type_other_named,wmean_t60_cancer_type_pancreatic,wmean_t60_cancer_type_prostate,wmean_t60_cancer_type_sarcoma,wmean_t60_cancer_type_multi,wmean_t60_cancer_type_other_unclassified,wmean_t60_phase_1,wmean_t60_phase_1-2,wmean_t60_phase_2,wmean_t60_phase_2-3,wmean_t60_phase_3,wmean_t60_phase_4,wmean_t60_phase_NA,wmean_t60_sponsor_academic_other,wmean_t60_sponsor_industry,wmean_t60_sponsor_nih_federal,state_fips,cd
0101,240916,188,7.1,44.4,100.0,30.0,100.0,100.0,42.3,100.0,100.0,0.0,0.0,232.0,232.0,0.0,30.0,16.0,51.0,14.0,O'Neal Comprehensive Cancer Center (UAB),"Jefferson, Alabama",1.0,0.0,6.0,2.0,0.0,4.0,1.0,0.0,1.0,0.0,11.0,3.0,0.0,1.0,1.0,1.0,0.0,1.0,1.0,0.0,3.0,0.0,0.0,1.0,8.0,2.0,19.0,1.0,1.0,8.0,21.0,1.0,01,01
0102,213157,266,12.9,63.4,100.0,34.8,100.0,64.3,63.4,100.0,63.8,0.0,0.0,153.0,154.0,91.0,18.0,16.0,112.0,12.0,O'Neal Comprehensive Cancer Center (UAB),"Jefferson, Alabama",0.0,0.0,3.0,1.0,0.0,2.0,0.0,0.0,1.0,0.0,6.0,2.0,0.0,1.0,1.0,0.0,0.0,1.0,0.0,0.0,1.0,0.0,0.0,0.0,5.0,1.0,11.0,0.0,0.0,5.0,13.0,1.0,01,02
0103,223658,210,19.7,63.5,69.2,100.0,69.9,2.3,62.9,68.4,1.2,0.0,0.0,70.0,72.0,65.0,53.0,9.0,424.0,0.0,O'Neal Comprehensive Cancer Center (UAB),"Jefferson, Alabama",3.0,2.0,7.0,2.0,1.0,8.0,2.0,1.0,7.0,2.0,7.0,3.0,3.0,1.0,6.0,1.0,0.0,3.0,2.0,3.0,14.0,1.0,10.0,9.0,16.0,2.0,13.0,0.0,2.0,16.0,33.0,4.0,01,03
0104,232527,212,33.1,57.0,66.2,88.6,65.2,3.1,55.5,65.6,3.7,0.0,0.0,71.0,72.0,65.0,61.0,3.0,253.0,0.0,O'Neal Comprehensive Cancer Center (UAB),"Jefferson, Alabama",3.0,2.0,8.0,3.0,1.0,8.0,2.0,1.0,8.0,2.0,8.0,3.0,4.0,1.0,6.0,1.0,0.0,3.0,2.0,3.0,15.0,1.0,11.0,11.0,19.0,2.0,15.0,0.0,2.0,18.0,38.0,5.0,01,04
0105,223619,181,0.8,95.7,100.0,47.7,100.0,1.0,96.8,100.0,1.0,0.0,0.0,96.0,97.0,95.0,13.0,8.0,539.0,6.0,O'Neal Comprehensive Cancer Center (UAB),"Jefferson, Alabama",1.0,0.0,1.0,1.0,0.0,0.0,0.0,0.0,0.0,0.0,5.0,0.0,0.0,0.0,1.0,0.0,0.0,1.0,2.0,0.0,0.0,0.0,0.0,1.0,5.0,0.0,7.0,0.0,0.0,0.0,13.0,0.0,01,05
0106,209885,194,0.8,26.3,26.3,33.0,27.0,0.0,27.0,26.3,0.0,0.0,0.0,22.0,21.0,21.0,122.0,100.0,176.0,58.0,O'Neal Comprehensive Cancer Center (UAB),"Jefferson, Alabama",7.0,4.0,15.0,5.0,3.0,18.0,4.0,3.0,16.0,4.0,14.0,6.0,8.0,2.0,13.0,1.0,1.0,6.0,4.0,7.0,32.0,1.0,24.0,22.0,38.0,5.0,28.0,1.0,4.0,37.0,75.0,10.0,01,06
0107,207666,252,16.2,25.5,28.9,27.8,28.9,10.4,25.5,28.9,10.4,0.0,0.0,20.0,0.0,0.0,118.0,96.0,169.0,94.0,O'Neal Comprehensive Cancer Center (UAB),"Jefferson, Alabama",6.0,4.0,15.0,6.0,3.0,17.0,4.0,3.0,16.0,4.0,14.0,6.0,8.0,2.0,13.0,1.0,1.0,6.0,4.0,6.0,31.0,1.0,23.0,21.0,37.0,5.0,28.0,1.0,4.0,36.0,72.0,10.0,01,07
0200,187882,177,49.1,49.5,100.0,62.1,100.0,100.0,49.5,100.0,100.0,100.0,100.0,999.0,999.0,56.0,27.0,20.0,28.0,20.0,NO ROAD CONNECTION,NO ROAD CONNECTION,1.0,1.0,4.0,0.0,2.0,5.0,1.0,1.0,0.0,0.0,7.0,3.0,0.0,1.0,1.0,1.0,1.0,2.0,2.0,1.0,4.0,0.0,1.0,0.0,8.0,2.0,18.0,0.0,0.0,13.0,11.0,4.0,02,00
0401,286323,209,0.0,0.0,0.0,0.0,0.0,0.0,0.0,1.0,0.0,0.0,0.0,25.0,0.0,0.0,359.0,227.0,380.0,361.0,Mayo Clinic Cancer Center – Phoenix,"Maricopa, Arizona",19.0,19.0,48.0,38.0,15.0,29.0,19.0,16.0,18.0,16.0,60.0,29.0,9.0,21.0,26.0,10.0,12.0,25.0,35.0,19.0,96.0,2.0,77.0,58.0,76.0,12.0,127.0,3.0,6.0,90.0,253.0,16.0,04,01
0402,295978,238,36.5,81.0,86.4,27.1,87.2,50.2,87.0,89.6,50.1,0.7,0.7,120.0,120.0,120.0,42.0,3.0,171.0,2.0,Mayo Clinic Cancer Center – Phoenix,"Maricopa, Arizona",3.0,2.0,6.0,5.0,1.0,3.0,3.0,2.0,2.0,1.0,7.0,3.0,1.0,3.0,3.0,1.0,1.0,3.0,4.0,2.0,10.0,0.0,8.0,7.0,8.0,2.0,15.0,0.0,1.0,10.0,29.0,2.0,04,02
0403,142709,193,0.0,0.0,0.0,0.0,0.0,0.0,0.0,0.0,0.0,0.0,0.0,15.0,0.0,0.0,360.0,219.0,400.0,361.0,Mayo Clinic Cancer Center – Phoenix,"Maricopa, Arizona",20.0,19.0,48.0,38.0,15.0,29.0,19.0,16.0,18.0,16.0,60.0,29.0,9.0,21.0,26.0,10.0,12.0,25.0,35.0,19.0,97.0,2.0,78.0,58.0,76.0,12.0,127.0,3.0,6.0,90.0,254.0,16.0,04,03
0404,208220,197,0.0,0.0,0.0,0.0,0.0,0.0,0.0,0.0,0.0,0.0,0.0,31.0,0.0,0.0,363.0,259.0,429.0,361.0,Mayo Clinic Cancer Center – Phoenix,"Maricopa, Arizona",21.0,19.0,48.0,38.0,15.0,29.0,19.0,16.0,18.0,16.0,61.0,29.0,9.0,21.0,26.0,10.0,12.0,25.0,35.0,19.0,97.0,2.0,78.0,58.0,77.0,12.0,129.0,3.0,6.0,90.0,257.0,16.0,04,04
0405,225137,184,0.0,0.0,1.5,0.0,1.5,0.0,1.5,6.2,0.0,0.0,0.0,44.0,0.0,0.0,342.0,119.0,428.0,278.0,Mayo Clinic Cancer Center – Phoenix,"Maricopa, Arizona",20.0,18.0,46.0,36.0,14.0,28.0,18.0,15.0,17.0,15.0,56.0,26.0,9.0,20.0,24.0,10.0,12.0,24.0,33.0,18.0,92.0,2.0,74.0,55.0,72.0,11.0,121.0,3.0,6.0,86.0,242.0,15.0,04,05
0406,304232,237,16.4,18.6,19.1,16.3,19.2,4.6,19.2,20.9,4.3,0.0,0.0,27.0,0.0,0.0,98.0,75.0,207.0,86.0,University of Arizona Cancer Center,"Pima, Arizona",7.0,2.0,14.0,8.0,3.0,8.0,8.0,6.0,7.0,6.0,17.0,8.0,1.0,4.0,3.0,3.0,3.0,5.0,11.0,2.0,20.0,2.0,10.0,13.0,21.0,6.0,47.0,1.0,0.0,20.0,67.0,12.0,04,06
0407,209502,244,45.8,46.7,47.5,24.9,24.9,16.0,24.9,47.0,33.7,0.0,0.0,54.0,0.0,0.0,89.0,50.0,152.0,115.0,University of Arizona Cancer Center,"Pima, Arizona",5.0,3.0,12.0,8.0,3.0,7.0,6.0,5.0,6.0,5.0,15.0,7.0,1.0,5.0,4.0,3.0,3.0,5.0,10.0,3.0,21.0,1.0,13.0,13.0,19.0,5.0,38.0,1.0,1.0,20.0,61.0,8.0,04,07
0408,283245,186,0.0,0.0,0.0,0.0,0.0,0.0,0.0,0.0,0.0,0.0,0.0,19.0,0.0,0.0,360.0,196.0,364.0,361.0,Mayo Clinic Cancer Center – Phoenix,"Maricopa, Arizona",19.0,19.0,48.0,38.0,15.0,29.0,19.0,16.0,18.0,16.0,61.0,29.0,9.0,21.0,26.0,10.0,12.0,25.0,35.0,19.0,97.0,2.0,78.0,58.0,76.0,12.0,127.0,3.0,6.0,90.0,254.0,16.0,04,08
0409,274309,218,30.4,44.5,57.7,15.3,53.3,53.1,15.3,56.8,54.9,0.7,0.7,167.0,164.0,0.0,147.0,45.0,189.0,177.0,Mayo Clinic Cancer Center – Phoenix,"Maricopa, Arizona",8.0,8.0,20.0,15.0,6.0,12.0,7.0,7.0,7.0,6.0,25.0,11.0,3.0,8.0,11.0,4.0,5.0,10.0,14.0,8.0,38.0,1.0,30.0,23.0,31.0,5.0,54.0,1.0,2.0,39.0,101.0,7.0,04,09
0501,241304,229,36.4,46.7,92.5,86.9,90.7,51.8,44.3,88.3,50.1,0.0,0.0,121.0,124.0,55.0,31.0,12.0,112.0,5.0,St. Jude Children's Research Hospital,"Shelby, Tennessee",2.0,0.0,5.0,2.0,1.0,2.0,2.0,1.0,2.0,0.0,8.0,1.0,0.0,1.0,1.0,1.0,1.0,2.0,1.0,0.0,3.0,0.0,1.0,2.0,9.0,2.0,17.0,0.0,1.0,13.0,12.0,5.0,05,01
0502,223586,203,5.7,16.8,100.0,23.0,100.0,95.9,15.6,100.0,94.0,0.0,0.0,151.0,154.0,21.0,76.0,51.0,100.0,41.0,St. Jude Children's Research Hospital,"Shelby, Tennessee",8.0,1.0,8.0,2.0,2.0,13.0,6.0,2.0,4.0,0.0,13.0,5.0,1.0,5.0,4.0,2.0,3.0,3.0,4.0,2.0,13.0,0.0,5.0,4.0,26.0,4.0,34.0,1.0,2.0,30.0,34.0,12.0,05,02
0503,197406,168,0.0,0.8,100.0,17.9,100.0,100.0,2.5,100.0,100.0,0.0,0.0,212.0,205.0,0.0,56.0,40.0,108.0,30.0,Stephenson Cancer Center (Oklahoma),"Oklahoma, Oklahoma",4.0,1.0,8.0,4.0,1.0,4.0,3.0,2.0,2.0,0.0,15.0,3.0,0.0,2.0,4.0,2.0,1.0,3.0,5.0,1.0,8.0,0.0,6.0,4.0,8.0,5.0,32.0,0.0,0.0,15.0,35.0,7.0,05,03
0504,246560,240,33.1,61.9,100.0,71.4,100.0,100.0,64.1,100.0,100.0,0.0,0.0,208.0,212.0,75.0,28.0,5.0,90.0,4.0,St. Jude Children's Research Hospital,"Shelby, Tennessee",3.0,0.0,3.0,1.0,1.0,4.0,2.0,1.0,1.0,0.0,5.0,2.0,0.0,2.0,2.0,1.0,1.0,1.0,1.0,1.0,4.0,0.0,2.0,1.0,9.0,2.0,13.0,0.0,1.0,11.0,13.0,4.0,05,04
0601,235914,198,40.8,77.6,81.8,67.2,83.5,48.7,78.5,81.8,47.7,0.0,0.0,112.0,116.0,98.0,35.0,5.0,99.0,3.0,UC Davis Comprehensive Cancer Center,"Sacramento, California",2.0,1.0,5.0,2.0,1.0,2.0,2.0,1.0,3.0,1.0,7.0,3.0,1.0,0.0,1.0,0.0,1.0,3.0,4.0,1.0,6.0,0.0,5.0,3.0,9.0,2.0,15.0,0.0,1.0,17.0,11.0,7.0,06,01
0602,282733,210,30.6,30.6,45.4,33.1,49.6,30.4,32.9,45.8,30.4,0.0,0.0,57.0,60.0,0.0,190.0,70.0,357.0,35.0,UCSF Helen Diller Family Comprehensive Cancer Center,"San Francisco, California",8.0,7.0,26.0,14.0,9.0,16.0,11.0,6.0,11.0,9.0,37.0,14.0,4.0,14.0,8.0,4.0,6.0,11.0,21.0,7.0,48.0,2.0,33.0,32.0,48.0,11.0,61.0,1.0,5.0,59.0,118.0,13.0,06,02
0603,273319,204,6.9,10.1,49.1,8.4,55.2,8.6,11.2,48.6,8.4,0.0,0.0,59.0,63.0,0.0,103.0,53.0,206.0,53.0,UC Davis Comprehensive Cancer Center,"Sacramento, California",5.0,4.0,14.0,6.0,2.0,8.0,7.0,4.0,7.0,2.0,22.0,8.0,4.0,1.0,4.0,1.0,2.0,9.0,11.0,3.0,17.0,0.0,15.0,8.0,27.0,5.0,46.0,0.0,3.0,49.0,33.0,20.0,06,03
0604,233066,202,1.9,9.4,21.8,11.2,34.1,3.6,11.2,21.9,0.9,0.0,0.0,53.0,56.0,0.0,144.0,63.0,445.0,42.0,UCSF Helen Diller Family Comprehensive Cancer Center,"San Francisco, California",8.0,4.0,22.0,10.0,7.0,13.0,9.0,5.0,7.0,5.0,34.0,9.0,2.0,7.0,4.0,3.0,5.0,11.0,16.0,5.0,29.0,1.0,18.0,15.0,36.0,9.0,62.0,1.0,4.0,52.0,74.0,18.0,06,04
0605,262328,204,10.2,14.7,75.7,26.7,75.7,25.2,14.1,75.7,26.6,0.0,0.0,79.0,83.0,21.0,65.0,30.0,238.0,21.0,UC Davis Comprehensive Cancer Center,"Sacramento, California",3.0,2.0,9.0,3.0,2.0,4.0,5.0,3.0,4.0,1.0,13.0,4.0,2.0,1.0,3.0,1.0,2.0,5.0,8.0,2.0,9.0,0.0,7.0,4.0,16.0,4.0,32.0,0.0,2.0,33.0,18.0,14.0,06,05
0606,202023,177,0.0,0.0,0.0,0.0,0.0,0.0,0.0,0.0,0.0,0.0,0.0,12.0,0.0,0.0,161.0,156.0,316.0,156.0,UC Davis Comprehensive Cancer Center,"Sacramento, California",10.0,6.0,20.0,8.0,3.0,12.0,12.0,6.0,11.0,3.0,35.0,14.0,7.0,2.0,6.0,1.0,4.0,15.0,18.0,4.0,31.0,0.0,29.0,15.0,42.0,7.0,61.0,0.0,6.0,72.0,59.0,30.0,06,06
0607,199955,183,0.0,0.0,0.0,0.0,0.0,0.0,0.0,0.0,0.0,0.0,0.0,9.0,0.0,0.0,162.0,153.0,333.0,148.0,UC Davis Comprehensive Cancer Center,"Sacramento, California",10.0,6.0,20.0,8.0,3.0,12.0,13.0,6.0,11.0,3.0,35.0,14.0,7.0,2.0,6.0,1.0,4.0,15.0,18.0,4.0,31.0,0.0,29.0,15.0,42.0,7.0,61.0,0.0,7.0,72.0,59.0,30.0,06,07
0608,212610,185,0.0,0.0,4.9,0.0,4.9,0.0,0.0,3.8,0.0,0.0,0.0,43.0,40.0,0.0,278.0,93.0,522.0,48.0,UCSF Helen Diller Family Comprehensive Cancer Center,"San Francisco, California",13.0,9.0,41.0,19.0,12.0,26.0,17.0,8.0,18.0,10.0,57.0,21.0,8.0,17.0,9.0,5.0,9.0,17.0,31.0,11.0,65.0,1.0,49.0,40.0,67.0,15.0,99.0,1.0,8.0,83.0,171.0,24.0,06,08
0609,190309,179,0.0,0.0,32.3,0.0,24.3,0.0,0.0,29.6,0.0,0.0,0.0,51.0,54.0,0.0,132.0,31.0,458.0,25.0,UC Davis Comprehensive Cancer Center,"Sacramento, California",7.0,5.0,17.0,6.0,4.0,10.0,10.0,5.0,8.0,2.0,29.0,10.0,5.0,2.0,5.0,1.0,3.0,11.0,14.0,3.0,22.0,0.0,19.0,10.0,34.0,7.0,57.0,0.0,5.0,59.0,48.0,24.0,06,09
0610,227095,165,0.0,0.0,6.9,0.0,10.5,0.0,0.0,5.9,0.0,0.0,0.0,46.0,40.0,0.0,256.0,62.0,526.0,48.0,UCSF Helen Diller Family Comprehensive Cancer Center,"San Francisco, California",11.0,8.0,39.0,16.0,10.0,24.0,15.0,7.0,17.0,8.0,51.0,19.0,7.0,16.0,8.0,5.0,8.0,13.0,27.0,10.0,58.0,0.0,44.0,34.0,59.0,15.0,96.0,1.0,8.0,73.0,161.0,22.0,06,10
0611,207726,220,0.0,0.0,0.0,0.0,0.0,0.0,0.0,0.0,0.0,0.0,0.0,8.0,0.0,0.0,430.0,172.0,526.0,250.0,UCSF Helen Diller Family Comprehensive Cancer Center,"San Francisco, California",16.0,20.0,54.0,27.0,17.0,36.0,23.0,12.0,32.0,18.0,72.0,38.0,15.0,32.0,22.0,10.0,11.0,22.0,46.0,17.0,112.0,4.0,87.0,78.0,110.0,22.0,118.0,1.0,13.0,131.0,274.0,25.0,06,11
0612,199895,202,0.0,0.0,0.0,0.0,0.0,0.0,0.0,0.0,0.0,0.0,0.0,22.0,16.0,0.0,356.0,170.0,526.0,53.0,UCSF Helen Diller Family Comprehensive Cancer Center,"San Francisco, California",13.0,12.0,49.0,21.0,14.0,33.0,19.0,9.0,29.0,15.0,64.0,31.0,14.0,24.0,13.0,7.0,9.0,18.0,36.0,15.0,91.0,1.0,72.0,56.0,84.0,20.0,114.0,1.0,10.0,97.0,235.0,24.0,06,12
0613,165268,183,3.1,15.7,100.0,0.0,99.5,23.9,9.2,100.0,31.6,0.0,0.0,106.0,108.0,24.0,42.0,16.0,254.0,21.0,UC Davis Comprehensive Cancer Center,"Santa Clara, California",1.0,2.0,6.0,1.0,2.0,2.0,3.0,2.0,2.0,0.0,7.0,2.0,0.0,0.0,3.0,1.0,1.0,3.0,5.0,2.0,3.0,0.0,0.0,0.0,10.0,3.0,28.0,0.0,0.0,26.0,6.0,10.0,06,13
0614,212281,165,0.0,0.0,0.7,0.0,0.0,0.0,0.0,0.7,0.0,0.0,0.0,29.0,27.0,0.0,339.0,130.0,526.0,53.0,Stanford Cancer Institute,"Santa Clara, California",13.0,11.0,48.0,20.0,14.0,32.0,19.0,9.0,28.0,14.0,62.0,29.0,14.0,23.0,11.0,6.0,8.0,17.0,34.0,14.0,86.0,0.0,68.0,52.0,77.0,19.0,112.0,1.0,9.0,88.0,227.0,24.0,06,14
0615,220161,181,0.0,0.0,0.0,0.0,0.0,0.0,0.0,0.0,0.0,0.0,0.0,11.0,16.0,0.0,378.0,284.0,525.0,78.0,UCSF Helen Diller Family Comprehensive Cancer Center,"San Francisco, California",14.0,16.0,51.0,23.0,14.0,33.0,20.0,11.0,30.0,16.0,65.0,33.0,15.0,27.0,16.0,8.0,9.0,19.0,40.0,15.0,97.0,2.0,78.0,64.0,91.0,20.0,113.0,1.0,11.0,107.0,246.0,25.0,06,15
0616,224650,199,0.0,0.0,0.0,0.0,0.0,0.0,0.0,0.0,0.0,0.0,0.0,19.0,0.0,0.0,334.0,229.0,468.0,186.0,Stanford Cancer Institute,"Santa Clara, California",13.0,11.0,47.0,20.0,13.0,31.0,18.0,9.0,28.0,14.0,60.0,28.0,14.0,23.0,11.0,6.0,8.0,17.0,34.0,14.0,87.0,0.0,69.0,53.0,77.0,18.0,107.0,1.0,9.0,88.0,222.0,24.0,06,16
0617,182434,179,0.0,0.0,0.0,0.0,0.0,0.0,0.0,0.0,0.0,0.0,0.0,17.0,0.0,0.0,336.0,221.0,488.0,192.0,Stanford Cancer Institute,"Santa Clara, California",13.0,11.0,47.0,20.0,14.0,31.0,18.0,9.0,28.0,14.0,61.0,29.0,14.0,23.0,11.0,6.0,8.0,17.0,34.0,14.0,87.0,0.0,69.0,52.0,76.0,19.0,111.0,1.0,9.0,87.0,225.0,24.0,06,17
0618,170388,185,1.3,8.8,40.7,9.8,20.0,0.8,19.2,41.7,2.5,0.0,0.0,55.0,42.0,42.0,182.0,79.0,386.0,113.0,Stanford Cancer Institute,"Santa Clara, California",6.0,6.0,25.0,9.0,8.0,17.0,10.0,6.0,16.0,8.0,31.0,16.0,8.0,11.0,6.0,3.0,4.0,9.0,18.0,8.0,44.0,0.0,35.0,25.0,40.0,12.0,65.0,0.0,5.0,56.0,108.0,18.0,06,18
0619,244356,219,0.0,1.3,36.9,0.0,34.3,14.0,20.3,37.7,14.5,0.0,0.0,44.0,32.0,23.0,182.0,77.0,353.0,87.0,Stanford Cancer Institute,"Santa Clara, California",6.0,6.0,25.0,10.0,7.0,17.0,10.0,6.0,16.0,8.0,29.0,16.0,9.0,12.0,7.0,4.0,4.0,9.0,18.0,8.0,46.0,0.0,36.0,26.0,40.0,11.0,63.0,0.0,5.0,56.0,109.0,17.0,06,19
0620,202196,228,7.9,10.9,100.0,6.1,100.0,62.0,2.8,100.0,62.3,0.0,0.0,160.0,155.0,0.0,31.0,17.0,313.0,23.0,USC Norris Comprehensive Cancer Center,"Los Angeles, California",6.0,0.0,4.0,2.0,2.0,1.0,1.0,1.0,2.0,0.0,5.0,2.0,0.0,1.0,1.0,0.0,1.0,1.0,3.0,1.0,3.0,0.0,1.0,2.0,6.0,2.0,19.0,0.0,0.0,10.0,15.0,5.0,06,20
0621,156024,184,0.0,5.6,100.0,0.0,100.0,100.0,0.8,100.0,100.0,0.0,0.0,174.0,156.0,0.0,41.0,28.0,78.0,32.0,Stanford Cancer Institute,"Santa Clara, California",3.0,0.0,6.0,2.0,3.0,3.0,3.0,1.0,4.0,0.0,9.0,4.0,0.0,2.0,2.0,1.0,2.0,2.0,6.0,2.0,4.0,0.0,1.0,1.0,9.0,4.0,27.0,0.0,0.0,17.0,15.0,9.0,06,21
0622,144548,204,1.9,12.0,100.0,12.6,100.0,61.1,17.4,100.0,61.9,0.0,0.0,131.0,131.0,0.0,25.0,12.0,321.0,15.0,USC Norris Comprehensive Cancer Center,"Los Angeles, California",8.0,1.0,3.0,3.0,1.0,0.0,0.0,0.0,0.0,0.0,3.0,1.0,0.0,1.0,0.0,0.0,0.0,1.0,1.0,0.0,3.0,0.0,1.0,3.0,4.0,1.0,15.0,0.0,0.0,6.0,16.0,3.0,06,22
0623,197718,197,19.2,22.0,68.5,0.0,87.7,13.9,0.0,72.1,13.2,0.0,0.0,67.0,84.0,0.0,184.0,11.0,921.0,78.0,City of Hope,"Orange, California",11.0,4.0,23.0,13.0,12.0,14.0,9.0,7.0,22.0,6.0,32.0,26.0,9.0,7.0,8.0,3.0,4.0,9.0,12.0,5.0,48.0,2.0,50.0,27.0,45.0,7.0,52.0,0.0,3.0,64.0,101.0,18.0,06,23
0624,226095,198,0.5,0.5,87.2,0.0,100.0,53.8,16.8,95.2,53.0,0.0,0.0,130.0,133.0,0.0,89.0,22.0,490.0,26.0,USC Norris Comprehensive Cancer Center,"Los Angeles, California",5.0,3.0,14.0,9.0,5.0,10.0,6.0,4.0,3.0,2.0,20.0,4.0,1.0,4.0,4.0,2.0,2.0,6.0,10.0,4.0,23.0,0.0,14.0,13.0,22.0,3.0,35.0,0.0,2.0,30.0,54.0,4.0,06,24
0625,211181,200,27.6,53.3,99.8,20.1,100.0,39.1,20.1,99.8,31.2,0.0,0.0,113.0,115.0,0.0,36.0,10.0,624.0,42.0,City of Hope,"Orange, California",4.0,0.0,7.0,1.0,2.0,3.0,1.0,2.0,1.0,0.0,8.0,2.0,1.0,2.0,0.0,0.0,1.0,1.0,3.0,1.0,4.0,0.0,1.0,2.0,8.0,2.0,21.0,0.0,2.0,16.0,14.0,6.0,06,25
0626,226561,179,0.0,0.5,5.3,0.0,23.4,0.0,23.4,7.3,0.0,0.0,0.0,45.0,48.0,48.0,710.0,74.0,1065.0,72.0,USC Norris Comprehensive Cancer Center,"Los Angeles, California",40.0,27.0,96.0,70.0,40.0,70.0,48.0,28.0,56.0,29.0,145.0,60.0,20.0,39.0,33.0,16.0,12.0,43.0,64.0,38.0,227.0,4.0,179.0,141.0,179.0,26.0,167.0,2.0,18.0,176.0,490.0,44.0,06,26
0627,191766,176,0.0,0.0,36.3,0.0,0.0,0.0,0.0,54.2,0.0,0.0,0.0,62.0,0.0,0.0,499.0,149.0,1063.0,924.0,USC Norris Comprehensive Cancer Center,"Los Angeles, California",28.0,18.0,65.0,47.0,28.0,47.0,32.0,19.0,45.0,20.0,97.0,49.0,16.0,26.0,24.0,11.0,9.0,29.0,44.0,24.0,156.0,3.0,129.0,94.0,126.0,19.0,118.0,1.0,12.0,135.0,329.0,35.0,06,27
0628,251710,196,0.0,0.0,0.0,0.0,1.2,0.0,0.0,0.0,0.0,0.0,0.0,16.0,0.0,0.0,1046.0,793.0,1135.0,830.0,City of Hope,"Los Angeles, California",57.0,36.0,131.0,95.0,64.0,96.0,65.0,39.0,97.0,50.0,201.0,108.0,37.0,53.0,49.0,24.0,18.0,67.0,87.0,49.0,334.0,7.0,287.0,205.0,265.0,36.0,228.0,4.0,23.0,281.0,697.0,68.0,06,28
0629,176962,206,0.0,0.0,0.0,0.0,0.0,0.0,0.0,0.0,0.0,0.0,0.0,22.0,0.0,0.0,1036.0,727.0,1077.0,924.0,USC Norris Comprehensive Cancer Center,"Los Angeles, California",58.0,36.0,130.0,96.0,63.0,95.0,64.0,38.0,98.0,49.0,199.0,107.0,36.0,52.0,50.0,23.0,18.0,66.0,86.0,50.0,331.0,7.0,284.0,204.0,263.0,36.0,225.0,4.0,22.0,277.0,691.0,68.0,06,29
0630,215203,230,0.0,0.0,0.0,0.0,0.0,0.0,0.0,0.0,0.0,0.0,0.0,18.0,0.0,0.0,1051.0,884.0,1127.0,924.0,USC Norris Comprehensive Cancer Center,"Los Angeles, California",58.0,37.0,132.0,96.0,64.0,97.0,65.0,39.0,98.0,50.0,202.0,109.0,37.0,53.0,50.0,24.0,18.0,67.0,87.0,50.0,337.0,7.0,289.0,207.0,265.0,36.0,228.0,4.0,22.0,280.0,702.0,69.0,06,30
0631,211875,179,0.0,0.0,0.0,0.0,0.0,0.0,0.0,0.0,0.0,0.0,0.0,10.0,0.0,0.0,1058.0,705.0,1137.0,924.0,City of Hope,"Los Angeles, California",58.0,37.0,132.0,96.0,65.0,97.0,65.0,39.0,98.0,50.0,203.0,109.0,38.0,54.0,50.0,24.0,18.0,68.0,88.0,50.0,337.0,7.0,289.0,207.0,268.0,36.0,231.0,4.0,23.0,284.0,705.0,69.0,06,31
0632,234483,232,0.0,0.0,0.0,0.0,0.0,0.0,0.0,0.0,0.0,0.0,0.0,20.0,0.0,0.0,1025.0,656.0,1078.0,922.0,USC Norris Comprehensive Cancer Center,"Los Angeles, California",58.0,36.0,128.0,95.0,62.0,94.0,64.0,38.0,97.0,48.0,197.0,106.0,36.0,52.0,49.0,23.0,18.0,65.0,85.0,50.0,327.0,7.0,280.0,202.0,260.0,35.0,223.0,3.0,21.0,275.0,682.0,68.0,06,32
0633,158294,166,0.0,0.0,0.0,0.0,12.6,0.0,0.0,0.0,0.0,0.0,0.0,39.0,53.0,0.0,737.0,122.0,1137.0,56.0,City of Hope,"Orange, California",44.0,20.0,91.0,66.0,49.0,64.0,47.0,27.0,80.0,37.0,136.0,89.0,33.0,35.0,36.0,15.0,14.0,46.0,53.0,30.0,217.0,6.0,208.0,134.0,176.0,26.0,180.0,3.0,10.0,205.0,475.0,57.0,06,33
0634,180382,239,0.0,0.0,0.0,0.0,0.0,0.0,0.0,0.0,0.0,0.0,0.0,14.0,0.0,0.0,1055.0,959.0,1144.0,924.0,USC Norris Comprehensive Cancer Center,"Los Angeles, California",58.0,37.0,132.0,96.0,64.0,97.0,65.0,39.0,98.0,50.0,202.0,109.0,37.0,54.0,50.0,24.0,18.0,67.0,88.0,50.0,337.0,7.0,289.0,207.0,267.0,36.0,230.0,4.0,22.0,282.0,704.0,69.0,06,34
0635,164146,169,0.0,0.0,0.0,0.0,0.0,0.0,0.0,0.0,0.0,0.0,0.0,23.0,34.0,0.0,1017.0,440.0,1137.0,238.0,City of Hope,"Orange, California",57.0,35.0,127.0,92.0,63.0,93.0,63.0,37.0,95.0,48.0,194.0,107.0,37.0,52.0,49.0,23.0,17.0,65.0,84.0,47.0,321.0,7.0,278.0,197.0,255.0,35.0,226.0,4.0,22.0,272.0,678.0,67.0,06,35
0636,221378,202,0.0,0.0,0.0,0.0,0.0,0.0,0.0,0.0,0.0,0.0,0.0,10.0,0.0,0.0,1052.0,679.0,1136.0,924.0,USC Norris Comprehensive Cancer Center,"Los Angeles, California",58.0,37.0,132.0,96.0,64.0,97.0,65.0,39.0,98.0,50.0,202.0,109.0,37.0,53.0,50.0,24.0,18.0,67.0,87.0,50.0,337.0,7.0,289.0,207.0,266.0,36.0,228.0,4.0,22.0,280.0,703.0,69.0,06,36
0637,173196,209,0.0,0.0,0.0,0.0,0.0,0.0,0.0,0.0,0.0,0.0,0.0,9.0,0.0,0.0,1053.0,871.0,1143.0,924.0,USC Norris Comprehensive Cancer Center,"Los Angeles, California",58.0,37.0,132.0,96.0,64.0,97.0,65.0,39.0,98.0,50.0,202.0,109.0,37.0,54.0,50.0,24.0,18.0,67.0,88.0,50.0,337.0,7.0,289.0,207.0,266.0,36.0,229.0,4.0,22.0,280.0,704.0,69.0,06,37
0638,221403,181,0.0,0.0,0.0,0.0,0.0,0.0,0.0,0.0,0.0,0.0,0.0,17.0,0.0,0.0,1057.0,830.0,1138.0,885.0,City of Hope,"Los Angeles, California",58.0,37.0,132.0,96.0,65.0,97.0,65.0,39.0,98.0,50.0,203.0,109.0,37.0,54.0,50.0,24.0,18.0,68.0,88.0,50.0,337.0,7.0,289.0,207.0,268.0,36.0,230.0,4.0,23.0,284.0,704.0,69.0,06,38
0639,156610,181,0.0,0.0,0.1,0.0,7.1,0.0,0.0,1.6,0.0,0.0,0.0,42.0,47.0,0.0,699.0,60.0,1137.0,52.0,Chao Family Comprehensive Cancer Center (UC Irvine),"Orange, California",42.0,18.0,86.0,60.0,47.0,59.0,43.0,25.0,77.0,34.0,126.0,88.0,32.0,33.0,33.0,14.0,13.0,42.0,50.0,25.0,203.0,5.0,197.0,124.0,165.0,25.0,175.0,3.0,10.0,194.0,450.0,55.0,06,39
0640,241531,184,0.0,0.0,0.0,0.0,0.0,0.0,0.0,0.0,0.0,0.0,0.0,18.0,0.0,0.0,960.0,425.0,1137.0,379.0,Chao Family Comprehensive Cancer Center (UC Irvine),"Orange, California",55.0,31.0,123.0,87.0,60.0,88.0,61.0,36.0,89.0,46.0,184.0,101.0,35.0,50.0,45.0,22.0,17.0,61.0,78.0,43.0,303.0,6.0,263.0,186.0,237.0,33.0,219.0,4.0,18.0,251.0,644.0,66.0,06,40
0641,259878,221,0.8,15.1,55.3,0.0,53.9,7.8,0.0,57.5,1.6,0.0,0.0,63.0,61.0,0.0,321.0,54.0,975.0,52.0,Chao Family Comprehensive Cancer Center (UC Irvine),"Orange, California",20.0,8.0,44.0,26.0,21.0,27.0,19.0,12.0,30.0,15.0,62.0,35.0,12.0,15.0,14.0,6.0,6.0,19.0,24.0,12.0,88.0,2.0,79.0,55.0,75.0,12.0,93.0,1.0,6.0,89.0,204.0,28.0,06,41
0642,181619,191,0.1,0.1,0.1,0.0,0.0,0.0,0.0,0.1,0.1,0.0,0.1,19.0,0.0,0.0,1052.0,844.0,1137.0,924.0,Chao Family Comprehensive Cancer Center (UC Irvine),"Los Angeles, California",58.0,37.0,132.0,96.0,64.0,97.0,65.0,39.0,98.0,50.0,201.0,109.0,37.0,54.0,50.0,24.0,18.0,67.0,88.0,50.0,336.0,7.0,288.0,207.0,265.0,36.0,230.0,4.0,22.0,280.0,702.0,69.0,06,42
0643,174319,198,0.0,0.0,0.0,0.0,0.0,0.0,0.0,0.0,0.0,0.0,0.0,14.0,0.0,0.0,1053.0,810.0,1142.0,924.0,USC Norris Comprehensive Cancer Center,"Los Angeles, California",58.0,37.0,132.0,96.0,64.0,97.0,65.0,39.0,98.0,50.0,201.0,109.0,37.0,54.0,50.0,24.0,18.0,67.0,88.0,50.0,337.0,7.0,289.0,207.0,265.0,36.0,230.0,4.0,22.0,280.0,704.0,69.0,06,43
0644,192812,189,0.0,0.0,0.0,0.0,0.0,0.0,0.0,0.0,0.0,0.0,0.0,21.0,0.0,0.0,1053.0,852.0,1139.0,924.0,USC Norris Comprehensive Cancer Center,"Los Angeles, California",58.0,37.0,132.0,96.0,64.0,97.0,65.0,39.0,98.0,50.0,201.0,109.0,37.0,54.0,50.0,24.0,18.0,67.0,88.0,50.0,337.0,7.0,289.0,207.0,265.0,36.0,230.0,4.0,22.0,280.0,704.0,69.0,06,44
0645,228401,181,0.0,0.0,0.0,0.0,0.0,0.0,0.0,0.0,0.0,0.0,0.0,13.0,0.0,0.0,1058.0,638.0,1137.0,472.0,Chao Family Comprehensive Cancer Center (UC Irvine),"Orange, California",59.0,37.0,132.0,96.0,65.0,97.0,65.0,39.0,98.0,50.0,203.0,109.0,37.0,54.0,50.0,24.0,18.0,68.0,89.0,50.0,338.0,7.0,289.0,207.0,268.0,36.0,230.0,4.0,23.0,283.0,706.0,69.0,06,45
0646,171380,155,0.0,0.0,0.0,0.0,0.0,0.0,0.0,0.0,0.0,0.0,0.0,8.0,0.0,0.0,1060.0,569.0,1137.0,410.0,Chao Family Comprehensive Cancer Center (UC Irvine),"Orange, California",60.0,37.0,132.0,96.0,65.0,97.0,65.0,39.0,98.0,50.0,203.0,109.0,37.0,54.0,50.0,24.0,18.0,68.0,89.0,50.0,338.0,7.0,289.0,207.0,269.0,36.0,231.0,4.0,24.0,284.0,707.0,69.0,06,46
0647,222460,170,0.0,0.0,0.0,0.0,0.0,0.0,0.0,0.0,0.0,0.0,0.0,15.0,0.0,0.0,1047.0,449.0,1137.0,410.0,Chao Family Comprehensive Cancer Center (UC Irvine),"Orange, California",59.0,36.0,132.0,95.0,64.0,96.0,65.0,39.0,97.0,49.0,200.0,108.0,37.0,54.0,49.0,24.0,18.0,67.0,88.0,49.0,335.0,7.0,287.0,205.0,263.0,36.0,230.0,4.0,23.0,278.0,701.0,69.0,06,47
0648,227734,190,1.5,3.1,9.3,0.0,0.9,0.0,0.0,13.4,0.0,0.0,0.0,38.0,0.0,0.0,241.0,109.0,859.0,189.0,Moores Comprehensive Cancer Center (UCSD),"San Diego, California",17.0,8.0,42.0,20.0,11.0,28.0,13.0,12.0,13.0,6.0,50.0,10.0,2.0,16.0,6.0,2.0,5.0,16.0,25.0,11.0,61.0,2.0,46.0,39.0,63.0,11.0,78.0,1.0,4.0,63.0,155.0,22.0,06,48
0649,223613,177,0.0,0.0,0.0,0.0,0.0,0.0,0.0,0.0,0.0,0.0,0.0,28.0,0.0,0.0,547.0,230.0,1134.0,304.0,Moores Comprehensive Cancer Center (UCSD),"San Diego, California",35.0,15.0,86.0,49.0,33.0,59.0,38.0,25.0,35.0,23.0,115.0,39.0,12.0,29.0,24.0,11.0,10.0,39.0,47.0,21.0,158.0,4.0,126.0,102.0,134.0,22.0,152.0,3.0,8.0,131.0,364.0,52.0,06,49
0650,197607,221,0.0,0.0,0.0,0.0,0.0,0.0,0.0,0.0,0.0,0.0,0.0,17.0,0.0,0.0,260.0,220.0,928.0,244.0,Moores Comprehensive Cancer Center (UCSD),"San Diego, California",17.0,8.0,46.0,22.0,11.0,32.0,14.0,13.0,15.0,6.0,54.0,10.0,2.0,16.0,7.0,2.0,5.0,18.0,27.0,12.0,68.0,2.0,53.0,42.0,70.0,11.0,80.0,1.0,3.0,66.0,170.0,23.0,06,50
0651,195945,182,0.0,0.0,0.0,0.0,0.0,0.0,0.0,0.0,0.0,0.0,0.0,18.0,0.0,0.0,244.0,242.0,728.0,244.0,Moores Comprehensive Cancer Center (UCSD),"San Diego, California",15.0,8.0,44.0,21.0,10.0,30.0,13.0,12.0,14.0,5.0,50.0,9.0,2.0,16.0,6.0,2.0,5.0,17.0,26.0,11.0,63.0,2.0,49.0,39.0,66.0,11.0,75.0,1.0,3.0,63.0,160.0,21.0,06,51
0652,182504,172,0.0,0.0,0.0,0.0,0.0,0.0,0.0,0.0,0.0,0.0,0.0,27.0,0.0,0.0,244.0,235.0,604.0,244.0,Moores Comprehensive Cancer Center (UCSD),"San Diego, California",15.0,8.0,44.0,21.0,10.0,30.0,13.0,12.0,14.0,5.0,50.0,9.0,2.0,16.0,6.0,2.0,5.0,17.0,26.0,11.0,63.0,2.0,49.0,39.0,66.0,11.0,75.0,1.0,3.0,63.0,160.0,21.0,06,52
0801,156316,183,0.0,0.0,0.0,0.0,0.0,0.0,0.0,0.0,0.0,0.0,0.0,16.0,0.0,0.0,429.0,418.0,441.0,206.0,University of Colorado Cancer Center,"Denver, Colorado",28.0,10.0,50.0,44.0,28.0,38.0,24.0,16.0,32.0,16.0,80.0,32.0,8.0,27.0,34.0,11.0,8.0,29.0,39.0,17.0,144.0,3.0,121.0,90.0,70.0,18.0,126.0,2.0,2.0,80.0,325.0,24.0,08,01
0802,203390,211,5.9,13.5,39.7,10.3,32.9,5.6,14.4,50.6,8.4,0.0,0.0,61.0,48.0,0.0,261.0,79.0,411.0,30.0,University of Colorado Cancer Center,"Adams, Colorado",17.0,6.0,31.0,25.0,17.0,22.0,14.0,10.0,18.0,9.0,49.0,19.0,4.0,16.0,21.0,7.0,5.0,17.0,24.0,9.0,84.0,2.0,69.0,50.0,44.0,11.0,83.0,1.0,1.0,56.0,187.0,18.0,08,02
0803,252067,214,36.5,57.4,100.0,46.1,100.0,82.1,56.9,100.0,83.7,0.0,0.0,229.0,242.0,72.0,18.0,10.0,91.0,11.0,University of Colorado Cancer Center,"Denver, Colorado",0.0,0.0,3.0,1.0,1.0,1.0,1.0,0.0,0.0,0.0,4.0,0.0,0.0,1.0,1.0,1.0,0.0,1.0,3.0,1.0,1.0,0.0,0.0,1.0,4.0,1.0,12.0,0.0,0.0,10.0,6.0,2.0,08,03
0804,203107,183,14.5,15.3,27.9,22.1,23.0,10.3,17.3,41.7,12.0,0.0,0.0,40.0,37.0,0.0,295.0,188.0,384.0,47.0,University of Colorado Cancer Center,"Denver, Colorado",20.0,7.0,35.0,29.0,19.0,26.0,16.0,11.0,21.0,11.0,55.0,21.0,5.0,19.0,24.0,8.0,6.0,20.0,28.0,11.0,98.0,2.0,83.0,59.0,48.0,13.0,89.0,1.0,1.0,59.0,218.0,18.0,08,04
0805,182199,167,0.0,0.0,69.1,0.0,81.6,0.4,0.0,86.3,0.0,0.0,0.0,70.0,67.0,0.0,123.0,47.0,432.0,48.0,University of Colorado Cancer Center,"Denver, Colorado",9.0,2.0,14.0,12.0,6.0,7.0,8.0,6.0,4.0,3.0,29.0,5.0,1.0,8.0,7.0,2.0,2.0,7.0,16.0,4.0,24.0,0.0,19.0,17.0,25.0,8.0,54.0,0.0,0.0,41.0,70.0,12.0,08,05
0806,185652,187,0.0,0.0,0.0,0.0,0.0,0.0,0.0,0.0,0.0,0.0,0.0,16.0,11.0,0.0,426.0,415.0,439.0,56.0,University of Colorado Cancer Center,"Denver, Colorado",28.0,10.0,50.0,44.0,27.0,38.0,24.0,16.0,31.0,16.0,79.0,31.0,8.0,27.0,34.0,11.0,8.0,29.0,40.0,17.0,143.0,3.0,121.0,89.0,70.0,18.0,125.0,2.0,2.0,80.0,322.0,24.0,08,06
0807,231862,200,5.4,8.2,20.5,16.7,20.5,5.3,9.6,20.8,9.0,0.0,0.0,31.0,20.0,0.0,344.0,297.0,412.0,35.0,University of Colorado Cancer Center,"Denver, Colorado",22.0,8.0,40.0,35.0,22.0,30.0,19.0,13.0,25.0,12.0,65.0,25.0,6.0,21.0,27.0,9.0,6.0,23.0,32.0,14.0,114.0,2.0,96.0,71.0,56.0,14.0,103.0,2.0,2.0,67.0,259.0,19.0,08,07
0808,166871,174,0.0,0.0,4.5,0.0,0.2,0.0,0.0,13.8,0.0,0.0,0.0,28.0,0.0,0.0,387.0,264.0,438.0,136.0,University of Colorado Cancer Center,"Adams, Colorado",25.0,9.0,46.0,39.0,25.0,35.0,21.0,15.0,28.0,14.0,72.0,29.0,7.0,24.0,32.0,10.0,8.0,26.0,35.0,15.0,132.0,2.0,109.0,80.0,63.0,16.0,115.0,2.0,2.0,74.0,290.0,22.0,08,08
0901,225269,197,0.0,0.0,0.0,6.6,0.0,0.0,0.0,0.0,0.0,0.0,0.0,37.0,36.0,0.0,353.0,137.0,1512.0,69.0,Yale Cancer Center,"New Haven, Connecticut",15.0,11.0,52.0,26.0,16.0,40.0,31.0,11.0,19.0,9.0,66.0,21.0,7.0,15.0,19.0,8.0,7.0,16.0,30.0,12.0,111.0,4.0,87.0,55.0,81.0,13.0,106.0,0.0,10.0,91.0,230.0,32.0,09,01
0902,251932,176,0.0,0.0,0.0,32.9,0.6,0.0,0.0,20.7,0.0,0.0,0.0,52.0,48.0,0.0,357.0,86.0,1252.0,37.0,Yale Cancer Center,"New Haven, Connecticut",14.0,13.0,50.0,25.0,15.0,43.0,29.0,10.0,22.0,9.0,64.0,24.0,6.0,15.0,20.0,8.0,9.0,16.0,30.0,12.0,111.0,4.0,84.0,57.0,84.0,14.0,109.0,0.0,9.0,92.0,232.0,33.0,09,02
0903,234738,170,0.0,0.0,0.0,5.2,0.0,0.0,0.0,0.0,0.0,0.0,0.0,12.0,0.0,0.0,531.0,320.0,1373.0,266.0,Yale Cancer Center,"New Haven, Connecticut",25.0,18.0,76.0,36.0,21.0,50.0,40.0,17.0,37.0,13.0,98.0,39.0,12.0,20.0,30.0,12.0,11.0,23.0,43.0,19.0,147.0,5.0,129.0,78.0,148.0,17.0,141.0,2.0,17.0,194.0,297.0,40.0,09,03
0904,218729,177,0.0,0.0,0.0,0.0,0.0,0.0,0.0,0.0,0.0,0.0,0.0,26.0,23.0,0.0,1186.0,382.0,1358.0,78.0,Yale Cancer Center,"Westchester, New York",62.0,50.0,155.0,89.0,53.0,110.0,78.0,33.0,94.0,40.0,213.0,103.0,35.0,54.0,69.0,21.0,25.0,70.0,96.0,46.0,352.0,11.0,318.0,216.0,334.0,30.0,232.0,12.0,44.0,427.0,699.0,60.0,09,04
0905,238411,187,0.0,0.0,1.2,0.0,0.0,0.0,0.0,1.2,0.0,0.0,0.0,31.0,29.0,0.0,470.0,190.0,1403.0,139.0,Yale Cancer Center,"New Haven, Connecticut",21.0,16.0,68.0,32.0,20.0,47.0,37.0,15.0,31.0,11.0,87.0,34.0,10.0,19.0,26.0,11.0,10.0,21.0,39.0,16.0,134.0,5.0,114.0,69.0,127.0,15.0,128.0,1.0,15.0,162.0,270.0,37.0,09,05
1000,343484,262,0.0,0.0,46.3,0.0,50.4,0.2,0.0,50.7,0.0,0.0,0.0,66.0,64.0,0.0,301.0,115.0,1138.0,53.0,Sidney Kimmel Cancer Center (Jefferson),"Philadelphia, Pennsylvania",20.0,7.0,34.0,22.0,10.0,29.0,17.0,7.0,22.0,10.0,57.0,26.0,5.0,12.0,14.0,8.0,6.0,15.0,27.0,10.0,71.0,2.0,63.0,40.0,74.0,11.0,97.0,2.0,14.0,107.0,167.0,28.0,10,00
1198,151648,206,0.0,0.0,0.0,0.0,0.0,0.0,0.0,0.0,0.0,0.0,0.0,4.0,0.0,0.0,879.0,684.0,1020.0,208.0,Georgetown Lombardi Comprehensive Cancer Center,"District of Columbia, District of Columbia",45.0,32.0,112.0,80.0,45.0,97.0,55.0,27.0,55.0,40.0,206.0,52.0,14.0,39.0,33.0,33.0,19.0,69.0,68.0,41.0,330.0,8.0,234.0,176.0,203.0,24.0,211.0,2.0,29.0,189.0,564.0,126.0,11,98
1201,240767,182,3.3,56.2,100.0,58.4,100.0,100.0,42.8,100.0,100.0,0.0,0.0,246.0,247.0,55.0,26.0,8.0,56.0,5.0,O'Neal Comprehensive Cancer Center (UAB),"Jefferson, Alabama",0.0,0.0,6.0,2.0,0.0,4.0,0.0,0.0,0.0,0.0,10.0,2.0,0.0,1.0,0.0,0.0,1.0,0.0,1.0,1.0,2.0,0.0,0.0,0.0,5.0,2.0,18.0,0.0,0.0,8.0,16.0,2.0,12,01
1202,237502,229,4.7,100.0,100.0,44.0,100.0,98.1,100.0,100.0,93.5,0.0,0.0,177.0,204.0,144.0,6.0,4.0,28.0,2.0,University of Florida Health Cancer Institute,"Duval, Florida",0.0,0.0,2.0,0.0,0.0,0.0,0.0,0.0,0.0,0.0,3.0,0.0,0.0,0.0,0.0,0.0,0.0,0.0,0.0,0.0,0.0,0.0,0.0,0.0,1.0,0.0,4.0,0.0,0.0,2.0,4.0,0.0,12,02
1203,262357,184,0.9,8.5,25.8,28.5,92.8,2.6,5.4,7.6,0.0,0.0,0.0,40.0,79.0,0.0,100.0,34.0,495.0,30.0,University of Florida Health Cancer Institute,"Duval, Florida",11.0,6.0,11.0,9.0,2.0,8.0,4.0,3.0,3.0,5.0,23.0,6.0,0.0,3.0,3.0,1.0,2.0,5.0,8.0,6.0,26.0,1.0,16.0,13.0,26.0,5.0,34.0,0.0,6.0,39.0,48.0,14.0,12,03
1204,232086,179,0.0,0.6,0.9,15.8,0.6,0.0,0.6,0.0,0.0,0.0,0.0,15.0,0.0,0.0,256.0,160.0,346.0,136.0,Mayo Clinic Cancer Center – Jacksonville,"Duval, Florida",16.0,18.0,34.0,25.0,10.0,20.0,19.0,14.0,14.0,15.0,51.0,20.0,8.0,18.0,20.0,7.0,6.0,20.0,17.0,16.0,66.0,0.0,53.0,44.0,59.0,10.0,78.0,2.0,10.0,65.0,177.0,14.0,12,04
1205,233493,157,0.0,0.0,0.0,0.0,0.0,0.0,0.0,0.0,0.0,0.0,0.0,16.0,0.0,0.0,252.0,215.0,374.0,162.0,Mayo Clinic Cancer Center – Jacksonville,"Duval, Florida",15.0,18.0,33.0,25.0,10.0,20.0,19.0,14.0,14.0,15.0,50.0,20.0,8.0,18.0,20.0,7.0,6.0,20.0,17.0,16.0,64.0,0.0,52.0,44.0,57.0,10.0,77.0,2.0,9.0,61.0,179.0,12.0,12,05
1206,342686,212,0.0,2.1,22.9,25.2,43.8,0.0,2.8,68.4,0.0,0.0,0.0,70.0,58.0,0.0,157.0,18.0,539.0,17.0,University of Florida Health Cancer Institute,"Orange, Florida",12.0,5.0,23.0,15.0,8.0,18.0,10.0,6.0,6.0,7.0,43.0,9.0,1.0,7.0,6.0,2.0,3.0,9.0,11.0,6.0,42.0,1.0,30.0,25.0,30.0,10.0,58.0,0.0,5.0,28.0,120.0,9.0,12,06
1207,257231,160,0.0,0.0,2.5,0.0,3.3,0.0,0.0,100.0,2.3,0.0,0.0,102.0,22.0,0.0,194.0,119.0,570.0,26.0,Moffitt Cancer Center,"Orange, Florida",17.0,1.0,31.0,20.0,14.0,29.0,16.0,5.0,5.0,7.0,58.0,8.0,0.0,8.0,2.0,3.0,4.0,12.0,15.0,4.0,65.0,2.0,44.0,34.0,27.0,12.0,73.0,0.0,4.0,19.0,167.0,9.0,12,07
1208,336057,197,0.3,21.4,60.4,24.4,62.4,0.0,62.4,100.0,93.4,0.0,0.0,133.0,66.0,66.0,93.0,11.0,307.0,13.0,Moffitt Cancer Center,"Orange, Florida",8.0,0.0,17.0,10.0,8.0,13.0,10.0,2.0,2.0,3.0,28.0,3.0,0.0,3.0,1.0,1.0,2.0,6.0,7.0,2.0,30.0,1.0,21.0,16.0,10.0,6.0,38.0,0.0,2.0,10.0,80.0,3.0,12,08
1209,195794,132,0.0,0.0,0.5,0.0,0.5,0.0,0.5,99.5,0.0,0.0,0.0,81.0,18.0,18.0,222.0,145.0,571.0,73.0,Moffitt Cancer Center,"Orange, Florida",20.0,1.0,39.0,24.0,19.0,33.0,20.0,6.0,6.0,9.0,67.0,9.0,0.0,10.0,3.0,3.0,4.0,16.0,16.0,4.0,77.0,2.0,52.0,41.0,29.0,14.0,82.0,0.0,5.0,24.0,186.0,12.0,12,09
1210,181279,165,0.0,0.0,0.0,0.0,0.0,0.0,0.0,100.0,0.0,0.0,0.0,91.0,0.0,0.0,224.0,188.0,567.0,162.0,Moffitt Cancer Center,"Orange, Florida",20.0,1.0,37.0,23.0,18.0,33.0,19.0,6.0,6.0,9.0,69.0,9.0,0.0,10.0,3.0,3.0,4.0,16.0,17.0,4.0,78.0,2.0,52.0,40.0,30.0,14.0,82.0,0.0,5.0,23.0,189.0,12.0,12,10
1211,302366,158,0.0,0.0,0.7,0.0,1.1,0.0,0.7,92.5,0.0,0.0,0.0,75.0,38.0,26.0,224.0,75.0,585.0,53.0,Moffitt Cancer Center,"Orange, Florida",20.0,2.0,36.0,23.0,16.0,31.0,18.0,7.0,8.0,8.0,64.0,10.0,1.0,11.0,5.0,3.0,4.0,14.0,16.0,4.0,73.0,2.0,51.0,40.0,37.0,12.0,80.0,0.0,5.0,28.0,184.0,12.0,12,11
1212,321940,196,0.0,0.0,11.1,0.0,25.1,0.0,5.3,17.8,0.0,0.0,0.0,42.0,44.0,37.0,302.0,83.0,612.0,10.0,Moffitt Cancer Center,"Hillsborough, Florida",14.0,7.0,39.0,24.0,7.0,21.0,21.0,5.0,30.0,12.0,66.0,24.0,15.0,21.0,13.0,5.0,5.0,19.0,17.0,7.0,75.0,2.0,67.0,51.0,82.0,11.0,87.0,0.0,3.0,71.0,214.0,17.0,12,12
1213,337928,218,0.0,0.0,0.0,0.0,0.0,0.0,0.0,0.0,0.0,0.0,0.0,25.0,28.0,0.0,417.0,229.0,571.0,80.0,Moffitt Cancer Center,"Hillsborough, Florida",18.0,8.0,57.0,36.0,14.0,38.0,29.0,6.0,39.0,15.0,86.0,33.0,19.0,27.0,16.0,8.0,6.0,28.0,28.0,9.0,119.0,2.0,111.0,68.0,100.0,13.0,118.0,1.0,5.0,86.0,308.0,22.0,12,13
1214,222854,222,0.0,0.0,0.0,0.0,0.0,0.0,0.0,0.0,0.0,0.0,0.0,11.0,0.0,0.0,417.0,318.0,577.0,241.0,Moffitt Cancer Center,"Hillsborough, Florida",18.0,8.0,58.0,35.0,14.0,38.0,29.0,6.0,40.0,15.0,86.0,33.0,19.0,27.0,16.0,7.0,6.0,29.0,28.0,9.0,117.0,2.0,110.0,68.0,100.0,14.0,120.0,1.0,4.0,88.0,307.0,22.0,12,14
1215,229919,193,0.0,0.0,0.0,0.0,0.0,0.0,0.0,0.0,0.0,0.0,0.0,20.0,0.0,0.0,399.0,253.0,603.0,192.0,Moffitt Cancer Center,"Hillsborough, Florida",18.0,8.0,54.0,33.0,13.0,32.0,28.0,6.0,38.0,15.0,86.0,31.0,19.0,27.0,16.0,7.0,6.0,27.0,24.0,9.0,106.0,2.0,94.0,66.0,101.0,15.0,119.0,0.0,3.0,87.0,289.0,22.0,12,15
1216,286970,170,0.0,0.0,0.4,0.0,0.5,0.0,0.0,3.0,0.0,0.0,0.0,45.0,39.0,24.0,420.0,142.0,538.0,120.0,Moffitt Cancer Center,"Hillsborough, Florida",19.0,7.0,59.0,37.0,16.0,40.0,29.0,6.0,39.0,14.0,87.0,34.0,18.0,27.0,16.0,8.0,6.0,29.0,31.0,10.0,126.0,2.0,119.0,69.0,96.0,13.0,117.0,2.0,5.0,83.0,315.0,22.0,12,16
1217,406730,218,0.0,0.0,14.8,0.0,72.6,9.8,0.0,87.0,14.2,0.0,0.0,87.0,81.0,0.0,159.0,62.0,425.0,66.0,Moffitt Cancer Center,"Hillsborough, Florida",9.0,0.0,29.0,19.0,11.0,30.0,12.0,1.0,8.0,4.0,36.0,8.0,1.0,5.0,3.0,3.0,1.0,12.0,16.0,2.0,56.0,0.0,48.0,23.0,18.0,4.0,63.0,2.0,2.0,16.0,135.0,8.0,12,17
1218,272550,218,0.4,18.3,39.8,17.5,41.9,0.8,36.5,49.5,6.9,0.0,0.0,60.0,48.0,47.0,245.0,14.0,574.0,12.0,Moffitt Cancer Center,"Orange, Florida",14.0,4.0,37.0,24.0,13.0,24.0,19.0,5.0,19.0,9.0,57.0,17.0,9.0,17.0,9.0,4.0,4.0,18.0,16.0,5.0,76.0,2.0,63.0,44.0,56.0,10.0,69.0,0.0,3.0,48.0,183.0,14.0,12,18
1219,380380,251,0.0,0.3,99.9,0.0,100.0,61.5,0.0,100.0,79.8,0.0,0.0,131.0,124.0,0.0,65.0,49.0,253.0,49.0,Moffitt Cancer Center,"Hillsborough, Florida",3.0,0.0,13.0,9.0,4.0,14.0,5.0,0.0,4.0,1.0,16.0,1.0,0.0,1.0,2.0,1.0,1.0,2.0,4.0,0.0,9.0,0.0,1.0,5.0,11.0,3.0,46.0,0.0,0.0,6.0,56.0,3.0,12,19
1220,234524,211,0.0,0.0,1.8,0.0,3.6,0.0,0.0,29.0,0.0,0.0,0.0,32.0,0.0,0.0,411.0,243.0,499.0,156.0,Sylvester Comprehensive Cancer Center (Miami),"Broward, Florida",17.0,20.0,50.0,28.0,15.0,46.0,24.0,12.0,36.0,8.0,80.0,39.0,12.0,22.0,27.0,10.0,7.0,17.0,28.0,12.0,85.0,4.0,52.0,50.0,117.0,16.0,159.0,4.0,13.0,112.0,263.0,36.0,12,20
1221,327027,196,0.0,0.0,58.3,0.0,72.1,0.0,14.7,100.0,10.7,0.0,0.0,103.0,79.0,46.0,128.0,41.0,485.0,32.0,Sylvester Comprehensive Cancer Center (Miami),"Broward, Florida",3.0,3.0,21.0,11.0,5.0,21.0,8.0,3.0,7.0,2.0,31.0,6.0,1.0,4.0,7.0,2.0,3.0,4.0,8.0,1.0,18.0,2.0,9.0,12.0,24.0,6.0,74.0,1.0,2.0,26.0,90.0,12.0,12,21
1222,302484,197,0.0,0.0,0.0,0.0,0.0,0.0,0.0,37.1,0.0,0.0,0.0,57.0,33.0,0.0,385.0,143.0,500.0,76.0,Sylvester Comprehensive Cancer Center (Miami),"Broward, Florida",16.0,14.0,46.0,28.0,15.0,45.0,20.0,11.0,34.0,8.0,76.0,36.0,12.0,22.0,26.0,9.0,7.0,15.0,25.0,12.0,80.0,4.0,49.0,48.0,102.0,15.0,156.0,4.0,11.0,99.0,250.0,36.0,12,22
1223,279355,196,0.0,0.0,0.0,0.0,0.0,0.0,0.0,0.0,0.0,0.0,0.0,38.0,0.0,0.0,487.0,233.0,495.0,155.0,Sylvester Comprehensive Cancer Center (Miami),"Broward, Florida",21.0,25.0,57.0,32.0,17.0,52.0,29.0,14.0,46.0,10.0,90.0,50.0,16.0,26.0,31.0,12.0,8.0,21.0,34.0,16.0,103.0,4.0,65.0,62.0,142.0,19.0,177.0,5.0,17.0,138.0,308.0,40.0,12,23
1224,225431,208,0.0,0.0,0.0,0.0,0.0,0.0,0.0,0.0,0.0,0.0,0.0,12.0,0.0,0.0,475.0,452.0,496.0,348.0,Sylvester Comprehensive Cancer Center (Miami),"Miami-Dade, Florida",21.0,25.0,54.0,30.0,17.0,51.0,28.0,14.0,45.0,10.0,88.0,50.0,16.0,26.0,30.0,12.0,8.0,20.0,33.0,16.0,103.0,4.0,65.0,61.0,141.0,19.0,168.0,5.0,16.0,138.0,298.0,39.0,12,24
1225,229088,172,0.0,0.0,0.0,0.0,0.0,0.0,0.0,0.0,0.0,0.0,0.0,22.0,0.0,0.0,481.0,422.0,496.0,190.0,Sylvester Comprehensive Cancer Center (Miami),"Broward, Florida",21.0,25.0,55.0,31.0,17.0,51.0,29.0,14.0,45.0,10.0,89.0,50.0,16.0,26.0,30.0,12.0,8.0,21.0,33.0,16.0,103.0,4.0,65.0,61.0,142.0,19.0,173.0,5.0,16.0,138.0,304.0,39.0,12,25
1226,261121,211,0.0,2.5,34.2,0.0,34.2,0.2,2.5,34.2,10.1,0.0,0.0,15.0,0.0,0.0,325.0,291.0,483.0,242.0,Sylvester Comprehensive Cancer Center (Miami),"Miami-Dade, Florida",14.0,16.0,38.0,20.0,12.0,36.0,19.0,9.0,30.0,6.0,61.0,33.0,11.0,17.0,20.0,8.0,6.0,13.0,22.0,11.0,69.0,3.0,43.0,40.0,95.0,13.0,119.0,3.0,11.0,92.0,207.0,27.0,12,26
1227,242396,239,0.0,0.0,0.0,0.0,0.0,0.0,0.0,0.0,0.0,0.0,0.0,9.0,0.0,0.0,463.0,402.0,495.0,366.0,Sylvester Comprehensive Cancer Center (Miami),"Miami-Dade, Florida",20.0,24.0,52.0,26.0,16.0,48.0,26.0,13.0,44.0,9.0,84.0,50.0,16.0,25.0,30.0,12.0,8.0,19.0,32.0,16.0,100.0,4.0,65.0,58.0,140.0,19.0,160.0,5.0,16.0,137.0,287.0,39.0,12,27
1228,224653,199,10.1,10.6,11.6,15.0,12.1,8.1,12.1,12.5,8.1,0.0,0.0,23.0,0.0,0.0,401.0,294.0,449.0,311.0,Sylvester Comprehensive Cancer Center (Miami),"Miami-Dade, Florida",17.0,21.0,45.0,22.0,13.0,41.0,22.0,11.0,37.0,8.0,72.0,43.0,14.0,21.0,26.0,10.0,7.0,16.0,28.0,14.0,86.0,3.0,56.0,50.0,122.0,17.0,138.0,4.0,14.0,120.0,247.0,34.0,12,28
1301,216257,224,27.0,31.7,93.8,60.8,92.7,22.3,34.1,92.2,20.4,0.0,0.0,112.0,111.0,33.0,36.0,16.0,181.0,13.0,Mayo Clinic Cancer Center – Jacksonville,"Duval, Florida",1.0,1.0,9.0,3.0,1.0,5.0,1.0,1.0,1.0,1.0,9.0,2.0,0.0,2.0,2.0,0.0,1.0,2.0,1.0,1.0,6.0,0.0,4.0,3.0,6.0,2.0,19.0,0.0,1.0,13.0,18.0,4.0,13,01
1302,219149,254,1.1,98.3,100.0,42.8,100.0,50.3,99.6,100.0,50.1,0.0,0.0,123.0,127.0,107.0,9.0,5.0,233.0,3.0,Winship Cancer Institute (Emory),"Fulton, Georgia",0.0,0.0,2.0,1.0,0.0,0.0,0.0,0.0,1.0,0.0,2.0,1.0,1.0,0.0,1.0,0.0,0.0,0.0,0.0,0.0,1.0,0.0,0.0,0.0,2.0,1.0,6.0,0.0,0.0,3.0,4.0,1.0,13,02
1303,231041,188,0.0,10.6,28.0,59.2,33.1,0.0,8.5,27.5,0.0,0.0,0.0,44.0,48.0,32.0,299.0,41.0,463.0,7.0,Winship Cancer Institute (Emory),"Fulton, Georgia",18.0,9.0,37.0,20.0,10.0,20.0,20.0,9.0,24.0,7.0,51.0,29.0,7.0,12.0,33.0,8.0,6.0,13.0,18.0,8.0,58.0,1.0,54.0,33.0,77.0,14.0,110.0,3.0,7.0,85.0,187.0,28.0,13,03
1304,183160,212,0.0,0.0,0.0,0.0,0.0,0.0,0.0,0.0,0.0,0.0,0.0,18.0,0.0,0.0,434.0,390.0,457.0,223.0,Winship Cancer Institute (Emory),"DeKalb, Georgia",26.0,12.0,54.0,28.0,15.0,30.0,30.0,12.0,34.0,10.0,78.0,42.0,10.0,20.0,49.0,12.0,9.0,19.0,25.0,12.0,85.0,2.0,81.0,49.0,114.0,22.0,154.0,5.0,10.0,120.0,276.0,38.0,13,04
1305,165696,256,0.0,0.0,0.0,21.1,0.0,0.0,0.0,0.0,0.0,0.0,0.0,10.0,0.0,0.0,425.0,403.0,457.0,177.0,Winship Cancer Institute (Emory),"Fulton, Georgia",26.0,12.0,53.0,27.0,15.0,30.0,29.0,12.0,34.0,10.0,73.0,40.0,10.0,18.0,49.0,12.0,9.0,18.0,25.0,12.0,83.0,2.0,79.0,48.0,111.0,20.0,150.0,5.0,10.0,119.0,268.0,38.0,13,05
1306,180081,212,0.0,0.0,0.0,13.4,0.0,0.0,0.0,0.0,0.0,0.0,0.0,15.0,13.0,0.0,421.0,391.0,462.0,85.0,Winship Cancer Institute (Emory),"Fulton, Georgia",26.0,12.0,52.0,27.0,15.0,29.0,29.0,12.0,34.0,10.0,71.0,40.0,10.0,18.0,49.0,12.0,9.0,18.0,25.0,12.0,83.0,2.0,79.0,48.0,110.0,20.0,149.0,5.0,10.0,119.0,265.0,38.0,13,06
1307,214149,193,0.0,0.0,3.0,9.5,3.4,0.0,0.7,7.5,0.0,0.0,0.0,34.0,27.0,25.0,404.0,209.0,475.0,76.0,Winship Cancer Institute (Emory),"Fulton, Georgia",25.0,11.0,51.0,26.0,14.0,29.0,28.0,12.0,31.0,10.0,71.0,38.0,10.0,19.0,46.0,11.0,9.0,18.0,22.0,11.0,80.0,2.0,77.0,46.0,106.0,21.0,140.0,5.0,10.0,113.0,255.0,36.0,13,07
1308,217965,225,3.0,98.7,99.1,62.3,99.1,58.4,99.1,99.1,43.4,0.0,0.0,115.0,126.0,112.0,11.0,3.0,194.0,1.0,Winship Cancer Institute (Emory),"Duval, Florida",0.0,0.0,2.0,1.0,1.0,1.0,1.0,0.0,1.0,0.0,2.0,1.0,1.0,0.0,1.0,0.0,0.0,0.0,0.0,0.0,2.0,0.0,1.0,0.0,2.0,1.0,7.0,0.0,0.0,4.0,6.0,1.0,13,08
1309,227505,201,2.1,22.4,46.7,41.4,44.8,0.4,18.0,51.4,1.0,0.0,0.0,62.0,55.0,27.0,231.0,59.0,473.0,7.0,Winship Cancer Institute (Emory),"DeKalb, Georgia",14.0,6.0,30.0,15.0,8.0,16.0,16.0,7.0,17.0,5.0,43.0,21.0,5.0,11.0,25.0,7.0,5.0,10.0,12.0,6.0,45.0,1.0,43.0,25.0,61.0,13.0,80.0,3.0,5.0,67.0,143.0,22.0,13,09
1310,215020,212,0.0,5.2,44.6,85.7,35.8,0.0,8.4,49.9,0.1,0.0,0.0,59.0,52.0,33.0,247.0,22.0,471.0,1.0,Winship Cancer Institute (Emory),"DeKalb, Georgia",15.0,7.0,32.0,16.0,8.0,17.0,17.0,7.0,18.0,5.0,46.0,23.0,6.0,12.0,27.0,7.0,6.0,11.0,14.0,7.0,48.0,1.0,45.0,27.0,64.0,15.0,87.0,3.0,6.0,70.0,153.0,23.0,13,10
1311,216711,190,0.0,0.0,8.5,28.0,10.3,0.0,0.0,13.3,0.0,0.0,0.0,32.0,30.0,16.0,370.0,191.0,465.0,10.0,Winship Cancer Institute (Emory),"Fulton, Georgia",23.0,11.0,46.0,24.0,13.0,27.0,26.0,11.0,29.0,9.0,63.0,35.0,9.0,16.0,42.0,11.0,8.0,16.0,21.0,11.0,73.0,2.0,69.0,42.0,96.0,18.0,132.0,4.0,9.0,105.0,232.0,33.0,13,11
1312,216917,203,21.1,28.6,100.0,74.2,100.0,91.2,26.1,100.0,94.8,0.0,0.0,141.0,137.0,32.0,32.0,21.0,124.0,11.0,Hollings Cancer Center (MUSC),"DeKalb, Georgia",1.0,0.0,4.0,1.0,1.0,8.0,0.0,0.0,7.0,1.0,3.0,5.0,1.0,0.0,1.0,0.0,1.0,1.0,1.0,1.0,8.0,1.0,4.0,6.0,8.0,2.0,12.0,0.0,1.0,11.0,16.0,5.0,13,12
1313,198277,193,0.0,0.0,0.0,37.4,0.0,0.0,0.0,0.0,0.0,0.0,0.0,28.0,23.0,23.0,427.0,294.0,452.0,14.0,Winship Cancer Institute (Emory),"DeKalb, Georgia",26.0,12.0,53.0,27.0,15.0,30.0,30.0,12.0,33.0,10.0,75.0,41.0,10.0,19.0,49.0,12.0,9.0,19.0,24.0,12.0,84.0,2.0,80.0,48.0,112.0,21.0,151.0,5.0,10.0,118.0,271.0,38.0,13,13
1314,215232,189,0.0,2.5,58.0,60.0,59.5,2.1,1.9,58.4,2.1,0.0,0.0,68.0,70.0,28.0,189.0,68.0,470.0,5.0,Winship Cancer Institute (Emory),"Fulton, Georgia",11.0,5.0,23.0,13.0,6.0,15.0,12.0,6.0,15.0,4.0,36.0,17.0,4.0,8.0,20.0,5.0,4.0,8.0,11.0,5.0,35.0,1.0,31.0,23.0,46.0,8.0,75.0,2.0,4.0,50.0,124.0,16.0,13,14
1501,232587,240,0.0,0.0,100.0,0.0,100.0,100.0,0.0,0.0,0.0,100.0,0.0,7.0,999.0,0.0,42.0,42.0,42.0,42.0,University of Hawai'i Cancer Center,NO ROAD CONNECTION,1.0,1.0,9.0,1.0,2.0,2.0,2.0,1.0,2.0,1.0,10.0,2.0,1.0,1.0,1.0,0.0,2.0,4.0,4.0,2.0,6.0,1.0,2.0,0.0,12.0,5.0,23.0,0.0,0.0,22.0,9.0,11.0,15,01
1502,237326,227,33.5,66.6,100.0,31.9,100.0,100.0,66.6,66.6,66.6,100.0,66.6,999.0,999.0,999.0,16.0,14.0,16.0,16.0,NO ROAD CONNECTION,NO ROAD CONNECTION,0.0,0.0,4.0,0.0,1.0,1.0,1.0,0.0,1.0,0.0,3.0,1.0,0.0,0.0,0.0,0.0,1.0,1.0,2.0,1.0,2.0,0.0,1.0,0.0,4.0,2.0,9.0,0.0,0.0,9.0,3.0,4.0,15,02
1601,292581,230,9.0,17.9,79.6,19.3,100.0,100.0,20.1,100.0,100.0,0.0,0.0,353.0,358.0,0.0,70.0,52.0,81.0,49.0,Huntsman Cancer Institute (Utah),"Salt Lake, Utah",4.0,1.0,7.0,3.0,2.0,5.0,4.0,2.0,7.0,0.0,16.0,6.0,1.0,3.0,2.0,2.0,4.0,3.0,7.0,3.0,11.0,0.0,1.0,2.0,25.0,4.0,38.0,0.0,0.0,32.0,15.0,22.0,16,01
1602,246538,231,46.4,50.1,100.0,59.2,100.0,99.2,47.8,100.0,98.5,0.5,0.5,236.0,245.0,47.0,31.0,26.0,40.0,25.0,Huntsman Cancer Institute (Utah),"Salt Lake, Utah",1.0,1.0,3.0,1.0,1.0,2.0,2.0,1.0,3.0,0.0,7.0,3.0,0.0,1.0,1.0,1.0,2.0,1.0,3.0,1.0,4.0,0.0,0.0,0.0,12.0,2.0,17.0,0.0,0.0,17.0,4.0,10.0,16,02
1701,227412,260,0.0,0.0,0.0,4.7,0.0,0.0,0.0,0.6,0.0,0.0,0.0,16.0,0.0,0.0,563.0,422.0,672.0,376.0,University of Chicago Comprehensive Cancer Center,"Cook, Illinois",37.0,16.0,71.0,34.0,28.0,51.0,39.0,11.0,46.0,18.0,117.0,44.0,13.0,18.0,21.0,13.0,11.0,26.0,50.0,23.0,133.0,7.0,98.0,83.0,164.0,20.0,176.0,4.0,20.0,184.0,318.0,61.0,17,01
1702,224944,236,0.0,0.5,15.6,19.0,24.1,0.7,0.5,23.3,0.3,0.0,0.0,27.0,0.0,0.0,452.0,324.0,626.0,342.0,University of Chicago Comprehensive Cancer Center,"Cook, Illinois",30.0,12.0,57.0,27.0,22.0,42.0,31.0,9.0,36.0,14.0,93.0,35.0,10.0,15.0,17.0,11.0,9.0,21.0,39.0,18.0,105.0,5.0,76.0,64.0,133.0,16.0,145.0,3.0,15.0,151.0,247.0,54.0,17,02
1703,184340,232,0.0,0.0,0.0,0.0,0.0,0.0,0.0,0.0,0.0,0.0,0.0,17.0,0.0,0.0,586.0,470.0,681.0,406.0,University of Chicago Comprehensive Cancer Center,"Cook, Illinois",38.0,16.0,75.0,35.0,30.0,53.0,40.0,14.0,47.0,20.0,122.0,47.0,13.0,18.0,23.0,13.0,11.0,26.0,51.0,23.0,140.0,7.0,103.0,89.0,169.0,20.0,182.0,4.0,20.0,188.0,337.0,61.0,17,03
1704,183181,199,0.0,0.0,0.0,0.0,0.0,0.0,0.0,0.0,0.0,0.0,0.0,8.0,0.0,0.0,587.0,553.0,677.0,498.0,University of Chicago Comprehensive Cancer Center,"Cook, Illinois",38.0,16.0,75.0,35.0,30.0,53.0,40.0,14.0,47.0,20.0,122.0,47.0,13.0,18.0,23.0,13.0,11.0,26.0,51.0,23.0,140.0,7.0,103.0,89.0,169.0,20.0,182.0,4.0,20.0,188.0,338.0,61.0,17,04
1705,206049,237,0.0,0.0,0.0,0.0,0.0,0.0,0.0,0.0,0.0,0.0,0.0,17.0,0.0,0.0,586.0,470.0,691.0,500.0,University of Chicago Comprehensive Cancer Center,"Cook, Illinois",38.0,16.0,75.0,35.0,30.0,53.0,40.0,14.0,47.0,20.0,122.0,47.0,13.0,18.0,23.0,13.0,11.0,26.0,51.0,23.0,140.0,7.0,103.0,89.0,169.0,20.0,182.0,4.0,20.0,188.0,337.0,61.0,17,05
1706,248736,202,0.0,0.0,0.0,0.0,0.0,0.0,0.0,0.0,0.0,0.0,0.0,19.0,0.0,0.0,581.0,512.0,680.0,366.0,University of Chicago Comprehensive Cancer Center,"Cook, Illinois",38.0,16.0,74.0,35.0,29.0,53.0,40.0,13.0,47.0,19.0,120.0,46.0,13.0,18.0,22.0,13.0,11.0,26.0,51.0,23.0,138.0,7.0,102.0,87.0,168.0,20.0,180.0,4.0,20.0,188.0,332.0,61.0,17,06
1707,178379,272,0.0,0.0,0.0,0.0,0.0,0.0,0.0,0.0,0.0,0.0,0.0,9.0,0.0,0.0,587.0,554.0,678.0,527.0,University of Chicago Comprehensive Cancer Center,"Cook, Illinois",38.0,16.0,75.0,35.0,30.0,53.0,40.0,14.0,47.0,20.0,122.0,47.0,13.0,18.0,23.0,13.0,11.0,26.0,51.0,23.0,140.0,7.0,103.0,89.0,169.0,20.0,182.0,4.0,20.0,188.0,338.0,61.0,17,07
1708,215931,192,0.0,0.0,0.0,0.0,0.0,0.0,0.0,0.0,0.0,0.0,0.0,33.0,0.0,0.0,584.0,297.0,708.0,295.0,University of Chicago Comprehensive Cancer Center,"DuPage, Illinois",38.0,16.0,74.0,35.0,30.0,53.0,40.0,14.0,47.0,20.0,121.0,47.0,13.0,18.0,23.0,13.0,11.0,26.0,51.0,23.0,139.0,7.0,103.0,88.0,168.0,20.0,181.0,4.0,20.0,188.0,335.0,61.0,17,08
1709,233142,187,0.0,0.0,0.0,0.0,0.0,0.0,0.0,0.0,0.0,0.0,0.0,21.0,0.0,0.0,586.0,454.0,690.0,442.0,University of Chicago Comprehensive Cancer Center,"Cook, Illinois",38.0,16.0,74.0,35.0,30.0,53.0,40.0,14.0,47.0,20.0,122.0,47.0,13.0,18.0,23.0,13.0,11.0,26.0,51.0,23.0,140.0,7.0,103.0,89.0,169.0,20.0,182.0,4.0,20.0,189.0,337.0,61.0,17,09
1710,221430,181,0.0,0.0,0.0,0.0,0.0,0.0,0.0,4.3,0.0,0.0,0.0,43.0,0.0,0.0,610.0,214.0,725.0,164.0,University of Chicago Comprehensive Cancer Center,"Lake, Illinois",38.0,16.0,74.0,34.0,30.0,55.0,41.0,15.0,51.0,21.0,120.0,51.0,15.0,17.0,28.0,13.0,11.0,28.0,55.0,23.0,143.0,7.0,107.0,90.0,180.0,23.0,184.0,5.0,20.0,202.0,348.0,60.0,17,10
1711,216988,194,0.0,0.0,0.0,4.1,0.0,0.0,0.0,10.5,0.0,0.0,0.0,38.0,18.0,0.0,523.0,162.0,700.0,82.0,University of Chicago Comprehensive Cancer Center,"DuPage, Illinois",34.0,15.0,65.0,31.0,26.0,47.0,35.0,11.0,42.0,16.0,108.0,40.0,11.0,17.0,19.0,12.0,10.0,24.0,47.0,21.0,119.0,6.0,87.0,73.0,153.0,19.0,170.0,4.0,17.0,173.0,291.0,59.0,17,11
1712,251940,229,2.1,5.5,71.1,64.2,76.5,28.1,5.1,76.0,27.3,0.0,0.0,101.0,102.0,26.0,150.0,64.0,354.0,22.0,Siteman Cancer Center (WashU),"St. Louis, Missouri",9.0,4.0,22.0,10.0,7.0,13.0,11.0,7.0,8.0,4.0,28.0,11.0,3.0,6.0,7.0,6.0,5.0,10.0,14.0,7.0,34.0,0.0,24.0,17.0,40.0,7.0,60.0,0.0,2.0,57.0,65.0,28.0,17,12
1713,221534,234,0.0,0.0,24.2,9.0,47.9,21.9,0.0,47.9,21.9,0.0,0.0,50.0,50.0,0.0,291.0,224.0,418.0,64.0,Siteman Cancer Center (WashU),"St. Louis, Missouri",16.0,7.0,44.0,20.0,14.0,28.0,22.0,13.0,17.0,8.0,57.0,22.0,6.0,12.0,13.0,10.0,7.0,21.0,26.0,13.0,70.0,1.0,54.0,39.0,75.0,13.0,103.0,1.0,5.0,91.0,155.0,44.0,17,13
1714,187954,188,0.0,0.0,6.2,0.7,13.7,0.0,0.0,23.5,0.0,0.0,0.0,40.0,28.0,0.0,458.0,119.0,675.0,49.0,University of Chicago Comprehensive Cancer Center,"DuPage, Illinois",30.0,13.0,56.0,28.0,22.0,40.0,30.0,9.0,37.0,14.0,95.0,34.0,10.0,15.0,17.0,11.0,9.0,21.0,42.0,18.0,102.0,5.0,74.0,61.0,135.0,17.0,152.0,3.0,15.0,156.0,246.0,56.0,17,14
1715,261472,254,0.6,2.0,53.3,51.4,83.9,41.6,3.1,83.9,41.3,0.0,0.0,111.0,112.0,29.0,149.0,55.0,316.0,25.0,Siteman Cancer Center (WashU),"St. Louis, Missouri",10.0,3.0,21.0,8.0,6.0,13.0,11.0,7.0,9.0,3.0,30.0,10.0,3.0,6.0,7.0,4.0,5.0,9.0,13.0,6.0,29.0,0.0,18.0,13.0,41.0,8.0,67.0,0.0,2.0,57.0,59.0,33.0,17,15
1716,252749,232,1.7,3.9,36.9,26.5,81.6,31.7,3.5,92.2,37.8,0.0,0.0,98.0,88.0,0.0,114.0,51.0,450.0,37.0,University of Chicago Comprehensive Cancer Center,"DuPage, Illinois",6.0,3.0,12.0,6.0,4.0,11.0,6.0,4.0,6.0,2.0,25.0,6.0,2.0,5.0,4.0,3.0,4.0,5.0,10.0,4.0,17.0,0.0,8.0,4.0,34.0,7.0,60.0,0.0,1.0,49.0,36.0,28.0,17,16
1717,230588,269,0.6,0.6,60.1,19.0,99.3,25.7,0.6,97.7,31.2,0.0,0.0,100.0,92.0,0.0,87.0,40.0,357.0,36.0,Holden Comprehensive Cancer Center (Iowa),"Johnson, Iowa",5.0,2.0,9.0,4.0,2.0,8.0,5.0,4.0,5.0,1.0,20.0,4.0,1.0,3.0,3.0,2.0,4.0,4.0,8.0,3.0,11.0,0.0,4.0,1.0,25.0,6.0,51.0,0.0,0.0,42.0,21.0,23.0,17,17
1801,234212,202,0.0,0.0,0.2,0.0,13.6,0.0,0.0,5.0,0.0,0.0,0.0,38.0,44.0,0.0,527.0,203.0,624.0,41.0,University of Chicago Comprehensive Cancer Center,"Cook, Illinois",33.0,15.0,67.0,30.0,27.0,48.0,37.0,10.0,46.0,18.0,109.0,42.0,13.0,17.0,20.0,13.0,11.0,24.0,45.0,22.0,128.0,7.0,95.0,80.0,153.0,18.0,159.0,4.0,18.0,176.0,292.0,59.0,18,01
1802,222516,206,0.7,4.1,97.9,35.4,100.0,3.2,7.6,100.0,3.2,0.0,0.0,94.0,99.0,44.0,56.0,20.0,606.0,4.0,University of Chicago Comprehensive Cancer Center,"Cook, Illinois",3.0,1.0,9.0,3.0,2.0,8.0,3.0,3.0,4.0,0.0,12.0,7.0,0.0,3.0,2.0,0.0,3.0,4.0,2.0,1.0,11.0,0.0,3.0,3.0,14.0,4.0,33.0,0.0,0.0,25.0,16.0,15.0,18,02
1803,220560,191,0.0,0.0,98.8,52.3,100.0,52.9,0.0,100.0,57.4,0.0,0.0,123.0,122.0,19.0,68.0,39.0,267.0,29.0,IU Simon Comprehensive Cancer Center,"Marion, Indiana",3.0,0.0,12.0,4.0,2.0,15.0,4.0,1.0,7.0,0.0,20.0,9.0,0.0,4.0,3.0,1.0,1.0,4.0,1.0,1.0,14.0,0.0,7.0,4.0,11.0,6.0,40.0,0.0,0.0,12.0,52.0,5.0,18,03
1804,213245,178,0.0,12.8,36.0,47.4,38.9,0.0,18.9,37.1,0.0,0.0,0.0,47.0,48.0,41.0,133.0,54.0,384.0,3.0,IU Simon Comprehensive Cancer Center,"Marion, Indiana",12.0,3.0,19.0,13.0,7.0,20.0,9.0,5.0,8.0,2.0,28.0,12.0,2.0,5.0,7.0,1.0,5.0,8.0,8.0,4.0,28.0,1.0,18.0,15.0,38.0,5.0,53.0,1.0,4.0,43.0,70.0,20.0,18,04
1805,219992,172,0.0,0.0,14.6,33.9,15.7,0.0,0.0,16.7,0.0,0.0,0.0,40.0,40.0,25.0,157.0,65.0,325.0,9.0,IU Simon Comprehensive Cancer Center,"Marion, Indiana",14.0,3.0,23.0,18.0,9.0,27.0,11.0,6.0,9.0,2.0,34.0,15.0,2.0,7.0,9.0,0.0,5.0,10.0,9.0,5.0,36.0,1.0,24.0,19.0,41.0,6.0,60.0,1.0,5.0,47.0,92.0,17.0,18,05
1806,218112,167,0.0,0.0,3.4,44.2,7.1,0.0,0.0,13.7,0.0,0.0,0.0,24.0,25.0,24.0,171.0,97.0,474.0,42.0,IU Simon Comprehensive Cancer Center,"Marion, Indiana",15.0,4.0,23.0,18.0,9.0,28.0,11.0,6.0,10.0,2.0,35.0,15.0,3.0,7.0,10.0,0.0,6.0,11.0,10.0,5.0,36.0,1.0,25.0,19.0,46.0,7.0,67.0,1.0,6.0,53.0,98.0,20.0,18,06
1807,181880,209,0.0,0.0,0.0,0.0,0.0,0.0,0.0,0.0,0.0,0.0,0.0,10.0,0.0,0.0,173.0,170.0,392.0,160.0,IU Simon Comprehensive Cancer Center,"Marion, Indiana",17.0,4.0,25.0,19.0,10.0,30.0,11.0,6.0,10.0,2.0,36.0,16.0,3.0,7.0,10.0,0.0,6.0,11.0,10.0,5.0,38.0,1.0,27.0,21.0,47.0,6.0,65.0,1.0,6.0,51.0,104.0,18.0,18,07
1808,241160,220,19.6,84.7,91.3,76.9,92.8,10.6,81.9,94.7,52.4,0.0,0.0,125.0,97.0,83.0,21.0,1.0,227.0,0.0,IU Simon Comprehensive Cancer Center,"Jefferson, Kentucky",1.0,0.0,3.0,1.0,1.0,2.0,1.0,1.0,1.0,1.0,5.0,2.0,0.0,1.0,1.0,0.0,1.0,1.0,1.0,1.0,3.0,0.0,2.0,1.0,6.0,1.0,11.0,0.0,0.0,8.0,9.0,4.0,18,08
1809,233339,182,5.2,9.4,15.8,73.7,19.0,0.0,18.7,80.6,0.0,0.0,0.0,80.0,48.0,48.0,144.0,52.0,431.0,2.0,IU Simon Comprehensive Cancer Center,"Jefferson, Kentucky",10.0,3.0,14.0,10.0,6.0,16.0,10.0,6.0,11.0,5.0,28.0,13.0,2.0,7.0,9.0,1.0,3.0,5.0,12.0,4.0,31.0,0.0,21.0,19.0,35.0,6.0,61.0,0.0,2.0,37.0,92.0,14.0,18,09
1901,246082,216,5.6,11.6,36.8,57.1,56.6,5.6,13.1,48.8,5.7,0.0,0.0,60.0,63.0,40.0,110.0,39.0,215.0,23.0,Holden Comprehensive Cancer Center (Iowa),"Johnson, Iowa",6.0,3.0,14.0,6.0,5.0,8.0,7.0,6.0,9.0,1.0,18.0,10.0,1.0,6.0,7.0,6.0,4.0,6.0,8.0,7.0,20.0,0.0,13.0,10.0,28.0,5.0,53.0,1.0,0.0,46.0,44.0,19.0,19,01
1902,258853,224,7.8,44.8,70.8,59.3,69.7,4.0,43.1,70.4,4.0,0.0,0.0,82.0,82.0,58.0,63.0,28.0,253.0,11.0,Holden Comprehensive Cancer Center (Iowa),"Johnson, Iowa",3.0,2.0,9.0,3.0,3.0,5.0,4.0,3.0,5.0,1.0,11.0,6.0,0.0,4.0,4.0,3.0,2.0,3.0,5.0,4.0,12.0,0.0,8.0,6.0,14.0,3.0,31.0,1.0,0.0,25.0,26.0,12.0,19,02
1903,221443,205,6.8,17.7,25.0,29.2,98.3,30.2,21.8,98.3,34.0,0.0,0.0,116.0,114.0,0.0,94.0,68.0,191.0,54.0,Holden Comprehensive Cancer Center (Iowa),"Johnson, Iowa",7.0,3.0,10.0,3.0,3.0,4.0,6.0,4.0,6.0,1.0,15.0,10.0,0.0,3.0,6.0,5.0,4.0,3.0,7.0,2.0,8.0,0.0,0.0,0.0,32.0,3.0,59.0,0.0,0.0,40.0,29.0,25.0,19,03
1904,252751,251,25.5,38.6,68.2,63.2,80.0,32.0,39.7,83.1,50.8,0.0,0.0,122.0,96.0,44.0,68.0,37.0,186.0,10.0,Fred & Pamela Buffett Cancer Center (UNMC),"Douglas, Nebraska",4.0,2.0,9.0,4.0,3.0,5.0,5.0,3.0,3.0,1.0,11.0,6.0,0.0,3.0,4.0,3.0,3.0,4.0,8.0,3.0,10.0,0.0,5.0,4.0,21.0,4.0,35.0,0.0,0.0,25.0,28.0,14.0,19,04
2001,207830,211,10.3,32.2,90.7,55.5,90.7,79.7,46.5,88.5,78.2,0.0,0.0,200.0,198.0,57.0,42.0,10.0,83.0,7.0,University of Kansas Cancer Center,"Johnson, Kansas",3.0,0.0,8.0,3.0,2.0,2.0,2.0,1.0,4.0,0.0,8.0,3.0,1.0,2.0,2.0,1.0,2.0,3.0,3.0,1.0,7.0,0.0,4.0,3.0,10.0,3.0,22.0,0.0,0.0,18.0,14.0,10.0,20,01
2002,223555,243,2.8,17.1,69.1,32.2,62.6,19.9,23.4,52.8,24.7,0.0,0.0,62.0,64.0,23.0,94.0,51.0,215.0,23.0,University of Kansas Cancer Center,"Johnson, Kansas",6.0,2.0,16.0,7.0,4.0,5.0,5.0,2.0,11.0,1.0,17.0,9.0,3.0,5.0,4.0,2.0,2.0,6.0,7.0,3.0,17.0,1.0,13.0,9.0,22.0,5.0,43.0,0.0,2.0,34.0,41.0,20.0,20,02
2003,206620,192,0.0,0.5,1.9,10.8,1.3,0.0,0.0,3.0,0.0,0.0,0.0,20.0,0.0,0.0,234.0,207.0,251.0,135.0,University of Kansas Cancer Center,"Johnson, Kansas",13.0,3.0,39.0,21.0,10.0,15.0,12.0,3.0,31.0,4.0,43.0,23.0,9.0,14.0,10.0,2.0,4.0,15.0,14.0,6.0,50.0,2.0,40.0,27.0,51.0,13.0,96.0,1.0,5.0,62.0,131.0,42.0,20,03
2004,213557,202,1.0,8.5,100.0,6.6,100.0,100.0,7.9,100.0,100.0,0.0,0.0,165.0,160.0,0.0,29.0,24.0,58.0,22.0,Stephenson Cancer Center (Oklahoma),"Oklahoma, Oklahoma",4.0,0.0,8.0,4.0,0.0,1.0,0.0,0.0,1.0,0.0,5.0,1.0,0.0,0.0,0.0,0.0,1.0,2.0,4.0,0.0,2.0,0.0,1.0,2.0,5.0,2.0,20.0,0.0,0.0,11.0,15.0,3.0,20,04
2101,240644,236,8.9,66.0,78.8,90.6,79.3,32.1,72.1,79.2,32.6,0.0,0.0,103.0,104.0,77.0,74.0,10.0,340.0,1.0,Vanderbilt-Ingram Cancer Center,"Davidson, Tennessee",4.0,2.0,11.0,6.0,3.0,8.0,5.0,3.0,4.0,2.0,17.0,5.0,1.0,4.0,4.0,3.0,2.0,5.0,6.0,2.0,22.0,0.0,15.0,12.0,16.0,4.0,26.0,0.0,1.0,18.0,49.0,6.0,21,01
2102,226951,208,0.0,52.5,60.1,46.5,59.2,1.3,59.2,96.0,18.1,0.0,0.0,89.0,67.0,67.0,75.0,29.0,420.0,10.0,Vanderbilt-Ingram Cancer Center,"Jefferson, Kentucky",4.0,2.0,8.0,5.0,3.0,8.0,6.0,4.0,5.0,4.0,16.0,6.0,1.0,4.0,5.0,1.0,1.0,3.0,7.0,2.0,17.0,0.0,10.0,11.0,17.0,3.0,33.0,0.0,1.0,18.0,50.0,7.0,21,02
2103,220421,212,0.0,0.0,0.0,0.0,0.0,0.0,0.0,99.9,0.0,0.0,0.0,72.0,0.0,0.0,162.0,153.0,442.0,144.0,Markey Cancer Center (Kentucky),"Jefferson, Kentucky",10.0,3.0,14.0,10.0,8.0,18.0,13.0,8.0,10.0,10.0,33.0,15.0,2.0,8.0,11.0,1.0,3.0,5.0,16.0,4.0,37.0,0.0,22.0,25.0,38.0,7.0,69.0,0.0,1.0,38.0,109.0,15.0,21,03
2104,224255,197,0.0,0.6,9.1,68.5,10.5,0.9,3.5,77.6,0.9,0.0,0.0,71.0,24.0,20.0,228.0,140.0,509.0,6.0,Markey Cancer Center (Kentucky),"Hamilton, Ohio",13.0,5.0,20.0,16.0,7.0,27.0,15.0,7.0,21.0,4.0,46.0,17.0,3.0,12.0,14.0,4.0,3.0,11.0,17.0,6.0,50.0,1.0,32.0,24.0,58.0,12.0,98.0,1.0,3.0,59.0,143.0,26.0,21,04
2105,240847,263,5.2,77.8,93.2,70.5,92.2,32.9,80.4,93.2,32.9,0.0,0.0,105.0,106.0,81.0,21.0,5.0,149.0,2.0,Markey Cancer Center (Kentucky),"Fayette, Kentucky",1.0,1.0,3.0,2.0,0.0,2.0,1.0,1.0,1.0,0.0,5.0,1.0,0.0,1.0,1.0,1.0,0.0,1.0,2.0,1.0,3.0,0.0,1.0,1.0,7.0,2.0,11.0,0.0,0.0,13.0,5.0,4.0,21,05
2106,210178,213,0.0,1.0,1.6,56.9,1.6,0.0,1.6,1.6,0.0,0.0,0.0,15.0,16.0,16.0,151.0,111.0,400.0,57.0,Markey Cancer Center (Kentucky),"Fayette, Kentucky",7.0,6.0,12.0,9.0,2.0,18.0,11.0,4.0,7.0,3.0,35.0,12.0,1.0,6.0,4.0,11.0,3.0,10.0,12.0,4.0,27.0,0.0,13.0,11.0,46.0,14.0,61.0,0.0,6.0,59.0,63.0,28.0,21,06
2201,242891,253,0.5,2.7,20.6,15.4,100.0,100.0,1.7,100.0,100.0,0.0,0.0,332.0,333.0,0.0,100.0,57.0,174.0,35.0,O'Neal Comprehensive Cancer Center (UAB),"Jefferson, Alabama",10.0,2.0,12.0,7.0,3.0,13.0,2.0,5.0,4.0,2.0,11.0,5.0,0.0,0.0,3.0,5.0,4.0,3.0,15.0,3.0,15.0,0.0,10.0,6.0,25.0,7.0,50.0,0.0,3.0,31.0,53.0,17.0,22,01
2202,221550,311,0.0,0.5,9.4,24.6,100.0,100.0,0.5,100.0,100.0,0.0,0.0,339.0,338.0,0.0,110.0,85.0,170.0,40.0,O'Neal Comprehensive Cancer Center (UAB),"Jefferson, Alabama",11.0,2.0,13.0,8.0,3.0,14.0,3.0,6.0,5.0,3.0,12.0,6.0,0.0,0.0,3.0,5.0,4.0,4.0,16.0,3.0,17.0,0.0,11.0,7.0,27.0,7.0,54.0,0.0,3.0,33.0,58.0,19.0,22,02
2203,221709,244,1.4,78.7,86.9,40.7,100.0,100.0,80.6,100.0,100.0,0.0,0.0,222.0,224.0,74.0,24.0,4.0,93.0,2.0,MD Anderson Cancer Center,"Harris, Texas",4.0,0.0,3.0,2.0,0.0,3.0,0.0,1.0,1.0,0.0,2.0,1.0,0.0,0.0,0.0,1.0,1.0,1.0,3.0,1.0,3.0,0.0,2.0,1.0,7.0,2.0,11.0,0.0,0.0,8.0,12.0,4.0,22,03
2204,228749,248,8.9,57.4,100.0,61.9,100.0,100.0,57.4,100.0,100.0,0.0,0.0,199.0,201.0,79.0,20.0,13.0,63.0,8.0,Harold C. Simmons Comprehensive Cancer Center (UTSW),"Dallas, Texas",1.0,0.0,5.0,1.0,0.0,6.0,0.0,0.0,0.0,0.0,2.0,2.0,0.0,0.0,2.0,0.0,0.0,1.0,0.0,0.0,1.0,1.0,0.0,1.0,4.0,0.0,13.0,0.0,1.0,5.0,14.0,1.0,22,04
2205,214262,239,7.6,36.0,94.7,53.0,100.0,100.0,35.4,100.0,100.0,0.0,0.0,284.0,286.0,38.0,48.0,28.0,120.0,16.0,MD Anderson Cancer Center,"Harris, Texas",5.0,0.0,6.0,4.0,1.0,5.0,2.0,1.0,6.0,0.0,9.0,4.0,1.0,1.0,2.0,1.0,1.0,2.0,4.0,2.0,6.0,0.0,2.0,2.0,11.0,3.0,28.0,1.0,0.0,10.0,28.0,10.0,22,05
2206,214532,264,0.4,33.5,100.0,28.4,100.0,100.0,37.1,100.0,100.0,0.0,0.0,237.0,238.0,12.0,41.0,32.0,115.0,29.0,MD Anderson Cancer Center,"Harris, Texas",4.0,0.0,5.0,3.0,0.0,5.0,2.0,1.0,5.0,0.0,8.0,3.0,0.0,1.0,2.0,0.0,1.0,2.0,2.0,1.0,5.0,0.0,2.0,2.0,10.0,2.0,25.0,1.0,0.0,8.0,25.0,8.0,22,06
2301,253317,187,0.4,0.4,98.3,0.0,99.5,39.9,14.4,100.0,37.2,0.0,0.0,109.0,110.0,26.0,64.0,39.0,459.0,33.0,Dana-Farber/Harvard Cancer Center,"Suffolk, Massachusetts",2.0,2.0,11.0,3.0,0.0,12.0,1.0,2.0,8.0,0.0,15.0,3.0,1.0,2.0,3.0,0.0,1.0,2.0,3.0,1.0,9.0,0.0,3.0,1.0,15.0,3.0,41.0,0.0,1.0,26.0,24.0,14.0,23,01
2302,260012,221,20.3,29.7,100.0,45.1,100.0,100.0,35.0,100.0,97.8,0.4,0.4,213.0,213.0,48.0,26.0,8.0,55.0,6.0,Dana-Farber/Harvard Cancer Center,"Suffolk, Massachusetts",1.0,1.0,5.0,1.0,0.0,4.0,1.0,1.0,2.0,0.0,6.0,1.0,0.0,0.0,1.0,0.0,1.0,1.0,1.0,0.0,4.0,0.0,0.0,0.0,7.0,2.0,16.0,0.0,0.0,13.0,5.0,8.0,23,02
2401,263465,193,0.0,2.3,35.1,21.7,42.4,9.9,3.7,40.6,7.3,0.0,0.0,50.0,49.0,28.0,335.0,125.0,962.0,11.0,UM Greenebaum Comprehensive Cancer Center,"Baltimore, Maryland",22.0,12.0,41.0,26.0,11.0,30.0,20.0,9.0,26.0,14.0,67.0,21.0,6.0,10.0,12.0,10.0,6.0,21.0,31.0,14.0,74.0,4.0,60.0,42.0,85.0,12.0,119.0,1.0,15.0,109.0,185.0,41.0,24,01
2402,242049,201,0.0,0.0,0.0,0.0,0.0,0.0,0.0,0.0,0.0,0.0,0.0,12.0,12.0,0.0,743.0,317.0,1118.0,51.0,UM Greenebaum Comprehensive Cancer Center,"Baltimore, Maryland",41.0,30.0,90.0,62.0,31.0,72.0,46.0,23.0,54.0,33.0,159.0,48.0,14.0,29.0,30.0,30.0,18.0,54.0,61.0,37.0,234.0,8.0,163.0,129.0,190.0,22.0,209.0,2.0,27.0,185.0,432.0,126.0,24,02
2403,225514,168,0.0,0.0,0.0,0.0,0.0,0.0,0.0,0.0,0.0,0.0,0.0,17.0,18.0,0.0,881.0,436.0,1109.0,35.0,UM Greenebaum Comprehensive Cancer Center,"Baltimore, Maryland",45.0,32.0,112.0,80.0,45.0,97.0,55.0,27.0,54.0,40.0,207.0,52.0,14.0,39.0,33.0,33.0,19.0,69.0,68.0,41.0,330.0,8.0,234.0,175.0,204.0,24.0,212.0,2.0,29.0,190.0,564.0,127.0,24,03
2404,200693,182,0.0,0.0,0.0,0.0,0.0,0.0,0.0,0.0,0.0,0.0,0.0,12.0,11.0,0.0,879.0,703.0,1014.0,34.0,Georgetown Lombardi Comprehensive Cancer Center,"District of Columbia, District of Columbia",45.0,32.0,112.0,80.0,45.0,97.0,55.0,27.0,55.0,40.0,207.0,52.0,14.0,39.0,33.0,33.0,19.0,69.0,68.0,41.0,330.0,8.0,234.0,176.0,203.0,24.0,212.0,2.0,29.0,189.0,564.0,127.0,24,04
2405,226617,171,0.0,3.6,9.2,47.0,8.0,0.0,5.4,8.0,0.0,0.0,0.0,26.0,27.0,0.0,719.0,247.0,993.0,16.0,Georgetown Lombardi Comprehensive Cancer Center,"District of Columbia, District of Columbia",37.0,26.0,93.0,67.0,38.0,79.0,45.0,22.0,43.0,31.0,171.0,42.0,11.0,32.0,26.0,27.0,16.0,57.0,54.0,33.0,272.0,6.0,189.0,145.0,164.0,21.0,177.0,2.0,22.0,149.0,464.0,106.0,24,05
2406,227062,194,0.0,9.9,24.4,26.5,18.9,0.0,13.4,35.6,0.0,0.0,0.0,48.0,35.0,35.0,585.0,178.0,860.0,59.0,Georgetown Lombardi Comprehensive Cancer Center,"Montgomery, Maryland",29.0,21.0,74.0,52.0,28.0,62.0,37.0,19.0,37.0,25.0,137.0,35.0,10.0,26.0,22.0,23.0,14.0,44.0,44.0,28.0,213.0,5.0,147.0,112.0,138.0,18.0,150.0,1.0,18.0,128.0,362.0,95.0,24,06
2407,210859,261,0.0,0.0,0.0,0.0,0.0,0.0,0.0,0.0,0.0,0.0,0.0,6.0,0.0,0.0,862.0,375.0,1136.0,234.0,UM Greenebaum Comprehensive Cancer Center,"Baltimore, Maryland",46.0,32.0,108.0,77.0,42.0,92.0,55.0,26.0,55.0,39.0,199.0,52.0,14.0,37.0,32.0,32.0,19.0,66.0,68.0,41.0,310.0,8.0,219.0,166.0,203.0,25.0,218.0,2.0,29.0,195.0,539.0,128.0,24,07
2408,239341,180,0.0,0.0,0.0,0.0,0.0,0.0,0.0,0.0,0.0,0.0,0.0,14.0,0.0,0.0,879.0,679.0,995.0,185.0,Georgetown Lombardi Comprehensive Cancer Center,"Montgomery, Maryland",45.0,32.0,112.0,80.0,45.0,97.0,55.0,27.0,55.0,40.0,206.0,52.0,14.0,39.0,33.0,33.0,19.0,69.0,68.0,41.0,330.0,8.0,234.0,176.0,203.0,24.0,211.0,2.0,29.0,189.0,564.0,126.0,24,08
2501,264982,188,0.0,0.4,22.0,11.3,76.7,0.0,0.4,83.3,0.0,0.0,0.0,68.0,66.0,34.0,195.0,32.0,934.0,15.0,Yale Cancer Center,"New Haven, Connecticut",9.0,7.0,26.0,11.0,8.0,22.0,13.0,4.0,14.0,4.0,35.0,14.0,3.0,8.0,15.0,4.0,5.0,10.0,12.0,9.0,47.0,3.0,33.0,25.0,53.0,9.0,69.0,1.0,5.0,71.0,104.0,20.0,25,01
2502,237706,179,0.0,3.5,20.1,20.8,24.8,0.0,4.0,26.2,0.0,0.0,0.0,45.0,39.0,0.0,568.0,116.0,920.0,38.0,Dana-Farber/Harvard Cancer Center,"Providence, Rhode Island",25.0,24.0,82.0,43.0,24.0,64.0,43.0,17.0,57.0,17.0,99.0,57.0,19.0,25.0,37.0,10.0,11.0,34.0,37.0,26.0,182.0,4.0,148.0,108.0,160.0,17.0,117.0,4.0,13.0,190.0,339.0,39.0,25,02
2503,229927,165,0.0,0.0,0.7,0.0,1.5,0.0,0.0,1.5,0.0,0.0,0.0,32.0,30.0,0.0,676.0,380.0,826.0,39.0,Dana-Farber/Harvard Cancer Center,"Suffolk, Massachusetts",31.0,29.0,101.0,53.0,30.0,70.0,52.0,21.0,72.0,20.0,121.0,70.0,25.0,30.0,46.0,11.0,13.0,41.0,42.0,31.0,220.0,4.0,185.0,131.0,193.0,19.0,126.0,6.0,16.0,230.0,403.0,43.0,25,03
2504,243254,166,0.0,0.0,0.0,0.0,0.0,0.0,0.0,0.0,0.0,0.0,0.0,35.0,20.0,0.0,731.0,334.0,854.0,19.0,Dana-Farber/Harvard Cancer Center,"Providence, Rhode Island",34.0,31.0,105.0,56.0,32.0,82.0,55.0,22.0,74.0,22.0,127.0,74.0,25.0,32.0,47.0,12.0,14.0,44.0,47.0,33.0,238.0,4.0,195.0,142.0,206.0,21.0,144.0,6.0,17.0,241.0,442.0,48.0,25,04
2505,226277,182,0.0,0.0,0.0,0.0,0.0,0.0,0.0,0.0,0.0,0.0,0.0,12.0,10.0,0.0,732.0,647.0,813.0,97.0,Dana-Farber/Harvard Cancer Center,"Suffolk, Massachusetts",34.0,31.0,105.0,56.0,31.0,83.0,55.0,22.0,74.0,22.0,127.0,75.0,25.0,32.0,48.0,12.0,14.0,44.0,48.0,33.0,238.0,4.0,195.0,142.0,207.0,20.0,146.0,6.0,17.0,243.0,442.0,48.0,25,05
2506,268523,167,0.0,0.0,0.0,0.0,0.0,0.0,0.0,0.0,0.0,0.0,0.0,21.0,20.0,0.0,686.0,524.0,790.0,33.0,Dana-Farber/Harvard Cancer Center,"Suffolk, Massachusetts",32.0,29.0,102.0,54.0,30.0,71.0,53.0,22.0,72.0,20.0,122.0,71.0,25.0,30.0,47.0,11.0,13.0,42.0,44.0,31.0,224.0,4.0,188.0,134.0,196.0,19.0,127.0,6.0,16.0,233.0,410.0,43.0,25,06
2507,166808,234,0.0,0.0,0.0,0.0,0.0,0.0,0.0,0.0,0.0,0.0,0.0,7.0,0.0,0.0,733.0,642.0,781.0,443.0,Dana-Farber/Harvard Cancer Center,"Suffolk, Massachusetts",34.0,31.0,105.0,56.0,31.0,83.0,55.0,22.0,74.0,22.0,127.0,75.0,25.0,32.0,48.0,12.0,14.0,44.0,48.0,33.0,238.0,4.0,195.0,142.0,207.0,20.0,146.0,6.0,17.0,243.0,442.0,48.0,25,07
2508,236064,214,0.0,0.0,0.0,0.0,0.0,0.0,0.0,0.0,0.0,0.0,0.0,18.0,16.0,0.0,730.0,645.0,775.0,139.0,Dana-Farber/Harvard Cancer Center,"Suffolk, Massachusetts",34.0,31.0,105.0,56.0,31.0,82.0,55.0,22.0,74.0,22.0,127.0,74.0,25.0,32.0,47.0,12.0,14.0,44.0,47.0,33.0,237.0,4.0,195.0,142.0,205.0,20.0,145.0,6.0,17.0,240.0,442.0,48.0,25,08
2509,310187,187,1.3,17.9,34.9,41.4,36.6,0.0,34.0,40.7,0.0,0.0,0.0,57.0,44.0,41.0,439.0,87.0,755.0,3.0,Dana-Farber/Harvard Cancer Center,"Suffolk, Massachusetts",21.0,19.0,64.0,34.0,19.0,49.0,33.0,13.0,44.0,13.0,73.0,44.0,15.0,19.0,28.0,7.0,9.0,27.0,30.0,19.0,143.0,2.0,117.0,85.0,124.0,12.0,86.0,4.0,10.0,146.0,265.0,28.0,25,09
2601,320081,309,27.9,75.1,100.0,69.5,100.0,97.7,65.4,100.0,100.0,0.0,0.0,244.0,189.0,73.0,12.0,3.0,45.0,3.0,University of Michigan Rogel Cancer Center,"Kent, Michigan",1.0,0.0,2.0,0.0,1.0,1.0,1.0,0.0,0.0,0.0,2.0,1.0,0.0,0.0,1.0,0.0,1.0,0.0,1.0,0.0,2.0,0.0,0.0,0.0,3.0,1.0,7.0,0.0,0.0,9.0,0.0,3.0,26,01
2602,261534,214,6.9,11.0,51.7,54.9,51.9,10.1,15.2,100.0,75.8,0.0,0.0,151.0,62.0,43.0,129.0,32.0,292.0,30.0,University of Michigan Rogel Cancer Center,"Kent, Michigan",8.0,3.0,20.0,17.0,11.0,16.0,7.0,4.0,5.0,5.0,26.0,8.0,1.0,6.0,6.0,4.0,5.0,11.0,12.0,5.0,48.0,0.0,36.0,21.0,20.0,5.0,47.0,0.0,1.0,33.0,82.0,14.0,26,02
2603,210759,192,0.0,0.0,0.0,0.0,0.0,0.0,0.0,100.0,100.0,0.0,0.0,131.0,0.0,0.0,230.0,172.0,285.0,160.0,University of Michigan Rogel Cancer Center,"Kent, Michigan",15.0,5.0,37.0,36.0,23.0,32.0,14.0,6.0,9.0,10.0,49.0,12.0,2.0,11.0,9.0,6.0,8.0,24.0,22.0,8.0,100.0,0.0,79.0,46.0,27.0,7.0,69.0,0.0,1.0,35.0,180.0,15.0,26,03
2604,227676,210,0.0,0.0,29.2,28.4,34.1,0.0,0.0,100.0,38.1,0.0,0.0,110.0,55.0,13.0,175.0,65.0,446.0,20.0,University of Michigan Rogel Cancer Center,"Kent, Michigan",12.0,4.0,28.0,25.0,16.0,24.0,10.0,5.0,7.0,7.0,36.0,10.0,1.0,9.0,7.0,4.0,7.0,17.0,16.0,6.0,71.0,0.0,54.0,31.0,23.0,6.0,59.0,0.0,1.0,36.0,123.0,16.0,26,04
2605,265981,226,0.0,0.4,44.4,59.1,45.5,0.0,0.0,45.5,1.3,0.0,0.0,53.0,53.0,21.0,202.0,42.0,594.0,13.0,University of Michigan Rogel Cancer Center,"Washtenaw, Michigan",10.0,5.0,21.0,14.0,9.0,16.0,15.0,8.0,12.0,6.0,34.0,15.0,2.0,9.0,12.0,7.0,5.0,10.0,16.0,8.0,48.0,2.0,27.0,25.0,59.0,8.0,77.0,2.0,5.0,71.0,101.0,31.0,26,05
2606,227991,218,0.0,0.0,0.0,0.0,0.0,0.0,0.0,0.0,0.0,0.0,0.0,18.0,0.0,0.0,460.0,312.0,488.0,256.0,University of Michigan Rogel Cancer Center,"Wayne, Michigan",25.0,13.0,53.0,38.0,22.0,42.0,33.0,18.0,25.0,16.0,86.0,31.0,5.0,21.0,27.0,16.0,6.0,24.0,36.0,14.0,127.0,6.0,80.0,81.0,119.0,15.0,148.0,4.0,13.0,119.0,300.0,41.0,26,06
2607,238744,225,0.0,0.0,20.0,35.4,44.1,0.0,0.0,53.3,0.0,0.0,0.0,63.0,59.0,0.0,237.0,99.0,614.0,50.0,University of Michigan Rogel Cancer Center,"Washtenaw, Michigan",13.0,7.0,28.0,17.0,10.0,18.0,15.0,10.0,15.0,7.0,39.0,16.0,3.0,11.0,14.0,8.0,5.0,11.0,21.0,9.0,56.0,3.0,33.0,28.0,71.0,9.0,85.0,3.0,8.0,87.0,114.0,36.0,26,07
2608,257373,243,0.0,0.0,53.6,0.0,50.1,0.6,0.0,62.6,3.5,0.0,0.0,72.0,60.0,0.0,162.0,54.0,533.0,43.0,University of Michigan Rogel Cancer Center,"Oakland, Michigan",10.0,4.0,22.0,10.0,6.0,11.0,10.0,7.0,11.0,4.0,29.0,11.0,2.0,9.0,9.0,6.0,4.0,7.0,15.0,5.0,35.0,1.0,17.0,16.0,49.0,7.0,65.0,1.0,6.0,65.0,68.0,29.0,26,08
2609,264712,215,0.4,1.6,28.1,5.1,28.9,1.7,1.3,29.4,1.8,0.0,0.0,46.0,41.0,0.0,258.0,73.0,459.0,52.0,Karmanos Cancer Institute (Wayne State),"Oakland, Michigan",16.0,7.0,35.0,20.0,11.0,25.0,16.0,10.0,16.0,9.0,50.0,15.0,2.0,12.0,16.0,8.0,5.0,13.0,21.0,5.0,68.0,3.0,39.0,44.0,61.0,11.0,94.0,2.0,8.0,71.0,157.0,30.0,26,09
2610,250435,225,0.0,0.0,0.0,0.0,0.0,0.0,0.0,0.0,0.0,0.0,0.0,21.0,22.0,0.0,422.0,291.0,480.0,62.0,Karmanos Cancer Institute (Wayne State),"Wayne, Michigan",24.0,11.0,51.0,32.0,19.0,40.0,28.0,17.0,24.0,15.0,78.0,27.0,4.0,20.0,25.0,14.0,6.0,19.0,35.0,12.0,115.0,6.0,72.0,73.0,107.0,15.0,140.0,3.0,13.0,109.0,274.0,40.0,26,10
2611,247297,225,0.0,0.0,0.0,0.0,0.0,0.0,0.0,0.0,0.0,0.0,0.0,20.0,0.0,0.0,451.0,298.0,481.0,115.0,Karmanos Cancer Institute (Wayne State),"Oakland, Michigan",25.0,12.0,54.0,35.0,20.0,41.0,30.0,18.0,25.0,16.0,81.0,30.0,5.0,21.0,27.0,16.0,6.0,21.0,37.0,14.0,123.0,6.0,79.0,77.0,117.0,15.0,146.0,4.0,14.0,120.0,291.0,40.0,26,11
2612,225488,254,0.0,0.0,0.0,0.0,0.0,0.0,0.0,0.0,0.0,0.0,0.0,14.0,0.0,0.0,452.0,371.0,482.0,275.0,Karmanos Cancer Institute (Wayne State),"Wayne, Michigan",25.0,12.0,53.0,36.0,20.0,41.0,31.0,18.0,25.0,16.0,82.0,30.0,5.0,21.0,27.0,16.0,6.0,21.0,36.0,14.0,123.0,6.0,79.0,77.0,117.0,15.0,147.0,4.0,13.0,119.0,293.0,40.0,26,12
2613,213730,319,0.0,0.0,0.0,0.0,0.0,0.0,0.0,0.0,0.0,0.0,0.0,12.0,0.0,0.0,457.0,334.0,481.0,304.0,Karmanos Cancer Institute (Wayne State),"Wayne, Michigan",25.0,12.0,54.0,37.0,21.0,42.0,32.0,18.0,25.0,16.0,84.0,31.0,5.0,21.0,27.0,16.0,6.0,22.0,36.0,14.0,126.0,6.0,80.0,79.0,117.0,15.0,148.0,4.0,13.0,118.0,298.0,40.0,26,13
2701,224278,183,0.3,12.2,37.6,60.2,37.1,2.9,24.5,38.7,9.6,0.0,0.0,50.0,50.0,42.0,208.0,70.0,423.0,62.0,Mayo Clinic Cancer Center – Rochester,"Olmsted, Minnesota",8.0,14.0,23.0,15.0,6.0,18.0,10.0,9.0,13.0,8.0,33.0,23.0,6.0,9.0,17.0,8.0,6.0,12.0,14.0,14.0,52.0,1.0,40.0,39.0,54.0,8.0,59.0,2.0,5.0,70.0,121.0,17.0,27,01
2702,200823,165,0.0,0.0,2.0,9.7,2.7,0.0,0.0,2.0,0.0,0.0,0.0,21.0,23.0,0.0,241.0,184.0,483.0,35.0,Masonic Cancer Center (Minnesota),"Ramsey, Minnesota",12.0,6.0,37.0,17.0,9.0,35.0,13.0,8.0,18.0,4.0,47.0,18.0,6.0,13.0,13.0,4.0,6.0,9.0,21.0,9.0,53.0,0.0,31.0,27.0,61.0,14.0,103.0,2.0,3.0,75.0,135.0,32.0,27,02
2703,222162,174,0.0,0.0,0.0,0.0,0.0,0.0,0.0,0.0,0.0,0.0,0.0,16.0,0.0,0.0,244.0,232.0,485.0,195.0,Masonic Cancer Center (Minnesota),"Hennepin, Minnesota",12.0,6.0,38.0,17.0,9.0,36.0,13.0,8.0,18.0,4.0,48.0,18.0,6.0,13.0,13.0,4.0,6.0,9.0,22.0,9.0,53.0,0.0,31.0,27.0,61.0,14.0,105.0,2.0,3.0,76.0,136.0,32.0,27,03
2704,196085,183,0.0,0.0,0.0,0.0,0.0,0.0,0.0,0.0,0.0,0.0,0.0,14.0,0.0,0.0,242.0,233.0,486.0,88.0,Masonic Cancer Center (Minnesota),"Ramsey, Minnesota",12.0,6.0,38.0,17.0,9.0,36.0,13.0,8.0,18.0,4.0,47.0,18.0,6.0,13.0,13.0,4.0,6.0,9.0,21.0,9.0,53.0,0.0,31.0,27.0,61.0,14.0,104.0,2.0,3.0,74.0,136.0,32.0,27,04
2705,168655,205,0.0,0.0,0.0,0.0,0.0,0.0,0.0,0.0,0.0,0.0,0.0,7.0,0.0,0.0,242.0,242.0,486.0,197.0,Masonic Cancer Center (Minnesota),"Hennepin, Minnesota",12.0,6.0,38.0,17.0,9.0,36.0,13.0,8.0,18.0,4.0,47.0,18.0,6.0,13.0,13.0,4.0,6.0,9.0,21.0,9.0,53.0,0.0,31.0,27.0,61.0,14.0,104.0,2.0,3.0,74.0,136.0,32.0,27,05
2706,192391,169,0.0,0.0,19.1,18.3,19.1,0.0,0.0,21.1,0.0,0.0,0.0,34.0,31.0,0.0,206.0,107.0,387.0,36.0,Masonic Cancer Center (Minnesota),"Hennepin, Minnesota",10.0,5.0,32.0,14.0,7.0,29.0,11.0,7.0,15.0,3.0,40.0,15.0,5.0,11.0,11.0,4.0,5.0,8.0,20.0,7.0,43.0,0.0,24.0,22.0,52.0,12.0,93.0,2.0,2.0,69.0,108.0,29.0,27,06
2707,249207,226,14.7,41.4,92.9,66.2,92.4,58.4,41.1,94.7,68.4,0.0,0.0,148.0,129.0,56.0,39.0,9.0,141.0,5.0,Masonic Cancer Center (Minnesota),"Hennepin, Minnesota",2.0,1.0,6.0,2.0,2.0,3.0,3.0,2.0,1.0,0.0,7.0,2.0,0.0,2.0,2.0,2.0,2.0,1.0,4.0,1.0,5.0,0.0,1.0,1.0,12.0,3.0,22.0,0.0,0.0,23.0,8.0,8.0,27,07
2708,259085,243,9.1,18.6,81.1,12.8,81.1,69.8,9.6,81.1,70.3,0.0,0.0,158.0,151.0,0.0,79.0,31.0,148.0,34.0,Masonic Cancer Center (Minnesota),"Ramsey, Minnesota",4.0,2.0,11.0,4.0,3.0,9.0,4.0,3.0,6.0,1.0,16.0,6.0,1.0,3.0,4.0,2.0,3.0,3.0,6.0,3.0,13.0,0.0,6.0,5.0,25.0,5.0,38.0,0.0,1.0,35.0,26.0,18.0,27,08
2801,213708,199,3.4,3.4,68.4,48.8,68.4,13.2,5.1,68.4,11.5,0.0,0.0,91.0,94.0,25.0,58.0,36.0,123.0,13.0,St. Jude Children's Research Hospital,"Shelby, Tennessee",3.0,0.0,12.0,4.0,1.0,2.0,1.0,3.0,6.0,0.0,15.0,1.0,1.0,1.0,1.0,1.0,1.0,4.0,3.0,0.0,7.0,0.0,2.0,4.0,18.0,3.0,29.0,0.0,1.0,22.0,24.0,12.0,28,01
2802,222336,241,29.2,29.8,99.7,71.4,99.7,83.4,30.4,97.3,80.4,0.0,0.0,192.0,200.0,38.0,22.0,11.0,69.0,8.0,St. Jude Children's Research Hospital,"Shelby, Tennessee",1.0,0.0,4.0,1.0,0.0,2.0,1.0,2.0,1.0,0.0,5.0,1.0,0.0,0.0,0.0,1.0,2.0,1.0,2.0,0.0,2.0,0.0,0.0,0.0,7.0,2.0,13.0,0.0,0.0,10.0,6.0,6.0,28,02
2803,215538,215,32.5,47.7,100.0,97.2,100.0,100.0,49.5,100.0,100.0,0.0,0.0,208.0,213.0,59.0,18.0,10.0,75.0,1.0,O'Neal Comprehensive Cancer Center (UAB),"Jefferson, Alabama",1.0,0.0,3.0,1.0,0.0,2.0,0.0,1.0,1.0,0.0,4.0,2.0,0.0,0.0,0.0,0.0,1.0,1.0,2.0,0.0,2.0,0.0,0.0,0.0,5.0,2.0,11.0,0.0,0.0,6.0,8.0,4.0,28,03
2804,220491,242,3.1,49.9,95.4,63.7,100.0,100.0,59.4,100.0,100.0,0.0,0.0,284.0,283.0,64.0,29.0,5.0,149.0,3.0,O'Neal Comprehensive Cancer Center (UAB),"Jefferson, Alabama",1.0,0.0,4.0,3.0,0.0,3.0,0.0,1.0,2.0,0.0,7.0,3.0,0.0,0.0,2.0,1.0,0.0,0.0,1.0,0.0,3.0,0.0,1.0,1.0,6.0,2.0,18.0,1.0,0.0,8.0,19.0,2.0,28,04
2901,217082,232,0.0,0.0,0.0,0.0,0.0,0.0,0.0,0.0,0.0,0.0,0.0,14.0,0.0,0.0,459.0,448.0,480.0,236.0,Siteman Cancer Center (WashU),"St. Louis, Missouri",24.0,12.0,70.0,35.0,24.0,47.0,36.0,20.0,24.0,14.0,88.0,37.0,10.0,18.0,21.0,17.0,9.0,35.0,42.0,22.0,121.0,2.0,102.0,73.0,114.0,19.0,139.0,2.0,10.0,132.0,275.0,52.0,29,01
2902,258013,191,0.0,0.0,4.0,3.0,4.0,0.0,0.0,4.8,0.0,0.0,0.0,20.0,0.0,0.0,438.0,342.0,477.0,127.0,Siteman Cancer Center (WashU),"St. Louis, Missouri",23.0,11.0,67.0,33.0,23.0,45.0,34.0,19.0,23.0,13.0,84.0,35.0,10.0,17.0,20.0,16.0,9.0,33.0,40.0,21.0,115.0,2.0,97.0,70.0,109.0,18.0,133.0,2.0,10.0,127.0,261.0,50.0,29,02
2903,236456,202,1.0,2.6,48.8,29.6,49.2,17.8,1.8,50.2,30.2,0.0,0.0,62.0,54.0,0.0,251.0,142.0,367.0,29.0,Siteman Cancer Center (WashU),"St. Louis, Missouri",14.0,6.0,38.0,19.0,13.0,25.0,19.0,11.0,12.0,7.0,49.0,19.0,5.0,10.0,12.0,9.0,6.0,18.0,22.0,12.0,62.0,1.0,51.0,36.0,63.0,11.0,83.0,1.0,5.0,78.0,142.0,30.0,29,03
2904,242024,216,7.3,19.6,71.1,58.1,68.5,36.8,19.7,74.2,46.1,0.0,0.0,116.0,102.0,38.0,90.0,39.0,195.0,15.0,University of Kansas Cancer Center,"Jackson, Missouri",5.0,1.0,15.0,7.0,3.0,7.0,4.0,2.0,10.0,1.0,17.0,7.0,3.0,5.0,4.0,2.0,2.0,5.0,5.0,2.0,17.0,1.0,12.0,8.0,21.0,5.0,42.0,0.0,2.0,30.0,43.0,16.0,29,04
2905,215540,246,0.0,0.0,0.0,0.0,0.0,0.0,0.0,0.0,0.0,0.0,0.0,22.0,0.0,0.0,242.0,233.0,253.0,91.0,University of Kansas Cancer Center,"Jackson, Missouri",13.0,4.0,39.0,21.0,10.0,15.0,12.0,3.0,32.0,4.0,44.0,23.0,9.0,14.0,10.0,3.0,4.0,15.0,15.0,6.0,51.0,2.0,41.0,28.0,54.0,13.0,99.0,1.0,5.0,65.0,134.0,43.0,29,05
2906,240042,227,19.8,28.2,49.1,62.2,59.2,18.2,28.9,50.9,20.3,0.0,0.0,61.0,67.0,34.0,140.0,54.0,259.0,14.0,University of Kansas Cancer Center,"Jackson, Missouri",8.0,3.0,22.0,12.0,6.0,9.0,8.0,3.0,15.0,2.0,25.0,13.0,4.0,8.0,6.0,3.0,3.0,9.0,10.0,4.0,29.0,1.0,23.0,16.0,34.0,7.0,56.0,0.0,3.0,44.0,72.0,24.0,29,06
2907,237424,201,0.0,0.5,100.0,47.4,100.0,100.0,1.5,100.0,100.0,0.0,0.0,183.0,172.0,15.0,51.0,34.0,102.0,24.0,University of Kansas Cancer Center,"Jackson, Missouri",3.0,2.0,9.0,4.0,1.0,7.0,1.0,3.0,1.0,0.0,8.0,1.0,0.0,3.0,4.0,3.0,2.0,3.0,3.0,1.0,4.0,0.0,0.0,0.0,13.0,2.0,35.0,0.0,1.0,28.0,16.0,8.0,29,07
2908,250509,216,26.0,29.6,75.6,53.5,79.0,47.2,30.6,79.6,48.2,0.0,0.0,114.0,114.0,32.0,122.0,66.0,262.0,12.0,Siteman Cancer Center (WashU),"St. Louis, Missouri",8.0,3.0,18.0,8.0,6.0,11.0,9.0,6.0,6.0,3.0,23.0,9.0,2.0,5.0,6.0,5.0,4.0,8.0,11.0,6.0,28.0,0.0,21.0,15.0,31.0,6.0,46.0,0.0,2.0,45.0,57.0,20.0,29,08
3001,181957,150,25.3,25.6,100.0,36.4,100.0,100.0,20.6,100.0,100.0,0.0,0.0,490.0,358.0,0.0,44.0,29.0,63.0,36.0,Fred Hutch/UW/Seattle Children's Cancer Consortium,"Yellowstone, Montana",3.0,1.0,4.0,1.0,1.0,3.0,3.0,1.0,5.0,0.0,8.0,3.0,1.0,2.0,1.0,2.0,3.0,2.0,5.0,2.0,6.0,0.0,0.0,0.0,17.0,3.0,25.0,0.0,0.0,24.0,1.0,20.0,30,01
3002,183252,170,27.3,48.8,70.8,39.2,67.8,60.9,47.3,100.0,100.0,0.6,0.6,543.0,202.0,56.0,45.0,35.0,67.0,40.0,Huntsman Cancer Institute (Utah),"Yellowstone, Montana",3.0,1.0,5.0,2.0,1.0,4.0,2.0,1.0,5.0,0.0,8.0,3.0,0.0,2.0,1.0,2.0,2.0,2.0,6.0,2.0,5.0,0.0,0.0,1.0,15.0,2.0,27.0,0.0,0.0,20.0,10.0,16.0,30,02
3101,178333,170,8.8,16.0,22.2,26.5,41.4,0.0,16.4,45.0,0.6,0.0,0.0,59.0,58.0,0.0,163.0,72.0,242.0,25.0,Fred & Pamela Buffett Cancer Center (UNMC),"Douglas, Nebraska",8.0,6.0,20.0,15.0,10.0,14.0,11.0,9.0,7.0,4.0,34.0,12.0,2.0,6.0,11.0,6.0,4.0,11.0,23.0,7.0,31.0,1.0,21.0,17.0,43.0,10.0,71.0,0.0,1.0,38.0,109.0,16.0,31,01
3102,164957,182,0.0,0.0,0.0,4.6,0.0,0.0,0.0,0.0,0.0,0.0,0.0,10.0,0.0,0.0,221.0,203.0,246.0,191.0,Fred & Pamela Buffett Cancer Center (UNMC),"Douglas, Nebraska",10.0,9.0,25.0,19.0,13.0,21.0,15.0,12.0,11.0,5.0,40.0,18.0,2.0,8.0,14.0,8.0,6.0,16.0,32.0,9.0,42.0,1.0,30.0,23.0,63.0,13.0,90.0,0.0,2.0,56.0,143.0,22.0,31,02
3103,218473,210,33.7,56.5,93.9,72.5,93.9,74.9,60.3,93.9,74.9,0.0,0.0,164.0,154.0,76.0,27.0,9.0,93.0,3.0,Fred & Pamela Buffett Cancer Center (UNMC),"Douglas, Nebraska",1.0,1.0,4.0,2.0,1.0,2.0,1.0,1.0,1.0,0.0,6.0,2.0,0.0,1.0,2.0,1.0,0.0,1.0,3.0,1.0,4.0,0.0,2.0,2.0,7.0,2.0,14.0,0.0,0.0,9.0,15.0,2.0,31,03
3201,218590,207,0.0,0.0,100.0,0.0,100.0,100.0,0.0,100.0,100.0,0.0,0.0,253.0,270.0,0.0,86.0,84.0,92.0,86.0,City of Hope,"Orange, California",6.0,1.0,12.0,4.0,4.0,15.0,3.0,3.0,8.0,2.0,12.0,5.0,2.0,3.0,2.0,2.0,4.0,5.0,6.0,3.0,21.0,0.0,7.0,5.0,24.0,7.0,43.0,0.0,0.0,22.0,46.0,18.0,32,01
3202,249605,225,15.7,16.4,100.0,32.3,100.0,97.2,14.9,100.0,97.4,0.3,0.3,139.0,142.0,0.0,55.0,39.0,71.0,37.0,UC Davis Comprehensive Cancer Center,"Sacramento, California",0.0,1.0,13.0,4.0,3.0,7.0,0.0,2.0,1.0,1.0,15.0,3.0,0.0,1.0,1.0,1.0,2.0,3.0,1.0,2.0,3.0,0.0,1.0,2.0,9.0,6.0,37.0,0.0,1.0,21.0,31.0,3.0,32,02
3203,228591,195,0.0,2.2,100.0,0.0,100.0,100.0,0.0,100.0,100.0,0.0,0.0,250.0,268.0,0.0,84.0,82.0,90.0,86.0,City of Hope,"Orange, California",6.0,1.0,12.0,4.0,4.0,15.0,3.0,3.0,8.0,2.0,12.0,5.0,2.0,3.0,2.0,2.0,4.0,5.0,6.0,3.0,21.0,0.0,7.0,5.0,23.0,7.0,42.0,0.0,0.0,22.0,45.0,18.0,32,03
3204,217795,204,10.5,15.8,100.0,2.6,100.0,100.0,11.1,100.0,100.0,0.3,0.3,259.0,277.0,0.0,70.0,66.0,85.0,75.0,City of Hope,"Orange, California",5.0,1.0,10.0,3.0,3.0,12.0,2.0,2.0,7.0,2.0,10.0,4.0,2.0,2.0,2.0,2.0,3.0,4.0,5.0,3.0,17.0,0.0,5.0,4.0,20.0,6.0,35.0,0.0,0.0,18.0,37.0,15.0,32,04
3301,240381,173,0.2,1.5,36.6,36.2,38.6,3.5,4.8,37.4,0.0,0.0,0.0,57.0,56.0,42.0,433.0,19.0,743.0,7.0,Dana-Farber/Harvard Cancer Center,"Suffolk, Massachusetts",19.0,18.0,67.0,33.0,19.0,46.0,32.0,15.0,45.0,12.0,80.0,43.0,16.0,19.0,29.0,7.0,9.0,26.0,26.0,19.0,137.0,2.0,114.0,80.0,124.0,13.0,89.0,4.0,10.0,153.0,249.0,30.0,33,01
3302,247717,179,2.8,5.7,59.0,25.7,67.4,16.9,15.9,28.9,1.3,0.0,0.0,51.0,75.0,42.0,267.0,25.0,672.0,18.0,Dartmouth Cancer Center,"Suffolk, Massachusetts",13.0,10.0,41.0,20.0,12.0,26.0,19.0,9.0,27.0,7.0,51.0,26.0,9.0,12.0,17.0,5.0,6.0,16.0,16.0,11.0,77.0,1.0,64.0,44.0,77.0,9.0,64.0,2.0,7.0,99.0,146.0,22.0,33,02
3401,231868,188,0.0,0.0,0.0,0.0,0.0,0.0,0.0,0.0,0.0,0.0,0.0,18.0,18.0,0.0,560.0,436.0,1528.0,49.0,Sidney Kimmel Cancer Center (Jefferson),"Philadelphia, Pennsylvania",41.0,11.0,67.0,47.0,22.0,57.0,36.0,11.0,39.0,18.0,101.0,50.0,10.0,24.0,27.0,16.0,13.0,30.0,49.0,17.0,147.0,2.0,130.0,81.0,144.0,22.0,158.0,4.0,21.0,182.0,335.0,42.0,34,01
3402,274580,234,0.0,8.6,35.8,8.0,34.8,0.0,8.6,45.1,0.0,0.0,0.0,58.0,53.0,34.0,308.0,55.0,1100.0,10.0,Sidney Kimmel Cancer Center (Jefferson),"Philadelphia, Pennsylvania",22.0,7.0,37.0,23.0,11.0,31.0,20.0,7.0,23.0,9.0,54.0,25.0,5.0,14.0,15.0,8.0,7.0,15.0,27.0,11.0,76.0,1.0,65.0,42.0,83.0,12.0,91.0,3.0,12.0,116.0,164.0,28.0,34,02
3403,253240,175,0.0,0.0,0.0,0.0,0.0,0.0,0.0,0.0,0.0,0.0,0.0,22.0,20.0,11.0,832.0,349.0,1490.0,59.0,Sidney Kimmel Cancer Center (Jefferson),"Philadelphia, Pennsylvania",56.0,24.0,108.0,66.0,33.0,81.0,54.0,20.0,60.0,25.0,150.0,75.0,17.0,36.0,44.0,20.0,20.0,46.0,66.0,28.0,222.0,5.0,207.0,131.0,238.0,28.0,190.0,8.0,32.0,309.0,474.0,50.0,34,03
3404,273117,178,0.0,0.0,0.0,0.0,0.0,0.0,0.0,0.0,0.0,0.0,0.0,38.0,21.0,0.0,706.0,144.0,1427.0,98.0,Rutgers Cancer Institute of New Jersey,"Monmouth, New Jersey",48.0,23.0,102.0,54.0,28.0,64.0,48.0,19.0,52.0,18.0,126.0,62.0,13.0,29.0,40.0,14.0,19.0,36.0,51.0,26.0,175.0,5.0,166.0,101.0,229.0,22.0,155.0,8.0,24.0,303.0,357.0,45.0,34,04
3405,262078,173,0.0,0.0,0.2,0.0,0.2,0.0,0.0,5.7,0.0,0.0,0.0,19.0,0.0,0.0,1157.0,867.0,1485.0,292.0,Montefiore Einstein Cancer Center,"Bergen, New Jersey",65.0,49.0,149.0,91.0,54.0,111.0,73.0,31.0,94.0,40.0,210.0,105.0,34.0,53.0,68.0,20.0,28.0,72.0,93.0,43.0,336.0,9.0,303.0,210.0,325.0,35.0,233.0,12.0,39.0,415.0,688.0,54.0,34,05
3406,218307,193,0.0,0.0,0.0,0.0,0.0,0.0,0.0,0.0,0.0,0.0,0.0,14.0,0.0,0.0,1173.0,449.0,1487.0,208.0,Rutgers Cancer Institute of New Jersey,"Middlesex, New Jersey",68.0,49.0,152.0,94.0,54.0,110.0,74.0,31.0,94.0,39.0,212.0,105.0,34.0,55.0,67.0,21.0,28.0,72.0,94.0,44.0,340.0,9.0,310.0,211.0,331.0,34.0,232.0,13.0,41.0,422.0,696.0,54.0,34,06
3407,260686,175,0.0,0.0,0.1,0.0,0.1,0.0,0.0,3.6,0.0,0.0,0.0,32.0,23.0,0.0,1066.0,393.0,1478.0,61.0,Rutgers Cancer Institute of New Jersey,"Somerset, New Jersey",63.0,42.0,139.0,83.0,47.0,100.0,68.0,28.0,85.0,33.0,192.0,96.0,29.0,49.0,62.0,21.0,26.0,63.0,84.0,39.0,299.0,8.0,274.0,185.0,307.0,32.0,218.0,12.0,37.0,395.0,617.0,53.0,34,07
3408,171844,205,0.0,0.0,0.0,0.0,0.0,0.0,0.0,0.0,0.0,0.0,0.0,14.0,11.0,6.0,1231.0,1146.0,1498.0,24.0,Mount Sinai Tisch Cancer Center,"New York, New York",69.0,52.0,159.0,99.0,57.0,118.0,76.0,33.0,99.0,44.0,223.0,112.0,37.0,56.0,71.0,22.0,30.0,77.0,100.0,46.0,360.0,10.0,325.0,226.0,342.0,37.0,245.0,14.0,42.0,435.0,740.0,55.0,34,08
3409,211883,175,0.0,0.0,0.0,0.0,0.0,0.0,0.0,0.0,0.0,0.0,0.0,18.0,6.0,6.0,1226.0,1090.0,1495.0,170.0,Montefiore Einstein Cancer Center,"Bergen, New Jersey",69.0,52.0,158.0,98.0,57.0,118.0,76.0,33.0,99.0,44.0,222.0,111.0,37.0,56.0,71.0,22.0,30.0,77.0,100.0,46.0,359.0,10.0,324.0,226.0,341.0,37.0,244.0,13.0,41.0,433.0,737.0,55.0,34,09
3410,201966,213,0.0,0.0,0.0,0.0,0.0,0.0,0.0,0.0,0.0,0.0,0.0,20.0,16.0,0.0,1227.0,1136.0,1500.0,36.0,Mount Sinai Tisch Cancer Center,"New York, New York",69.0,52.0,158.0,99.0,57.0,118.0,76.0,33.0,99.0,44.0,221.0,111.0,37.0,56.0,71.0,22.0,30.0,77.0,100.0,46.0,359.0,10.0,324.0,225.0,340.0,38.0,244.0,14.0,41.0,433.0,739.0,55.0,34,10
3411,242747,168,0.0,0.0,0.0,0.0,0.0,0.0,0.0,0.0,0.0,0.0,0.0,29.0,21.0,0.0,1219.0,749.0,1496.0,48.0,Montefiore Einstein Cancer Center,"Bergen, New Jersey",69.0,52.0,156.0,97.0,56.0,116.0,76.0,32.0,99.0,42.0,221.0,111.0,37.0,56.0,71.0,22.0,29.0,76.0,100.0,46.0,356.0,10.0,323.0,223.0,339.0,36.0,243.0,14.0,40.0,431.0,733.0,56.0,34,11
3412,229493,173,0.0,0.0,0.0,0.0,0.0,0.0,0.0,0.0,0.0,0.0,0.0,17.0,0.0,0.0,1207.0,321.0,1477.0,152.0,Rutgers Cancer Institute of New Jersey,"Middlesex, New Jersey",72.0,46.0,154.0,95.0,51.0,114.0,77.0,31.0,94.0,39.0,215.0,110.0,33.0,56.0,68.0,26.0,28.0,72.0,95.0,43.0,343.0,9.0,322.0,212.0,345.0,35.0,233.0,13.0,47.0,454.0,694.0,59.0,34,12
3501,239554,205,5.1,7.4,67.0,12.3,100.0,100.0,6.6,7.4,5.5,0.0,0.0,12.0,414.0,0.0,95.0,82.0,104.0,67.0,UNM Comprehensive Cancer Center,"Denver, Colorado",3.0,2.0,17.0,6.0,4.0,17.0,4.0,4.0,7.0,3.0,17.0,4.0,1.0,5.0,3.0,3.0,2.0,3.0,6.0,2.0,14.0,1.0,2.0,5.0,29.0,8.0,49.0,0.0,1.0,32.0,42.0,21.0,35,01
3502,202681,217,37.2,44.0,100.0,47.3,100.0,100.0,46.3,70.8,66.1,0.0,0.0,210.0,342.0,58.0,37.0,26.0,50.0,23.0,UNM Comprehensive Cancer Center,"Pima, Arizona",1.0,1.0,8.0,3.0,1.0,6.0,1.0,1.0,2.0,1.0,7.0,2.0,0.0,2.0,1.0,1.0,1.0,1.0,2.0,1.0,5.0,0.0,1.0,2.0,10.0,3.0,21.0,0.0,0.0,12.0,18.0,7.0,35,02
3503,225217,237,40.7,79.0,97.8,46.9,100.0,100.0,83.1,83.1,60.2,0.0,0.0,144.0,360.0,116.0,15.0,5.0,52.0,5.0,UNM Comprehensive Cancer Center,"Denver, Colorado",0.0,0.0,3.0,1.0,1.0,2.0,0.0,0.0,1.0,1.0,2.0,1.0,0.0,0.0,1.0,0.0,0.0,1.0,1.0,0.0,2.0,0.0,1.0,2.0,3.0,1.0,9.0,0.0,0.0,2.0,12.0,1.0,35,03
3601,283855,212,0.0,0.0,6.3,0.0,0.0,0.0,0.0,33.0,0.0,0.0,0.0,54.0,0.0,0.0,865.0,280.0,1297.0,298.0,Mount Sinai Tisch Cancer Center,"Suffolk, New York",48.0,38.0,119.0,67.0,40.0,84.0,55.0,26.0,70.0,31.0,155.0,77.0,25.0,38.0,50.0,15.0,18.0,52.0,69.0,35.0,240.0,6.0,223.0,146.0,245.0,25.0,186.0,10.0,32.0,328.0,491.0,47.0,36,01
3602,221005,175,0.0,0.0,0.0,0.0,0.0,0.0,0.0,8.0,0.0,0.0,0.0,42.0,0.0,0.0,1103.0,400.0,1355.0,309.0,Mount Sinai Tisch Cancer Center,"Suffolk, New York",61.0,50.0,147.0,86.0,52.0,107.0,70.0,32.0,89.0,41.0,200.0,99.0,33.0,49.0,64.0,20.0,23.0,69.0,88.0,44.0,318.0,8.0,292.0,196.0,304.0,31.0,228.0,12.0,40.0,398.0,651.0,54.0,36,02
3603,278739,203,0.0,0.0,0.0,0.0,0.0,0.0,0.0,0.0,0.0,0.0,0.0,21.0,0.0,0.0,1215.0,1014.0,1459.0,285.0,Mount Sinai Tisch Cancer Center,"Nassau, New York",67.0,53.0,161.0,96.0,57.0,117.0,77.0,34.0,98.0,45.0,222.0,110.0,37.0,55.0,70.0,21.0,28.0,76.0,98.0,46.0,354.0,9.0,321.0,220.0,336.0,36.0,246.0,13.0,43.0,431.0,727.0,57.0,36,03
3604,241057,151,0.0,0.0,0.0,0.0,0.0,0.0,0.0,0.0,0.0,0.0,0.0,23.0,0.0,0.0,1227.0,1042.0,1490.0,386.0,Mount Sinai Tisch Cancer Center,"Nassau, New York",68.0,53.0,162.0,98.0,57.0,119.0,78.0,34.0,98.0,45.0,223.0,112.0,37.0,56.0,71.0,21.0,29.0,76.0,100.0,46.0,360.0,10.0,324.0,224.0,340.0,36.0,247.0,13.0,43.0,434.0,737.0,56.0,36,04
3605,245676,275,0.0,0.0,0.0,0.0,0.0,0.0,0.0,0.0,0.0,0.0,0.0,14.0,14.0,0.0,1238.0,1116.0,1492.0,37.0,Mount Sinai Tisch Cancer Center,"Nassau, New York",69.0,53.0,163.0,99.0,57.0,120.0,78.0,34.0,99.0,45.0,226.0,113.0,37.0,56.0,71.0,21.0,30.0,77.0,101.0,46.0,363.0,10.0,327.0,226.0,344.0,37.0,248.0,13.0,43.0,438.0,744.0,56.0,36,05
3606,239864,238,0.0,0.0,0.0,0.0,0.0,0.0,0.0,0.0,0.0,0.0,0.0,8.0,12.0,0.0,1242.0,1143.0,1492.0,37.0,Mount Sinai Tisch Cancer Center,"Bronx, New York",70.0,53.0,163.0,100.0,58.0,120.0,79.0,34.0,99.0,45.0,228.0,113.0,37.0,57.0,71.0,21.0,30.0,78.0,101.0,47.0,365.0,10.0,329.0,227.0,345.0,37.0,248.0,13.0,43.0,438.0,746.0,58.0,36,06
3607,156101,256,0.0,0.0,0.0,0.0,0.0,0.0,0.0,0.0,0.0,0.0,0.0,7.0,13.0,0.0,1239.0,1134.0,1493.0,40.0,Mount Sinai Tisch Cancer Center,"Bronx, New York",69.0,53.0,163.0,99.0,57.0,120.0,78.0,34.0,99.0,45.0,227.0,113.0,37.0,56.0,71.0,22.0,30.0,77.0,101.0,46.0,363.0,10.0,327.0,227.0,344.0,37.0,248.0,13.0,43.0,438.0,744.0,56.0,36,07
3608,227265,252,0.0,0.0,0.0,0.0,0.0,0.0,0.0,0.0,0.0,0.0,0.0,16.0,17.0,0.0,1238.0,1122.0,1493.0,42.0,Mount Sinai Tisch Cancer Center,"New York, New York",69.0,53.0,162.0,99.0,57.0,119.0,78.0,33.0,99.0,44.0,225.0,113.0,37.0,56.0,71.0,22.0,30.0,77.0,100.0,46.0,363.0,10.0,327.0,226.0,342.0,37.0,248.0,13.0,43.0,437.0,744.0,56.0,36,08
3609,209434,254,0.0,0.0,0.0,0.0,0.0,0.0,0.0,0.0,0.0,0.0,0.0,13.0,14.0,0.0,1238.0,1126.0,1494.0,42.0,Mount Sinai Tisch Cancer Center,"New York, New York",69.0,53.0,162.0,99.0,57.0,119.0,78.0,33.0,99.0,44.0,225.0,113.0,37.0,56.0,71.0,22.0,30.0,77.0,100.0,46.0,363.0,10.0,327.0,227.0,342.0,37.0,248.0,13.0,43.0,437.0,745.0,56.0,36,09
3610,178970,212,0.0,0.0,0.0,0.0,0.0,0.0,0.0,0.0,0.0,0.0,0.0,9.0,8.0,0.0,1238.0,1135.0,1494.0,482.0,Mount Sinai Tisch Cancer Center,"New York, New York",69.0,53.0,161.0,99.0,57.0,119.0,78.0,33.0,99.0,44.0,226.0,113.0,37.0,56.0,71.0,22.0,30.0,77.0,100.0,46.0,363.0,10.0,327.0,227.0,343.0,37.0,248.0,13.0,43.0,438.0,744.0,56.0,36,10
3611,234305,221,0.0,0.0,0.0,0.0,0.0,0.0,0.0,0.0,0.0,0.0,0.0,17.0,17.0,10.0,1227.0,1013.0,1498.0,23.0,Mount Sinai Tisch Cancer Center,"New York, New York",69.0,52.0,158.0,99.0,57.0,118.0,76.0,33.0,99.0,44.0,222.0,112.0,37.0,56.0,71.0,22.0,30.0,77.0,100.0,46.0,359.0,10.0,324.0,225.0,340.0,37.0,245.0,14.0,41.0,433.0,739.0,55.0,36,11
3612,235773,149,0.0,0.0,0.0,0.0,0.0,0.0,0.0,0.0,0.0,0.0,0.0,4.0,0.0,0.0,1240.0,1147.0,1493.0,926.0,Mount Sinai Tisch Cancer Center,"New York, New York",69.0,53.0,161.0,98.0,58.0,119.0,78.0,33.0,99.0,44.0,227.0,113.0,37.0,56.0,71.0,22.0,30.0,77.0,100.0,46.0,363.0,10.0,328.0,227.0,344.0,37.0,248.0,13.0,43.0,439.0,744.0,57.0,36,12
3613,202544,156,0.0,0.0,0.0,0.0,0.0,0.0,0.0,0.0,0.0,0.0,0.0,5.0,0.0,0.0,1244.0,1148.0,1493.0,744.0,Montefiore Einstein Cancer Center,"New York, New York",70.0,53.0,162.0,99.0,59.0,120.0,81.0,33.0,99.0,44.0,228.0,113.0,37.0,57.0,71.0,22.0,30.0,78.0,100.0,47.0,365.0,10.0,329.0,228.0,345.0,37.0,248.0,13.0,44.0,439.0,745.0,59.0,36,13
3614,189233,237,0.0,0.0,0.0,0.0,0.0,0.0,0.0,0.0,0.0,0.0,0.0,8.0,0.0,0.0,1246.0,1146.0,1493.0,98.0,Mount Sinai Tisch Cancer Center,"Bronx, New York",70.0,53.0,163.0,100.0,59.0,121.0,81.0,34.0,99.0,45.0,228.0,114.0,37.0,57.0,72.0,21.0,31.0,78.0,101.0,47.0,366.0,10.0,330.0,227.0,347.0,37.0,249.0,13.0,44.0,439.0,747.0,60.0,36,14
3615,190734,214,0.0,0.0,0.0,0.0,0.0,0.0,0.0,0.0,0.0,0.0,0.0,7.0,0.0,0.0,1247.0,1147.0,1493.0,147.0,Montefiore Einstein Cancer Center,"Bronx, New York",70.0,53.0,162.0,99.0,59.0,120.0,81.0,33.0,99.0,44.0,228.0,114.0,37.0,57.0,72.0,21.0,31.0,78.0,101.0,47.0,366.0,10.0,330.0,227.0,347.0,37.0,248.0,13.0,44.0,440.0,746.0,61.0,36,15
3616,238518,194,0.0,0.0,0.0,0.0,0.0,0.0,0.0,0.0,0.0,0.0,0.0,10.0,0.0,0.0,1278.0,1137.0,1493.0,233.0,Montefiore Einstein Cancer Center,"Westchester, New York",70.0,53.0,168.0,100.0,60.0,122.0,83.0,35.0,101.0,45.0,230.0,115.0,38.0,59.0,73.0,22.0,31.0,78.0,103.0,48.0,381.0,11.0,340.0,234.0,360.0,37.0,249.0,13.0,46.0,451.0,764.0,63.0,36,16
3617,241875,186,0.0,0.0,0.7,14.0,0.7,0.0,0.0,2.5,0.0,0.0,0.0,29.0,14.0,14.0,1151.0,473.0,1415.0,104.0,Montefiore Einstein Cancer Center,"Westchester, New York",63.0,49.0,148.0,88.0,53.0,108.0,75.0,31.0,93.0,39.0,209.0,102.0,35.0,53.0,68.0,21.0,26.0,70.0,91.0,45.0,336.0,9.0,305.0,208.0,324.0,32.0,230.0,12.0,40.0,416.0,677.0,58.0,36,17
3618,240605,196,0.0,2.4,24.7,18.3,30.2,0.0,7.4,60.4,0.0,0.0,0.0,64.0,52.0,50.0,454.0,18.0,1330.0,4.0,Montefiore Einstein Cancer Center,"Westchester, New York",24.0,18.0,57.0,29.0,18.0,41.0,28.0,13.0,39.0,12.0,84.0,42.0,11.0,19.0,30.0,9.0,11.0,22.0,34.0,16.0,109.0,3.0,101.0,65.0,145.0,15.0,108.0,4.0,15.0,210.0,214.0,29.0,36,18
3619,272284,251,1.8,31.7,97.8,56.4,99.3,43.8,50.9,100.0,47.3,0.0,0.0,118.0,112.0,60.0,37.0,6.0,493.0,1.0,Wilmot Cancer Institute (Rochester),"Monroe, New York",3.0,0.0,7.0,2.0,2.0,3.0,1.0,1.0,2.0,0.0,9.0,2.0,0.0,2.0,1.0,0.0,1.0,1.0,3.0,0.0,4.0,0.0,2.0,2.0,10.0,2.0,20.0,1.0,1.0,16.0,16.0,5.0,36,19
3620,244069,217,0.0,0.0,100.0,11.2,100.0,57.3,0.0,100.0,76.2,0.0,0.0,124.0,122.0,12.0,48.0,32.0,179.0,14.0,Yale Cancer Center,"New Haven, Connecticut",4.0,1.0,7.0,3.0,1.0,4.0,0.0,3.0,2.0,0.0,14.0,4.0,0.0,1.0,1.0,0.0,2.0,2.0,2.0,0.0,3.0,0.0,1.0,3.0,11.0,4.0,28.0,1.0,0.0,13.0,29.0,6.0,36,20
3621,268132,254,35.5,46.9,100.0,68.3,100.0,97.3,53.2,100.0,72.2,0.0,0.0,148.0,161.0,63.0,29.0,5.0,98.0,3.0,Dartmouth Cancer Center,"Monroe, New York",2.0,0.0,4.0,2.0,1.0,3.0,1.0,1.0,1.0,0.0,8.0,2.0,0.0,1.0,1.0,0.0,1.0,1.0,2.0,0.0,2.0,0.0,1.0,2.0,6.0,1.0,17.0,0.0,1.0,8.0,16.0,5.0,36,21
3622,249470,236,0.0,0.0,100.0,0.0,100.0,18.0,0.4,100.0,18.0,0.0,0.0,88.0,87.0,0.0,81.0,60.0,173.0,51.0,Wilmot Cancer Institute (Rochester),"Monroe, New York",9.0,0.0,8.0,5.0,4.0,12.0,3.0,3.0,5.0,1.0,20.0,6.0,1.0,3.0,3.0,1.0,1.0,2.0,11.0,1.0,10.0,0.0,2.0,7.0,21.0,1.0,48.0,1.0,1.0,23.0,43.0,16.0,36,22
3623,282563,221,5.3,13.1,48.0,61.5,49.6,3.6,39.0,49.6,3.6,0.0,0.0,57.0,57.0,45.0,94.0,59.0,231.0,57.0,Roswell Park Comprehensive Cancer Center,"Erie, New York",4.0,1.0,13.0,6.0,3.0,9.0,5.0,3.0,14.0,2.0,18.0,9.0,4.0,5.0,6.0,1.0,2.0,4.0,7.0,4.0,19.0,2.0,14.0,12.0,27.0,4.0,32.0,1.0,4.0,40.0,40.0,14.0,36,23
3624,271794,264,7.7,10.7,30.8,61.9,31.9,9.4,14.1,31.9,9.4,0.0,0.0,40.0,39.0,34.0,131.0,41.0,235.0,3.0,Wilmot Cancer Institute (Rochester),"Monroe, New York",7.0,2.0,16.0,7.0,4.0,13.0,5.0,5.0,16.0,2.0,24.0,17.0,4.0,6.0,7.0,1.0,2.0,6.0,9.0,4.0,21.0,2.0,13.0,13.0,43.0,6.0,52.0,0.0,4.0,50.0,61.0,20.0,36,24
3625,247552,217,0.0,0.0,0.0,0.0,0.0,0.0,0.0,0.0,0.0,0.0,0.0,11.0,0.0,0.0,126.0,118.0,280.0,114.0,Wilmot Cancer Institute (Rochester),"Monroe, New York",6.0,3.0,16.0,5.0,3.0,10.0,3.0,5.0,16.0,1.0,20.0,19.0,3.0,5.0,6.0,1.0,2.0,6.0,7.0,4.0,16.0,1.0,9.0,9.0,45.0,8.0,51.0,0.0,3.0,50.0,54.0,22.0,36,25
3626,240467,229,0.0,0.0,0.0,15.1,0.0,0.0,0.0,0.0,0.0,0.0,0.0,9.0,0.0,0.0,148.0,147.0,252.0,125.0,Roswell Park Comprehensive Cancer Center,"Erie, New York",6.0,2.0,18.0,10.0,5.0,15.0,7.0,5.0,25.0,4.0,28.0,14.0,7.0,8.0,10.0,2.0,3.0,7.0,10.0,7.0,33.0,3.0,27.0,21.0,43.0,5.0,43.0,1.0,7.0,60.0,68.0,19.0,36,26
3701,255315,222,0.3,10.3,87.8,57.0,87.2,18.4,18.5,87.2,19.0,0.0,0.0,83.0,83.0,39.0,92.0,12.0,395.0,5.0,Duke Cancer Institute,"Durham, North Carolina",5.0,3.0,12.0,7.0,3.0,9.0,3.0,2.0,9.0,1.0,15.0,8.0,2.0,4.0,6.0,1.0,2.0,4.0,6.0,2.0,15.0,0.0,9.0,8.0,24.0,5.0,43.0,0.0,2.0,27.0,51.0,15.0,37,01
3702,181489,169,0.0,0.0,0.0,0.0,0.0,0.0,0.0,0.0,0.0,0.0,0.0,23.0,24.0,0.0,397.0,256.0,506.0,44.0,Duke Cancer Institute,"Durham, North Carolina",20.0,20.0,45.0,31.0,16.0,36.0,20.0,11.0,45.0,7.0,53.0,41.0,16.0,18.0,34.0,9.0,9.0,25.0,27.0,18.0,95.0,1.0,86.0,57.0,107.0,19.0,111.0,3.0,14.0,124.0,235.0,38.0,37,02
3703,219771,225,4.3,12.5,100.0,27.7,100.0,63.8,12.1,100.0,63.8,0.0,0.0,134.0,134.0,27.0,38.0,15.0,207.0,12.0,Duke Cancer Institute,"Durham, North Carolina",1.0,0.0,6.0,2.0,2.0,4.0,1.0,0.0,4.0,0.0,5.0,4.0,0.0,3.0,2.0,0.0,1.0,2.0,3.0,0.0,3.0,0.0,0.0,0.0,8.0,3.0,26.0,0.0,0.0,14.0,11.0,13.0,37,03
3704,191204,171,0.0,0.0,0.0,0.0,0.0,0.0,0.0,0.0,0.0,0.0,0.0,10.0,0.0,0.0,394.0,350.0,515.0,152.0,Duke Cancer Institute,"Durham, North Carolina",21.0,21.0,44.0,31.0,16.0,37.0,19.0,11.0,45.0,7.0,50.0,41.0,16.0,18.0,34.0,9.0,9.0,25.0,27.0,18.0,95.0,1.0,85.0,57.0,106.0,21.0,108.0,3.0,14.0,125.0,231.0,38.0,37,04
3705,241286,199,0.0,16.2,32.3,37.7,29.6,0.0,29.6,32.5,0.0,0.0,0.0,46.0,45.0,45.0,172.0,29.0,446.0,8.0,Wake Forest Baptist Comprehensive Cancer Center,"Forsyth, North Carolina",6.0,9.0,22.0,9.0,6.0,14.0,8.0,4.0,23.0,1.0,22.0,18.0,8.0,6.0,16.0,4.0,3.0,8.0,10.0,6.0,36.0,1.0,28.0,25.0,50.0,8.0,55.0,1.0,6.0,56.0,92.0,24.0,37,05
3706,227640,193,0.0,0.0,0.0,7.0,0.0,0.0,0.0,4.9,0.0,0.0,0.0,24.0,23.0,21.0,181.0,97.0,564.0,27.0,Wake Forest Baptist Comprehensive Cancer Center,"Forsyth, North Carolina",6.0,7.0,26.0,6.0,7.0,15.0,10.0,3.0,24.0,1.0,24.0,18.0,9.0,3.0,18.0,2.0,3.0,7.0,10.0,3.0,39.0,2.0,26.0,29.0,52.0,6.0,62.0,0.0,5.0,48.0,104.0,29.0,37,06
3707,262749,214,0.0,20.3,100.0,23.0,100.0,71.9,18.0,100.0,71.2,0.0,0.0,142.0,142.0,49.0,41.0,8.0,218.0,4.0,Duke Cancer Institute,"Durham, North Carolina",6.0,0.0,3.0,1.0,2.0,4.0,1.0,1.0,1.0,0.0,7.0,1.0,0.0,2.0,2.0,0.0,1.0,1.0,8.0,0.0,4.0,1.0,5.0,3.0,9.0,3.0,22.0,0.0,0.0,9.0,23.0,10.0,37,07
3708,217976,202,0.0,1.7,24.2,28.6,24.2,0.8,2.5,98.0,0.8,0.0,0.0,90.0,28.0,24.0,140.0,83.0,416.0,34.0,Wake Forest Baptist Comprehensive Cancer Center,"Mecklenburg, North Carolina",6.0,1.0,22.0,6.0,5.0,17.0,8.0,3.0,12.0,2.0,24.0,15.0,3.0,3.0,14.0,0.0,3.0,7.0,9.0,2.0,36.0,1.0,25.0,24.0,29.0,3.0,56.0,0.0,2.0,27.0,97.0,16.0,37,08
3709,225582,203,0.0,0.0,28.2,5.3,32.8,0.0,0.0,31.7,0.0,0.0,0.0,41.0,41.0,33.0,263.0,57.0,564.0,13.0,UNC Lineberger Comprehensive Cancer Center,"Orange, North Carolina",12.0,13.0,31.0,16.0,10.0,24.0,13.0,6.0,30.0,3.0,38.0,25.0,11.0,10.0,22.0,6.0,6.0,14.0,16.0,10.0,54.0,1.0,46.0,35.0,75.0,14.0,83.0,1.0,9.0,87.0,142.0,34.0,37,09
3710,234678,183,0.0,0.0,1.5,5.7,0.0,0.0,0.0,37.8,0.0,0.0,0.0,50.0,31.0,28.0,162.0,71.0,430.0,41.0,Wake Forest Baptist Comprehensive Cancer Center,"Mecklenburg, North Carolina",6.0,4.0,24.0,6.0,5.0,16.0,9.0,3.0,20.0,1.0,23.0,17.0,7.0,3.0,16.0,1.0,3.0,7.0,10.0,2.0,39.0,1.0,26.0,28.0,41.0,4.0,59.0,0.0,4.0,37.0,102.0,23.0,37,10
3711,286418,211,7.3,17.3,97.9,40.1,100.0,35.9,58.6,100.0,90.9,0.0,0.0,149.0,114.0,63.0,48.0,14.0,225.0,7.0,Wake Forest Baptist Comprehensive Cancer Center,"Mecklenburg, North Carolina",3.0,1.0,10.0,2.0,2.0,3.0,1.0,3.0,4.0,1.0,9.0,3.0,0.0,3.0,2.0,2.0,3.0,1.0,5.0,1.0,9.0,0.0,3.0,2.0,9.0,3.0,31.0,0.0,0.0,18.0,20.0,10.0,37,11
3712,154953,223,0.0,0.0,0.0,0.0,0.0,0.0,0.0,100.0,0.0,0.0,0.0,81.0,0.0,0.0,173.0,159.0,333.0,157.0,Wake Forest Baptist Comprehensive Cancer Center,"Mecklenburg, North Carolina",9.0,1.0,27.0,7.0,5.0,21.0,10.0,5.0,16.0,2.0,27.0,19.0,4.0,4.0,18.0,0.0,4.0,9.0,13.0,3.0,48.0,1.0,34.0,32.0,35.0,3.0,66.0,0.0,3.0,32.0,122.0,18.0,37,12
3713,221651,187,0.0,0.0,4.0,78.9,5.0,0.0,0.0,4.2,0.0,0.0,0.0,41.0,42.0,29.0,364.0,59.0,497.0,9.0,Duke Cancer Institute,"Durham, North Carolina",19.0,18.0,41.0,29.0,14.0,34.0,18.0,10.0,39.0,7.0,50.0,37.0,13.0,17.0,30.0,8.0,8.0,24.0,25.0,16.0,85.0,1.0,76.0,51.0,98.0,18.0,107.0,3.0,12.0,114.0,213.0,37.0,37,13
3714,229562,237,0.0,1.2,22.5,16.8,23.3,0.0,12.0,100.0,11.0,0.0,0.0,95.0,26.0,25.0,150.0,90.0,295.0,52.0,Wake Forest Baptist Comprehensive Cancer Center,"Mecklenburg, North Carolina",8.0,1.0,24.0,6.0,4.0,17.0,8.0,5.0,14.0,2.0,23.0,16.0,3.0,4.0,15.0,1.0,4.0,7.0,10.0,2.0,40.0,1.0,26.0,25.0,31.0,3.0,62.0,0.0,2.0,33.0,99.0,18.0,37,14
3800,217828,228,32.1,56.9,100.0,47.7,100.0,100.0,57.2,100.0,100.0,0.0,0.0,418.0,340.0,79.0,29.0,23.0,52.0,23.0,Masonic Cancer Center (Minnesota),"Hennepin, Minnesota",1.0,0.0,4.0,2.0,1.0,2.0,3.0,1.0,0.0,0.0,7.0,2.0,0.0,1.0,2.0,1.0,1.0,2.0,2.0,1.0,4.0,0.0,0.0,0.0,10.0,2.0,16.0,0.0,0.0,17.0,4.0,8.0,38,00
3901,219680,218,0.0,0.0,0.0,0.0,0.0,0.0,0.0,100.0,0.0,0.0,0.0,88.0,0.0,0.0,271.0,219.0,696.0,151.0,Markey Cancer Center (Kentucky),"Hamilton, Ohio",15.0,5.0,25.0,19.0,7.0,34.0,16.0,7.0,30.0,2.0,53.0,18.0,4.0,14.0,17.0,3.0,4.0,12.0,19.0,8.0,58.0,1.0,38.0,24.0,67.0,14.0,123.0,1.0,4.0,65.0,176.0,30.0,39,01
3902,253292,197,0.0,7.2,42.2,49.4,42.8,5.3,18.5,81.7,4.5,0.0,0.0,91.0,52.0,40.0,186.0,74.0,531.0,5.0,OSU Comprehensive Cancer Center – James,"Franklin, Ohio",10.0,5.0,18.0,12.0,5.0,22.0,9.0,5.0,23.0,2.0,35.0,16.0,4.0,9.0,11.0,4.0,3.0,8.0,13.0,6.0,40.0,1.0,28.0,22.0,51.0,9.0,73.0,1.0,2.0,57.0,105.0,23.0,39,02
3903,187183,213,0.0,0.0,0.0,0.0,0.0,0.0,0.0,0.0,0.0,0.0,0.0,9.0,0.0,0.0,394.0,390.0,580.0,390.0,OSU Comprehensive Cancer Center – James,"Franklin, Ohio",22.0,16.0,39.0,19.0,8.0,49.0,15.0,10.0,62.0,6.0,64.0,46.0,16.0,17.0,20.0,13.0,6.0,14.0,24.0,14.0,90.0,3.0,69.0,69.0,122.0,17.0,107.0,5.0,5.0,135.0,206.0,53.0,39,03
3904,243241,200,0.0,1.2,42.6,36.2,47.1,0.0,3.7,47.4,0.0,0.0,0.0,59.0,58.0,26.0,227.0,86.0,607.0,11.0,OSU Comprehensive Cancer Center – James,"Franklin, Ohio",13.0,9.0,24.0,12.0,5.0,28.0,9.0,7.0,32.0,3.0,38.0,24.0,8.0,10.0,12.0,7.0,4.0,8.0,14.0,8.0,49.0,2.0,35.0,36.0,67.0,11.0,73.0,2.0,3.0,82.0,112.0,33.0,39,04
3905,255702,197,0.0,1.0,51.8,42.3,52.5,2.6,4.8,52.5,3.1,0.0,0.0,62.0,62.0,25.0,189.0,98.0,621.0,10.0,Case Comprehensive Cancer Center,"Cuyahoga, Ohio",15.0,7.0,19.0,12.0,6.0,20.0,13.0,8.0,14.0,6.0,40.0,15.0,6.0,7.0,9.0,5.0,4.0,8.0,16.0,8.0,46.0,2.0,35.0,34.0,41.0,9.0,66.0,1.0,5.0,56.0,114.0,20.0,39,05
3906,281708,241,0.0,0.7,31.6,38.9,62.6,0.0,14.0,66.7,0.0,0.0,0.0,64.0,63.0,45.0,170.0,34.0,613.0,18.0,UPMC Hillman Cancer Center,"Allegheny, Pennsylvania",9.0,4.0,19.0,14.0,6.0,18.0,12.0,8.0,11.0,6.0,39.0,9.0,4.0,9.0,7.0,3.0,5.0,7.0,12.0,6.0,37.0,1.0,22.0,26.0,39.0,10.0,70.0,0.0,4.0,51.0,95.0,24.0,39,06
3907,273980,208,0.0,0.0,0.0,0.8,1.2,0.0,0.0,2.4,0.0,0.0,0.0,16.0,0.0,0.0,358.0,243.0,536.0,200.0,Case Comprehensive Cancer Center,"Cuyahoga, Ohio",27.0,12.0,36.0,22.0,10.0,34.0,22.0,16.0,27.0,14.0,77.0,27.0,13.0,13.0,19.0,10.0,7.0,12.0,30.0,17.0,91.0,4.0,75.0,71.0,76.0,14.0,110.0,1.0,10.0,90.0,240.0,28.0,39,07
3908,239725,192,0.0,0.0,9.0,5.9,11.2,0.0,0.0,100.0,0.0,0.0,0.0,93.0,17.0,0.0,250.0,196.0,694.0,102.0,Markey Cancer Center (Kentucky),"Hamilton, Ohio",14.0,5.0,23.0,17.0,6.0,32.0,15.0,7.0,27.0,2.0,49.0,16.0,4.0,13.0,16.0,3.0,4.0,11.0,17.0,7.0,53.0,1.0,34.0,22.0,62.0,13.0,114.0,1.0,4.0,62.0,159.0,29.0,39,08
3909,254035,261,0.0,0.0,24.2,30.4,35.0,0.0,0.0,35.4,0.0,0.0,0.0,55.0,54.0,0.0,218.0,44.0,680.0,34.0,University of Michigan Rogel Cancer Center,"Washtenaw, Michigan",11.0,6.0,21.0,17.0,10.0,18.0,19.0,8.0,14.0,5.0,42.0,16.0,3.0,8.0,11.0,7.0,4.0,13.0,17.0,9.0,52.0,2.0,30.0,30.0,60.0,8.0,83.0,2.0,4.0,70.0,118.0,30.0,39,09
3910,245671,233,0.0,0.0,0.7,0.0,7.0,0.0,0.0,85.0,0.0,0.0,0.0,73.0,51.0,0.0,269.0,77.0,614.0,57.0,OSU Comprehensive Cancer Center – James,"Hamilton, Ohio",16.0,7.0,23.0,18.0,6.0,34.0,15.0,7.0,32.0,2.0,49.0,21.0,5.0,14.0,17.0,4.0,4.0,11.0,19.0,8.0,58.0,1.0,38.0,28.0,71.0,13.0,112.0,1.0,4.0,74.0,161.0,35.0,39,10
3911,238045,301,0.0,0.0,0.0,0.0,0.0,0.0,0.0,0.0,0.0,0.0,0.0,9.0,0.0,0.0,364.0,314.0,432.0,313.0,Case Comprehensive Cancer Center,"Cuyahoga, Ohio",27.0,12.0,37.0,23.0,10.0,35.0,23.0,16.0,28.0,14.0,77.0,28.0,13.0,13.0,20.0,10.0,7.0,13.0,30.0,17.0,93.0,4.0,78.0,74.0,76.0,15.0,111.0,1.0,10.0,91.0,246.0,27.0,39,11
3912,243326,201,0.0,1.9,33.8,25.1,35.9,0.0,25.5,32.9,0.0,0.0,0.0,43.0,44.0,38.0,263.0,95.0,568.0,11.0,OSU Comprehensive Cancer Center – James,"Franklin, Ohio",15.0,10.0,27.0,13.0,5.0,32.0,9.0,7.0,39.0,4.0,45.0,29.0,10.0,11.0,13.0,8.0,5.0,9.0,16.0,10.0,59.0,2.0,44.0,44.0,80.0,12.0,77.0,3.0,3.0,91.0,135.0,36.0,39,12
3913,262606,213,0.0,0.0,0.0,0.0,0.0,0.0,0.0,0.3,0.0,0.0,0.0,38.0,35.0,19.0,371.0,137.0,651.0,38.0,Case Comprehensive Cancer Center,"Cuyahoga, Ohio",27.0,12.0,38.0,25.0,10.0,35.0,24.0,16.0,28.0,14.0,80.0,28.0,13.0,13.0,20.0,10.0,7.0,13.0,31.0,17.0,93.0,4.0,77.0,73.0,80.0,15.0,115.0,1.0,10.0,96.0,246.0,29.0,39,13
3914,277417,202,0.0,0.0,7.3,0.0,15.2,0.0,1.6,14.2,0.0,0.0,0.0,38.0,38.0,26.0,318.0,135.0,522.0,13.0,Case Comprehensive Cancer Center,"Cuyahoga, Ohio",25.0,11.0,31.0,21.0,9.0,31.0,22.0,14.0,23.0,12.0,66.0,24.0,11.0,12.0,16.0,9.0,6.0,10.0,28.0,15.0,78.0,4.0,66.0,61.0,68.0,14.0,100.0,1.0,9.0,86.0,204.0,28.0,39,14
3915,209066,205,0.0,0.0,13.5,15.1,19.8,0.0,0.0,18.9,0.0,0.0,0.0,15.0,0.0,0.0,342.0,271.0,576.0,244.0,OSU Comprehensive Cancer Center – James,"Franklin, Ohio",19.0,14.0,33.0,17.0,7.0,44.0,14.0,9.0,52.0,5.0,55.0,38.0,13.0,15.0,18.0,11.0,5.0,12.0,21.0,12.0,76.0,2.0,57.0,57.0,104.0,16.0,100.0,4.0,5.0,118.0,176.0,49.0,39,15
4001,213302,249,0.0,0.0,100.0,16.7,100.0,8.2,0.0,100.0,19.7,0.0,0.0,109.0,105.0,0.0,26.0,26.0,218.0,22.0,Stephenson Cancer Center (Oklahoma),"Oklahoma, Oklahoma",2.0,0.0,3.0,1.0,0.0,10.0,2.0,1.0,1.0,0.0,0.0,2.0,0.0,1.0,1.0,0.0,1.0,0.0,1.0,0.0,4.0,2.0,0.0,1.0,1.0,3.0,18.0,0.0,3.0,8.0,15.0,3.0,40,01
4002,258325,247,22.0,35.5,99.6,100.0,100.0,81.2,38.0,99.6,81.0,0.0,0.0,148.0,145.0,53.0,20.0,4.0,130.0,0.0,Stephenson Cancer Center (Oklahoma),"Oklahoma, Oklahoma",1.0,0.0,3.0,1.0,0.0,5.0,1.0,1.0,1.0,0.0,2.0,1.0,0.0,1.0,1.0,1.0,1.0,0.0,1.0,0.0,3.0,1.0,1.0,1.0,3.0,2.0,13.0,0.0,1.0,8.0,10.0,2.0,40,02
4003,214938,255,29.3,52.3,69.2,81.4,67.8,19.7,49.3,69.2,19.7,0.0,0.0,84.0,81.0,60.0,63.0,47.0,166.0,32.0,Stephenson Cancer Center (Oklahoma),"Oklahoma, Oklahoma",5.0,1.0,7.0,5.0,3.0,14.0,5.0,3.0,4.0,1.0,11.0,4.0,1.0,3.0,1.0,2.0,2.0,4.0,5.0,2.0,17.0,0.0,11.0,8.0,19.0,3.0,22.0,0.0,1.0,22.0,23.0,18.0,40,03
4004,218498,229,16.6,19.3,41.9,41.9,42.8,1.5,20.2,41.9,1.7,0.0,0.0,40.0,41.0,26.0,115.0,86.0,223.0,21.0,Stephenson Cancer Center (Oklahoma),"Oklahoma, Oklahoma",10.0,2.0,12.0,10.0,6.0,25.0,10.0,5.0,6.0,2.0,22.0,8.0,1.0,5.0,2.0,3.0,4.0,8.0,10.0,4.0,32.0,0.0,20.0,14.0,36.0,6.0,38.0,0.0,1.0,42.0,40.0,33.0,40,04
4005,219978,257,1.8,1.8,1.8,33.5,3.0,0.0,3.0,1.8,0.0,0.0,0.0,16.0,0.0,0.0,185.0,150.0,205.0,125.0,Stephenson Cancer Center (Oklahoma),"Oklahoma, Oklahoma",16.0,4.0,19.0,17.0,10.0,41.0,16.0,8.0,11.0,3.0,34.0,13.0,2.0,9.0,4.0,5.0,6.0,14.0,17.0,7.0,53.0,0.0,33.0,25.0,58.0,8.0,60.0,0.0,2.0,65.0,67.0,54.0,40,05
4101,192914,191,9.4,12.7,14.7,24.0,14.7,0.0,13.4,15.7,0.0,0.0,0.0,16.0,0.0,0.0,263.0,233.0,346.0,119.0,Knight Cancer Institute (OHSU),"Washington, Oregon",14.0,4.0,32.0,23.0,12.0,31.0,20.0,12.0,27.0,8.0,57.0,25.0,10.0,15.0,10.0,7.0,5.0,15.0,23.0,12.0,68.0,0.0,41.0,39.0,69.0,15.0,95.0,1.0,3.0,77.0,157.0,29.0,41,01
4102,259410,202,22.3,81.5,100.0,39.4,100.0,94.9,76.7,100.0,95.1,0.0,0.0,267.0,266.0,140.0,13.0,7.0,40.0,7.0,Knight Cancer Institute (OHSU),"Washington, Oregon",0.0,0.0,3.0,0.0,0.0,1.0,0.0,0.0,0.0,0.0,3.0,0.0,0.0,1.0,1.0,1.0,1.0,0.0,1.0,1.0,2.0,0.0,0.0,0.0,3.0,0.0,9.0,0.0,0.0,8.0,3.0,2.0,41,02
4103,182764,165,0.0,2.5,2.5,0.0,2.5,0.0,2.5,2.9,0.0,0.0,0.0,10.0,0.0,0.0,300.0,279.0,351.0,239.0,Knight Cancer Institute (OHSU),"Multnomah, Oregon",15.0,5.0,37.0,26.0,14.0,35.0,23.0,14.0,31.0,10.0,66.0,28.0,12.0,17.0,12.0,8.0,6.0,17.0,26.0,14.0,77.0,0.0,47.0,44.0,79.0,17.0,108.0,1.0,3.0,87.0,180.0,33.0,41,03
4104,251966,194,18.9,39.0,97.0,14.5,100.0,47.8,35.6,100.0,47.8,0.0,0.0,119.0,117.0,27.0,51.0,34.0,227.0,39.0,Knight Cancer Institute (OHSU),"Washington, Oregon",2.0,0.0,5.0,1.0,1.0,10.0,0.0,0.0,6.0,0.0,14.0,3.0,1.0,1.0,4.0,0.0,0.0,1.0,4.0,0.0,4.0,0.0,2.0,5.0,14.0,4.0,25.0,0.0,0.0,7.0,42.0,2.0,41,04
4105,234491,180,0.0,1.3,38.6,0.0,44.4,24.4,1.3,44.4,24.4,0.0,0.0,43.0,39.0,0.0,201.0,151.0,294.0,53.0,Knight Cancer Institute (OHSU),"Multnomah, Oregon",10.0,3.0,25.0,16.0,8.0,24.0,14.0,8.0,21.0,6.0,45.0,18.0,7.0,11.0,8.0,5.0,4.0,11.0,17.0,9.0,48.0,0.0,29.0,27.0,53.0,12.0,78.0,1.0,2.0,59.0,120.0,22.0,41,05
4106,195036,149,0.0,0.0,3.7,13.7,8.7,0.0,0.0,9.8,0.0,0.0,0.0,41.0,39.0,24.0,298.0,134.0,356.0,44.0,Knight Cancer Institute (OHSU),"Washington, Oregon",15.0,5.0,36.0,25.0,13.0,34.0,23.0,13.0,31.0,9.0,67.0,27.0,12.0,17.0,12.0,8.0,6.0,17.0,26.0,13.0,75.0,0.0,46.0,43.0,80.0,17.0,109.0,1.0,3.0,86.0,178.0,34.0,41,06
4201,270658,174,0.0,0.0,0.0,0.0,0.0,0.0,0.0,0.0,0.0,0.0,0.0,22.0,22.0,0.0,743.0,360.0,1514.0,26.0,Sidney Kimmel Cancer Center (Jefferson),"Philadelphia, Pennsylvania",53.0,16.0,96.0,56.0,26.0,72.0,49.0,18.0,53.0,19.0,133.0,68.0,11.0,32.0,39.0,20.0,19.0,36.0,56.0,25.0,177.0,4.0,171.0,100.0,230.0,25.0,182.0,6.0,28.0,313.0,382.0,49.0,42,01
4202,197610,176,0.0,0.0,0.0,0.0,0.0,0.0,0.0,0.0,0.0,0.0,0.0,6.0,0.0,0.0,643.0,456.0,1538.0,400.0,Sidney Kimmel Cancer Center (Jefferson),"Philadelphia, Pennsylvania",49.0,13.0,81.0,54.0,24.0,65.0,41.0,14.0,43.0,19.0,118.0,58.0,11.0,27.0,31.0,17.0,16.0,34.0,54.0,19.0,168.0,3.0,153.0,90.0,172.0,25.0,176.0,4.0,23.0,210.0,386.0,47.0,42,02
4203,192583,226,0.0,0.0,0.0,0.0,0.0,0.0,0.0,0.0,0.0,0.0,0.0,7.0,0.0,0.0,613.0,455.0,1539.0,400.0,Sidney Kimmel Cancer Center (Jefferson),"Philadelphia, Pennsylvania",47.0,12.0,76.0,52.0,23.0,62.0,39.0,13.0,41.0,19.0,111.0,56.0,11.0,26.0,30.0,17.0,16.0,33.0,51.0,18.0,161.0,3.0,145.0,86.0,161.0,24.0,172.0,4.0,22.0,196.0,371.0,47.0,42,03
4204,257840,204,0.0,0.0,0.0,0.0,1.7,0.0,0.0,2.9,0.0,0.0,0.0,23.0,22.0,0.0,567.0,323.0,1472.0,57.0,Sidney Kimmel Cancer Center (Jefferson),"Philadelphia, Pennsylvania",41.0,12.0,67.0,46.0,21.0,57.0,36.0,13.0,39.0,17.0,103.0,52.0,10.0,25.0,28.0,16.0,13.0,28.0,48.0,18.0,142.0,2.0,127.0,78.0,151.0,21.0,164.0,4.0,22.0,193.0,330.0,44.0,42,04
4205,225632,218,0.0,0.0,0.0,0.0,0.0,0.0,0.0,0.0,0.0,0.0,0.0,16.0,15.0,13.0,526.0,460.0,1542.0,58.0,Sidney Kimmel Cancer Center (Jefferson),"Philadelphia, Pennsylvania",37.0,11.0,59.0,42.0,19.0,52.0,33.0,11.0,37.0,17.0,94.0,47.0,9.0,23.0,26.0,16.0,12.0,25.0,47.0,17.0,133.0,2.0,115.0,74.0,135.0,19.0,158.0,4.0,21.0,177.0,306.0,42.0,42,05
4206,234027,185,0.0,0.0,0.0,0.0,0.0,0.0,0.0,0.3,0.0,0.0,0.0,39.0,38.0,0.0,537.0,198.0,1282.0,32.0,Sidney Kimmel Cancer Center (Jefferson),"Philadelphia, Pennsylvania",37.0,12.0,57.0,42.0,20.0,53.0,34.0,12.0,38.0,17.0,98.0,48.0,9.0,23.0,26.0,16.0,12.0,26.0,48.0,17.0,133.0,2.0,114.0,75.0,138.0,19.0,162.0,5.0,23.0,180.0,315.0,42.0,42,06
4207,251926,176,0.0,0.0,3.9,9.8,14.7,0.0,0.0,24.7,0.0,0.0,0.0,54.0,50.0,0.0,475.0,67.0,1418.0,44.0,Sidney Kimmel Cancer Center (Jefferson),"Somerset, New Jersey",33.0,11.0,60.0,33.0,16.0,47.0,30.0,13.0,34.0,10.0,82.0,42.0,7.0,22.0,25.0,13.0,11.0,20.0,35.0,17.0,104.0,3.0,95.0,58.0,152.0,17.0,131.0,4.0,19.0,217.0,219.0,39.0,42,07
4208,267227,239,0.0,0.0,84.1,17.3,97.6,1.4,0.0,100.0,7.7,0.0,0.0,109.0,101.0,0.0,84.0,35.0,987.0,31.0,Rutgers Cancer Institute of New Jersey,"Somerset, New Jersey",6.0,3.0,11.0,4.0,3.0,6.0,4.0,4.0,7.0,1.0,16.0,5.0,1.0,4.0,6.0,2.0,4.0,2.0,6.0,3.0,14.0,0.0,4.0,2.0,28.0,5.0,44.0,0.0,1.0,51.0,13.0,20.0,42,08
4209,273375,207,0.5,1.6,55.4,30.8,98.8,35.8,7.4,100.0,39.3,0.0,0.0,112.0,110.0,27.0,98.0,45.0,591.0,14.0,Sidney Kimmel Cancer Center (Jefferson),"Philadelphia, Pennsylvania",8.0,3.0,13.0,7.0,4.0,7.0,6.0,4.0,6.0,2.0,21.0,6.0,1.0,4.0,5.0,2.0,3.0,2.0,9.0,2.0,12.0,1.0,3.0,3.0,29.0,5.0,56.0,1.0,1.0,45.0,34.0,19.0,42,09
4210,243892,178,0.0,0.0,0.0,0.0,76.0,0.0,0.0,77.3,0.0,0.0,0.0,75.0,74.0,0.0,193.0,79.0,1058.0,52.0,UM Greenebaum Comprehensive Cancer Center,"Baltimore, Maryland",16.0,7.0,26.0,16.0,8.0,17.0,14.0,7.0,12.0,5.0,42.0,9.0,3.0,6.0,5.0,3.0,3.0,8.0,20.0,4.0,27.0,2.0,17.0,15.0,53.0,8.0,93.0,2.0,5.0,65.0,103.0,25.0,42,10
4211,249062,166,0.0,0.0,0.0,0.0,55.9,0.0,0.0,58.4,0.0,0.0,0.0,63.0,62.0,0.0,320.0,83.0,1145.0,41.0,UM Greenebaum Comprehensive Cancer Center,"Baltimore, Maryland",23.0,11.0,37.0,25.0,12.0,28.0,21.0,9.0,23.0,11.0,64.0,21.0,5.0,10.0,12.0,7.0,5.0,17.0,31.0,9.0,56.0,3.0,43.0,31.0,87.0,11.0,131.0,3.0,12.0,108.0,177.0,35.0,42,11
4212,248077,266,0.0,0.0,0.0,0.0,0.0,0.0,0.0,0.0,0.0,0.0,0.0,11.0,0.0,0.0,328.0,323.0,412.0,273.0,UPMC Hillman Cancer Center,"Allegheny, Pennsylvania",18.0,12.0,28.0,29.0,22.0,43.0,32.0,16.0,25.0,19.0,66.0,16.0,8.0,31.0,5.0,6.0,9.0,17.0,21.0,11.0,84.0,3.0,54.0,58.0,88.0,16.0,103.0,0.0,8.0,92.0,181.0,54.0,42,12
4213,273687,204,0.0,5.0,74.1,23.5,87.3,8.8,37.4,87.9,9.5,0.0,0.0,86.0,85.0,50.0,95.0,18.0,616.0,12.0,UM Greenebaum Comprehensive Cancer Center,"Allegheny, Pennsylvania",7.0,3.0,13.0,7.0,4.0,8.0,8.0,5.0,5.0,2.0,21.0,4.0,1.0,3.0,3.0,2.0,2.0,4.0,9.0,3.0,14.0,2.0,8.0,7.0,27.0,6.0,45.0,1.0,2.0,37.0,41.0,18.0,42,13
4214,285716,242,0.0,0.0,10.7,4.2,13.6,0.0,0.4,13.2,0.0,0.0,0.0,36.0,37.0,0.0,305.0,124.0,384.0,19.0,UPMC Hillman Cancer Center,"Allegheny, Pennsylvania",17.0,11.0,26.0,26.0,19.0,41.0,29.0,15.0,24.0,17.0,61.0,15.0,7.0,27.0,4.0,5.0,8.0,16.0,20.0,10.0,75.0,3.0,48.0,52.0,85.0,15.0,99.0,0.0,7.0,87.0,167.0,52.0,42,14
4215,265683,219,14.1,42.0,90.8,72.5,91.5,42.9,59.7,91.8,44.7,0.0,0.0,115.0,114.0,65.0,50.0,10.0,236.0,3.0,UPMC Hillman Cancer Center,"Allegheny, Pennsylvania",3.0,1.0,5.0,4.0,3.0,5.0,5.0,3.0,3.0,2.0,9.0,2.0,1.0,3.0,1.0,1.0,1.0,2.0,4.0,1.0,9.0,1.0,5.0,5.0,15.0,4.0,21.0,0.0,1.0,22.0,16.0,12.0,42,15
4216,270273,215,0.0,0.0,60.8,0.0,60.4,0.0,11.8,60.8,0.0,0.0,0.0,72.0,72.0,34.0,154.0,59.0,556.0,22.0,UPMC Hillman Cancer Center,"Allegheny, Pennsylvania",10.0,5.0,15.0,14.0,9.0,19.0,16.0,9.0,9.0,7.0,29.0,6.0,3.0,13.0,3.0,3.0,5.0,7.0,12.0,5.0,35.0,1.0,21.0,22.0,41.0,10.0,56.0,0.0,3.0,52.0,71.0,30.0,42,16
4217,272307,217,0.0,0.0,0.0,0.0,0.0,0.0,0.0,0.0,0.0,0.0,0.0,14.0,0.0,0.0,327.0,283.0,516.0,253.0,UPMC Hillman Cancer Center,"Allegheny, Pennsylvania",18.0,12.0,28.0,29.0,22.0,42.0,32.0,16.0,24.0,19.0,65.0,16.0,8.0,31.0,6.0,6.0,9.0,17.0,22.0,10.0,83.0,3.0,54.0,58.0,88.0,16.0,103.0,0.0,8.0,93.0,180.0,54.0,42,17
4401,170402,134,0.0,0.0,0.0,30.5,0.0,0.0,0.0,17.4,0.0,0.0,0.0,48.0,0.0,0.0,655.0,121.0,900.0,78.0,Dana-Farber/Harvard Cancer Center,"Providence, Rhode Island",30.0,28.0,92.0,50.0,29.0,74.0,49.0,19.0,66.0,19.0,112.0,66.0,22.0,28.0,43.0,12.0,13.0,39.0,43.0,29.0,210.0,4.0,170.0,126.0,184.0,21.0,134.0,5.0,15.0,217.0,393.0,44.0,44,01
4402,183707,127,0.0,0.0,0.0,0.0,0.0,0.0,0.0,37.7,0.0,0.0,0.0,57.0,14.0,0.0,551.0,108.0,909.0,52.0,Dana-Farber/Harvard Cancer Center,"Providence, Rhode Island",24.0,23.0,76.0,40.0,24.0,64.0,41.0,15.0,54.0,16.0,94.0,54.0,17.0,23.0,36.0,10.0,12.0,32.0,37.0,23.0,173.0,4.0,138.0,104.0,154.0,19.0,120.0,4.0,12.0,184.0,327.0,40.0,44,02
4501,242405,162,0.9,3.8,36.2,40.9,33.8,0.0,1.0,37.0,0.0,0.0,0.0,27.0,23.0,22.0,91.0,71.0,175.0,37.0,Hollings Cancer Center (MUSC),"Charleston, South Carolina",6.0,1.0,13.0,3.0,3.0,8.0,8.0,4.0,5.0,0.0,16.0,7.0,3.0,3.0,4.0,2.0,3.0,2.0,10.0,2.0,16.0,0.0,7.0,6.0,28.0,7.0,39.0,0.0,4.0,40.0,36.0,15.0,45,01
4502,223301,206,0.0,46.3,100.0,33.1,100.0,25.0,66.8,100.0,52.2,0.0,0.0,121.0,103.0,69.0,28.0,17.0,226.0,4.0,Hollings Cancer Center (MUSC),"Mecklenburg, North Carolina",1.0,0.0,5.0,0.0,0.0,5.0,0.0,0.0,4.0,0.0,5.0,4.0,0.0,0.0,1.0,1.0,1.0,0.0,1.0,1.0,6.0,0.0,2.0,4.0,6.0,2.0,15.0,0.0,0.0,11.0,11.0,6.0,45,02
4503,243449,197,0.0,0.0,97.8,26.9,100.0,29.7,3.5,100.0,89.3,0.0,0.0,139.0,115.0,23.0,79.0,37.0,272.0,15.0,Winship Cancer Institute (Emory),"Mecklenburg, North Carolina",3.0,2.0,14.0,2.0,4.0,6.0,1.0,4.0,8.0,3.0,16.0,7.0,1.0,3.0,4.0,3.0,3.0,3.0,7.0,1.0,19.0,0.0,10.0,8.0,17.0,4.0,40.0,0.0,0.0,28.0,38.0,13.0,45,03
4504,215962,191,0.0,0.0,83.0,0.0,100.0,0.0,0.0,100.0,100.0,0.0,0.0,150.0,94.0,0.0,96.0,75.0,268.0,65.0,Winship Cancer Institute (Emory),"Mecklenburg, North Carolina",5.0,2.0,17.0,2.0,5.0,6.0,2.0,5.0,8.0,3.0,18.0,7.0,1.0,5.0,5.0,4.0,4.0,3.0,10.0,2.0,23.0,0.0,11.0,8.0,19.0,5.0,52.0,0.0,0.0,33.0,46.0,16.0,45,04
4505,228377,192,0.0,22.0,34.7,30.6,39.6,0.0,26.6,100.0,38.0,0.0,0.0,113.0,47.0,33.0,121.0,53.0,284.0,9.0,Wake Forest Baptist Comprehensive Cancer Center,"Mecklenburg, North Carolina",6.0,1.0,20.0,4.0,3.0,14.0,6.0,4.0,11.0,2.0,19.0,13.0,2.0,3.0,12.0,1.0,3.0,5.0,8.0,2.0,31.0,1.0,20.0,19.0,24.0,3.0,52.0,0.0,2.0,27.0,79.0,14.0,45,05
4506,219655,250,3.3,52.1,59.3,48.7,57.9,0.0,48.5,59.4,1.8,0.0,0.0,73.0,71.0,59.0,58.0,43.0,211.0,37.0,Hollings Cancer Center (MUSC),"Charleston, South Carolina",4.0,1.0,8.0,1.0,2.0,5.0,5.0,3.0,3.0,0.0,10.0,5.0,2.0,2.0,3.0,2.0,2.0,1.0,7.0,1.0,10.0,0.0,4.0,4.0,18.0,4.0,26.0,0.0,2.0,25.0,23.0,10.0,45,06
4507,283701,191,0.0,24.3,97.1,22.1,97.9,8.3,21.0,99.2,12.5,0.0,0.0,106.0,100.0,0.0,48.0,28.0,227.0,29.0,Hollings Cancer Center (MUSC),"Charleston, South Carolina",13.0,0.0,4.0,1.0,0.0,1.0,1.0,4.0,0.0,1.0,5.0,1.0,0.0,0.0,1.0,0.0,0.0,0.0,20.0,0.0,4.0,0.0,12.0,7.0,10.0,1.0,18.0,0.0,0.0,7.0,38.0,3.0,45,07
4600,274034,242,23.2,67.8,69.6,55.6,68.5,49.9,68.5,100.0,98.9,0.0,0.0,242.0,119.0,108.0,45.0,33.0,72.0,27.0,Fred & Pamela Buffett Cancer Center (UNMC),"Minnehaha, South Dakota",2.0,0.0,7.0,4.0,2.0,7.0,4.0,1.0,1.0,1.0,9.0,2.0,0.0,2.0,1.0,0.0,1.0,2.0,3.0,1.0,6.0,0.0,2.0,2.0,11.0,3.0,26.0,0.0,0.0,15.0,22.0,7.0,46,00
4701,273914,191,0.0,66.5,100.0,63.1,100.0,97.3,68.2,100.0,96.9,0.0,0.0,160.0,160.0,89.0,29.0,10.0,115.0,1.0,Wake Forest Baptist Comprehensive Cancer Center,"Forsyth, North Carolina",1.0,0.0,4.0,1.0,1.0,2.0,1.0,1.0,3.0,0.0,7.0,1.0,1.0,2.0,0.0,1.0,0.0,1.0,1.0,1.0,2.0,0.0,0.0,1.0,7.0,2.0,19.0,0.0,0.0,6.0,19.0,5.0,47,01
4702,245821,198,1.4,1.9,100.0,24.1,100.0,99.6,1.5,100.0,99.6,0.0,0.0,172.0,170.0,0.0,70.0,57.0,115.0,41.0,Markey Cancer Center (Kentucky),"Fayette, Kentucky",2.0,0.0,9.0,2.0,3.0,5.0,2.0,1.0,6.0,1.0,20.0,4.0,2.0,6.0,1.0,3.0,1.0,1.0,2.0,2.0,4.0,1.0,0.0,3.0,18.0,7.0,42.0,0.0,1.0,12.0,51.0,7.0,47,02
4703,253596,197,0.0,3.2,99.6,30.9,100.0,64.4,2.7,100.0,64.5,0.0,0.0,126.0,125.0,20.0,50.0,26.0,228.0,18.0,Winship Cancer Institute (Emory),"Fulton, Georgia",1.0,0.0,6.0,3.0,1.0,6.0,2.0,1.0,4.0,0.0,16.0,3.0,1.0,3.0,1.0,1.0,1.0,2.0,2.0,1.0,5.0,0.0,0.0,6.0,9.0,2.0,32.0,0.0,1.0,7.0,40.0,3.0,47,03
4704,218114,170,4.9,37.9,60.1,58.7,59.8,8.5,41.5,60.6,9.3,0.0,0.0,71.0,70.0,49.0,229.0,79.0,515.0,3.0,Vanderbilt-Ingram Cancer Center,"Davidson, Tennessee",14.0,6.0,38.0,26.0,14.0,21.0,15.0,9.0,14.0,6.0,52.0,17.0,5.0,11.0,13.0,6.0,5.0,17.0,19.0,7.0,86.0,0.0,69.0,53.0,41.0,8.0,54.0,2.0,1.0,28.0,193.0,8.0,47,04
4705,206086,174,0.0,2.1,2.9,22.5,2.9,0.0,2.9,2.9,0.0,0.0,0.0,18.0,17.0,17.0,530.0,385.0,550.0,225.0,Vanderbilt-Ingram Cancer Center,"Davidson, Tennessee",34.0,14.0,90.0,61.0,35.0,49.0,37.0,19.0,32.0,15.0,116.0,41.0,13.0,26.0,32.0,14.0,13.0,40.0,44.0,17.0,207.0,1.0,168.0,124.0,98.0,18.0,115.0,4.0,3.0,66.0,445.0,18.0,47,05
4706,240469,208,0.4,43.2,44.5,41.8,44.5,7.5,43.7,45.1,8.6,0.0,0.0,52.0,52.0,52.0,304.0,195.0,525.0,103.0,Vanderbilt-Ingram Cancer Center,"Davidson, Tennessee",19.0,8.0,52.0,35.0,20.0,28.0,21.0,11.0,18.0,8.0,67.0,23.0,7.0,15.0,18.0,8.0,7.0,23.0,26.0,10.0,118.0,1.0,96.0,72.0,56.0,11.0,67.0,2.0,2.0,38.0,256.0,11.0,47,06
4707,199054,202,6.0,15.0,16.7,56.9,17.2,0.0,17.2,16.7,0.0,0.0,0.0,37.0,38.0,38.0,455.0,210.0,556.0,107.0,Vanderbilt-Ingram Cancer Center,"Davidson, Tennessee",29.0,12.0,78.0,53.0,30.0,42.0,32.0,17.0,27.0,13.0,100.0,35.0,11.0,23.0,28.0,12.0,11.0,34.0,39.0,15.0,178.0,1.0,144.0,107.0,84.0,16.0,98.0,3.0,3.0,57.0,383.0,16.0,47,07
4708,249811,233,43.2,58.9,62.8,76.0,60.6,1.6,60.0,63.3,5.2,0.0,0.0,83.0,75.0,74.0,47.0,32.0,188.0,29.0,St. Jude Children's Research Hospital,"Shelby, Tennessee",3.0,0.0,9.0,3.0,1.0,2.0,2.0,2.0,4.0,0.0,12.0,1.0,1.0,1.0,0.0,1.0,1.0,2.0,2.0,0.0,7.0,0.0,3.0,5.0,13.0,2.0,22.0,0.0,1.0,14.0,27.0,6.0,47,08
4709,192403,229,0.0,0.0,0.8,4.8,0.0,0.0,0.0,0.0,0.0,0.0,0.0,14.0,0.0,0.0,119.0,108.0,128.0,113.0,St. Jude Children's Research Hospital,"Shelby, Tennessee",9.0,0.0,22.0,8.0,3.0,4.0,4.0,4.0,10.0,1.0,30.0,2.0,2.0,2.0,1.0,3.0,2.0,6.0,6.0,0.0,17.0,1.0,7.0,13.0,34.0,6.0,55.0,1.0,3.0,35.0,69.0,15.0,47,09
4801,233561,208,4.9,27.8,94.1,51.2,100.0,63.3,27.8,100.0,58.1,0.0,0.0,124.0,128.0,40.0,56.0,26.0,237.0,22.0,Harold C. Simmons Comprehensive Cancer Center (UTSW),"Dallas, Texas",3.0,0.0,6.0,5.0,2.0,10.0,4.0,1.0,3.0,1.0,17.0,3.0,0.0,3.0,3.0,0.0,0.0,2.0,2.0,0.0,8.0,0.0,7.0,6.0,11.0,1.0,31.0,0.0,0.0,3.0,53.0,0.0,48,01
4802,179322,152,0.0,0.0,0.0,0.0,0.0,0.0,0.0,0.0,0.0,0.0,0.0,28.0,0.0,0.0,1037.0,352.0,1043.0,581.0,MD Anderson Cancer Center,"Harris, Texas",46.0,28.0,131.0,104.0,58.0,109.0,65.0,35.0,128.0,43.0,181.0,87.0,59.0,52.0,40.0,17.0,19.0,73.0,74.0,43.0,410.0,7.0,328.0,234.0,255.0,26.0,173.0,6.0,16.0,343.0,660.0,34.0,48,02
4803,187076,158,0.0,1.5,2.4,13.0,3.3,0.0,3.3,1.5,0.0,0.0,0.0,36.0,32.0,32.0,460.0,166.0,528.0,10.0,Harold C. Simmons Comprehensive Cancer Center (UTSW),"Dallas, Texas",34.0,10.0,73.0,47.0,37.0,45.0,26.0,21.0,23.0,17.0,92.0,22.0,5.0,17.0,17.0,8.0,8.0,37.0,37.0,15.0,164.0,2.0,138.0,90.0,80.0,20.0,125.0,2.0,5.0,77.0,365.0,17.0,48,03
4804,213897,213,0.5,22.2,35.3,32.6,40.7,2.6,37.8,42.3,2.6,0.0,0.0,41.0,38.0,38.0,297.0,164.0,504.0,8.0,Harold C. Simmons Comprehensive Cancer Center (UTSW),"Dallas, Texas",23.0,6.0,47.0,30.0,24.0,31.0,17.0,14.0,14.0,11.0,61.0,13.0,4.0,11.0,10.0,5.0,5.0,23.0,24.0,10.0,106.0,1.0,88.0,57.0,51.0,14.0,84.0,1.0,3.0,49.0,236.0,12.0,48,04
4805,214097,186,0.0,1.5,29.7,52.0,31.3,2.0,2.3,28.8,1.8,0.0,0.0,22.0,23.0,20.0,345.0,225.0,522.0,210.0,Harold C. Simmons Comprehensive Cancer Center (UTSW),"Dallas, Texas",26.0,7.0,53.0,35.0,27.0,38.0,20.0,15.0,18.0,12.0,72.0,17.0,3.0,13.0,13.0,6.0,5.0,27.0,27.0,10.0,118.0,1.0,98.0,65.0,61.0,15.0,100.0,1.0,4.0,54.0,279.0,12.0,48,05
4806,190615,202,2.7,15.4,28.3,51.5,28.8,5.8,15.2,30.7,5.0,0.0,0.0,36.0,32.0,31.0,348.0,171.0,484.0,97.0,Harold C. Simmons Comprehensive Cancer Center (UTSW),"Dallas, Texas",27.0,7.0,54.0,35.0,27.0,39.0,20.0,16.0,18.0,13.0,72.0,16.0,3.0,13.0,13.0,6.0,6.0,27.0,28.0,11.0,122.0,1.0,101.0,67.0,62.0,15.0,97.0,1.0,4.0,55.0,280.0,13.0,48,06
4807,166174,238,0.0,0.0,0.0,0.0,0.0,0.0,0.0,0.0,0.0,0.0,0.0,17.0,0.0,0.0,1038.0,968.0,1043.0,741.0,MD Anderson Cancer Center,"Harris, Texas",46.0,28.0,131.0,104.0,58.0,109.0,65.0,35.0,128.0,43.0,181.0,87.0,59.0,52.0,40.0,17.0,19.0,73.0,74.0,43.0,410.0,7.0,328.0,233.0,255.0,26.0,174.0,6.0,16.0,343.0,661.0,34.0,48,07
4808,192211,173,9.5,10.1,19.4,18.5,16.0,0.0,10.1,18.6,0.0,0.0,0.0,41.0,38.0,0.0,767.0,134.0,1043.0,416.0,MD Anderson Cancer Center,"Harris, Texas",35.0,21.0,97.0,76.0,42.0,81.0,48.0,26.0,93.0,31.0,135.0,64.0,43.0,38.0,30.0,12.0,14.0,53.0,55.0,32.0,299.0,5.0,239.0,170.0,187.0,20.0,134.0,5.0,12.0,253.0,487.0,26.0,48,08
4809,175349,207,0.0,0.0,0.0,0.0,0.0,0.0,0.0,0.0,0.0,0.0,0.0,18.0,0.0,0.0,1039.0,1010.0,1043.0,718.0,MD Anderson Cancer Center,"Harris, Texas",46.0,28.0,131.0,104.0,58.0,109.0,65.0,35.0,128.0,43.0,181.0,87.0,59.0,52.0,40.0,17.0,18.0,73.0,74.0,43.0,410.0,7.0,328.0,233.0,255.0,26.0,174.0,6.0,17.0,343.0,661.0,34.0,48,09
4810,204984,218,9.3,43.0,50.7,42.7,51.4,0.0,45.5,91.4,0.8,0.0,0.0,96.0,61.0,52.0,143.0,39.0,798.0,42.0,MD Anderson Cancer Center,"Travis, Texas",12.0,2.0,20.0,16.0,8.0,19.0,9.0,4.0,11.0,4.0,30.0,10.0,5.0,6.0,6.0,2.0,2.0,9.0,11.0,3.0,47.0,1.0,36.0,25.0,32.0,5.0,41.0,1.0,2.0,31.0,108.0,4.0,48,10
4811,185667,194,34.8,77.5,97.3,47.5,96.1,68.5,77.4,100.0,91.7,0.0,0.0,208.0,205.0,121.0,13.0,5.0,90.0,5.0,Mays Cancer Center (UT Health San Antonio),"Tarrant, Texas",1.0,0.0,1.0,2.0,0.0,1.0,1.0,0.0,1.0,0.0,4.0,1.0,0.0,0.0,0.0,0.0,0.0,1.0,0.0,0.0,1.0,0.0,1.0,1.0,3.0,1.0,7.0,0.0,0.0,2.0,10.0,1.0,48,11
4812,196016,180,0.0,0.0,0.0,18.3,0.0,0.0,0.0,15.2,0.0,0.0,0.0,43.0,0.0,0.0,445.0,132.0,501.0,94.0,Harold C. Simmons Comprehensive Cancer Center (UTSW),"Tarrant, Texas",35.0,9.0,71.0,45.0,36.0,51.0,25.0,21.0,22.0,16.0,90.0,20.0,3.0,16.0,16.0,8.0,7.0,35.0,37.0,15.0,159.0,2.0,132.0,86.0,79.0,20.0,122.0,2.0,5.0,72.0,356.0,17.0,48,12
4813,206557,238,14.6,40.8,82.3,69.6,82.3,72.2,30.2,85.8,78.3,0.0,0.0,207.0,204.0,47.0,88.0,15.0,144.0,5.0,Stephenson Cancer Center (Oklahoma),"Oklahoma, Oklahoma",6.0,1.0,13.0,9.0,7.0,9.0,5.0,4.0,4.0,3.0,20.0,4.0,1.0,3.0,3.0,2.0,2.0,7.0,7.0,3.0,29.0,0.0,24.0,15.0,16.0,5.0,27.0,0.0,1.0,17.0,68.0,3.0,48,13
4814,219590,223,1.6,32.1,38.4,11.1,47.4,1.4,36.5,42.0,0.4,0.0,0.0,54.0,59.0,44.0,633.0,164.0,1024.0,17.0,MD Anderson Cancer Center,"Harris, Texas",29.0,17.0,79.0,64.0,36.0,65.0,40.0,22.0,78.0,26.0,111.0,53.0,36.0,31.0,24.0,10.0,11.0,45.0,45.0,26.0,251.0,4.0,201.0,143.0,155.0,15.0,105.0,4.0,10.0,212.0,400.0,21.0,48,14
4815,177225,217,5.0,80.8,81.4,20.4,81.1,74.9,81.1,79.9,74.9,0.0,0.0,236.0,238.0,238.0,75.0,12.0,114.0,12.0,Mays Cancer Center (UT Health San Antonio),"Bexar, Texas",6.0,2.0,15.0,10.0,3.0,9.0,4.0,3.0,1.0,4.0,17.0,3.0,0.0,3.0,2.0,1.0,1.0,8.0,6.0,2.0,35.0,0.0,26.0,17.0,9.0,2.0,21.0,0.0,1.0,6.0,67.0,1.0,48,15
4816,179149,172,0.0,0.0,100.0,0.0,100.0,100.0,0.0,100.0,100.0,0.0,0.0,274.0,322.0,0.0,26.0,24.0,30.0,24.0,UNM Comprehensive Cancer Center,"Pima, Arizona",0.0,0.0,9.0,2.0,0.0,2.0,0.0,0.0,0.0,0.0,5.0,2.0,0.0,1.0,0.0,0.0,1.0,0.0,2.0,0.0,4.0,0.0,0.0,2.0,1.0,1.0,20.0,1.0,0.0,2.0,22.0,1.0,48,16
4817,206616,205,23.1,38.9,84.2,51.4,83.3,21.7,42.8,100.0,33.7,0.0,0.0,106.0,97.0,54.0,45.0,26.0,438.0,14.0,Harold C. Simmons Comprehensive Cancer Center (UTSW),"Travis, Texas",5.0,1.0,6.0,6.0,2.0,6.0,3.0,2.0,2.0,1.0,10.0,3.0,0.0,1.0,2.0,0.0,1.0,2.0,3.0,0.0,9.0,0.0,6.0,5.0,10.0,3.0,20.0,0.0,1.0,6.0,36.0,2.0,48,17
4818,157523,232,0.0,0.0,0.0,0.0,0.0,0.0,0.0,0.0,0.0,0.0,0.0,13.0,0.0,0.0,1039.0,1024.0,1043.0,1021.0,MD Anderson Cancer Center,"Harris, Texas",46.0,28.0,131.0,104.0,58.0,109.0,65.0,35.0,128.0,43.0,181.0,87.0,59.0,52.0,40.0,17.0,19.0,73.0,74.0,43.0,410.0,7.0,328.0,234.0,255.0,26.0,174.0,6.0,16.0,343.0,662.0,34.0,48,18
4819,191659,248,14.6,25.0,100.0,40.2,100.0,100.0,47.8,100.0,100.0,0.0,0.0,310.0,309.0,53.0,16.0,12.0,24.0,10.0,UNM Comprehensive Cancer Center,"Tarrant, Texas",0.0,0.0,4.0,1.0,0.0,1.0,1.0,1.0,0.0,0.0,4.0,1.0,0.0,1.0,2.0,0.0,1.0,0.0,1.0,0.0,1.0,0.0,1.0,1.0,1.0,1.0,13.0,0.0,0.0,3.0,12.0,1.0,48,19
4820,166205,161,0.0,0.0,0.0,0.0,0.0,0.0,0.0,0.0,0.0,0.0,0.0,11.0,0.0,0.0,310.0,304.0,405.0,307.0,Mays Cancer Center (UT Health San Antonio),"Bexar, Texas",21.0,10.0,63.0,46.0,18.0,43.0,21.0,10.0,6.0,18.0,71.0,12.0,0.0,10.0,6.0,5.0,4.0,40.0,29.0,7.0,181.0,1.0,133.0,72.0,39.0,6.0,58.0,0.0,2.0,26.0,279.0,5.0,48,20
4821,250718,192,0.6,12.9,13.3,42.7,15.0,0.6,15.0,30.7,0.6,0.0,0.0,41.0,33.0,33.0,256.0,132.0,400.0,115.0,Mays Cancer Center (UT Health San Antonio),"Bexar, Texas",19.0,7.0,50.0,37.0,15.0,35.0,17.0,8.0,6.0,13.0,59.0,11.0,0.0,8.0,6.0,4.0,3.0,30.0,23.0,5.0,138.0,1.0,102.0,57.0,35.0,6.0,54.0,0.0,2.0,21.0,231.0,4.0,48,21
4822,192375,165,7.6,7.6,10.5,12.5,11.7,0.0,6.0,11.7,0.0,0.0,0.0,30.0,29.0,0.0,927.0,525.0,1041.0,135.0,MD Anderson Cancer Center,"Harris, Texas",41.0,25.0,117.0,93.0,52.0,97.0,58.0,31.0,114.0,38.0,161.0,78.0,53.0,46.0,36.0,15.0,16.0,65.0,66.0,38.0,367.0,6.0,293.0,208.0,227.0,23.0,156.0,5.0,15.0,307.0,589.0,31.0,48,22
4823,184765,193,30.5,36.7,48.9,43.0,48.9,41.4,36.7,49.4,40.7,0.4,0.4,54.0,52.0,0.0,161.0,134.0,231.0,135.0,Mays Cancer Center (UT Health San Antonio),"Bexar, Texas",11.0,5.0,33.0,24.0,9.0,22.0,11.0,5.0,3.0,9.0,37.0,6.0,0.0,5.0,3.0,3.0,2.0,20.0,15.0,4.0,93.0,0.0,68.0,37.0,20.0,3.0,32.0,0.0,1.0,13.0,145.0,3.0,48,23
4824,213455,213,0.0,0.0,0.0,0.0,0.0,0.0,0.0,0.0,0.0,0.0,0.0,26.0,0.0,0.0,496.0,414.0,518.0,234.0,Harold C. Simmons Comprehensive Cancer Center (UTSW),"Tarrant, Texas",38.0,10.0,79.0,50.0,40.0,54.0,28.0,23.0,25.0,18.0,100.0,23.0,4.0,18.0,18.0,9.0,8.0,40.0,40.0,16.0,178.0,2.0,149.0,97.0,87.0,22.0,133.0,2.0,6.0,80.0,398.0,18.0,48,24
4825,220430,206,7.3,17.2,19.5,40.2,21.4,3.4,21.4,40.4,12.2,0.0,0.0,52.0,27.0,27.0,314.0,141.0,465.0,50.0,Harold C. Simmons Comprehensive Cancer Center (UTSW),"Tarrant, Texas",25.0,6.0,50.0,31.0,26.0,38.0,17.0,15.0,15.0,12.0,63.0,14.0,2.0,11.0,11.0,6.0,6.0,24.0,26.0,10.0,110.0,1.0,90.0,58.0,56.0,14.0,89.0,1.0,4.0,51.0,249.0,14.0,48,25
4826,194895,183,0.0,1.9,5.1,14.5,8.8,0.0,8.8,13.5,0.0,0.0,0.0,35.0,31.0,31.0,449.0,247.0,508.0,13.0,Harold C. Simmons Comprehensive Cancer Center (UTSW),"Dallas, Texas",34.0,9.0,72.0,46.0,36.0,49.0,25.0,21.0,22.0,16.0,91.0,20.0,4.0,16.0,16.0,8.0,7.0,36.0,36.0,15.0,162.0,2.0,135.0,87.0,78.0,20.0,122.0,2.0,5.0,72.0,361.0,17.0,48,26
4827,223254,216,28.8,88.8,89.2,56.6,89.2,66.4,89.2,99.5,63.4,0.0,0.0,140.0,141.0,140.0,21.0,2.0,178.0,1.0,Mays Cancer Center (UT Health San Antonio),"Bexar, Texas",2.0,0.0,3.0,2.0,1.0,4.0,1.0,0.0,1.0,0.0,5.0,2.0,0.0,1.0,1.0,0.0,1.0,1.0,2.0,0.0,6.0,0.0,4.0,3.0,4.0,1.0,8.0,0.0,0.0,2.0,18.0,1.0,48,27
4828,177203,196,4.5,40.6,40.6,18.7,40.6,39.4,40.6,40.5,39.4,0.0,0.0,34.0,34.0,34.0,189.0,138.0,244.0,118.0,Mays Cancer Center (UT Health San Antonio),"Bexar, Texas",13.0,6.0,39.0,28.0,11.0,26.0,13.0,6.0,4.0,11.0,43.0,7.0,0.0,6.0,4.0,3.0,2.0,24.0,17.0,4.0,108.0,1.0,79.0,44.0,24.0,4.0,36.0,0.0,1.0,16.0,170.0,3.0,48,28
4829,155672,214,0.0,0.0,0.0,0.0,0.0,0.0,0.0,0.0,0.0,0.0,0.0,14.0,0.0,0.0,1040.0,1022.0,1043.0,1021.0,MD Anderson Cancer Center,"Harris, Texas",46.0,28.0,131.0,104.0,58.0,109.0,65.0,35.0,128.0,43.0,182.0,87.0,59.0,52.0,40.0,17.0,19.0,73.0,74.0,43.0,410.0,7.0,328.0,234.0,255.0,26.0,174.0,6.0,17.0,344.0,662.0,34.0,48,29
4830,173897,217,0.0,0.0,0.0,0.0,0.0,0.0,0.0,0.0,0.0,0.0,0.0,14.0,0.0,0.0,496.0,443.0,533.0,418.0,Harold C. Simmons Comprehensive Cancer Center (UTSW),"Dallas, Texas",38.0,10.0,79.0,50.0,40.0,54.0,28.0,23.0,25.0,18.0,100.0,23.0,4.0,18.0,18.0,9.0,8.0,40.0,40.0,16.0,178.0,2.0,149.0,97.0,87.0,22.0,133.0,2.0,6.0,80.0,398.0,18.0,48,30
4831,204963,199,1.6,5.1,40.2,22.9,34.8,0.0,5.6,100.0,40.4,0.0,0.0,116.0,42.0,26.0,117.0,49.0,330.0,9.0,Mays Cancer Center (UT Health San Antonio),"Travis, Texas",14.0,1.0,17.0,15.0,6.0,17.0,7.0,4.0,5.0,2.0,27.0,9.0,1.0,5.0,5.0,1.0,1.0,6.0,9.0,1.0,29.0,1.0,21.0,15.0,25.0,6.0,46.0,1.0,2.0,11.0,102.0,4.0,48,31
4832,156688,235,0.0,0.0,0.0,0.0,0.0,0.0,0.0,0.0,0.0,0.0,0.0,14.0,0.0,0.0,496.0,444.0,532.0,372.0,Harold C. Simmons Comprehensive Cancer Center (UTSW),"Dallas, Texas",38.0,10.0,79.0,50.0,40.0,54.0,28.0,23.0,25.0,18.0,100.0,23.0,4.0,18.0,18.0,9.0,8.0,40.0,40.0,16.0,178.0,2.0,149.0,97.0,87.0,22.0,133.0,2.0,6.0,80.0,398.0,18.0,48,32
4833,147559,245,0.0,0.0,0.0,0.0,0.0,0.0,0.0,0.0,0.0,0.0,0.0,20.0,0.0,0.0,496.0,371.0,520.0,283.0,Harold C. Simmons Comprehensive Cancer Center (UTSW),"Dallas, Texas",38.0,10.0,79.0,50.0,40.0,54.0,28.0,23.0,25.0,18.0,100.0,23.0,4.0,18.0,18.0,9.0,8.0,40.0,40.0,16.0,178.0,2.0,149.0,97.0,87.0,22.0,133.0,2.0,6.0,80.0,398.0,18.0,48,33
4834,170210,220,0.0,100.0,100.0,4.0,100.0,100.0,100.0,100.0,100.0,0.0,0.0,253.0,254.0,254.0,15.0,9.0,18.0,10.0,Mays Cancer Center (UT Health San Antonio),"Bexar, Texas",2.0,0.0,4.0,1.0,0.0,1.0,0.0,1.0,0.0,1.0,3.0,0.0,0.0,1.0,0.0,0.0,0.0,1.0,0.0,1.0,3.0,0.0,1.0,3.0,0.0,1.0,10.0,0.0,0.0,1.0,14.0,0.0,48,34
4835,152127,191,0.0,0.0,0.0,4.0,0.0,0.0,0.0,42.4,0.0,0.0,0.0,40.0,0.0,0.0,256.0,204.0,414.0,197.0,Mays Cancer Center (UT Health San Antonio),"Bexar, Texas",22.0,6.0,49.0,36.0,15.0,37.0,17.0,7.0,7.0,11.0,61.0,12.0,1.0,9.0,7.0,4.0,3.0,27.0,23.0,5.0,125.0,2.0,92.0,53.0,38.0,7.0,63.0,1.0,3.0,21.0,232.0,4.0,48,35
4836,205002,190,6.4,26.4,32.8,36.1,33.4,8.1,32.4,32.7,8.1,0.0,0.0,32.0,0.0,0.0,687.0,447.0,953.0,556.0,MD Anderson Cancer Center,"Harris, Texas",31.0,18.0,87.0,69.0,38.0,72.0,43.0,23.0,84.0,28.0,121.0,57.0,39.0,34.0,27.0,11.0,12.0,48.0,49.0,28.0,270.0,5.0,216.0,153.0,169.0,17.0,117.0,4.0,11.0,227.0,437.0,23.0,48,36
4837,160861,190,0.0,0.0,0.0,0.0,0.0,0.0,0.0,100.0,0.0,0.0,0.0,88.0,0.0,0.0,168.0,161.0,423.0,145.0,Mays Cancer Center (UT Health San Antonio),"Travis, Texas",21.0,1.0,27.0,20.0,10.0,27.0,10.0,3.0,7.0,2.0,42.0,11.0,2.0,7.0,7.0,2.0,1.0,9.0,14.0,1.0,47.0,2.0,35.0,24.0,34.0,8.0,63.0,1.0,3.0,13.0,153.0,3.0,48,37
4838,200811,200,0.0,0.0,0.0,0.0,0.0,0.0,0.0,0.0,0.0,0.0,0.0,21.0,0.0,0.0,1039.0,636.0,1043.0,1021.0,MD Anderson Cancer Center,"Harris, Texas",46.0,28.0,131.0,104.0,58.0,109.0,65.0,35.0,128.0,43.0,181.0,87.0,59.0,52.0,40.0,17.0,19.0,73.0,74.0,43.0,410.0,7.0,328.0,234.0,255.0,26.0,174.0,6.0,16.0,343.0,662.0,34.0,48,38
4901,178787,196,1.1,13.8,18.3,13.8,23.8,0.6,23.8,18.0,0.6,0.0,0.0,35.0,44.0,44.0,265.0,101.0,323.0,45.0,Huntsman Cancer Institute (Utah),"Salt Lake, Utah",11.0,10.0,43.0,27.0,17.0,32.0,18.0,3.0,20.0,5.0,48.0,27.0,8.0,15.0,17.0,10.0,2.0,26.0,24.0,8.0,97.0,1.0,67.0,58.0,61.0,9.0,66.0,0.0,3.0,71.0,172.0,21.0,49,01
4902,195929,186,11.1,48.9,48.9,16.7,48.9,47.4,48.9,48.9,48.2,0.0,0.0,36.0,39.0,39.0,169.0,145.0,174.0,107.0,Huntsman Cancer Institute (Utah),"Salt Lake, Utah",7.0,6.0,28.0,17.0,11.0,20.0,11.0,2.0,12.0,3.0,30.0,18.0,5.0,9.0,11.0,6.0,1.0,17.0,16.0,5.0,62.0,1.0,42.0,37.0,39.0,6.0,42.0,0.0,2.0,46.0,109.0,13.0,49,02
4903,176182,212,17.6,17.6,17.6,24.7,17.6,13.2,17.6,17.6,15.9,0.0,0.0,36.0,26.0,26.0,265.0,145.0,276.0,127.0,Huntsman Cancer Institute (Utah),"Salt Lake, Utah",12.0,10.0,44.0,27.0,17.0,32.0,18.0,3.0,20.0,5.0,48.0,27.0,8.0,15.0,17.0,10.0,2.0,26.0,25.0,8.0,98.0,2.0,68.0,60.0,60.0,9.0,65.0,0.0,3.0,71.0,173.0,21.0,49,03
4904,144582,175,5.2,7.5,9.3,6.1,6.3,1.9,6.3,13.8,2.5,0.0,0.0,18.0,0.0,0.0,286.0,227.0,317.0,222.0,Huntsman Cancer Institute (Utah),"Salt Lake, Utah",12.0,10.0,48.0,29.0,19.0,35.0,20.0,4.0,21.0,5.0,52.0,29.0,9.0,16.0,18.0,10.0,2.0,29.0,27.0,9.0,106.0,2.0,73.0,65.0,64.0,10.0,70.0,0.0,4.0,75.0,188.0,23.0,49,04
5000,230149,193,3.6,10.7,94.7,54.1,100.0,89.6,26.8,68.3,3.3,0.0,0.0,80.0,181.0,40.0,58.0,22.0,190.0,14.0,Dartmouth Cancer Center,"Suffolk, Massachusetts",4.0,2.0,8.0,4.0,2.0,3.0,3.0,3.0,4.0,1.0,11.0,5.0,1.0,4.0,1.0,1.0,3.0,2.0,3.0,1.0,9.0,0.0,4.0,2.0,18.0,3.0,29.0,0.0,2.0,33.0,15.0,11.0,50,00
5101,263718,194,0.0,5.6,23.3,27.2,24.2,0.0,10.3,24.2,0.0,0.0,0.0,24.0,24.0,0.0,163.0,99.0,586.0,24.0,VCU Massey Comprehensive Cancer Center,"Richmond, Virginia",8.0,2.0,26.0,9.0,2.0,12.0,11.0,3.0,12.0,2.0,28.0,16.0,1.0,10.0,5.0,3.0,3.0,3.0,13.0,2.0,19.0,0.0,8.0,14.0,50.0,11.0,75.0,2.0,3.0,53.0,79.0,32.0,51,01
5102,229334,218,1.5,5.7,100.0,17.2,100.0,8.3,6.1,100.0,8.3,0.0,0.0,102.0,100.0,16.0,81.0,67.0,242.0,6.0,VCU Massey Comprehensive Cancer Center,"Richmond, Virginia",8.0,1.0,20.0,5.0,1.0,9.0,3.0,0.0,4.0,0.0,10.0,6.0,1.0,1.0,6.0,1.0,1.0,1.0,8.0,0.0,8.0,1.0,3.0,10.0,23.0,5.0,38.0,1.0,2.0,14.0,65.0,2.0,51,02
5103,202846,232,0.0,0.0,98.3,0.0,99.5,0.0,0.0,100.0,0.0,0.0,0.0,90.0,88.0,12.0,89.0,78.0,255.0,22.0,VCU Massey Comprehensive Cancer Center,"Richmond, Virginia",8.0,1.0,21.0,5.0,1.0,10.0,3.0,0.0,4.0,0.0,11.0,6.0,1.0,1.0,7.0,1.0,1.0,1.0,8.0,0.0,8.0,1.0,3.0,11.0,25.0,5.0,41.0,1.0,2.0,15.0,71.0,3.0,51,03
5104,226004,232,0.0,0.4,6.1,24.6,6.8,0.0,2.3,6.8,0.0,0.0,0.0,12.0,12.0,0.0,173.0,146.0,663.0,64.0,VCU Massey Comprehensive Cancer Center,"Richmond, Virginia",7.0,2.0,26.0,10.0,2.0,11.0,12.0,4.0,13.0,2.0,30.0,17.0,1.0,11.0,5.0,3.0,4.0,3.0,13.0,3.0,20.0,0.0,9.0,13.0,53.0,12.0,81.0,2.0,4.0,60.0,76.0,38.0,51,04
5105,271583,220,0.4,10.0,37.6,61.1,40.3,0.0,10.7,41.8,0.0,0.0,0.0,56.0,55.0,40.0,143.0,54.0,576.0,14.0,University of Virginia Cancer Center,"Charlottesville, Virginia",6.0,4.0,16.0,10.0,4.0,16.0,8.0,4.0,13.0,3.0,24.0,17.0,4.0,7.0,6.0,3.0,3.0,5.0,12.0,4.0,25.0,0.0,17.0,18.0,38.0,9.0,56.0,1.0,3.0,45.0,74.0,24.0,51,05
5106,262549,191,0.0,12.0,55.8,63.8,55.2,0.0,21.7,68.0,0.0,0.0,0.0,71.0,63.0,48.0,136.0,26.0,546.0,6.0,University of Virginia Cancer Center,"Charlottesville, Virginia",5.0,3.0,17.0,13.0,7.0,19.0,8.0,3.0,7.0,5.0,35.0,10.0,2.0,6.0,4.0,3.0,2.0,8.0,11.0,3.0,41.0,0.0,26.0,25.0,26.0,8.0,49.0,0.0,2.0,26.0,96.0,14.0,51,06
5107,202536,174,0.0,0.0,2.1,17.5,3.5,0.0,0.6,5.0,0.0,0.0,0.0,44.0,41.0,40.0,496.0,145.0,987.0,6.0,Georgetown Lombardi Comprehensive Cancer Center,"Fairfax, Virginia",24.0,14.0,65.0,48.0,28.0,57.0,32.0,14.0,26.0,17.0,129.0,31.0,6.0,24.0,16.0,16.0,10.0,38.0,34.0,17.0,191.0,2.0,124.0,104.0,106.0,17.0,133.0,2.0,10.0,85.0,342.0,69.0,51,07
5108,193955,220,0.0,0.0,0.0,2.0,0.0,0.0,0.0,0.0,0.0,0.0,0.0,10.0,0.0,0.0,877.0,680.0,1024.0,205.0,Georgetown Lombardi Comprehensive Cancer Center,"Fairfax, Virginia",46.0,32.0,111.0,80.0,45.0,96.0,55.0,27.0,54.0,39.0,208.0,52.0,14.0,39.0,33.0,33.0,19.0,68.0,67.0,41.0,329.0,7.0,234.0,175.0,201.0,24.0,213.0,2.0,29.0,187.0,562.0,128.0,51,08
5109,282361,233,0.1,38.0,94.0,75.2,91.2,34.9,51.7,92.6,35.7,0.0,0.0,103.0,102.0,64.0,43.0,12.0,211.0,4.0,Wake Forest Baptist Comprehensive Cancer Center,"Forsyth, North Carolina",1.0,0.0,6.0,4.0,2.0,4.0,2.0,1.0,2.0,1.0,8.0,2.0,1.0,1.0,2.0,1.0,1.0,1.0,4.0,1.0,5.0,0.0,1.0,4.0,8.0,3.0,26.0,0.0,1.0,10.0,28.0,5.0,51,09
5110,187521,156,0.0,0.0,0.0,16.2,0.0,0.0,0.0,1.2,0.0,0.0,0.0,33.0,23.0,23.0,705.0,402.0,1002.0,22.0,Georgetown Lombardi Comprehensive Cancer Center,"Fairfax, Virginia",34.0,24.0,92.0,69.0,39.0,78.0,43.0,22.0,38.0,27.0,177.0,40.0,9.0,34.0,24.0,27.0,17.0,57.0,48.0,30.0,286.0,3.0,184.0,153.0,153.0,22.0,176.0,1.0,15.0,113.0,476.0,116.0,51,10
5111,208188,189,0.0,0.0,0.0,3.2,0.0,0.0,0.0,0.0,0.0,0.0,0.0,20.0,0.0,0.0,845.0,676.0,1019.0,371.0,Georgetown Lombardi Comprehensive Cancer Center,"Fairfax, Virginia",44.0,31.0,110.0,79.0,44.0,92.0,53.0,26.0,52.0,37.0,202.0,50.0,13.0,38.0,31.0,32.0,19.0,66.0,62.0,39.0,323.0,6.0,225.0,171.0,190.0,24.0,206.0,2.0,26.0,173.0,546.0,126.0,51,11
5301,187766,179,0.0,0.0,0.0,0.0,0.0,0.0,0.0,0.8,0.0,0.0,0.0,25.0,23.0,0.0,412.0,295.0,434.0,191.0,Fred Hutch/UW/Seattle Children's Cancer Consortium,"King, Washington",22.0,9.0,55.0,36.0,16.0,31.0,18.0,10.0,53.0,10.0,78.0,44.0,24.0,18.0,23.0,15.0,13.0,25.0,48.0,11.0,119.0,4.0,79.0,74.0,125.0,17.0,114.0,3.0,1.0,114.0,267.0,31.0,53,01
5302,254394,205,3.8,6.8,58.0,17.3,61.7,7.2,4.4,59.4,5.2,0.0,0.0,72.0,77.0,0.0,184.0,120.0,395.0,32.0,Fred Hutch/UW/Seattle Children's Cancer Consortium,"King, Washington",9.0,4.0,25.0,15.0,7.0,14.0,8.0,4.0,23.0,4.0,33.0,19.0,10.0,8.0,10.0,7.0,6.0,11.0,22.0,6.0,51.0,2.0,33.0,31.0,56.0,7.0,56.0,1.0,0.0,60.0,110.0,14.0,53,02
5303,242259,196,3.3,8.6,23.5,5.8,25.1,3.3,7.3,25.1,4.6,0.0,0.0,23.0,22.0,0.0,241.0,180.0,349.0,37.0,Knight Cancer Institute (OHSU),"Multnomah, Oregon",12.0,4.0,30.0,20.0,11.0,28.0,18.0,11.0,24.0,8.0,52.0,23.0,9.0,14.0,10.0,7.0,5.0,14.0,21.0,11.0,62.0,0.0,37.0,35.0,64.0,14.0,88.0,1.0,2.0,71.0,144.0,26.0,53,03
5304,201121,178,21.3,59.0,100.0,39.7,100.0,95.7,57.9,100.0,95.7,0.0,0.0,195.0,178.0,77.0,17.0,14.0,46.0,14.0,Fred Hutch/UW/Seattle Children's Cancer Consortium,"King, Washington",0.0,1.0,4.0,1.0,1.0,1.0,0.0,1.0,1.0,0.0,2.0,1.0,0.0,1.0,1.0,1.0,2.0,1.0,2.0,1.0,3.0,0.0,0.0,1.0,5.0,1.0,11.0,0.0,0.0,12.0,3.0,3.0,53,04
5305,240737,198,17.4,24.2,37.7,25.2,100.0,100.0,20.0,100.0,100.0,0.0,0.0,306.0,288.0,0.0,76.0,54.0,99.0,42.0,Fred Hutch/UW/Seattle Children's Cancer Consortium,"King, Washington",5.0,1.0,10.0,3.0,3.0,7.0,6.0,1.0,8.0,1.0,17.0,7.0,1.0,3.0,1.0,2.0,3.0,3.0,8.0,3.0,15.0,0.0,3.0,5.0,24.0,3.0,41.0,0.0,0.0,26.0,31.0,19.0,53,05
5306,275694,200,2.1,20.2,62.9,13.2,72.5,24.1,27.1,81.1,31.2,0.0,0.0,92.0,77.0,40.0,143.0,35.0,340.0,23.0,Fred Hutch/UW/Seattle Children's Cancer Consortium,"King, Washington",6.0,3.0,24.0,11.0,6.0,10.0,6.0,3.0,13.0,3.0,28.0,13.0,5.0,6.0,11.0,5.0,4.0,8.0,15.0,4.0,33.0,1.0,22.0,19.0,38.0,5.0,57.0,1.0,1.0,41.0,92.0,10.0,53,06
5307,184063,193,0.0,0.0,1.2,0.0,0.0,0.0,0.0,1.2,0.0,0.0,0.0,14.0,0.0,0.0,420.0,362.0,435.0,385.0,Fred Hutch/UW/Seattle Children's Cancer Consortium,"King, Washington",22.0,9.0,59.0,37.0,17.0,32.0,18.0,10.0,53.0,10.0,80.0,45.0,24.0,18.0,24.0,15.0,13.0,25.0,48.0,11.0,120.0,4.0,79.0,75.0,126.0,17.0,119.0,3.0,1.0,114.0,275.0,31.0,53,07
5308,218970,202,2.3,20.7,26.7,6.4,25.6,12.5,18.7,38.9,15.8,0.0,0.0,53.0,0.0,0.0,287.0,90.0,374.0,213.0,Fred Hutch/UW/Seattle Children's Cancer Consortium,"King, Washington",15.0,6.0,39.0,24.0,12.0,22.0,12.0,7.0,35.0,7.0,55.0,30.0,15.0,12.0,17.0,10.0,9.0,17.0,33.0,8.0,80.0,3.0,53.0,49.0,86.0,12.0,85.0,2.0,1.0,78.0,186.0,22.0,53,08
5309,199532,191,0.0,0.0,0.0,0.0,0.0,0.0,0.0,0.0,0.0,0.0,0.0,34.0,0.0,0.0,429.0,285.0,436.0,385.0,Fred Hutch/UW/Seattle Children's Cancer Consortium,"King, Washington",22.0,9.0,59.0,37.0,17.0,32.0,18.0,10.0,55.0,10.0,83.0,46.0,24.0,18.0,25.0,15.0,13.0,25.0,49.0,11.0,122.0,4.0,81.0,76.0,128.0,18.0,123.0,3.0,1.0,115.0,283.0,31.0,53,09
5310,204328,176,0.0,0.0,13.0,0.0,36.2,0.0,0.0,56.5,5.8,0.0,0.0,62.0,48.0,0.0,280.0,70.0,451.0,51.0,Fred Hutch/UW/Seattle Children's Cancer Consortium,"King, Washington",14.0,6.0,40.0,22.0,12.0,21.0,11.0,7.0,30.0,6.0,56.0,29.0,12.0,11.0,18.0,9.0,9.0,16.0,30.0,7.0,70.0,2.0,46.0,41.0,81.0,11.0,98.0,2.0,1.0,73.0,184.0,23.0,53,10
5401,316360,274,9.9,26.1,100.0,63.9,100.0,93.2,36.7,100.0,93.9,0.0,0.0,153.0,154.0,48.0,26.0,9.0,78.0,7.0,OSU Comprehensive Cancer Center – James,"Franklin, Ohio",2.0,0.0,3.0,2.0,1.0,3.0,1.0,1.0,0.0,0.0,6.0,1.0,0.0,1.0,1.0,0.0,1.0,1.0,2.0,0.0,2.0,0.0,0.0,0.0,4.0,2.0,19.0,0.0,0.0,13.0,5.0,8.0,54,01
5402,299751,272,2.8,16.1,83.1,57.3,82.5,16.8,46.7,83.9,19.3,0.0,0.0,90.0,87.0,58.0,101.0,20.0,478.0,8.0,UPMC Hillman Cancer Center,"Allegheny, Pennsylvania",6.0,3.0,13.0,8.0,5.0,13.0,6.0,5.0,6.0,3.0,23.0,4.0,1.0,7.0,3.0,2.0,3.0,6.0,6.0,4.0,25.0,0.0,14.0,13.0,25.0,7.0,41.0,0.0,2.0,31.0,52.0,19.0,54,02
5501,229222,188,0.0,0.0,0.0,14.3,0.0,0.0,0.0,73.1,0.0,0.0,0.0,70.0,27.0,0.0,311.0,117.0,732.0,61.0,University of Chicago Comprehensive Cancer Center,"Milwaukee, Wisconsin",14.0,8.0,33.0,15.0,13.0,27.0,18.0,12.0,28.0,11.0,51.0,32.0,8.0,7.0,22.0,8.0,7.0,17.0,31.0,11.0,63.0,2.0,47.0,33.0,94.0,17.0,108.0,4.0,7.0,108.0,163.0,40.0,55,01
5502,210573,184,2.3,2.9,5.1,22.9,4.0,0.0,4.0,6.1,0.0,0.0,0.0,17.0,0.0,0.0,169.0,112.0,386.0,111.0,UW Carbone Cancer Center,"Dane, Wisconsin",5.0,7.0,25.0,17.0,10.0,17.0,8.0,7.0,10.0,7.0,24.0,14.0,2.0,11.0,12.0,3.0,5.0,14.0,20.0,4.0,41.0,1.0,28.0,16.0,49.0,9.0,62.0,1.0,3.0,63.0,77.0,30.0,55,02
5503,238238,180,9.3,12.2,93.3,51.2,95.2,1.5,15.7,95.2,2.8,0.0,0.0,91.0,89.0,18.0,67.0,36.0,352.0,27.0,UW Carbone Cancer Center,"Dane, Wisconsin",3.0,2.0,8.0,3.0,2.0,4.0,4.0,3.0,5.0,1.0,13.0,7.0,1.0,4.0,4.0,2.0,3.0,3.0,5.0,3.0,10.0,0.0,2.0,2.0,24.0,4.0,34.0,0.0,1.0,36.0,10.0,21.0,55,03
5504,174783,257,0.0,0.0,0.0,0.0,0.0,0.0,0.0,100.0,0.0,0.0,0.0,81.0,0.0,0.0,256.0,217.0,733.0,208.0,UW Carbone Cancer Center,"Milwaukee, Wisconsin",9.0,5.0,26.0,8.0,8.0,22.0,16.0,12.0,27.0,10.0,38.0,30.0,8.0,4.0,22.0,6.0,6.0,16.0,26.0,9.0,53.0,1.0,40.0,28.0,76.0,15.0,87.0,4.0,6.0,95.0,125.0,36.0,55,04
5505,258100,187,0.0,0.0,0.0,7.0,0.0,0.0,0.0,75.8,0.0,0.0,0.0,71.0,23.0,0.0,259.0,172.0,663.0,65.0,UW Carbone Cancer Center,"Milwaukee, Wisconsin",9.0,7.0,27.0,11.0,9.0,24.0,16.0,10.0,27.0,10.0,36.0,29.0,8.0,6.0,22.0,6.0,6.0,18.0,27.0,9.0,57.0,1.0,44.0,28.0,77.0,15.0,84.0,4.0,6.0,95.0,125.0,38.0,55,05
5506,253650,187,0.0,0.0,57.4,19.7,54.6,0.0,0.0,85.1,10.8,0.0,0.0,91.0,62.0,0.0,135.0,55.0,383.0,25.0,UW Carbone Cancer Center,"Milwaukee, Wisconsin",6.0,4.0,15.0,8.0,5.0,11.0,9.0,6.0,12.0,3.0,19.0,14.0,3.0,5.0,11.0,3.0,4.0,9.0,12.0,5.0,26.0,1.0,15.0,9.0,42.0,9.0,56.0,1.0,2.0,58.0,46.0,32.0,55,06
5507,280914,233,0.0,2.2,87.5,28.5,86.4,65.7,5.8,89.9,67.9,0.0,0.0,144.0,141.0,0.0,80.0,37.0,179.0,29.0,Masonic Cancer Center (Minnesota),"Ramsey, Minnesota",4.0,2.0,10.0,4.0,3.0,6.0,5.0,4.0,5.0,1.0,15.0,6.0,1.0,4.0,4.0,3.0,3.0,3.0,7.0,3.0,11.0,0.0,3.0,3.0,27.0,5.0,41.0,0.0,1.0,42.0,15.0,22.0,55,07
5508,242393,184,0.0,0.8,100.0,3.7,100.0,38.0,0.0,100.0,70.5,0.0,0.0,137.0,115.0,0.0,71.0,49.0,204.0,35.0,UW Carbone Cancer Center,"Milwaukee, Wisconsin",5.0,1.0,8.0,4.0,3.0,5.0,4.0,5.0,6.0,0.0,13.0,5.0,1.0,3.0,6.0,2.0,3.0,4.0,3.0,3.0,10.0,0.0,0.0,0.0,24.0,5.0,41.0,0.0,0.0,37.0,6.0,28.0,55,08
5600,179475,160,63.0,85.9,100.0,66.6,100.0,78.9,88.2,100.0,83.9,0.0,0.0,285.0,187.0,175.0,10.0,2.0,77.0,4.0,University of Colorado Cancer Center,"Adams, Colorado",1.0,0.0,1.0,0.0,1.0,1.0,1.0,0.0,0.0,0.0,2.0,0.0,0.0,1.0,0.0,0.0,0.0,1.0,1.0,0.0,1.0,0.0,0.0,0.0,3.0,1.0,6.0,0.0,0.0,6.0,1.0,2.0,56,00
