county_fips,zip,shorter,longer,suggested_canonical
01003,36526,southern cancer center,southern cancer center p c,southern cancer center p c
01003,36526,southern cancer center,southern cancer center pc,southern cancer center pc
01003,36526,southern cancer center,southern cancer center scc,southern cancer center scc
01069,36303,dothan hematology oncology,xcancer research network dothan hematology oncology,xcancer research network dothan hematology oncology
01073,35233,the university of alabama at birmingham,the university of alabama at birmingham o neal comprehensive cancer center,the university of alabama at birmingham o neal comprehensive cancer center
01073,35233,university of alabama at birmingham o neal comprehensive cancer center,the university of alabama at birmingham o neal comprehensive cancer center,the university of alabama at birmingham o neal comprehensive cancer center
01073,35243,alabama oncology,alabama oncology grandview cancer center,alabama oncology grandview cancer center
01073,35243,alabama oncology,birmingham hematology and oncology associates d b a alabama oncology,birmingham hematology and oncology associates d b a alabama oncology
01073,35294,university of alabama,o neal comprehensive cancer center at university of alabama birmingham,o neal comprehensive cancer center at university of alabama birmingham
01073,35294,university of alabama,the university of alabama,the university of alabama
01073,35294,university of alabama,university of alabama 6th ave,university of alabama 6th ave
01073,35294,university of alabama,university of alabama at birmingham,university of alabama at birmingham
01073,35294,university of alabama,university of alabama at birmingham comprehensive cancer center,university of alabama at birmingham comprehensive cancer center
01073,35294,university of alabama,university of alabama at birmingham uab hospital,university of alabama at birmingham uab hospital
01073,35294,university of alabama at birmingham,university of alabama at birmingham comprehensive cancer center,university of alabama at birmingham comprehensive cancer center
01073,35294,university of alabama at birmingham,university of alabama at birmingham uab hospital,university of alabama at birmingham uab hospital
01089,35805,clearview cancer institute,clearview cancer institute huntsville cci drive,clearview cancer institute huntsville cci drive
02020,99508,alaska oncology and hematology,alaska oncology and hematology llc,alaska oncology and hematology llc
04013,85004,university of arizona,banner university medical center tucson university of arizona,banner university medical center tucson university of arizona
04013,85006,banner university medical center phoenix,banner university medical center phoenix campus banner good samaritan medical center,banner university medical center phoenix campus banner good samaritan medical center
04013,85006,medical dermatology specialists,medical dermatology specialists phoenix,medical dermatology specialists phoenix
04013,85054,mayo clinic,mayo clinic 1,mayo clinic 1
04013,85054,mayo clinic,mayo clinic arizona,mayo clinic arizona
04013,85054,mayo clinic,mayo clinic building phoenix,mayo clinic building phoenix
04013,85054,mayo clinic,mayo clinic cancer center,mayo clinic cancer center
04013,85054,mayo clinic,mayo clinic comprehensive cancer center,mayo clinic comprehensive cancer center
04013,85054,mayo clinic,mayo clinic comprehensive cancer center breast clinic,mayo clinic comprehensive cancer center breast clinic
04013,85054,mayo clinic,mayo clinic hospital,mayo clinic hospital
04013,85054,mayo clinic,mayo clinic hospital arizona,mayo clinic hospital arizona
04013,85054,mayo clinic,mayo clinic hospital in arizona,mayo clinic hospital in arizona
04013,85054,mayo clinic,mayo clinic in arizona phoenix,mayo clinic in arizona phoenix
04013,85054,mayo clinic,mayo clinic phoenix,mayo clinic phoenix
04013,85054,mayo clinic,mayo clinic scottsdale arizona,mayo clinic scottsdale arizona
04013,85054,mayo clinic comprehensive cancer center,mayo clinic comprehensive cancer center breast clinic,mayo clinic comprehensive cancer center breast clinic
04013,85054,mayo clinic hospital,mayo clinic hospital arizona,mayo clinic hospital arizona
04013,85054,mayo clinic hospital,mayo clinic hospital in arizona,mayo clinic hospital in arizona
04013,85224,ironwood cancer and research center,ironwood cancer and research centers,ironwood cancer and research centers
04013,85224,ironwood cancer and research center,ironwood cancer and research centers chandler ii,ironwood cancer and research centers chandler ii
04013,85224,ironwood cancer and research center,ironwood cancer and research centers scottsdale,ironwood cancer and research centers scottsdale
04013,85224,ironwood cancer and research center,ironwood physicians p c dba ironwood cancer and research centers,ironwood physicians p c dba ironwood cancer and research centers
04013,85224,ironwood cancer and research centers,ironwood cancer and research centers chandler ii,ironwood cancer and research centers chandler ii
04013,85224,ironwood cancer and research centers,ironwood cancer and research centers scottsdale,ironwood cancer and research centers scottsdale
04013,85224,ironwood cancer and research centers,ironwood physicians p c dba ironwood cancer and research centers,ironwood physicians p c dba ironwood cancer and research centers
04013,85224,ironwood cancer research centers,ironwood cancer research centers research,ironwood cancer research centers research
04013,85234,banner health md anderson,banner health md anderson az,banner health md anderson az
04013,85234,banner health md anderson,banner health md anderson cancer center,banner health md anderson cancer center
04013,85234,banner md anderson,banner md anderson cancer center,banner md anderson cancer center
04013,85234,banner md anderson,banner md anderson cancer center oncology,banner md anderson cancer center oncology
04013,85234,banner md anderson cancer center,banner md anderson cancer center oncology,banner md anderson cancer center oncology
04013,85258,honor health,arizona state university honor health research institute,arizona state university honor health research institute
04013,85258,honor health,honor health clinical research,honor health clinical research
04013,85258,honor health,honor health resarch institute,honor health resarch institute
04013,85258,honor health,honor health research institute,honor health research institute
04013,85258,honor health research institute,arizona state university honor health research institute,arizona state university honor health research institute
04013,85258,honorhealth,honorhealth research and innovation institute,honorhealth research and innovation institute
04013,85258,honorhealth,honorhealth research insisute,honorhealth research insisute
04013,85258,honorhealth,honorhealth research institiute,honorhealth research institiute
04013,85258,honorhealth,honorhealth research institute,honorhealth research institute
04013,85259,mayo clinic scottsdale,mayo clinic scottsdale ppds,mayo clinic scottsdale ppds
04013,85304,palo verde hematology oncology,palo verde hematology oncology center ltd,palo verde hematology oncology center ltd
04013,85338,city of hope,city of hope arizona,city of hope arizona
04013,85338,city of hope,city of hope cancer center phoenix,city of hope cancer center phoenix
04013,85338,city of hope,city of hope phoenix,city of hope phoenix
04013,85338,city of hope,city of hope phoenix cancer center,city of hope phoenix cancer center
04013,85338,city of hope,western regional medical center city of hope phoenix goodyear,western regional medical center city of hope phoenix goodyear
04013,85338,city of hope phoenix,city of hope phoenix cancer center,city of hope phoenix cancer center
04013,85338,city of hope phoenix,western regional medical center city of hope phoenix goodyear,western regional medical center city of hope phoenix goodyear
04015,86442,pioneer research center,pioneer research center llc,pioneer research center llc
04019,85711,arizona oncology associates,scri arizona oncology associates pc hope,scri arizona oncology associates pc hope
04019,85711,arizona oncology associates,usor arizona oncology associates,usor arizona oncology associates
04019,85715,arizona clinical research center,acrc arizona clinical research center,acrc arizona clinical research center
04019,85715,arizona clinical research center,arizona clinical research center inc,arizona clinical research center inc
04019,85719,arizona cancer center at umc north,arizona cancer center at umc north university medical center,arizona cancer center at umc north university medical center
04019,85719,university of arizona cancer center,the university of arizona cancer center north campus,the university of arizona cancer center north campus
04019,85719,university of arizona cancer center,university of arizona cancer center north campus,university of arizona cancer center north campus
04019,85719,university of arizona cancer center,university of arizona cancer center university of arizona cancer center,university of arizona cancer center university of arizona cancer center
04019,85719,university of arizona cancer center north campus,the university of arizona cancer center north campus,the university of arizona cancer center north campus
04019,85724,university of arizona,the university of arizona cancer center,the university of arizona cancer center
04019,85724,university of arizona,university of arizona cancer center tucson,university of arizona cancer center tucson
04021,85140,east valley urology center,east valley urology center of arizona,east valley urology center of arizona
05007,72758,highlands oncology,highlands oncology group,highlands oncology group
05007,72758,highlands oncology,highlands oncology group pa,highlands oncology group pa
05007,72758,highlands oncology,highlands oncology group rogers,highlands oncology group rogers
05007,72758,highlands oncology group,highlands oncology group pa,highlands oncology group pa
05007,72758,highlands oncology group,highlands oncology group rogers,highlands oncology group rogers
05051,71913,genesis cancer and blood institute,genesis cancer and blood institute hot springs harmony park,genesis cancer and blood institute hot springs harmony park
05119,72205,university of arkansas,university of arkansas for medical sciences,university of arkansas for medical sciences
05119,72205,university of arkansas,university of arkansas medical school,university of arkansas medical school
05119,72205,university of arkansas,university of arkansas medical sciences,university of arkansas medical sciences
05119,72205,university of arkansas,university of arkansas winthrop p rockefeller cancer institute,university of arkansas winthrop p rockefeller cancer institute
05119,72211,arkansas urology,arkansas urology associates,arkansas urology associates
05119,72211,arkansas urology,arkansas urology little rock,arkansas urology little rock
05119,72211,arkansas urology,arkansas urology north little rock,arkansas urology north little rock
05143,72703,highlands oncology,highlands oncology group fayetteville,highlands oncology group fayetteville
05143,72762,highlands oncology group,highlands oncology group pa,highlands oncology group pa
05143,72762,highlands oncology group,highlands oncology group research department,highlands oncology group research department
05143,72762,highlands oncology group,highlands oncology group springdale,highlands oncology group springdale
06001,94538,palo alto medical foundation fremont,palo alto medical foundation fremont center,palo alto medical foundation fremont center
06001,94577,kaiser permanente san leandro,kaiser permanente san leandro medical center,kaiser permanente san leandro medical center
06001,94611,kaiser permanente oakland,kaiser permanente oakland broadway,kaiser permanente oakland broadway
06001,94611,kaiser permanente oakland,kaiser permanente oakland medical center,kaiser permanente oakland medical center
06001,94704,alta bates summit medical center,alta bates summit medical center comprehensive cancer center,alta bates summit medical center comprehensive cancer center
06001,94704,alta bates summit medical center,alta bates summit medical center herrick campus,alta bates summit medical center herrick campus
06001,94704,alta bates summit medical center,alta bates summit medical center herrick campus comprehensive cancer center,alta bates summit medical center herrick campus comprehensive cancer center
06001,94704,alta bates summit medical center herrick campus,alta bates summit medical center herrick campus comprehensive cancer center,alta bates summit medical center herrick campus comprehensive cancer center
06013,94596,kaiser permanente walnut creek,kaiser permanente walnut creek medical center,kaiser permanente walnut creek medical center
06013,94598,bass medical group,bass medical group lennon,bass medical group lennon
06013,94598,john muir health,john muir health cancer center,john muir health cancer center
06013,94598,john muir health,john muir health clinical research center,john muir health clinical research center
06019,93611,community cancer institute,community cancer institute cci,community cancer institute cci
06019,93611,community cancer institute,ucsf fresno community cancer institute,ucsf fresno community cancer institute
06019,93611,ucsf fresno,ucsf fresno community cancer institute,ucsf fresno community cancer institute
06019,93720,kaiser permanente fresno,kaiser permanente fresno orchard plaza,kaiser permanente fresno orchard plaza
06019,93720,urology associates of central california,urology associates of central california medical group,urology associates of central california medical group
06029,93309,cbcc global research,cbcc global research comprehensive blood cancer center,cbcc global research comprehensive blood cancer center
06029,93309,cbcc global research,cbcc global research inc,cbcc global research inc
06029,93309,comprehensive blood cancer center,cbcc global research comprehensive blood cancer center,cbcc global research comprehensive blood cancer center
06029,93309,comprehensive blood cancer center,comprehensive blood cancer center bakersfield ca,comprehensive blood cancer center bakersfield ca
06037,90020,clinical research advisors korea town,clinical research advisors korea town satellite location,clinical research advisors korea town satellite location
06037,90025,start cal,start cala,start cala
06037,90025,start la,start lacn,start lacn
06037,90025,start los angele,start los angeles,start los angeles
06037,90025,start los angele,start los angeles llc,start los angeles llc
06037,90025,start los angeles,start los angeles llc,start los angeles llc
06037,90025,the angeles clinic and research institute,cedars sinai cancer at the angeles clinic and research institute,cedars sinai cancer at the angeles clinic and research institute
06037,90025,the angeles clinic and research institute,the angeles clinic and research institute a cedars sinai affiliate,the angeles clinic and research institute a cedars sinai affiliate
06037,90025,the angeles clinic and research institute,the angeles clinic and research institute melanoma,the angeles clinic and research institute melanoma
06037,90025,the angeles clinic and research institute,the angeles clinic and research institute west los angeles,the angeles clinic and research institute west los angeles
06037,90025,the angeles clinic and research institute,the angeles clinic and research institute west los angeles office,the angeles clinic and research institute west los angeles office
06037,90025,the angeles clinic and research institute west los angeles,the angeles clinic and research institute west los angeles office,the angeles clinic and research institute west los angeles office
06037,90027,children s hospital los angeles,children s hospital los angeles div of research immunology bmt adults and pediatrics,children s hospital los angeles div of research immunology bmt adults and pediatrics
06037,90033,norris comprehensive cancer center,esc norris comprehensive cancer center,esc norris comprehensive cancer center
06037,90033,norris comprehensive cancer center,university of southern california norris comprehensive cancer center,university of southern california norris comprehensive cancer center
06037,90033,norris comprehensive cancer center,usc norris comprehensive cancer center,usc norris comprehensive cancer center
06037,90033,norris comprehensive cancer center,usc norris comprehensive cancer center and hospital,usc norris comprehensive cancer center and hospital
06037,90033,norris comprehensive cancer center,usc norris comprehensive cancer center investigational drug service ids,usc norris comprehensive cancer center investigational drug service ids
06037,90033,norris comprehensive cancer center,usc norris comprehensive cancer center investigational drug services,usc norris comprehensive cancer center investigational drug services
06037,90033,norris comprehensive cancer center,usc norris comprehensive cancer center melanoma nsclc,usc norris comprehensive cancer center melanoma nsclc
06037,90033,research,clinical research advisors downtown la,clinical research advisors downtown la
06037,90033,university of southern california,university of southern california norris cancer center,university of southern california norris cancer center
06037,90033,university of southern california,university of southern california norris comprehensive,university of southern california norris comprehensive
06037,90033,university of southern california,university of southern california norris comprehensive cancer center,university of southern california norris comprehensive cancer center
06037,90033,university of southern california norris comprehensive,university of southern california norris comprehensive cancer center,university of southern california norris comprehensive cancer center
06037,90033,usc norris comprehensive cancer center,usc norris comprehensive cancer center and hospital,usc norris comprehensive cancer center and hospital
06037,90033,usc norris comprehensive cancer center,usc norris comprehensive cancer center investigational drug service ids,usc norris comprehensive cancer center investigational drug service ids
06037,90033,usc norris comprehensive cancer center,usc norris comprehensive cancer center investigational drug services,usc norris comprehensive cancer center investigational drug services
06037,90033,usc norris comprehensive cancer center,usc norris comprehensive cancer center melanoma nsclc,usc norris comprehensive cancer center melanoma nsclc
06037,90034,kaiser permanente west los angeles,kaiser permanente west los angeles medical center,kaiser permanente west los angeles medical center
06037,90048,cedars sanai medical center,cedars sanai medical center samuel oschin comprehensive cancer,cedars sanai medical center samuel oschin comprehensive cancer
06037,90048,cedars sinai,cedars sinai breast health services building,cedars sinai breast health services building
06037,90048,cedars sinai,cedars sinai cancer at beverly hills,cedars sinai cancer at beverly hills
06037,90048,cedars sinai,cedars sinai cancer at cedars sinai medical center,cedars sinai cancer at cedars sinai medical center
06037,90048,cedars sinai,cedars sinai cancer at cedars sinai medical facility,cedars sinai cancer at cedars sinai medical facility
06037,90048,cedars sinai,cedars sinai cancer at socc,cedars sinai cancer at socc
06037,90048,cedars sinai,cedars sinai cedars sinai medical center,cedars sinai cedars sinai medical center
06037,90048,cedars sinai,cedars sinai medical center,cedars sinai medical center
06037,90048,cedars sinai,cedars sinai medical center csmc,cedars sinai medical center csmc
06037,90048,cedars sinai,cedars sinai medical center samuel oschin comprehensive cancer institute,cedars sinai medical center samuel oschin comprehensive cancer institute
06037,90048,cedars sinai,cedars sinai samuel oschin comprehensive cancer institute,cedars sinai samuel oschin comprehensive cancer institute
06037,90048,cedars sinai medical center,cedars sinai cancer at cedars sinai medical center,cedars sinai cancer at cedars sinai medical center
06037,90048,cedars sinai medical center,cedars sinai cedars sinai medical center,cedars sinai cedars sinai medical center
06037,90048,cedars sinai medical center,cedars sinai medical center csmc,cedars sinai medical center csmc
06037,90048,cedars sinai medical center,cedars sinai medical center samuel oschin comprehensive cancer institute,cedars sinai medical center samuel oschin comprehensive cancer institute
06037,90048,clinical research advisors west hollywood,clinical research advisors west hollywood satellite location,clinical research advisors west hollywood satellite location
06037,90048,samuel oschin cancer center,cedar sinai samuel oschin cancer center,cedar sinai samuel oschin cancer center
06037,90067,valkyrie clinical trials,valkyrie clinical trials additional site pharmacy storage suite,valkyrie clinical trials additional site pharmacy storage suite
06037,90067,valkyrie clinical trials,valkyrie clinical trials contact for more locations,valkyrie clinical trials contact for more locations
06037,90067,valkyrie clinical trials,valkyrie clinical trials inc,valkyrie clinical trials inc
06037,90073,va greater los angeles healthcare system,va greater los angeles healthcare system west los angeles ca,va greater los angeles healthcare system west los angeles ca
06037,90095,ronald reagan medical center,ucla ronald reagan medical center,ucla ronald reagan medical center
06037,90095,ronald reagan ucla medical center,ronald reagan ucla medical center drug information center,ronald reagan ucla medical center drug information center
06037,90095,ucla department of medicine,ucla department of medicine hematology oncology,ucla department of medicine hematology oncology
06037,90095,ucla health,ucla health bowyer oncology center,ucla health bowyer oncology center
06037,90095,ucla hematology oncology,ucla hematology oncology administrative office,ucla hematology oncology administrative office
06037,90095,ucla hematology oncology,ucla hematology oncology la,ucla hematology oncology la
06037,90095,ucla hematology oncology,ucla hematology oncology la 2,ucla hematology oncology la 2
06037,90095,ucla hematology oncology,ucla hematology oncology main site,ucla hematology oncology main site
06037,90095,ucla hematology oncology,ucla hematology oncology medical plaza,ucla hematology oncology medical plaza
06037,90095,ucla hematology oncology,ucla hematology oncology westwood building 100,ucla hematology oncology westwood building 100
06037,90095,ucla hematology oncology,ucla hematology oncology westwood building 200 suite 214,ucla hematology oncology westwood building 200 suite 214
06037,90095,ucla hematology oncology la,ucla hematology oncology la 2,ucla hematology oncology la 2
06037,90095,ucla medical center,ronald reagan ucla medical center,ronald reagan ucla medical center
06037,90095,ucla medical center,ronald reagan ucla medical center drug information center,ronald reagan ucla medical center drug information center
06037,90095,ucla medical center,ucla medical center of hematology oncology,ucla medical center of hematology oncology
06037,90095,university of california,the regents of the university of california,the regents of the university of california
06037,90095,university of california,university of california at los angeles,university of california at los angeles
06037,90095,university of california,university of california at los angeles jonsson comprehensive cancer center,university of california at los angeles jonsson comprehensive cancer center
06037,90095,university of california,university of california la,university of california la
06037,90095,university of california,university of california los angeles,university of california los angeles
06037,90095,university of california,university of california los angeles data collection only,university of california los angeles data collection only
06037,90095,university of california,university of california los angeles jonsson comprehensive cancer center,university of california los angeles jonsson comprehensive cancer center
06037,90095,university of california,university of california los angeles medical center,university of california los angeles medical center
06037,90095,university of california,university of california los angeles ucla,university of california los angeles ucla
06037,90095,university of california,university of california los angeles ucla david geffen school of medicine,university of california los angeles ucla david geffen school of medicine
06037,90095,university of california,university of california los angeles ucla division of hematology oncology,university of california los angeles ucla division of hematology oncology
06037,90095,university of california at los angeles,university of california at los angeles jonsson comprehensive cancer center,university of california at los angeles jonsson comprehensive cancer center
06037,90095,university of california los angeles,university of california los angeles data collection only,university of california los angeles data collection only
06037,90095,university of california los angeles,university of california los angeles jonsson comprehensive cancer center,university of california los angeles jonsson comprehensive cancer center
06037,90095,university of california los angeles,university of california los angeles medical center,university of california los angeles medical center
06037,90095,university of california los angeles,university of california los angeles ucla,university of california los angeles ucla
06037,90095,university of california los angeles,university of california los angeles ucla david geffen school of medicine,university of california los angeles ucla david geffen school of medicine
06037,90095,university of california los angeles,university of california los angeles ucla division of hematology oncology,university of california los angeles ucla division of hematology oncology
06037,90095,university of california los angeles ucla,university of california los angeles ucla david geffen school of medicine,university of california los angeles ucla david geffen school of medicine
06037,90095,university of california los angeles ucla,university of california los angeles ucla division of hematology oncology,university of california los angeles ucla division of hematology oncology
06037,90211,beverly hills cancer center,beverly hills cancer center clinical research advisors llc,beverly hills cancer center clinical research advisors llc
06037,90211,cedars sinai cancer beverly hills,cedars sinai cancer beverly hills drug treatment and dispensing location,cedars sinai cancer beverly hills drug treatment and dispensing location
06037,90211,clinical research advisors llc,beverly hills cancer center clinical research advisors llc,beverly hills cancer center clinical research advisors llc
06037,90212,nextgen oncology,precision nextgen oncology,precision nextgen oncology
06037,90212,nextgen oncology,precision nextgen oncology and research,precision nextgen oncology and research
06037,90212,nextgen oncology,precision nextgen oncology and research center,precision nextgen oncology and research center
06037,90212,nextgen oncology,precision nextgen oncology research center,precision nextgen oncology research center
06037,90212,precision nextgen oncology,precision nextgen oncology and research,precision nextgen oncology and research
06037,90212,precision nextgen oncology,precision nextgen oncology and research center,precision nextgen oncology and research center
06037,90212,precision nextgen oncology,precision nextgen oncology research center,precision nextgen oncology research center
06037,90212,precision nextgen oncology and research,precision nextgen oncology and research center,precision nextgen oncology and research center
06037,90403,sarcoma oncology research center,sarcoma oncology research center cancer center of southern california,sarcoma oncology research center cancer center of southern california
06037,90404,john wayne cancer institute jwci,saint john s health center john wayne cancer institute jwci,saint john s health center john wayne cancer institute jwci
06037,90404,saint john s cancer institute,pacific neuroscience institute saint john s cancer institute,pacific neuroscience institute saint john s cancer institute
06037,90404,saint john s cancer institute,providence saint john s cancer institute,providence saint john s cancer institute
06037,90404,ucla david geffen school of medicine,ucla david geffen school of medicine division of hematology oncology,ucla david geffen school of medicine division of hematology oncology
06037,90404,ucla health santa monica cancer care,ucla health santa monica cancer care cancer care santa monica,ucla health santa monica cancer care cancer care santa monica
06037,90404,ucla santa monica,ucla santa monica cardiology,ucla santa monica cardiology
06037,90404,ucla santa monica,ucla santa monica hematology oncology,ucla santa monica hematology oncology
06037,90404,ucla santa monica,ucla santa monica medical center,ucla santa monica medical center
06037,90404,ucla santa monica,university of california los angeles ucla santa monica cancer care,university of california los angeles ucla santa monica cancer care
06037,90505,torrance memorial physician network,torrance memorial physician network cancer care,torrance memorial physician network cancer care
06037,90602,pih health,pih health hematology medical oncology,pih health hematology medical oncology
06037,90602,pih health,pih health hospital whittier hospital,pih health hospital whittier hospital
06037,90602,pih health,pih health whittier hospital,pih health whittier hospital
06037,90703,the oncology institute of hope and innovation,the oncology institute of hope and innovation corporate office,the oncology institute of hope and innovation corporate office
06037,90706,kaiser permanente bellflower,kaiser permanente bellflower medical offices,kaiser permanente bellflower medical offices
06037,90710,kaiser permanente south bay,kaiser permanente south bay medical center,kaiser permanente south bay medical center
06037,90806,long beach memorial medical center,long beach memorial medical center todd cancer institute,long beach memorial medical center todd cancer institute
06037,90822,va long beach healthcare system,va long beach healthcare system long beach ca,va long beach healthcare system long beach ca
06037,91010,city of hope,beckman research institute of city of hope,beckman research institute of city of hope
06037,91010,city of hope,beckman research institute of the city of hope,beckman research institute of the city of hope
06037,91010,city of hope,city of hope cancer center,city of hope cancer center
06037,91010,city of hope,city of hope cancer center data collection and specimen analysis,city of hope cancer center data collection and specimen analysis
06037,91010,city of hope,city of hope center,city of hope center
06037,91010,city of hope,city of hope city of hope national medical center city of hope medical center,city of hope city of hope national medical center city of hope medical center
06037,91010,city of hope,city of hope comprehensive cancer cente,city of hope comprehensive cancer cente
06037,91010,city of hope,city of hope comprehensive cancer center,city of hope comprehensive cancer center
06037,91010,city of hope,city of hope comprehensive cancer center duarte,city of hope comprehensive cancer center duarte
06037,91010,city of hope,city of hope duarte,city of hope duarte
06037,91010,city of hope,city of hope duarte 56419,city of hope duarte 56419
06037,91010,city of hope,city of hope duarte cancer center,city of hope duarte cancer center
06037,91010,city of hope,city of hope investigational drug services ids,city of hope investigational drug services ids
06037,91010,city of hope,city of hope medical center,city of hope medical center
06037,91010,city of hope,city of hope medical foundation,city of hope medical foundation
06037,91010,city of hope,city of hope national medical,city of hope national medical
06037,91010,city of hope,city of hope national medical center,city of hope national medical center
06037,91010,city of hope,city of hope orange county lennar foundation cancer center,city of hope orange county lennar foundation cancer center
06037,91010,city of hope,ip address city of hope investigational drug services ids,ip address city of hope investigational drug services ids
06037,91010,city of hope,the city of hope national medical center,the city of hope national medical center
06037,91010,city of hope cancer center,city of hope cancer center data collection and specimen analysis,city of hope cancer center data collection and specimen analysis
06037,91010,city of hope comprehensive cancer cente,city of hope comprehensive cancer center,city of hope comprehensive cancer center
06037,91010,city of hope comprehensive cancer cente,city of hope comprehensive cancer center duarte,city of hope comprehensive cancer center duarte
06037,91010,city of hope comprehensive cancer center,city of hope comprehensive cancer center duarte,city of hope comprehensive cancer center duarte
06037,91010,city of hope duarte,city of hope duarte 56419,city of hope duarte 56419
06037,91010,city of hope duarte,city of hope duarte cancer center,city of hope duarte cancer center
06037,91010,city of hope investigational drug services ids,ip address city of hope investigational drug services ids,ip address city of hope investigational drug services ids
06037,91010,city of hope medical center,city of hope city of hope national medical center city of hope medical center,city of hope city of hope national medical center city of hope medical center
06037,91010,city of hope national medical,city of hope city of hope national medical center city of hope medical center,city of hope city of hope national medical center city of hope medical center
06037,91010,city of hope national medical,city of hope national medical center,city of hope national medical center
06037,91010,city of hope national medical,the city of hope national medical center,the city of hope national medical center
06037,91010,city of hope national medical center,city of hope city of hope national medical center city of hope medical center,city of hope city of hope national medical center city of hope medical center
06037,91010,city of hope national medical center,the city of hope national medical center,the city of hope national medical center
06037,91010,duarte cancer center,city of hope duarte cancer center,city of hope duarte cancer center
06037,91204,los angeles cancer network,los angeles cancer network corporate office,los angeles cancer network corporate office
06037,91204,los angeles cancer network,los angeles cancer network lacn,los angeles cancer network lacn
06037,91204,los angeles cancer network,oncura health d b a los angeles cancer network,oncura health d b a los angeles cancer network
06037,91206,adventist health glendale,glendale adventist medical center d b a adventist health glendale,glendale adventist medical center d b a adventist health glendale
06037,91206,glendale adventist medical center,glendale adventist medical center d b a adventist health glendale,glendale adventist medical center d b a adventist health glendale
06037,91316,clinical research advisors encino,clinical research advisors encino satellite location,clinical research advisors encino satellite location
06037,91367,kaiser permanente woodland hills,kaiser permanente woodland hills medical center,kaiser permanente woodland hills medical center
06037,91402,kaiser permanente panorama city,kaiser permanente panorama city medical center medical offices 3,kaiser permanente panorama city medical center medical offices 3
06037,91505,disney family cancer center,providence saint joseph medical center disney family cancer center,providence saint joseph medical center disney family cancer center
06037,91505,disney family cancer center,roy and patricia disney family cancer center,roy and patricia disney family cancer center
06037,91505,disney family cancer center,roy and patricia disney family cancer center providence saint joseph medical center,roy and patricia disney family cancer center providence saint joseph medical center
06037,91505,providence saint joseph medical center,providence saint joseph medical center disney family cancer center,providence saint joseph medical center disney family cancer center
06037,91505,providence saint joseph medical center,roy and patricia disney family cancer center providence saint joseph medical center,roy and patricia disney family cancer center providence saint joseph medical center
06037,91505,roy and patricia disney family cancer center,roy and patricia disney family cancer center providence saint joseph medical center,roy and patricia disney family cancer center providence saint joseph medical center
06037,91706,kaiser permanente baldwin park,kaiser permanente baldwin park medical center,kaiser permanente baldwin park medical center
06041,94904,marin cancer care,marin cancer care inc,marin cancer care inc
06053,93940,pacific cancer care,pacific cancer care oncology,pacific cancer care oncology
06057,96161,tahoe forest cancer center,gene upshaw memorial tahoe forest cancer center,gene upshaw memorial tahoe forest cancer center
06059,90720,cancer and blood research center,cancer and blood research center llc,cancer and blood research center llc
06059,92612,chao family comprehensive cancer center and ambulatory care,chao family comprehensive cancer center and ambulatory care ciacc irvine,chao family comprehensive cancer center and ambulatory care ciacc irvine
06059,92612,chao family comprehensive cancer center and ambulatory care,uc irvine health chao family comprehensive cancer center and ambulatory care,uc irvine health chao family comprehensive cancer center and ambulatory care
06059,92612,chao family comprehensive cancer center and ambulatory care,uci health chao family comprehensive cancer center and ambulatory care,uci health chao family comprehensive cancer center and ambulatory care
06059,92612,chao family comprehensive cancer center and ambulatory care,uci health chao family comprehensive cancer center and ambulatory care building,uci health chao family comprehensive cancer center and ambulatory care building
06059,92612,uci health chao family comprehensive cancer center and ambulatory care,uci health chao family comprehensive cancer center and ambulatory care building,uci health chao family comprehensive cancer center and ambulatory care building
06059,92612,uci health irvine,uci health irvine infusion pharmacy acc,uci health irvine infusion pharmacy acc
06059,92618,city of hope,city of hope 1,city of hope 1
06059,92618,city of hope,city of hope at irvine lennar,city of hope at irvine lennar
06059,92618,city of hope,city of hope at orange county lennar foundation cancer center,city of hope at orange county lennar foundation cancer center
06059,92618,city of hope,city of hope investigational drug service ids,city of hope investigational drug service ids
06059,92618,city of hope,city of hope investigational drug services ids,city of hope investigational drug services ids
06059,92618,city of hope,city of hope irvine,city of hope irvine
06059,92618,city of hope,city of hope lennar,city of hope lennar
06059,92618,city of hope,city of hope lennar foundation cancer center,city of hope lennar foundation cancer center
06059,92618,city of hope,city of hope medical center,city of hope medical center
06059,92618,city of hope,city of hope national medical center,city of hope national medical center
06059,92618,city of hope,city of hope orange county,city of hope orange county
06059,92618,city of hope,city of hope orange county lennar foundation cancer,city of hope orange county lennar foundation cancer
06059,92618,city of hope,city of hope orange county lennar foundation cancer center,city of hope orange county lennar foundation cancer center
06059,92618,city of hope,the city of hope orange county lennar foundation cancer center,the city of hope orange county lennar foundation cancer center
06059,92618,city of hope lennar,city of hope lennar foundation cancer center,city of hope lennar foundation cancer center
06059,92618,city of hope orange county,city of hope orange county lennar foundation cancer,city of hope orange county lennar foundation cancer
06059,92618,city of hope orange county,city of hope orange county lennar foundation cancer center,city of hope orange county lennar foundation cancer center
06059,92618,city of hope orange county,the city of hope orange county lennar foundation cancer center,the city of hope orange county lennar foundation cancer center
06059,92618,city of hope orange county lennar foundation cancer,city of hope orange county lennar foundation cancer center,city of hope orange county lennar foundation cancer center
06059,92618,city of hope orange county lennar foundation cancer,the city of hope orange county lennar foundation cancer center,the city of hope orange county lennar foundation cancer center
06059,92618,city of hope orange county lennar foundation cancer center,the city of hope orange county lennar foundation cancer center,the city of hope orange county lennar foundation cancer center
06059,92663,hoag family cancer institute,hoag family cancer institute hoag memorial hospital,hoag family cancer institute hoag memorial hospital
06059,92663,hoag memorial hospital,hoag family cancer institute hoag memorial hospital,hoag family cancer institute hoag memorial hospital
06059,92663,hoag memorial hospital,hoag memorial hospital presbyterian,hoag memorial hospital presbyterian
06059,92708,memorial care,memorial care orange coast medical center,memorial care orange coast medical center
06059,92708,memorial care,memorial care orange coast medical center attn,memorial care orange coast medical center attn
06059,92708,memorial care orange coast medical center,memorial care orange coast medical center attn,memorial care orange coast medical center attn
06059,92801,los angeles cancer network,los angeles cancer network anaheim,los angeles cancer network anaheim
06059,92806,kaiser permanente anaheim,kaiser permanente anaheim kraemer medical offices,kaiser permanente anaheim kraemer medical offices
06059,92835,providence medical foundation,clinical research providence medical foundation,clinical research providence medical foundation
06059,92835,providence medical foundation,providence medical foundation fullerton virginia k crosson cancer center,providence medical foundation fullerton virginia k crosson cancer center
06059,92835,providence medical foundation,providence medical foundation oncology,providence medical foundation oncology
06059,92835,providence medical foundation,saint jude medical center providence medical foundation,saint jude medical center providence medical foundation
06059,92835,providence st jude medical center,crosson cancer institute at providence st jude medical center in fullerton,crosson cancer institute at providence st jude medical center in fullerton
06059,92835,providence st jude medical center,providence st jude medical center virginia k crosson and infusion center,providence st jude medical center virginia k crosson and infusion center
06059,92835,providence st jude medical center,providence st jude medical center virginia k crosson cancer center,providence st jude medical center virginia k crosson cancer center
06059,92835,providence st jude medical center,providence st jude medical center virginia k crosson cancer center and infusion center,providence st jude medical center virginia k crosson cancer center and infusion center
06059,92835,providence st jude medical center virginia k crosson cancer center,providence st jude medical center virginia k crosson cancer center and infusion center,providence st jude medical center virginia k crosson cancer center and infusion center
06059,92835,st jude medical center,crosson cancer institute at providence st jude medical center in fullerton,crosson cancer institute at providence st jude medical center in fullerton
06059,92835,st jude medical center,providence st jude medical center,providence st jude medical center
06059,92835,st jude medical center,providence st jude medical center virginia k crosson and infusion center,providence st jude medical center virginia k crosson and infusion center
06059,92835,st jude medical center,providence st jude medical center virginia k crosson cancer center,providence st jude medical center virginia k crosson cancer center
06059,92835,st jude medical center,providence st jude medical center virginia k crosson cancer center and infusion center,providence st jude medical center virginia k crosson cancer center and infusion center
06059,92868,chao family comprehensive cancer center,chao family comprehensive cancer center university,chao family comprehensive cancer center university
06059,92868,chao family comprehensive cancer center,chao family comprehensive cancer center university of california irvine,chao family comprehensive cancer center university of california irvine
06059,92868,chao family comprehensive cancer center,uc irvine chao family comprehensive cancer center,uc irvine chao family comprehensive cancer center
06059,92868,chao family comprehensive cancer center,uc irvine health chao family comprehensive cancer center,uc irvine health chao family comprehensive cancer center
06059,92868,chao family comprehensive cancer center,uci chao family comprehensive cancer center,uci chao family comprehensive cancer center
06059,92868,chao family comprehensive cancer center,uci health chao family comprehensive cancer center,uci health chao family comprehensive cancer center
06059,92868,chao family comprehensive cancer center,university of california irvine medical center chao family comprehensive cancer center,university of california irvine medical center chao family comprehensive cancer center
06059,92868,chao family comprehensive cancer center university,chao family comprehensive cancer center university of california irvine,chao family comprehensive cancer center university of california irvine
06059,92868,children s hospital of orange county,children s hospital of orange county rady children s health,children s hospital of orange county rady children s health
06059,92868,st joseph hospital,providence st joseph hospital,providence st joseph hospital
06059,92868,st joseph hospital,st joseph hospital center for cancer prevention and treatment,st joseph hospital center for cancer prevention and treatment
06059,92868,st joseph hospital,st joseph hospital orange,st joseph hospital orange
06059,92868,st joseph hospital,st joseph hospital the center for cancer prevention and treatment,st joseph hospital the center for cancer prevention and treatment
06059,92868,st joseph hospital,the center for cancer prevention and treatment at st joseph hospital of orange,the center for cancer prevention and treatment at st joseph hospital of orange
06059,92868,uc irvine,uc irvine chao family comprehensive cancer center,uc irvine chao family comprehensive cancer center
06059,92868,uc irvine,uc irvine health,uc irvine health
06059,92868,uc irvine,uc irvine health chao family comprehensive cancer center,uc irvine health chao family comprehensive cancer center
06059,92868,uc irvine,uc irvine medical center,uc irvine medical center
06059,92868,uc irvine,university of california irvine uci health uc irvine medical center,university of california irvine uci health uc irvine medical center
06059,92868,uc irvine health,uc irvine health chao family comprehensive cancer center,uc irvine health chao family comprehensive cancer center
06059,92868,uc irvine medical center,university of california irvine uci health uc irvine medical center,university of california irvine uci health uc irvine medical center
06059,92868,uci health,uci health chao family comprehensive cancer center,uci health chao family comprehensive cancer center
06059,92868,uci health,university of california irvine uci health uc irvine medical center,university of california irvine uci health uc irvine medical center
06059,92868,uci medical center,university of california irvine uci medical center,university of california irvine uci medical center
06059,92868,university of california irvine,chao family comprehensive cancer center university of california irvine,chao family comprehensive cancer center university of california irvine
06059,92868,university of california irvine,university of california irvine health,university of california irvine health
06059,92868,university of california irvine,university of california irvine medical center,university of california irvine medical center
06059,92868,university of california irvine,university of california irvine medical center chao family comprehensive cancer center,university of california irvine medical center chao family comprehensive cancer center
06059,92868,university of california irvine,university of california irvine uci health uc irvine medical center,university of california irvine uci health uc irvine medical center
06059,92868,university of california irvine,university of california irvine uci medical center,university of california irvine uci medical center
06059,92868,university of california irvine medical center,university of california irvine medical center chao family comprehensive cancer center,university of california irvine medical center chao family comprehensive cancer center
06061,95602,sutter auburn,sutter auburn faith hospital,sutter auburn faith hospital
06061,95661,kaiser permanente roseville,kaiser permanente roseville medical center,kaiser permanente roseville medical center
06061,95661,sutter roseville,sutter roseville medical center,sutter roseville medical center
06065,92505,kaiser permanente riverside,kaiser permanente riverside medical center,kaiser permanente riverside medical center
06065,92562,tri valley urology,tri valley urology murrieta,tri valley urology murrieta
06065,92562,valkyrie clinical trials,valkyrie clinical trials murrieta,valkyrie clinical trials murrieta
06067,95816,sutter health,sutter health sutter institute for medical research,sutter health sutter institute for medical research
06067,95816,sutter institute for medical research,sutter health sutter institute for medical research,sutter health sutter institute for medical research
06067,95816,sutter medical center sacramento,sutter medical center sacramento infusion center,sutter medical center sacramento infusion center
06067,95817,uc davis,uc davis cancer center data collection only,uc davis cancer center data collection only
06067,95817,uc davis,uc davis comprehensive cancer center,uc davis comprehensive cancer center
06067,95817,uc davis,uc davis davis comprehensive cancer center,uc davis davis comprehensive cancer center
06067,95817,uc davis,uc davis health,uc davis health
06067,95817,uc davis,uc davis medical center,uc davis medical center
06067,95817,uc davis,uc davis medical centre,uc davis medical centre
06067,95817,uc davis,university of california davis health uc davis health,university of california davis health uc davis health
06067,95817,uc davis,university of california davis uc davis comprehensive cancer center,university of california davis uc davis comprehensive cancer center
06067,95817,uc davis,university of california uc davis,university of california uc davis
06067,95817,uc davis,university of california uc davis comprehensive cancer center,university of california uc davis comprehensive cancer center
06067,95817,uc davis comprehensive cancer center,university of california davis uc davis comprehensive cancer center,university of california davis uc davis comprehensive cancer center
06067,95817,uc davis comprehensive cancer center,university of california uc davis comprehensive cancer center,university of california uc davis comprehensive cancer center
06067,95817,uc davis health,university of california davis health uc davis health,university of california davis health uc davis health
06067,95817,university of california,the university of california davis comprehensive cancer center,the university of california davis comprehensive cancer center
06067,95817,university of california,university of california at davis cancer center,university of california at davis cancer center
06067,95817,university of california,university of california davis,university of california davis
06067,95817,university of california,university of california davis cancer center,university of california davis cancer center
06067,95817,university of california,university of california davis comprehensive cancer center,university of california davis comprehensive cancer center
06067,95817,university of california,university of california davis health uc davis health,university of california davis health uc davis health
06067,95817,university of california,university of california davis medical center,university of california davis medical center
06067,95817,university of california,university of california davis uc davis comprehensive cancer center,university of california davis uc davis comprehensive cancer center
06067,95817,university of california,university of california uc davis,university of california uc davis
06067,95817,university of california,university of california uc davis comprehensive cancer center,university of california uc davis comprehensive cancer center
06067,95817,university of california davis,the university of california davis comprehensive cancer center,the university of california davis comprehensive cancer center
06067,95817,university of california davis,university of california davis cancer center,university of california davis cancer center
06067,95817,university of california davis,university of california davis comprehensive cancer center,university of california davis comprehensive cancer center
06067,95817,university of california davis,university of california davis health uc davis health,university of california davis health uc davis health
06067,95817,university of california davis,university of california davis medical center,university of california davis medical center
06067,95817,university of california davis,university of california davis uc davis comprehensive cancer center,university of california davis uc davis comprehensive cancer center
06067,95817,university of california davis comprehensive cancer center,the university of california davis comprehensive cancer center,the university of california davis comprehensive cancer center
06067,95817,university of california uc davis,university of california uc davis comprehensive cancer center,university of california uc davis comprehensive cancer center
06071,91761,kaiser permanente ontario,kaiser permanente ontario medical center,kaiser permanente ontario medical center
06071,92335,kaiser permanente fontana,kaiser permanente fontana medical center,kaiser permanente fontana medical center
06071,92354,loma linda university medical center,loma linda university medical center adults only,loma linda university medical center adults only
06073,92037,scripps cancer center,scripps cancer center torrey pines,scripps cancer center torrey pines
06073,92037,scripps clinic,scripps clinic torrey pines,scripps clinic torrey pines
06073,92037,uc san diego,moores cancer center at uc san diego health,moores cancer center at uc san diego health
06073,92037,uc san diego,moores cancer centre at uc san diego health,moores cancer centre at uc san diego health
06073,92037,uc san diego,uc san diego health,uc san diego health
06073,92037,uc san diego,uc san diego health moores cancer center,uc san diego health moores cancer center
06073,92037,uc san diego,uc san diego koman family outpatient pavilion,uc san diego koman family outpatient pavilion
06073,92037,uc san diego,uc san diego medical center la jolla jacobs medical center thornton pavilion,uc san diego medical center la jolla jacobs medical center thornton pavilion
06073,92037,uc san diego,uc san diego shiley eye institute,uc san diego shiley eye institute
06073,92037,uc san diego,uc san diego sulpizio cardiovascular center,uc san diego sulpizio cardiovascular center
06073,92037,uc san diego,university of california san diego uc san diego health jacobs medical center moores cancer center,university of california san diego uc san diego health jacobs medical center moores cancer center
06073,92037,uc san diego health,moores cancer center at uc san diego health,moores cancer center at uc san diego health
06073,92037,uc san diego health,moores cancer centre at uc san diego health,moores cancer centre at uc san diego health
06073,92037,uc san diego health,uc san diego health moores cancer center,uc san diego health moores cancer center
06073,92037,uc san diego health,university of california san diego uc san diego health jacobs medical center moores cancer center,university of california san diego uc san diego health jacobs medical center moores cancer center
06073,92037,university of california san diego ucsd,university of california san diego ucsd moores cancer center,university of california san diego ucsd moores cancer center
06073,92078,kaiser permanente san marcos,kaiser permanente san marcos medical offices,kaiser permanente san marcos medical offices
06073,92093,moores cancer center,moores cancer center at uc san diego,moores cancer center at uc san diego
06073,92093,moores cancer center,moores cancer center uc san diego health,moores cancer center uc san diego health
06073,92093,moores cancer center,uc san diego moores cancer center,uc san diego moores cancer center
06073,92093,moores cancer center,ucsd moores cancer center,ucsd moores cancer center
06073,92093,moores cancer center,university of california at san diego moores cancer center,university of california at san diego moores cancer center
06073,92093,moores cancer center,university of california san diego moores cancer center,university of california san diego moores cancer center
06073,92093,moores cancer center,university of san diego moores cancer center,university of san diego moores cancer center
06073,92093,university of california at san diego,university of california at san diego moores cancer center,university of california at san diego moores cancer center
06073,92093,university of california san diego,university of california san diego health,university of california san diego health
06073,92093,university of california san diego,university of california san diego moores cancer center,university of california san diego moores cancer center
06073,92093,university of california san diego,university of california san diego ucsd medical center,university of california san diego ucsd medical center
06073,92108,kaiser permanente san diego mission,kaiser permanente san diego mission road,kaiser permanente san diego mission road
06073,92108,kaiser permanente san diego mission,kaiser permanente san diego mission road regulatory and lab supplies,kaiser permanente san diego mission road regulatory and lab supplies
06073,92108,kaiser permanente san diego mission road,kaiser permanente san diego mission road regulatory and lab supplies,kaiser permanente san diego mission road regulatory and lab supplies
06073,92123,om research,om research llc,om research llc
06073,92123,sharp healthcare,sharp healthcare sharp memorial hospital,sharp healthcare sharp memorial hospital
06073,92123,sharp memorial hospital,sharp healthcare sharp memorial hospital,sharp healthcare sharp memorial hospital
06075,94115,california pacific medical center,california pacific medical center pacific campus,california pacific medical center pacific campus
06075,94115,california pacific medical center,california pacific medical center research institute,california pacific medical center research institute
06075,94115,california pacific medical center,california pacific medical center sutter health,california pacific medical center sutter health
06075,94115,kaiser permanente san francisco,kaiser permanente san francisco medical center,kaiser permanente san francisco medical center
06075,94115,kaiser permanente san francisco,kaiser permanente san francisco medical center oncology,kaiser permanente san francisco medical center oncology
06075,94115,kaiser permanente san francisco medical center,kaiser permanente san francisco medical center oncology,kaiser permanente san francisco medical center oncology
06075,94143,ucsf medical center,ucsf medical center hematology and blood and marrow transplant clinic,ucsf medical center hematology and blood and marrow transplant clinic
06075,94143,ucsf medical center,ucsf medical center mission bay benioff children s hospital,ucsf medical center mission bay benioff children s hospital
06075,94143,ucsf medical center,ucsf medical center parnassus,ucsf medical center parnassus
06075,94143,university of california,university of california san francisco,university of california san francisco
06075,94143,university of california,university of california san francisco data collection only,university of california san francisco data collection only
06075,94143,university of california,university of california san francisco helen diller comprehensive cancer center,university of california san francisco helen diller comprehensive cancer center
06075,94143,university of california,university of california san francisco medical center,university of california san francisco medical center
06075,94143,university of california,university of california san francisco ucsf,university of california san francisco ucsf
06075,94143,university of california san francisco,university of california san francisco data collection only,university of california san francisco data collection only
06075,94143,university of california san francisco,university of california san francisco helen diller comprehensive cancer center,university of california san francisco helen diller comprehensive cancer center
06075,94143,university of california san francisco,university of california san francisco medical center,university of california san francisco medical center
06075,94143,university of california san francisco,university of california san francisco ucsf,university of california san francisco ucsf
06075,94158,ucsf helen diller family comprehensive cancer center,ucsf health ucsf helen diller family comprehensive cancer center,ucsf health ucsf helen diller family comprehensive cancer center
06075,94158,ucsf helen diller family comprehensive cancer center,university of california san francisco ucsf helen diller family comprehensive cancer center,university of california san francisco ucsf helen diller family comprehensive cancer center
06081,94080,kaiser permanente south san francisco,kaiser permanente south san francisco medical center,kaiser permanente south san francisco medical center
06083,93105,ridley tree cancer center,samsun clinic ridley tree cancer center,samsun clinic ridley tree cancer center
06083,93105,sansum clinic,sansum clinic ridley tree,sansum clinic ridley tree
06083,93105,sansum clinic,scri sansum clinic,scri sansum clinic
06083,93105,sansum clinic,sutter sansum clinic,sutter sansum clinic
06083,93105,sansum clinic,usor sansum clinic,usor sansum clinic
06085,94040,el camino hospital,el camino hospital cancer center,el camino hospital cancer center
06085,94040,palo alto medical foundation,palo alto medical foundation camino division,palo alto medical foundation camino division
06085,94040,palo alto medical foundation,palo alto medical foundation gynecologic oncology,palo alto medical foundation gynecologic oncology
06085,94086,palo alto medical foundation sunnyvale,palo alto medical foundation sunnyvale center,palo alto medical foundation sunnyvale center
06085,94086,palo alto medical foundation sunnyvale,sutter palo alto medical foundation sunnyvale,sutter palo alto medical foundation sunnyvale
06085,94304,stanford,lucile packard children s hospital stanford university,lucile packard children s hospital stanford university
06085,94304,stanford,stanford cancer center,stanford cancer center
06085,94304,stanford,stanford cancer institute palo alto,stanford cancer institute palo alto
06085,94304,stanford,stanford cancer institute stanford university,stanford cancer institute stanford university
06085,94304,stanford,stanford comprehensive cancer center,stanford comprehensive cancer center
06085,94304,stanford,stanford health care skin cancer program,stanford health care skin cancer program
06085,94304,stanford,stanford medical center,stanford medical center
06085,94304,stanford,stanford medicine children s health data collection only,stanford medicine children s health data collection only
06085,94304,stanford,stanford university,stanford university
06085,94304,stanford,stanford university medical center,stanford university medical center
06085,94304,stanford,stanford university medical center blake wilbur drive,stanford university medical center blake wilbur drive
06085,94304,stanford,stanford university palo alto,stanford university palo alto
06085,94304,stanford,stanford women s cancer center,stanford women s cancer center
06085,94304,stanford university,lucile packard children s hospital stanford university,lucile packard children s hospital stanford university
06085,94304,stanford university,stanford cancer institute stanford university,stanford cancer institute stanford university
06085,94304,stanford university,stanford university medical center,stanford university medical center
06085,94304,stanford university,stanford university medical center blake wilbur drive,stanford university medical center blake wilbur drive
06085,94304,stanford university,stanford university palo alto,stanford university palo alto
06085,94304,stanford university medical center,stanford university medical center blake wilbur drive,stanford university medical center blake wilbur drive
06085,94305,stanford cancer institute,stanford cancer institute melanoma nsclc,stanford cancer institute melanoma nsclc
06085,94305,stanford cancer institute,stanford cancer institute sci,stanford cancer institute sci
06085,94305,stanford cancer institute,stanford university stanford cancer institute,stanford university stanford cancer institute
06085,94305,stanford hospital,stanford hospital and clinics,stanford hospital and clinics
06085,94305,stanford medicine,stanford medicine cancer center,stanford medicine cancer center
06085,95051,kaiser permanente santa clara,kaiser permanente santa clara medical center,kaiser permanente santa clara medical center
06085,95051,kaiser permanente santa clara,kaiser permanente santa clara medical center oncologyhematology,kaiser permanente santa clara medical center oncologyhematology
06085,95051,kaiser permanente santa clara medical center,kaiser permanente santa clara medical center oncologyhematology,kaiser permanente santa clara medical center oncologyhematology
06085,95119,kaiser permanente,kaiser permanente san jose medical center,kaiser permanente san jose medical center
06085,95119,kaiser permanente,kaiser permanente santa teresa san jose,kaiser permanente santa teresa san jose
06087,95065,palo alto medical foundation santa cruz,sutter palo alto medical foundation santa cruz,sutter palo alto medical foundation santa cruz
06095,94589,kaiser permanente vallejo,kaiser permanente kaiser permanente vallejo medical center adult oncology,kaiser permanente kaiser permanente vallejo medical center adult oncology
06095,94589,kaiser permanente vallejo,kaiser permanente vallejo medical center,kaiser permanente vallejo medical center
06095,94589,kaiser permanente vallejo medical center,kaiser permanente kaiser permanente vallejo medical center adult oncology,kaiser permanente kaiser permanente vallejo medical center adult oncology
06097,95403,providence medical foundation,providence medical foundation 1,providence medical foundation 1
06097,95403,providence medical foundation,providence medical foundation santa rosa,providence medical foundation santa rosa
06097,95403,providence medical foundation,providence medical foundation santa rosa ca,providence medical foundation santa rosa ca
06097,95403,providence medical foundation,providence medical foundation st joseph heritage healthcare,providence medical foundation st joseph heritage healthcare
06097,95403,providence medical foundation santa rosa,providence medical foundation santa rosa ca,providence medical foundation santa rosa ca
06097,95403,providence medical group,providence medical group oncology santa rosa,providence medical group oncology santa rosa
06097,95403,providence medical group,providence medical group santa rosa,providence medical group santa rosa
06097,95403,st joseph heritage healthcare,providence medical foundation st joseph heritage healthcare,providence medical foundation st joseph heritage healthcare
06099,95356,kaiser permanente modesto,kaiser permanente modesto mob ii,kaiser permanente modesto mob ii
06111,93030,fomat medical research,fomat medical research clinica mi salud by focil med,fomat medical research clinica mi salud by focil med
06115,95901,rideout cancer center,fremont rideout cancer center,fremont rideout cancer center
08001,80045,anschutz cancer pavilion,university of colorado anschutz cancer pavilion,university of colorado anschutz cancer pavilion
08001,80045,anschutz cancer pavilion,university of colorado anschutz cancer pavilion acp,university of colorado anschutz cancer pavilion acp
08001,80045,anschutz cancer pavilion,university of colorado hospital anschutz cancer pavilion,university of colorado hospital anschutz cancer pavilion
08001,80045,anschutz cancer pavilion,university of colorado hospital anschutz cancer pavilion acp,university of colorado hospital anschutz cancer pavilion acp
08001,80045,anshutz cancer pavilion,university of colorado hospital anshutz cancer pavilion,university of colorado hospital anshutz cancer pavilion
08001,80045,cu anschutz medical campus,cu anschutz medical campus anshutz cancer pavillion,cu anschutz medical campus anshutz cancer pavillion
08001,80045,rocky mountain regional va medical center,rocky mountain regional va medical center aurora co,rocky mountain regional va medical center aurora co
08001,80045,uchealth cancer care anschutz medical campus,uchealth cancer care anschutz medical campus university of colorado cancer center,uchealth cancer care anschutz medical campus university of colorado cancer center
08001,80045,university of colorado,uchealth cancer care anschutz medical campus university of colorado cancer center,uchealth cancer care anschutz medical campus university of colorado cancer center
08001,80045,university of colorado,uchealth university of colorado hospital,uchealth university of colorado hospital
08001,80045,university of colorado,university of colorado anschutz,university of colorado anschutz
08001,80045,university of colorado,university of colorado anschutz cancer pavilion,university of colorado anschutz cancer pavilion
08001,80045,university of colorado,university of colorado anschutz cancer pavilion acp,university of colorado anschutz cancer pavilion acp
08001,80045,university of colorado,university of colorado anschutz medical campus,university of colorado anschutz medical campus
08001,80045,university of colorado,university of colorado anschutz medical campus cu amc,university of colorado anschutz medical campus cu amc
08001,80045,university of colorado,university of colorado anschutz medical campus ppds,university of colorado anschutz medical campus ppds
08001,80045,university of colorado,university of colorado aurora cancer center,university of colorado aurora cancer center
08001,80045,university of colorado,university of colorado cancer center,university of colorado cancer center
08001,80045,university of colorado,university of colorado denver,university of colorado denver
08001,80045,university of colorado,university of colorado denver anschultz medical campus,university of colorado denver anschultz medical campus
08001,80045,university of colorado,university of colorado denver anschutz medical campus,university of colorado denver anschutz medical campus
08001,80045,university of colorado,university of colorado health,university of colorado health
08001,80045,university of colorado,university of colorado health cancer care,university of colorado health cancer care
08001,80045,university of colorado,university of colorado health hospital,university of colorado health hospital
08001,80045,university of colorado,university of colorado hospital,university of colorado hospital
08001,80045,university of colorado,university of colorado hospital anschutz cancer center pavillion acp,university of colorado hospital anschutz cancer center pavillion acp
08001,80045,university of colorado,university of colorado hospital anschutz cancer pavilion,university of colorado hospital anschutz cancer pavilion
08001,80045,university of colorado,university of colorado hospital anschutz cancer pavilion acp,university of colorado hospital anschutz cancer pavilion acp
08001,80045,university of colorado,university of colorado hospital anschutz medical campus,university of colorado hospital anschutz medical campus
08001,80045,university of colorado,university of colorado hospital anshutz cancer pavilion,university of colorado hospital anshutz cancer pavilion
08001,80045,university of colorado,university of colorado school of medicine,university of colorado school of medicine
08001,80045,university of colorado anschutz,university of colorado anschutz cancer pavilion,university of colorado anschutz cancer pavilion
08001,80045,university of colorado anschutz,university of colorado anschutz cancer pavilion acp,university of colorado anschutz cancer pavilion acp
08001,80045,university of colorado anschutz,university of colorado anschutz medical campus,university of colorado anschutz medical campus
08001,80045,university of colorado anschutz,university of colorado anschutz medical campus cu amc,university of colorado anschutz medical campus cu amc
08001,80045,university of colorado anschutz,university of colorado anschutz medical campus ppds,university of colorado anschutz medical campus ppds
08001,80045,university of colorado anschutz cancer pavilion,university of colorado anschutz cancer pavilion acp,university of colorado anschutz cancer pavilion acp
08001,80045,university of colorado anschutz medical campus,university of colorado anschutz medical campus cu amc,university of colorado anschutz medical campus cu amc
08001,80045,university of colorado anschutz medical campus,university of colorado anschutz medical campus ppds,university of colorado anschutz medical campus ppds
08001,80045,university of colorado cancer center,uchealth cancer care anschutz medical campus university of colorado cancer center,uchealth cancer care anschutz medical campus university of colorado cancer center
08001,80045,university of colorado denver,university of colorado denver anschultz medical campus,university of colorado denver anschultz medical campus
08001,80045,university of colorado denver,university of colorado denver anschutz medical campus,university of colorado denver anschutz medical campus
08001,80045,university of colorado health,university of colorado health cancer care,university of colorado health cancer care
08001,80045,university of colorado health,university of colorado health hospital,university of colorado health hospital
08001,80045,university of colorado hospital,uchealth university of colorado hospital,uchealth university of colorado hospital
08001,80045,university of colorado hospital,university of colorado hospital anschutz cancer center pavillion acp,university of colorado hospital anschutz cancer center pavillion acp
08001,80045,university of colorado hospital,university of colorado hospital anschutz cancer pavilion,university of colorado hospital anschutz cancer pavilion
08001,80045,university of colorado hospital,university of colorado hospital anschutz cancer pavilion acp,university of colorado hospital anschutz cancer pavilion acp
08001,80045,university of colorado hospital,university of colorado hospital anschutz medical campus,university of colorado hospital anschutz medical campus
08001,80045,university of colorado hospital,university of colorado hospital anshutz cancer pavilion,university of colorado hospital anshutz cancer pavilion
08001,80045,university of colorado hospital anschutz cancer pavilion,university of colorado hospital anschutz cancer pavilion acp,university of colorado hospital anschutz cancer pavilion acp
08005,80012,rocky mountain cancer center,rocky mountain cancer centers,rocky mountain cancer centers
08005,80012,rocky mountain cancer center,rocky mountain cancer centers aurora,rocky mountain cancer centers aurora
08005,80012,rocky mountain cancer center,rocky mountain cancer centers llp,rocky mountain cancer centers llp
08005,80012,rocky mountain cancer center,rocky mountain cancer centers rmcc,rocky mountain cancer centers rmcc
08005,80012,rocky mountain cancer centers,rocky mountain cancer centers aurora,rocky mountain cancer centers aurora
08005,80012,rocky mountain cancer centers,rocky mountain cancer centers llp,rocky mountain cancer centers llp
08005,80012,rocky mountain cancer centers,rocky mountain cancer centers rmcc,rocky mountain cancer centers rmcc
08005,80113,melanoma skin cancer institute,the melanoma skin cancer institute,the melanoma skin cancer institute
08005,80113,skin cancer institute,melanoma skin cancer institute,melanoma skin cancer institute
08005,80113,skin cancer institute,the melanoma and skin cancer institute,the melanoma and skin cancer institute
08005,80113,skin cancer institute,the melanoma skin cancer institute,the melanoma skin cancer institute
08031,80206,uchealth cherry creek,uchealth cherry creek medical center,uchealth cherry creek medical center
08031,80218,colorado blood cancer institute,colorado blood cancer institute cbci,colorado blood cancer institute cbci
08031,80218,colorado blood cancer institute,colorado blood cancer institute cbci at presbyterian st luke s medical center,colorado blood cancer institute cbci at presbyterian st luke s medical center
08031,80218,colorado blood cancer institute,colorado blood cancer institute part of sarah cannon cancer institute,colorado blood cancer institute part of sarah cannon cancer institute
08031,80218,colorado blood cancer institute,colorado blood cancer institute sarah cannon,colorado blood cancer institute sarah cannon
08031,80218,colorado blood cancer institute,colorado blood cancer institute scri,colorado blood cancer institute scri
08031,80218,colorado blood cancer institute,sarah cannon research institute at colorado blood cancer institute,sarah cannon research institute at colorado blood cancer institute
08031,80218,colorado blood cancer institute cbci,colorado blood cancer institute cbci at presbyterian st luke s medical center,colorado blood cancer institute cbci at presbyterian st luke s medical center
08031,80218,denver drug development unit,scri denver drug development unit,scri denver drug development unit
08031,80218,denver health one,sarah cannon research institute scri oncology partners denver health one,sarah cannon research institute scri oncology partners denver health one
08031,80218,healthone,denver healthone drug development unit,denver healthone drug development unit
08031,80218,healthone,sarah cannon cancer institute at healthone,sarah cannon cancer institute at healthone
08031,80218,healthone,sarah cannon research institue at healthone,sarah cannon research institue at healthone
08031,80218,healthone,sarah cannon research institute at hca healthone presbyterian st luke s,sarah cannon research institute at hca healthone presbyterian st luke s
08031,80218,healthone,sarah cannon research institute at healthone,sarah cannon research institute at healthone
08031,80218,healthone,sarah cannon research institute denver healthone,sarah cannon research institute denver healthone
08031,80218,healthone,sarah cannon research institute scri at healthone,sarah cannon research institute scri at healthone
08031,80218,healthone,sarah cannon research institute scri at healthone denver,sarah cannon research institute scri at healthone denver
08031,80218,healthone,sarah cannon research institute scri denver healthone location,sarah cannon research institute scri denver healthone location
08031,80218,healthone,scri at healthone,scri at healthone
08031,80218,healthone,scri denver ddu at healthone,scri denver ddu at healthone
08031,80218,healthone,scri healthone,scri healthone
08031,80218,healthone,scri healthone denver,scri healthone denver
08031,80218,intermountain health saint joseph hospital,intermountain health saint joseph hospital research office,intermountain health saint joseph hospital research office
08031,80218,rocky mountain cancer center,rocky mountain cancer center primary,rocky mountain cancer center primary
08031,80218,rocky mountain cancer center,rocky mountain cancer centers,rocky mountain cancer centers
08031,80218,rocky mountain cancer center,rocky mountain cancer centers llp,rocky mountain cancer centers llp
08031,80218,rocky mountain cancer center,rocky mountain cancer centers midtown,rocky mountain cancer centers midtown
08031,80218,rocky mountain cancer centers,rocky mountain cancer centers llp,rocky mountain cancer centers llp
08031,80218,rocky mountain cancer centers,rocky mountain cancer centers midtown,rocky mountain cancer centers midtown
08031,80218,saint joseph hospital,intermountain health saint joseph hospital,intermountain health saint joseph hospital
08031,80218,saint joseph hospital,intermountain health saint joseph hospital research office,intermountain health saint joseph hospital research office
08031,80218,saint joseph hospital,saint joseph hospital cancer centers of colorado,saint joseph hospital cancer centers of colorado
08031,80218,sarah cannon research institute,sarah cannon research institute 1,sarah cannon research institute 1
08031,80218,sarah cannon research institute,sarah cannon research institute at colorado blood cancer institute,sarah cannon research institute at colorado blood cancer institute
08031,80218,sarah cannon research institute,sarah cannon research institute at hca healthone presbyterian st luke s,sarah cannon research institute at hca healthone presbyterian st luke s
08031,80218,sarah cannon research institute,sarah cannon research institute at health one,sarah cannon research institute at health one
08031,80218,sarah cannon research institute,sarah cannon research institute at healthone,sarah cannon research institute at healthone
08031,80218,sarah cannon research institute,sarah cannon research institute denver,sarah cannon research institute denver
08031,80218,sarah cannon research institute,sarah cannon research institute denver ddu,sarah cannon research institute denver ddu
08031,80218,sarah cannon research institute,sarah cannon research institute denver healthone,sarah cannon research institute denver healthone
08031,80218,sarah cannon research institute,sarah cannon research institute health one,sarah cannon research institute health one
08031,80218,sarah cannon research institute,sarah cannon research institute scri,sarah cannon research institute scri
08031,80218,sarah cannon research institute,sarah cannon research institute scri at healthone,sarah cannon research institute scri at healthone
08031,80218,sarah cannon research institute,sarah cannon research institute scri at healthone denver,sarah cannon research institute scri at healthone denver
08031,80218,sarah cannon research institute,sarah cannon research institute scri denver,sarah cannon research institute scri denver
08031,80218,sarah cannon research institute,sarah cannon research institute scri denver healthone location,sarah cannon research institute scri denver healthone location
08031,80218,sarah cannon research institute,sarah cannon research institute scri oncology partners denver health one,sarah cannon research institute scri oncology partners denver health one
08031,80218,sarah cannon research institute denver,sarah cannon research institute denver ddu,sarah cannon research institute denver ddu
08031,80218,sarah cannon research institute denver,sarah cannon research institute denver healthone,sarah cannon research institute denver healthone
08031,80218,sarah cannon research institute scri,sarah cannon research institute scri at healthone,sarah cannon research institute scri at healthone
08031,80218,sarah cannon research institute scri,sarah cannon research institute scri at healthone denver,sarah cannon research institute scri at healthone denver
08031,80218,sarah cannon research institute scri,sarah cannon research institute scri denver,sarah cannon research institute scri denver
08031,80218,sarah cannon research institute scri,sarah cannon research institute scri denver healthone location,sarah cannon research institute scri denver healthone location
08031,80218,sarah cannon research institute scri,sarah cannon research institute scri oncology partners denver health one,sarah cannon research institute scri oncology partners denver health one
08031,80218,sarah cannon research institute scri at healthone,sarah cannon research institute scri at healthone denver,sarah cannon research institute scri at healthone denver
08031,80218,sarah cannon research institute scri denver,sarah cannon research institute scri denver healthone location,sarah cannon research institute scri denver healthone location
08031,80218,scri at healthone,sarah cannon research institute scri at healthone,sarah cannon research institute scri at healthone
08031,80218,scri at healthone,sarah cannon research institute scri at healthone denver,sarah cannon research institute scri at healthone denver
08031,80218,scri denver,sarah cannon research institute scri denver,sarah cannon research institute scri denver
08031,80218,scri denver,sarah cannon research institute scri denver healthone location,sarah cannon research institute scri denver healthone location
08031,80218,scri denver,scri denver ddu at healthone,scri denver ddu at healthone
08031,80218,scri denver,scri denver drug development unit,scri denver drug development unit
08031,80218,scri healthone,scri healthone denver,scri healthone denver
08035,80124,lone tree medical center,university of colorado health lone tree medical center,university of colorado health lone tree medical center
08035,80124,rocky mountain cancer centers,rocky mountain cancer centers llp,rocky mountain cancer centers llp
08035,80124,rocky mountain cancer centers,rocky mountain cancer centers llp aurora,rocky mountain cancer centers llp aurora
08035,80124,rocky mountain cancer centers,rocky mountain cancer centers llp oncology,rocky mountain cancer centers llp oncology
08035,80124,rocky mountain cancer centers,rocky mountain cancer centers lone tree,rocky mountain cancer centers lone tree
08035,80124,rocky mountain cancer centers,rocky mountain cancer centers rmcc,rocky mountain cancer centers rmcc
08035,80124,rocky mountain cancer centers,rocky mountain cancer centers sky ridge,rocky mountain cancer centers sky ridge
08035,80124,rocky mountain cancer centers,uso rocky mountain cancer centers,uso rocky mountain cancer centers
08035,80124,rocky mountain cancer centers,usor rocky mountain cancer centers lone tree,usor rocky mountain cancer centers lone tree
08035,80124,rocky mountain cancer centers llp,rocky mountain cancer centers llp aurora,rocky mountain cancer centers llp aurora
08035,80124,rocky mountain cancer centers llp,rocky mountain cancer centers llp oncology,rocky mountain cancer centers llp oncology
08035,80124,rocky mountain cancer centers lone tree,usor rocky mountain cancer centers lone tree,usor rocky mountain cancer centers lone tree
08037,81632,shaw cancer center,vail health hospital shaw cancer center,vail health hospital shaw cancer center
08037,81632,shaw cancer center,vail health shaw cancer center,vail health shaw cancer center
08059,80228,colorado urology,colorado urology st anthony hospital campus,colorado urology st anthony hospital campus
08059,80228,saint anthony hospital,commonspirit saint anthony hospital cancer center,commonspirit saint anthony hospital cancer center
08069,80524,poudre valley hospital,uchealth poudre valley hospital,uchealth poudre valley hospital
08069,80528,poudre valley health care inc,poudre valley health care inc d b a poudre valley health system,poudre valley health care inc d b a poudre valley health system
08069,80538,medical center of the rockies,uchealth medical center of the rockies,uchealth medical center of the rockies
08077,81505,grand valley oncology,colorado west healthcare system grand valley oncology,colorado west healthcare system grand valley oncology
08123,80504,longs peak hospital,uchealth longs peak hospital,uchealth longs peak hospital
08123,80631,banner md anderson cancer center,banner md anderson cancer center at north colorado medical center,banner md anderson cancer center at north colorado medical center
08123,80631,north colorado medical center,banner md anderson cancer center at north colorado medical center,banner md anderson cancer center at north colorado medical center
08123,80631,north colorado medical center,banner north colorado medical center,banner north colorado medical center
09001,06810,danbury hospital,danbury hospital western connecticut health network,danbury hospital western connecticut health network
09003,06030,university of connecticut,university of connecticut health center,university of connecticut health center
09003,06102,hartford healthcare,hartford healthcare alliance data collection only,hartford healthcare alliance data collection only
09003,06102,hartford healthcare,hartford healthcare cancer institute at hartford hospital,hartford healthcare cancer institute at hartford hospital
09003,06102,hartford healthcare,hartford healthcare cancer institute hartford hospital data collection only,hartford healthcare cancer institute hartford hospital data collection only
09003,06102,hartford healthcare,hartford healthcare data collection,hartford healthcare data collection
09003,06102,hartford healthcare,hartford healthcare data collection only,hartford healthcare data collection only
09003,06102,hartford healthcare,hartford healthcare hartford hospital,hartford healthcare hartford hospital
09003,06102,hartford healthcare data collection,hartford healthcare data collection only,hartford healthcare data collection only
09003,06102,hartford hospital,hartford healthcare cancer institute at hartford hospital,hartford healthcare cancer institute at hartford hospital
09003,06102,hartford hospital,hartford healthcare cancer institute hartford hospital data collection only,hartford healthcare cancer institute hartford hospital data collection only
09003,06102,hartford hospital,hartford healthcare hartford hospital,hartford healthcare hartford hospital
09003,06102,hartford hospital,hartford hospital hh,hartford hospital hh
09009,06418,smilow cancer hospital derby,smilow cancer hospital derby care center,smilow cancer hospital derby care center
09009,06451,midstate medical center,midstate medical center msmc,midstate medical center msmc
09009,06510,yale cancer center,yale cancer center and smilow cancer hospital,yale cancer center and smilow cancer hospital
09009,06510,yale cancer center,yale cancer center yale university,yale cancer center yale university
09009,06510,yale cancer center,yale new haven hospital yale cancer center,yale new haven hospital yale cancer center
09009,06510,yale cancer center,yale university new haven hospital yale cancer center,yale university new haven hospital yale cancer center
09009,06510,yale cancer center,yale university yale cancer center yale school of medicine,yale university yale cancer center yale school of medicine
09009,06510,yale new haven hospital,smilow cancer center yale new haven hospital,smilow cancer center yale new haven hospital
09009,06510,yale new haven hospital,yale new haven hospital smilow cancer center,yale new haven hospital smilow cancer center
09009,06510,yale new haven hospital,yale new haven hospital smilow cancer hospital at yale new haven,yale new haven hospital smilow cancer hospital at yale new haven
09009,06510,yale new haven hospital,yale new haven hospital yale cancer center,yale new haven hospital yale cancer center
09009,06511,smilow cancer hospital,smilow cancer hospital at yale new haven,smilow cancer hospital at yale new haven
09009,06511,smilow cancer hospital,smilow cancer hospital phase 1 unit,smilow cancer hospital phase 1 unit
09009,06511,smilow cancer hospital,smilow cancer hospital yale university,smilow cancer hospital yale university
09009,06511,smilow cancer hospital,yale cancer center smilow cancer hospital,yale cancer center smilow cancer hospital
09009,06511,smilow cancer hospital,yale cancer center smilow cancer hospital at yale new haven,yale cancer center smilow cancer hospital at yale new haven
09009,06511,smilow cancer hospital,yale school of medicine smilow cancer hospital,yale school of medicine smilow cancer hospital
09009,06511,smilow cancer hospital,yale school of medicine smilow cancer hospital center for thoracic cancers,yale school of medicine smilow cancer hospital center for thoracic cancers
09009,06511,smilow cancer hospital,yale university smilow cancer hospital c o thomas ferencz rph bcop,yale university smilow cancer hospital c o thomas ferencz rph bcop
09009,06511,smilow cancer hospital at yale new haven,yale cancer center smilow cancer hospital at yale new haven,yale cancer center smilow cancer hospital at yale new haven
09009,06511,yale cancer center smilow cancer hospital,yale cancer center smilow cancer hospital at yale new haven,yale cancer center smilow cancer hospital at yale new haven
09009,06511,yale school of medicine smilow cancer hospital,yale school of medicine smilow cancer hospital center for thoracic cancers,yale school of medicine smilow cancer hospital center for thoracic cancers
09009,06516,veterans affairs connecticut healthcare system,veterans affairs connecticut healthcare system west haven campus,veterans affairs connecticut healthcare system west haven campus
09009,06519,yale school of medicine,yale school of medicine smilow cancer hospital yale new haven hospital location,yale school of medicine smilow cancer hospital yale new haven hospital location
09009,06520,yale university,yale university cancer center,yale university cancer center
09009,06520,yale university,yale university cancer center lao,yale university cancer center lao
09009,06520,yale university,yale university yale cancer center,yale university yale cancer center
09009,06520,yale university cancer center,yale university cancer center lao,yale university cancer center lao
09009,06708,smilow cancer hospital waterbury,smilow cancer hospital waterbury care center,smilow cancer hospital waterbury care center
10003,19713,helen f graham cancer center,christiana care hospital helen f graham cancer center,christiana care hospital helen f graham cancer center
10003,19713,helen f graham cancer center,christianacare helen f graham cancer center and research institute,christianacare helen f graham cancer center and research institute
10003,19713,helen f graham cancer center,helen f graham cancer center research institute,helen f graham cancer center research institute
10003,19713,helen f graham cancer center,medical oncology hematology consultants helen f graham cancer center,medical oncology hematology consultants helen f graham cancer center
10003,19713,medical oncology hematology consultants,medical oncology hematology consultants helen f graham cancer center,medical oncology hematology consultants helen f graham cancer center
10003,19713,medical oncology hematology consultants,medical oncology hematology consultants mohc,medical oncology hematology consultants mohc
10003,19713,medical oncology hematology consultants,medical oncology hematology consultants p a,medical oncology hematology consultants p a
10003,19713,medical oncology hematology consultants,medical oncology hematology consultants pa,medical oncology hematology consultants pa
10003,19718,christiana care,christiana care health system christiana hospital,christiana care health system christiana hospital
10003,19718,christiana care,christiana care health system newark,christiana care health system newark
11001,20007,georgetown university,georgetown university data collection only,georgetown university data collection only
11001,20007,georgetown university,georgetown university hospital,georgetown university hospital
11001,20007,georgetown university,georgetown university lombardi comprehensive cancer center,georgetown university lombardi comprehensive cancer center
11001,20007,georgetown university,georgetown university medical cener gumc,georgetown university medical cener gumc
11001,20007,georgetown university,georgetown university medical center,georgetown university medical center
11001,20007,georgetown university,georgetown university medical center department of pharmacy oncology pharmacy,georgetown university medical center department of pharmacy oncology pharmacy
11001,20007,georgetown university,lombardi comprehensive cancer center at georgetown university medical center,lombardi comprehensive cancer center at georgetown university medical center
11001,20007,georgetown university,lombardi comprehensive cancer center georgetown university,lombardi comprehensive cancer center georgetown university
11001,20007,georgetown university,medstar georgetown university hospital,medstar georgetown university hospital
11001,20007,georgetown university,medstar georgetown university hospital adults and pediatrics,medstar georgetown university hospital adults and pediatrics
11001,20007,georgetown university,medstar georgetown university hospital lombardi comprehensive cancer center,medstar georgetown university hospital lombardi comprehensive cancer center
11001,20007,georgetown university hospital,medstar georgetown university hospital,medstar georgetown university hospital
11001,20007,georgetown university hospital,medstar georgetown university hospital adults and pediatrics,medstar georgetown university hospital adults and pediatrics
11001,20007,georgetown university hospital,medstar georgetown university hospital lombardi comprehensive cancer center,medstar georgetown university hospital lombardi comprehensive cancer center
11001,20007,georgetown university medical center,georgetown university medical center department of pharmacy oncology pharmacy,georgetown university medical center department of pharmacy oncology pharmacy
11001,20007,georgetown university medical center,lombardi comprehensive cancer center at georgetown university medical center,lombardi comprehensive cancer center at georgetown university medical center
11001,20007,medstar georgetown university hospital,medstar georgetown university hospital adults and pediatrics,medstar georgetown university hospital adults and pediatrics
11001,20007,medstar georgetown university hospital,medstar georgetown university hospital lombardi comprehensive cancer center,medstar georgetown university hospital lombardi comprehensive cancer center
11001,20010,children s national hospital,children s national hospital data collection only,children s national hospital data collection only
11001,20010,medstar washington hospital,medstar georgetown cancer institute at medstar washington hospital center,medstar georgetown cancer institute at medstar washington hospital center
11001,20010,medstar washington hospital,medstar heart vascular institute mhvi medstar washington hospital center,medstar heart vascular institute mhvi medstar washington hospital center
11001,20010,medstar washington hospital,medstar washington hospital center,medstar washington hospital center
11001,20010,medstar washington hospital,medstar washington hospital center medstar georgetown cancer institute,medstar washington hospital center medstar georgetown cancer institute
11001,20010,medstar washington hospital center,medstar georgetown cancer institute at medstar washington hospital center,medstar georgetown cancer institute at medstar washington hospital center
11001,20010,medstar washington hospital center,medstar heart vascular institute mhvi medstar washington hospital center,medstar heart vascular institute mhvi medstar washington hospital center
11001,20010,medstar washington hospital center,medstar washington hospital center medstar georgetown cancer institute,medstar washington hospital center medstar georgetown cancer institute
11001,20010,washington hospital center,medstar georgetown cancer institute at medstar washington hospital center,medstar georgetown cancer institute at medstar washington hospital center
11001,20010,washington hospital center,medstar heart vascular institute mhvi medstar washington hospital center,medstar heart vascular institute mhvi medstar washington hospital center
11001,20010,washington hospital center,medstar washington hospital center,medstar washington hospital center
11001,20010,washington hospital center,medstar washington hospital center medstar georgetown cancer institute,medstar washington hospital center medstar georgetown cancer institute
11001,20016,sibley memorial hospital,johns hopkins medicine kimmel cancer center sibley memorial hospital,johns hopkins medicine kimmel cancer center sibley memorial hospital
11001,20016,sibley memorial hospital,johns hopkins office of capital region research sibley memorial hospital,johns hopkins office of capital region research sibley memorial hospital
11001,20016,sibley memorial hospital,johns hopkins sibley memorial hospital,johns hopkins sibley memorial hospital
11001,20016,sibley memorial hospital,johns hopkins university sibley memorial hospital,johns hopkins university sibley memorial hospital
11001,20016,sibley memorial hospital,sibley memorial hospital a member of johns hopkins medicine,sibley memorial hospital a member of johns hopkins medicine
11001,20016,sibley memorial hospital,sibley memorial hospital pharmacy department,sibley memorial hospital pharmacy department
11001,20037,george washington medical faculty associates,the george washington medical faculty associates,the george washington medical faculty associates
11001,20037,the george washington university,the george washington university cancer center,the george washington university cancer center
11001,20037,the george washington university,the george washington university hospital,the george washington university hospital
11001,20052,george washington university,george washington university cancer center,george washington university cancer center
12001,32608,uf health,uf health davis cancer pavilion and shands med plaza,uf health davis cancer pavilion and shands med plaza
12001,32608,uf health,uf health shands hospital,uf health shands hospital
12001,32610,univ of florida,univ of florida health science ctr gainesville,univ of florida health science ctr gainesville
12001,32610,university of florida health,university of florida health at shands,university of florida health at shands
12001,32610,university of florida health,university of florida health science center gainesville,university of florida health science center gainesville
12001,32610,university of florida health,university of florida health shands hospital,university of florida health shands hospital
12001,32610,university of florida health,university of florida health uf health cancer center,university of florida health uf health cancer center
12009,32901,cancer care centers of brevard,cancer care centers of brevard inc,cancer care centers of brevard inc
12011,33021,memorial healthcare system,memorial healthcare system memorial regional hospital,memorial healthcare system memorial regional hospital
12011,33026,memorial cancer institute,moffitt malignant hematology amp cellular therapy at memorial healthcare system memorial cancer institute,moffitt malignant hematology amp cellular therapy at memorial healthcare system memorial cancer institute
12011,33028,memorial hospital west,memorial cancer institute at memorial hospital west,memorial cancer institute at memorial hospital west
12011,33028,memorial hospital west,memorial hospital west memorial cancer institute,memorial hospital west memorial cancer institute
12011,33063,d h cancer research center,d h cancer research center llc,d h cancer research center llc
12011,33063,d h national research center,d h national research centers cancer research center llc,d h national research centers cancer research center llc
12011,33063,d h national research center,d h national research centers llc,d h national research centers llc
12011,33063,research,d h cancer research center,d h cancer research center
12011,33063,research,d h cancer research center llc,d h cancer research center llc
12011,33063,research,d h national research center,d h national research center
12011,33063,research,d h national research centers cancer research center llc,d h national research centers cancer research center llc
12011,33063,research,d h national research centers llc,d h national research centers llc
12011,33063,research,d h pompano research center,d h pompano research center
12011,33063,research,prophase llc clinitiative health research network,prophase llc clinitiative health research network
12011,33071,life clinical trials,life clinical trials coral springs,life clinical trials coral springs
12011,33308,holy cross hospital,holy cross hospital michael dianne bienes comp cancer ctr,holy cross hospital michael dianne bienes comp cancer ctr
12011,33316,broward health,broward health medical center,broward health medical center
12011,33316,helios clinical research,helios clinical research fort lauderdale,helios clinical research fort lauderdale
12011,33316,the oncology institute of hope and innovation,the oncology institute of hope and innovation 1,the oncology institute of hope and innovation 1
12011,33316,the oncology institute of hope and innovation,the oncology institute of hope and innovation fort lauderdale,the oncology institute of hope and innovation fort lauderdale
12011,33316,the oncology institute of hope and innovation,the oncology institute of hope and innovation fort lauderdale 17th street,the oncology institute of hope and innovation fort lauderdale 17th street
12011,33316,the oncology institute of hope and innovation fort lauderdale,the oncology institute of hope and innovation fort lauderdale 17th street,the oncology institute of hope and innovation fort lauderdale 17th street
12011,33322,brcr medical center,brcr medical center inc internal medicine,brcr medical center inc internal medicine
12011,33322,florida clinical trials group,florida clinical trials group llc,florida clinical trials group llc
12011,33322,florida clinical trials group,florida clinical trials group llc plantation,florida clinical trials group llc plantation
12011,33322,florida clinical trials group,florida clinical trials group plantation,florida clinical trials group plantation
12011,33322,florida clinical trials group llc,florida clinical trials group llc plantation,florida clinical trials group llc plantation
12011,33324,miami cancer institute,miami cancer institute at baptist health,miami cancer institute at baptist health
12011,33324,miami cancer institute,miami cancer institute at plantation,miami cancer institute at plantation
12011,33324,miami cancer institute,miami cancer institute plantation,miami cancer institute plantation
12011,33324,miami cancer institute,miami cancer institute plantation mcip,miami cancer institute plantation mcip
12011,33324,miami cancer institute plantation,miami cancer institute plantation mcip,miami cancer institute plantation mcip
12011,33324,sylvester comprehensive cancer center,sylvester comprehensive cancer center plantation,sylvester comprehensive cancer center plantation
12011,33324,sylvester comprehensive cancer center,um sylvester comprehensive cancer center,um sylvester comprehensive cancer center
12011,33324,sylvester comprehensive cancer center,um sylvester comprehensive cancer center at plantation,um sylvester comprehensive cancer center at plantation
12011,33324,um sylvester comprehensive cancer center,um sylvester comprehensive cancer center at plantation,um sylvester comprehensive cancer center at plantation
12011,33331,cleveland clinic florida,cleveland clinic florida weston,cleveland clinic florida weston
12011,33331,cleveland clinic weston,cleveland clinic weston hospital,cleveland clinic weston hospital
12015,33980,florida cancer specialists,florida cancer specialists south,florida cancer specialists south
12019,32003,cancer specialists of north florida,cancer specialists of north florida fleming island,cancer specialists of north florida fleming island
12031,32207,baptist md anderson,baptist md anderson cancer center,baptist md anderson cancer center
12031,32207,baptist md anderson,baptist md anderson cancer institute,baptist md anderson cancer institute
12031,32209,university of florida,university of florida health science center,university of florida health science center
12031,32209,university of florida,university of florida jacksonville,university of florida jacksonville
12031,32224,mayo clinic,1017 mayo clinic,1017 mayo clinic
12031,32224,mayo clinic,mayo clinic cancer center,mayo clinic cancer center
12031,32224,mayo clinic,mayo clinic clinical trials referral office,mayo clinic clinical trials referral office
12031,32224,mayo clinic,mayo clinic comprehensive cancer center,mayo clinic comprehensive cancer center
12031,32224,mayo clinic,mayo clinic florida,mayo clinic florida
12031,32224,mayo clinic,mayo clinic florida comprehensive cancer center,mayo clinic florida comprehensive cancer center
12031,32224,mayo clinic,mayo clinic hospital,mayo clinic hospital
12031,32224,mayo clinic,mayo clinic hospital florida,mayo clinic hospital florida
12031,32224,mayo clinic,mayo clinic hospital jacksonville,mayo clinic hospital jacksonville
12031,32224,mayo clinic,mayo clinic in florida,mayo clinic in florida
12031,32224,mayo clinic,mayo clinic in florida mayo clinic comprehensive cancer center,mayo clinic in florida mayo clinic comprehensive cancer center
12031,32224,mayo clinic,mayo clinic jacksonville,mayo clinic jacksonville
12031,32224,mayo clinic,mayo clinic jacksonville fl,mayo clinic jacksonville fl
12031,32224,mayo clinic,mayo clinic jacksonville ppds,mayo clinic jacksonville ppds
12031,32224,mayo clinic,mayo clinic of jacksonville florida,mayo clinic of jacksonville florida
12031,32224,mayo clinic,mayo clinic pharmacy,mayo clinic pharmacy
12031,32224,mayo clinic,mayo clinical florida,mayo clinical florida
12031,32224,mayo clinic,mayo clinical hospital florida,mayo clinical hospital florida
12031,32224,mayo clinic comprehensive cancer center,mayo clinic in florida mayo clinic comprehensive cancer center,mayo clinic in florida mayo clinic comprehensive cancer center
12031,32224,mayo clinic florida,mayo clinic florida comprehensive cancer center,mayo clinic florida comprehensive cancer center
12031,32224,mayo clinic hospital,mayo clinic hospital florida,mayo clinic hospital florida
12031,32224,mayo clinic hospital,mayo clinic hospital jacksonville,mayo clinic hospital jacksonville
12031,32224,mayo clinic in florida,mayo clinic in florida mayo clinic comprehensive cancer center,mayo clinic in florida mayo clinic comprehensive cancer center
12031,32224,mayo clinic jacksonville,mayo clinic jacksonville fl,mayo clinic jacksonville fl
12031,32224,mayo clinic jacksonville,mayo clinic jacksonville ppds,mayo clinic jacksonville ppds
12031,32256,cancer specialists of north florida,cancer specialists of north florida jacksonville ac skinner parkway,cancer specialists of north florida jacksonville ac skinner parkway
12031,32256,cancer specialists of north florida,cancer specialists of north florida southpoint,cancer specialists of north florida southpoint
12033,32503,woodlands medical specialists,usor woodlands medical specialists,usor woodlands medical specialists
12033,32504,ascension sacred heart,ascension sacred heart pensacola,ascension sacred heart pensacola
12057,33606,tampa general hospital,tampa general hospital cancer institute,tampa general hospital cancer institute
12057,33612,h lee moffitt cancer center,h lee moffitt cancer center and research institute,h lee moffitt cancer center and research institute
12057,33612,h lee moffitt cancer center,h lee moffitt cancer center and research institute hospital,h lee moffitt cancer center and research institute hospital
12057,33612,h lee moffitt cancer center,h lee moffitt cancer center and research institute hospital inc,h lee moffitt cancer center and research institute hospital inc
12057,33612,h lee moffitt cancer center,h lee moffitt cancer center and research institute inc,h lee moffitt cancer center and research institute inc
12057,33612,h lee moffitt cancer center,h lee moffitt cancer center research institute,h lee moffitt cancer center research institute
12057,33612,h lee moffitt cancer center and research institute,h lee moffitt cancer center and research institute hospital,h lee moffitt cancer center and research institute hospital
12057,33612,h lee moffitt cancer center and research institute,h lee moffitt cancer center and research institute hospital inc,h lee moffitt cancer center and research institute hospital inc
12057,33612,h lee moffitt cancer center and research institute,h lee moffitt cancer center and research institute inc,h lee moffitt cancer center and research institute inc
12057,33612,h lee moffitt cancer center and research institute hospital,h lee moffitt cancer center and research institute hospital inc,h lee moffitt cancer center and research institute hospital inc
12057,33612,lee moffitt cancer center,h lee moffitt cancer center,h lee moffitt cancer center
12057,33612,lee moffitt cancer center,h lee moffitt cancer center and research institute,h lee moffitt cancer center and research institute
12057,33612,lee moffitt cancer center,h lee moffitt cancer center and research institute hospital,h lee moffitt cancer center and research institute hospital
12057,33612,lee moffitt cancer center,h lee moffitt cancer center and research institute hospital inc,h lee moffitt cancer center and research institute hospital inc
12057,33612,lee moffitt cancer center,h lee moffitt cancer center and research institute inc,h lee moffitt cancer center and research institute inc
12057,33612,lee moffitt cancer center,h lee moffitt cancer center research institute,h lee moffitt cancer center research institute
12057,33612,moffit cancer center,h lee moffit cancer center and research institute,h lee moffit cancer center and research institute
12057,33612,moffitt cancer center,h lee moffitt cancer center,h lee moffitt cancer center
12057,33612,moffitt cancer center,h lee moffitt cancer center and research institute,h lee moffitt cancer center and research institute
12057,33612,moffitt cancer center,h lee moffitt cancer center and research institute hospital,h lee moffitt cancer center and research institute hospital
12057,33612,moffitt cancer center,h lee moffitt cancer center and research institute hospital inc,h lee moffitt cancer center and research institute hospital inc
12057,33612,moffitt cancer center,h lee moffitt cancer center and research institute inc,h lee moffitt cancer center and research institute inc
12057,33612,moffitt cancer center,h lee moffitt cancer center research institute,h lee moffitt cancer center research institute
12057,33612,moffitt cancer center,lee moffitt cancer center,lee moffitt cancer center
12057,33612,moffitt cancer center,moffitt cancer center and research institute,moffitt cancer center and research institute
12057,33612,moffitt cancer center,moffitt cancer center magnolia campus,moffitt cancer center magnolia campus
12057,33612,moffitt cancer center,moffitt cancer center mckinley campus,moffitt cancer center mckinley campus
12057,33612,moffitt cancer center,moffitt cancer center mckinley drive,moffitt cancer center mckinley drive
12057,33612,moffitt cancer center,moffitt cancer center mckinley hospital,moffitt cancer center mckinley hospital
12057,33612,moffitt cancer center,moffitt cancer center research institute,moffitt cancer center research institute
12057,33612,moffitt cancer center,moffitt cancer center tampa,moffitt cancer center tampa
12057,33612,moffitt cancer center and research institute,h lee moffitt cancer center and research institute,h lee moffitt cancer center and research institute
12057,33612,moffitt cancer center and research institute,h lee moffitt cancer center and research institute hospital,h lee moffitt cancer center and research institute hospital
12057,33612,moffitt cancer center and research institute,h lee moffitt cancer center and research institute hospital inc,h lee moffitt cancer center and research institute hospital inc
12057,33612,moffitt cancer center and research institute,h lee moffitt cancer center and research institute inc,h lee moffitt cancer center and research institute inc
12057,33612,moffitt cancer center research institute,h lee moffitt cancer center research institute,h lee moffitt cancer center research institute
12057,33612,university of south florida,university of south florida carol and frank morsani center of advanced healthcare,university of south florida carol and frank morsani center of advanced healthcare
12071,33901,florida cancer specialists,florida cancer specialists broadway,florida cancer specialists broadway
12071,33901,florida cancer specialists,florida cancer specialists fort myers,florida cancer specialists fort myers
12071,33901,florida cancer specialists,florida cancer specialists research institute,florida cancer specialists research institute
12071,33901,florida cancer specialists,florida cancer specialists research institute south,florida cancer specialists research institute south
12071,33901,florida cancer specialists,florida cancer specialists research south,florida cancer specialists research south
12071,33901,florida cancer specialists,florida cancer specialists south,florida cancer specialists south
12071,33901,florida cancer specialists,scri florida cancer specialists south region research office,scri florida cancer specialists south region research office
12071,33901,florida cancer specialists research institute,florida cancer specialists research institute south,florida cancer specialists research institute south
12071,33901,florida cancer specialists south,scri florida cancer specialists south region research office,scri florida cancer specialists south region research office
12073,32308,florida cancer specialists,scri florida cancer specialists tallahassee cancer center,scri florida cancer specialists tallahassee cancer center
12083,34474,florida cancer affiliates ocala,florida cancer affiliates ocala oncology,florida cancer affiliates ocala oncology
12083,34474,florida cancer affiliates ocala,ocala oncology center pl dba florida cancer affiliates ocala,ocala oncology center pl dba florida cancer affiliates ocala
12083,34474,ocala oncology,florida cancer affiliates ocala oncology,florida cancer affiliates ocala oncology
12083,34474,ocala oncology,ocala oncology center,ocala oncology center
12083,34474,ocala oncology,ocala oncology center pl dba florida cancer affiliates,ocala oncology center pl dba florida cancer affiliates
12083,34474,ocala oncology,ocala oncology center pl dba florida cancer affiliates ocala,ocala oncology center pl dba florida cancer affiliates ocala
12083,34474,ocala oncology center,ocala oncology center pl dba florida cancer affiliates,ocala oncology center pl dba florida cancer affiliates
12083,34474,ocala oncology center,ocala oncology center pl dba florida cancer affiliates ocala,ocala oncology center pl dba florida cancer affiliates ocala
12083,34474,ocala oncology center pl dba florida cancer affiliates,ocala oncology center pl dba florida cancer affiliates ocala,ocala oncology center pl dba florida cancer affiliates ocala
12085,34994,cleveland clinic martin north,cleveland clinic martin north hospital,cleveland clinic martin north hospital
12086,33013,bioresearch partner,bioresearch partner hialeah,bioresearch partner hialeah
12086,33013,bioresearch partner,bioresearch partner hialeah hospital,bioresearch partner hialeah hospital
12086,33013,bioresearch partner hialeah,bioresearch partner hialeah hospital,bioresearch partner hialeah hospital
12086,33013,hialeah hospital,bioresearch partner hialeah hospital,bioresearch partner hialeah hospital
12086,33013,hialeah hospital,brp hialeah hospital,brp hialeah hospital
12086,33126,regis clinical research,regis clinical research llc,regis clinical research llc
12086,33136,sylvester cancer center,sylvester cancer center u miami,sylvester cancer center u miami
12086,33136,sylvester cancer center,sylvester cancer center university of miami,sylvester cancer center university of miami
12086,33136,sylvester cancer center,university of miami hospital and clinics sylvester cancer center,university of miami hospital and clinics sylvester cancer center
12086,33136,sylvester cancer center,university of miami hospital and clinics sylvester cancer center cancer research services,university of miami hospital and clinics sylvester cancer center cancer research services
12086,33136,sylvester cancer center,university of miami miller school of medicine sylvester cancer center,university of miami miller school of medicine sylvester cancer center
12086,33136,sylvester cancer center,university of miami sylvester cancer center,university of miami sylvester cancer center
12086,33136,sylvester comprehensive cancer center,sylvester comprehensive cancer center miami,sylvester comprehensive cancer center miami
12086,33136,sylvester comprehensive cancer center,sylvester comprehensive cancer center university of miami health system,sylvester comprehensive cancer center university of miami health system
12086,33136,sylvester comprehensive cancer center,sylvester comprehensive cancer center university of miami hospital and clinics,sylvester comprehensive cancer center university of miami hospital and clinics
12086,33136,sylvester comprehensive cancer center,sylvester comprehensive cancer center university of miami miller school of medicine,sylvester comprehensive cancer center university of miami miller school of medicine
12086,33136,sylvester comprehensive cancer center,univ of miami sylvester comprehensive cancer center,univ of miami sylvester comprehensive cancer center
12086,33136,sylvester comprehensive cancer center,university of miami health system sylvester comprehensive cancer center miami,university of miami health system sylvester comprehensive cancer center miami
12086,33136,sylvester comprehensive cancer center,university of miami hospital and clinics sylvester comprehensive cancer center,university of miami hospital and clinics sylvester comprehensive cancer center
12086,33136,sylvester comprehensive cancer center,university of miami sylvester comprehensive cancer center,university of miami sylvester comprehensive cancer center
12086,33136,sylvester comprehensive cancer center,university of miami sylvester comprehensive cancer center miami florida 33136,university of miami sylvester comprehensive cancer center miami florida 33136
12086,33136,sylvester comprehensive cancer center miami,university of miami health system sylvester comprehensive cancer center miami,university of miami health system sylvester comprehensive cancer center miami
12086,33136,sylvester comprehensive cancer center miami,university of miami sylvester comprehensive cancer center miami florida 33136,university of miami sylvester comprehensive cancer center miami florida 33136
12086,33136,university of miami,sylvester cancer center university of miami,sylvester cancer center university of miami
12086,33136,university of miami,sylvester comprehensive cancer center university of miami health system,sylvester comprehensive cancer center university of miami health system
12086,33136,university of miami,sylvester comprehensive cancer center university of miami hospital and clinics,sylvester comprehensive cancer center university of miami hospital and clinics
12086,33136,university of miami,sylvester comprehensive cancer center university of miami miller school of medicine,sylvester comprehensive cancer center university of miami miller school of medicine
12086,33136,university of miami,university of miami data collection only,university of miami data collection only
12086,33136,university of miami,university of miami health,university of miami health
12086,33136,university of miami,university of miami health system,university of miami health system
12086,33136,university of miami,university of miami health system sylvester comprehensive cancer center miami,university of miami health system sylvester comprehensive cancer center miami
12086,33136,university of miami,university of miami hospital,university of miami hospital
12086,33136,university of miami,university of miami hospital and clinics,university of miami hospital and clinics
12086,33136,university of miami,university of miami hospital and clinics griffin cancer research building,university of miami hospital and clinics griffin cancer research building
12086,33136,university of miami,university of miami hospital and clinics sylvester cancer center,university of miami hospital and clinics sylvester cancer center
12086,33136,university of miami,university of miami hospital and clinics sylvester cancer center cancer research services,university of miami hospital and clinics sylvester cancer center cancer research services
12086,33136,university of miami,university of miami hospital and clinics sylvester comprehensive cancer center,university of miami hospital and clinics sylvester comprehensive cancer center
12086,33136,university of miami,university of miami jackson memorial hospital adults only,university of miami jackson memorial hospital adults only
12086,33136,university of miami,university of miami miller school of medicine,university of miami miller school of medicine
12086,33136,university of miami,university of miami miller school of medicine sylvester cancer center,university of miami miller school of medicine sylvester cancer center
12086,33136,university of miami,university of miami miller school of medicine sylvester cancer centre,university of miami miller school of medicine sylvester cancer centre
12086,33136,university of miami,university of miami sccc miami,university of miami sccc miami
12086,33136,university of miami,university of miami school of medicine,university of miami school of medicine
12086,33136,university of miami,university of miami sylvester cancer center,university of miami sylvester cancer center
12086,33136,university of miami,university of miami sylvester cancer institute alex s place,university of miami sylvester cancer institute alex s place
12086,33136,university of miami,university of miami sylvester cancer institute griffin cancer research building,university of miami sylvester cancer institute griffin cancer research building
12086,33136,university of miami,university of miami sylvester comprehensive cancer cente,university of miami sylvester comprehensive cancer cente
12086,33136,university of miami,university of miami sylvester comprehensive cancer center,university of miami sylvester comprehensive cancer center
12086,33136,university of miami,university of miami sylvester comprehensive cancer center miami florida 33136,university of miami sylvester comprehensive cancer center miami florida 33136
12086,33136,university of miami health,sylvester comprehensive cancer center university of miami health system,sylvester comprehensive cancer center university of miami health system
12086,33136,university of miami health,university of miami health system,university of miami health system
12086,33136,university of miami health,university of miami health system sylvester comprehensive cancer center miami,university of miami health system sylvester comprehensive cancer center miami
12086,33136,university of miami health system,sylvester comprehensive cancer center university of miami health system,sylvester comprehensive cancer center university of miami health system
12086,33136,university of miami health system,university of miami health system sylvester comprehensive cancer center miami,university of miami health system sylvester comprehensive cancer center miami
12086,33136,university of miami hospital,sylvester comprehensive cancer center university of miami hospital and clinics,sylvester comprehensive cancer center university of miami hospital and clinics
12086,33136,university of miami hospital,university of miami hospital and clinics,university of miami hospital and clinics
12086,33136,university of miami hospital,university of miami hospital and clinics griffin cancer research building,university of miami hospital and clinics griffin cancer research building
12086,33136,university of miami hospital,university of miami hospital and clinics sylvester cancer center,university of miami hospital and clinics sylvester cancer center
12086,33136,university of miami hospital,university of miami hospital and clinics sylvester cancer center cancer research services,university of miami hospital and clinics sylvester cancer center cancer research services
12086,33136,university of miami hospital,university of miami hospital and clinics sylvester comprehensive cancer center,university of miami hospital and clinics sylvester comprehensive cancer center
12086,33136,university of miami hospital and clinics,sylvester comprehensive cancer center university of miami hospital and clinics,sylvester comprehensive cancer center university of miami hospital and clinics
12086,33136,university of miami hospital and clinics,university of miami hospital and clinics griffin cancer research building,university of miami hospital and clinics griffin cancer research building
12086,33136,university of miami hospital and clinics,university of miami hospital and clinics sylvester cancer center,university of miami hospital and clinics sylvester cancer center
12086,33136,university of miami hospital and clinics,university of miami hospital and clinics sylvester cancer center cancer research services,university of miami hospital and clinics sylvester cancer center cancer research services
12086,33136,university of miami hospital and clinics,university of miami hospital and clinics sylvester comprehensive cancer center,university of miami hospital and clinics sylvester comprehensive cancer center
12086,33136,university of miami hospital and clinics sylvester cancer center,university of miami hospital and clinics sylvester cancer center cancer research services,university of miami hospital and clinics sylvester cancer center cancer research services
12086,33136,university of miami miller school of medicine,sylvester comprehensive cancer center university of miami miller school of medicine,sylvester comprehensive cancer center university of miami miller school of medicine
12086,33136,university of miami miller school of medicine,university of miami miller school of medicine sylvester cancer center,university of miami miller school of medicine sylvester cancer center
12086,33136,university of miami miller school of medicine,university of miami miller school of medicine sylvester cancer centre,university of miami miller school of medicine sylvester cancer centre
12086,33136,university of miami sylvester comprehensive cancer cente,university of miami sylvester comprehensive cancer center,university of miami sylvester comprehensive cancer center
12086,33136,university of miami sylvester comprehensive cancer cente,university of miami sylvester comprehensive cancer center miami florida 33136,university of miami sylvester comprehensive cancer center miami florida 33136
12086,33136,university of miami sylvester comprehensive cancer center,university of miami sylvester comprehensive cancer center miami florida 33136,university of miami sylvester comprehensive cancer center miami florida 33136
12086,33140,mount sinai,mount sinai braman comprehensive cancer center,mount sinai braman comprehensive cancer center
12086,33140,mount sinai,mount sinai cancer center,mount sinai cancer center
12086,33140,mount sinai,mount sinai cancer research program,mount sinai cancer research program
12086,33140,mount sinai,mount sinai comprehensive cancer center,mount sinai comprehensive cancer center
12086,33140,mount sinai,mount sinai medical center,mount sinai medical center
12086,33140,mount sinai,mount sinai medical center braman comprehensive cancer center,mount sinai medical center braman comprehensive cancer center
12086,33140,mount sinai,mount sinai medical center comprehensive cancer center,mount sinai medical center comprehensive cancer center
12086,33140,mount sinai,mount sinai medical center miami beach,mount sinai medical center miami beach
12086,33140,mount sinai medical center,mount sinai medical center braman comprehensive cancer center,mount sinai medical center braman comprehensive cancer center
12086,33140,mount sinai medical center,mount sinai medical center comprehensive cancer center,mount sinai medical center comprehensive cancer center
12086,33140,mount sinai medical center,mount sinai medical center miami beach,mount sinai medical center miami beach
12086,33143,baptist alliance mci,baptist alliance mci data collection only,baptist alliance mci data collection only
12086,33165,biogenix,biogenix molecular,biogenix molecular
12086,33165,biogenix,biogenix molecular llc,biogenix molecular llc
12086,33165,biogenix molecular,biogenix molecular llc,biogenix molecular llc
12086,33176,baptist hospital of miami,miami cancer institute baptist hospital of miami,miami cancer institute baptist hospital of miami
12086,33176,miami cancer institute,baptist health miami cancer institute,baptist health miami cancer institute
12086,33176,miami cancer institute,miami cancer institute at baptist health,miami cancer institute at baptist health
12086,33176,miami cancer institute,miami cancer institute at baptist health inc,miami cancer institute at baptist health inc
12086,33176,miami cancer institute,miami cancer institute at baptist health kendall,miami cancer institute at baptist health kendall
12086,33176,miami cancer institute,miami cancer institute baptist hospital of miami,miami cancer institute baptist hospital of miami
12086,33176,miami cancer institute at baptist health,miami cancer institute at baptist health inc,miami cancer institute at baptist health inc
12086,33176,miami cancer institute at baptist health,miami cancer institute at baptist health kendall,miami cancer institute at baptist health kendall
12086,33181,university of miami sylvester,university of miami sylvester cancer institute sole mia,university of miami sylvester cancer institute sole mia
12086,33181,university of miami sylvester,university of miami sylvester comprehensive cancer center at sole mia,university of miami sylvester comprehensive cancer center at sole mia
12095,32804,advent health,advent health cancer institute,advent health cancer institute
12095,32804,advent health,advent health hematology and oncology,advent health hematology and oncology
12095,32804,advent health,advent health medical group radiation oncology at central florida,advent health medical group radiation oncology at central florida
12095,32804,advent health,advent health orlando,advent health orlando
12095,32804,advent health,advent health orlando hospital,advent health orlando hospital
12095,32804,advent health orlando,advent health orlando hospital,advent health orlando hospital
12095,32804,adventhealth,adventhealth blood marrow transplant center florida hospital medical group,adventhealth blood marrow transplant center florida hospital medical group
12095,32804,adventhealth,adventhealth cancer institute,adventhealth cancer institute
12095,32804,adventhealth,adventhealth hematology and oncology,adventhealth hematology and oncology
12095,32804,adventhealth,adventhealth medical group blood marrow transplant at orlando,adventhealth medical group blood marrow transplant at orlando
12095,32804,adventhealth,adventhealth medical group oncology and hematology at orlando,adventhealth medical group oncology and hematology at orlando
12095,32804,adventhealth,adventhealth medical group oncology hematology at orlando,adventhealth medical group oncology hematology at orlando
12095,32804,adventhealth,adventhealth orlando adventhealth medical group gynecological oncology,adventhealth orlando adventhealth medical group gynecological oncology
12095,32804,adventhealth,adventhealth orlando adventhealth medical group hematology oncology at orlandoc,adventhealth orlando adventhealth medical group hematology oncology at orlandoc
12095,32804,adventhealth,adventhealth orlando cancer institute,adventhealth orlando cancer institute
12095,32804,adventhealth,adventhealth orlando infusion center,adventhealth orlando infusion center
12095,32806,orlando health,orlando health ambulatory care center,orlando health ambulatory care center
12095,32806,orlando health,orlando health cancer center,orlando health cancer center
12095,32806,orlando health,orlando health cancer institute,orlando health cancer institute
12095,32806,orlando health,orlando health cancer institute gynecologic cancer center orlando,orlando health cancer institute gynecologic cancer center orlando
12095,32806,orlando health,orlando health cancer institute melanoma nsclc,orlando health cancer institute melanoma nsclc
12095,32806,orlando health,orlando health orlando regional medical center,orlando health orlando regional medical center
12095,32806,orlando health,orlando health uf health cancer center,orlando health uf health cancer center
12095,32806,orlando health,orlando health winnie palmer hospital for women and babies,orlando health winnie palmer hospital for women and babies
12095,32806,orlando health cancer institute,orlando health cancer institute gynecologic cancer center orlando,orlando health cancer institute gynecologic cancer center orlando
12095,32806,orlando health cancer institute,orlando health cancer institute melanoma nsclc,orlando health cancer institute melanoma nsclc
12095,32827,florida cancer specialists,florida cancer specialists from sarah canon research institute,florida cancer specialists from sarah canon research institute
12095,32827,florida cancer specialists,florida cancer specialists lake nona,florida cancer specialists lake nona
12095,32827,florida cancer specialists,florida cancer specialists lake nona drug development unit,florida cancer specialists lake nona drug development unit
12095,32827,florida cancer specialists,florida cancer specialists lake nona sarah cannon research institute,florida cancer specialists lake nona sarah cannon research institute
12095,32827,florida cancer specialists,florida cancer specialists research institute,florida cancer specialists research institute
12095,32827,florida cancer specialists,sarah cannon research institute at florida cancer specialists,sarah cannon research institute at florida cancer specialists
12095,32827,florida cancer specialists,sarah cannon research institute at florida cancer specialists lake nona,sarah cannon research institute at florida cancer specialists lake nona
12095,32827,florida cancer specialists,sarah cannon research institute at florida cancer specialists lake nona ddu,sarah cannon research institute at florida cancer specialists lake nona ddu
12095,32827,florida cancer specialists,sarah cannon research institute florida cancer specialists,sarah cannon research institute florida cancer specialists
12095,32827,florida cancer specialists lake nona,florida cancer specialists lake nona drug development unit,florida cancer specialists lake nona drug development unit
12095,32827,florida cancer specialists lake nona,florida cancer specialists lake nona sarah cannon research institute,florida cancer specialists lake nona sarah cannon research institute
12095,32827,florida cancer specialists lake nona,sarah cannon research institute at florida cancer specialists lake nona,sarah cannon research institute at florida cancer specialists lake nona
12095,32827,florida cancer specialists lake nona,sarah cannon research institute at florida cancer specialists lake nona ddu,sarah cannon research institute at florida cancer specialists lake nona ddu
12095,32827,research,florida cancer specialists from sarah canon research institute,florida cancer specialists from sarah canon research institute
12095,32827,research,florida cancer specialists lake nona sarah cannon research institute,florida cancer specialists lake nona sarah cannon research institute
12095,32827,research,florida cancer specialists research institute,florida cancer specialists research institute
12095,32827,research,sara cannon research institute lake nona,sara cannon research institute lake nona
12095,32827,research,sarah cancer research institution florida cancer specialist,sarah cancer research institution florida cancer specialist
12095,32827,research,sarah cannon research institute at florida cancer specialists,sarah cannon research institute at florida cancer specialists
12095,32827,research,sarah cannon research institute at florida cancer specialists lake nona,sarah cannon research institute at florida cancer specialists lake nona
12095,32827,research,sarah cannon research institute at florida cancer specialists lake nona ddu,sarah cannon research institute at florida cancer specialists lake nona ddu
12095,32827,research,sarah cannon research institute florida cancer,sarah cannon research institute florida cancer
12095,32827,research,sarah cannon research institute florida cancer specialists,sarah cannon research institute florida cancer specialists
12095,32827,research,sarah cannon research institute lake nona,sarah cannon research institute lake nona
12095,32827,research,sarah cannon research institute lake nona florida,sarah cannon research institute lake nona florida
12095,32827,sarah cannon research institute at florida cancer specialists,sarah cannon research institute at florida cancer specialists lake nona,sarah cannon research institute at florida cancer specialists lake nona
12095,32827,sarah cannon research institute at florida cancer specialists,sarah cannon research institute at florida cancer specialists lake nona ddu,sarah cannon research institute at florida cancer specialists lake nona ddu
12095,32827,sarah cannon research institute at florida cancer specialists lake nona,sarah cannon research institute at florida cancer specialists lake nona ddu,sarah cannon research institute at florida cancer specialists lake nona ddu
12095,32827,sarah cannon research institute florida cancer,sarah cannon research institute florida cancer specialists,sarah cannon research institute florida cancer specialists
12095,32827,sarah cannon research institute lake nona,sarah cannon research institute lake nona florida,sarah cannon research institute lake nona florida
12097,34747,research,advent health research institute,advent health research institute
12097,34747,research,adventhealth medical group oncology research at celebration,adventhealth medical group oncology research at celebration
12099,33401,florida cancer specialists,florida cancer specialists east,florida cancer specialists east
12099,33401,florida cancer specialists,florida cancer specialists east fcs east west palm beach,florida cancer specialists east fcs east west palm beach
12099,33401,florida cancer specialists,florida cancer specialists research east,florida cancer specialists research east
12099,33401,florida cancer specialists,florida cancer specialists research institute,florida cancer specialists research institute
12099,33401,florida cancer specialists,florida cancer specialists research institute east,florida cancer specialists research institute east
12099,33401,florida cancer specialists,florida cancer specialists west palm beach,florida cancer specialists west palm beach
12099,33401,florida cancer specialists,scri florida cancer specialists west palm beach,scri florida cancer specialists west palm beach
12099,33401,florida cancer specialists,usor florida cancer specialists east,usor florida cancer specialists east
12099,33401,florida cancer specialists east,florida cancer specialists east fcs east west palm beach,florida cancer specialists east fcs east west palm beach
12099,33401,florida cancer specialists east,usor florida cancer specialists east,usor florida cancer specialists east
12099,33401,florida cancer specialists research institute,florida cancer specialists research institute east,florida cancer specialists research institute east
12099,33401,florida cancer specialists west palm beach,scri florida cancer specialists west palm beach,scri florida cancer specialists west palm beach
12099,33458,jupiter medical center,jupiter medical center anderson family cancer institute,jupiter medical center anderson family cancer institute
12099,33486,boca raton regional hospital,boca raton regional hospital brrh lynn cancer institute,boca raton regional hospital brrh lynn cancer institute
12099,33486,boca raton regional hospital,boca raton regional hospital lynn cancer institute,boca raton regional hospital lynn cancer institute
12099,33486,boca raton regional hospital,lynn cancer center at boca raton regional hospital,lynn cancer center at boca raton regional hospital
12101,34655,comprehensive hematology oncology,comprehensive hematology oncology trinity clinic,comprehensive hematology oncology trinity clinic
12103,33701,florida cancer specialists,florida cancer specialists north scri ppds,florida cancer specialists north scri ppds
12103,33701,florida cancer specialists,florida cancer specialists research institute 1,florida cancer specialists research institute 1
12103,33701,florida cancer specialists,florida cancer specialists st petersburg,florida cancer specialists st petersburg
12103,33709,comprehensive hematology oncology,comprehensive hematology oncology llc,comprehensive hematology oncology llc
12103,33744,bay pines va healthcare system,bay pines va healthcare system pay pines fl,bay pines va healthcare system pay pines fl
12103,33756,morton plant hospital,morton plant hospital baycare health system,morton plant hospital baycare health system
12103,33771,advanced urology institute,advanced urology institute llc,advanced urology institute llc
12103,33771,advanced urology institute,advanced urology institute pinellas,advanced urology institute pinellas
12103,33771,advanced urology institute,advanced urology institute solaris,advanced urology institute solaris
12105,33812,the oncology institute,the oncology institute of hope innovation lakeland,the oncology institute of hope innovation lakeland
12109,32086,cancer specialists of north florida,cancer specialists of north florida st augustine,cancer specialists of north florida st augustine
12115,34232,florida cancer specialist,florida cancer specialists,florida cancer specialists
12115,34232,florida cancer specialist,florida cancer specialists research institute,florida cancer specialists research institute
12115,34232,florida cancer specialist,florida cancer specialists research institute fcs sarasota,florida cancer specialists research institute fcs sarasota
12115,34232,florida cancer specialist,florida cancer specialists sarah cannon research institute scri,florida cancer specialists sarah cannon research institute scri
12115,34232,florida cancer specialist,florida cancer specialists sarasota drug development unit,florida cancer specialists sarasota drug development unit
12115,34232,florida cancer specialist,florida cancer specialists sarasota north catttlemen rd,florida cancer specialists sarasota north catttlemen rd
12115,34232,florida cancer specialist,scri florida cancer specialists,scri florida cancer specialists
12115,34232,florida cancer specialist,scri florida cancer specialists sarasota,scri florida cancer specialists sarasota
12115,34232,florida cancer specialists,florida cancer specialists research institute,florida cancer specialists research institute
12115,34232,florida cancer specialists,florida cancer specialists research institute fcs sarasota,florida cancer specialists research institute fcs sarasota
12115,34232,florida cancer specialists,florida cancer specialists sarah cannon research institute scri,florida cancer specialists sarah cannon research institute scri
12115,34232,florida cancer specialists,florida cancer specialists sarasota drug development unit,florida cancer specialists sarasota drug development unit
12115,34232,florida cancer specialists,florida cancer specialists sarasota north catttlemen rd,florida cancer specialists sarasota north catttlemen rd
12115,34232,florida cancer specialists,scri florida cancer specialists,scri florida cancer specialists
12115,34232,florida cancer specialists,scri florida cancer specialists sarasota,scri florida cancer specialists sarasota
12115,34232,florida cancer specialists research institute,florida cancer specialists research institute fcs sarasota,florida cancer specialists research institute fcs sarasota
12115,34232,sarah cannon research institute,florida cancer specialists sarah cannon research institute scri,florida cancer specialists sarah cannon research institute scri
12115,34232,scri florida cancer specialists,scri florida cancer specialists sarasota,scri florida cancer specialists sarasota
12115,34239,first physicians group,first physicians group sarasota,first physicians group sarasota
12115,34239,first physicians group,first physicians group silverstein institute at floyd street,first physicians group silverstein institute at floyd street
12115,34239,first physicians group,first physicians group urology robotic and minimally invasive surgery,first physicians group urology robotic and minimally invasive surgery
12115,34239,sarasota memorial hospital,florida cancer specialists sarasota memorial hospital sad,florida cancer specialists sarasota memorial hospital sad
12117,32701,adventhealth,adventhealth altamonte,adventhealth altamonte
12117,32701,adventhealth,adventhealth altamonte springs,adventhealth altamonte springs
12117,32701,adventhealth,adventhealth medical group oncology and hematology at altamonte,adventhealth medical group oncology and hematology at altamonte
12117,32701,adventhealth altamonte,adventhealth altamonte springs,adventhealth altamonte springs
12117,32746,florida cancer specialist,florida cancer specialists,florida cancer specialists
12117,32746,florida cancer specialist,florida cancer specialists lake mary,florida cancer specialists lake mary
12117,32746,florida cancer specialists,florida cancer specialists lake mary,florida cancer specialists lake mary
12127,32117,florida cancer specialists,florida cancer specialists east,florida cancer specialists east
12127,32763,mid florida hematology and oncology center,mid florida hematology and oncology centers,mid florida hematology and oncology centers
13051,31405,lewis cancer and research pavilion,lewis cancer and research pavilion at saint joseph s candler,lewis cancer and research pavilion at saint joseph s candler
13051,31405,lewis cancer research pavilion,gynecologic oncology and surgical specialists at the lewis cancer research pavilion,gynecologic oncology and surgical specialists at the lewis cancer research pavilion
13051,31405,lewis cancer research pavilion,lewis cancer research pavilion at the melanoma skin cancer sarcoma institute,lewis cancer research pavilion at the melanoma skin cancer sarcoma institute
13051,31405,lewis cancer research pavilion,nancy n and jc lewis cancer research pavilion st joseph s candler,nancy n and jc lewis cancer research pavilion st joseph s candler
13051,31405,st joseph,nancy n and jc lewis cancer research pavilion st joseph s candler,nancy n and jc lewis cancer research pavilion st joseph s candler
13051,31405,st joseph,nancy n j c lewis cancer research pavillion st josephs candler health system,nancy n j c lewis cancer research pavillion st josephs candler health system
13051,31405,st joseph,st joseph s candler health system,st joseph s candler health system
13051,31405,summit cancer care,summit cancer care pc,summit cancer care pc
13067,30060,northwest georgia oncology centers,northwest georgia oncology centers a service of wellstar cobb hospital,northwest georgia oncology centers a service of wellstar cobb hospital
13067,30060,northwest georgia oncology centers,northwest georgia oncology centers pc,northwest georgia oncology centers pc
13067,30060,northwest georgia oncology centers,northwest georgia oncology centers pc marietta,northwest georgia oncology centers pc marietta
13067,30060,northwest georgia oncology centers,northwest georgia oncology centers wellstar marietta,northwest georgia oncology centers wellstar marietta
13067,30060,northwest georgia oncology centers pc,northwest georgia oncology centers pc marietta,northwest georgia oncology centers pc marietta
13077,30265,city of hope atlanta,city of hope atlanta cancer center,city of hope atlanta cancer center
13077,30265,city of hope atlanta,southeastern regional medical center inc dba city of hope atlanta,southeastern regional medical center inc dba city of hope atlanta
13077,30265,city of hope cancer center,city of hope cancer center atlanta,city of hope cancer center atlanta
13077,30265,southeastern regional medical center,ctca at southeastern regional medical center,ctca at southeastern regional medical center
13077,30265,southeastern regional medical center,southeastern regional medical center inc dba city of hope atlanta,southeastern regional medical center inc dba city of hope atlanta
13089,30033,emory decatur hospital,emory winship cancer inst emory decatur hospital,emory winship cancer inst emory decatur hospital
13089,30322,children s healthcare of atlanta,children s healthcare of atlanta data collection and specimen analysis,children s healthcare of atlanta data collection and specimen analysis
13089,30322,children s healthcare of atlanta,emory university children s healthcare of atlanta,emory university children s healthcare of atlanta
13089,30322,emory university,emory university children s healthcare of atlanta,emory university children s healthcare of atlanta
13089,30322,emory university,emory university data collection only,emory university data collection only
13089,30322,emory university,emory university hospital,emory university hospital
13089,30322,emory university,emory university hospital winship cancer institute,emory university hospital winship cancer institute
13089,30322,emory university,emory university school of medicine,emory university school of medicine
13089,30322,emory university,emory university school of medicine phase i,emory university school of medicine phase i
13089,30322,emory university,emory university winship cancer center,emory university winship cancer center
13089,30322,emory university,emory university winship cancer institute,emory university winship cancer institute
13089,30322,emory university,investigational drug service emory university clinic,investigational drug service emory university clinic
13089,30322,emory university,the winship cancer institute emory university,the winship cancer institute emory university
13089,30322,emory university,the winship cancer institute of emory university,the winship cancer institute of emory university
13089,30322,emory university,winship cancer center emory university,winship cancer center emory university
13089,30322,emory university,winship cancer institute at emory university,winship cancer institute at emory university
13089,30322,emory university,winship cancer institute emory university,winship cancer institute emory university
13089,30322,emory university,winship cancer institute of emory university,winship cancer institute of emory university
13089,30322,emory university,winshop cancer institute emory university,winshop cancer institute emory university
13089,30322,emory university hospital,emory university hospital winship cancer institute,emory university hospital winship cancer institute
13089,30322,emory university school of medicine,emory university school of medicine phase i,emory university school of medicine phase i
13089,30322,emory winship,emory winship cancer inst,emory winship cancer inst
13089,30322,emory winship,emory winship cancer institute,emory winship cancer institute
13089,30322,emory winship,university of emory winship cancer institute,university of emory winship cancer institute
13089,30322,emory winship cancer inst,emory winship cancer institute,emory winship cancer institute
13089,30322,emory winship cancer inst,university of emory winship cancer institute,university of emory winship cancer institute
13089,30322,emory winship cancer institute,university of emory winship cancer institute,university of emory winship cancer institute
13089,30322,research,research site,research site
13089,30322,winship cancer institute,emory university hospital winship cancer institute,emory university hospital winship cancer institute
13089,30322,winship cancer institute,emory university winship cancer institute,emory university winship cancer institute
13089,30322,winship cancer institute,emory winship cancer institute,emory winship cancer institute
13089,30322,winship cancer institute,the winship cancer institute emory university,the winship cancer institute emory university
13089,30322,winship cancer institute,the winship cancer institute of emory university,the winship cancer institute of emory university
13089,30322,winship cancer institute,university of emory winship cancer institute,university of emory winship cancer institute
13089,30322,winship cancer institute,winship cancer institute at emory,winship cancer institute at emory
13089,30322,winship cancer institute,winship cancer institute at emory university,winship cancer institute at emory university
13089,30322,winship cancer institute,winship cancer institute emory university,winship cancer institute emory university
13089,30322,winship cancer institute,winship cancer institute of emory university,winship cancer institute of emory university
13089,30322,winship cancer institute at emory,winship cancer institute at emory university,winship cancer institute at emory university
13089,30322,winship cancer institute emory university,the winship cancer institute emory university,the winship cancer institute emory university
13089,30322,winship cancer institute of emory university,the winship cancer institute of emory university,the winship cancer institute of emory university
13121,30303,grady health system,grady health system correll pavilion,grady health system correll pavilion
13121,30308,emory university,emory university hospital midtown,emory university hospital midtown
13121,30308,emory university,emory university school of medicine,emory university school of medicine
13121,30308,emory university,winship cancer institute emory university,winship cancer institute emory university
13121,30308,emory university,winship cancer institute of emory university,winship cancer institute of emory university
13121,30308,emory winship cancer inst,emory winship cancer institute,emory winship cancer institute
13121,30318,piedmont cancer institute,piedmont cancer institute oneoncology,piedmont cancer institute oneoncology
13121,30318,piedmont cancer institute,piedmont cancer institute pc,piedmont cancer institute pc
13121,30318,piedmont healthcare,piedmont healthcare atlanta,piedmont healthcare atlanta
13121,30318,piedmont healthcare,piedmont healthcare inc,piedmont healthcare inc
13121,30318,piedmont healthcare,piedmont healthcare piedmont physicians medical oncology atlanta,piedmont healthcare piedmont physicians medical oncology atlanta
13121,30318,research,piedmont oncology research,piedmont oncology research
13121,30318,research,research site,research site
13121,30342,northside hospital,atlanta cancer care northside hospital,atlanta cancer care northside hospital
13121,30342,northside hospital,northside hospital atlanta,northside hospital atlanta
13121,30342,northside hospital,northside hospital cancer institute,northside hospital cancer institute
13157,30607,university cancer and blood cent,university cancer and blood center,university cancer and blood center
13157,30607,university cancer and blood cent,university cancer and blood center llc,university cancer and blood center llc
13157,30607,university cancer and blood center,university cancer and blood center llc,university cancer and blood center llc
13157,30607,university cancer blood center,university cancer blood center llc,university cancer blood center llc
13157,30607,university cancer blood center,university cancer blood center ucbc athens,university cancer blood center ucbc athens
13185,31602,pearlman cancer center,south georgia medical center pearlman cancer center,south georgia medical center pearlman cancer center
13245,30912,augusta university,augusta university georgia cancer center,augusta university georgia cancer center
13245,30912,augusta university,augusta university medical center,augusta university medical center
13245,30912,augusta university,georgia cancer center at augusta university,georgia cancer center at augusta university
13245,30912,augusta university,georgia cancer center augusta university,georgia cancer center augusta university
13245,30912,augusta university,georgian cancer center at augusta university,georgian cancer center at augusta university
13245,30912,georgia cancer center,augusta university georgia cancer center,augusta university georgia cancer center
13245,30912,georgia cancer center,georgia cancer center at augusta university,georgia cancer center at augusta university
13245,30912,georgia cancer center,georgia cancer center augusta university,georgia cancer center augusta university
13275,31792,lewis hall singletary oncology center,archbold memorial hospital lewis hall singletary oncology center,archbold memorial hospital lewis hall singletary oncology center
15003,96813,queen s medical center,the queen s medical center,the queen s medical center
15003,96813,queen s medical center,the queen s medical center pob i,the queen s medical center pob i
15003,96813,queen s medical center,the queen s medical center punchbowl,the queen s medical center punchbowl
15003,96813,the queen s medical center,the queen s medical center pob i,the queen s medical center pob i
15003,96813,the queen s medical center,the queen s medical center punchbowl,the queen s medical center punchbowl
16001,83712,st luke s cancer institute,st luke s cancer institute boise,st luke s cancer institute boise
16055,83814,kootenai health,kootenai health coeur d alene,kootenai health coeur d alene
17019,61801,carle cancer center,carle cancer center nci community oncology research program,carle cancer center nci community oncology research program
17019,61801,carle cancer center,carle foundation hospital d b a carle cancer center,carle foundation hospital d b a carle cancer center
17019,61801,carle foundation hospital,carle foundation hospital d b a carle cancer center,carle foundation hospital d b a carle cancer center
17019,61801,carle foundation hospital,the carle foundation hospital,the carle foundation hospital
17031,60005,illinois cancer specialists,illinois cancer specialists ics,illinois cancer specialists ics
17031,60077,orchard healthcare research,orchard healthcare research inc,orchard healthcare research inc
17031,60153,loyola university,loyola university medical center,loyola university medical center
17031,60153,loyola university,loyola university medical center adults and pediatrics,loyola university medical center adults and pediatrics
17031,60153,loyola university medical center,loyola university medical center adults and pediatrics,loyola university medical center adults and pediatrics
17031,60201,northshore university healthsystem,northshore university healthsystem evanston hospital,northshore university healthsystem evanston hospital
17031,60415,associated urological specialists,associated urological specialists chicago ridge,associated urological specialists chicago ridge
17031,60611,ann robert h lurie children s hospital of chicag,ann robert h lurie children s hospital of chicago,ann robert h lurie children s hospital of chicago
17031,60611,ann robert h lurie children s hospital of chicag,ann robert h lurie children s hospital of chicago adults and pediatrics,ann robert h lurie children s hospital of chicago adults and pediatrics
17031,60611,ann robert h lurie children s hospital of chicago,ann robert h lurie children s hospital of chicago adults and pediatrics,ann robert h lurie children s hospital of chicago adults and pediatrics
17031,60611,northwestern,northwestern medicine,northwestern medicine
17031,60611,northwestern,northwestern medicine cancer center,northwestern medicine cancer center
17031,60611,northwestern,northwestern medicine northwestern memorial hospital galter pavilion,northwestern medicine northwestern memorial hospital galter pavilion
17031,60611,northwestern,northwestern memorial hospital,northwestern memorial hospital
17031,60611,northwestern,northwestern univerity,northwestern univerity
17031,60611,northwestern,northwestern university,northwestern university
17031,60611,northwestern,northwestern university department of dermatology,northwestern university department of dermatology
17031,60611,northwestern,northwestern university feinberg school of medicine,northwestern university feinberg school of medicine
17031,60611,northwestern,northwestern university northwestern memorial hospital,northwestern university northwestern memorial hospital
17031,60611,northwestern,northwestern university robert h lurie comprehensive cancer center,northwestern university robert h lurie comprehensive cancer center
17031,60611,northwestern,northwestern university robert h lurie comprehensive cancer center nmdti,northwestern university robert h lurie comprehensive cancer center nmdti
17031,60611,northwestern,robert h lurie comprehensive cancer center northwestern university,robert h lurie comprehensive cancer center northwestern university
17031,60611,northwestern,robert h lurie comprehensive cancer center of northwestern university,robert h lurie comprehensive cancer center of northwestern university
17031,60611,northwestern medicine,northwestern medicine cancer center,northwestern medicine cancer center
17031,60611,northwestern medicine,northwestern medicine northwestern memorial hospital galter pavilion,northwestern medicine northwestern memorial hospital galter pavilion
17031,60611,northwestern memorial hospital,northwestern medicine northwestern memorial hospital galter pavilion,northwestern medicine northwestern memorial hospital galter pavilion
17031,60611,northwestern memorial hospital,northwestern university northwestern memorial hospital,northwestern university northwestern memorial hospital
17031,60611,northwestern university,northwestern university department of dermatology,northwestern university department of dermatology
17031,60611,northwestern university,northwestern university feinberg school of medicine,northwestern university feinberg school of medicine
17031,60611,northwestern university,northwestern university northwestern memorial hospital,northwestern university northwestern memorial hospital
17031,60611,northwestern university,northwestern university robert h lurie comprehensive cancer center,northwestern university robert h lurie comprehensive cancer center
17031,60611,northwestern university,northwestern university robert h lurie comprehensive cancer center nmdti,northwestern university robert h lurie comprehensive cancer center nmdti
17031,60611,northwestern university,robert h lurie comprehensive cancer center northwestern university,robert h lurie comprehensive cancer center northwestern university
17031,60611,northwestern university,robert h lurie comprehensive cancer center of northwestern university,robert h lurie comprehensive cancer center of northwestern university
17031,60611,northwestern university robert h lurie comprehensive cancer center,northwestern university robert h lurie comprehensive cancer center nmdti,northwestern university robert h lurie comprehensive cancer center nmdti
17031,60611,robert h lurie comprehensive cancer center,north western university robert h lurie comprehensive cancer center rhlccc,north western university robert h lurie comprehensive cancer center rhlccc
17031,60611,robert h lurie comprehensive cancer center,northwestern university robert h lurie comprehensive cancer center,northwestern university robert h lurie comprehensive cancer center
17031,60611,robert h lurie comprehensive cancer center,northwestern university robert h lurie comprehensive cancer center nmdti,northwestern university robert h lurie comprehensive cancer center nmdti
17031,60611,robert h lurie comprehensive cancer center,robert h lurie comprehensive cancer center northwestern university,robert h lurie comprehensive cancer center northwestern university
17031,60611,robert h lurie comprehensive cancer center,robert h lurie comprehensive cancer center of northwestern university,robert h lurie comprehensive cancer center of northwestern university
17031,60612,university of illinois,university of illinois at chicago,university of illinois at chicago
17031,60612,university of illinois,university of illinois at chicago cancer center,university of illinois at chicago cancer center
17031,60612,university of illinois,university of illinois at chicago mbccop,university of illinois at chicago mbccop
17031,60612,university of illinois,university of illinois at chicago university of illinois cancer center,university of illinois at chicago university of illinois cancer center
17031,60612,university of illinois,university of illinois cancer center,university of illinois cancer center
17031,60612,university of illinois,university of illinois chicago,university of illinois chicago
17031,60612,university of illinois,university of illinois college of medicine uic cancer center,university of illinois college of medicine uic cancer center
17031,60612,university of illinois,university of illinois hospital and health sciences system outpatient cancer center,university of illinois hospital and health sciences system outpatient cancer center
17031,60612,university of illinois,university of illinois hospital and health sciences systems,university of illinois hospital and health sciences systems
17031,60612,university of illinois,university of illinois hospital health sciences system,university of illinois hospital health sciences system
17031,60612,university of illinois,university of illinois hospital outpatient cancer care center,university of illinois hospital outpatient cancer care center
17031,60612,university of illinois,university of illinois medical center,university of illinois medical center
17031,60612,university of illinois,university of illinois medical center at chicago,university of illinois medical center at chicago
17031,60612,university of illinois at chicago,university of illinois at chicago cancer center,university of illinois at chicago cancer center
17031,60612,university of illinois at chicago,university of illinois at chicago mbccop,university of illinois at chicago mbccop
17031,60612,university of illinois at chicago,university of illinois at chicago university of illinois cancer center,university of illinois at chicago university of illinois cancer center
17031,60612,university of illinois cancer center,university of illinois at chicago university of illinois cancer center,university of illinois at chicago university of illinois cancer center
17031,60612,university of illinois medical center,university of illinois medical center at chicago,university of illinois medical center at chicago
17031,60637,the university of chicago,the university of chicago biological sciences division university of chicago medical center,the university of chicago biological sciences division university of chicago medical center
17031,60637,the university of chicago,the university of chicago comprehensive cancer center,the university of chicago comprehensive cancer center
17031,60637,the university of chicago,the university of chicago medical center,the university of chicago medical center
17031,60637,the university of chicago,the university of chicago medical center duchossois center for advanced medicine,the university of chicago medical center duchossois center for advanced medicine
17031,60637,the university of chicago,the university of chicago medical center oncology,the university of chicago medical center oncology
17031,60637,the university of chicago,the university of chicago medical center ucmc,the university of chicago medical center ucmc
17031,60637,the university of chicago,the university of chicago medicine,the university of chicago medicine
17031,60637,the university of chicago,the university of chicago medicine comprehensive cancer center,the university of chicago medicine comprehensive cancer center
17031,60637,the university of chicago medical center,the university of chicago medical center duchossois center for advanced medicine,the university of chicago medical center duchossois center for advanced medicine
17031,60637,the university of chicago medical center,the university of chicago medical center oncology,the university of chicago medical center oncology
17031,60637,the university of chicago medical center,the university of chicago medical center ucmc,the university of chicago medical center ucmc
17031,60637,the university of chicago medicine,the university of chicago medicine comprehensive cancer center,the university of chicago medicine comprehensive cancer center
17031,60637,uchicago medicine,uchicago medicine comprehensive cancer center,uchicago medicine comprehensive cancer center
17031,60637,university of chicago,012 university of chicago,012 university of chicago
17031,60637,university of chicago,o university of chicago medicine comprehensive cancer center,o university of chicago medicine comprehensive cancer center
17031,60637,university of chicago,the university of chicago,the university of chicago
17031,60637,university of chicago,the university of chicago biological sciences division university of chicago medical center,the university of chicago biological sciences division university of chicago medical center
17031,60637,university of chicago,the university of chicago comprehensive cancer center,the university of chicago comprehensive cancer center
17031,60637,university of chicago,the university of chicago medical center,the university of chicago medical center
17031,60637,university of chicago,the university of chicago medical center duchossois center for advanced medicine,the university of chicago medical center duchossois center for advanced medicine
17031,60637,university of chicago,the university of chicago medical center oncology,the university of chicago medical center oncology
17031,60637,university of chicago,the university of chicago medical center ucmc,the university of chicago medical center ucmc
17031,60637,university of chicago,the university of chicago medicine,the university of chicago medicine
17031,60637,university of chicago,the university of chicago medicine comprehensive cancer center,the university of chicago medicine comprehensive cancer center
17031,60637,university of chicago,university of chicago cancer research center,university of chicago cancer research center
17031,60637,university of chicago,university of chicago comprehensive cancer center,university of chicago comprehensive cancer center
17031,60637,university of chicago,university of chicago data collection only,university of chicago data collection only
17031,60637,university of chicago,university of chicago hospital,university of chicago hospital
17031,60637,university of chicago,university of chicago medical center,university of chicago medical center
17031,60637,university of chicago,university of chicago medicine,university of chicago medicine
17031,60637,university of chicago,university of chicago medicine comprehensive cancer center,university of chicago medicine comprehensive cancer center
17031,60637,university of chicago comprehensive cancer center,the university of chicago comprehensive cancer center,the university of chicago comprehensive cancer center
17031,60637,university of chicago medical center,the university of chicago biological sciences division university of chicago medical center,the university of chicago biological sciences division university of chicago medical center
17031,60637,university of chicago medical center,the university of chicago medical center,the university of chicago medical center
17031,60637,university of chicago medical center,the university of chicago medical center duchossois center for advanced medicine,the university of chicago medical center duchossois center for advanced medicine
17031,60637,university of chicago medical center,the university of chicago medical center oncology,the university of chicago medical center oncology
17031,60637,university of chicago medical center,the university of chicago medical center ucmc,the university of chicago medical center ucmc
17031,60637,university of chicago medicine,o university of chicago medicine comprehensive cancer center,o university of chicago medicine comprehensive cancer center
17031,60637,university of chicago medicine,the university of chicago medicine,the university of chicago medicine
17031,60637,university of chicago medicine,the university of chicago medicine comprehensive cancer center,the university of chicago medicine comprehensive cancer center
17031,60637,university of chicago medicine,university of chicago medicine comprehensive cancer center,university of chicago medicine comprehensive cancer center
17031,60637,university of chicago medicine comprehensive cancer center,o university of chicago medicine comprehensive cancer center,o university of chicago medicine comprehensive cancer center
17031,60637,university of chicago medicine comprehensive cancer center,the university of chicago medicine comprehensive cancer center,the university of chicago medicine comprehensive cancer center
17037,60115,northwestern medicine kishwaukee,northwestern medicine kishwaukee hospital,northwestern medicine kishwaukee hospital
17043,60521,hope and healing clinical research,hope and healing clinical research llc,hope and healing clinical research llc
17043,60532,accellacare,accellacare of duly,accellacare of duly
17043,60532,duly health,duly health and care,duly health and care
17043,60532,duly health,duly health and care bone scintigraphy,duly health and care bone scintigraphy
17043,60532,duly health,duly health and care chicago,duly health and care chicago
17043,60532,duly health,duly health and care lisle,duly health and care lisle
17043,60532,duly health and care,duly health and care bone scintigraphy,duly health and care bone scintigraphy
17043,60532,duly health and care,duly health and care chicago,duly health and care chicago
17043,60532,duly health and care,duly health and care lisle,duly health and care lisle
17043,60540,edward hospital,edward hospital cancer center,edward hospital cancer center
17089,60134,northwestern medicine delnor,northwestern medicine delnor hospital,northwestern medicine delnor hospital
17097,60099,city of hope,city of hope at chicago,city of hope at chicago
17097,60099,city of hope,city of hope cancer center chicago,city of hope cancer center chicago
17097,60099,city of hope,city of hope chicago,city of hope chicago
17097,60099,city of hope,city of hope chicago cancer center,city of hope chicago cancer center
17097,60099,city of hope,city of hope chicago city of hope cancer center chicago,city of hope chicago city of hope cancer center chicago
17097,60099,city of hope,midwestern regional medical center city of hope chicago,midwestern regional medical center city of hope chicago
17097,60099,city of hope,midwestern regional medical center dba city of hope chicago,midwestern regional medical center dba city of hope chicago
17097,60099,city of hope,midwestern regional medical center inc dba city of hope chicago,midwestern regional medical center inc dba city of hope chicago
17097,60099,city of hope cancer center chicago,city of hope chicago city of hope cancer center chicago,city of hope chicago city of hope cancer center chicago
17097,60099,city of hope chicago,city of hope chicago cancer center,city of hope chicago cancer center
17097,60099,city of hope chicago,city of hope chicago city of hope cancer center chicago,city of hope chicago city of hope cancer center chicago
17097,60099,city of hope chicago,midwestern regional medical center city of hope chicago,midwestern regional medical center city of hope chicago
17097,60099,city of hope chicago,midwestern regional medical center dba city of hope chicago,midwestern regional medical center dba city of hope chicago
17097,60099,city of hope chicago,midwestern regional medical center inc dba city of hope chicago,midwestern regional medical center inc dba city of hope chicago
17097,60099,coh chicago,midwestern reg mc coh chicago,midwestern reg mc coh chicago
17097,60099,midwestern regional medical center,midwestern regional medical center city of hope chicago,midwestern regional medical center city of hope chicago
17097,60099,midwestern regional medical center,midwestern regional medical center dba city of hope chicago,midwestern regional medical center dba city of hope chicago
17097,60099,midwestern regional medical center,midwestern regional medical center inc dba city of hope chicago,midwestern regional medical center inc dba city of hope chicago
17099,61354,illinois cancercare peru,illinois cancercare peru valley regional cancer center,illinois cancercare peru valley regional cancer center
17113,61701,saint joseph medical center,osf saint joseph medical center,osf saint joseph medical center
17115,62526,cancer care specialists,cancer care specialists of central illinois,cancer care specialists of central illinois
17115,62526,cancer care specialists,cancer care specialists of illinois,cancer care specialists of illinois
17115,62526,cancer care specialists,cancer care specialists of illinois decatur,cancer care specialists of illinois decatur
17115,62526,cancer care specialists of illinois,cancer care specialists of illinois decatur,cancer care specialists of illinois decatur
17119,62002,saint anthony s health,osf saint anthony s health center,osf saint anthony s health center
17143,61615,illinois cancercare,illinois cancercare p c,illinois cancercare p c
17143,61615,illinois cancercare,illinois cancercare pc,illinois cancercare pc
17143,61615,illinois cancercare,illinois cancercare peoria,illinois cancercare peoria
17163,62269,cancer care center of o fallon,cancer care specialists of illinois cancer care center of o fallon,cancer care specialists of illinois cancer care center of o fallon
17163,62269,cancer care specialists of illinois,cancer care specialists of illinois cancer care center of o fallon,cancer care specialists of illinois cancer care center of o fallon
17163,62269,memorial hospital,memorial hospital east,memorial hospital east
17167,62702,southern illinois university,southern illinois university school of medicine,southern illinois university school of medicine
17167,62702,southern illinois university,southern illinois university simmons,southern illinois university simmons
17167,62702,southern illinois university,southern illinois university simmons cancer institute,southern illinois university simmons cancer institute
17167,62702,southern illinois university simmons,southern illinois university simmons cancer institute,southern illinois university simmons cancer institute
17167,62702,springfield clinic,springfield clinic first,springfield clinic first
17167,62702,springfield clinic,springfield clinic radiology 800 building,springfield clinic radiology 800 building
17167,62702,springfield clinic,springfield clinic the cancer center,springfield clinic the cancer center
17167,62702,springfield clinic,springfield clinic urgent care plus,springfield clinic urgent care plus
17197,60451,hope and healing clinical research,hope and healing clinical research llc new lenox research department,hope and healing clinical research llc new lenox research department
17197,60451,university of chicago,university of chicago comprehensive cancer center at silver cross hospital,university of chicago comprehensive cancer center at silver cross hospital
18003,46804,fort wayne medical oncology and hematology,fort wayne medical oncology and hematology inc,fort wayne medical oncology and hematology inc
18003,46845,parkview regional medical center,parkview research center at parkview regional medical center,parkview research center at parkview regional medical center
18003,46845,parkview research center,parkview research center at parkview regional medical center,parkview research center at parkview regional medical center
18019,47130,first urology,first urology psc,first urology psc
18019,47130,first urology,first urology research jeffersonville,first urology research jeffersonville
18057,46032,urology of indiana,urology of indiana carmel,urology of indiana carmel
18057,46062,investigative clinical research of indiana,investigative clinical research of indiana llc,investigative clinical research of indiana llc
18081,46143,urology of indiana,016 urology of indiana,016 urology of indiana
18081,46143,urology of indiana,urology of indiana llc,urology of indiana llc
18081,46143,urology of indiana,urology of indiana llc us urology partners,urology of indiana llc us urology partners
18081,46143,urology of indiana llc,urology of indiana llc us urology partners,urology of indiana llc us urology partners
18089,46311,northwest cancer center,northwest cancer center dyer clinic,northwest cancer center dyer clinic
18089,46311,northwest cancer center,northwest cancer centers,northwest cancer centers
18089,46311,northwest cancer center,northwest cancer centers p c,northwest cancer centers p c
18089,46311,northwest cancer center,northwest cancer centers pc,northwest cancer centers pc
18089,46311,northwest cancer centers,northwest cancer centers p c,northwest cancer centers p c
18089,46311,northwest cancer centers,northwest cancer centers pc,northwest cancer centers pc
18089,46321,franciscan health,franciscan health munster,franciscan health munster
18089,46410,urologic specialists of northwest indiana,urologic specialists of northwest indiana solaris,urologic specialists of northwest indiana solaris
18097,46202,indiana university,indiana university and comprehensive cancer center,indiana university and comprehensive cancer center
18097,46202,indiana university,indiana university data collection only,indiana university data collection only
18097,46202,indiana university,indiana university health,indiana university health
18097,46202,indiana university,indiana university health indiana university melvin and bren simon comprehensive cancer center,indiana university health indiana university melvin and bren simon comprehensive cancer center
18097,46202,indiana university,indiana university health melvin and bren simon cancer center,indiana university health melvin and bren simon cancer center
18097,46202,indiana university,indiana university health melvin and bren simon comprehensive cancer center,indiana university health melvin and bren simon comprehensive cancer center
18097,46202,indiana university,indiana university health simon cancer center,indiana university health simon cancer center
18097,46202,indiana university,indiana university health university hospital,indiana university health university hospital
18097,46202,indiana university,indiana university iu health multi d oncology clinic,indiana university iu health multi d oncology clinic
18097,46202,indiana university,indiana university iu melvin and bren simon cancer center,indiana university iu melvin and bren simon cancer center
18097,46202,indiana university,indiana university iu school of medicine,indiana university iu school of medicine
18097,46202,indiana university,indiana university melvin and bren simon cancer center,indiana university melvin and bren simon cancer center
18097,46202,indiana university,indiana university melvin and bren simon comprehensive cancer center,indiana university melvin and bren simon comprehensive cancer center
18097,46202,indiana university,indiana university melvin and bren simon comprehensive cancer center iusccc,indiana university melvin and bren simon comprehensive cancer center iusccc
18097,46202,indiana university,indiana university melvin bren simon cancer center,indiana university melvin bren simon cancer center
18097,46202,indiana university,indiana university melvin bren simon comprehensive cancer center,indiana university melvin bren simon comprehensive cancer center
18097,46202,indiana university,indiana university simon cancer center,indiana university simon cancer center
18097,46202,indiana university,indiana university simon comprehensive cancer center,indiana university simon comprehensive cancer center
18097,46202,indiana university,riley hospital for children at indiana university health,riley hospital for children at indiana university health
18097,46202,indiana university health,indiana university health indiana university melvin and bren simon comprehensive cancer center,indiana university health indiana university melvin and bren simon comprehensive cancer center
18097,46202,indiana university health,indiana university health melvin and bren simon cancer center,indiana university health melvin and bren simon cancer center
18097,46202,indiana university health,indiana university health melvin and bren simon comprehensive cancer center,indiana university health melvin and bren simon comprehensive cancer center
18097,46202,indiana university health,indiana university health simon cancer center,indiana university health simon cancer center
18097,46202,indiana university health,indiana university health university hospital,indiana university health university hospital
18097,46202,indiana university health,riley hospital for children at indiana university health,riley hospital for children at indiana university health
18097,46202,indiana university melvin and bren simon comprehensive cancer center,indiana university health indiana university melvin and bren simon comprehensive cancer center,indiana university health indiana university melvin and bren simon comprehensive cancer center
18097,46202,indiana university melvin and bren simon comprehensive cancer center,indiana university melvin and bren simon comprehensive cancer center iusccc,indiana university melvin and bren simon comprehensive cancer center iusccc
18097,46202,riley hospital for children,riley hospital for children at indiana university health,riley hospital for children at indiana university health
18097,46219,community md anderson cancer center east,community md anderson cancer center east medical oncology,community md anderson cancer center east medical oncology
18097,46237,franciscan health,franciscan health indianapolis,franciscan health indianapolis
18097,46237,franciscan health,franciscan health oncology and hematology specialists,franciscan health oncology and hematology specialists
18097,46237,indiana blood and marrow transplantation,st francis hospital health centers indiana blood and marrow transplantation,st francis hospital health centers indiana blood and marrow transplantation
18097,46250,community health network,community health network inc,community health network inc
18097,46250,community health network,community health network investigational drug services,community health network investigational drug services
18097,46250,community health network,community health network md anderson,community health network md anderson
18097,46250,community health network,community health network md anderson cancer center north,community health network md anderson cancer center north
18097,46250,community health network,community health network the university of texas md anderson cancer center,community health network the university of texas md anderson cancer center
18097,46250,community health network md anderson,community health network md anderson cancer center north,community health network md anderson cancer center north
18097,46260,hematology oncology of indiana,hematology oncology of indiana p c,hematology oncology of indiana p c
19049,50263,mission cancer and blood,ui health care mission cancer and blood waukee clinic,ui health care mission cancer and blood waukee clinic
19049,50263,mission cancer blood,mission cancer blood university of iowa health care,mission cancer blood university of iowa health care
19049,50263,mission cancer blood,university of iowa health care mission cancer blood,university of iowa health care mission cancer blood
19049,50263,university of iowa health care,mission cancer blood university of iowa health care,mission cancer blood university of iowa health care
19049,50263,university of iowa health care,university of iowa health care mission cancer blood,university of iowa health care mission cancer blood
19103,52242,holden comprehensive cancer center,holden comprehensive cancer center at the university of iowa,holden comprehensive cancer center at the university of iowa
19103,52242,holden comprehensive cancer center,holden comprehensive cancer center university of iowa,holden comprehensive cancer center university of iowa
19103,52242,holden comprehensive cancer center,holden comprehensive cancer center university of iowa hospitals and clinics,holden comprehensive cancer center university of iowa hospitals and clinics
19103,52242,holden comprehensive cancer center,iowa holden comprehensive cancer center,iowa holden comprehensive cancer center
19103,52242,holden comprehensive cancer center,university of iowa health care holden comprehensive cancer center,university of iowa health care holden comprehensive cancer center
19103,52242,holden comprehensive cancer center,university of iowa holden comprehensive cancer center,university of iowa holden comprehensive cancer center
19103,52242,holden comprehensive cancer center,university of iowa hospitals and clinics holden comprehensive cancer center,university of iowa hospitals and clinics holden comprehensive cancer center
19103,52242,holden comprehensive cancer center,university of iowa hospitals clinics holden comprehensive cancer center,university of iowa hospitals clinics holden comprehensive cancer center
19103,52242,holden comprehensive cancer center university of iowa,holden comprehensive cancer center university of iowa hospitals and clinics,holden comprehensive cancer center university of iowa hospitals and clinics
19103,52242,iowa holden comprehensive cancer center,university of iowa holden comprehensive cancer center,university of iowa holden comprehensive cancer center
19103,52242,university of iowa,holden comprehensive cancer center at the university of iowa,holden comprehensive cancer center at the university of iowa
19103,52242,university of iowa,holden comprehensive cancer center university of iowa,holden comprehensive cancer center university of iowa
19103,52242,university of iowa,holden comprehensive cancer center university of iowa hospitals and clinics,holden comprehensive cancer center university of iowa hospitals and clinics
19103,52242,university of iowa,university of iowa health care,university of iowa health care
19103,52242,university of iowa,university of iowa health care holden comprehensive cancer center,university of iowa health care holden comprehensive cancer center
19103,52242,university of iowa,university of iowa holden comprehensive cancer center,university of iowa holden comprehensive cancer center
19103,52242,university of iowa,university of iowa hospital and clinics,university of iowa hospital and clinics
19103,52242,university of iowa,university of iowa hospitals,university of iowa hospitals
19103,52242,university of iowa,university of iowa hospitals and clinics,university of iowa hospitals and clinics
19103,52242,university of iowa,university of iowa hospitals and clinics holden comprehensive cancer center,university of iowa hospitals and clinics holden comprehensive cancer center
19103,52242,university of iowa,university of iowa hospitals clinics,university of iowa hospitals clinics
19103,52242,university of iowa,university of iowa hospitals clinics holden comprehensive cancer center,university of iowa hospitals clinics holden comprehensive cancer center
19103,52242,university of iowa,university of iowa hospitals clinics parent,university of iowa hospitals clinics parent
19103,52242,university of iowa health care,university of iowa health care holden comprehensive cancer center,university of iowa health care holden comprehensive cancer center
19103,52242,university of iowa hospitals,holden comprehensive cancer center university of iowa hospitals and clinics,holden comprehensive cancer center university of iowa hospitals and clinics
19103,52242,university of iowa hospitals,university of iowa hospitals and clinics,university of iowa hospitals and clinics
19103,52242,university of iowa hospitals,university of iowa hospitals and clinics holden comprehensive cancer center,university of iowa hospitals and clinics holden comprehensive cancer center
19103,52242,university of iowa hospitals,university of iowa hospitals clinics,university of iowa hospitals clinics
19103,52242,university of iowa hospitals,university of iowa hospitals clinics holden comprehensive cancer center,university of iowa hospitals clinics holden comprehensive cancer center
19103,52242,university of iowa hospitals,university of iowa hospitals clinics parent,university of iowa hospitals clinics parent
19103,52242,university of iowa hospitals and clinics,holden comprehensive cancer center university of iowa hospitals and clinics,holden comprehensive cancer center university of iowa hospitals and clinics
19103,52242,university of iowa hospitals and clinics,university of iowa hospitals and clinics holden comprehensive cancer center,university of iowa hospitals and clinics holden comprehensive cancer center
19103,52242,university of iowa hospitals clinics,university of iowa hospitals clinics holden comprehensive cancer center,university of iowa hospitals clinics holden comprehensive cancer center
19103,52242,university of iowa hospitals clinics,university of iowa hospitals clinics parent,university of iowa hospitals clinics parent
19113,52403,mercy medical center,oncology associates at mercy medical center,oncology associates at mercy medical center
19153,50023,mission cancer and blood ankeny,ui health care mission cancer and blood ankeny clinic,ui health care mission cancer and blood ankeny clinic
19153,50309,mission cancer and blood,ui health care mission cancer and blood des moines clinic,ui health care mission cancer and blood des moines clinic
19153,50314,mission cancer and blood laurel,ui health care mission cancer and blood laurel clinic,ui health care mission cancer and blood laurel clinic
19169,50010,mcfarland clinic,mcfarland clinic ames,mcfarland clinic ames
20091,66204,midamerica cancer care,american oncology partners p a dba midamerica cancer care,american oncology partners p a dba midamerica cancer care
20091,66204,midamerica cancer care,midamerica cancer care american oncology partners,midamerica cancer care american oncology partners
20091,66204,midamerica cancer care,midamerica cancer care research,midamerica cancer care research
20091,66205,the university of kansas cancer center,the university of kansas cancer center investigational drug services,the university of kansas cancer center investigational drug services
20091,66205,the university of kansas cancer center,the university of kansas cancer center kucc,the university of kansas cancer center kucc
20091,66205,the university of kansas cancer center,the university of kansas cancer center kucc westwood,the university of kansas cancer center kucc westwood
20091,66205,the university of kansas cancer center,the university of kansas cancer center westwood,the university of kansas cancer center westwood
20091,66205,the university of kansas cancer center,the university of kansas cancer center westwood campus,the university of kansas cancer center westwood campus
20091,66205,the university of kansas cancer center kucc,the university of kansas cancer center kucc westwood,the university of kansas cancer center kucc westwood
20091,66205,the university of kansas cancer center westwood,the university of kansas cancer center westwood campus,the university of kansas cancer center westwood campus
20091,66205,the university of kansas medical center,the university of kansas medical center research institute,the university of kansas medical center research institute
20091,66205,university of kansas,the university of kansas cancer center,the university of kansas cancer center
20091,66205,university of kansas,the university of kansas cancer center investigational drug services,the university of kansas cancer center investigational drug services
20091,66205,university of kansas,the university of kansas cancer center kucc,the university of kansas cancer center kucc
20091,66205,university of kansas,the university of kansas cancer center kucc westwood,the university of kansas cancer center kucc westwood
20091,66205,university of kansas,the university of kansas cancer center westwood,the university of kansas cancer center westwood
20091,66205,university of kansas,the university of kansas cancer center westwood campus,the university of kansas cancer center westwood campus
20091,66205,university of kansas,the university of kansas clinical research center,the university of kansas clinical research center
20091,66205,university of kansas,the university of kansas hospital,the university of kansas hospital
20091,66205,university of kansas,the university of kansas medical center,the university of kansas medical center
20091,66205,university of kansas,the university of kansas medical center research institute,the university of kansas medical center research institute
20091,66205,university of kansas,university of kansas cancer center,university of kansas cancer center
20091,66205,university of kansas,university of kansas cancer center westwood,university of kansas cancer center westwood
20091,66205,university of kansas,university of kansas clinical research center,university of kansas clinical research center
20091,66205,university of kansas,university of kansas hospital cancer center,university of kansas hospital cancer center
20091,66205,university of kansas,university of kansas hospital westwood cancer center,university of kansas hospital westwood cancer center
20091,66205,university of kansas,university of kansas hospital westwood cancer ctr,university of kansas hospital westwood cancer ctr
20091,66205,university of kansas,university of kansas medical center,university of kansas medical center
20091,66205,university of kansas,university of kansas medical center kumc,university of kansas medical center kumc
20091,66205,university of kansas cancer center,the university of kansas cancer center,the university of kansas cancer center
20091,66205,university of kansas cancer center,the university of kansas cancer center investigational drug services,the university of kansas cancer center investigational drug services
20091,66205,university of kansas cancer center,the university of kansas cancer center kucc,the university of kansas cancer center kucc
20091,66205,university of kansas cancer center,the university of kansas cancer center kucc westwood,the university of kansas cancer center kucc westwood
20091,66205,university of kansas cancer center,the university of kansas cancer center westwood,the university of kansas cancer center westwood
20091,66205,university of kansas cancer center,the university of kansas cancer center westwood campus,the university of kansas cancer center westwood campus
20091,66205,university of kansas cancer center,university of kansas cancer center westwood,university of kansas cancer center westwood
20091,66205,university of kansas cancer center westwood,the university of kansas cancer center westwood,the university of kansas cancer center westwood
20091,66205,university of kansas cancer center westwood,the university of kansas cancer center westwood campus,the university of kansas cancer center westwood campus
20091,66205,university of kansas clinical research center,the university of kansas clinical research center,the university of kansas clinical research center
20091,66205,university of kansas medical center,the university of kansas medical center,the university of kansas medical center
20091,66205,university of kansas medical center,the university of kansas medical center research institute,the university of kansas medical center research institute
20091,66205,university of kansas medical center,university of kansas medical center kumc,university of kansas medical center kumc
20091,66210,university of kansas cancer center overland park,the university of kansas cancer center overland park clinic,the university of kansas cancer center overland park clinic
20091,66211,university of kansas hospital indian creek campus,the university of kansas hospital indian creek campus,the university of kansas hospital indian creek campus
20173,67214,cancer center of kansas,cancer center of kansas heritage plaza medical building,cancer center of kansas heritage plaza medical building
20173,67214,cancer center of kansas,cancer center of kansas wichita,cancer center of kansas wichita
20173,67214,cancer center of kansas,cancer center of kansas wichita heritage plaza,cancer center of kansas wichita heritage plaza
20173,67214,cancer center of kansas wichita,cancer center of kansas wichita heritage plaza,cancer center of kansas wichita heritage plaza
20173,67226,wichita urology,wichita urology group,wichita urology group
20173,67226,wichita urology,wichita urology group pa,wichita urology group pa
20173,67226,wichita urology group,wichita urology group pa,wichita urology group pa
20177,66606,cotton o neil cancer center,cotton o neil cancer center stormont vail health,cotton o neil cancer center stormont vail health
20209,66160,the university of kansas hospital,the university of kansas hospital cambridge north tower a,the university of kansas hospital cambridge north tower a
20209,66160,the university of kansas medical center,the university of kansas medical center medical office building,the university of kansas medical center medical office building
20209,66160,university of kansas,the university of kansas cancer center,the university of kansas cancer center
20209,66160,university of kansas,the university of kansas hospital,the university of kansas hospital
20209,66160,university of kansas,the university of kansas hospital cambridge north tower a,the university of kansas hospital cambridge north tower a
20209,66160,university of kansas,the university of kansas medical center,the university of kansas medical center
20209,66160,university of kansas,the university of kansas medical center medical office building,the university of kansas medical center medical office building
20209,66160,university of kansas,university of kansas cancer center,university of kansas cancer center
20209,66160,university of kansas,university of kansas health system,university of kansas health system
20209,66160,university of kansas,university of kansas hospital,university of kansas hospital
20209,66160,university of kansas,university of kansas hospital cambridge north tower a,university of kansas hospital cambridge north tower a
20209,66160,university of kansas,university of kansas medical center,university of kansas medical center
20209,66160,university of kansas,university of kansas medical center kumc,university of kansas medical center kumc
20209,66160,university of kansas,university of kansas medical center mob,university of kansas medical center mob
20209,66160,university of kansas,university of kansas medical center research institute,university of kansas medical center research institute
20209,66160,university of kansas,university of kansas medical center research institute inc,university of kansas medical center research institute inc
20209,66160,university of kansas cancer center,the university of kansas cancer center,the university of kansas cancer center
20209,66160,university of kansas hospital,the university of kansas hospital,the university of kansas hospital
20209,66160,university of kansas hospital,the university of kansas hospital cambridge north tower a,the university of kansas hospital cambridge north tower a
20209,66160,university of kansas hospital,university of kansas hospital cambridge north tower a,university of kansas hospital cambridge north tower a
20209,66160,university of kansas hospital cambridge north tower a,the university of kansas hospital cambridge north tower a,the university of kansas hospital cambridge north tower a
20209,66160,university of kansas medical center,the university of kansas medical center,the university of kansas medical center
20209,66160,university of kansas medical center,the university of kansas medical center medical office building,the university of kansas medical center medical office building
20209,66160,university of kansas medical center,university of kansas medical center kumc,university of kansas medical center kumc
20209,66160,university of kansas medical center,university of kansas medical center mob,university of kansas medical center mob
20209,66160,university of kansas medical center,university of kansas medical center research institute,university of kansas medical center research institute
20209,66160,university of kansas medical center,university of kansas medical center research institute inc,university of kansas medical center research institute inc
20209,66160,university of kansas medical center research institute,university of kansas medical center research institute inc,university of kansas medical center research institute inc
21067,40503,baptist health,baptist health lexington,baptist health lexington
21067,40504,saint joseph hospital,commonspirit saint joseph hospital lexington,commonspirit saint joseph hospital lexington
21067,40536,markey cancer center,markey cancer center clinical research organization,markey cancer center clinical research organization
21067,40536,markey cancer center,markey cancer center university of kentucky,markey cancer center university of kentucky
21067,40536,markey cancer center,uk markey cancer center,uk markey cancer center
21067,40536,markey cancer center,university of kentucky healthcare markey cancer center,university of kentucky healthcare markey cancer center
21067,40536,markey cancer center,university of kentucky markey cancer center,university of kentucky markey cancer center
21067,40536,markey cancer center,university of kentucky markey cancer center clinical research office uk mcc cro,university of kentucky markey cancer center clinical research office uk mcc cro
21067,40536,markey cancer center,university of kentucky uk markey cancer center,university of kentucky uk markey cancer center
21067,40536,uk markey cancer center,university of kentucky uk markey cancer center,university of kentucky uk markey cancer center
21067,40536,university of kentucky,markey cancer center university of kentucky,markey cancer center university of kentucky
21067,40536,university of kentucky,university of kentucky chandler medical center,university of kentucky chandler medical center
21067,40536,university of kentucky,university of kentucky healthcare markey cancer center,university of kentucky healthcare markey cancer center
21067,40536,university of kentucky,university of kentucky markey cancer center,university of kentucky markey cancer center
21067,40536,university of kentucky,university of kentucky markey cancer center clinical research office uk mcc cro,university of kentucky markey cancer center clinical research office uk mcc cro
21067,40536,university of kentucky,university of kentucky medical center,university of kentucky medical center
21067,40536,university of kentucky,university of kentucky uk markey cancer center,university of kentucky uk markey cancer center
21067,40536,university of kentucky markey cancer center,university of kentucky markey cancer center clinical research office uk mcc cro,university of kentucky markey cancer center clinical research office uk mcc cro
21093,42701,baptist health hardin,baptist health hardin cancer center,baptist health hardin cancer center
21111,40202,james graham brown cancer center,james graham brown cancer center melanoma nsclc,james graham brown cancer center melanoma nsclc
21111,40202,james graham brown cancer center,james graham brown cancer center university of louisville,james graham brown cancer center university of louisville
21111,40202,james graham brown cancer center,the james graham brown cancer center at university of louisville,the james graham brown cancer center at university of louisville
21111,40202,james graham brown cancer center,the university of louisville james graham brown cancer center,the university of louisville james graham brown cancer center
21111,40202,james graham brown cancer center,university medical center inc dba university of louisville hospital james graham brown cancer center,university medical center inc dba university of louisville hospital james graham brown cancer center
21111,40202,james graham brown cancer center,university of louisville health james graham brown cancer center,university of louisville health james graham brown cancer center
21111,40202,james graham brown cancer center,university of louisville james graham brown cancer center,university of louisville james graham brown cancer center
21111,40202,norton hospital,norton hospital pavilion and medical campus,norton hospital pavilion and medical campus
21111,40202,university of louisville,james graham brown cancer center university of louisville,james graham brown cancer center university of louisville
21111,40202,university of louisville,the james graham brown cancer center at university of louisville,the james graham brown cancer center at university of louisville
21111,40202,university of louisville,the university of louisville james graham brown cancer center,the university of louisville james graham brown cancer center
21111,40202,university of louisville,university medical center inc dba university of louisville hospital james graham brown cancer center,university medical center inc dba university of louisville hospital james graham brown cancer center
21111,40202,university of louisville,university medical center lnc dba university of louisville hospital,university medical center lnc dba university of louisville hospital
21111,40202,university of louisville,university of louisville brown cancer center,university of louisville brown cancer center
21111,40202,university of louisville,university of louisville health,university of louisville health
21111,40202,university of louisville,university of louisville health brown cancer center,university of louisville health brown cancer center
21111,40202,university of louisville,university of louisville health james graham brown cancer center,university of louisville health james graham brown cancer center
21111,40202,university of louisville,university of louisville hospital,university of louisville hospital
21111,40202,university of louisville,university of louisville james graham brown cancer center,university of louisville james graham brown cancer center
21111,40202,university of louisville health,university of louisville health brown cancer center,university of louisville health brown cancer center
21111,40202,university of louisville health,university of louisville health james graham brown cancer center,university of louisville health james graham brown cancer center
21111,40202,university of louisville hospital,university medical center inc dba university of louisville hospital james graham brown cancer center,university medical center inc dba university of louisville hospital james graham brown cancer center
21111,40202,university of louisville hospital,university medical center lnc dba university of louisville hospital,university medical center lnc dba university of louisville hospital
21111,40202,university of louisville james graham brown cancer center,the university of louisville james graham brown cancer center,the university of louisville james graham brown cancer center
21111,40207,norton cancer institute,norton cancer institute st matthews,norton cancer institute st matthews
21111,40207,norton cancer institute,norton cancer institute st matthews 3991 dutchmans lane medical plaza ii suite 405,norton cancer institute st matthews 3991 dutchmans lane medical plaza ii suite 405
21111,40207,norton cancer institute,norton cancer institute st matthews campus,norton cancer institute st matthews campus
21111,40207,norton cancer institute,norton cancer institute st matthews clinic,norton cancer institute st matthews clinic
21111,40207,norton cancer institute,norton women s and children s hospital norton cancer institute st matthews,norton women s and children s hospital norton cancer institute st matthews
21111,40207,norton cancer institute st matthews,norton cancer institute st matthews 3991 dutchmans lane medical plaza ii suite 405,norton cancer institute st matthews 3991 dutchmans lane medical plaza ii suite 405
21111,40207,norton cancer institute st matthews,norton cancer institute st matthews campus,norton cancer institute st matthews campus
21111,40207,norton cancer institute st matthews,norton cancer institute st matthews clinic,norton cancer institute st matthews clinic
21111,40207,norton cancer institute st matthews,norton women s and children s hospital norton cancer institute st matthews,norton women s and children s hospital norton cancer institute st matthews
21111,40207,norton women s and children s hospital,norton women s and children s hospital norton cancer institute st matthews,norton women s and children s hospital norton cancer institute st matthews
21111,40217,norton audubon hospital,norton audubon hospital and medical campus,norton audubon hospital and medical campus
21111,40217,norton cancer institute audubon,norton cancer institute audubon hospital campus,norton cancer institute audubon hospital campus
21111,40241,norton brownsboro hospital,norton brownsboro hospital and medical campus,norton brownsboro hospital and medical campus
21117,41017,saint elizabeth healthcare,saint elizabeth healthcare edgewood,saint elizabeth healthcare edgewood
21117,41017,saint elizabeth medical center edgewood,saint elizabeth medical center edgewood cancer care center,saint elizabeth medical center edgewood cancer care center
21117,41017,st elizabeth healthcare,st elizabeth healthcare edgewood,st elizabeth healthcare edgewood
21117,41017,st elizabeth healthcare,st elizabeth healthcare st elizabeth medical,st elizabeth healthcare st elizabeth medical
21117,41017,st elizabeth healthcare,st elizabeth healthcare st elizabeth medical center,st elizabeth healthcare st elizabeth medical center
21117,41017,st elizabeth healthcare st elizabeth medical,st elizabeth healthcare st elizabeth medical center,st elizabeth healthcare st elizabeth medical center
21117,41017,st elizabeth medical center,st elizabeth healthcare st elizabeth medical center,st elizabeth healthcare st elizabeth medical center
21117,41017,st elizabeth medical center,st elizabeth medical center edgewood,st elizabeth medical center edgewood
21145,42003,mercy health,mercy health paducah cancer center,mercy health paducah cancer center
21145,42003,mercy health,mercy health paducah medical oncology and hematology,mercy health paducah medical oncology and hematology
22017,71103,lsu health sciences center,lsu health sciences center at shreveport,lsu health sciences center at shreveport
22019,70605,accurate clinical research inc,accurate clinical research inc smo network,accurate clinical research inc smo network
22033,70808,our lady of the lake,our lady of the lake hospital,our lady of the lake hospital
22033,70808,our lady of the lake,our lady of the lake hospital inc,our lady of the lake hospital inc
22033,70808,our lady of the lake,our lady of the lake physician group,our lady of the lake physician group
22033,70808,our lady of the lake,our lady of the lake physician group medical oncology,our lady of the lake physician group medical oncology
22033,70808,our lady of the lake,our lady of the lake rmc clinical research,our lady of the lake rmc clinical research
22033,70808,our lady of the lake hospital,our lady of the lake hospital inc,our lady of the lake hospital inc
22033,70808,our lady of the lake physician group,our lady of the lake physician group medical oncology,our lady of the lake physician group medical oncology
22051,70121,ochsner health,ochsner health ochsner medical center new orleans,ochsner health ochsner medical center new orleans
22051,70121,ochsner medical center,ochsner health ochsner medical center new orleans,ochsner health ochsner medical center new orleans
22051,70121,ochsner medical center,ochsner medical center jefferson,ochsner medical center jefferson
22051,70121,ochsner medical center,ochsner medical center omc,ochsner medical center omc
22055,70508,southern urology,southern urology llc,southern urology llc
22055,70508,southern urology,southern urology urology america,southern urology urology america
22071,70112,louisiana state university,louisiana state university health science center,louisiana state university health science center
22071,70112,louisiana state university,louisiana state university health sciences center,louisiana state university health sciences center
22071,70112,louisiana state university,louisiana state university medical center new orleans,louisiana state university medical center new orleans
22071,70112,tulane cancer center,tulane cancer center office of clinical research,tulane cancer center office of clinical research
22071,70112,university medical center new orleans,louisiana state university medical center new orleans,louisiana state university medical center new orleans
22073,71202,ochsner lsu health monroe medical center,ochsner lsu health monroe medical center family medicine clinic,ochsner lsu health monroe medical center family medicine clinic
22103,70433,pontchartrain cancer center,pontchartrain cancer center covington,pontchartrain cancer center covington
22103,70433,pontchartrain cancer center,pontchartrain cancer center covington office,pontchartrain cancer center covington office
22103,70433,pontchartrain cancer center covington,pontchartrain cancer center covington office,pontchartrain cancer center covington office
23005,04102,maine medical center,maine medical center bramhall campus,maine medical center bramhall campus
23005,04102,maine medical center,mainehealth maine medical center portland,mainehealth maine medical center portland
23011,04330,harold alfond center for cancer care,the jackson laboratory jax harold alfond center for cancer care,the jackson laboratory jax harold alfond center for cancer care
23019,04412,northern light cancer care,the jackson laboratory jax northern light cancer care,the jackson laboratory jax northern light cancer care
23023,04086,new england cancer specialist,new england cancer specialists,new england cancer specialists
23023,04086,new england cancer specialist,new england cancer specialists topsham,new england cancer specialists topsham
23023,04086,new england cancer specialists,new england cancer specialists topsham,new england cancer specialists topsham
23031,03909,york hospital,york hospital oncology infusion care in york,york hospital oncology infusion care in york
23031,04043,new england cancer specialist,new england cancer specialists kennebunk,new england cancer specialists kennebunk
24003,21061,baltimore washington medical center,baltimore washington medical center tate cancer center,baltimore washington medical center tate cancer center
24003,21061,baltimore washington medical center,um baltimore washington medical center tate cancer center,um baltimore washington medical center tate cancer center
24003,21061,baltimore washington medical center tate cancer center,um baltimore washington medical center tate cancer center,um baltimore washington medical center tate cancer center
24003,21401,anne arundel urology,anne arundel urology pa,anne arundel urology pa
24003,21401,maryland oncology hematology,maryland oncology hematology annapolis,maryland oncology hematology annapolis
24003,21401,maryland oncology hematology,maryland oncology hematology p a,maryland oncology hematology p a
24003,21401,maryland oncology hematology,scri maryland oncology hematology p a,scri maryland oncology hematology p a
24003,21401,maryland oncology hematology p a,scri maryland oncology hematology p a,scri maryland oncology hematology p a
24005,21204,chesapeake urology,chesapeake urology research associates,chesapeake urology research associates
24005,21237,medstar franklin square medical center,medstar franklin square medical center weinberg cancer institute,medstar franklin square medical center weinberg cancer institute
24021,21702,james m stockman cancer institute,fmh james m stockman cancer institute,fmh james m stockman cancer institute
24027,21044,central maryland radiation oncology,central maryland radiation oncology in howard county,central maryland radiation oncology in howard county
24027,21044,maryland oncology,central maryland oncology center,central maryland oncology center
24027,21044,maryland oncology,maryland oncology hematolofy,maryland oncology hematolofy
24027,21044,maryland oncology,maryland oncology hematology,maryland oncology hematology
24027,21044,maryland oncology,maryland oncology hematology columbia,maryland oncology hematology columbia
24027,21044,maryland oncology,maryland oncology hematology moh,maryland oncology hematology moh
24027,21044,maryland oncology,maryland oncology hematology p a,maryland oncology hematology p a
24027,21044,maryland oncology,maryland oncology hematology primary,maryland oncology hematology primary
24027,21044,maryland oncology,uso maryland oncology hematology,uso maryland oncology hematology
24027,21044,maryland oncology hematology,maryland oncology hematology columbia,maryland oncology hematology columbia
24027,21044,maryland oncology hematology,maryland oncology hematology moh,maryland oncology hematology moh
24027,21044,maryland oncology hematology,maryland oncology hematology p a,maryland oncology hematology p a
24027,21044,maryland oncology hematology,maryland oncology hematology primary,maryland oncology hematology primary
24027,21044,maryland oncology hematology,uso maryland oncology hematology,uso maryland oncology hematology
24031,20817,american oncology partners of maryland,american oncology partners of maryland pa,american oncology partners of maryland pa
24031,20817,american oncology partners of maryland,center for cancer and blood disorders american oncology partners of maryland,center for cancer and blood disorders american oncology partners of maryland
24031,20817,american oncology partners p a,american oncology partners p a the center for cancer blood disorders,american oncology partners p a the center for cancer blood disorders
24031,20817,american oncology partners p a,cancer center for blood disorders a division of american oncology partners p a,cancer center for blood disorders a division of american oncology partners p a
24031,20817,american oncology partners p a,the center for cancer and blood disorders a division of american oncology partners p a,the center for cancer and blood disorders a division of american oncology partners p a
24031,20817,american oncology partners pa,american oncology partners pa dba the center for cancer and blood disorders,american oncology partners pa dba the center for cancer and blood disorders
24031,20817,american oncology partners pa,american oncology partners pa the center for cancer and blood disorders,american oncology partners pa the center for cancer and blood disorders
24031,20817,center for cancer and blood disorders,american oncology partners pa dba the center for cancer and blood disorders,american oncology partners pa dba the center for cancer and blood disorders
24031,20817,center for cancer and blood disorders,american oncology partners pa the center for cancer and blood disorders,american oncology partners pa the center for cancer and blood disorders
24031,20817,center for cancer and blood disorders,center for cancer and blood disorders american oncology partners of maryland,center for cancer and blood disorders american oncology partners of maryland
24031,20817,center for cancer and blood disorders,the center for cancer and blood disorders,the center for cancer and blood disorders
24031,20817,center for cancer and blood disorders,the center for cancer and blood disorders a division of american oncology partners p a,the center for cancer and blood disorders a division of american oncology partners p a
24031,20817,center for cancer and blood disorders,the center for cancer and blood disorders bethesda,the center for cancer and blood disorders bethesda
24031,20817,center for cancer and blood disorders,the center for cancer and blood disorders ccbd,the center for cancer and blood disorders ccbd
24031,20817,the center for cancer and blood disorders,american oncology partners pa dba the center for cancer and blood disorders,american oncology partners pa dba the center for cancer and blood disorders
24031,20817,the center for cancer and blood disorders,american oncology partners pa the center for cancer and blood disorders,american oncology partners pa the center for cancer and blood disorders
24031,20817,the center for cancer and blood disorders,the center for cancer and blood disorders a division of american oncology partners p a,the center for cancer and blood disorders a division of american oncology partners p a
24031,20817,the center for cancer and blood disorders,the center for cancer and blood disorders bethesda,the center for cancer and blood disorders bethesda
24031,20817,the center for cancer and blood disorders,the center for cancer and blood disorders ccbd,the center for cancer and blood disorders ccbd
24031,20817,the center for cancer blood disorders,american oncology partners p a the center for cancer blood disorders,american oncology partners p a the center for cancer blood disorders
24031,20892,national cancer institute,national cancer institute developmental therapeutics clinic,national cancer institute developmental therapeutics clinic
24031,20892,national institute of health,national institute of health clinical center,national institute of health clinical center
24031,20892,national institute of health,national institute of health data collection and specimen analysis,national institute of health data collection and specimen analysis
24031,20892,national institutes of health,national institutes of health clinical center,national institutes of health clinical center
24031,20904,maryland oncology hematology,maryland oncology hematology p a,maryland oncology hematology p a
24031,20904,maryland oncology hematology,maryland oncology hematology silver spring,maryland oncology hematology silver spring
24510,21201,clinical study site,ngm clinical study site,ngm clinical study site
24510,21201,greenebaum comprehensive cancer center,marlene and stewart greenebaum comprehensive cancer center,marlene and stewart greenebaum comprehensive cancer center
24510,21201,greenebaum comprehensive cancer center,marlene stewart greenebaum comprehensive cancer center university of maryland,marlene stewart greenebaum comprehensive cancer center university of maryland
24510,21201,greenebaum comprehensive cancer center,the university of maryland greenebaum comprehensive cancer center,the university of maryland greenebaum comprehensive cancer center
24510,21201,greenebaum comprehensive cancer center,university of maryland greenebaum comprehensive cancer center,university of maryland greenebaum comprehensive cancer center
24510,21201,greenebaum comprehensive cancer center,university of maryland marlene and stewart greenebaum comprehensive cancer center,university of maryland marlene and stewart greenebaum comprehensive cancer center
24510,21201,greenebaum comprehensive cancer center,university of maryland marlene stewart greenebaum comprehensive cancer center,university of maryland marlene stewart greenebaum comprehensive cancer center
24510,21201,greenebaum comprehensive cancer center,university of maryland medical center greenebaum comprehensive cancer center,university of maryland medical center greenebaum comprehensive cancer center
24510,21201,greenebaum comprehensive cancer center,university of md greenebaum comprehensive cancer center,university of md greenebaum comprehensive cancer center
24510,21201,marlene and stewart greenebaum comprehensive cancer center,university of maryland marlene and stewart greenebaum comprehensive cancer center,university of maryland marlene and stewart greenebaum comprehensive cancer center
24510,21201,university of maryland,marlene stewart greenebaum comprehensive cancer center university of maryland,marlene stewart greenebaum comprehensive cancer center university of maryland
24510,21201,university of maryland,the university of maryland greenebaum comprehensive cancer center,the university of maryland greenebaum comprehensive cancer center
24510,21201,university of maryland,university of maryland baltimore,university of maryland baltimore
24510,21201,university of maryland,university of maryland greenbaum comprehensive cancer center,university of maryland greenbaum comprehensive cancer center
24510,21201,university of maryland,university of maryland greenebaum cancer center,university of maryland greenebaum cancer center
24510,21201,university of maryland,university of maryland greenebaum comprehensive cancer center,university of maryland greenebaum comprehensive cancer center
24510,21201,university of maryland,university of maryland greenebaumn comprehensive cancer center,university of maryland greenebaumn comprehensive cancer center
24510,21201,university of maryland,university of maryland marlene and stewart greenebaum comprehensive cancer center,university of maryland marlene and stewart greenebaum comprehensive cancer center
24510,21201,university of maryland,university of maryland marlene stewart greenebaum comprehensive cancer center,university of maryland marlene stewart greenebaum comprehensive cancer center
24510,21201,university of maryland,university of maryland medical center,university of maryland medical center
24510,21201,university of maryland,university of maryland medical center greenebaum comprehensive cancer center,university of maryland medical center greenebaum comprehensive cancer center
24510,21201,university of maryland,university of maryland medical center ummc,university of maryland medical center ummc
24510,21201,university of maryland,university of maryland medical ctr,university of maryland medical ctr
24510,21201,university of maryland,university of maryland school division of hematology oncology,university of maryland school division of hematology oncology
24510,21201,university of maryland,university of maryland school of medicine,university of maryland school of medicine
24510,21201,university of maryland greenebaum comprehensive cancer center,the university of maryland greenebaum comprehensive cancer center,the university of maryland greenebaum comprehensive cancer center
24510,21201,university of maryland medical center,university of maryland medical center greenebaum comprehensive cancer center,university of maryland medical center greenebaum comprehensive cancer center
24510,21201,university of maryland medical center,university of maryland medical center ummc,university of maryland medical center ummc
24510,21202,mercy medical center,mercy medical center baltimore,mercy medical center baltimore
24510,21215,sinai hospital,sinai hospital of baltimore,sinai hospital of baltimore
24510,21215,sinai hospital,sinai hospital of baltimore inc,sinai hospital of baltimore inc
24510,21215,sinai hospital of baltimore,sinai hospital of baltimore inc,sinai hospital of baltimore inc
24510,21224,johns hopkins bayview,johns hopkins bayview medical center,johns hopkins bayview medical center
24510,21224,johns hopkins bayview,johns hopkins sidney kimmel comprehensive cancer center at johns hopkins bayview medical center,johns hopkins sidney kimmel comprehensive cancer center at johns hopkins bayview medical center
24510,21224,johns hopkins bayview medical center,johns hopkins sidney kimmel comprehensive cancer center at johns hopkins bayview medical center,johns hopkins sidney kimmel comprehensive cancer center at johns hopkins bayview medical center
24510,21229,saint agnes hospital,ascension saint agnes hospital,ascension saint agnes hospital
24510,21229,saint agnes hospital,saint agnes hospital clinical research center,saint agnes hospital clinical research center
24510,21229,st agnes hospital,ascension st agnes hospital,ascension st agnes hospital
24510,21231,johns hopkins,johns hopkins kimmel cancer center,johns hopkins kimmel cancer center
24510,21231,johns hopkins,johns hopkins kimmel com cancer ctr,johns hopkins kimmel com cancer ctr
24510,21231,johns hopkins,johns hopkins medicine the sidney kimmel comprehensive cancer center,johns hopkins medicine the sidney kimmel comprehensive cancer center
24510,21231,johns hopkins,johns hopkins skccc,johns hopkins skccc
24510,21231,johns hopkins,johns hopkins university school of medicine jhusom,johns hopkins university school of medicine jhusom
24510,21231,johns hopkins,skccc johns hopkins,skccc johns hopkins
24510,21231,johns hopkins,skccc johns hopkins medical institution,skccc johns hopkins medical institution
24510,21231,sidney kimmel comprehensive cancer center,john hopkins sidney kimmel comprehensive cancer center,john hopkins sidney kimmel comprehensive cancer center
24510,21231,sidney kimmel comprehensive cancer center,johns hopkins medicine the sidney kimmel comprehensive cancer center,johns hopkins medicine the sidney kimmel comprehensive cancer center
24510,21231,sidney kimmel comprehensive cancer center,the sidney kimmel comprehensive cancer center,the sidney kimmel comprehensive cancer center
24510,21231,skccc johns hopkins,skccc johns hopkins medical institution,skccc johns hopkins medical institution
24510,21231,the sidney kimmel comprehensive cancer center,johns hopkins medicine the sidney kimmel comprehensive cancer center,johns hopkins medicine the sidney kimmel comprehensive cancer center
24510,21287,john hopkins hospital,the john hopkins hospital,the john hopkins hospital
24510,21287,johns hopkins hospital,johns hopkins hospital east baltimore,johns hopkins hospital east baltimore
24510,21287,johns hopkins hospital,johns hopkins hospital sidney kimmel comprehensive cancer center developmental therapeutics,johns hopkins hospital sidney kimmel comprehensive cancer center developmental therapeutics
24510,21287,johns hopkins hospital,johns hopkins hospital sidney kimmell comprehensive cancer center,johns hopkins hospital sidney kimmell comprehensive cancer center
24510,21287,johns hopkins hospital,johns hopkins university johns hopkins hospital,johns hopkins university johns hopkins hospital
24510,21287,johns hopkins medical institution,johns hopkins medical institutions,johns hopkins medical institutions
24510,21287,johns hopkins university,johns hopkins university data collection only,johns hopkins university data collection only
24510,21287,johns hopkins university,johns hopkins university hospital,johns hopkins university hospital
24510,21287,johns hopkins university,johns hopkins university johns hopkins hospital,johns hopkins university johns hopkins hospital
24510,21287,johns hopkins university,johns hopkins university school of medicine,johns hopkins university school of medicine
24510,21287,johns hopkins university,johns hopkins university sidney kimmel cancer center,johns hopkins university sidney kimmel cancer center
24510,21287,johns hopkins university,johns hopkins university sidney kimmel comprehensive cancer center,johns hopkins university sidney kimmel comprehensive cancer center
24510,21287,johns hopkins university,johns hopkins university the sidney kimmel comprehensive cancer center,johns hopkins university the sidney kimmel comprehensive cancer center
24510,21287,sidney kimmel comprehensive cancer center at john hopkins,the sidney kimmel comprehensive cancer center at john hopkins,the sidney kimmel comprehensive cancer center at john hopkins
24510,21287,sidney kimmel comprehensive cancer center at johns hopkins,the sidney kimmel comprehensive cancer center at johns hopkins,the sidney kimmel comprehensive cancer center at johns hopkins
24510,21287,skccc at johns hopkins,sidney kimmel comprehensive cancer center skccc at johns hopkins,sidney kimmel comprehensive cancer center skccc at johns hopkins
24510,21287,skccc at johns hopkins,the skccc at johns hopkins,the skccc at johns hopkins
25017,01805,lahey clinic,beth israel lahey health lahey hospital medical center lhmc lahey clinic medical center,beth israel lahey health lahey hospital medical center lhmc lahey clinic medical center
25017,01805,lahey hospital medical center,beth israel lahey health lahey hospital medical center lhmc lahey clinic medical center,beth israel lahey health lahey hospital medical center lhmc lahey clinic medical center
25017,02459,dana farber cancer institute,dana farber cancer institute chestnut hill,dana farber cancer institute chestnut hill
25017,02462,newton wellesley hospital,mass general cancer center at newton wellesley hospital s vernon cancer center,mass general cancer center at newton wellesley hospital s vernon cancer center
25017,02462,newton wellesley hospital,massachusetts general hospital at newton wellesley hospital,massachusetts general hospital at newton wellesley hospital
25021,02190,df bwcc in clinical affiliation with south shore hospital,dana farber brigham and women s cancer center df bwcc in clinical affiliation with south shore hospital,dana farber brigham and women s cancer center df bwcc in clinical affiliation with south shore hospital
25021,02190,south shore hospital,dana farber at south shore hospital,dana farber at south shore hospital
25021,02190,south shore hospital,dana farber brigham and women s cancer center df bwcc in clinical affiliation with south shore hospital,dana farber brigham and women s cancer center df bwcc in clinical affiliation with south shore hospital
25021,02190,south shore hospital,dana farber brigham and women s cancer center in clinical affiliation with south shore hospital,dana farber brigham and women s cancer center in clinical affiliation with south shore hospital
25021,02190,south shore hospital,dana farber brigham cancer center south shore hospital,dana farber brigham cancer center south shore hospital
25021,02190,south shore hospital,dana farber cancer institute at south shore hospital,dana farber cancer institute at south shore hospital
25021,02190,south shore hospital,df bwcc in clinical affiliation with south shore hospital,df bwcc in clinical affiliation with south shore hospital
25021,02446,dana farber cancer institute,brigham and women s hospital dana farber cancer institute,brigham and women s hospital dana farber cancer institute
25023,02360,greater boston urology,greater boston urology llc,greater boston urology llc
25023,02360,greater boston urology,greater boston urology plymouth care center,greater boston urology plymouth care center
25025,02111,tufts medical center,tufts medical center ppds,tufts medical center ppds
25025,02114,mass general brigham,mass general brigham cancer institute,mass general brigham cancer institute
25025,02114,mass general brigham,mass general brigham cancer institute at massachusetts general hospital,mass general brigham cancer institute at massachusetts general hospital
25025,02114,mass general brigham cancer institute,mass general brigham cancer institute at massachusetts general hospital,mass general brigham cancer institute at massachusetts general hospital
25025,02114,massachusetts general hospital,harvard medical school massachusetts general hospital,harvard medical school massachusetts general hospital
25025,02114,massachusetts general hospital,harvard school of medicine massachusetts general hospital mgh,harvard school of medicine massachusetts general hospital mgh
25025,02114,massachusetts general hospital,mass general brigham cancer institute at massachusetts general hospital,mass general brigham cancer institute at massachusetts general hospital
25025,02114,massachusetts general hospital,massachusetts general hospital cancer center,massachusetts general hospital cancer center
25025,02114,massachusetts general hospital,massachusetts general hospital cancer institute,massachusetts general hospital cancer institute
25025,02114,massachusetts general hospital,massachusetts general hospital dana farber,massachusetts general hospital dana farber
25025,02114,massachusetts general hospital,massachusetts general hospital data collection only,massachusetts general hospital data collection only
25025,02114,massachusetts general hospital,massachusetts general hospital mg,massachusetts general hospital mg
25025,02114,massachusetts general hospital,massachusetts general hospital neurology,massachusetts general hospital neurology
25025,02114,massachusetts general hospital mg,harvard school of medicine massachusetts general hospital mgh,harvard school of medicine massachusetts general hospital mgh
25025,02115,brigham and women s hospital,brigham and women s hospital bwh,brigham and women s hospital bwh
25025,02115,brigham and women s hospital,brigham and women s hospital dana farber cancer institute,brigham and women s hospital dana farber cancer institute
25025,02115,brigham and women s hospital,dfci bwh brigham and women s hospital,dfci bwh brigham and women s hospital
25025,02118,boston medical center,boston medical center dermatology clinic,boston medical center dermatology clinic
25025,02215,beth israel deaconess medical center,beth israel deaconess medical center bidmc,beth israel deaconess medical center bidmc
25025,02215,beth israel deaconess medical center,beth israel deaconess medical center boston,beth israel deaconess medical center boston
25025,02215,beth israel deaconess medical center,beth israel deaconess medical center data collection only,beth israel deaconess medical center data collection only
25025,02215,beth israel deaconess medical center,beth israel deaconess medical center division of hematology oncology,beth israel deaconess medical center division of hematology oncology
25025,02215,beth israel deaconess medical center,beth israel deaconess medical center east campus research pharmacy,beth israel deaconess medical center east campus research pharmacy
25025,02215,beth israel deaconess medical center,harvard medical school beth israel deaconess medical center,harvard medical school beth israel deaconess medical center
25025,02215,dana farber,1002 dana farber cancer institute,1002 dana farber cancer institute
25025,02215,dana farber,dana farber cancer center,dana farber cancer center
25025,02215,dana farber,dana farber cancer hospital,dana farber cancer hospital
25025,02215,dana farber,dana farber cancer insitute,dana farber cancer insitute
25025,02215,dana farber,dana farber cancer institute,dana farber cancer institute
25025,02215,dana farber,dana farber cancer institute boston children s,dana farber cancer institute boston children s
25025,02215,dana farber,dana farber cancer institute breast oncology center,dana farber cancer institute breast oncology center
25025,02215,dana farber,dana farber cancer institute brigham and women s hospital adults and pediatrics,dana farber cancer institute brigham and women s hospital adults and pediatrics
25025,02215,dana farber,dana farber cancer institute brookline avenue,dana farber cancer institute brookline avenue
25025,02215,dana farber,dana farber cancer institute dfci,dana farber cancer institute dfci
25025,02215,dana farber,dana farber cancer institute oncology department,dana farber cancer institute oncology department
25025,02215,dana farber,dana farber cancer institution,dana farber cancer institution
25025,02215,dana farber,dana farber cancer research institute,dana farber cancer research institute
25025,02215,dana farber,dana farber harvard cancer center,dana farber harvard cancer center
25025,02215,dana farber,dana farber mass general brigham cancer care inc,dana farber mass general brigham cancer care inc
25025,02215,dana farber,dana farber massachusetts general hospital inc,dana farber massachusetts general hospital inc
25025,02215,dana farber cancer institute,1002 dana farber cancer institute,1002 dana farber cancer institute
25025,02215,dana farber cancer institute,dana farber cancer institute boston children s,dana farber cancer institute boston children s
25025,02215,dana farber cancer institute,dana farber cancer institute breast oncology center,dana farber cancer institute breast oncology center
25025,02215,dana farber cancer institute,dana farber cancer institute brigham and women s hospital adults and pediatrics,dana farber cancer institute brigham and women s hospital adults and pediatrics
25025,02215,dana farber cancer institute,dana farber cancer institute brookline avenue,dana farber cancer institute brookline avenue
25025,02215,dana farber cancer institute,dana farber cancer institute dfci,dana farber cancer institute dfci
25025,02215,dana farber cancer institute,dana farber cancer institute oncology department,dana farber cancer institute oncology department
25027,01606,reliant medical group,reliant medical group inc,reliant medical group inc
25027,01655,umass chan medical school,university of massachusetts umass chan medical school,university of massachusetts umass chan medical school
25027,01655,umass memorial medical center,umass memorial medical center university campus,umass memorial medical center university campus
25027,01757,dana farber brigham and women s cancer center at milford regional,dana farber brigham and women s cancer center at milford regional medical center,dana farber brigham and women s cancer center at milford regional medical center
26021,49085,marie yeager cancer center,corewell health lakeland hospitals marie yeager cancer center,corewell health lakeland hospitals marie yeager cancer center
26047,49770,karmanos cancer institute at mclaren northern,karmanos cancer institute at mclaren northern michigan,karmanos cancer institute at mclaren northern michigan
26047,49770,karmanos cancer institute at mclaren northern,karmanos cancer institute at mclaren northern michigan petoskey,karmanos cancer institute at mclaren northern michigan petoskey
26047,49770,karmanos cancer institute at mclaren northern michigan,karmanos cancer institute at mclaren northern michigan petoskey,karmanos cancer institute at mclaren northern michigan petoskey
26065,48912,sparrow hospital,herbert herman cancer center sparrow hospital,herbert herman cancer center sparrow hospital
26065,48912,university of michigan health sparrow,university of michigan health sparrow lansing,university of michigan health sparrow lansing
26081,49503,bamf health,bamf health inc,bamf health inc
26081,49503,cancer and hematology centers of western michigan,cancer and hematology centers of western michigan grand rapids,cancer and hematology centers of western michigan grand rapids
26081,49503,cancer and hematology centers of western michigan,cancer and hematology centers of western michigan pc,cancer and hematology centers of western michigan pc
26081,49503,corewell health,corewell health grand rapids hospitals butterworth hospital,corewell health grand rapids hospitals butterworth hospital
26081,49503,corewell health,corewell health grand rapids hospitals helen devos children s hospital,corewell health grand rapids hospitals helen devos children s hospital
26081,49503,corewell health,corewell health lemmon holton cancer pavilion,corewell health lemmon holton cancer pavilion
26081,49503,corewell health,corewell health medical group and spectrum health hospitals,corewell health medical group and spectrum health hospitals
26081,49503,corewell health,corewell health medical group west,corewell health medical group west
26081,49503,the cancer and hematology centers,the cancer and hematology centers of west michigan chcwm,the cancer and hematology centers of west michigan chcwm
26081,49546,south texas accelerated research therapeutics start,south texas accelerated research therapeutics start midwest,south texas accelerated research therapeutics start midwest
26081,49546,start midwest,cancer and hematology centers of western michigan start midwest,cancer and hematology centers of western michigan start midwest
26081,49546,start midwest,south texas accelerated research therapeutics start midwest,south texas accelerated research therapeutics start midwest
26081,49546,start midwest,start midwest cancer and hematology centers of w michigan,start midwest cancer and hematology centers of w michigan
26081,49546,start midwest,start midwest cancer research,start midwest cancer research
26081,49546,start midwest,start midwest cancer research center,start midwest cancer research center
26081,49546,start midwest,start midwest llc,start midwest llc
26081,49546,start midwest,start midwest michigan pc,start midwest michigan pc
26081,49546,start midwest,start midwest oncology,start midwest oncology
26081,49546,start midwest,start midwest the cancer and hematology center,start midwest the cancer and hematology center
26081,49546,start midwest cancer research,start midwest cancer research center,start midwest cancer research center
26099,48314,cancer and leukemia center,profound research llc at cancer and leukemia center,profound research llc at cancer and leukemia center
26121,49444,cancer and hematology centers of western michigan,cancer and hematology centers of western michigan norton shores,cancer and hematology centers of western michigan norton shores
26125,48084,michigan institute of urology,michigan institute of urology pc,michigan institute of urology pc
26125,48084,michigan institute of urology,michigan institute of urology solaris,michigan institute of urology solaris
26125,48084,michigan institute of urology,michigan institute of urology town center,michigan institute of urology town center
26125,48334,weisberg cancer treatment center,karmanos cancer institute weisberg cancer treatment center,karmanos cancer institute weisberg cancer treatment center
26125,48341,saint joseph mercy oakland,trinity health saint joseph mercy oakland hospital,trinity health saint joseph mercy oakland hospital
26147,48060,mclaren port huron,karmanos cancer institute at mclaren port huron,karmanos cancer institute at mclaren port huron
26161,48105,va ann arbor healthcare system,va ann arbor healthcare system ann arbor mi,va ann arbor healthcare system ann arbor mi
26161,48109,university of michigan,michigan medicine university of michigan,michigan medicine university of michigan
26161,48109,university of michigan,rogel cancer center university of michigan,rogel cancer center university of michigan
26161,48109,university of michigan,roger cancer center university of michigan health,roger cancer center university of michigan health
26161,48109,university of michigan,university of michigan cancer center,university of michigan cancer center
26161,48109,university of michigan,university of michigan clinical trials office,university of michigan clinical trials office
26161,48109,university of michigan,university of michigan comprehensive cancer center,university of michigan comprehensive cancer center
26161,48109,university of michigan,university of michigan comprehensive cancer center michigan medicine,university of michigan comprehensive cancer center michigan medicine
26161,48109,university of michigan,university of michigan department of oral and maxillofacial surgery and hospital dentistry,university of michigan department of oral and maxillofacial surgery and hospital dentistry
26161,48109,university of michigan,university of michigan health,university of michigan health
26161,48109,university of michigan,university of michigan health system,university of michigan health system
26161,48109,university of michigan,university of michigan health system ann arbor,university of michigan health system ann arbor
26161,48109,university of michigan,university of michigan health systems,university of michigan health systems
26161,48109,university of michigan,university of michigan health university of michigan medical center,university of michigan health university of michigan medical center
26161,48109,university of michigan,university of michigan hospital,university of michigan hospital
26161,48109,university of michigan,university of michigan hospitals,university of michigan hospitals
26161,48109,university of michigan,university of michigan medical center,university of michigan medical center
26161,48109,university of michigan,university of michigan rogel cancer center,university of michigan rogel cancer center
26161,48109,university of michigan comprehensive cancer center,university of michigan comprehensive cancer center michigan medicine,university of michigan comprehensive cancer center michigan medicine
26161,48109,university of michigan health,roger cancer center university of michigan health,roger cancer center university of michigan health
26161,48109,university of michigan health,university of michigan health system,university of michigan health system
26161,48109,university of michigan health,university of michigan health system ann arbor,university of michigan health system ann arbor
26161,48109,university of michigan health,university of michigan health systems,university of michigan health systems
26161,48109,university of michigan health,university of michigan health university of michigan medical center,university of michigan health university of michigan medical center
26161,48109,university of michigan health system,university of michigan health system ann arbor,university of michigan health system ann arbor
26161,48109,university of michigan health system,university of michigan health systems,university of michigan health systems
26161,48109,university of michigan hospital,university of michigan hospitals,university of michigan hospitals
26161,48109,university of michigan medical center,university of michigan health university of michigan medical center,university of michigan health university of michigan medical center
26161,48118,chelsea hospital,trinity health iha medical group hematology oncology chelsea hospital,trinity health iha medical group hematology oncology chelsea hospital
26161,48197,trinity health,trinity health ann arbor hospital,trinity health ann arbor hospital
26161,48197,trinity health,trinity health iha medical group hematology oncology ann arbor campus,trinity health iha medical group hematology oncology ann arbor campus
26161,48197,trinity health,trinity health saint joseph mercy hospital ann arbor,trinity health saint joseph mercy hospital ann arbor
26161,48197,trinity health,trinity health st joseph mercy ann arbor,trinity health st joseph mercy ann arbor
26163,48106,saint joseph mercy hospital,trinity health saint joseph mercy hospital ann arbor,trinity health saint joseph mercy hospital ann arbor
26163,48201,barbara ann karmanos cancer hospital,barbara ann karmanos cancer hospital dba karmanos cancer center,barbara ann karmanos cancer hospital dba karmanos cancer center
26163,48201,barbara ann karmanos cancer institute,barbara ann karmanos cancer institute detroit,barbara ann karmanos cancer institute detroit
26163,48201,barbara ann karmanos cancer institute,barbara ann karmanos cancer institute wayne state university,barbara ann karmanos cancer institute wayne state university
26163,48201,barbara ann karmanos cancer institute,the barbara ann karmanos cancer institute,the barbara ann karmanos cancer institute
26163,48201,barbara ann karmanos cancer institute,wayne state university barbara ann karmanos cancer institute,wayne state university barbara ann karmanos cancer institute
26163,48201,karmanos,barbara ann karmanos cancer center,barbara ann karmanos cancer center
26163,48201,karmanos,barbara ann karmanos cancer hospital,barbara ann karmanos cancer hospital
26163,48201,karmanos,barbara ann karmanos cancer hospital dba karmanos cancer center,barbara ann karmanos cancer hospital dba karmanos cancer center
26163,48201,karmanos,barbara ann karmanos cancer institute,barbara ann karmanos cancer institute
26163,48201,karmanos,barbara ann karmanos cancer institute detroit,barbara ann karmanos cancer institute detroit
26163,48201,karmanos,barbara ann karmanos cancer institute wayne state university,barbara ann karmanos cancer institute wayne state university
26163,48201,karmanos,karmanos cancer center,karmanos cancer center
26163,48201,karmanos,karmanos cancer center wayne state university,karmanos cancer center wayne state university
26163,48201,karmanos,karmanos cancer institiute,karmanos cancer institiute
26163,48201,karmanos,karmanos cancer institute,karmanos cancer institute
26163,48201,karmanos,karmanos cancer institute detroit,karmanos cancer institute detroit
26163,48201,karmanos,the barbara ann karmanos cancer institute,the barbara ann karmanos cancer institute
26163,48201,karmanos,wayne state university barbara ann karmanos cancer institute,wayne state university barbara ann karmanos cancer institute
26163,48201,karmanos,wayne state university karmanos cancer institute,wayne state university karmanos cancer institute
26163,48201,karmanos cancer center,barbara ann karmanos cancer center,barbara ann karmanos cancer center
26163,48201,karmanos cancer center,barbara ann karmanos cancer hospital dba karmanos cancer center,barbara ann karmanos cancer hospital dba karmanos cancer center
26163,48201,karmanos cancer center,karmanos cancer center wayne state university,karmanos cancer center wayne state university
26163,48201,karmanos cancer institute,barbara ann karmanos cancer institute,barbara ann karmanos cancer institute
26163,48201,karmanos cancer institute,barbara ann karmanos cancer institute detroit,barbara ann karmanos cancer institute detroit
26163,48201,karmanos cancer institute,barbara ann karmanos cancer institute wayne state university,barbara ann karmanos cancer institute wayne state university
26163,48201,karmanos cancer institute,karmanos cancer institute detroit,karmanos cancer institute detroit
26163,48201,karmanos cancer institute,the barbara ann karmanos cancer institute,the barbara ann karmanos cancer institute
26163,48201,karmanos cancer institute,wayne state university barbara ann karmanos cancer institute,wayne state university barbara ann karmanos cancer institute
26163,48201,karmanos cancer institute,wayne state university karmanos cancer institute,wayne state university karmanos cancer institute
26163,48201,karmanos cancer institute detroit,barbara ann karmanos cancer institute detroit,barbara ann karmanos cancer institute detroit
26163,48201,wayne state university,barbara ann karmanos cancer institute wayne state university,barbara ann karmanos cancer institute wayne state university
26163,48201,wayne state university,karmanos cancer center wayne state university,karmanos cancer center wayne state university
26163,48201,wayne state university,wayne state university barbara ann karmanos cancer institute,wayne state university barbara ann karmanos cancer institute
26163,48201,wayne state university,wayne state university karmanos cancer institute,wayne state university karmanos cancer institute
26163,48201,wayne state university,wayne state university school of medicine,wayne state university school of medicine
26163,48202,henry ford cancer detroit,henry ford cancer detroit brigitte harris cancer pavilion,henry ford cancer detroit brigitte harris cancer pavilion
26163,48202,henry ford cancer institute,henry ford cancer institute henry ford health system,henry ford cancer institute henry ford health system
26163,48202,henry ford health,henry ford cancer institute henry ford health system,henry ford cancer institute henry ford health system
26163,48202,henry ford health,henry ford health cancer,henry ford health cancer
26163,48202,henry ford health,henry ford health hospital,henry ford health hospital
26163,48202,henry ford health,henry ford health system,henry ford health system
26163,48202,henry ford health system,henry ford cancer institute henry ford health system,henry ford cancer institute henry ford health system
27003,55433,allina health cancer institute,allina health cancer institute mercy hospital,allina health cancer institute mercy hospital
27003,55433,mercy hospital,allina health cancer institute mercy hospital,allina health cancer institute mercy hospital
27003,55433,minnesota oncology coon rapids,usor minnesota oncology coon rapids clinic,usor minnesota oncology coon rapids clinic
27003,55433,minnesota oncology hematology,minnesota oncology hematology p a,minnesota oncology hematology p a
27003,55433,minnesota oncology hematology,minnesota oncology hematology pa,minnesota oncology hematology pa
27037,55337,minnesota oncology burnsville,usor minnesota oncology burnsville,usor minnesota oncology burnsville
27037,55337,minnesota oncology hematology,minnesota oncology hematology mno,minnesota oncology hematology mno
27037,55337,minnesota oncology hematology,minnesota oncology hematology p a,minnesota oncology hematology p a
27037,55337,minnesota oncology hematology,minnesota oncology hematology pa,minnesota oncology hematology pa
27053,55369,minnesota oncology,minnesota oncology hematology primary,minnesota oncology hematology primary
27053,55369,minnesota oncology,minnesota oncology maple grove,minnesota oncology maple grove
27053,55369,minnesota oncology,minnesota oncology sarah cannon research institute,minnesota oncology sarah cannon research institute
27053,55369,minnesota oncology,usor minnesota oncology maple grove clinic,usor minnesota oncology maple grove clinic
27053,55369,minnesota oncology maple grove,usor minnesota oncology maple grove clinic,usor minnesota oncology maple grove clinic
27053,55404,minnesota oncology hematology,minnesota oncology hematology p a,minnesota oncology hematology p a
27053,55404,minnesota oncology hematology,minnesota oncology hematology pa,minnesota oncology hematology pa
27053,55404,minnesota oncology hematology,scri minnesota oncology hematology p a,scri minnesota oncology hematology p a
27053,55404,minnesota oncology hematology p a,scri minnesota oncology hematology p a,scri minnesota oncology hematology p a
27053,55404,minnesota oncology minneapolis,minnesota oncology minneapolis clinic,minnesota oncology minneapolis clinic
27053,55404,minnesota oncology minneapolis,usor minnesota oncology minneapolis clinic,usor minnesota oncology minneapolis clinic
27053,55404,minnesota oncology minneapolis clinic,usor minnesota oncology minneapolis clinic,usor minnesota oncology minneapolis clinic
27053,55404,usor minnesota oncology,usor minnesota oncology minneapolis clinic,usor minnesota oncology minneapolis clinic
27053,55407,abbott northwestern hospital,allina health cancer institute abbott northwestern hospital,allina health cancer institute abbott northwestern hospital
27053,55407,abbott northwestern hospital,allina health systems abbott northwestern hospital,allina health systems abbott northwestern hospital
27053,55407,allina health cancer institute,allina health cancer institute abbott northwestern hospital,allina health cancer institute abbott northwestern hospital
27053,55407,allina health cancer institute,allina health cancer institute hematology cancer care services,allina health cancer institute hematology cancer care services
27053,55407,allina health cancer institute,allina health cancer institute minneapolis,allina health cancer institute minneapolis
27053,55416,metro minnesota community oncology research consortium,metro minnesota community oncology research consortium hennepin county medical center,metro minnesota community oncology research consortium hennepin county medical center
27053,55426,healthpartners cancer research center,healthpartners cancer research center healthpartners frauenshuh cancer center,healthpartners cancer research center healthpartners frauenshuh cancer center
27053,55426,healthpartners frauenshuh cancer center,healthpartners cancer research center healthpartners frauenshuh cancer center,healthpartners cancer research center healthpartners frauenshuh cancer center
27053,55426,healthpartners frauenshuh cancer center,healthpartners frauenshuh cancer center crc west,healthpartners frauenshuh cancer center crc west
27053,55426,metro minnesota community oncology,metro minnesota community oncology research consortium mmcorc,metro minnesota community oncology research consortium mmcorc
27053,55435,minnesota oncology edina,minnesota oncology edina clinic,minnesota oncology edina clinic
27053,55435,minnesota oncology edina,usor minnesota oncology edina clinic,usor minnesota oncology edina clinic
27053,55435,minnesota oncology edina clinic,usor minnesota oncology edina clinic,usor minnesota oncology edina clinic
27053,55455,m health fairview university of minnesota medical center,m health fairview university of minnesota medical center east bank,m health fairview university of minnesota medical center east bank
27053,55455,m health fairview university of minnesota medical center,m health fairview university of minnesota medical center east bank hospital,m health fairview university of minnesota medical center east bank hospital
27053,55455,m health fairview university of minnesota medical center east bank,m health fairview university of minnesota medical center east bank hospital,m health fairview university of minnesota medical center east bank hospital
27053,55455,masonic cancer center,masonic cancer center at university of minnesota,masonic cancer center at university of minnesota
27053,55455,masonic cancer center,masonic cancer center university of minnesota,masonic cancer center university of minnesota
27053,55455,masonic cancer center,university of minnesota masonic cancer center,university of minnesota masonic cancer center
27053,55455,university of minnesota,m health fairview university of minnesota medical center,m health fairview university of minnesota medical center
27053,55455,university of minnesota,m health fairview university of minnesota medical center east bank,m health fairview university of minnesota medical center east bank
27053,55455,university of minnesota,m health fairview university of minnesota medical center east bank hospital,m health fairview university of minnesota medical center east bank hospital
27053,55455,university of minnesota,masonic cancer center at university of minnesota,masonic cancer center at university of minnesota
27053,55455,university of minnesota,masonic cancer center university of minnesota,masonic cancer center university of minnesota
27053,55455,university of minnesota,regents of the university of minnesota,regents of the university of minnesota
27053,55455,university of minnesota,university of minnesota clinical research unit,university of minnesota clinical research unit
27053,55455,university of minnesota,university of minnesota masonic cancer center,university of minnesota masonic cancer center
27053,55455,university of minnesota,university of minnesota medical center,university of minnesota medical center
27053,55455,university of minnesota,university of minnesota medical center fairview,university of minnesota medical center fairview
27053,55455,university of minnesota,university of minnesota medical school,university of minnesota medical school
27053,55455,university of minnesota medical center,m health fairview university of minnesota medical center,m health fairview university of minnesota medical center
27053,55455,university of minnesota medical center,m health fairview university of minnesota medical center east bank,m health fairview university of minnesota medical center east bank
27053,55455,university of minnesota medical center,m health fairview university of minnesota medical center east bank hospital,m health fairview university of minnesota medical center east bank hospital
27053,55455,university of minnesota medical center,university of minnesota medical center fairview,university of minnesota medical center fairview
27109,55905,mayo clinic,mayo clinic cancer center,mayo clinic cancer center
27109,55905,mayo clinic,mayo clinic cancer center outpatient pharmacy,mayo clinic cancer center outpatient pharmacy
27109,55905,mayo clinic,mayo clinic clinical trials referral office,mayo clinic clinical trials referral office
27109,55905,mayo clinic,mayo clinic comprehensive cancer center,mayo clinic comprehensive cancer center
27109,55905,mayo clinic,mayo clinic comprehensive cancer center breast clinic,mayo clinic comprehensive cancer center breast clinic
27109,55905,mayo clinic,mayo clinic data collection only,mayo clinic data collection only
27109,55905,mayo clinic,mayo clinic hospital,mayo clinic hospital
27109,55905,mayo clinic,mayo clinic hospital rochester,mayo clinic hospital rochester
27109,55905,mayo clinic,mayo clinic hospital rochester mn,mayo clinic hospital rochester mn
27109,55905,mayo clinic,mayo clinic in minnesota,mayo clinic in minnesota
27109,55905,mayo clinic,mayo clinic in rochester,mayo clinic in rochester
27109,55905,mayo clinic,mayo clinic in rochester minnesota,mayo clinic in rochester minnesota
27109,55905,mayo clinic,mayo clinic in rochester minnesota mayo clinic comprehensive cancer center,mayo clinic in rochester minnesota mayo clinic comprehensive cancer center
27109,55905,mayo clinic,mayo clinic minnesota,mayo clinic minnesota
27109,55905,mayo clinic,mayo clinic ppds,mayo clinic ppds
27109,55905,mayo clinic,mayo clinic rochester,mayo clinic rochester
27109,55905,mayo clinic,mayo clinic rochester minnesota,mayo clinic rochester minnesota
27109,55905,mayo clinic,mayo clinic rochester mn,mayo clinic rochester mn
27109,55905,mayo clinic,mayo clinic transplant center rochester,mayo clinic transplant center rochester
27109,55905,mayo clinic,mayo clinical rochester,mayo clinical rochester
27109,55905,mayo clinic,the mayo clinic,the mayo clinic
27109,55905,mayo clinic cancer center,mayo clinic cancer center outpatient pharmacy,mayo clinic cancer center outpatient pharmacy
27109,55905,mayo clinic comprehensive cancer center,mayo clinic comprehensive cancer center breast clinic,mayo clinic comprehensive cancer center breast clinic
27109,55905,mayo clinic comprehensive cancer center,mayo clinic in rochester minnesota mayo clinic comprehensive cancer center,mayo clinic in rochester minnesota mayo clinic comprehensive cancer center
27109,55905,mayo clinic hospital,mayo clinic hospital rochester,mayo clinic hospital rochester
27109,55905,mayo clinic hospital,mayo clinic hospital rochester mn,mayo clinic hospital rochester mn
27109,55905,mayo clinic hospital rochester,mayo clinic hospital rochester mn,mayo clinic hospital rochester mn
27109,55905,mayo clinic in rochester,mayo clinic in rochester minnesota,mayo clinic in rochester minnesota
27109,55905,mayo clinic in rochester,mayo clinic in rochester minnesota mayo clinic comprehensive cancer center,mayo clinic in rochester minnesota mayo clinic comprehensive cancer center
27109,55905,mayo clinic in rochester minnesota,mayo clinic in rochester minnesota mayo clinic comprehensive cancer center,mayo clinic in rochester minnesota mayo clinic comprehensive cancer center
27109,55905,mayo clinic rochester,mayo clinic rochester minnesota,mayo clinic rochester minnesota
27109,55905,mayo clinic rochester,mayo clinic rochester mn,mayo clinic rochester mn
27119,56542,essentia health fosston,mncctn essentia health fosston,mncctn essentia health fosston
27123,55101,healthpartners cancer center at regions hospital,healthpartners cancer center at regions hospital crc east,healthpartners cancer center at regions hospital crc east
27123,55101,healthpartners cancer center at regions hospital,healthpartners cancer research center healthpartners cancer center at regions hospital,healthpartners cancer research center healthpartners cancer center at regions hospital
27123,55101,healthpartners cancer research center,healthpartners cancer research center healthpartners cancer center at regions hospital,healthpartners cancer research center healthpartners cancer center at regions hospital
27123,55101,regions hospital,health partners cancer center at regions hospital,health partners cancer center at regions hospital
27123,55101,regions hospital,health partners regions hospital,health partners regions hospital
27123,55101,regions hospital,healthpartners cancer center at regions hospital,healthpartners cancer center at regions hospital
27123,55101,regions hospital,healthpartners cancer center at regions hospital crc east,healthpartners cancer center at regions hospital crc east
27123,55101,regions hospital,healthpartners cancer research center healthpartners cancer center at regions hospital,healthpartners cancer research center healthpartners cancer center at regions hospital
27123,55101,regions hospital,regions hospital cancer care center,regions hospital cancer care center
27123,55101,regions hospital,regions hospital pharmacy,regions hospital pharmacy
27123,55101,research,healthpartners cancer research center,healthpartners cancer research center
27123,55101,research,healthpartners cancer research center healthpartners cancer center at regions hospital,healthpartners cancer research center healthpartners cancer center at regions hospital
27123,55101,research,metro minnesota community oncology research consortium mmcorc,metro minnesota community oncology research consortium mmcorc
27123,55102,allina health cancer institute,allina health cancer institute united hospital,allina health cancer institute united hospital
27123,55102,allina health cancer institute,allina health cancer institute united vpci,allina health cancer institute united vpci
27123,55102,united hospital,allina health cancer institute united hospital,allina health cancer institute united hospital
27123,55109,minnesota oncology hematology pa,minnesota oncology hematology pa maplewood,minnesota oncology hematology pa maplewood
27137,55746,essentia health hibbing clinic,mncctn essentia health hibbing clinic,mncctn essentia health hibbing clinic
27137,55792,essentia health virginia clinic,mncctn essentia health virginia clinic,mncctn essentia health virginia clinic
27137,55805,st luke s,st luke s hospital,st luke s hospital
27163,55125,minnesota oncology hematology p a,minnesota oncology hematology p a cornerstone medical specialty center,minnesota oncology hematology p a cornerstone medical specialty center
27163,55125,minnesota oncology hematology pa,minnesota oncology hematology pa cornerstone medical specialty center,minnesota oncology hematology pa cornerstone medical specialty center
27163,55125,minnesota oncology hematology pa,minnesota oncology hematology pa woodbury,minnesota oncology hematology pa woodbury
28035,39401,hattiesburg clinic,hattiesburg clinic hematology oncology,hattiesburg clinic hematology oncology
28049,39202,jackson oncology associates,jackson oncology associates pllc,jackson oncology associates pllc
28049,39202,jackson oncology associates,jackson oncology associates the hederman cancer center,jackson oncology associates the hederman cancer center
28049,39216,university of mississippi medical center,the university of mississippi medical center,the university of mississippi medical center
29019,65201,missouri cancer associates,missouri cancer associates 150518964,missouri cancer associates 150518964
29019,65212,university of missouri ellis fischel,university of missouri ellis fischel cancer center,university of missouri ellis fischel cancer center
29047,64116,university of kansas cancer center,university of kansas cancer center at north kansas city hospital,university of kansas cancer center at north kansas city hospital
29047,64116,university of kansas cancer center,university of kansas cancer center briarcliff,university of kansas cancer center briarcliff
29047,64116,university of kansas cancer center,university of kansas cancer center north kansas city hospital,university of kansas cancer center north kansas city hospital
29077,65807,cox medical center,cox medical center south,cox medical center south
29077,65807,oncology hematology associates,oncology hematology associates springfield springfield 2,oncology hematology associates springfield springfield 2
29095,64064,university of kansas cancer center lee s summit,the university of kansas cancer center lee s summit clinic,the university of kansas cancer center lee s summit clinic
29095,64108,truman medical center,university health truman medical center,university health truman medical center
29095,64128,kansas city va medical center,kansas city va medical center kansas city mo,kansas city va medical center kansas city mo
29095,64132,hca midwest,hca midwest division,hca midwest division
29095,64132,hca midwest,hca midwest health,hca midwest health
29095,64132,midamerica cancer care,american oncology partners p a dba midamerica cancer care,american oncology partners p a dba midamerica cancer care
29095,64132,midamerica cancer care,midamerica cancer care american oncology partners,midamerica cancer care american oncology partners
29095,64132,midamerica cancer care,midamerica cancer care llc,midamerica cancer care llc
29165,64154,the university of kansas cancer center north,the university of kansas cancer center north clinic,the university of kansas cancer center north clinic
29165,64154,university of kansas cancer center,the university of kansas cancer center north,the university of kansas cancer center north
29165,64154,university of kansas cancer center,the university of kansas cancer center north clinic,the university of kansas cancer center north clinic
29165,64154,university of kansas cancer center,university of kansas cancer center north,university of kansas cancer center north
29165,64154,university of kansas cancer center north,the university of kansas cancer center north,the university of kansas cancer center north
29165,64154,university of kansas cancer center north,the university of kansas cancer center north clinic,the university of kansas cancer center north clinic
29189,63128,mercy south,mercy south david m sindelar cancer center,mercy south david m sindelar cancer center
29189,63129,siteman cancer center south county,washington university school of medicine siteman cancer center south county,washington university school of medicine siteman cancer center south county
29189,63130,washington university,1011 washington university,1011 washington university
29189,63130,washington university,siteman cancer center washington university,siteman cancer center washington university
29189,63130,washington university,washington university in st louis,washington university in st louis
29189,63130,washington university,washington university medical center,washington university medical center
29189,63130,washington university,washington university medicine,washington university medicine
29189,63130,washington university,washington university school of medicine,washington university school of medicine
29189,63130,washington university,washington university school of medicine in st louis,washington university school of medicine in st louis
29189,63130,washington university,washington university st louis,washington university st louis
29189,63130,washington university school of medicine,washington university school of medicine in st louis,washington university school of medicine in st louis
29189,63141,mercy david c pratt cancer center,mercy david c pratt cancer center st mercy research david c pratt cancer center,mercy david c pratt cancer center st mercy research david c pratt cancer center
29189,63141,mercy hospital,mercy hospital saint louis,mercy hospital saint louis
29189,63141,mercy hospital,mercy hospital st louis,mercy hospital st louis
29189,63141,mercy research david c pratt cancer center,mercy david c pratt cancer center st mercy research david c pratt cancer center,mercy david c pratt cancer center st mercy research david c pratt cancer center
29189,63141,siteman cancer center west county,washington university school of medicine siteman cancer center west county,washington university school of medicine siteman cancer center west county
29510,63108,siteman cancer center,siteman cancer center washington university medical campus,siteman cancer center washington university medical campus
29510,63108,siteman cancer center,siteman cancer center washington university school of medicine,siteman cancer center washington university school of medicine
29510,63108,siteman cancer center,washington university siteman cancer center,washington university siteman cancer center
29510,63108,washington university medical campus,siteman cancer center washington university medical campus,siteman cancer center washington university medical campus
29510,63110,barnes jewish hospital,barnes jewish hospital siteman cancer center washington university st louis,barnes jewish hospital siteman cancer center washington university st louis
29510,63110,barnes jewish hospital,washington university school of medicine at barnes jewish hospital,washington university school of medicine at barnes jewish hospital
29510,63110,saint louis university,saint louis university hospital,saint louis university hospital
29510,63110,siteman cancer center at washington university,alvin j siteman cancer center at washington university,alvin j siteman cancer center at washington university
29510,63110,siteman cancer center washington university,barnes jewish hospital siteman cancer center washington university st louis,barnes jewish hospital siteman cancer center washington university st louis
29510,63110,washington university,alvin j siteman cancer center at washington university,alvin j siteman cancer center at washington university
29510,63110,washington university,barnes jewish hospital siteman cancer center washington university st louis,barnes jewish hospital siteman cancer center washington university st louis
29510,63110,washington university,siteman cancer center at washington university,siteman cancer center at washington university
29510,63110,washington university,siteman cancer center washington university,siteman cancer center washington university
29510,63110,washington university,the washington university,the washington university
29510,63110,washington university,washington university center for advanced medicine,washington university center for advanced medicine
29510,63110,washington university,washington university in st louis,washington university in st louis
29510,63110,washington university,washington university in st louis school of medicine,washington university in st louis school of medicine
29510,63110,washington university,washington university infusion center pharmacy,washington university infusion center pharmacy
29510,63110,washington university,washington university of st louis,washington university of st louis
29510,63110,washington university,washington university school of medicine,washington university school of medicine
29510,63110,washington university,washington university school of medicine adults only,washington university school of medicine adults only
29510,63110,washington university,washington university school of medicine at barnes jewish hospital,washington university school of medicine at barnes jewish hospital
29510,63110,washington university,washington university school of medicine at st louis,washington university school of medicine at st louis
29510,63110,washington university,washington university school of medicine center for advanced medicine,washington university school of medicine center for advanced medicine
29510,63110,washington university,washington university school of medicine in saint louis,washington university school of medicine in saint louis
29510,63110,washington university,washington university school of medicine in st louis,washington university school of medicine in st louis
29510,63110,washington university,washington university school of medicine internal medicine oncology,washington university school of medicine internal medicine oncology
29510,63110,washington university,washington university school of medicine obstetrics and gynecology,washington university school of medicine obstetrics and gynecology
29510,63110,washington university,washington university school of medicine oncology hospital public,washington university school of medicine oncology hospital public
29510,63110,washington university,washington university school of medicine siteman cancer center,washington university school of medicine siteman cancer center
29510,63110,washington university,washington university school of medicine sitemen cancer center,washington university school of medicine sitemen cancer center
29510,63110,washington university,washington university school of medicine st louis,washington university school of medicine st louis
29510,63110,washington university,washington university st louis,washington university st louis
29510,63110,washington university in st louis,washington university in st louis school of medicine,washington university in st louis school of medicine
29510,63110,washington university school of medicine,washington university school of medicine adults only,washington university school of medicine adults only
29510,63110,washington university school of medicine,washington university school of medicine at barnes jewish hospital,washington university school of medicine at barnes jewish hospital
29510,63110,washington university school of medicine,washington university school of medicine at st louis,washington university school of medicine at st louis
29510,63110,washington university school of medicine,washington university school of medicine center for advanced medicine,washington university school of medicine center for advanced medicine
29510,63110,washington university school of medicine,washington university school of medicine in saint louis,washington university school of medicine in saint louis
29510,63110,washington university school of medicine,washington university school of medicine in st louis,washington university school of medicine in st louis
29510,63110,washington university school of medicine,washington university school of medicine internal medicine oncology,washington university school of medicine internal medicine oncology
29510,63110,washington university school of medicine,washington university school of medicine obstetrics and gynecology,washington university school of medicine obstetrics and gynecology
29510,63110,washington university school of medicine,washington university school of medicine oncology hospital public,washington university school of medicine oncology hospital public
29510,63110,washington university school of medicine,washington university school of medicine siteman cancer center,washington university school of medicine siteman cancer center
29510,63110,washington university school of medicine,washington university school of medicine sitemen cancer center,washington university school of medicine sitemen cancer center
29510,63110,washington university school of medicine,washington university school of medicine st louis,washington university school of medicine st louis
29510,63110,washington university st louis,barnes jewish hospital siteman cancer center washington university st louis,barnes jewish hospital siteman cancer center washington university st louis
30031,59715,bozeman health deaconess hospital,bozeman health deaconess hospital bozeman health cancer center,bozeman health deaconess hospital bozeman health cancer center
30031,59715,bozeman health deaconess hospital,bozeman health deaconess hospital bozeman health clinical research,bozeman health deaconess hospital bozeman health clinical research
30111,59101,billings clinic,billings clinic cancer center,billings clinic cancer center
30111,59102,st vincent frontier cancer center,intermountain health st vincent frontier cancer center,intermountain health st vincent frontier cancer center
30111,59102,st vincent frontier cancer center,saint joseph hospital cancer centers st vincent frontier cancer center,saint joseph hospital cancer centers st vincent frontier cancer center
30111,59102,st vincent frontier cancer center,st vincent frontier cancer center research,st vincent frontier cancer center research
30111,59102,st vincent regional hospital cancer centers of montana,intermountain health st vincent regional hospital cancer centers of montana,intermountain health st vincent regional hospital cancer centers of montana
30111,59106,intermountain health west end clinic,intermountain health intermountain health west end clinic,intermountain health intermountain health west end clinic
31055,68114,methodist hospital,nebraska methodist hospital,nebraska methodist hospital
31055,68130,nebraska cancer specialists,nebraska cancer specialists midwest cancer center,nebraska cancer specialists midwest cancer center
31055,68130,nebraska cancer specialists,nebraska cancer specialists midwest cancer center legacy,nebraska cancer specialists midwest cancer center legacy
31055,68130,nebraska cancer specialists,nebraska cancer specialists ncs,nebraska cancer specialists ncs
31055,68130,nebraska cancer specialists,nebraska cancer specialists omaha wright street,nebraska cancer specialists omaha wright street
31055,68130,nebraska cancer specialists,oncology hematology west p c dba nebraska cancer specialists,oncology hematology west p c dba nebraska cancer specialists
31055,68130,nebraska cancer specialists,oncology hematology west pc dba nebraska cancer specialists,oncology hematology west pc dba nebraska cancer specialists
31055,68130,nebraska cancer specialists,oncology hematology west pc dba nebraska cancer specialists legacy,oncology hematology west pc dba nebraska cancer specialists legacy
31055,68130,nebraska cancer specialists midwest cancer center,nebraska cancer specialists midwest cancer center legacy,nebraska cancer specialists midwest cancer center legacy
31055,68130,oncology hematology west pc,oncology hematology west pc dba nebraska cancer specialists,oncology hematology west pc dba nebraska cancer specialists
31055,68130,oncology hematology west pc,oncology hematology west pc dba nebraska cancer specialists legacy,oncology hematology west pc dba nebraska cancer specialists legacy
31055,68130,oncology hematology west pc dba nebraska cancer specialists,oncology hematology west pc dba nebraska cancer specialists legacy,oncology hematology west pc dba nebraska cancer specialists legacy
31055,68130,xcancer omaha,xcancer omaha urology cancer center,xcancer omaha urology cancer center
31055,68198,university of nebraska,nebraska medicine university of nebraska medical center,nebraska medicine university of nebraska medical center
31055,68198,university of nebraska,the university of nebraska medical center,the university of nebraska medical center
31055,68198,university of nebraska,university of nebraska medical,university of nebraska medical
31055,68198,university of nebraska,university of nebraska medical center,university of nebraska medical center
31055,68198,university of nebraska,university of nebraska medicine,university of nebraska medicine
31055,68198,university of nebraska medical,nebraska medicine university of nebraska medical center,nebraska medicine university of nebraska medical center
31055,68198,university of nebraska medical,the university of nebraska medical center,the university of nebraska medical center
31055,68198,university of nebraska medical,university of nebraska medical center,university of nebraska medical center
31055,68198,university of nebraska medical center,nebraska medicine university of nebraska medical center,nebraska medicine university of nebraska medical center
31055,68198,university of nebraska medical center,the university of nebraska medical center,the university of nebraska medical center
31079,68803,nebraska cancer specialist,nebraska cancer specialists,nebraska cancer specialists
31079,68803,nebraska cancer specialist,nebraska cancer specialists st francis grand island,nebraska cancer specialists st francis grand island
31079,68803,nebraska cancer specialist,oncology hematology west pc dba nebraska cancer specialist,oncology hematology west pc dba nebraska cancer specialist
31079,68803,nebraska cancer specialist,oncology hematology west pc dba nebraska cancer specialists,oncology hematology west pc dba nebraska cancer specialists
31079,68803,nebraska cancer specialist,oncology hematology west pc dba nebraska cancer specialists grand island,oncology hematology west pc dba nebraska cancer specialists grand island
31079,68803,nebraska cancer specialist,oncology hematology west pc dba nebraska cancer specialists regional,oncology hematology west pc dba nebraska cancer specialists regional
31079,68803,nebraska cancer specialists,nebraska cancer specialists st francis grand island,nebraska cancer specialists st francis grand island
31079,68803,nebraska cancer specialists,oncology hematology west pc dba nebraska cancer specialists,oncology hematology west pc dba nebraska cancer specialists
31079,68803,nebraska cancer specialists,oncology hematology west pc dba nebraska cancer specialists grand island,oncology hematology west pc dba nebraska cancer specialists grand island
31079,68803,nebraska cancer specialists,oncology hematology west pc dba nebraska cancer specialists regional,oncology hematology west pc dba nebraska cancer specialists regional
31079,68803,oncology hematology west pc dba nebraska cancer specialist,oncology hematology west pc dba nebraska cancer specialists,oncology hematology west pc dba nebraska cancer specialists
31079,68803,oncology hematology west pc dba nebraska cancer specialist,oncology hematology west pc dba nebraska cancer specialists grand island,oncology hematology west pc dba nebraska cancer specialists grand island
31079,68803,oncology hematology west pc dba nebraska cancer specialist,oncology hematology west pc dba nebraska cancer specialists regional,oncology hematology west pc dba nebraska cancer specialists regional
31079,68803,oncology hematology west pc dba nebraska cancer specialists,oncology hematology west pc dba nebraska cancer specialists grand island,oncology hematology west pc dba nebraska cancer specialists grand island
31079,68803,oncology hematology west pc dba nebraska cancer specialists,oncology hematology west pc dba nebraska cancer specialists regional,oncology hematology west pc dba nebraska cancer specialists regional
31109,68506,nebraska hematology oncology,nebraska hematology oncology nho,nebraska hematology oncology nho
31109,68506,nebraska hematology oncology,nebraska hematology oncology revive research institute llc,nebraska hematology oncology revive research institute llc
31109,68506,nho revive research institute,nho revive research institute llc,nho revive research institute llc
31109,68516,cancer partners of nebraska,cancer partners of nebraska april sampson cancer center,cancer partners of nebraska april sampson cancer center
31109,68516,cancer partners of nebraska,cancer partners of nebraska pine lake,cancer partners of nebraska pine lake
31153,68123,nebraska medicine bellevue,nebraska medicine bellevue medical center,nebraska medicine bellevue medical center
32003,89102,optumcare cancer care,optumcare cancer care at charleston,optumcare cancer care at charleston
32003,89102,optumcare cancer care,optumcare cancer care research department,optumcare cancer care research department
32003,89169,comprehensive cancer centers,comprehensive cancer centers nevada,comprehensive cancer centers nevada
32003,89169,comprehensive cancer centers,comprehensive cancer centers of nevada cccn central valley,comprehensive cancer centers of nevada cccn central valley
32003,89169,comprehensive cancer centers,comprehensive cancer centers of nevada central valley,comprehensive cancer centers of nevada central valley
32003,89169,comprehensive cancer centers,comprehensive cancer centers of nevada central valley twain,comprehensive cancer centers of nevada central valley twain
32003,89169,comprehensive cancer centers of nevada central valley,comprehensive cancer centers of nevada central valley twain,comprehensive cancer centers of nevada central valley twain
32003,89169,research,research site,research site
32031,89502,renown health medical oncology,renown regional medical center renown health medical oncology,renown regional medical center renown health medical oncology
32031,89502,renown regional medical center,renown regional medical center renown health medical oncology,renown regional medical center renown health medical oncology
32031,89511,center of hope,the center of hope,the center of hope
32031,89511,center of hope,the center of hope reno,the center of hope reno
32031,89511,the center of hope,the center of hope reno,the center of hope reno
33009,03756,dartmouth cancer center,dartmouth cancer center dartmouth hitchcock medical center,dartmouth cancer center dartmouth hitchcock medical center
33009,03756,dartmouth cancer center,dartmouth hitchcock medical center dartmouth cancer center,dartmouth hitchcock medical center dartmouth cancer center
33009,03756,dartmouth hitchcock,dartmouth cancer center dartmouth hitchcock medical center,dartmouth cancer center dartmouth hitchcock medical center
33009,03756,dartmouth hitchcock,dartmouth hitchcock cancer center,dartmouth hitchcock cancer center
33009,03756,dartmouth hitchcock,dartmouth hitchcock medical,dartmouth hitchcock medical
33009,03756,dartmouth hitchcock,dartmouth hitchcock medical center,dartmouth hitchcock medical center
33009,03756,dartmouth hitchcock,dartmouth hitchcock medical center dartmouth cancer center,dartmouth hitchcock medical center dartmouth cancer center
33009,03756,dartmouth hitchcock,dartmouth hitchcock medical center dhmc norris cotton cancer center,dartmouth hitchcock medical center dhmc norris cotton cancer center
33009,03756,dartmouth hitchcock medical,dartmouth cancer center dartmouth hitchcock medical center,dartmouth cancer center dartmouth hitchcock medical center
33009,03756,dartmouth hitchcock medical,dartmouth hitchcock medical center,dartmouth hitchcock medical center
33009,03756,dartmouth hitchcock medical,dartmouth hitchcock medical center dartmouth cancer center,dartmouth hitchcock medical center dartmouth cancer center
33009,03756,dartmouth hitchcock medical,dartmouth hitchcock medical center dhmc norris cotton cancer center,dartmouth hitchcock medical center dhmc norris cotton cancer center
33009,03756,dartmouth hitchcock medical center,dartmouth cancer center dartmouth hitchcock medical center,dartmouth cancer center dartmouth hitchcock medical center
33009,03756,dartmouth hitchcock medical center,dartmouth hitchcock medical center dartmouth cancer center,dartmouth hitchcock medical center dartmouth cancer center
33009,03756,dartmouth hitchcock medical center,dartmouth hitchcock medical center dhmc norris cotton cancer center,dartmouth hitchcock medical center dhmc norris cotton cancer center
33011,03103,nh oncology hematology pa,solinsky center for cancer care nh oncology hematology pa,solinsky center for cancer care nh oncology hematology pa
33011,03103,solinsky center for cancer care,solinsky center for cancer care nh oncology hematology pa,solinsky center for cancer care nh oncology hematology pa
33015,03801,new england cancer specialist,new england cancer specialists portsmouth,new england cancer specialists portsmouth
34003,07601,hackensack,hackensack medical center,hackensack medical center
34003,07601,hackensack,hackensack meridian health,hackensack meridian health
34003,07601,hackensack,hackensack meridian health data collection only,hackensack meridian health data collection only
34003,07601,hackensack,hackensack meridian health hackensack university medical center,hackensack meridian health hackensack university medical center
34003,07601,hackensack,hackensack meridian health john theurer cancer center,hackensack meridian health john theurer cancer center
34003,07601,hackensack,hackensack meridian john theurer cancer center,hackensack meridian john theurer cancer center
34003,07601,hackensack,hackensack univ medical center humc,hackensack univ medical center humc
34003,07601,hackensack,hackensack university medical center,hackensack university medical center
34003,07601,hackensack,hackensack university medical center john theurer cancer center,hackensack university medical center john theurer cancer center
34003,07601,hackensack,hmh hackensack university medical center,hmh hackensack university medical center
34003,07601,hackensack,john theurer cancer center at hackensack umc,john theurer cancer center at hackensack umc
34003,07601,hackensack,john theurer cancer center at hackensack university medical center,john theurer cancer center at hackensack university medical center
34003,07601,hackensack,john theurer cancer center hackensack,john theurer cancer center hackensack
34003,07601,hackensack,john theurer cancer center hackensack university,john theurer cancer center hackensack university
34003,07601,hackensack,john theurer cancer center hackensack university medical center,john theurer cancer center hackensack university medical center
34003,07601,hackensack,john theurer ctr hackensack umc,john theurer ctr hackensack umc
34003,07601,hackensack,the john theruer cancer center at hackensack university medical center,the john theruer cancer center at hackensack university medical center
34003,07601,hackensack meridian health,hackensack meridian health data collection only,hackensack meridian health data collection only
34003,07601,hackensack meridian health,hackensack meridian health hackensack university medical center,hackensack meridian health hackensack university medical center
34003,07601,hackensack meridian health,hackensack meridian health john theurer cancer center,hackensack meridian health john theurer cancer center
34003,07601,hackensack university medical center,hackensack meridian health hackensack university medical center,hackensack meridian health hackensack university medical center
34003,07601,hackensack university medical center,hackensack university medical center john theurer cancer center,hackensack university medical center john theurer cancer center
34003,07601,hackensack university medical center,hmh hackensack university medical center,hmh hackensack university medical center
34003,07601,hackensack university medical center,john theurer cancer center at hackensack university medical center,john theurer cancer center at hackensack university medical center
34003,07601,hackensack university medical center,john theurer cancer center hackensack university medical center,john theurer cancer center hackensack university medical center
34003,07601,hackensack university medical center,the john theruer cancer center at hackensack university medical center,the john theruer cancer center at hackensack university medical center
34003,07601,john theurer cancer center,hackensack meridian health john theurer cancer center,hackensack meridian health john theurer cancer center
34003,07601,john theurer cancer center,hackensack meridian john theurer cancer center,hackensack meridian john theurer cancer center
34003,07601,john theurer cancer center,hackensack university medical center john theurer cancer center,hackensack university medical center john theurer cancer center
34003,07601,john theurer cancer center,john theurer cancer center at hackensack umc,john theurer cancer center at hackensack umc
34003,07601,john theurer cancer center,john theurer cancer center at hackensack university medical center,john theurer cancer center at hackensack university medical center
34003,07601,john theurer cancer center,john theurer cancer center hackensack,john theurer cancer center hackensack
34003,07601,john theurer cancer center,john theurer cancer center hackensack university,john theurer cancer center hackensack university
34003,07601,john theurer cancer center,john theurer cancer center hackensack university medical center,john theurer cancer center hackensack university medical center
34003,07601,john theurer cancer center hackensack,john theurer cancer center hackensack university,john theurer cancer center hackensack university
34003,07601,john theurer cancer center hackensack,john theurer cancer center hackensack university medical center,john theurer cancer center hackensack university medical center
34003,07601,john theurer cancer center hackensack university,john theurer cancer center hackensack university medical center,john theurer cancer center hackensack university medical center
34003,07645,memorial sloan kettering bergen,memorial sloan kettering bergen all protocol activities,memorial sloan kettering bergen all protocol activities
34003,07645,memorial sloan kettering bergen,memorial sloan kettering bergen consent only,memorial sloan kettering bergen consent only
34003,07645,memorial sloan kettering bergen,memorial sloan kettering bergen limited protocol activities,memorial sloan kettering bergen limited protocol activities
34003,07645,memorial sloan kettering cancer center bergen,memorial sloan kettering cancer center bergen consent only,memorial sloan kettering cancer center bergen consent only
34003,07652,valley health system,the valley hospital valley health system the robert and audrey luckow pavilion,the valley hospital valley health system the robert and audrey luckow pavilion
34003,07652,valley health system,valley health systems ridgewood campus,valley health systems ridgewood campus
34003,07666,holy name,holy name hospital,holy name hospital
34003,07666,holy name,holy name medical center,holy name medical center
34007,08043,new jersey urology llc,new jersey urology llc summit health washington township,new jersey urology llc summit health washington township
34007,08103,cooper hospital univ med ctr,cooper hospital univ med ctr md anderson at cooper voorhees,cooper hospital univ med ctr md anderson at cooper voorhees
34007,08103,md anderson cancer center at cooper,md anderson cancer center at cooper two cooper plaza,md anderson cancer center at cooper two cooper plaza
34013,07039,cooperman barnabas medical center,cooperman barnabas medical center saint barnabas medical center,cooperman barnabas medical center saint barnabas medical center
34013,07039,saint barnabas medical center,cooperman barnabas medical center saint barnabas medical center,cooperman barnabas medical center saint barnabas medical center
34013,07109,regional cancer care,regional cancer care associates,regional cancer care associates
34013,07112,newark beth israel medical center,rwjbarnabas health newark beth israel medical center,rwjbarnabas health newark beth israel medical center
34017,07302,jersey city medical center,rwjbarnabas health jersey city medical center,rwjbarnabas health jersey city medical center
34021,08690,robert wood johnson university hospital hamilton,rwjbarnabas health robert wood johnson university hospital hamilton,rwjbarnabas health robert wood johnson university hospital hamilton
34021,08690,rwjbarnabas health robert wood johnson university hospital,rwjbarnabas health robert wood johnson university hospital hamilton,rwjbarnabas health robert wood johnson university hospital hamilton
34023,08816,astera cancer care,astera cancer care east brunswick,astera cancer care east brunswick
34023,08816,astera cancer care,astera cancer care formerly regional cancer care associates,astera cancer care formerly regional cancer care associates
34023,08816,start astera,start astera llc,start astera llc
34023,08816,start new jersey,start new jersey llc,start new jersey llc
34023,08901,robert wood johnson university hospital,rwjbarnabas health robert wood johnson university hospital,rwjbarnabas health robert wood johnson university hospital
34023,08901,rutgers cancer institute,rutgers cancer institute of new jersey cinj new brunswick,rutgers cancer institute of new jersey cinj new brunswick
34023,08901,rutgers cancer institute,rutgers cancer institute of nj rutgers the state university of new jersey,rutgers cancer institute of nj rutgers the state university of new jersey
34023,08903,cancer institute of new jersey,rutgers cancer institute of new jersey,rutgers cancer institute of new jersey
34023,08903,cancer institute of new jersey,rutgers cancer institute of new jersey robert wood johnson university hospital,rutgers cancer institute of new jersey robert wood johnson university hospital
34023,08903,rutgers cancer institute of new jersey,rutgers cancer institute of new jersey robert wood johnson university hospital,rutgers cancer institute of new jersey robert wood johnson university hospital
34023,08903,rwjbarnabas health robert wood johnson university hospita,rwjbarnabas health robert wood johnson university hospital somerset,rwjbarnabas health robert wood johnson university hospital somerset
34025,07740,monmouth medical center,rwjbarnabas health monmouth medical center,rwjbarnabas health monmouth medical center
34025,07748,memoral sloan kettering monmouth,memoral sloan kettering monmouth consent only,memoral sloan kettering monmouth consent only
34025,07748,memorial sloan kettering monmouth,memorial sloan kettering monmouth all protocol activities,memorial sloan kettering monmouth all protocol activities
34025,07748,memorial sloan kettering monmouth,memorial sloan kettering monmouth consent only,memorial sloan kettering monmouth consent only
34025,07748,memorial sloan kettering monmouth,memorial sloan kettering monmouth limited protocol activities,memorial sloan kettering monmouth limited protocol activities
34025,07753,jersey shore university medical center,jersey shore university medical center hackensack,jersey shore university medical center hackensack
34027,07932,summit health,summit health cancer center,summit health cancer center
34027,07932,summit health,summit health florham park campus,summit health florham park campus
34027,07932,summit medical group,summit medical group pa,summit medical group pa
34027,07960,atlantic health,atlantic health morristown medical center,atlantic health morristown medical center
34027,07960,atlantic health,atlantic health system,atlantic health system
34027,07960,atlantic health,atlantic health system hospital,atlantic health system hospital
34027,07960,atlantic health,atlantic health system morristown medical center,atlantic health system morristown medical center
34027,07960,atlantic health,atlantic healthcare system,atlantic healthcare system
34027,07960,atlantic health,morristown medical center atlantic health system,morristown medical center atlantic health system
34027,07960,atlantic health system,atlantic health system hospital,atlantic health system hospital
34027,07960,atlantic health system,atlantic health system morristown medical center,atlantic health system morristown medical center
34027,07960,atlantic health system,morristown medical center atlantic health system,morristown medical center atlantic health system
34027,07960,morristown medical center,atlantic health morristown medical center,atlantic health morristown medical center
34027,07960,morristown medical center,atlantic health system morristown medical center,atlantic health system morristown medical center
34027,07960,morristown medical center,morristown medical center atlantic health system,morristown medical center atlantic health system
34027,07960,morristown medical center,morristown medical center mmcorc,morristown medical center mmcorc
34029,08701,monmouth medical center,monmouth medical center southern campus,monmouth medical center southern campus
34029,08701,monmouth medical center,rwjbarnabas health monmouth medical center southern campus,rwjbarnabas health monmouth medical center southern campus
34029,08701,monmouth medical center southern campus,rwjbarnabas health monmouth medical center southern campus,rwjbarnabas health monmouth medical center southern campus
34029,08755,community medical center,rwjbarnabas health community medical center,rwjbarnabas health community medical center
34035,07920,memorial sloan kettering at basking ridge,memorial sloan kettering at basking ridge all protocol activities,memorial sloan kettering at basking ridge all protocol activities
34035,07920,memorial sloan kettering at basking ridge,memorial sloan kettering at basking ridge consent only,memorial sloan kettering at basking ridge consent only
34035,07920,memorial sloan kettering at basking ridge,memorial sloan kettering at basking ridge limited protocol activities,memorial sloan kettering at basking ridge limited protocol activities
34035,07920,memorial sloan kettering basking ridge,memorial sloan kettering basking ridge all protocol activites,memorial sloan kettering basking ridge all protocol activites
34035,07920,memorial sloan kettering basking ridge,memorial sloan kettering basking ridge all protocol activities,memorial sloan kettering basking ridge all protocol activities
34035,07920,memorial sloan kettering basking ridge,memorial sloan kettering basking ridge consent only,memorial sloan kettering basking ridge consent only
34035,07920,memorial sloan kettering basking ridge,memorial sloan kettering basking ridge limited protocol activites,memorial sloan kettering basking ridge limited protocol activites
34035,07920,memorial sloan kettering basking ridge,memorial sloan kettering basking ridge limited protocol activities,memorial sloan kettering basking ridge limited protocol activities
34035,07920,memorial sloan kettering basking ridge,memorial sloan kettering basking ridge limitedprotocol activities,memorial sloan kettering basking ridge limitedprotocol activities
34035,07920,memorial sloan kettering basking ridge,memorial sloan kettering hackensack memorial sloan kettering basking ridge,memorial sloan kettering hackensack memorial sloan kettering basking ridge
34035,08873,rwjbarnabas health robert wood johnson university hospital,rwjbarnabas health robert wood johnson university hospital somerset,rwjbarnabas health robert wood johnson university hospital somerset
34035,08876,robert wood johnson university hospital somerset,rwj barnabas health robert wood johnson university hospital somerset,rwj barnabas health robert wood johnson university hospital somerset
34035,08876,rwj university hospital somerset,rwj university hospital somerset steeplechase cancer center,rwj university hospital somerset steeplechase cancer center
34039,07202,trinitas hospital and comprehensive cancer center,rwjbarnabas health trinitas hospital and comprehensive cancer center,rwjbarnabas health trinitas hospital and comprehensive cancer center
34039,07901,atlantic health,atlantic health overlook mc,atlantic health overlook mc
34039,07901,atlantic health,atlantic health overlook medical center,atlantic health overlook medical center
34039,07901,atlantic health,atlantic health system,atlantic health system
34039,07901,atlantic health,atlantic health system overlook medical center,atlantic health system overlook medical center
34039,07901,atlantic health system,atlantic health system overlook medical center,atlantic health system overlook medical center
34039,07901,overlook medical center,atlantic health overlook medical center,atlantic health overlook medical center
34039,07901,overlook medical center,atlantic health system overlook medical center,atlantic health system overlook medical center
35001,87109,new mexico oncology hematology consultants,exigent research llc new mexico oncology hematology consultants ltd,exigent research llc new mexico oncology hematology consultants ltd
35001,87109,new mexico oncology hematology consultants,new mexico oncology hematology consultants ltd,new mexico oncology hematology consultants ltd
35001,87109,new mexico oncology hematology consultants ltd,exigent research llc new mexico oncology hematology consultants ltd,exigent research llc new mexico oncology hematology consultants ltd
35001,87131,the university of new mexico,the university of new mexico comprehensive cancer center,the university of new mexico comprehensive cancer center
35001,87131,university of new mexico,the university of new mexico,the university of new mexico
35001,87131,university of new mexico,the university of new mexico comprehensive cancer center,the university of new mexico comprehensive cancer center
35001,87131,university of new mexico,university of new mexico comprehensive cancer center,university of new mexico comprehensive cancer center
35001,87131,university of new mexico,university of new mexico school of medicine,university of new mexico school of medicine
35001,87131,university of new mexico comprehensive cancer center,the university of new mexico comprehensive cancer center,the university of new mexico comprehensive cancer center
35013,88011,memorial medical center,memorial medical center las cruces,memorial medical center las cruces
35043,87124,presbyterian rust medical center,presbyterian rust medical center jorgensen cancer center,presbyterian rust medical center jorgensen cancer center
35045,87401,san juan oncology associates,san juan oncology associates p c,san juan oncology associates p c
36001,12206,new york oncology hematology,new york oncology hematology nyoh albany medical center,new york oncology hematology nyoh albany medical center
36001,12206,new york oncology hematology,new york oncology hematology p c,new york oncology hematology p c
36001,12206,new york oncology hematology,one onc new york oncology hematology,one onc new york oncology hematology
36001,12208,albany medical center,new york oncology hematology albany medical center,new york oncology hematology albany medical center
36005,10461,montefiore,montefiore cancer center,montefiore cancer center
36005,10461,montefiore,montefiore einstein cancer center,montefiore einstein cancer center
36005,10461,montefiore,montefiore einstein comprehensive cancer center,montefiore einstein comprehensive cancer center
36005,10461,montefiore,montefiore einstein comprehensive cancer center meccc,montefiore einstein comprehensive cancer center meccc
36005,10461,montefiore,montefiore medical cancer center,montefiore medical cancer center
36005,10461,montefiore,montefiore medical center bronx,montefiore medical center bronx
36005,10461,montefiore,montefiore medical center einstein campus,montefiore medical center einstein campus
36005,10461,montefiore,montefiore medical center medical park,montefiore medical center medical park
36005,10461,montefiore,montefiore medical center montefiore medical park,montefiore medical center montefiore medical park
36005,10461,montefiore,montefiore medical center montefiore medical park oncology,montefiore medical center montefiore medical park oncology
36005,10461,montefiore,montefiore medical center weiler hospital,montefiore medical center weiler hospital
36005,10461,montefiore,montefiore medical centermontefiore medical park,montefiore medical centermontefiore medical park
36005,10461,montefiore,montefiore medical centre,montefiore medical centre
36005,10461,montefiore,montefiore medical park,montefiore medical park
36005,10461,montefiore einstein comprehensive cancer center,montefiore einstein comprehensive cancer center meccc,montefiore einstein comprehensive cancer center meccc
36005,10461,montefiore medical center montefiore medical park,montefiore medical center montefiore medical park oncology,montefiore medical center montefiore medical park oncology
36005,10461,montefiore medical park,montefiore medical center montefiore medical park,montefiore medical center montefiore medical park
36005,10461,montefiore medical park,montefiore medical center montefiore medical park oncology,montefiore medical center montefiore medical park oncology
36005,10461,montefiore medical park,montefiore medical centermontefiore medical park,montefiore medical centermontefiore medical park
36005,10467,children s hospital at montefiore,montefiore einstein cancer center and children s hospital at montefiore cham,montefiore einstein cancer center and children s hospital at montefiore cham
36005,10467,montefiore medical cente,einstein montefiore medical center,einstein montefiore medical center
36005,10467,montefiore medical cente,montefiore medical center,montefiore medical center
36005,10467,montefiore medical cente,montefiore medical center montefiore hospital,montefiore medical center montefiore hospital
36005,10467,montefiore medical cente,montefiore medical center moses campus,montefiore medical center moses campus
36005,10467,montefiore medical center,einstein montefiore medical center,einstein montefiore medical center
36005,10467,montefiore medical center,montefiore medical center montefiore hospital,montefiore medical center montefiore hospital
36005,10467,montefiore medical center,montefiore medical center moses campus,montefiore medical center moses campus
36029,14263,roswell park,roswell park cancer institute,roswell park cancer institute
36029,14263,roswell park,roswell park center institute,roswell park center institute
36029,14263,roswell park,roswell park comprehensive cancer center,roswell park comprehensive cancer center
36029,14263,roswell park,roswell park comprehensive care center,roswell park comprehensive care center
36047,11215,brooklyn methodist hospital,brooklyn methodist hospital new york presbyterian,brooklyn methodist hospital new york presbyterian
36047,11215,brooklyn methodist hospital,brooklyn methodist hospital newyork presbyterian,brooklyn methodist hospital newyork presbyterian
36047,11215,brooklyn methodist hospital,new york presbyterian brooklyn methodist hospital,new york presbyterian brooklyn methodist hospital
36055,14621,rochester general hospital,rochester general hospital infectious disease,rochester general hospital infectious disease
36055,14621,rochester general hospital,rochester general hospital lipson cancer institute,rochester general hospital lipson cancer institute
36055,14642,the university of rochester,wilmot cancer institute at the university of rochester medical center in new yor,wilmot cancer institute at the university of rochester medical center in new yor
36055,14642,university of rochester,james p wilmot cancer center at university of rochester medical center,james p wilmot cancer center at university of rochester medical center
36055,14642,university of rochester,the university of rochester,the university of rochester
36055,14642,university of rochester,university of rochester cancer center pharmacy investigational product,university of rochester cancer center pharmacy investigational product
36055,14642,university of rochester,university of rochester department of urology,university of rochester department of urology
36055,14642,university of rochester,university of rochester medical,university of rochester medical
36055,14642,university of rochester,university of rochester medical center,university of rochester medical center
36055,14642,university of rochester,university of rochester medical center james p wilmot cancer center,university of rochester medical center james p wilmot cancer center
36055,14642,university of rochester,university of rochester medical center urmc,university of rochester medical center urmc
36055,14642,university of rochester,university of rochester medical center urmc wilmot cancer institute wci james p wilmot cancer center,university of rochester medical center urmc wilmot cancer institute wci james p wilmot cancer center
36055,14642,university of rochester,university of rochester medical center urmc wilmot cancer institute wci james p wilmot cancer center rochester,university of rochester medical center urmc wilmot cancer institute wci james p wilmot cancer center rochester
36055,14642,university of rochester,university of rochester medical center wilmot cancer center,university of rochester medical center wilmot cancer center
36055,14642,university of rochester,university of rochester wilmot cancer institute,university of rochester wilmot cancer institute
36055,14642,university of rochester,wilmot cancer institute at the university of rochester medical center in new yor,wilmot cancer institute at the university of rochester medical center in new yor
36055,14642,university of rochester,wilmot cancer institute university of rochester,wilmot cancer institute university of rochester
36055,14642,university of rochester medical,james p wilmot cancer center at university of rochester medical center,james p wilmot cancer center at university of rochester medical center
36055,14642,university of rochester medical,university of rochester medical center,university of rochester medical center
36055,14642,university of rochester medical,university of rochester medical center james p wilmot cancer center,university of rochester medical center james p wilmot cancer center
36055,14642,university of rochester medical,university of rochester medical center urmc,university of rochester medical center urmc
36055,14642,university of rochester medical,university of rochester medical center urmc wilmot cancer institute wci james p wilmot cancer center,university of rochester medical center urmc wilmot cancer institute wci james p wilmot cancer center
36055,14642,university of rochester medical,university of rochester medical center urmc wilmot cancer institute wci james p wilmot cancer center rochester,university of rochester medical center urmc wilmot cancer institute wci james p wilmot cancer center rochester
36055,14642,university of rochester medical,university of rochester medical center wilmot cancer center,university of rochester medical center wilmot cancer center
36055,14642,university of rochester medical,wilmot cancer institute at the university of rochester medical center in new yor,wilmot cancer institute at the university of rochester medical center in new yor
36055,14642,university of rochester medical center,james p wilmot cancer center at university of rochester medical center,james p wilmot cancer center at university of rochester medical center
36055,14642,university of rochester medical center,university of rochester medical center james p wilmot cancer center,university of rochester medical center james p wilmot cancer center
36055,14642,university of rochester medical center,university of rochester medical center urmc,university of rochester medical center urmc
36055,14642,university of rochester medical center,university of rochester medical center urmc wilmot cancer institute wci james p wilmot cancer center,university of rochester medical center urmc wilmot cancer institute wci james p wilmot cancer center
36055,14642,university of rochester medical center,university of rochester medical center urmc wilmot cancer institute wci james p wilmot cancer center rochester,university of rochester medical center urmc wilmot cancer institute wci james p wilmot cancer center rochester
36055,14642,university of rochester medical center,university of rochester medical center wilmot cancer center,university of rochester medical center wilmot cancer center
36055,14642,university of rochester medical center,wilmot cancer institute at the university of rochester medical center in new yor,wilmot cancer institute at the university of rochester medical center in new yor
36055,14642,university of rochester medical center urmc,university of rochester medical center urmc wilmot cancer institute wci james p wilmot cancer center,university of rochester medical center urmc wilmot cancer institute wci james p wilmot cancer center
36055,14642,university of rochester medical center urmc,university of rochester medical center urmc wilmot cancer institute wci james p wilmot cancer center rochester,university of rochester medical center urmc wilmot cancer institute wci james p wilmot cancer center rochester
36055,14642,university of rochester medical center urmc wilmot cancer institute wci james p wilmot cancer center,university of rochester medical center urmc wilmot cancer institute wci james p wilmot cancer center rochester,university of rochester medical center urmc wilmot cancer institute wci james p wilmot cancer center rochester
36055,14642,wilmot cancer center,james p wilmot cancer center at university of rochester medical center,james p wilmot cancer center at university of rochester medical center
36055,14642,wilmot cancer center,university of rochester medical center james p wilmot cancer center,university of rochester medical center james p wilmot cancer center
36055,14642,wilmot cancer center,university of rochester medical center urmc wilmot cancer institute wci james p wilmot cancer center,university of rochester medical center urmc wilmot cancer institute wci james p wilmot cancer center
36055,14642,wilmot cancer center,university of rochester medical center urmc wilmot cancer institute wci james p wilmot cancer center rochester,university of rochester medical center urmc wilmot cancer institute wci james p wilmot cancer center rochester
36055,14642,wilmot cancer center,university of rochester medical center wilmot cancer center,university of rochester medical center wilmot cancer center
36055,14642,wilmot cancer institute,university of rochester medical center urmc wilmot cancer institute wci james p wilmot cancer center,university of rochester medical center urmc wilmot cancer institute wci james p wilmot cancer center
36055,14642,wilmot cancer institute,university of rochester medical center urmc wilmot cancer institute wci james p wilmot cancer center rochester,university of rochester medical center urmc wilmot cancer institute wci james p wilmot cancer center rochester
36055,14642,wilmot cancer institute,university of rochester wilmot cancer institute,university of rochester wilmot cancer institute
36055,14642,wilmot cancer institute,wilmot cancer institute at the university of rochester medical center in new yor,wilmot cancer institute at the university of rochester medical center in new yor
36055,14642,wilmot cancer institute,wilmot cancer institute university of rochester,wilmot cancer institute university of rochester
36059,11040,cohen children s medical center,the steven and alexandra cohen children s medical center of new york,the steven and alexandra cohen children s medical center of new york
36059,11040,long island jewish medical center,northwell health long island jewish medical center,northwell health long island jewish medical center
36059,11042,northwell health,1032 northwell health cancer institute,1032 northwell health cancer institute
36059,11042,northwell health,northwell health cancer institute,northwell health cancer institute
36059,11042,northwell health,northwell health cancer institute zuckerberg cancer center,northwell health cancer institute zuckerberg cancer center
36059,11042,northwell health,northwell health center for advanced medicine,northwell health center for advanced medicine
36059,11042,northwell health,northwell health center for advanced medicine brain tumor center,northwell health center for advanced medicine brain tumor center
36059,11042,northwell health,northwell health llc prime,northwell health llc prime
36059,11042,northwell health,northwell health monter cancer center,northwell health monter cancer center
36059,11042,northwell health,northwell health r j zuckerberg cancer center,northwell health r j zuckerberg cancer center
36059,11042,northwell health,northwell health r j zuckerberg cancer hospital,northwell health r j zuckerberg cancer hospital
36059,11042,northwell health,northwell health rj zuckerberg cancer center,northwell health rj zuckerberg cancer center
36059,11042,northwell health,northwell health the arthur smith institute for urology,northwell health the arthur smith institute for urology
36059,11042,northwell health,northwell health zuckerberg cancer center,northwell health zuckerberg cancer center
36059,11042,northwell health cancer institute,1032 northwell health cancer institute,1032 northwell health cancer institute
36059,11042,northwell health cancer institute,northwell health cancer institute zuckerberg cancer center,northwell health cancer institute zuckerberg cancer center
36059,11042,northwell health center for advanced medicine,northwell health center for advanced medicine brain tumor center,northwell health center for advanced medicine brain tumor center
36059,11042,rj zuckerberg,northwell health rj zuckerberg cancer center,northwell health rj zuckerberg cancer center
36059,11042,start new york,start new york llc,start new york llc
36059,11042,start new york,start new york long island,start new york long island
36059,11042,start new york,start new york long island llc,start new york long island llc
36059,11042,start new york long island,start new york long island llc,start new york long island llc
36059,11042,start ny,start ny long island,start ny long island
36059,11042,start ny,start nyli,start nyli
36059,11501,laura and isaac perlmutter cancer center at nyu langone,new york university cancer center laura and isaac perlmutter cancer center at nyu langone,new york university cancer center laura and isaac perlmutter cancer center at nyu langone
36059,11501,nyu langone health,nyu langone health long island,nyu langone health long island
36059,11501,nyu langone health,nyu langone health long island hospital,nyu langone health long island hospital
36059,11501,nyu langone health,perlmutter cancer center at nyu langone health,perlmutter cancer center at nyu langone health
36059,11501,nyu langone health long island,nyu langone health long island hospital,nyu langone health long island hospital
36059,11501,nyu langone hospital long island,laura isaac perlmutter cancer center at nyu langone hospital long island,laura isaac perlmutter cancer center at nyu langone hospital long island
36059,11501,nyu langone hospital long island,nyu langone hospital long island investigational pharmacy,nyu langone hospital long island investigational pharmacy
36059,11501,nyu langone hospital long island,perlmutter cancer center at nyu langone hospital long island,perlmutter cancer center at nyu langone hospital long island
36059,11501,nyu langone hospital long island,perlmutter cancer center at nyu langone hospital long island clinical research department,perlmutter cancer center at nyu langone hospital long island clinical research department
36059,11501,perlmutter cancer center at nyu langone hospital long island,laura isaac perlmutter cancer center at nyu langone hospital long island,laura isaac perlmutter cancer center at nyu langone hospital long island
36059,11501,perlmutter cancer center at nyu langone hospital long island,perlmutter cancer center at nyu langone hospital long island clinical research department,perlmutter cancer center at nyu langone hospital long island clinical research department
36059,11553,memorial sloan kettering cancer center nassau,memorial sloan kettering cancer center nassau consent only,memorial sloan kettering cancer center nassau consent only
36059,11553,memorial sloan kettering cancer center nassau,memorial sloan kettering cancer center nassau limited protocol activities,memorial sloan kettering cancer center nassau limited protocol activities
36059,11553,memorial sloan kettering nassau,memorial sloan kettering nassau all protocol activities,memorial sloan kettering nassau all protocol activities
36059,11553,memorial sloan kettering nassau,memorial sloan kettering nassau consent only,memorial sloan kettering nassau consent only
36059,11553,memorial sloan kettering nassau,memorial sloan kettering nassau limited protocol activites,memorial sloan kettering nassau limited protocol activites
36059,11553,memorial sloan kettering nassau,memorial sloan kettering nassau limited protocol activities,memorial sloan kettering nassau limited protocol activities
36059,11590,clinical research alliance,clinical research alliance inc,clinical research alliance inc
36059,11590,clinical research alliance,clinical research alliance ny,clinical research alliance ny
36059,11590,clinical research alliance,clinical research alliance westbury,clinical research alliance westbury
36061,10011,chelsea medical center at mount sinai,the blavatnik family chelsea medical center at mount sinai,the blavatnik family chelsea medical center at mount sinai
36061,10011,mount sinai,chelsea medical center at mount sinai,chelsea medical center at mount sinai
36061,10011,mount sinai,mount sinai chelsea,mount sinai chelsea
36061,10011,mount sinai,the blavatnik family chelsea medical center at mount sinai,the blavatnik family chelsea medical center at mount sinai
36061,10016,integrated medical professionals,integrated medical professionals pllc,integrated medical professionals pllc
36061,10016,integrated medical professionals,integrated medical professionals pllc solaris,integrated medical professionals pllc solaris
36061,10016,integrated medical professionals pllc,integrated medical professionals pllc solaris,integrated medical professionals pllc solaris
36061,10016,laura and isaac perlmutter cancer center,laura and isaac perlmutter cancer center at nyu langone,laura and isaac perlmutter cancer center at nyu langone
36061,10016,laura and isaac perlmutter cancer center,laura and isaac perlmutter cancer center at nyu langone ambulatory care center,laura and isaac perlmutter cancer center at nyu langone ambulatory care center
36061,10016,laura and isaac perlmutter cancer center,laura and isaac perlmutter cancer center at nyu langone health,laura and isaac perlmutter cancer center at nyu langone health
36061,10016,laura and isaac perlmutter cancer center,laura and isaac perlmutter cancer center at nyu langone health long island,laura and isaac perlmutter cancer center at nyu langone health long island
36061,10016,laura and isaac perlmutter cancer center,laura and isaac perlmutter cancer center hematology and oncology,laura and isaac perlmutter cancer center hematology and oncology
36061,10016,laura and isaac perlmutter cancer center,laura and isaac perlmutter cancer center nyu acc,laura and isaac perlmutter cancer center nyu acc
36061,10016,laura and isaac perlmutter cancer center,laura and isaac perlmutter cancer center nyu langone health,laura and isaac perlmutter cancer center nyu langone health
36061,10016,laura and isaac perlmutter cancer center,nyu langone health laura and isaac perlmutter cancer center,nyu langone health laura and isaac perlmutter cancer center
36061,10016,laura and isaac perlmutter cancer center,nyu laura and isaac perlmutter cancer center 34th street,nyu laura and isaac perlmutter cancer center 34th street
36061,10016,laura and isaac perlmutter cancer center at nyu langone,laura and isaac perlmutter cancer center at nyu langone ambulatory care center,laura and isaac perlmutter cancer center at nyu langone ambulatory care center
36061,10016,laura and isaac perlmutter cancer center at nyu langone,laura and isaac perlmutter cancer center at nyu langone health,laura and isaac perlmutter cancer center at nyu langone health
36061,10016,laura and isaac perlmutter cancer center at nyu langone,laura and isaac perlmutter cancer center at nyu langone health long island,laura and isaac perlmutter cancer center at nyu langone health long island
36061,10016,laura and isaac perlmutter cancer center at nyu langone health,laura and isaac perlmutter cancer center at nyu langone health long island,laura and isaac perlmutter cancer center at nyu langone health long island
36061,10016,laura and issac perlmutter cancer center at nyu langone,laura and issac perlmutter cancer center at nyu langone ambulatory care center,laura and issac perlmutter cancer center at nyu langone ambulatory care center
36061,10016,laura and issac perlmutter cancer center at nyu langone,laura and issac perlmutter cancer center at nyu langone east 34th street,laura and issac perlmutter cancer center at nyu langone east 34th street
36061,10016,laura isaac perlmutter cancer center,laura isaac perlmutter cancer center at nyu langone,laura isaac perlmutter cancer center at nyu langone
36061,10016,laura isaac perlmutter cancer center,laura isaac perlmutter cancer center at nyu langone health,laura isaac perlmutter cancer center at nyu langone health
36061,10016,laura isaac perlmutter cancer center,laura isaac perlmutter cancer center nyu langone health,laura isaac perlmutter cancer center nyu langone health
36061,10016,laura isaac perlmutter cancer center at nyu langone,laura isaac perlmutter cancer center at nyu langone health,laura isaac perlmutter cancer center at nyu langone health
36061,10016,new york university,new york university cancer center laura and isaac,new york university cancer center laura and isaac
36061,10016,new york university,new york university cancer institute,new york university cancer institute
36061,10016,new york university,new york university clinical cancer center,new york university clinical cancer center
36061,10016,new york university,new york university langone health,new york university langone health
36061,10016,new york university,new york university langone medical center,new york university langone medical center
36061,10016,new york university,new york university langone s perlmutter cancer institute,new york university langone s perlmutter cancer institute
36061,10016,new york university,new york university nyu,new york university nyu
36061,10016,new york university,new york university nyu clinical cancer center,new york university nyu clinical cancer center
36061,10016,new york university,new york university nyu langone medical center,new york university nyu langone medical center
36061,10016,new york university,new york university school of medicine,new york university school of medicine
36061,10016,new york university nyu,new york university nyu clinical cancer center,new york university nyu clinical cancer center
36061,10016,new york university nyu,new york university nyu langone medical center,new york university nyu langone medical center
36061,10016,nyu grossman school of medicine,nyu langone nyu grossman school of medicine,nyu langone nyu grossman school of medicine
36061,10016,nyu langone,laura and isaac perlmutter cancer center at nyu langone,laura and isaac perlmutter cancer center at nyu langone
36061,10016,nyu langone,laura and isaac perlmutter cancer center at nyu langone ambulatory care center,laura and isaac perlmutter cancer center at nyu langone ambulatory care center
36061,10016,nyu langone,laura and isaac perlmutter cancer center at nyu langone health,laura and isaac perlmutter cancer center at nyu langone health
36061,10016,nyu langone,laura and isaac perlmutter cancer center at nyu langone health long island,laura and isaac perlmutter cancer center at nyu langone health long island
36061,10016,nyu langone,laura and isaac perlmutter cancer center nyu langone health,laura and isaac perlmutter cancer center nyu langone health
36061,10016,nyu langone,laura and issac perlmutter ca ctr at nyu langone,laura and issac perlmutter ca ctr at nyu langone
36061,10016,nyu langone,laura and issac perlmutter cancer center at nyu langone,laura and issac perlmutter cancer center at nyu langone
36061,10016,nyu langone,laura and issac perlmutter cancer center at nyu langone ambulatory care center,laura and issac perlmutter cancer center at nyu langone ambulatory care center
36061,10016,nyu langone,laura and issac perlmutter cancer center at nyu langone east 34th street,laura and issac perlmutter cancer center at nyu langone east 34th street
36061,10016,nyu langone,laura isaac pe lmutter cancer center at nyu langone health,laura isaac pe lmutter cancer center at nyu langone health
36061,10016,nyu langone,laura isaac perlmutter cancer center at nyu langone,laura isaac perlmutter cancer center at nyu langone
36061,10016,nyu langone,laura isaac perlmutter cancer center at nyu langone health,laura isaac perlmutter cancer center at nyu langone health
36061,10016,nyu langone,laura isaac perlmutter cancer center nyu langone health,laura isaac perlmutter cancer center nyu langone health
36061,10016,nyu langone,new york university nyu langone medical center,new york university nyu langone medical center
36061,10016,nyu langone,nyu langone health,nyu langone health
36061,10016,nyu langone,nyu langone health laura and isaac perlmutter cancer center,nyu langone health laura and isaac perlmutter cancer center
36061,10016,nyu langone,nyu langone health manhattan,nyu langone health manhattan
36061,10016,nyu langone,nyu langone health perlmutter cancer center,nyu langone health perlmutter cancer center
36061,10016,nyu langone,nyu langone hospital manhattan,nyu langone hospital manhattan
36061,10016,nyu langone,nyu langone long island clinical research associates,nyu langone long island clinical research associates
36061,10016,nyu langone,nyu langone medical center,nyu langone medical center
36061,10016,nyu langone,nyu langone medical center nyu hematology associates,nyu langone medical center nyu hematology associates
36061,10016,nyu langone,nyu langone medical center nyu medical oncology associates,nyu langone medical center nyu medical oncology associates
36061,10016,nyu langone,nyu langone medical center perlmutter cancer center nyu cancer institute,nyu langone medical center perlmutter cancer center nyu cancer institute
36061,10016,nyu langone,nyu langone medical center tisch hospital,nyu langone medical center tisch hospital
36061,10016,nyu langone,nyu langone nyu grossman school of medicine,nyu langone nyu grossman school of medicine
36061,10016,nyu langone,nyu langone perimutter cancer center,nyu langone perimutter cancer center
36061,10016,nyu langone,nyu langone perlmutter cancer center,nyu langone perlmutter cancer center
36061,10016,nyu langone,nyu langone s perlmutter cancer center,nyu langone s perlmutter cancer center
36061,10016,nyu langone,perlmutter cancer center at nyu langone health,perlmutter cancer center at nyu langone health
36061,10016,nyu langone,perlmutter cancer center nyu langone health,perlmutter cancer center nyu langone health
36061,10016,nyu langone health,laura and isaac perlmutter cancer center at nyu langone health,laura and isaac perlmutter cancer center at nyu langone health
36061,10016,nyu langone health,laura and isaac perlmutter cancer center at nyu langone health long island,laura and isaac perlmutter cancer center at nyu langone health long island
36061,10016,nyu langone health,laura and isaac perlmutter cancer center nyu langone health,laura and isaac perlmutter cancer center nyu langone health
36061,10016,nyu langone health,laura isaac pe lmutter cancer center at nyu langone health,laura isaac pe lmutter cancer center at nyu langone health
36061,10016,nyu langone health,laura isaac perlmutter cancer center at nyu langone health,laura isaac perlmutter cancer center at nyu langone health
36061,10016,nyu langone health,laura isaac perlmutter cancer center nyu langone health,laura isaac perlmutter cancer center nyu langone health
36061,10016,nyu langone health,nyu langone health laura and isaac perlmutter cancer center,nyu langone health laura and isaac perlmutter cancer center
36061,10016,nyu langone health,nyu langone health manhattan,nyu langone health manhattan
36061,10016,nyu langone health,nyu langone health perlmutter cancer center,nyu langone health perlmutter cancer center
36061,10016,nyu langone health,perlmutter cancer center at nyu langone health,perlmutter cancer center at nyu langone health
36061,10016,nyu langone health,perlmutter cancer center nyu langone health,perlmutter cancer center nyu langone health
36061,10016,nyu langone medical center,new york university nyu langone medical center,new york university nyu langone medical center
36061,10016,nyu langone medical center,nyu langone medical center nyu hematology associates,nyu langone medical center nyu hematology associates
36061,10016,nyu langone medical center,nyu langone medical center nyu medical oncology associates,nyu langone medical center nyu medical oncology associates
36061,10016,nyu langone medical center,nyu langone medical center perlmutter cancer center nyu cancer institute,nyu langone medical center perlmutter cancer center nyu cancer institute
36061,10016,nyu langone medical center,nyu langone medical center tisch hospital,nyu langone medical center tisch hospital
36061,10016,perlmutter cancer center,laura and isaac perlmutter cancer center,laura and isaac perlmutter cancer center
36061,10016,perlmutter cancer center,laura and isaac perlmutter cancer center at nyu langone,laura and isaac perlmutter cancer center at nyu langone
36061,10016,perlmutter cancer center,laura and isaac perlmutter cancer center at nyu langone ambulatory care center,laura and isaac perlmutter cancer center at nyu langone ambulatory care center
36061,10016,perlmutter cancer center,laura and isaac perlmutter cancer center at nyu langone health,laura and isaac perlmutter cancer center at nyu langone health
36061,10016,perlmutter cancer center,laura and isaac perlmutter cancer center at nyu langone health long island,laura and isaac perlmutter cancer center at nyu langone health long island
36061,10016,perlmutter cancer center,laura and isaac perlmutter cancer center hematology and oncology,laura and isaac perlmutter cancer center hematology and oncology
36061,10016,perlmutter cancer center,laura and isaac perlmutter cancer center nyu acc,laura and isaac perlmutter cancer center nyu acc
36061,10016,perlmutter cancer center,laura and isaac perlmutter cancer center nyu langone health,laura and isaac perlmutter cancer center nyu langone health
36061,10016,perlmutter cancer center,laura and issac perlmutter cancer center at nyu langone,laura and issac perlmutter cancer center at nyu langone
36061,10016,perlmutter cancer center,laura and issac perlmutter cancer center at nyu langone ambulatory care center,laura and issac perlmutter cancer center at nyu langone ambulatory care center
36061,10016,perlmutter cancer center,laura and issac perlmutter cancer center at nyu langone east 34th street,laura and issac perlmutter cancer center at nyu langone east 34th street
36061,10016,perlmutter cancer center,laura isaac perlmutter cancer center,laura isaac perlmutter cancer center
36061,10016,perlmutter cancer center,laura isaac perlmutter cancer center at nyu langone,laura isaac perlmutter cancer center at nyu langone
36061,10016,perlmutter cancer center,laura isaac perlmutter cancer center at nyu langone health,laura isaac perlmutter cancer center at nyu langone health
36061,10016,perlmutter cancer center,laura isaac perlmutter cancer center nyu langone health,laura isaac perlmutter cancer center nyu langone health
36061,10016,perlmutter cancer center,nycyberknife at perlmutter cancer center,nycyberknife at perlmutter cancer center
36061,10016,perlmutter cancer center,nyu langone health laura and isaac perlmutter cancer center,nyu langone health laura and isaac perlmutter cancer center
36061,10016,perlmutter cancer center,nyu langone health perlmutter cancer center,nyu langone health perlmutter cancer center
36061,10016,perlmutter cancer center,nyu langone medical center perlmutter cancer center nyu cancer institute,nyu langone medical center perlmutter cancer center nyu cancer institute
36061,10016,perlmutter cancer center,nyu langone perlmutter cancer center,nyu langone perlmutter cancer center
36061,10016,perlmutter cancer center,nyu langone s perlmutter cancer center,nyu langone s perlmutter cancer center
36061,10016,perlmutter cancer center,nyu laura and isaac perlmutter cancer center 34th street,nyu laura and isaac perlmutter cancer center 34th street
36061,10016,perlmutter cancer center,perlmutter cancer center 34th street,perlmutter cancer center 34th street
36061,10016,perlmutter cancer center,perlmutter cancer center at nyu langone health,perlmutter cancer center at nyu langone health
36061,10016,perlmutter cancer center,perlmutter cancer center nyu langone health,perlmutter cancer center nyu langone health
36061,10016,perlmutter cancer center 34th street,nyu laura and isaac perlmutter cancer center 34th street,nyu laura and isaac perlmutter cancer center 34th street
36061,10016,perlmutter cancer center at nyu langone health,laura and isaac perlmutter cancer center at nyu langone health,laura and isaac perlmutter cancer center at nyu langone health
36061,10016,perlmutter cancer center at nyu langone health,laura and isaac perlmutter cancer center at nyu langone health long island,laura and isaac perlmutter cancer center at nyu langone health long island
36061,10016,perlmutter cancer center at nyu langone health,laura isaac perlmutter cancer center at nyu langone health,laura isaac perlmutter cancer center at nyu langone health
36061,10016,perlmutter cancer center nyu langone health,laura and isaac perlmutter cancer center nyu langone health,laura and isaac perlmutter cancer center nyu langone health
36061,10016,perlmutter cancer center nyu langone health,laura isaac perlmutter cancer center nyu langone health,laura isaac perlmutter cancer center nyu langone health
36061,10016,tisch hospital,nyu langone medical center tisch hospital,nyu langone medical center tisch hospital
36061,10021,new york presbyterian hospital,new york medicine new york presbyterian hospital,new york medicine new york presbyterian hospital
36061,10021,new york presbyterian hospital,weill cornell medical college new york presbyterian hospital,weill cornell medical college new york presbyterian hospital
36061,10022,rockefeller outpatient pavilion,rockefeller outpatient pavilion 53rd street,rockefeller outpatient pavilion 53rd street
36061,10029,icahn school of medicine at mount sinai,icahn school of medicine at mount sinai division of hematology and medical oncology,icahn school of medicine at mount sinai division of hematology and medical oncology
36061,10029,icahn school of medicine at mount sinai,icahn school of medicine at mount sinai hospital,icahn school of medicine at mount sinai hospital
36061,10029,icahn school of medicine at mount sinai,icahn school of medicine at mount sinai ismms,icahn school of medicine at mount sinai ismms
36061,10029,icahn school of medicine at mount sinai,icahn school of medicine at mount sinai prime,icahn school of medicine at mount sinai prime
36061,10029,icahn school of medicine at mount sinai,icahn school of medicine at mount sinai the tisch cancer institute,icahn school of medicine at mount sinai the tisch cancer institute
36061,10029,icahn school of medicine at mount sinai,tisch cancer institute icahn school of medicine at mount sinai,tisch cancer institute icahn school of medicine at mount sinai
36061,10029,mount sinai hospital,icahn school of medicine at mount sinai hospital,icahn school of medicine at mount sinai hospital
36061,10029,mount sinai hospital,the mount sinai hospital,the mount sinai hospital
36061,10029,mount sinai medical center,mount sinai medical center 2,mount sinai medical center 2
36061,10029,mount sinai medical center,the tisch cancer institute mount sinai medical center,the tisch cancer institute mount sinai medical center
36061,10029,mount sinai the tisch cancer institute,icahn school of medicine at mount sinai the tisch cancer institute,icahn school of medicine at mount sinai the tisch cancer institute
36061,10029,mt sinai,icahn school of medicine at mt sinai,icahn school of medicine at mt sinai
36061,10029,mt sinai,mt sinai hospital,mt sinai hospital
36061,10029,ruttenberg treatment center,mount sinai ruttenberg treatment center,mount sinai ruttenberg treatment center
36061,10029,the tisch cancer institute mount sinai,the tisch cancer institute mount sinai medical center,the tisch cancer institute mount sinai medical center
36061,10032,columbia university,columbia university herbert irving comphrensive cancer center,columbia university herbert irving comphrensive cancer center
36061,10032,columbia university,columbia university herbert irving comprehensive cancer center,columbia university herbert irving comprehensive cancer center
36061,10032,columbia university,columbia university hervert irving comprehensive cancer center,columbia university hervert irving comprehensive cancer center
36061,10032,columbia university,columbia university irving cancer center,columbia university irving cancer center
36061,10032,columbia university,columbia university irving medical center,columbia university irving medical center
36061,10032,columbia university,columbia university irving medical center and new york presbyterian hospital,columbia university irving medical center and new york presbyterian hospital
36061,10032,columbia university,columbia university irving medical center new york presbyterian hospital,columbia university irving medical center new york presbyterian hospital
36061,10032,columbia university,columbia university irving medical center newyork presbyterian hospital,columbia university irving medical center newyork presbyterian hospital
36061,10032,columbia university,columbia university medical center,columbia university medical center
36061,10032,columbia university,columbia university medical center herbert irving center for dermatology and skin cancer herbert irving pavilion,columbia university medical center herbert irving center for dermatology and skin cancer herbert irving pavilion
36061,10032,columbia university,columbia university medical center herbert irving pavilion,columbia university medical center herbert irving pavilion
36061,10032,columbia university,columbia university new york presbyterian,columbia university new york presbyterian
36061,10032,columbia university,columbia university the trustees of columbia university in the city of new york,columbia university the trustees of columbia university in the city of new york
36061,10032,columbia university,herbert irving comprehensive cancer center columbia university medical center,herbert irving comprehensive cancer center columbia university medical center
36061,10032,columbia university,new york presbyterian columbia university irving medical center,new york presbyterian columbia university irving medical center
36061,10032,columbia university,new york presbyterian columbia university irving medical center herbert irving comprehensive cancer center hiccc,new york presbyterian columbia university irving medical center herbert irving comprehensive cancer center hiccc
36061,10032,columbia university,new york presbyterian hospital columbia university medical center,new york presbyterian hospital columbia university medical center
36061,10032,columbia university,newyork presbyterian columbia university irving medical center,newyork presbyterian columbia university irving medical center
36061,10032,columbia university,nyp columbia university medical center herbert irving comprehensive cancer center,nyp columbia university medical center herbert irving comprehensive cancer center
36061,10032,columbia university irving medical center,columbia university irving medical center and new york presbyterian hospital,columbia university irving medical center and new york presbyterian hospital
36061,10032,columbia university irving medical center,columbia university irving medical center new york presbyterian hospital,columbia university irving medical center new york presbyterian hospital
36061,10032,columbia university irving medical center,columbia university irving medical center newyork presbyterian hospital,columbia university irving medical center newyork presbyterian hospital
36061,10032,columbia university irving medical center,new york presbyterian columbia university irving medical center,new york presbyterian columbia university irving medical center
36061,10032,columbia university irving medical center,new york presbyterian columbia university irving medical center herbert irving comprehensive cancer center hiccc,new york presbyterian columbia university irving medical center herbert irving comprehensive cancer center hiccc
36061,10032,columbia university irving medical center,newyork presbyterian columbia university irving medical center,newyork presbyterian columbia university irving medical center
36061,10032,columbia university medical center,columbia university medical center herbert irving center for dermatology and skin cancer herbert irving pavilion,columbia university medical center herbert irving center for dermatology and skin cancer herbert irving pavilion
36061,10032,columbia university medical center,columbia university medical center herbert irving pavilion,columbia university medical center herbert irving pavilion
36061,10032,columbia university medical center,herbert irving comprehensive cancer center columbia university medical center,herbert irving comprehensive cancer center columbia university medical center
36061,10032,columbia university medical center,new york presbyterian hospital columbia university medical center,new york presbyterian hospital columbia university medical center
36061,10032,columbia university medical center,nyp columbia university medical center herbert irving comprehensive cancer center,nyp columbia university medical center herbert irving comprehensive cancer center
36061,10032,herbert irving comprehensive cancer center,columbia university herbert irving comprehensive cancer center,columbia university herbert irving comprehensive cancer center
36061,10032,herbert irving comprehensive cancer center,herbert irving comprehensive cancer center columbia university medical center,herbert irving comprehensive cancer center columbia university medical center
36061,10032,herbert irving comprehensive cancer center,new york presbyterian columbia university irving medical center herbert irving comprehensive cancer center hiccc,new york presbyterian columbia university irving medical center herbert irving comprehensive cancer center hiccc
36061,10032,herbert irving comprehensive cancer center,nyp columbia university medical center herbert irving comprehensive cancer center,nyp columbia university medical center herbert irving comprehensive cancer center
36061,10032,new york presbyterian columbia university irving medical center,new york presbyterian columbia university irving medical center herbert irving comprehensive cancer center hiccc,new york presbyterian columbia university irving medical center herbert irving comprehensive cancer center hiccc
36061,10035,new york proton center,the new york proton center,the new york proton center
36061,10065,memorial sloan kettering,1004 memorial sloan kettering cancer institute,1004 memorial sloan kettering cancer institute
36061,10065,memorial sloan kettering,david h koch center for cancer care at memorial sloan kettering cancer center,david h koch center for cancer care at memorial sloan kettering cancer center
36061,10065,memorial sloan kettering,memorial sloan kettering cancer center,memorial sloan kettering cancer center
36061,10065,memorial sloan kettering,memorial sloan kettering cancer center all protocol activites,memorial sloan kettering cancer center all protocol activites
36061,10065,memorial sloan kettering,memorial sloan kettering cancer center all protocol activities,memorial sloan kettering cancer center all protocol activities
36061,10065,memorial sloan kettering,memorial sloan kettering cancer center bergen,memorial sloan kettering cancer center bergen
36061,10065,memorial sloan kettering,memorial sloan kettering cancer center head neck services,memorial sloan kettering cancer center head neck services
36061,10065,memorial sloan kettering,memorial sloan kettering cancer center main,memorial sloan kettering cancer center main
36061,10065,memorial sloan kettering,memorial sloan kettering cancer center main campus,memorial sloan kettering cancer center main campus
36061,10065,memorial sloan kettering,memorial sloan kettering cancer center melanoma immunotherapeutics,memorial sloan kettering cancer center melanoma immunotherapeutics
36061,10065,memorial sloan kettering,memorial sloan kettering cancer center mskcc,memorial sloan kettering cancer center mskcc
36061,10065,memorial sloan kettering,memorial sloan kettering cancer center new york,memorial sloan kettering cancer center new york
36061,10065,memorial sloan kettering,memorial sloan kettering cancer center new york main campus,memorial sloan kettering cancer center new york main campus
36061,10065,memorial sloan kettering,memorial sloan kettering cancer center new york york avenue,memorial sloan kettering cancer center new york york avenue
36061,10065,memorial sloan kettering,memorial sloan kettering cancer center sidney kimmel center for prostate and urologic cancers,memorial sloan kettering cancer center sidney kimmel center for prostate and urologic cancers
36061,10065,memorial sloan kettering,memorial sloan kettering cancer centre,memorial sloan kettering cancer centre
36061,10065,memorial sloan kettering,memorial sloan kettering cancer ctr,memorial sloan kettering cancer ctr
36061,10065,memorial sloan kettering,memorial sloan kettering hospital,memorial sloan kettering hospital
36061,10065,memorial sloan kettering,memorial sloan kettering melanoma nsclc,memorial sloan kettering melanoma nsclc
36061,10065,memorial sloan kettering,sidney kimmel center for prostate and urological cancers memorial sloan kettering cancer center,sidney kimmel center for prostate and urological cancers memorial sloan kettering cancer center
36061,10065,memorial sloan kettering cancer center,david h koch center for cancer care at memorial sloan kettering cancer center,david h koch center for cancer care at memorial sloan kettering cancer center
36061,10065,memorial sloan kettering cancer center,memorial sloan kettering cancer center all protocol activites,memorial sloan kettering cancer center all protocol activites
36061,10065,memorial sloan kettering cancer center,memorial sloan kettering cancer center all protocol activities,memorial sloan kettering cancer center all protocol activities
36061,10065,memorial sloan kettering cancer center,memorial sloan kettering cancer center bergen,memorial sloan kettering cancer center bergen
36061,10065,memorial sloan kettering cancer center,memorial sloan kettering cancer center head neck services,memorial sloan kettering cancer center head neck services
36061,10065,memorial sloan kettering cancer center,memorial sloan kettering cancer center main,memorial sloan kettering cancer center main
36061,10065,memorial sloan kettering cancer center,memorial sloan kettering cancer center main campus,memorial sloan kettering cancer center main campus
36061,10065,memorial sloan kettering cancer center,memorial sloan kettering cancer center melanoma immunotherapeutics,memorial sloan kettering cancer center melanoma immunotherapeutics
36061,10065,memorial sloan kettering cancer center,memorial sloan kettering cancer center mskcc,memorial sloan kettering cancer center mskcc
36061,10065,memorial sloan kettering cancer center,memorial sloan kettering cancer center new york,memorial sloan kettering cancer center new york
36061,10065,memorial sloan kettering cancer center,memorial sloan kettering cancer center new york main campus,memorial sloan kettering cancer center new york main campus
36061,10065,memorial sloan kettering cancer center,memorial sloan kettering cancer center new york york avenue,memorial sloan kettering cancer center new york york avenue
36061,10065,memorial sloan kettering cancer center,memorial sloan kettering cancer center sidney kimmel center for prostate and urologic cancers,memorial sloan kettering cancer center sidney kimmel center for prostate and urologic cancers
36061,10065,memorial sloan kettering cancer center,sidney kimmel center for prostate and urological cancers memorial sloan kettering cancer center,sidney kimmel center for prostate and urological cancers memorial sloan kettering cancer center
36061,10065,memorial sloan kettering cancer center main,memorial sloan kettering cancer center main campus,memorial sloan kettering cancer center main campus
36061,10065,memorial sloan kettering cancer center new york,memorial sloan kettering cancer center new york main campus,memorial sloan kettering cancer center new york main campus
36061,10065,memorial sloan kettering cancer center new york,memorial sloan kettering cancer center new york york avenue,memorial sloan kettering cancer center new york york avenue
36061,10065,newyork presbyterian weill cornell medical center,cornell university newyork presbyterian weill cornell medical center,cornell university newyork presbyterian weill cornell medical center
36061,10065,weill cornell,cornell university newyork presbyterian weill cornell medical center,cornell university newyork presbyterian weill cornell medical center
36061,10065,weill cornell,new york presbyterian weill cornell,new york presbyterian weill cornell
36061,10065,weill cornell,newyork presbyterian weill cornell medical center,newyork presbyterian weill cornell medical center
36061,10065,weill cornell,nyp weill cornell medical center,nyp weill cornell medical center
36061,10065,weill cornell,weill cornell medical center,weill cornell medical center
36061,10065,weill cornell,weill cornell medical college,weill cornell medical college
36061,10065,weill cornell,weill cornell medical college ny presbyterian hospital,weill cornell medical college ny presbyterian hospital
36061,10065,weill cornell,weill cornell medicine,weill cornell medicine
36061,10065,weill cornell,weill cornell medicine cornell university,weill cornell medicine cornell university
36061,10065,weill cornell,weill cornell medicine myeloma center,weill cornell medicine myeloma center
36061,10065,weill cornell,weill cornell medicine new york presbyterian,weill cornell medicine new york presbyterian
36061,10065,weill cornell,weill cornell medicine new york presbyterian hospital,weill cornell medicine new york presbyterian hospital
36061,10065,weill cornell,weill cornell medicine newyork presbyterian hospital,weill cornell medicine newyork presbyterian hospital
36061,10065,weill cornell medical center,cornell university newyork presbyterian weill cornell medical center,cornell university newyork presbyterian weill cornell medical center
36061,10065,weill cornell medical center,newyork presbyterian weill cornell medical center,newyork presbyterian weill cornell medical center
36061,10065,weill cornell medical center,nyp weill cornell medical center,nyp weill cornell medical center
36061,10065,weill cornell medical college,weill cornell medical college ny presbyterian hospital,weill cornell medical college ny presbyterian hospital
36061,10065,weill cornell medicine,weill cornell medicine cornell university,weill cornell medicine cornell university
36061,10065,weill cornell medicine,weill cornell medicine myeloma center,weill cornell medicine myeloma center
36061,10065,weill cornell medicine,weill cornell medicine new york presbyterian,weill cornell medicine new york presbyterian
36061,10065,weill cornell medicine,weill cornell medicine new york presbyterian hospital,weill cornell medicine new york presbyterian hospital
36061,10065,weill cornell medicine,weill cornell medicine newyork presbyterian hospital,weill cornell medicine newyork presbyterian hospital
36061,10065,weill cornell medicine new york presbyterian,weill cornell medicine new york presbyterian hospital,weill cornell medicine new york presbyterian hospital
36067,13057,hematology oncology associates of central new york,hematology oncology associates of central new york east syracuse,hematology oncology associates of central new york east syracuse
36067,13057,hematology oncology associates of central new york,hematology oncology associates of central new york pc,hematology oncology associates of central new york pc
36067,13210,associated medical professionals,015 associated medical professionals of new york,015 associated medical professionals of new york
36067,13210,associated medical professionals,associated medical professionals of ny,associated medical professionals of ny
36067,13210,associated medical professionals,associated medical professionals of ny pllc,associated medical professionals of ny pllc
36067,13210,associated medical professionals,associated medical professionals of ny pllc us urology partners,associated medical professionals of ny pllc us urology partners
36067,13210,associated medical professionals,associated medical professionals urology,associated medical professionals urology
36067,13210,associated medical professionals of ny,associated medical professionals of ny pllc,associated medical professionals of ny pllc
36067,13210,associated medical professionals of ny,associated medical professionals of ny pllc us urology partners,associated medical professionals of ny pllc us urology partners
36067,13210,associated medical professionals of ny pllc,associated medical professionals of ny pllc us urology partners,associated medical professionals of ny pllc us urology partners
36067,13210,state university of new york,state university of new york suny upstate medical university,state university of new york suny upstate medical university
36067,13210,state university of new york,state university of new york upstate medical unive,state university of new york upstate medical unive
36067,13210,state university of new york,state university of new york upstate medical university,state university of new york upstate medical university
36067,13210,state university of new york upstate medical unive,state university of new york upstate medical university,state university of new york upstate medical university
36067,13210,suny upstate medical university,state university of new york suny upstate medical university,state university of new york suny upstate medical university
36067,13210,suny upstate medical university,suny upstate medical university syracuse,suny upstate medical university syracuse
36077,13326,bassett healthcare,bassett healthcare network,bassett healthcare network
36081,11101,memorial sloan kettering,memorial sloan kettering cancer center,memorial sloan kettering cancer center
36081,11101,memorial sloan kettering,memorial sloan kettering cancer center ids pharmacy,memorial sloan kettering cancer center ids pharmacy
36081,11101,memorial sloan kettering,memorial sloan kettering cancer center investigational drug service pharmacy,memorial sloan kettering cancer center investigational drug service pharmacy
36081,11101,memorial sloan kettering cancer center,memorial sloan kettering cancer center ids pharmacy,memorial sloan kettering cancer center ids pharmacy
36081,11101,memorial sloan kettering cancer center,memorial sloan kettering cancer center investigational drug service pharmacy,memorial sloan kettering cancer center investigational drug service pharmacy
36081,11102,mount sinai queens,icahn school of medicine at mount sinai ismms mount sinai queens infusion center,icahn school of medicine at mount sinai ismms mount sinai queens infusion center
36081,11355,new york presbyterian hospital,new york presbyterian hospital queens,new york presbyterian hospital queens
36081,11374,queens cancer center,northwell health queens cancer center,northwell health queens cancer center
36091,12065,new york oncology hematology,new york oncology hematology clifton park cancer center,new york oncology hematology clifton park cancer center
36103,11706,imbert cancer center,northwell health imbert cancer center,northwell health imbert cancer center
36103,11725,memorial sloan kettering cancer center commack,memorial sloan kettering cancer center commack consent only,memorial sloan kettering cancer center commack consent only
36103,11725,memorial sloan kettering commack,memorial sloan kettering commack all protocol activities,memorial sloan kettering commack all protocol activities
36103,11725,memorial sloan kettering commack,memorial sloan kettering commack limited protocol activities,memorial sloan kettering commack limited protocol activities
36103,11725,memorial sloan kettering suffolk commack,memorial sloan kettering suffolk commack all protocol activities,memorial sloan kettering suffolk commack all protocol activities
36103,11725,memorial sloan kettering suffolk commack,memorial sloan kettering suffolk commack all protocol activity,memorial sloan kettering suffolk commack all protocol activity
36103,11725,memorial sloan kettering suffolk commack,memorial sloan kettering suffolk commack consent only,memorial sloan kettering suffolk commack consent only
36103,11725,memorial sloan kettering suffolk commack,memorial sloan kettering suffolk commack limited protocol activities,memorial sloan kettering suffolk commack limited protocol activities
36103,11725,memorial sloan kettering suffolk commack,memorial sloan kettering suffolk commack limited protocol activity,memorial sloan kettering suffolk commack limited protocol activity
36103,11766,mount sinai,icahn school of medicine at mount sinai,icahn school of medicine at mount sinai
36103,11772,new york cancer blood specialists,new york cancer blood specialists patchogue medical oncology,new york cancer blood specialists patchogue medical oncology
36103,11794,stony brook university hospital,stony brook university hospital cancer center,stony brook university hospital cancer center
36103,11795,good samaritan hospital,good samaritan hospital medical center,good samaritan hospital medical center
36103,11967,new york cancer and blood specialists,new york cancer and blood specialists shirley,new york cancer and blood specialists shirley
36119,10601,white plains hospital,white plains hospital center for cancer care,white plains hospital center for cancer care
36119,10601,white plains hospital,white plains hospital center for cancer care oncology,white plains hospital center for cancer care oncology
36119,10601,white plains hospital,white plains hospital medical and wellness prime,white plains hospital medical and wellness prime
36119,10601,white plains hospital,white plains hospital physician associates,white plains hospital physician associates
36119,10601,white plains hospital center for cancer care,white plains hospital center for cancer care oncology,white plains hospital center for cancer care oncology
36119,10604,memorial sloan kettering westchester,memorial sloan kettering westchester all protocol activities,memorial sloan kettering westchester all protocol activities
36119,10604,memorial sloan kettering westchester,memorial sloan kettering westchester consent only,memorial sloan kettering westchester consent only
36119,10604,memorial sloan kettering westchester,memorial sloan kettering westchester limited protocol activites,memorial sloan kettering westchester limited protocol activites
36119,10604,memorial sloan kettering westchester,memorial sloan kettering westchester limited protocol activities,memorial sloan kettering westchester limited protocol activities
37021,28806,messino cancer center,messino cancer centers,messino cancer centers
37021,28806,messino cancer center,messino cancer centers asheville,messino cancer centers asheville
37021,28806,messino cancer centers,messino cancer centers asheville,messino cancer centers asheville
37025,28025,levine cancer institute,levine cancer institute concord,levine cancer institute concord
37057,27360,novant health cancer institute,novant health cancer institute thomasville,novant health cancer institute thomasville
37063,27705,duke blood cancer center,duhs duke blood cancer center,duhs duke blood cancer center
37063,27705,durham va medical center,durham va medical center durham nc,durham va medical center durham nc
37063,27710,duke cancer center,duke cancer center clinic 1b c onc heme,duke cancer center clinic 1b c onc heme
37063,27710,duke cancer center,duke cancer center durham,duke cancer center durham
37063,27710,duke cancer center,duke cancer center investigational chemotherapy service,duke cancer center investigational chemotherapy service
37063,27710,duke cancer center,duke health duke cancer center,duke health duke cancer center
37063,27710,duke cancer center,duke university medical center duke cancer center,duke university medical center duke cancer center
37063,27710,duke cancer institute,duke cancer institute adults and pediatrics,duke cancer institute adults and pediatrics
37063,27710,duke cancer institute,duke university medical center duke cancer institute,duke university medical center duke cancer institute
37063,27710,duke health,duke health duke cancer center,duke health duke cancer center
37063,27710,duke health,duke health system,duke health system
37063,27710,duke university,duke institute of cancer duke university,duke institute of cancer duke university
37063,27710,duke university,duke university health system,duke university health system
37063,27710,duke university,duke university hospital vascular interventional radiology,duke university hospital vascular interventional radiology
37063,27710,duke university,duke university main hospital and clinics,duke university main hospital and clinics
37063,27710,duke university,duke university medical center,duke university medical center
37063,27710,duke university,duke university medical center children s health center,duke university medical center children s health center
37063,27710,duke university,duke university medical center duke cancer center,duke university medical center duke cancer center
37063,27710,duke university,duke university medical center duke cancer centre,duke university medical center duke cancer centre
37063,27710,duke university,duke university medical center duke cancer institute,duke university medical center duke cancer institute
37063,27710,duke university,duke university medical center duke university hospital location of scans,duke university medical center duke university hospital location of scans
37063,27710,duke university,duke university medical center dumc,duke university medical center dumc
37063,27710,duke university,duke university medical center location of scans,duke university medical center location of scans
37063,27710,duke university,duke university school of medicine,duke university school of medicine
37063,27710,duke university,duke university trent center,duke university trent center
37063,27710,duke university medical center,duke university medical center children s health center,duke university medical center children s health center
37063,27710,duke university medical center,duke university medical center duke cancer center,duke university medical center duke cancer center
37063,27710,duke university medical center,duke university medical center duke cancer centre,duke university medical center duke cancer centre
37063,27710,duke university medical center,duke university medical center duke cancer institute,duke university medical center duke cancer institute
37063,27710,duke university medical center,duke university medical center duke university hospital location of scans,duke university medical center duke university hospital location of scans
37063,27710,duke university medical center,duke university medical center dumc,duke university medical center dumc
37063,27710,duke university medical center,duke university medical center location of scans,duke university medical center location of scans
37063,27710,investigational chemotherapy service,duke cancer center investigational chemotherapy service,duke cancer center investigational chemotherapy service
37067,27103,novant health oncology specialists,forsythe memorial hospital inc dba novant health oncology specialists,forsythe memorial hospital inc dba novant health oncology specialists
37067,27157,atrium health wake forest baptist,atrium health wake forest baptist center,atrium health wake forest baptist center
37067,27157,atrium health wake forest baptist,atrium health wake forest baptist comprehensive cancer center,atrium health wake forest baptist comprehensive cancer center
37067,27157,atrium health wake forest baptist,atrium health wake forest baptist medical center,atrium health wake forest baptist medical center
37067,27157,wake forest baptist comprehensive cancer center,atrium health wake forest baptist comprehensive cancer center,atrium health wake forest baptist comprehensive cancer center
37067,27157,wake forest baptist medical center,atrium health wake forest baptist medical center,atrium health wake forest baptist medical center
37067,27157,wake forest baptist medical center,atrium wake forest baptist medical center,atrium wake forest baptist medical center
37071,28054,levine cancer institute,levine cancer institute gaston,levine cancer institute gaston
37081,27403,cone health cancer center,cone health cancer center at wesley long,cone health cancer center at wesley long
37089,28792,adventhealth hendersonville,fletcher hospital inc dba adventhealth hendersonville,fletcher hospital inc dba adventhealth hendersonville
37097,28625,novant health cancer institute,novant health cancer institute statesville,novant health cancer institute statesville
37119,28078,carolina biooncology,carolina biooncology institute,carolina biooncology institute
37119,28078,carolina biooncology,carolina biooncology institute llc,carolina biooncology institute llc
37119,28078,carolina biooncology,carolina biooncology institute pllc,carolina biooncology institute pllc
37119,28078,carolina biooncology institute,carolina biooncology institute llc,carolina biooncology institute llc
37119,28078,carolina biooncology institute,carolina biooncology institute pllc,carolina biooncology institute pllc
37119,28203,carolinas medical center,carolinas medical center biopsy only,carolinas medical center biopsy only
37119,28203,carolinas medical center,carolinas medical center levine cancer institute,carolinas medical center levine cancer institute
37119,28204,atrium health,atrium health lci morehead,atrium health lci morehead
37119,28204,atrium health,atrium health levine cancer institute,atrium health levine cancer institute
37119,28204,atrium health,atrium health levine cancer institute morehead,atrium health levine cancer institute morehead
37119,28204,atrium health,atrium health levine center,atrium health levine center
37119,28204,atrium health,levine cancer institute atrium health,levine cancer institute atrium health
37119,28204,atrium health,levine cancer institute lci atrium health,levine cancer institute lci atrium health
37119,28204,atrium health levine cancer institute,atrium health levine cancer institute morehead,atrium health levine cancer institute morehead
37119,28204,levine cancer,atrium health levine cancer institute,atrium health levine cancer institute
37119,28204,levine cancer,atrium health levine cancer institute morehead,atrium health levine cancer institute morehead
37119,28204,levine cancer,levine cancer center,levine cancer center
37119,28204,levine cancer,levine cancer institute,levine cancer institute
37119,28204,levine cancer,levine cancer institute atrium health,levine cancer institute atrium health
37119,28204,levine cancer,levine cancer institute lci atrium health,levine cancer institute lci atrium health
37119,28204,levine cancer institute,atrium health levine cancer institute,atrium health levine cancer institute
37119,28204,levine cancer institute,atrium health levine cancer institute morehead,atrium health levine cancer institute morehead
37119,28204,levine cancer institute,levine cancer institute atrium health,levine cancer institute atrium health
37119,28204,levine cancer institute,levine cancer institute lci atrium health,levine cancer institute lci atrium health
37119,28204,novant health,novant health cancer institute,novant health cancer institute
37119,28204,novant health,novant health cancer institute elizabeth breast,novant health cancer institute elizabeth breast
37119,28204,novant health,novant health cancer institute hematology,novant health cancer institute hematology
37119,28204,novant health,novant health charlotte,novant health charlotte
37119,28204,novant health,novant health presbyterian medical center,novant health presbyterian medical center
37119,28204,novant health,novant health weisiger cancer insititute,novant health weisiger cancer insititute
37119,28204,novant health,novant health weisiger cancer institute charlotte,novant health weisiger cancer institute charlotte
37119,28204,novant health cancer institute,novant health cancer institute elizabeth breast,novant health cancer institute elizabeth breast
37119,28204,novant health cancer institute,novant health cancer institute hematology,novant health cancer institute hematology
37125,28374,firsthealth of the carolinas,firsthealth of the carolinas inc,firsthealth of the carolinas inc
37125,28374,firsthealth of the carolinas,firsthealth of the carolinas moore regional hospital,firsthealth of the carolinas moore regional hospital
37125,28374,firsthealth of the carolinas,firsthealth of the carolinas speciality center,firsthealth of the carolinas speciality center
37129,28401,novant health zimmer cancer institute,novant health zimmer cancer institute wilmington,novant health zimmer cancer institute wilmington
37135,27514,unc hospital,unc hospitals,unc hospitals
37135,27514,unc hospital,unc hospitals adult oncology clinics,unc hospitals adult oncology clinics
37135,27514,unc hospital,unc hospitals university of north carolina at chapel hill,unc hospitals university of north carolina at chapel hill
37135,27514,unc hospitals,unc hospitals adult oncology clinics,unc hospitals adult oncology clinics
37135,27514,unc hospitals,unc hospitals university of north carolina at chapel hill,unc hospitals university of north carolina at chapel hill
37135,27599,lineberger comprehensive cancer center,lineberger comprehensive cancer center at university of north carolina,lineberger comprehensive cancer center at university of north carolina
37135,27599,lineberger comprehensive cancer center,lineberger comprehensive cancer center at university of north carolina chapel hill,lineberger comprehensive cancer center at university of north carolina chapel hill
37135,27599,lineberger comprehensive cancer center,lineberger comprehensive cancer center university of north carolina,lineberger comprehensive cancer center university of north carolina
37135,27599,lineberger comprehensive cancer center,unc lineberger comprehensive cancer center,unc lineberger comprehensive cancer center
37135,27599,lineberger comprehensive cancer center,unc lineberger comprehensive cancer center at university of north carolina,unc lineberger comprehensive cancer center at university of north carolina
37135,27599,lineberger comprehensive cancer center,university of north carolina at chapel hill lineberger comprehensive cancer center,university of north carolina at chapel hill lineberger comprehensive cancer center
37135,27599,lineberger comprehensive cancer center at university of north carolina,lineberger comprehensive cancer center at university of north carolina chapel hill,lineberger comprehensive cancer center at university of north carolina chapel hill
37135,27599,lineberger comprehensive cancer center at university of north carolina,unc lineberger comprehensive cancer center at university of north carolina,unc lineberger comprehensive cancer center at university of north carolina
37135,27599,the university of north carolina at chapel hill,unc hospitals the university of north carolina at chapel hill,unc hospitals the university of north carolina at chapel hill
37135,27599,unc lineberger comprehensive cancer center,unc lineberger comprehensive cancer center at university of north carolina,unc lineberger comprehensive cancer center at university of north carolina
37135,27599,university of north carolina,lineberger comprehensive cancer center at university of north carolina,lineberger comprehensive cancer center at university of north carolina
37135,27599,university of north carolina,lineberger comprehensive cancer center at university of north carolina chapel hill,lineberger comprehensive cancer center at university of north carolina chapel hill
37135,27599,university of north carolina,lineberger comprehensive cancer center university of north carolina,lineberger comprehensive cancer center university of north carolina
37135,27599,university of north carolina,the university of north carolina at chapel hill,the university of north carolina at chapel hill
37135,27599,university of north carolina,unc hospitals the university of north carolina at chapel hill,unc hospitals the university of north carolina at chapel hill
37135,27599,university of north carolina,unc lineberger comprehensive cancer center at university of north carolina,unc lineberger comprehensive cancer center at university of north carolina
37135,27599,university of north carolina,university of north carolina at chapel hill,university of north carolina at chapel hill
37135,27599,university of north carolina,university of north carolina at chapel hill cancer center,university of north carolina at chapel hill cancer center
37135,27599,university of north carolina,university of north carolina at chapel hill department of radiation oncology,university of north carolina at chapel hill department of radiation oncology
37135,27599,university of north carolina,university of north carolina at chapel hill lineberger comprehensive cancer center,university of north carolina at chapel hill lineberger comprehensive cancer center
37135,27599,university of north carolina,university of north carolina at chapel hill university of north carolina medical center,university of north carolina at chapel hill university of north carolina medical center
37135,27599,university of north carolina,university of north carolina gastroenterology and hepatology,university of north carolina gastroenterology and hepatology
37135,27599,university of north carolina,university of north carolina school of medicine,university of north carolina school of medicine
37135,27599,university of north carolina,university of north carolina unc chapel hill,university of north carolina unc chapel hill
37135,27599,university of north carolina at chapel hill,the university of north carolina at chapel hill,the university of north carolina at chapel hill
37135,27599,university of north carolina at chapel hill,unc hospitals the university of north carolina at chapel hill,unc hospitals the university of north carolina at chapel hill
37135,27599,university of north carolina at chapel hill,university of north carolina at chapel hill cancer center,university of north carolina at chapel hill cancer center
37135,27599,university of north carolina at chapel hill,university of north carolina at chapel hill department of radiation oncology,university of north carolina at chapel hill department of radiation oncology
37135,27599,university of north carolina at chapel hill,university of north carolina at chapel hill lineberger comprehensive cancer center,university of north carolina at chapel hill lineberger comprehensive cancer center
37135,27599,university of north carolina at chapel hill,university of north carolina at chapel hill university of north carolina medical center,university of north carolina at chapel hill university of north carolina medical center
37147,27834,east carolina university,brody school of medicine at east carolina university,brody school of medicine at east carolina university
37147,27834,east carolina university,east carolina university brody school of medicine,east carolina university brody school of medicine
37159,28144,w g bill hefner va medical center,salisbury w g bill hefner va medical center salisbury nc,salisbury w g bill hefner va medical center salisbury nc
37161,28043,levine cancer institute,levine cancer institute rutherford,levine cancer institute rutherford
37171,27030,novant health cancer institute,novant health cancer institute mount airy,novant health cancer institute mount airy
37179,28104,levine cancer institute,levine cancer institute union west,levine cancer institute union west
37183,27612,associated urologists of north carolina,associated urologists of north carolina aunc,associated urologists of north carolina aunc
37191,27534,southeastern medical oncology center,southeastern medical oncology center goldsboro,southeastern medical oncology center goldsboro
37193,28659,novant health cancer institute,novant health cancer institute wilkesboro,novant health cancer institute wilkesboro
37195,27893,regional medical oncology center,regional medical oncology center wlson,regional medical oncology center wlson
38017,58102,sanford fargo medical center,sanford fargo medical center fargo,sanford fargo medical center fargo
38017,58102,sanford fargo medical center,sanford fargo medical center roger maris cancer center,sanford fargo medical center roger maris cancer center
39017,45014,oncology hematology care,oncology hematology care clinical trials,oncology hematology care clinical trials
39017,45014,oncology hematology care,oncology hematology care clinical trials llc,oncology hematology care clinical trials llc
39017,45014,oncology hematology care,oncology hematology care fairfield,oncology hematology care fairfield
39017,45014,oncology hematology care clinical trials,oncology hematology care clinical trials llc,oncology hematology care clinical trials llc
39017,45069,west chester hospital,west chester hospital oh394,west chester hospital oh394
39025,45245,oncology hematology care clinical trials,oncology hematology care clinical trials llc,oncology hematology care clinical trials llc
39035,44106,case comprehensive cancer center,case comprehensive cancer center university hospitals cleveland medical center seidman cancer center,case comprehensive cancer center university hospitals cleveland medical center seidman cancer center
39035,44106,case comprehensive cancer center,case comprehensive cancer center university hospitals cleveland medical center seidman cancer center cleveland clinic taussig cancer center,case comprehensive cancer center university hospitals cleveland medical center seidman cancer center cleveland clinic taussig cancer center
39035,44106,case comprehensive cancer center,cleveland clinic taussig cancer center case comprehensive cancer center,cleveland clinic taussig cancer center case comprehensive cancer center
39035,44106,case comprehensive cancer center,cleveland medical center university hospitals seidman cancer center case comprehensive cancer center,cleveland medical center university hospitals seidman cancer center case comprehensive cancer center
39035,44106,case comprehensive cancer center,university hospitals cleveland medical center case comprehensive cancer center,university hospitals cleveland medical center case comprehensive cancer center
39035,44106,case comprehensive cancer center,university hospitals cleveland medical center seidman cancer center case comprehensive cancer center,university hospitals cleveland medical center seidman cancer center case comprehensive cancer center
39035,44106,case comprehensive cancer center,university hospitals cleveland medical center urology institute case comprehensive cancer center,university hospitals cleveland medical center urology institute case comprehensive cancer center
39035,44106,case comprehensive cancer center,university hospitals seidman cancer case comprehensive cancer center,university hospitals seidman cancer case comprehensive cancer center
39035,44106,case comprehensive cancer center,university hospitals seidman cancer center case comprehensive cancer center,university hospitals seidman cancer center case comprehensive cancer center
39035,44106,case comprehensive cancer center university hospitals cleveland medical center seidman cancer center,case comprehensive cancer center university hospitals cleveland medical center seidman cancer center cleveland clinic taussig cancer center,case comprehensive cancer center university hospitals cleveland medical center seidman cancer center cleveland clinic taussig cancer center
39035,44106,case western,case western reserve university,case western reserve university
39035,44106,case western,university hospitals cleveland medical center case western university,university hospitals cleveland medical center case western university
39035,44106,seidman cancer center,case comprehensive cancer center university hospitals cleveland medical center seidman cancer center,case comprehensive cancer center university hospitals cleveland medical center seidman cancer center
39035,44106,seidman cancer center,case comprehensive cancer center university hospitals cleveland medical center seidman cancer center cleveland clinic taussig cancer center,case comprehensive cancer center university hospitals cleveland medical center seidman cancer center cleveland clinic taussig cancer center
39035,44106,seidman cancer center,cleveland medical center university hospitals seidman cancer center case comprehensive cancer center,cleveland medical center university hospitals seidman cancer center case comprehensive cancer center
39035,44106,seidman cancer center,seidman cancer center university hospitals cleveland medical center,seidman cancer center university hospitals cleveland medical center
39035,44106,seidman cancer center,uhcmc seidman cancer center,uhcmc seidman cancer center
39035,44106,seidman cancer center,university hospitals cleveland medical center seidman cancer center,university hospitals cleveland medical center seidman cancer center
39035,44106,seidman cancer center,university hospitals cleveland medical center seidman cancer center case comprehensive cancer center,university hospitals cleveland medical center seidman cancer center case comprehensive cancer center
39035,44106,seidman cancer center,university hospitals seidman cancer center,university hospitals seidman cancer center
39035,44106,seidman cancer center,university hospitals seidman cancer center case comprehensive cancer center,university hospitals seidman cancer center case comprehensive cancer center
39035,44106,uh cleveland medical center,university hospitals uh cleveland medical center,university hospitals uh cleveland medical center
39035,44106,university hospitals cleveland,case comprehensive cancer center university hospitals cleveland medical center seidman cancer center,case comprehensive cancer center university hospitals cleveland medical center seidman cancer center
39035,44106,university hospitals cleveland,case comprehensive cancer center university hospitals cleveland medical center seidman cancer center cleveland clinic taussig cancer center,case comprehensive cancer center university hospitals cleveland medical center seidman cancer center cleveland clinic taussig cancer center
39035,44106,university hospitals cleveland,seidman cancer center university hospitals cleveland medical center,seidman cancer center university hospitals cleveland medical center
39035,44106,university hospitals cleveland,university hospitals cleveland medical center,university hospitals cleveland medical center
39035,44106,university hospitals cleveland,university hospitals cleveland medical center case comprehensive cancer center,university hospitals cleveland medical center case comprehensive cancer center
39035,44106,university hospitals cleveland,university hospitals cleveland medical center case western university,university hospitals cleveland medical center case western university
39035,44106,university hospitals cleveland,university hospitals cleveland medical center seidman cancer center,university hospitals cleveland medical center seidman cancer center
39035,44106,university hospitals cleveland,university hospitals cleveland medical center seidman cancer center case comprehensive cancer center,university hospitals cleveland medical center seidman cancer center case comprehensive cancer center
39035,44106,university hospitals cleveland,university hospitals cleveland medical center urology institute case comprehensive cancer center,university hospitals cleveland medical center urology institute case comprehensive cancer center
39035,44106,university hospitals cleveland,university hospitals cleveland medical centre,university hospitals cleveland medical centre
39035,44106,university hospitals cleveland medical center,case comprehensive cancer center university hospitals cleveland medical center seidman cancer center,case comprehensive cancer center university hospitals cleveland medical center seidman cancer center
39035,44106,university hospitals cleveland medical center,case comprehensive cancer center university hospitals cleveland medical center seidman cancer center cleveland clinic taussig cancer center,case comprehensive cancer center university hospitals cleveland medical center seidman cancer center cleveland clinic taussig cancer center
39035,44106,university hospitals cleveland medical center,seidman cancer center university hospitals cleveland medical center,seidman cancer center university hospitals cleveland medical center
39035,44106,university hospitals cleveland medical center,university hospitals cleveland medical center case comprehensive cancer center,university hospitals cleveland medical center case comprehensive cancer center
39035,44106,university hospitals cleveland medical center,university hospitals cleveland medical center case western university,university hospitals cleveland medical center case western university
39035,44106,university hospitals cleveland medical center,university hospitals cleveland medical center seidman cancer center,university hospitals cleveland medical center seidman cancer center
39035,44106,university hospitals cleveland medical center,university hospitals cleveland medical center seidman cancer center case comprehensive cancer center,university hospitals cleveland medical center seidman cancer center case comprehensive cancer center
39035,44106,university hospitals cleveland medical center,university hospitals cleveland medical center urology institute case comprehensive cancer center,university hospitals cleveland medical center urology institute case comprehensive cancer center
39035,44106,university hospitals cleveland medical center seidman cancer center,case comprehensive cancer center university hospitals cleveland medical center seidman cancer center,case comprehensive cancer center university hospitals cleveland medical center seidman cancer center
39035,44106,university hospitals cleveland medical center seidman cancer center,case comprehensive cancer center university hospitals cleveland medical center seidman cancer center cleveland clinic taussig cancer center,case comprehensive cancer center university hospitals cleveland medical center seidman cancer center cleveland clinic taussig cancer center
39035,44106,university hospitals cleveland medical center seidman cancer center,university hospitals cleveland medical center seidman cancer center case comprehensive cancer center,university hospitals cleveland medical center seidman cancer center case comprehensive cancer center
39035,44106,university hospitals seidman cancer center,cleveland medical center university hospitals seidman cancer center case comprehensive cancer center,cleveland medical center university hospitals seidman cancer center case comprehensive cancer center
39035,44106,university hospitals seidman cancer center,university hospitals seidman cancer center case comprehensive cancer center,university hospitals seidman cancer center case comprehensive cancer center
39035,44106,university hospitals seidman cancer center case comprehensive cancer center,cleveland medical center university hospitals seidman cancer center case comprehensive cancer center,cleveland medical center university hospitals seidman cancer center case comprehensive cancer center
39035,44109,metrohealth,metrohealth medical center,metrohealth medical center
39035,44109,metrohealth,metrohealth medical center cleveland,metrohealth medical center cleveland
39035,44109,metrohealth medical center,metrohealth medical center cleveland,metrohealth medical center cleveland
39035,44111,cleveland clinic cancer center fairview hospital,cleveland clinic cancer center fairview hospital moll pavilion,cleveland clinic cancer center fairview hospital moll pavilion
39035,44111,cleveland clinic fairview hospital,cleveland clinic fairview hospital molly pavilion,cleveland clinic fairview hospital molly pavilion
39035,44111,fairview hospital,cleveland clinic cancer center fairview hospital,cleveland clinic cancer center fairview hospital
39035,44111,fairview hospital,cleveland clinic cancer center fairview hospital moll pavilion,cleveland clinic cancer center fairview hospital moll pavilion
39035,44111,fairview hospital,cleveland clinic fairview hospital,cleveland clinic fairview hospital
39035,44111,fairview hospital,cleveland clinic fairview hospital molly pavilion,cleveland clinic fairview hospital molly pavilion
39035,44111,fairview hospital,fairview hospital moll cancer center,fairview hospital moll cancer center
39035,44111,fairview hospital,the cleveland clinic cancer center at fairview hospital moll pavilion,the cleveland clinic cancer center at fairview hospital moll pavilion
39035,44122,south pointe hospital,cleveland clinic cancer center south pointe hospital,cleveland clinic cancer center south pointe hospital
39035,44124,cleveland clinic hillcrest hospital,cleveland clinic hillcrest hospital cancer center,cleveland clinic hillcrest hospital cancer center
39035,44124,cleveland clinic hillcrest hospital,cleveland clinic hillcrest hospital hillcrest hospital cancer center,cleveland clinic hillcrest hospital hillcrest hospital cancer center
39035,44124,hillcrest hospital,cleveland clinic cancer center hillcrest hospital,cleveland clinic cancer center hillcrest hospital
39035,44124,hillcrest hospital,cleveland clinic hillcrest hospital,cleveland clinic hillcrest hospital
39035,44124,hillcrest hospital,cleveland clinic hillcrest hospital cancer center,cleveland clinic hillcrest hospital cancer center
39035,44124,hillcrest hospital,cleveland clinic hillcrest hospital hillcrest hospital cancer center,cleveland clinic hillcrest hospital hillcrest hospital cancer center
39035,44124,hillcrest hospital,hillcrest hospital cancer center,hillcrest hospital cancer center
39035,44124,hillcrest hospital cancer center,cleveland clinic hillcrest hospital cancer center,cleveland clinic hillcrest hospital cancer center
39035,44124,hillcrest hospital cancer center,cleveland clinic hillcrest hospital hillcrest hospital cancer center,cleveland clinic hillcrest hospital hillcrest hospital cancer center
39035,44130,helios clinical research,clinical research solutions helios clinical research,clinical research solutions helios clinical research
39035,44131,cleveland clinic cancer center independence,cleveland clinic cancer center independence family health center,cleveland clinic cancer center independence family health center
39035,44145,st john medical center,university hospitals st john medical center,university hospitals st john medical center
39035,44145,uh seidman cancer center,uh seidman cancer center at saint john medical center,uh seidman cancer center at saint john medical center
39035,44195,case comprehensive cancer center cleveland clinic foundation,case comprehensive cancer center cleveland clinic foundation taussig cancer institute,case comprehensive cancer center cleveland clinic foundation taussig cancer institute
39035,44195,cleveland clinic,case comprehensive cancer center cleveland clinic foundation,case comprehensive cancer center cleveland clinic foundation
39035,44195,cleveland clinic,case comprehensive cancer center cleveland clinic foundation taussig cancer institute,case comprehensive cancer center cleveland clinic foundation taussig cancer institute
39035,44195,cleveland clinic,case comprehensive cancer center cleveland clinic taussig cancer center,case comprehensive cancer center cleveland clinic taussig cancer center
39035,44195,cleveland clinic,cleveland clinic cleveland,cleveland clinic cleveland
39035,44195,cleveland clinic,cleveland clinic foundation,cleveland clinic foundation
39035,44195,cleveland clinic,cleveland clinic foundation adults and pediatrics,cleveland clinic foundation adults and pediatrics
39035,44195,cleveland clinic,cleveland clinic glickman urological and kidney institute,cleveland clinic glickman urological and kidney institute
39035,44195,cleveland clinic,cleveland clinic lerner college of medicine,cleveland clinic lerner college of medicine
39035,44195,cleveland clinic,cleveland clinic main,cleveland clinic main
39035,44195,cleveland clinic,cleveland clinic main campus,cleveland clinic main campus
39035,44195,cleveland clinic,cleveland clinic main campus cleveland,cleveland clinic main campus cleveland
39035,44195,cleveland clinic,cleveland clinic ohio,cleveland clinic ohio
39035,44195,cleveland clinic,cleveland clinic oncology department,cleveland clinic oncology department
39035,44195,cleveland clinic,cleveland clinic taussig cancer,cleveland clinic taussig cancer
39035,44195,cleveland clinic,cleveland clinic taussig cancer center,cleveland clinic taussig cancer center
39035,44195,cleveland clinic,cleveland clinic taussig cancer institute,cleveland clinic taussig cancer institute
39035,44195,cleveland clinic,cleveland clinic taussig cancer institute case comprehensive cancer center,cleveland clinic taussig cancer institute case comprehensive cancer center
39035,44195,cleveland clinic,glickman urological and kidney institute cleveland clinic case comprehensive cancer center,glickman urological and kidney institute cleveland clinic case comprehensive cancer center
39035,44195,cleveland clinic,glickman urological kidney institute cleveland clinic foundation case comprehensive cancer center,glickman urological kidney institute cleveland clinic foundation case comprehensive cancer center
39035,44195,cleveland clinic,taussig cancer insititute cleveland clinic,taussig cancer insititute cleveland clinic
39035,44195,cleveland clinic,taussig cancer institute cleveland clinic,taussig cancer institute cleveland clinic
39035,44195,cleveland clinic,the cleveland clinic,the cleveland clinic
39035,44195,cleveland clinic,the cleveland clinic foundation,the cleveland clinic foundation
39035,44195,cleveland clinic,the cleveland clinic taussig cancer center,the cleveland clinic taussig cancer center
39035,44195,cleveland clinic foundation,case comprehensive cancer center cleveland clinic foundation,case comprehensive cancer center cleveland clinic foundation
39035,44195,cleveland clinic foundation,case comprehensive cancer center cleveland clinic foundation taussig cancer institute,case comprehensive cancer center cleveland clinic foundation taussig cancer institute
39035,44195,cleveland clinic foundation,cleveland clinic foundation adults and pediatrics,cleveland clinic foundation adults and pediatrics
39035,44195,cleveland clinic foundation,glickman urological kidney institute cleveland clinic foundation case comprehensive cancer center,glickman urological kidney institute cleveland clinic foundation case comprehensive cancer center
39035,44195,cleveland clinic foundation,the cleveland clinic foundation,the cleveland clinic foundation
39035,44195,cleveland clinic main,cleveland clinic main campus,cleveland clinic main campus
39035,44195,cleveland clinic main,cleveland clinic main campus cleveland,cleveland clinic main campus cleveland
39035,44195,cleveland clinic main campus,cleveland clinic main campus cleveland,cleveland clinic main campus cleveland
39035,44195,cleveland clinic taussig cancer,case comprehensive cancer center cleveland clinic taussig cancer center,case comprehensive cancer center cleveland clinic taussig cancer center
39035,44195,cleveland clinic taussig cancer,cleveland clinic taussig cancer center,cleveland clinic taussig cancer center
39035,44195,cleveland clinic taussig cancer,cleveland clinic taussig cancer institute,cleveland clinic taussig cancer institute
39035,44195,cleveland clinic taussig cancer,cleveland clinic taussig cancer institute case comprehensive cancer center,cleveland clinic taussig cancer institute case comprehensive cancer center
39035,44195,cleveland clinic taussig cancer,the cleveland clinic taussig cancer center,the cleveland clinic taussig cancer center
39035,44195,cleveland clinic taussig cancer center,case comprehensive cancer center cleveland clinic taussig cancer center,case comprehensive cancer center cleveland clinic taussig cancer center
39035,44195,cleveland clinic taussig cancer center,the cleveland clinic taussig cancer center,the cleveland clinic taussig cancer center
39035,44195,cleveland clinic taussig cancer institute,cleveland clinic taussig cancer institute case comprehensive cancer center,cleveland clinic taussig cancer institute case comprehensive cancer center
39035,44195,the cleveland clinic,the cleveland clinic foundation,the cleveland clinic foundation
39035,44195,the cleveland clinic,the cleveland clinic taussig cancer center,the cleveland clinic taussig cancer center
39049,43026,ohio state,ohio state university wexner medical center gynecologic oncology at mill run,ohio state university wexner medical center gynecologic oncology at mill run
39049,43026,ohio state,the ohio state university wexner medical center division of gynecologic oncology,the ohio state university wexner medical center division of gynecologic oncology
39049,43210,clinical study site,clinical study sites,clinical study sites
39049,43210,ohio state university,james cancer hospital solove research institute at the ohio state university comprehensive cancer center,james cancer hospital solove research institute at the ohio state university comprehensive cancer center
39049,43210,ohio state university,ohio state university comprehensive,ohio state university comprehensive
39049,43210,ohio state university,ohio state university comprehensive cancer center,ohio state university comprehensive cancer center
39049,43210,ohio state university,ohio state university comprehensive cancer center osuccc the james cancer hospital and solove research institute,ohio state university comprehensive cancer center osuccc the james cancer hospital and solove research institute
39049,43210,ohio state university,ohio state university hospital,ohio state university hospital
39049,43210,ohio state university,ohio state university hospitals,ohio state university hospitals
39049,43210,ohio state university,ohio state university james cancer hospital,ohio state university james cancer hospital
39049,43210,ohio state university,ohio state university medical center,ohio state university medical center
39049,43210,ohio state university,ohio state university wexner medical center,ohio state university wexner medical center
39049,43210,ohio state university,ohio state university wexner medical center james cancer hospital,ohio state university wexner medical center james cancer hospital
39049,43210,ohio state university,the james cancer hospital and solove research institute at the ohio state university comprehensive c,the james cancer hospital and solove research institute at the ohio state university comprehensive c
39049,43210,ohio state university,the james cancer hospital and solove research institute at the ohio state university comprehensive cancer center,the james cancer hospital and solove research institute at the ohio state university comprehensive cancer center
39049,43210,ohio state university,the james cancer hospital and solove research institute at the ohio state university comprehensive cancer t,the james cancer hospital and solove research institute at the ohio state university comprehensive cancer t
39049,43210,ohio state university,the james cancer hospital and solove research institute ohio state university,the james cancer hospital and solove research institute ohio state university
39049,43210,ohio state university,the ohio state university,the ohio state university
39049,43210,ohio state university,the ohio state university arthur james cancer hospital solove research institute,the ohio state university arthur james cancer hospital solove research institute
39049,43210,ohio state university,the ohio state university college of medicine osucom,the ohio state university college of medicine osucom
39049,43210,ohio state university,the ohio state university comprehensive cancer center,the ohio state university comprehensive cancer center
39049,43210,ohio state university,the ohio state university department of psychiatry,the ohio state university department of psychiatry
39049,43210,ohio state university,the ohio state university james cancer center,the ohio state university james cancer center
39049,43210,ohio state university,the ohio state university james cancer hospital,the ohio state university james cancer hospital
39049,43210,ohio state university,the ohio state university martha morehouse tower,the ohio state university martha morehouse tower
39049,43210,ohio state university,the ohio state university osu,the ohio state university osu
39049,43210,ohio state university,the ohio state university osu wexner medical center,the ohio state university osu wexner medical center
39049,43210,ohio state university,the ohio state university the james cancer hospital,the ohio state university the james cancer hospital
39049,43210,ohio state university,the ohio state university the james cancer hospital and solove research institute,the ohio state university the james cancer hospital and solove research institute
39049,43210,ohio state university,the ohio state university wexner medical center,the ohio state university wexner medical center
39049,43210,ohio state university,the ohio state university wexner medical center james cancer,the ohio state university wexner medical center james cancer
39049,43210,ohio state university,the ohio state university wexner medical center james cancer hosp,the ohio state university wexner medical center james cancer hosp
39049,43210,ohio state university,the ohio state university wexner medical center james cancer hospital,the ohio state university wexner medical center james cancer hospital
39049,43210,ohio state university comprehensive,james cancer hospital solove research institute at the ohio state university comprehensive cancer center,james cancer hospital solove research institute at the ohio state university comprehensive cancer center
39049,43210,ohio state university comprehensive,ohio state university comprehensive cancer center,ohio state university comprehensive cancer center
39049,43210,ohio state university comprehensive,ohio state university comprehensive cancer center osuccc the james cancer hospital and solove research institute,ohio state university comprehensive cancer center osuccc the james cancer hospital and solove research institute
39049,43210,ohio state university comprehensive,the james cancer hospital and solove research institute at the ohio state university comprehensive c,the james cancer hospital and solove research institute at the ohio state university comprehensive c
39049,43210,ohio state university comprehensive,the james cancer hospital and solove research institute at the ohio state university comprehensive cancer center,the james cancer hospital and solove research institute at the ohio state university comprehensive cancer center
39049,43210,ohio state university comprehensive,the james cancer hospital and solove research institute at the ohio state university comprehensive cancer t,the james cancer hospital and solove research institute at the ohio state university comprehensive cancer t
39049,43210,ohio state university comprehensive,the ohio state university comprehensive cancer center,the ohio state university comprehensive cancer center
39049,43210,ohio state university comprehensive cancer center,james cancer hospital solove research institute at the ohio state university comprehensive cancer center,james cancer hospital solove research institute at the ohio state university comprehensive cancer center
39049,43210,ohio state university comprehensive cancer center,ohio state university comprehensive cancer center osuccc the james cancer hospital and solove research institute,ohio state university comprehensive cancer center osuccc the james cancer hospital and solove research institute
39049,43210,ohio state university comprehensive cancer center,the james cancer hospital and solove research institute at the ohio state university comprehensive cancer center,the james cancer hospital and solove research institute at the ohio state university comprehensive cancer center
39049,43210,ohio state university comprehensive cancer center,the ohio state university comprehensive cancer center,the ohio state university comprehensive cancer center
39049,43210,ohio state university hospital,ohio state university hospitals,ohio state university hospitals
39049,43210,ohio state university james cancer hospital,the ohio state university james cancer hospital,the ohio state university james cancer hospital
39049,43210,ohio state university wexner medical center,ohio state university wexner medical center james cancer hospital,ohio state university wexner medical center james cancer hospital
39049,43210,ohio state university wexner medical center,the ohio state university wexner medical center,the ohio state university wexner medical center
39049,43210,ohio state university wexner medical center,the ohio state university wexner medical center james cancer,the ohio state university wexner medical center james cancer
39049,43210,ohio state university wexner medical center,the ohio state university wexner medical center james cancer hosp,the ohio state university wexner medical center james cancer hosp
39049,43210,ohio state university wexner medical center,the ohio state university wexner medical center james cancer hospital,the ohio state university wexner medical center james cancer hospital
39049,43210,ohio state university wexner medical center james cancer hospital,the ohio state university wexner medical center james cancer hospital,the ohio state university wexner medical center james cancer hospital
39049,43210,the james cancer hospital and solove research institute,ohio state university comprehensive cancer center osuccc the james cancer hospital and solove research institute,ohio state university comprehensive cancer center osuccc the james cancer hospital and solove research institute
39049,43210,the james cancer hospital and solove research institute,the james cancer hospital and solove research institute at the ohio state university comprehensive c,the james cancer hospital and solove research institute at the ohio state university comprehensive c
39049,43210,the james cancer hospital and solove research institute,the james cancer hospital and solove research institute at the ohio state university comprehensive cancer center,the james cancer hospital and solove research institute at the ohio state university comprehensive cancer center
39049,43210,the james cancer hospital and solove research institute,the james cancer hospital and solove research institute at the ohio state university comprehensive cancer t,the james cancer hospital and solove research institute at the ohio state university comprehensive cancer t
39049,43210,the james cancer hospital and solove research institute,the james cancer hospital and solove research institute ohio state university,the james cancer hospital and solove research institute ohio state university
39049,43210,the james cancer hospital and solove research institute,the ohio state university the james cancer hospital and solove research institute,the ohio state university the james cancer hospital and solove research institute
39049,43210,the james cancer hospital and solove research institute at the ohio state university comprehensive c,the james cancer hospital and solove research institute at the ohio state university comprehensive cancer center,the james cancer hospital and solove research institute at the ohio state university comprehensive cancer center
39049,43210,the james cancer hospital and solove research institute at the ohio state university comprehensive c,the james cancer hospital and solove research institute at the ohio state university comprehensive cancer t,the james cancer hospital and solove research institute at the ohio state university comprehensive cancer t
39049,43210,the ohio state university,james cancer hospital solove research institute at the ohio state university comprehensive cancer center,james cancer hospital solove research institute at the ohio state university comprehensive cancer center
39049,43210,the ohio state university,the james cancer hospital and solove research institute at the ohio state university comprehensive c,the james cancer hospital and solove research institute at the ohio state university comprehensive c
39049,43210,the ohio state university,the james cancer hospital and solove research institute at the ohio state university comprehensive cancer center,the james cancer hospital and solove research institute at the ohio state university comprehensive cancer center
39049,43210,the ohio state university,the james cancer hospital and solove research institute at the ohio state university comprehensive cancer t,the james cancer hospital and solove research institute at the ohio state university comprehensive cancer t
39049,43210,the ohio state university,the ohio state university arthur james cancer hospital solove research institute,the ohio state university arthur james cancer hospital solove research institute
39049,43210,the ohio state university,the ohio state university college of medicine osucom,the ohio state university college of medicine osucom
39049,43210,the ohio state university,the ohio state university comprehensive cancer center,the ohio state university comprehensive cancer center
39049,43210,the ohio state university,the ohio state university department of psychiatry,the ohio state university department of psychiatry
39049,43210,the ohio state university,the ohio state university james cancer center,the ohio state university james cancer center
39049,43210,the ohio state university,the ohio state university james cancer hospital,the ohio state university james cancer hospital
39049,43210,the ohio state university,the ohio state university martha morehouse tower,the ohio state university martha morehouse tower
39049,43210,the ohio state university,the ohio state university osu,the ohio state university osu
39049,43210,the ohio state university,the ohio state university osu wexner medical center,the ohio state university osu wexner medical center
39049,43210,the ohio state university,the ohio state university the james cancer hospital,the ohio state university the james cancer hospital
39049,43210,the ohio state university,the ohio state university the james cancer hospital and solove research institute,the ohio state university the james cancer hospital and solove research institute
39049,43210,the ohio state university,the ohio state university wexner medical center,the ohio state university wexner medical center
39049,43210,the ohio state university,the ohio state university wexner medical center james cancer,the ohio state university wexner medical center james cancer
39049,43210,the ohio state university,the ohio state university wexner medical center james cancer hosp,the ohio state university wexner medical center james cancer hosp
39049,43210,the ohio state university,the ohio state university wexner medical center james cancer hospital,the ohio state university wexner medical center james cancer hospital
39049,43210,the ohio state university comprehensive cancer center,james cancer hospital solove research institute at the ohio state university comprehensive cancer center,james cancer hospital solove research institute at the ohio state university comprehensive cancer center
39049,43210,the ohio state university comprehensive cancer center,the james cancer hospital and solove research institute at the ohio state university comprehensive cancer center,the james cancer hospital and solove research institute at the ohio state university comprehensive cancer center
39049,43210,the ohio state university osu,the ohio state university osu wexner medical center,the ohio state university osu wexner medical center
39049,43210,the ohio state university the james cancer hospital,the ohio state university the james cancer hospital and solove research institute,the ohio state university the james cancer hospital and solove research institute
39049,43210,the ohio state university wexner medical center,the ohio state university wexner medical center james cancer,the ohio state university wexner medical center james cancer
39049,43210,the ohio state university wexner medical center,the ohio state university wexner medical center james cancer hosp,the ohio state university wexner medical center james cancer hosp
39049,43210,the ohio state university wexner medical center,the ohio state university wexner medical center james cancer hospital,the ohio state university wexner medical center james cancer hospital
39049,43210,the ohio state university wexner medical center james cancer,the ohio state university wexner medical center james cancer hosp,the ohio state university wexner medical center james cancer hosp
39049,43210,the ohio state university wexner medical center james cancer,the ohio state university wexner medical center james cancer hospital,the ohio state university wexner medical center james cancer hospital
39049,43210,the ohio state university wexner medical center james cancer hosp,the ohio state university wexner medical center james cancer hospital,the ohio state university wexner medical center james cancer hospital
39049,43212,ohio state university stefanie spielman comprehensive breast center,the ohio state university stefanie spielman comprehensive breast center,the ohio state university stefanie spielman comprehensive breast center
39049,43212,stefanie spielman comprehensive breast center,ohio state university stefanie spielman comprehensive breast center,ohio state university stefanie spielman comprehensive breast center
39049,43212,stefanie spielman comprehensive breast center,osu wexner medical center stefanie spielman comprehensive breast center,osu wexner medical center stefanie spielman comprehensive breast center
39049,43212,stefanie spielman comprehensive breast center,the ohio state university stefanie spielman comprehensive breast center,the ohio state university stefanie spielman comprehensive breast center
39049,43214,ohiohealth,ohiohealth institute,ohiohealth institute
39049,43214,ohiohealth,ohiohealth research institute,ohiohealth research institute
39049,43214,ohiohealth,ohiohealth riverside methodist hospital,ohiohealth riverside methodist hospital
39049,43214,riverside methodist hospital,ohiohealth riverside methodist hospital,ohiohealth riverside methodist hospital
39049,43219,mark h zangmeister cancer center,the mark h zangmeister cancer center ohio,the mark h zangmeister cancer center ohio
39049,43219,the mark h zangmeister center,mid ohio hem onc dba the mark h zangmeister center,mid ohio hem onc dba the mark h zangmeister center
39049,43219,the mark h zangmeister center,the mark h zangmeister center mid ohio oncology hematology inc,the mark h zangmeister center mid ohio oncology hematology inc
39049,43219,zangmeister cancer center,mark h zangmeister cancer center,mark h zangmeister cancer center
39049,43219,zangmeister cancer center,the mark h zangmeister cancer center ohio,the mark h zangmeister cancer center ohio
39049,43230,central ohio urology group,017 central ohio urology group,017 central ohio urology group
39049,43230,central ohio urology group,central ohio urology group us urology partners,central ohio urology group us urology partners
39061,45212,the urology group,solaris health the urology group,solaris health the urology group
39061,45212,the urology group,the urology group solaris,the urology group solaris
39061,45212,the urology group,tristate urologic services psc inc dba the urology group,tristate urologic services psc inc dba the urology group
39061,45219,christ hospital,carl edyth lindner center for research education at the christ hospital and the christ hospital cancer center,carl edyth lindner center for research education at the christ hospital and the christ hospital cancer center
39061,45219,christ hospital,christ hospital cancer center,christ hospital cancer center
39061,45219,christ hospital,the christ hospital,the christ hospital
39061,45219,christ hospital,the christ hospital cancer center,the christ hospital cancer center
39061,45219,christ hospital,the lindner center for research education at the christ hospital,the lindner center for research education at the christ hospital
39061,45219,christ hospital cancer center,carl edyth lindner center for research education at the christ hospital and the christ hospital cancer center,carl edyth lindner center for research education at the christ hospital and the christ hospital cancer center
39061,45219,christ hospital cancer center,the christ hospital cancer center,the christ hospital cancer center
39061,45219,the christ hospital,carl edyth lindner center for research education at the christ hospital and the christ hospital cancer center,carl edyth lindner center for research education at the christ hospital and the christ hospital cancer center
39061,45219,the christ hospital,the christ hospital cancer center,the christ hospital cancer center
39061,45219,the christ hospital,the lindner center for research education at the christ hospital,the lindner center for research education at the christ hospital
39061,45219,the christ hospital cancer center,carl edyth lindner center for research education at the christ hospital and the christ hospital cancer center,carl edyth lindner center for research education at the christ hospital and the christ hospital cancer center
39061,45219,university of cincinnati,university of cincinnati cancer center uc medical center,university of cincinnati cancer center uc medical center
39061,45219,university of cincinnati,university of cincinnati medical center,university of cincinnati medical center
39061,45219,university of cincinnati,university of cincinnati medical center ucmc,university of cincinnati medical center ucmc
39061,45219,university of cincinnati,university of cincinnati medical center university of cincinnati cancer center,university of cincinnati medical center university of cincinnati cancer center
39061,45219,university of cincinnati,university of cincinnati vontz center for molecular studies,university of cincinnati vontz center for molecular studies
39061,45219,university of cincinnati medical center,university of cincinnati medical center ucmc,university of cincinnati medical center ucmc
39061,45219,university of cincinnati medical center,university of cincinnati medical center university of cincinnati cancer center,university of cincinnati medical center university of cincinnati cancer center
39061,45220,good samaritan hospital,good samaritan hospital cincinnati,good samaritan hospital cincinnati
39061,45220,good samaritan hospital,good samaritan hospital trihealth cancer institute,good samaritan hospital trihealth cancer institute
39061,45220,good samaritan hospital,trihealth cancer institute good samaritan hospital,trihealth cancer institute good samaritan hospital
39061,45229,cincinnati children s hospital medical center,cincinnati children s hospital medical center data collection only,cincinnati children s hospital medical center data collection only
39061,45242,oncology hematology care,oncology hematology care clinial trials,oncology hematology care clinial trials
39061,45242,oncology hematology care,oncology hematology care clinical trials,oncology hematology care clinical trials
39061,45242,oncology hematology care,oncology hematology care inc,oncology hematology care inc
39061,45242,oncology hematology care,oncology hematology care incorporated,oncology hematology care incorporated
39061,45242,oncology hematology care,oncology hematology care primary,oncology hematology care primary
39061,45242,oncology hematology care,uso oncology hematology care,uso oncology hematology care
39061,45242,oncology hematology care,usor oncology hematology care blue ash,usor oncology hematology care blue ash
39061,45242,oncology hematology care inc,oncology hematology care incorporated,oncology hematology care incorporated
39085,44060,uh seidman cancer center,uh seidman cancer center at lake health mentor campus,uh seidman cancer center at lake health mentor campus
39113,45415,dayton physicians network,dayton physicians network urology,dayton physicians network urology
39113,45415,miami valley hospital north,dayton physician llc miami valley hospital north,dayton physician llc miami valley hospital north
39113,45429,kettering health,kettering health cancer center,kettering health cancer center
39113,45429,kettering health,kettering health cancer center main campus,kettering health cancer center main campus
39113,45429,kettering health,kettering health main campus kettering health cancer center,kettering health main campus kettering health cancer center
39113,45429,kettering health cancer center,kettering health cancer center main campus,kettering health cancer center main campus
39113,45429,kettering health cancer center,kettering health main campus kettering health cancer center,kettering health main campus kettering health cancer center
39119,43701,genesis healthcare system,genesis healthcare system cancer care center,genesis healthcare system cancer care center
39151,44708,cleveland clinic mercy hospital,cleveland clinic mercy hospital cancer center,cleveland clinic mercy hospital cancer center
39151,44718,gabrail cancer center,gabrail cancer center research,gabrail cancer center research
39151,44718,gabrail cancer center,gabrail cancer center research llc,gabrail cancer center research llc
39151,44718,gabrail cancer center research,gabrail cancer center research llc,gabrail cancer center research llc
39151,44718,research,gabrail cancer and research center,gabrail cancer and research center
39151,44718,research,gabrail cancer center research,gabrail cancer center research
39151,44718,research,gabrail cancer center research llc,gabrail cancer center research llc
39151,44718,research,gabrail cancer research center,gabrail cancer research center
39151,44718,research,the gabrail pharmacology phase 1 research center,the gabrail pharmacology phase 1 research center
40109,73102,hightower clinical,hightower clinical llc,hightower clinical llc
40109,73102,hightower clinical,ssm okc hightower clinical,ssm okc hightower clinical
40109,73104,ou health stephenson cancer,ou health stephenson cancer center,ou health stephenson cancer center
40109,73104,stephenson cancer center,oklahoma university health stephenson cancer center,oklahoma university health stephenson cancer center
40109,73104,stephenson cancer center,oklahoma university stephenson cancer center,oklahoma university stephenson cancer center
40109,73104,stephenson cancer center,ou health stephenson cancer center,ou health stephenson cancer center
40109,73104,stephenson cancer center,ou stephenson cancer center,ou stephenson cancer center
40109,73104,stephenson cancer center,ouhsc stephenson cancer center,ouhsc stephenson cancer center
40109,73104,stephenson cancer center,stephenson cancer center at ou health,stephenson cancer center at ou health
40109,73104,stephenson cancer center,stephenson cancer center at ou health university of oklahoma health sciences center scc ouhsc,stephenson cancer center at ou health university of oklahoma health sciences center scc ouhsc
40109,73104,stephenson cancer center,stephenson cancer center at the university of oklahoma,stephenson cancer center at the university of oklahoma
40109,73104,stephenson cancer center,stephenson cancer center chemo location,stephenson cancer center chemo location
40109,73104,stephenson cancer center,stephenson cancer center oklahoma,stephenson cancer center oklahoma
40109,73104,stephenson cancer center,stephenson cancer center oklahoma university health,stephenson cancer center oklahoma university health
40109,73104,stephenson cancer center,stephenson cancer center university of oklahoma,stephenson cancer center university of oklahoma
40109,73104,stephenson cancer center,university of oklahoma health stephenson cancer center,university of oklahoma health stephenson cancer center
40109,73104,stephenson cancer center at ou health,stephenson cancer center at ou health university of oklahoma health sciences center scc ouhsc,stephenson cancer center at ou health university of oklahoma health sciences center scc ouhsc
40109,73104,stephenson cancer center oklahoma,stephenson cancer center oklahoma university health,stephenson cancer center oklahoma university health
40109,73104,university of oklahoma,ou health university of oklahoma medical center,ou health university of oklahoma medical center
40109,73104,university of oklahoma,sarah cannon research institute university of oklahoma,sarah cannon research institute university of oklahoma
40109,73104,university of oklahoma,stephenson cancer center at ou health university of oklahoma health sciences center scc ouhsc,stephenson cancer center at ou health university of oklahoma health sciences center scc ouhsc
40109,73104,university of oklahoma,stephenson cancer center at the university of oklahoma,stephenson cancer center at the university of oklahoma
40109,73104,university of oklahoma,stephenson cancer center university of oklahoma,stephenson cancer center university of oklahoma
40109,73104,university of oklahoma,university of oklahoma health science center,university of oklahoma health science center
40109,73104,university of oklahoma,university of oklahoma health sciences center,university of oklahoma health sciences center
40109,73104,university of oklahoma,university of oklahoma health stephenson cancer center,university of oklahoma health stephenson cancer center
40109,73104,university of oklahoma,university of oklahoma medical center,university of oklahoma medical center
40109,73104,university of oklahoma health sciences center,stephenson cancer center at ou health university of oklahoma health sciences center scc ouhsc,stephenson cancer center at ou health university of oklahoma health sciences center scc ouhsc
40109,73104,university of oklahoma medical center,ou health university of oklahoma medical center,ou health university of oklahoma medical center
40109,73120,mercy hospital oklahoma city,mercy hospital oklahoma city mercy coletta cancer center oklahoma city,mercy hospital oklahoma city mercy coletta cancer center oklahoma city
40143,74146,oklahoma cancer specialists and research institute,oklahoma cancer specialists and research institute llc,oklahoma cancer specialists and research institute llc
40143,74146,oklahoma cancer specialists and research institute,oklahoma cancer specialists and research institute ocsri tulsa cancer center,oklahoma cancer specialists and research institute ocsri tulsa cancer center
40143,74146,oklahoma cancer specialists and research institute,oklahoma cancer specialists and research institute tulsa,oklahoma cancer specialists and research institute tulsa
41003,97330,good samaritan regional medical center,good samaritan regional medical center samaritan pastega regional cancer center,good samaritan regional medical center samaritan pastega regional cancer center
41003,97330,samaritan hospital,good samaritan hospital,good samaritan hospital
41017,97701,st charles health system,st charles health system inc,st charles health system inc
41017,97701,st charles health system,st charles health system inc dba st charles medical center,st charles health system inc dba st charles medical center
41017,97701,st charles health system inc,st charles health system inc dba st charles medical center,st charles health system inc dba st charles medical center
41017,97701,st charles medical center,st charles health system inc dba st charles medical center,st charles health system inc dba st charles medical center
41039,97401,oncology associates of oregon,oncology associates of oregon p c,oncology associates of oregon p c
41039,97401,oncology associates of oregon,oncology associates of oregon p c willamette valley cancer institute wvci,oncology associates of oregon p c willamette valley cancer institute wvci
41039,97401,oncology associates of oregon,oncology associates of oregon pc,oncology associates of oregon pc
41039,97401,oncology associates of oregon,oncology associates of oregon pc willamette valley cancer institute,oncology associates of oregon pc willamette valley cancer institute
41039,97401,oncology associates of oregon,oncology associates of oregon primary,oncology associates of oregon primary
41039,97401,oncology associates of oregon,oncology associates of oregon willamette valley cancer center,oncology associates of oregon willamette valley cancer center
41039,97401,oncology associates of oregon,oncology associates of oregon willamette valley cancer institute and research center,oncology associates of oregon willamette valley cancer institute and research center
41039,97401,oncology associates of oregon,uso oncology associates of oregon,uso oncology associates of oregon
41039,97401,oncology associates of oregon,uso oncology associates of oregon p c,uso oncology associates of oregon p c
41039,97401,oncology associates of oregon,usor oncology associates of oregon p c,usor oncology associates of oregon p c
41039,97401,oncology associates of oregon,willamette valley cancer institute oncology associates of oregon,willamette valley cancer institute oncology associates of oregon
41039,97401,oncology associates of oregon p c,oncology associates of oregon p c willamette valley cancer institute wvci,oncology associates of oregon p c willamette valley cancer institute wvci
41039,97401,oncology associates of oregon p c,uso oncology associates of oregon p c,uso oncology associates of oregon p c
41039,97401,oncology associates of oregon p c,usor oncology associates of oregon p c,usor oncology associates of oregon p c
41039,97401,oncology associates of oregon pc,oncology associates of oregon pc willamette valley cancer institute,oncology associates of oregon pc willamette valley cancer institute
41039,97401,uso oncology associates of oregon,uso oncology associates of oregon p c,uso oncology associates of oregon p c
41039,97401,usor willamette valley cancer institute and research center,usor willamette valley cancer institute and research center eugene,usor willamette valley cancer institute and research center eugene
41039,97401,willamette valley cancer center,oncology associates of oregon willamette valley cancer center,oncology associates of oregon willamette valley cancer center
41039,97401,willamette valley cancer institute,oncology associates of oregon p c willamette valley cancer institute wvci,oncology associates of oregon p c willamette valley cancer institute wvci
41039,97401,willamette valley cancer institute,oncology associates of oregon pc willamette valley cancer institute,oncology associates of oregon pc willamette valley cancer institute
41039,97401,willamette valley cancer institute,oncology associates of oregon willamette valley cancer institute and research center,oncology associates of oregon willamette valley cancer institute and research center
41039,97401,willamette valley cancer institute,usor willamette valley cancer institute and research center,usor willamette valley cancer institute and research center
41039,97401,willamette valley cancer institute,usor willamette valley cancer institute and research center eugene,usor willamette valley cancer institute and research center eugene
41039,97401,willamette valley cancer institute,willamette valley cancer institute and research center,willamette valley cancer institute and research center
41039,97401,willamette valley cancer institute,willamette valley cancer institute and research center eugene,willamette valley cancer institute and research center eugene
41039,97401,willamette valley cancer institute,willamette valley cancer institute oncology associates of oregon,willamette valley cancer institute oncology associates of oregon
41039,97401,willamette valley cancer institute,willamette valley cancer institute oregon,willamette valley cancer institute oregon
41039,97401,willamette valley cancer institute and research center,oncology associates of oregon willamette valley cancer institute and research center,oncology associates of oregon willamette valley cancer institute and research center
41039,97401,willamette valley cancer institute and research center,usor willamette valley cancer institute and research center,usor willamette valley cancer institute and research center
41039,97401,willamette valley cancer institute and research center,usor willamette valley cancer institute and research center eugene,usor willamette valley cancer institute and research center eugene
41039,97401,willamette valley cancer institute and research center,willamette valley cancer institute and research center eugene,willamette valley cancer institute and research center eugene
41039,97401,willamette valley cancer institute and research center eugene,usor willamette valley cancer institute and research center eugene,usor willamette valley cancer institute and research center eugene
41047,97301,oregon oncology specialists,oregon oncology specialists salem,oregon oncology specialists salem
41051,97213,providence cancer center,providence cancer center oncology,providence cancer center oncology
41051,97213,providence cancer center,providence cancer center oncology and hematology care eastside,providence cancer center oncology and hematology care eastside
41051,97213,providence cancer center oncology,providence cancer center oncology and hematology care eastside,providence cancer center oncology and hematology care eastside
41051,97213,providence cancer institute,providence cancer institute franz clinic,providence cancer institute franz clinic
41051,97213,providence cancer institute,providence cancer institute franz clinic eastside,providence cancer institute franz clinic eastside
41051,97213,providence cancer institute,providence cancer institute of oregon,providence cancer institute of oregon
41051,97213,providence cancer institute franz clinic,providence cancer institute franz clinic eastside,providence cancer institute franz clinic eastside
41051,97213,providence health services,providence health services oregon,providence health services oregon
41051,97213,providence portland medical center,providence portland medical center oncology,providence portland medical center oncology
41051,97227,kaiser permanente northwest,kaiser permanente northwest oncology clinic,kaiser permanente northwest oncology clinic
41051,97227,northwest cancer specialists,northwest cancer specialists p c,northwest cancer specialists p c
41051,97227,northwest cancer specialists,scri northwest cancer specialists p c,scri northwest cancer specialists p c
41051,97227,northwest cancer specialists p c,scri northwest cancer specialists p c,scri northwest cancer specialists p c
41051,97239,knight cancer institute,ohsu knight cancer institute,ohsu knight cancer institute
41051,97239,knight cancer institute,ohsu knight cancer institute south waterfront,ohsu knight cancer institute south waterfront
41051,97239,knight cancer institute,oregon health and science university knight cancer institute,oregon health and science university knight cancer institute
41051,97239,knight cancer institute,oregon health and science university knight cancer institute marquam hill,oregon health and science university knight cancer institute marquam hill
41051,97239,ohsu knight cancer institute,ohsu knight cancer institute south waterfront,ohsu knight cancer institute south waterfront
41051,97239,oregon health and science university,oregon health and science university chh1,oregon health and science university chh1
41051,97239,oregon health and science university,oregon health and science university chh2,oregon health and science university chh2
41051,97239,oregon health and science university,oregon health and science university knight cancer institute,oregon health and science university knight cancer institute
41051,97239,oregon health and science university,oregon health and science university knight cancer institute marquam hill,oregon health and science university knight cancer institute marquam hill
41051,97239,oregon health and science university,oregon health and science university ohsu marquam hill campus,oregon health and science university ohsu marquam hill campus
41051,97239,oregon health and science university,oregon health and science university physicians pavilion adults and pediatrics,oregon health and science university physicians pavilion adults and pediatrics
41051,97239,oregon health and science university,oregon health and science university portland,oregon health and science university portland
41051,97239,oregon health and science university knight cancer institute,oregon health and science university knight cancer institute marquam hill,oregon health and science university knight cancer institute marquam hill
41051,97239,oregon health science university,oregon health science university 3485 s bond,oregon health science university 3485 s bond
41051,97239,oregon health science university,oregon health science university knight cardiovascular institute,oregon health science university knight cardiovascular institute
41051,97239,oregon health science university,oregon health science university ohsu,oregon health science university ohsu
41051,97239,va portland health care system,va portland health care system portland or,va portland health care system portland or
41067,97223,compass oncology west,compass oncology west tigard,compass oncology west tigard
41067,97225,providence st vincent medical center,providence st vincent medical center investigational drug services,providence st vincent medical center investigational drug services
42003,15212,allegheny,ahn allegheny general hospital,ahn allegheny general hospital
42003,15212,allegheny,ahn cancer institute allegheny general,ahn cancer institute allegheny general
42003,15212,allegheny,allegheny cancer center,allegheny cancer center
42003,15212,allegheny,allegheny general hospital,allegheny general hospital
42003,15212,allegheny,allegheny general hospital agh allegheny singer research institute,allegheny general hospital agh allegheny singer research institute
42003,15212,allegheny,allegheny general hospital cancer institute,allegheny general hospital cancer institute
42003,15212,allegheny,allegheny health network data collection only,allegheny health network data collection only
42003,15212,allegheny,allegheny singer research institute,allegheny singer research institute
42003,15212,allegheny,allegheny singer research institution,allegheny singer research institution
42003,15212,allegheny general hospital,ahn allegheny general hospital,ahn allegheny general hospital
42003,15212,allegheny general hospital,allegheny general hospital agh allegheny singer research institute,allegheny general hospital agh allegheny singer research institute
42003,15212,allegheny general hospital,allegheny general hospital cancer institute,allegheny general hospital cancer institute
42003,15212,allegheny singer research institute,allegheny general hospital agh allegheny singer research institute,allegheny general hospital agh allegheny singer research institute
42003,15213,magee womens hospital,magee womens hospital of upmc,magee womens hospital of upmc
42003,15213,magee womens hospital,magee womens research institute upmc magee womens hospital,magee womens research institute upmc magee womens hospital
42003,15213,magee womens hospital,university of pittsburgh medical center magee womens hospital,university of pittsburgh medical center magee womens hospital
42003,15213,magee womens hospital,upmc magee womens hospital,upmc magee womens hospital
42003,15213,upmc hillman cancer,upmc hillman cancer center magee women s hospital,upmc hillman cancer center magee women s hospital
42003,15213,upmc magee women s hospital,university of pittsburgh medical center cancer upmc magee women s hospital,university of pittsburgh medical center cancer upmc magee women s hospital
42003,15213,upmc magee womens hospital,magee womens research institute upmc magee womens hospital,magee womens research institute upmc magee womens hospital
42003,15224,ahn west penn hospital,allegheny health network ahn west penn hospital,allegheny health network ahn west penn hospital
42003,15224,allegheny health network,allegheny health network ahn west penn hospital,allegheny health network ahn west penn hospital
42003,15224,allegheny health network,allegheny health network west penn hospital,allegheny health network west penn hospital
42003,15224,allegheny health network,west penn hospital of allegheny health network,west penn hospital of allegheny health network
42003,15224,west penn hospital,ahn cancer institute west penn hospital,ahn cancer institute west penn hospital
42003,15224,west penn hospital,ahn west penn hospital,ahn west penn hospital
42003,15224,west penn hospital,allegheny health network ahn west penn hospital,allegheny health network ahn west penn hospital
42003,15224,west penn hospital,allegheny health network west penn hospital,allegheny health network west penn hospital
42003,15224,west penn hospital,west penn hospital of allegheny health network,west penn hospital of allegheny health network
42003,15232,hillman cancer center,university of pittsburg medical center upmc hillman cancer center,university of pittsburg medical center upmc hillman cancer center
42003,15232,hillman cancer center,university of pittsburgh hillman cancer center,university of pittsburgh hillman cancer center
42003,15232,hillman cancer center,university of pittsburgh medical center hillman cancer center,university of pittsburgh medical center hillman cancer center
42003,15232,hillman cancer center,university of pittsburgh medical center upmc hillman cancer center,university of pittsburgh medical center upmc hillman cancer center
42003,15232,hillman cancer center,university of pittsburgh upmc hillman cancer center,university of pittsburgh upmc hillman cancer center
42003,15232,hillman cancer center,upmc cancer center hillman cancer center,upmc cancer center hillman cancer center
42003,15232,hillman cancer center,upmc hillman cancer center,upmc hillman cancer center
42003,15232,hillman cancer center,upmc hillman cancer center radiation oncology,upmc hillman cancer center radiation oncology
42003,15232,hillman cancer center,upmc hillman cancer center upmc,upmc hillman cancer center upmc
42003,15232,university of pittsburgh cancer institute,university of pittsburgh cancer institute upci,university of pittsburgh cancer institute upci
42003,15232,university of pittsburgh medical center,university of pittsburgh medical center hillman cancer center,university of pittsburgh medical center hillman cancer center
42003,15232,university of pittsburgh medical center,university of pittsburgh medical center shadyside medical building,university of pittsburgh medical center shadyside medical building
42003,15232,university of pittsburgh medical center,university of pittsburgh medical center upmc,university of pittsburgh medical center upmc
42003,15232,university of pittsburgh medical center,university of pittsburgh medical center upmc hillman cancer center,university of pittsburgh medical center upmc hillman cancer center
42003,15232,university of pittsburgh medical center,upmc university of pittsburgh medical center,upmc university of pittsburgh medical center
42003,15232,university of pittsburgh medical center upmc,university of pittsburgh medical center upmc hillman cancer center,university of pittsburgh medical center upmc hillman cancer center
42003,15232,upmc hillman cancer center,university of pittsburg medical center upmc hillman cancer center,university of pittsburg medical center upmc hillman cancer center
42003,15232,upmc hillman cancer center,university of pittsburgh medical center upmc hillman cancer center,university of pittsburgh medical center upmc hillman cancer center
42003,15232,upmc hillman cancer center,university of pittsburgh upmc hillman cancer center,university of pittsburgh upmc hillman cancer center
42003,15232,upmc hillman cancer center,upmc hillman cancer center radiation oncology,upmc hillman cancer center radiation oncology
42003,15232,upmc hillman cancer center,upmc hillman cancer center upmc,upmc hillman cancer center upmc
42003,15240,va pittsburgh healthcare system,va pittsburgh healthcare system university drive division pittsburgh pa,va pittsburgh healthcare system university drive division pittsburgh pa
42011,19611,reading hospital,mcglinn cancer institute reading hospital,mcglinn cancer institute reading hospital
42011,19611,reading hospital,reading hospital mcglinn cancer institute,reading hospital mcglinn cancer institute
42015,18840,guthrie medical group,guthrie medical group pc and robert packer hospital guthrie cancer center sayre,guthrie medical group pc and robert packer hospital guthrie cancer center sayre
42015,18840,guthrie medical group,guthrie medical group pc robert packer hospital,guthrie medical group pc robert packer hospital
42017,18901,alliance cancer specialists pc,scri alliance cancer specialists pc,scri alliance cancer specialists pc
42029,19380,chester county hospital,penn medicine chester county hospital,penn medicine chester county hospital
42043,17033,penn state cancer institute,penn state milton s hershey medical center penn state cancer institute,penn state milton s hershey medical center penn state cancer institute
42043,17033,penn state milton s hershey medical center,penn state milton s hershey medical center penn state cancer institute,penn state milton s hershey medical center penn state cancer institute
42045,19008,consultants in medical oncology and hematology,consultants in medical oncology and hematology cmoh,consultants in medical oncology and hematology cmoh
42045,19008,consultants in medical oncology and hematology,consultants in medical oncology and hematology p c,consultants in medical oncology and hematology p c
42045,19063,alliance cancer specialists,alliance cancer specialists media,alliance cancer specialists media
42045,19063,alliance cancer specialists,alliance cancer specialists pc,alliance cancer specialists pc
42071,17601,ann b barshinger cancer institute,lancaster general ann b barshinger cancer institute,lancaster general ann b barshinger cancer institute
42071,17601,ann b barshinger cancer institute,lancaster general health ann b barshinger cancer institute,lancaster general health ann b barshinger cancer institute
42071,17601,ann b barshinger cancer institute,lancaster general hospital ann b barshinger cancer institute,lancaster general hospital ann b barshinger cancer institute
42071,17601,ann b barshinger cancer institute,penn medicine lancaster general hospital ann b barshinger cancer institute,penn medicine lancaster general hospital ann b barshinger cancer institute
42071,17601,ann b barshinger cancer institute,upenn lancaster ann b barshinger cancer institute,upenn lancaster ann b barshinger cancer institute
42071,17601,lancaster general health,lancaster general health ann b barshinger cancer institute,lancaster general health ann b barshinger cancer institute
42071,17601,lancaster general hospital ann b barshinger cancer institute,penn medicine lancaster general hospital ann b barshinger cancer institute,penn medicine lancaster general hospital ann b barshinger cancer institute
42071,17601,penn medicine lancaster general hospital,penn medicine lancaster general hospital ann b barshinger cancer institute,penn medicine lancaster general hospital ann b barshinger cancer institute
42077,18103,lehigh valley health network,lehigh valley health network cedar crest,lehigh valley health network cedar crest
42077,18103,lehigh valley health network,lehigh valley health network data collection only,lehigh valley health network data collection only
42077,18103,lehigh valley hospital,lehigh valley hospital cedar crest,lehigh valley hospital cedar crest
42091,19004,midlantic urology,midlantic urology solaris,midlantic urology solaris
42091,19046,redeemer health,redeemer health holy redeemer hospital,redeemer health holy redeemer hospital
42091,19090,asplundh cancer pavilion,asplundh cancer pavilion at jefferson health,asplundh cancer pavilion at jefferson health
42091,19090,asplundh cancer pavilion,asplundh cancer pavilion jefferson health,asplundh cancer pavilion jefferson health
42091,19090,asplundh cancer pavilion,sidney kimmel comprehensive cancer asplundh cancer pavilion,sidney kimmel comprehensive cancer asplundh cancer pavilion
42091,19096,alliance cancer specialists,alliance cancer specialists at main line,alliance cancer specialists at main line
42091,19096,alliance cancer specialists,alliance cancer specialists pc,alliance cancer specialists pc
42091,19096,alliance cancer specialists,alliance cancer specialists pc wynnewood,alliance cancer specialists pc wynnewood
42091,19096,alliance cancer specialists pc,alliance cancer specialists pc wynnewood,alliance cancer specialists pc wynnewood
42091,19096,lankenau medical center,lankenau medical center mainline medical center,lankenau medical center mainline medical center
42095,18015,st luke s university health network,st luke s university health network bethlehem campus,st luke s university health network bethlehem campus
42095,18045,spoknwrd clinical trials,spoknwrd clinical trials inc,spoknwrd clinical trials inc
42101,19104,abramson cancer center,abramson cancer center and perelman center for advanced medicine,abramson cancer center and perelman center for advanced medicine
42101,19104,abramson cancer center,abramson cancer center at the university of pennsylvania,abramson cancer center at the university of pennsylvania
42101,19104,abramson cancer center,abramson cancer center at university of pennsylvania,abramson cancer center at university of pennsylvania
42101,19104,abramson cancer center,abramson cancer center of the university of pennsylvania,abramson cancer center of the university of pennsylvania
42101,19104,abramson cancer center,abramson cancer center of the university of pennsylvania hospital of the university of pennsylvania,abramson cancer center of the university of pennsylvania hospital of the university of pennsylvania
42101,19104,abramson cancer center,abramson cancer center university of pennsylvania,abramson cancer center university of pennsylvania
42101,19104,abramson cancer center,abramson cancer center university of pennsylvania medical center,abramson cancer center university of pennsylvania medical center
42101,19104,abramson cancer center,penn medicine abramson cancer center,penn medicine abramson cancer center
42101,19104,abramson cancer center,penn medicine abramson cancer center perelman,penn medicine abramson cancer center perelman
42101,19104,abramson cancer center,univ of pennsylvania abramson cancer center,univ of pennsylvania abramson cancer center
42101,19104,abramson cancer center,university of pennsylvania abramson cancer center,university of pennsylvania abramson cancer center
42101,19104,abramson cancer center,university of pennsylvania abramson cancer center perelman center for advanced medicine,university of pennsylvania abramson cancer center perelman center for advanced medicine
42101,19104,abramson cancer center of the university of pennsylvania,abramson cancer center of the university of pennsylvania hospital of the university of pennsylvania,abramson cancer center of the university of pennsylvania hospital of the university of pennsylvania
42101,19104,abramson cancer center university of pennsylvania,abramson cancer center university of pennsylvania medical center,abramson cancer center university of pennsylvania medical center
42101,19104,children s hospital of philadelphia,children s hospital of philadelphia center for childhood cancer research,children s hospital of philadelphia center for childhood cancer research
42101,19104,children s hospital of philadelphia,children s hospital of philadelphia data collection only,children s hospital of philadelphia data collection only
42101,19104,children s hospital of philadelphia,the children s hospital of philadelphia oncology division blood marrow transplant section pediatrics,the children s hospital of philadelphia oncology division blood marrow transplant section pediatrics
42101,19104,hospital of the university of pennsylvania,abramson cancer center of the university of pennsylvania hospital of the university of pennsylvania,abramson cancer center of the university of pennsylvania hospital of the university of pennsylvania
42101,19104,hospital of the university of pennsylvania,hospital of the university of pennsylvania adults only,hospital of the university of pennsylvania adults only
42101,19104,hospital of the university of pennsylvania,hospital of the university of pennsylvania perelman center for advanced medicine,hospital of the university of pennsylvania perelman center for advanced medicine
42101,19104,penn medicine,penn medicine abramson cancer center,penn medicine abramson cancer center
42101,19104,penn medicine,penn medicine abramson cancer center perelman,penn medicine abramson cancer center perelman
42101,19104,penn medicine,penn medicine perelman center for advanced medicine,penn medicine perelman center for advanced medicine
42101,19104,penn medicine,penn medicine university of pennsylvania health system,penn medicine university of pennsylvania health system
42101,19104,penn medicine abramson cancer center,penn medicine abramson cancer center perelman,penn medicine abramson cancer center perelman
42101,19104,perelman center for advanced medicine,abramson cancer center and perelman center for advanced medicine,abramson cancer center and perelman center for advanced medicine
42101,19104,perelman center for advanced medicine,hospital of the university of pennsylvania perelman center for advanced medicine,hospital of the university of pennsylvania perelman center for advanced medicine
42101,19104,perelman center for advanced medicine,penn medicine perelman center for advanced medicine,penn medicine perelman center for advanced medicine
42101,19104,perelman center for advanced medicine,university of pennsylvania abramson cancer center perelman center for advanced medicine,university of pennsylvania abramson cancer center perelman center for advanced medicine
42101,19104,perelman center for advanced medicine,university of pennsylvania division of hematology oncology perelman center for advanced medicine,university of pennsylvania division of hematology oncology perelman center for advanced medicine
42101,19104,perelman center for advanced medicine,university of pennsylvania health system perelman center for advanced medicine,university of pennsylvania health system perelman center for advanced medicine
42101,19104,perelman center for advanced medicine,university of pennsylvania perelman center for advanced medicine,university of pennsylvania perelman center for advanced medicine
42101,19104,perelman center for advanced medicine,university of pennsylvania perelman center for advanced medicine penn urology,university of pennsylvania perelman center for advanced medicine penn urology
42101,19104,perelman center for advanced medicine,upenn perelman center for advanced medicine,upenn perelman center for advanced medicine
42101,19104,university of pennsylvania,abramson cancer center at the university of pennsylvania,abramson cancer center at the university of pennsylvania
42101,19104,university of pennsylvania,abramson cancer center at university of pennsylvania,abramson cancer center at university of pennsylvania
42101,19104,university of pennsylvania,abramson cancer center of the university of pennsylvania,abramson cancer center of the university of pennsylvania
42101,19104,university of pennsylvania,abramson cancer center of the university of pennsylvania hospital of the university of pennsylvania,abramson cancer center of the university of pennsylvania hospital of the university of pennsylvania
42101,19104,university of pennsylvania,abramson cancer center university of pennsylvania,abramson cancer center university of pennsylvania
42101,19104,university of pennsylvania,abramson cancer center university of pennsylvania medical center,abramson cancer center university of pennsylvania medical center
42101,19104,university of pennsylvania,hospital of the university of pennsylvania,hospital of the university of pennsylvania
42101,19104,university of pennsylvania,hospital of the university of pennsylvania adults only,hospital of the university of pennsylvania adults only
42101,19104,university of pennsylvania,hospital of the university of pennsylvania perelman center for advanced medicine,hospital of the university of pennsylvania perelman center for advanced medicine
42101,19104,university of pennsylvania,penn medicine university of pennsylvania health system,penn medicine university of pennsylvania health system
42101,19104,university of pennsylvania,perelman school of medicine at the university of pennsylvania,perelman school of medicine at the university of pennsylvania
42101,19104,university of pennsylvania,university of pennsylvania abramson cancer center,university of pennsylvania abramson cancer center
42101,19104,university of pennsylvania,university of pennsylvania abramson cancer center perelman center for advanced medicine,university of pennsylvania abramson cancer center perelman center for advanced medicine
42101,19104,university of pennsylvania,university of pennsylvania abramson caner center,university of pennsylvania abramson caner center
42101,19104,university of pennsylvania,university of pennsylvania data collection only,university of pennsylvania data collection only
42101,19104,university of pennsylvania,university of pennsylvania division of hematology oncology perelman center for advanced medicine,university of pennsylvania division of hematology oncology perelman center for advanced medicine
42101,19104,university of pennsylvania,university of pennsylvania health system perelman center for advanced medicine,university of pennsylvania health system perelman center for advanced medicine
42101,19104,university of pennsylvania,university of pennsylvania hospital,university of pennsylvania hospital
42101,19104,university of pennsylvania,university of pennsylvania perelamn center for advanced medicine,university of pennsylvania perelamn center for advanced medicine
42101,19104,university of pennsylvania,university of pennsylvania perelman center,university of pennsylvania perelman center
42101,19104,university of pennsylvania,university of pennsylvania perelman center for advanced medicine,university of pennsylvania perelman center for advanced medicine
42101,19104,university of pennsylvania,university of pennsylvania perelman center for advanced medicine penn urology,university of pennsylvania perelman center for advanced medicine penn urology
42101,19104,university of pennsylvania,university of pennsylvania perelman school of medicine,university of pennsylvania perelman school of medicine
42101,19104,university of pennsylvania,university of pennsylvania u penn,university of pennsylvania u penn
42101,19104,university of pennsylvania abramson cancer center,university of pennsylvania abramson cancer center perelman center for advanced medicine,university of pennsylvania abramson cancer center perelman center for advanced medicine
42101,19104,university of pennsylvania hospital,abramson cancer center of the university of pennsylvania hospital of the university of pennsylvania,abramson cancer center of the university of pennsylvania hospital of the university of pennsylvania
42101,19104,university of pennsylvania perelman center,hospital of the university of pennsylvania perelman center for advanced medicine,hospital of the university of pennsylvania perelman center for advanced medicine
42101,19104,university of pennsylvania perelman center,university of pennsylvania perelman center for advanced medicine,university of pennsylvania perelman center for advanced medicine
42101,19104,university of pennsylvania perelman center,university of pennsylvania perelman center for advanced medicine penn urology,university of pennsylvania perelman center for advanced medicine penn urology
42101,19104,university of pennsylvania perelman center for advanced medicine,hospital of the university of pennsylvania perelman center for advanced medicine,hospital of the university of pennsylvania perelman center for advanced medicine
42101,19104,university of pennsylvania perelman center for advanced medicine,university of pennsylvania perelman center for advanced medicine penn urology,university of pennsylvania perelman center for advanced medicine penn urology
42101,19107,honickman center,jefferson health honickman center,jefferson health honickman center
42101,19107,honickman center,thomas jefferson university honickman center,thomas jefferson university honickman center
42101,19107,jefferson health,jefferson health honickman center,jefferson health honickman center
42101,19107,jefferson health,scri sydney kimmel cancer center jefferson health,scri sydney kimmel cancer center jefferson health
42101,19107,jefferson health,sidney kimmel cancer center at jefferson health,sidney kimmel cancer center at jefferson health
42101,19107,jefferson health,sidney kimmel cancer center jefferson health,sidney kimmel cancer center jefferson health
42101,19107,jefferson health,sidney kimmel cancer center skcc at jefferson health,sidney kimmel cancer center skcc at jefferson health
42101,19107,jefferson health,sidney kimmell cancer center jefferson health,sidney kimmell cancer center jefferson health
42101,19107,jefferson university hospital,jefferson university hospitals,jefferson university hospitals
42101,19107,jefferson university hospital,sidney kimmel cancer center at thomas jefferson university hospital,sidney kimmel cancer center at thomas jefferson university hospital
42101,19107,jefferson university hospital,sidney kimmel cancer center thomas jefferson university hospital,sidney kimmel cancer center thomas jefferson university hospital
42101,19107,jefferson university hospital,sidney kimmel comprehensive cancer center thomas jefferson university hospital,sidney kimmel comprehensive cancer center thomas jefferson university hospital
42101,19107,jefferson university hospital,thomas jefferson university hospital,thomas jefferson university hospital
42101,19107,jefferson university hospital,thomas jefferson university hospital central,thomas jefferson university hospital central
42101,19107,sidney kimmel cancer center,sidney kimmel cancer center at jefferson,sidney kimmel cancer center at jefferson
42101,19107,sidney kimmel cancer center,sidney kimmel cancer center at jefferson health,sidney kimmel cancer center at jefferson health
42101,19107,sidney kimmel cancer center,sidney kimmel cancer center at thomas jefferson university,sidney kimmel cancer center at thomas jefferson university
42101,19107,sidney kimmel cancer center,sidney kimmel cancer center at thomas jefferson university hospital,sidney kimmel cancer center at thomas jefferson university hospital
42101,19107,sidney kimmel cancer center,sidney kimmel cancer center jefferson health,sidney kimmel cancer center jefferson health
42101,19107,sidney kimmel cancer center,sidney kimmel cancer center skcc at jefferson health,sidney kimmel cancer center skcc at jefferson health
42101,19107,sidney kimmel cancer center,sidney kimmel cancer center thomas jefferson university hospital,sidney kimmel cancer center thomas jefferson university hospital
42101,19107,sidney kimmel cancer center,thomas jeffersion university sidney kimmel cancer center,thomas jeffersion university sidney kimmel cancer center
42101,19107,sidney kimmel cancer center,thomas jefferson university sidney kimmel cancer center,thomas jefferson university sidney kimmel cancer center
42101,19107,sidney kimmel cancer center,thomas jefferson university sidney kimmel cancer center clinical research organization,thomas jefferson university sidney kimmel cancer center clinical research organization
42101,19107,sidney kimmel cancer center,thomas jefferson university sidney kimmel cancer center clinical trials office,thomas jefferson university sidney kimmel cancer center clinical trials office
42101,19107,sidney kimmel cancer center at jefferson,sidney kimmel cancer center at jefferson health,sidney kimmel cancer center at jefferson health
42101,19107,sidney kimmel cancer center at thomas jefferson university,sidney kimmel cancer center at thomas jefferson university hospital,sidney kimmel cancer center at thomas jefferson university hospital
42101,19107,sidney kimmel comprehensive cancer center,sidney kimmel comprehensive cancer center at jefferson,sidney kimmel comprehensive cancer center at jefferson
42101,19107,sidney kimmel comprehensive cancer center,sidney kimmel comprehensive cancer center at thomas jefferson university,sidney kimmel comprehensive cancer center at thomas jefferson university
42101,19107,sidney kimmel comprehensive cancer center,sidney kimmel comprehensive cancer center thomas jefferson university,sidney kimmel comprehensive cancer center thomas jefferson university
42101,19107,sidney kimmel comprehensive cancer center,sidney kimmel comprehensive cancer center thomas jefferson university hospital,sidney kimmel comprehensive cancer center thomas jefferson university hospital
42101,19107,sidney kimmel comprehensive cancer center,thomas jefferson university sidney kimmel comprehensive cancer center,thomas jefferson university sidney kimmel comprehensive cancer center
42101,19107,sidney kimmel comprehensive cancer center thomas jefferson university,sidney kimmel comprehensive cancer center thomas jefferson university hospital,sidney kimmel comprehensive cancer center thomas jefferson university hospital
42101,19107,sydney kimmel cancer center,scri sydney kimmel cancer center jefferson health,scri sydney kimmel cancer center jefferson health
42101,19107,thomas jefferson university,sidney kimmel cancer center at thomas jefferson university,sidney kimmel cancer center at thomas jefferson university
42101,19107,thomas jefferson university,sidney kimmel cancer center at thomas jefferson university hospital,sidney kimmel cancer center at thomas jefferson university hospital
42101,19107,thomas jefferson university,sidney kimmel cancer center thomas jefferson university hospital,sidney kimmel cancer center thomas jefferson university hospital
42101,19107,thomas jefferson university,sidney kimmel comprehensive cancer center at thomas jefferson university,sidney kimmel comprehensive cancer center at thomas jefferson university
42101,19107,thomas jefferson university,sidney kimmel comprehensive cancer center thomas jefferson university,sidney kimmel comprehensive cancer center thomas jefferson university
42101,19107,thomas jefferson university,sidney kimmel comprehensive cancer center thomas jefferson university hospital,sidney kimmel comprehensive cancer center thomas jefferson university hospital
42101,19107,thomas jefferson university,thomas jefferson university center city philadelphia,thomas jefferson university center city philadelphia
42101,19107,thomas jefferson university,thomas jefferson university clinical research institute,thomas jefferson university clinical research institute
42101,19107,thomas jefferson university,thomas jefferson university honickman center,thomas jefferson university honickman center
42101,19107,thomas jefferson university,thomas jefferson university hospital,thomas jefferson university hospital
42101,19107,thomas jefferson university,thomas jefferson university hospital central,thomas jefferson university hospital central
42101,19107,thomas jefferson university,thomas jefferson university medical oncology clinic,thomas jefferson university medical oncology clinic
42101,19107,thomas jefferson university,thomas jefferson university research facility,thomas jefferson university research facility
42101,19107,thomas jefferson university,thomas jefferson university sidney kimmel cancer center,thomas jefferson university sidney kimmel cancer center
42101,19107,thomas jefferson university,thomas jefferson university sidney kimmel cancer center clinical research organization,thomas jefferson university sidney kimmel cancer center clinical research organization
42101,19107,thomas jefferson university,thomas jefferson university sidney kimmel cancer center clinical trials office,thomas jefferson university sidney kimmel cancer center clinical trials office
42101,19107,thomas jefferson university,thomas jefferson university sidney kimmel comprehensive cancer center,thomas jefferson university sidney kimmel comprehensive cancer center
42101,19107,thomas jefferson university,thomas jefferson university sidney kimmel comprensive cancer center clinical trials office,thomas jefferson university sidney kimmel comprensive cancer center clinical trials office
42101,19107,thomas jefferson university hospital,sidney kimmel cancer center at thomas jefferson university hospital,sidney kimmel cancer center at thomas jefferson university hospital
42101,19107,thomas jefferson university hospital,sidney kimmel cancer center thomas jefferson university hospital,sidney kimmel cancer center thomas jefferson university hospital
42101,19107,thomas jefferson university hospital,sidney kimmel comprehensive cancer center thomas jefferson university hospital,sidney kimmel comprehensive cancer center thomas jefferson university hospital
42101,19107,thomas jefferson university hospital,thomas jefferson university hospital central,thomas jefferson university hospital central
42101,19107,thomas jefferson university sidney kimmel cancer center,thomas jefferson university sidney kimmel cancer center clinical research organization,thomas jefferson university sidney kimmel cancer center clinical research organization
42101,19107,thomas jefferson university sidney kimmel cancer center,thomas jefferson university sidney kimmel cancer center clinical trials office,thomas jefferson university sidney kimmel cancer center clinical trials office
42101,19111,fox chase cancer center,fox chase cancer center 333 cottman avenue,fox chase cancer center 333 cottman avenue
42101,19111,fox chase cancer center,temple health fox chase cancer center,temple health fox chase cancer center
42101,19111,fox chase cancer center,temple university fox chase cancer center,temple university fox chase cancer center
42101,19140,temple university hospital,temple university hospital at broad street,temple university hospital at broad street
42133,17403,cancer care associates of york,cancer care associates of york inc,cancer care associates of york inc
44007,02903,brown university,brown university health,brown university health
44007,02903,brown university,brown university health cancer institute,brown university health cancer institute
44007,02903,brown university,brown university health rhode island hospital,brown university health rhode island hospital
44007,02903,brown university health,brown university health cancer institute,brown university health cancer institute
44007,02903,brown university health,brown university health rhode island hospital,brown university health rhode island hospital
44007,02903,lifespan cancer institute,lifespan cancer institute at rhode island hospital,lifespan cancer institute at rhode island hospital
44007,02903,lifespan cancer institute,lifespan cancer institute providence,lifespan cancer institute providence
44007,02903,lifespan cancer institute,lifespan cancer institute rhode island hospital,lifespan cancer institute rhode island hospital
44007,02903,lifespan cancer institute,lifespan cancer institute the miriam and rhode island hospitals providence rhode island united states 02903 contact,lifespan cancer institute the miriam and rhode island hospitals providence rhode island united states 02903 contact
44007,02903,rhode island hospital,1007 rhode island hospital,1007 rhode island hospital
44007,02903,rhode island hospital,brown university health rhode island hospital,brown university health rhode island hospital
44007,02903,rhode island hospital,lifespan cancer institute at rhode island hospital,lifespan cancer institute at rhode island hospital
44007,02903,rhode island hospital,lifespan cancer institute rhode island hospital,lifespan cancer institute rhode island hospital
44007,02903,rhode island hospital,lifespan cancer institute the miriam and rhode island hospitals providence rhode island united states 02903 contact,lifespan cancer institute the miriam and rhode island hospitals providence rhode island united states 02903 contact
44007,02905,women and infants hospital,women and infants hospital of rhode island,women and infants hospital of rhode island
44007,02905,women infants hospital,women infants hospital of rhode island,women infants hospital of rhode island
44007,02906,miriam hospital,the miriam hospital,the miriam hospital
45019,29406,lowcountry urology,lowcountry urology clinics,lowcountry urology clinics
45019,29406,lowcountry urology,lowcountry urology institute,lowcountry urology institute
45019,29406,lowcountry urology,lowcountry urology solaris,lowcountry urology solaris
45019,29425,hollings cancer center,hollings cancer center at medical university of south carolina,hollings cancer center at medical university of south carolina
45019,29425,hollings cancer center,hollings cancer center musc,hollings cancer center musc
45019,29425,hollings cancer center,medical university of south carolina hollings cancer center,medical university of south carolina hollings cancer center
45019,29425,hollings cancer center,medical university of south carolina musc hollings cancer center,medical university of south carolina musc hollings cancer center
45019,29425,hollings cancer center,musc hollings cancer center,musc hollings cancer center
45019,29425,medical university of south carolina,hollings cancer center at medical university of south carolina,hollings cancer center at medical university of south carolina
45019,29425,medical university of south carolina,medical university of south carolina hollings cancer center,medical university of south carolina hollings cancer center
45019,29425,medical university of south carolina,medical university of south carolina musc,medical university of south carolina musc
45019,29425,medical university of south carolina,medical university of south carolina musc hollings cancer center,medical university of south carolina musc hollings cancer center
45019,29425,medical university of south carolina,medical university of south carolina musc hollings cc,medical university of south carolina musc hollings cc
45019,29425,medical university of south carolina musc,medical university of south carolina musc hollings cancer center,medical university of south carolina musc hollings cancer center
45019,29425,medical university of south carolina musc,medical university of south carolina musc hollings cc,medical university of south carolina musc hollings cc
45019,29425,musc hollings cancer center,medical university of south carolina musc hollings cancer center,medical university of south carolina musc hollings cancer center
45019,29425,research,research site,research site
45045,29605,prisma health,prisma health cancer institute,prisma health cancer institute
45045,29605,prisma health,prisma health cancer institute butternut,prisma health cancer institute butternut
45045,29605,prisma health,prisma health cancer institute faris,prisma health cancer institute faris
45045,29605,prisma health,prisma health cancer institute itor cru,prisma health cancer institute itor cru
45045,29605,prisma health,prisma health cancer institute multidisciplinary center,prisma health cancer institute multidisciplinary center
45045,29605,prisma health,prisma health formerly greenville health system,prisma health formerly greenville health system
45045,29605,prisma health,prisma health greenville memorial hospital,prisma health greenville memorial hospital
45045,29605,prisma health,prisma health institute for translational oncology,prisma health institute for translational oncology
45045,29605,prisma health,prisma health institute for translational oncology research,prisma health institute for translational oncology research
45045,29605,prisma health,prisma health itor,prisma health itor
45045,29605,prisma health,prisma health upstate,prisma health upstate
45045,29605,prisma health,prisma health upstate itor edenfield,prisma health upstate itor edenfield
45045,29605,prisma health cancer institute,prisma health cancer institute butternut,prisma health cancer institute butternut
45045,29605,prisma health cancer institute,prisma health cancer institute faris,prisma health cancer institute faris
45045,29605,prisma health cancer institute,prisma health cancer institute itor cru,prisma health cancer institute itor cru
45045,29605,prisma health cancer institute,prisma health cancer institute multidisciplinary center,prisma health cancer institute multidisciplinary center
45045,29605,prisma health institute for translational oncology,prisma health institute for translational oncology research,prisma health institute for translational oncology research
45045,29605,prisma health upstate,prisma health upstate itor edenfield,prisma health upstate itor edenfield
45045,29607,research,research site,research site
45045,29607,saint francis cancer center,bon secours saint francis cancer center,bon secours saint francis cancer center
45045,29607,saint francis cancer center,saint francis cancer center greenville,saint francis cancer center greenville
45045,29607,st francis cancer center,bon secours st francis cancer center,bon secours st francis cancer center
45051,29572,carolina urologic research center,006 carolina urologic research center,006 carolina urologic research center
45051,29572,carolina urologic research center,carolina urologic research center llc,carolina urologic research center llc
45051,29572,carolina urologic research center,carolina urologic research center the start center for cancer research,carolina urologic research center the start center for cancer research
45083,29303,gibbs cancer center,gibbs cancer center and research institute,gibbs cancer center and research institute
45083,29303,gibbs cancer center,gibbs cancer center research institute spartanburg,gibbs cancer center research institute spartanburg
45083,29303,spartanburg medical center,spartanburg regional healthcare system spartanburg medical center smc,spartanburg regional healthcare system spartanburg medical center smc
45083,29303,spartanburg regional healthcare system,spartanburg regional healthcare system spartanburg medical center smc,spartanburg regional healthcare system spartanburg medical center smc
45091,29732,levine cancer institute,levine cancer institute rock hill,levine cancer institute rock hill
46065,57501,avera cancer institute pierre,avera cancer institute pierre sd,avera cancer institute pierre sd
46099,57104,sanford cancer center,sanford cancer center gynecologic oncology,sanford cancer center gynecologic oncology
46099,57104,sanford cancer center,sanford cancer center oncology clinic,sanford cancer center oncology clinic
46099,57104,sanford cancer center,sanford cancer center oncology clinic and pharmacy,sanford cancer center oncology clinic and pharmacy
46099,57104,sanford cancer center oncology clinic,sanford cancer center oncology clinic and pharmacy,sanford cancer center oncology clinic and pharmacy
46099,57105,avera cancer institute,avera cancer institute research,avera cancer institute research
46099,57105,avera cancer institute,avera cancer institute sioux falls,avera cancer institute sioux falls
46099,57105,avera medical group,avera medical group gynecologic,avera medical group gynecologic
46099,57105,avera medical group,avera medical group gynecologic oncology sioux falls,avera medical group gynecologic oncology sioux falls
46099,57105,avera medical group,avera medical group oncology,avera medical group oncology
46099,57105,avera medical group gynecologic,avera medical group gynecologic oncology sioux falls,avera medical group gynecologic oncology sioux falls
46135,57078,avera cancer institute yankton,amg oncology and hematology avera cancer institute yankton,amg oncology and hematology avera cancer institute yankton
47037,37203,clinical study site,clinical study sites,clinical study sites
47037,37203,research,greco hainsworth centers for research tennessee oncology,greco hainsworth centers for research tennessee oncology
47037,37203,research,research site,research site
47037,37203,research,sara cannon research institute tennessee,sara cannon research institute tennessee
47037,37203,research,sarah cannon and hca research institute,sarah cannon and hca research institute
47037,37203,research,sarah cannon research,sarah cannon research
47037,37203,research,sarah cannon research center,sarah cannon research center
47037,37203,research,sarah cannon research insitute,sarah cannon research insitute
47037,37203,research,sarah cannon research institue,sarah cannon research institue
47037,37203,research,sarah cannon research institue oncology,sarah cannon research institue oncology
47037,37203,research,sarah cannon research institute,sarah cannon research institute
47037,37203,research,sarah cannon research institute 335 24th avenue north suite 400,sarah cannon research institute 335 24th avenue north suite 400
47037,37203,research,sarah cannon research institute at tennessee oncology,sarah cannon research institute at tennessee oncology
47037,37203,research,sarah cannon research institute llc,sarah cannon research institute llc
47037,37203,research,sarah cannon research institute nashville,sarah cannon research institute nashville
47037,37203,research,sarah cannon research institute oncology associates of oregon pc,sarah cannon research institute oncology associates of oregon pc
47037,37203,research,sarah cannon research institute oncology partners,sarah cannon research institute oncology partners
47037,37203,research,sarah cannon research institute oncology partners scri nashville,sarah cannon research institute oncology partners scri nashville
47037,37203,research,sarah cannon research institute pharmacy,sarah cannon research institute pharmacy
47037,37203,research,sarah cannon research institute scri,sarah cannon research institute scri
47037,37203,research,sarah cannon research institute scri nashville,sarah cannon research institute scri nashville
47037,37203,research,sarah cannon research institute scri oncology partners,sarah cannon research institute scri oncology partners
47037,37203,research,sarah cannon research institute scri the scri oncology research consortium,sarah cannon research institute scri the scri oncology research consortium
47037,37203,research,sarah cannon research institute tennessee oncology,sarah cannon research institute tennessee oncology
47037,37203,research,sarah cannon research institute usa tn,sarah cannon research institute usa tn
47037,37203,research,sarah canon research institute scri oncology partners,sarah canon research institute scri oncology partners
47037,37203,research,tennessee oncology greco hainsworth center for research,tennessee oncology greco hainsworth center for research
47037,37203,research,tennessee oncology nashville sarah cannon research institute,tennessee oncology nashville sarah cannon research institute
47037,37203,research,the sarah cannon research institute tennessee oncology,the sarah cannon research institute tennessee oncology
47037,37203,research,us oncology research llc,us oncology research llc
47037,37203,research,uso us oncology research network,uso us oncology research network
47037,37203,sarah cannon,sarah cannon and hca research institute,sarah cannon and hca research institute
47037,37203,sarah cannon,sarah cannon cancer center,sarah cannon cancer center
47037,37203,sarah cannon,sarah cannon cancer institute,sarah cannon cancer institute
47037,37203,sarah cannon,sarah cannon nashville,sarah cannon nashville
47037,37203,sarah cannon,sarah cannon research,sarah cannon research
47037,37203,sarah cannon,sarah cannon research center,sarah cannon research center
47037,37203,sarah cannon,sarah cannon research insitute,sarah cannon research insitute
47037,37203,sarah cannon,sarah cannon research institue,sarah cannon research institue
47037,37203,sarah cannon,sarah cannon research institue oncology,sarah cannon research institue oncology
47037,37203,sarah cannon,sarah cannon research institute,sarah cannon research institute
47037,37203,sarah cannon,sarah cannon research institute 335 24th avenue north suite 400,sarah cannon research institute 335 24th avenue north suite 400
47037,37203,sarah cannon,sarah cannon research institute at tennessee oncology,sarah cannon research institute at tennessee oncology
47037,37203,sarah cannon,sarah cannon research institute llc,sarah cannon research institute llc
47037,37203,sarah cannon,sarah cannon research institute nashville,sarah cannon research institute nashville
47037,37203,sarah cannon,sarah cannon research institute oncology associates of oregon pc,sarah cannon research institute oncology associates of oregon pc
47037,37203,sarah cannon,sarah cannon research institute oncology partners,sarah cannon research institute oncology partners
47037,37203,sarah cannon,sarah cannon research institute oncology partners scri nashville,sarah cannon research institute oncology partners scri nashville
47037,37203,sarah cannon,sarah cannon research institute pharmacy,sarah cannon research institute pharmacy
47037,37203,sarah cannon,sarah cannon research institute scri,sarah cannon research institute scri
47037,37203,sarah cannon,sarah cannon research institute scri nashville,sarah cannon research institute scri nashville
47037,37203,sarah cannon,sarah cannon research institute scri oncology partners,sarah cannon research institute scri oncology partners
47037,37203,sarah cannon,sarah cannon research institute scri the scri oncology research consortium,sarah cannon research institute scri the scri oncology research consortium
47037,37203,sarah cannon,sarah cannon research institute tennessee oncology,sarah cannon research institute tennessee oncology
47037,37203,sarah cannon,sarah cannon research institute usa tn,sarah cannon research institute usa tn
47037,37203,sarah cannon,sarah cannon scri oncology partners,sarah cannon scri oncology partners
47037,37203,sarah cannon,sarah cannon tennessee oncology,sarah cannon tennessee oncology
47037,37203,sarah cannon,tennessee oncology nashville sarah cannon research institute,tennessee oncology nashville sarah cannon research institute
47037,37203,sarah cannon,the sarah cannon research institute tennessee oncology,the sarah cannon research institute tennessee oncology
47037,37203,sarah cannon,tristar bone marrow transplant sarah cannon transplant cellular therapy,tristar bone marrow transplant sarah cannon transplant cellular therapy
47037,37203,sarah cannon research,sarah cannon research center,sarah cannon research center
47037,37203,sarah cannon research,sarah cannon research insitute,sarah cannon research insitute
47037,37203,sarah cannon research,sarah cannon research institue,sarah cannon research institue
47037,37203,sarah cannon research,sarah cannon research institue oncology,sarah cannon research institue oncology
47037,37203,sarah cannon research,sarah cannon research institute,sarah cannon research institute
47037,37203,sarah cannon research,sarah cannon research institute 335 24th avenue north suite 400,sarah cannon research institute 335 24th avenue north suite 400
47037,37203,sarah cannon research,sarah cannon research institute at tennessee oncology,sarah cannon research institute at tennessee oncology
47037,37203,sarah cannon research,sarah cannon research institute llc,sarah cannon research institute llc
47037,37203,sarah cannon research,sarah cannon research institute nashville,sarah cannon research institute nashville
47037,37203,sarah cannon research,sarah cannon research institute oncology associates of oregon pc,sarah cannon research institute oncology associates of oregon pc
47037,37203,sarah cannon research,sarah cannon research institute oncology partners,sarah cannon research institute oncology partners
47037,37203,sarah cannon research,sarah cannon research institute oncology partners scri nashville,sarah cannon research institute oncology partners scri nashville
47037,37203,sarah cannon research,sarah cannon research institute pharmacy,sarah cannon research institute pharmacy
47037,37203,sarah cannon research,sarah cannon research institute scri,sarah cannon research institute scri
47037,37203,sarah cannon research,sarah cannon research institute scri nashville,sarah cannon research institute scri nashville
47037,37203,sarah cannon research,sarah cannon research institute scri oncology partners,sarah cannon research institute scri oncology partners
47037,37203,sarah cannon research,sarah cannon research institute scri the scri oncology research consortium,sarah cannon research institute scri the scri oncology research consortium
47037,37203,sarah cannon research,sarah cannon research institute tennessee oncology,sarah cannon research institute tennessee oncology
47037,37203,sarah cannon research,sarah cannon research institute usa tn,sarah cannon research institute usa tn
47037,37203,sarah cannon research,tennessee oncology nashville sarah cannon research institute,tennessee oncology nashville sarah cannon research institute
47037,37203,sarah cannon research,the sarah cannon research institute tennessee oncology,the sarah cannon research institute tennessee oncology
47037,37203,sarah cannon research institue,sarah cannon research institue oncology,sarah cannon research institue oncology
47037,37203,sarah cannon research institute,sarah cannon research institute 335 24th avenue north suite 400,sarah cannon research institute 335 24th avenue north suite 400
47037,37203,sarah cannon research institute,sarah cannon research institute at tennessee oncology,sarah cannon research institute at tennessee oncology
47037,37203,sarah cannon research institute,sarah cannon research institute llc,sarah cannon research institute llc
47037,37203,sarah cannon research institute,sarah cannon research institute nashville,sarah cannon research institute nashville
47037,37203,sarah cannon research institute,sarah cannon research institute oncology associates of oregon pc,sarah cannon research institute oncology associates of oregon pc
47037,37203,sarah cannon research institute,sarah cannon research institute oncology partners,sarah cannon research institute oncology partners
47037,37203,sarah cannon research institute,sarah cannon research institute oncology partners scri nashville,sarah cannon research institute oncology partners scri nashville
47037,37203,sarah cannon research institute,sarah cannon research institute pharmacy,sarah cannon research institute pharmacy
47037,37203,sarah cannon research institute,sarah cannon research institute scri,sarah cannon research institute scri
47037,37203,sarah cannon research institute,sarah cannon research institute scri nashville,sarah cannon research institute scri nashville
47037,37203,sarah cannon research institute,sarah cannon research institute scri oncology partners,sarah cannon research institute scri oncology partners
47037,37203,sarah cannon research institute,sarah cannon research institute scri the scri oncology research consortium,sarah cannon research institute scri the scri oncology research consortium
47037,37203,sarah cannon research institute,sarah cannon research institute tennessee oncology,sarah cannon research institute tennessee oncology
47037,37203,sarah cannon research institute,sarah cannon research institute usa tn,sarah cannon research institute usa tn
47037,37203,sarah cannon research institute,tennessee oncology nashville sarah cannon research institute,tennessee oncology nashville sarah cannon research institute
47037,37203,sarah cannon research institute,the sarah cannon research institute tennessee oncology,the sarah cannon research institute tennessee oncology
47037,37203,sarah cannon research institute oncology partners,sarah cannon research institute oncology partners scri nashville,sarah cannon research institute oncology partners scri nashville
47037,37203,sarah cannon research institute scri,sarah cannon research institute scri nashville,sarah cannon research institute scri nashville
47037,37203,sarah cannon research institute scri,sarah cannon research institute scri oncology partners,sarah cannon research institute scri oncology partners
47037,37203,sarah cannon research institute scri,sarah cannon research institute scri the scri oncology research consortium,sarah cannon research institute scri the scri oncology research consortium
47037,37203,sarah cannon research institute tennessee oncology,the sarah cannon research institute tennessee oncology,the sarah cannon research institute tennessee oncology
47037,37203,scri nashville,sarah cannon research institute oncology partners scri nashville,sarah cannon research institute oncology partners scri nashville
47037,37203,scri nashville,sarah cannon research institute scri nashville,sarah cannon research institute scri nashville
47037,37203,scri oncology,sarah cannon research institute scri oncology partners,sarah cannon research institute scri oncology partners
47037,37203,scri oncology,sarah cannon research institute scri the scri oncology research consortium,sarah cannon research institute scri the scri oncology research consortium
47037,37203,scri oncology,sarah cannon scri oncology partners,sarah cannon scri oncology partners
47037,37203,scri oncology,sarah canon research institute scri oncology partners,sarah canon research institute scri oncology partners
47037,37203,scri oncology,scri oncology partners,scri oncology partners
47037,37203,scri oncology,scri oncology partners group,scri oncology partners group
47037,37203,scri oncology,scri oncology partners ppds,scri oncology partners ppds
47037,37203,scri oncology,scri oncology partners tennessee,scri oncology partners tennessee
47037,37203,scri oncology,tennessee oncology nashville scri oncology partners,tennessee oncology nashville scri oncology partners
47037,37203,scri oncology partners,sarah cannon research institute scri oncology partners,sarah cannon research institute scri oncology partners
47037,37203,scri oncology partners,sarah cannon scri oncology partners,sarah cannon scri oncology partners
47037,37203,scri oncology partners,sarah canon research institute scri oncology partners,sarah canon research institute scri oncology partners
47037,37203,scri oncology partners,scri oncology partners group,scri oncology partners group
47037,37203,scri oncology partners,scri oncology partners ppds,scri oncology partners ppds
47037,37203,scri oncology partners,scri oncology partners tennessee,scri oncology partners tennessee
47037,37203,scri oncology partners,tennessee oncology nashville scri oncology partners,tennessee oncology nashville scri oncology partners
47037,37203,tennessee oncology,greco hainsworth centers for research tennessee oncology,greco hainsworth centers for research tennessee oncology
47037,37203,tennessee oncology,one oncology tennessee oncology,one oncology tennessee oncology
47037,37203,tennessee oncology,sarah cannon research institute at tennessee oncology,sarah cannon research institute at tennessee oncology
47037,37203,tennessee oncology,sarah cannon research institute tennessee oncology,sarah cannon research institute tennessee oncology
47037,37203,tennessee oncology,sarah cannon tennessee oncology,sarah cannon tennessee oncology
47037,37203,tennessee oncology,tennessee oncology greco hainsworth center for research,tennessee oncology greco hainsworth center for research
47037,37203,tennessee oncology,tennessee oncology nashville,tennessee oncology nashville
47037,37203,tennessee oncology,tennessee oncology nashville centennial clinic,tennessee oncology nashville centennial clinic
47037,37203,tennessee oncology,tennessee oncology nashville centennial clinic medical oncology,tennessee oncology nashville centennial clinic medical oncology
47037,37203,tennessee oncology,tennessee oncology nashville sarah cannon research institute,tennessee oncology nashville sarah cannon research institute
47037,37203,tennessee oncology,tennessee oncology nashville scri oncology partners,tennessee oncology nashville scri oncology partners
47037,37203,tennessee oncology,tennessee oncology nashville st thomas midtown clinic,tennessee oncology nashville st thomas midtown clinic
47037,37203,tennessee oncology,tennessee oncology pllc,tennessee oncology pllc
47037,37203,tennessee oncology,tennessee oncology pllc chattanooga,tennessee oncology pllc chattanooga
47037,37203,tennessee oncology,tennessee oncology pllc elliston place plaza,tennessee oncology pllc elliston place plaza
47037,37203,tennessee oncology,tennessee oncology pllc elliston place plaza ddu,tennessee oncology pllc elliston place plaza ddu
47037,37203,tennessee oncology,tennessee oncology pllc elliston place plaza medical oncology hematology,tennessee oncology pllc elliston place plaza medical oncology hematology
47037,37203,tennessee oncology,tennessee oncology pllc investigational drug services,tennessee oncology pllc investigational drug services
47037,37203,tennessee oncology,tennessee oncology pllc nashville,tennessee oncology pllc nashville
47037,37203,tennessee oncology,tennessee oncology pllc nashville elliston place plaza center for blood cancers,tennessee oncology pllc nashville elliston place plaza center for blood cancers
47037,37203,tennessee oncology,tennessee oncology pllc nashville elliston place plaza ddu,tennessee oncology pllc nashville elliston place plaza ddu
47037,37203,tennessee oncology,tennessee oncology pllc nashville elliston place plaza medical oncology hematology,tennessee oncology pllc nashville elliston place plaza medical oncology hematology
47037,37203,tennessee oncology,tennessee oncology pllc nashville elliston place plaza medical oncology hematology clinic,tennessee oncology pllc nashville elliston place plaza medical oncology hematology clinic
47037,37203,tennessee oncology,the sarah cannon research institute tennessee oncology,the sarah cannon research institute tennessee oncology
47037,37203,tennessee oncology nashville,tennessee oncology nashville centennial clinic,tennessee oncology nashville centennial clinic
47037,37203,tennessee oncology nashville,tennessee oncology nashville centennial clinic medical oncology,tennessee oncology nashville centennial clinic medical oncology
47037,37203,tennessee oncology nashville,tennessee oncology nashville sarah cannon research institute,tennessee oncology nashville sarah cannon research institute
47037,37203,tennessee oncology nashville,tennessee oncology nashville scri oncology partners,tennessee oncology nashville scri oncology partners
47037,37203,tennessee oncology nashville,tennessee oncology nashville st thomas midtown clinic,tennessee oncology nashville st thomas midtown clinic
47037,37203,tennessee oncology nashville centennial clinic,tennessee oncology nashville centennial clinic medical oncology,tennessee oncology nashville centennial clinic medical oncology
47037,37203,tennessee oncology pllc,tennessee oncology pllc chattanooga,tennessee oncology pllc chattanooga
47037,37203,tennessee oncology pllc,tennessee oncology pllc elliston place plaza,tennessee oncology pllc elliston place plaza
47037,37203,tennessee oncology pllc,tennessee oncology pllc elliston place plaza ddu,tennessee oncology pllc elliston place plaza ddu
47037,37203,tennessee oncology pllc,tennessee oncology pllc elliston place plaza medical oncology hematology,tennessee oncology pllc elliston place plaza medical oncology hematology
47037,37203,tennessee oncology pllc,tennessee oncology pllc investigational drug services,tennessee oncology pllc investigational drug services
47037,37203,tennessee oncology pllc,tennessee oncology pllc nashville,tennessee oncology pllc nashville
47037,37203,tennessee oncology pllc,tennessee oncology pllc nashville elliston place plaza center for blood cancers,tennessee oncology pllc nashville elliston place plaza center for blood cancers
47037,37203,tennessee oncology pllc,tennessee oncology pllc nashville elliston place plaza ddu,tennessee oncology pllc nashville elliston place plaza ddu
47037,37203,tennessee oncology pllc,tennessee oncology pllc nashville elliston place plaza medical oncology hematology,tennessee oncology pllc nashville elliston place plaza medical oncology hematology
47037,37203,tennessee oncology pllc,tennessee oncology pllc nashville elliston place plaza medical oncology hematology clinic,tennessee oncology pllc nashville elliston place plaza medical oncology hematology clinic
47037,37203,tennessee oncology pllc elliston place plaza,tennessee oncology pllc elliston place plaza ddu,tennessee oncology pllc elliston place plaza ddu
47037,37203,tennessee oncology pllc elliston place plaza,tennessee oncology pllc elliston place plaza medical oncology hematology,tennessee oncology pllc elliston place plaza medical oncology hematology
47037,37203,tennessee oncology pllc nashville,tennessee oncology pllc nashville elliston place plaza center for blood cancers,tennessee oncology pllc nashville elliston place plaza center for blood cancers
47037,37203,tennessee oncology pllc nashville,tennessee oncology pllc nashville elliston place plaza ddu,tennessee oncology pllc nashville elliston place plaza ddu
47037,37203,tennessee oncology pllc nashville,tennessee oncology pllc nashville elliston place plaza medical oncology hematology,tennessee oncology pllc nashville elliston place plaza medical oncology hematology
47037,37203,tennessee oncology pllc nashville,tennessee oncology pllc nashville elliston place plaza medical oncology hematology clinic,tennessee oncology pllc nashville elliston place plaza medical oncology hematology clinic
47037,37203,tennessee oncology pllc nashville elliston place plaza medical oncology hematology,tennessee oncology pllc nashville elliston place plaza medical oncology hematology clinic,tennessee oncology pllc nashville elliston place plaza medical oncology hematology clinic
47037,37203,tristar bmt,scri tristar bmt,scri tristar bmt
47037,37203,tristar bmt,tristar bmt tcto,tristar bmt tcto
47037,37203,tristar bone marrow transplant,tristar bone marrow transplant sarah cannon transplant cellular therapy,tristar bone marrow transplant sarah cannon transplant cellular therapy
47037,37209,urology associates,007 urology associates p c,007 urology associates p c
47037,37209,urology associates,urology associates of nashville,urology associates of nashville
47037,37209,urology associates,urology associates p c,urology associates p c
47037,37209,urology associates,urology associates pc,urology associates pc
47037,37209,urology associates p c,007 urology associates p c,007 urology associates p c
47037,37232,henry joyce cancer clinic,henry joyce cancer clinic the vanderbilt clinic,henry joyce cancer clinic the vanderbilt clinic
47037,37232,henry joyce cancer clinic,vanderbilt ingram cancer center henry joyce cancer clinic,vanderbilt ingram cancer center henry joyce cancer clinic
47037,37232,henry joyce cancer clinic,vanderbilt university henry joyce cancer clinic,vanderbilt university henry joyce cancer clinic
47037,37232,henry joyce cancer clinic,vanderbilt university medical center henry joyce cancer clinic adults and pediatrics,vanderbilt university medical center henry joyce cancer clinic adults and pediatrics
47037,37232,vanderbilt ingram cancer center,vanderbilt ingram cancer center henry joyce cancer clinic,vanderbilt ingram cancer center henry joyce cancer clinic
47037,37232,vanderbilt ingram cancer center,vanderbilt ingram cancer center vanderbilt university medical center,vanderbilt ingram cancer center vanderbilt university medical center
47037,37232,vanderbilt ingram cancer center,vanderbilt ingram cancer center vicc,vanderbilt ingram cancer center vicc
47037,37232,vanderbilt ingram cancer center,vanderbilt university medical center vanderbilt ingram cancer center,vanderbilt university medical center vanderbilt ingram cancer center
47037,37232,vanderbilt university,vanderbilt ingram cancer center vanderbilt university medical center,vanderbilt ingram cancer center vanderbilt university medical center
47037,37232,vanderbilt university,vanderbilt university henry joyce cancer clinic,vanderbilt university henry joyce cancer clinic
47037,37232,vanderbilt university,vanderbilt university ingram cancer center,vanderbilt university ingram cancer center
47037,37232,vanderbilt university,vanderbilt university medical center,vanderbilt university medical center
47037,37232,vanderbilt university,vanderbilt university medical center henry joyce cancer clinic adults and pediatrics,vanderbilt university medical center henry joyce cancer clinic adults and pediatrics
47037,37232,vanderbilt university,vanderbilt university medical center vanderbilt ingram cancer center,vanderbilt university medical center vanderbilt ingram cancer center
47037,37232,vanderbilt university,vanderbilt university school of medicine,vanderbilt university school of medicine
47037,37232,vanderbilt university medical center,vanderbilt ingram cancer center vanderbilt university medical center,vanderbilt ingram cancer center vanderbilt university medical center
47037,37232,vanderbilt university medical center,vanderbilt university medical center henry joyce cancer clinic adults and pediatrics,vanderbilt university medical center henry joyce cancer clinic adults and pediatrics
47037,37232,vanderbilt university medical center,vanderbilt university medical center vanderbilt ingram cancer center,vanderbilt university medical center vanderbilt ingram cancer center
47065,37403,erlanger health,erlanger health inc,erlanger health inc
47065,37404,tennessee oncology,tennessee oncology chattanooga,tennessee oncology chattanooga
47065,37404,tennessee oncology,tennessee oncology chattanooga memorial plaza,tennessee oncology chattanooga memorial plaza
47065,37404,tennessee oncology,tennessee oncology chattanooga oncology hematology associates,tennessee oncology chattanooga oncology hematology associates
47065,37404,tennessee oncology,tennessee oncology greco hainsworth centers for research chattanooga,tennessee oncology greco hainsworth centers for research chattanooga
47065,37404,tennessee oncology,tennessee oncology pllc,tennessee oncology pllc
47065,37404,tennessee oncology,tennessee oncology pllc chattanooga med park ii,tennessee oncology pllc chattanooga med park ii
47065,37404,tennessee oncology,tennessee oncology pllc chattanooga medical park ii,tennessee oncology pllc chattanooga medical park ii
47065,37404,tennessee oncology,tennessee oncology pllc chattanooga memorial,tennessee oncology pllc chattanooga memorial
47065,37404,tennessee oncology,tennessee oncology pllc investigational drug services supply storage,tennessee oncology pllc investigational drug services supply storage
47065,37404,tennessee oncology chattanooga,tennessee oncology chattanooga memorial plaza,tennessee oncology chattanooga memorial plaza
47065,37404,tennessee oncology chattanooga,tennessee oncology chattanooga oncology hematology associates,tennessee oncology chattanooga oncology hematology associates
47065,37404,tennessee oncology pllc,tennessee oncology pllc chattanooga med park ii,tennessee oncology pllc chattanooga med park ii
47065,37404,tennessee oncology pllc,tennessee oncology pllc chattanooga medical park ii,tennessee oncology pllc chattanooga medical park ii
47065,37404,tennessee oncology pllc,tennessee oncology pllc chattanooga memorial,tennessee oncology pllc chattanooga memorial
47065,37404,tennessee oncology pllc,tennessee oncology pllc investigational drug services supply storage,tennessee oncology pllc investigational drug services supply storage
47093,37909,tennessee cancer specialists,tennessee cancer specialists dowell springs location,tennessee cancer specialists dowell springs location
47093,37909,tennessee cancer specialists,tennessee cancer specialists knoxville old weisgarber road,tennessee cancer specialists knoxville old weisgarber road
47093,37920,university of tennessee,the university of tennessee knoxville utk,the university of tennessee knoxville utk
47093,37920,university of tennessee,the university of tennessee medical center,the university of tennessee medical center
47093,37920,university of tennessee,university of tennessee knoxville,university of tennessee knoxville
47093,37920,university of tennessee,university of tennessee medical center,university of tennessee medical center
47093,37920,university of tennessee,university of tennessee medical center knoxville,university of tennessee medical center knoxville
47093,37920,university of tennessee knoxville,the university of tennessee knoxville utk,the university of tennessee knoxville utk
47093,37920,university of tennessee medical center,the university of tennessee medical center,the university of tennessee medical center
47093,37920,university of tennessee medical center,university of tennessee medical center knoxville,university of tennessee medical center knoxville
47157,38120,baptist cancer center,baptist cancer center memphis,baptist cancer center memphis
47157,38120,baptist cancer center,baptist memorial hospital baptist cancer center,baptist memorial hospital baptist cancer center
47157,38120,baptist clinical research,baptist clinical research institute,baptist clinical research institute
47157,38120,baptist memorial hospital,baptist memorial hospital and cancer center memphis,baptist memorial hospital and cancer center memphis
47157,38120,baptist memorial hospital,baptist memorial hospital baptist cancer center,baptist memorial hospital baptist cancer center
47157,38120,baptist memorial hospital,baptist memorial hospital memphis,baptist memorial hospital memphis
47157,38138,the conrad pearson clinic,the conrad pearson clinic urology america,the conrad pearson clinic urology america
47157,38138,the conrad pearson clinic,the conrad pearson clinic wolf river office urology center of the south,the conrad pearson clinic wolf river office urology center of the south
47157,38138,the west clinic,the west clinic p c,the west clinic p c
47157,38138,the west clinic,the west clinic pc dba west cancer center,the west clinic pc dba west cancer center
47157,38138,the west clinic,the west clinic plcc dba west cancer center,the west clinic plcc dba west cancer center
47157,38138,the west clinic,the west clinic pllc dba west cancer center,the west clinic pllc dba west cancer center
47157,38138,the west clinic,the west clinic wolf river,the west clinic wolf river
47157,38138,west cancer center,the west clinic pc dba west cancer center,the west clinic pc dba west cancer center
47157,38138,west cancer center,the west clinic plcc dba west cancer center,the west clinic plcc dba west cancer center
47157,38138,west cancer center,the west clinic pllc dba west cancer center,the west clinic pllc dba west cancer center
47157,38138,west cancer center,west cancer center and research institute,west cancer center and research institute
47157,38138,west cancer center,west cancer center research institute,west cancer center research institute
47157,38138,west cancer center,west cancer center research institute east campus,west cancer center research institute east campus
47157,38138,west cancer center research institute,west cancer center research institute east campus,west cancer center research institute east campus
47187,37067,tennessee oncology,tennessee oncology franklin clinic,tennessee oncology franklin clinic
47187,37067,tennessee oncology,tennessee oncology pllc franklin,tennessee oncology pllc franklin
47187,37067,tennessee oncology,tennessee oncology pllc franklin proton center,tennessee oncology pllc franklin proton center
47187,37067,tennessee oncology,tennessee oncology pllc proton center,tennessee oncology pllc proton center
47187,37067,tennessee oncology pllc franklin,tennessee oncology pllc franklin proton center,tennessee oncology pllc franklin proton center
48027,76508,baylor scott white medical center,baylor scott white medical center temple,baylor scott white medical center temple
48029,78229,mays cancer center,mays cancer center at university of texas health at san antonio,mays cancer center at university of texas health at san antonio
48029,78229,mays cancer center,mays cancer center at university of texas health san antonio md anderson cencer center,mays cancer center at university of texas health san antonio md anderson cencer center
48029,78229,mays cancer center,mays cancer center university of texas health san antonio,mays cancer center university of texas health san antonio
48029,78229,mays cancer center,mays cancer center university of texas san antonio,mays cancer center university of texas san antonio
48029,78229,mays cancer center,mays cancer center ut health san antonio,mays cancer center ut health san antonio
48029,78229,mays cancer center,the university of texas health sciences center at san antonio mays cancer center,the university of texas health sciences center at san antonio mays cancer center
48029,78229,mays cancer center,university of texas health mays cancer center,university of texas health mays cancer center
48029,78229,mays cancer center,university of texas health san antonio mays cancer center,university of texas health san antonio mays cancer center
48029,78229,mays cancer center,ut health mays cancer center,ut health mays cancer center
48029,78229,mays cancer center,ut health san antonio mays cancer center,ut health san antonio mays cancer center
48029,78229,next oncology,new experimental therapeutics of san antonio next oncology,new experimental therapeutics of san antonio next oncology
48029,78229,next oncology,next oncology oncology,next oncology oncology
48029,78229,next oncology,next oncology san antonio,next oncology san antonio
48029,78229,research,research site,research site
48029,78229,research,south texas accelerated research therapeutics,south texas accelerated research therapeutics
48029,78229,research,south texas accelerated research therapeutics llc,south texas accelerated research therapeutics llc
48029,78229,research,south texas accelerated research therapeutics llc start,south texas accelerated research therapeutics llc start
48029,78229,research,south texas accelerated research therapeutics start,south texas accelerated research therapeutics start
48029,78229,research,south texas accelerated research therapeutics start llc,south texas accelerated research therapeutics start llc
48029,78229,research,south texas accelerated research therapeutics start san antonio,south texas accelerated research therapeutics start san antonio
48029,78229,research,start center for cancer research,start center for cancer research
48029,78229,research,start center for cancer research san antonio,start center for cancer research san antonio
48029,78229,research,start south texas accelerated research therapeutics,start south texas accelerated research therapeutics
48029,78229,research,start south texas accelerated research therapeutics llc,start south texas accelerated research therapeutics llc
48029,78229,research,the cancer therapy and research center at uthscsa,the cancer therapy and research center at uthscsa
48029,78229,research,university of texas health science center san antonio at the cancer therapy and research center,university of texas health science center san antonio at the cancer therapy and research center
48029,78229,south texas accelerated research therapeutics,south texas accelerated research therapeutics llc,south texas accelerated research therapeutics llc
48029,78229,south texas accelerated research therapeutics,south texas accelerated research therapeutics llc start,south texas accelerated research therapeutics llc start
48029,78229,south texas accelerated research therapeutics,south texas accelerated research therapeutics start,south texas accelerated research therapeutics start
48029,78229,south texas accelerated research therapeutics,south texas accelerated research therapeutics start llc,south texas accelerated research therapeutics start llc
48029,78229,south texas accelerated research therapeutics,south texas accelerated research therapeutics start san antonio,south texas accelerated research therapeutics start san antonio
48029,78229,south texas accelerated research therapeutics,start south texas accelerated research therapeutics,start south texas accelerated research therapeutics
48029,78229,south texas accelerated research therapeutics,start south texas accelerated research therapeutics llc,start south texas accelerated research therapeutics llc
48029,78229,south texas accelerated research therapeutics llc,south texas accelerated research therapeutics llc start,south texas accelerated research therapeutics llc start
48029,78229,south texas accelerated research therapeutics llc,start south texas accelerated research therapeutics llc,start south texas accelerated research therapeutics llc
48029,78229,south texas accelerated research therapeutics start,south texas accelerated research therapeutics start llc,south texas accelerated research therapeutics start llc
48029,78229,south texas accelerated research therapeutics start,south texas accelerated research therapeutics start san antonio,south texas accelerated research therapeutics start san antonio
48029,78229,start center for cancer research,start center for cancer research san antonio,start center for cancer research san antonio
48029,78229,start san antonio,south texas accelerated research therapeutics start san antonio,south texas accelerated research therapeutics start san antonio
48029,78229,start san antonio,start san antonio llc,start san antonio llc
48029,78229,start south texas accelerated research therapeutics,start south texas accelerated research therapeutics llc,start south texas accelerated research therapeutics llc
48029,78229,texas transplant institute,methodist healthcare system of san antonio clinical trials office texas transplant institute,methodist healthcare system of san antonio clinical trials office texas transplant institute
48029,78229,the start center,the start center for cancer care,the start center for cancer care
48029,78229,university of texas health science center,jason bates at university of texas health science center,jason bates at university of texas health science center
48029,78229,university of texas health science center,the university of texas health science center at san antonio,the university of texas health science center at san antonio
48029,78229,university of texas health science center,university of texas health science center at san antonio,university of texas health science center at san antonio
48029,78229,university of texas health science center,university of texas health science center san antonio,university of texas health science center san antonio
48029,78229,university of texas health science center,university of texas health science center san antonio at the cancer therapy and research center,university of texas health science center san antonio at the cancer therapy and research center
48029,78229,university of texas health science center at san antonio,the university of texas health science center at san antonio,the university of texas health science center at san antonio
48029,78229,university of texas health science center san antonio,university of texas health science center san antonio at the cancer therapy and research center,university of texas health science center san antonio at the cancer therapy and research center
48029,78229,urology san antonio,urology san antonio pa dba usa clinical trials,urology san antonio pa dba usa clinical trials
48029,78229,usa clinical trials,urology san antonio pa dba usa clinical trials,urology san antonio pa dba usa clinical trials
48029,78229,ut health,mays cancer center ut health san antonio,mays cancer center ut health san antonio
48029,78229,ut health,university of texas ut health,university of texas ut health
48029,78229,ut health,ut health mays cancer center,ut health mays cancer center
48029,78229,ut health,ut health san antonio,ut health san antonio
48029,78229,ut health,ut health san antonio mays cancer center,ut health san antonio mays cancer center
48029,78229,ut health,ut health san antonio md anderson cancer center,ut health san antonio md anderson cancer center
48029,78229,ut health san antonio,mays cancer center ut health san antonio,mays cancer center ut health san antonio
48029,78229,ut health san antonio,ut health san antonio mays cancer center,ut health san antonio mays cancer center
48029,78229,ut health san antonio,ut health san antonio md anderson cancer center,ut health san antonio md anderson cancer center
48029,78240,texas oncology,texas oncology pa san antonio,texas oncology pa san antonio
48029,78240,texas oncology,texas oncology san aantonio,texas oncology san aantonio
48029,78240,texas oncology,texas oncology san antonio,texas oncology san antonio
48029,78240,texas oncology,texas oncology san antonio medical center,texas oncology san antonio medical center
48029,78240,texas oncology,texas oncology san antonio medical center research drive,texas oncology san antonio medical center research drive
48029,78240,texas oncology,uso texas oncology san antonio,uso texas oncology san antonio
48029,78240,texas oncology san antonio,texas oncology san antonio medical center,texas oncology san antonio medical center
48029,78240,texas oncology san antonio,texas oncology san antonio medical center research drive,texas oncology san antonio medical center research drive
48029,78240,texas oncology san antonio,uso texas oncology san antonio,uso texas oncology san antonio
48029,78240,texas oncology san antonio medical center,texas oncology san antonio medical center research drive,texas oncology san antonio medical center research drive
48061,78550,texas oncology central south,texas oncology central south texas,texas oncology central south texas
48061,78550,texas oncology harlingen,texas oncology harlingen medical arts pavillion,texas oncology harlingen medical arts pavillion
48113,75039,next dallas,next dallas oncology department,next dallas oncology department
48113,75039,next oncology,next oncology dallas,next oncology dallas
48113,75039,next oncology,next oncology irving,next oncology irving
48113,75063,us oncology investigational products center,us oncology investigational products center ipc,us oncology investigational products center ipc
48113,75230,mary crowley cancer research,mary crowley cancer research centers,mary crowley cancer research centers
48113,75230,mary crowley cancer research,mary crowley cancer research centers medical city hospital dallas,mary crowley cancer research centers medical city hospital dallas
48113,75230,mary crowley cancer research,scri mary crowley cancer research,scri mary crowley cancer research
48113,75230,mary crowley cancer research centers,mary crowley cancer research centers medical city hospital dallas,mary crowley cancer research centers medical city hospital dallas
48113,75230,sarah cannon research institute,sarah cannon research institute at mary crowley,sarah cannon research institute at mary crowley
48113,75231,texas oncology dallas presbyterian,texas oncology dallas presbyterian hospital,texas oncology dallas presbyterian hospital
48113,75231,urology clinics of north texas,urology clinics of north texas pllc,urology clinics of north texas pllc
48113,75231,urology clinics of north texas,urology clinics of north texas pllc dallas,urology clinics of north texas pllc dallas
48113,75231,urology clinics of north texas pllc,urology clinics of north texas pllc dallas,urology clinics of north texas pllc dallas
48113,75246,baylor charles a sammons cancer center,baylor university medical center baylor charles a sammons cancer center,baylor university medical center baylor charles a sammons cancer center
48113,75246,baylor charles a sammons cancer center,texas oncology baylor charles a sammons cancer center,texas oncology baylor charles a sammons cancer center
48113,75246,baylor charles a sammons cancer center,texas oncology dallas fort worth dfw baylor charles a sammons cancer center,texas oncology dallas fort worth dfw baylor charles a sammons cancer center
48113,75246,baylor scott and white,baylor scott and white research institute,baylor scott and white research institute
48113,75246,baylor scott and white,baylor scott and white research institute adults only,baylor scott and white research institute adults only
48113,75246,baylor scott and white research institute,baylor scott and white research institute adults only,baylor scott and white research institute adults only
48113,75246,baylor scott white research institute,baylor scott white research institute texas oncology,baylor scott white research institute texas oncology
48113,75246,baylor university,baylor university medical center,baylor university medical center
48113,75246,baylor university,baylor university medical center baylor charles a sammons cancer center,baylor university medical center baylor charles a sammons cancer center
48113,75246,baylor university,baylor university medical center investigational drug services department of pharmacy,baylor university medical center investigational drug services department of pharmacy
48113,75246,baylor university,texas oncology baylor university medical center,texas oncology baylor university medical center
48113,75246,baylor university medical center,baylor university medical center baylor charles a sammons cancer center,baylor university medical center baylor charles a sammons cancer center
48113,75246,baylor university medical center,baylor university medical center investigational drug services department of pharmacy,baylor university medical center investigational drug services department of pharmacy
48113,75246,baylor university medical center,texas oncology baylor university medical center,texas oncology baylor university medical center
48113,75246,texas oncology,baylor scott white research institute texas oncology,baylor scott white research institute texas oncology
48113,75246,texas oncology,texas oncology baylor charles a sammons cancer center,texas oncology baylor charles a sammons cancer center
48113,75246,texas oncology,texas oncology baylor sammons cancer center,texas oncology baylor sammons cancer center
48113,75246,texas oncology,texas oncology baylor university medical center,texas oncology baylor university medical center
48113,75246,texas oncology,texas oncology dallas fort worth dfw baylor charles a sammons cancer center,texas oncology dallas fort worth dfw baylor charles a sammons cancer center
48113,75246,texas oncology,texas oncology dallas sammons,texas oncology dallas sammons
48113,75246,texas oncology,texas oncology dallas scri,texas oncology dallas scri
48113,75246,texas oncology,texas oncology dallas worth street,texas oncology dallas worth street
48113,75246,texas oncology,texas oncology dfw,texas oncology dfw
48113,75246,texas oncology,texas oncology dfw sammons cc,texas oncology dfw sammons cc
48113,75246,texas oncology,texas oncology sammons cancer center,texas oncology sammons cancer center
48113,75246,texas oncology,texas oncology sammons dfw,texas oncology sammons dfw
48113,75246,texas oncology,uso texas oncology,uso texas oncology
48113,75246,texas oncology dfw,texas oncology dfw sammons cc,texas oncology dfw sammons cc
48113,75390,university of texas southwestern,the university of texas southwestern medical center,the university of texas southwestern medical center
48113,75390,university of texas southwestern,university of texas southwestern medical center,university of texas southwestern medical center
48113,75390,university of texas southwestern,university of texas southwestern medical center children s medical center pediatrics only,university of texas southwestern medical center children s medical center pediatrics only
48113,75390,university of texas southwestern,university of texas southwestern medical center urology clinic,university of texas southwestern medical center urology clinic
48113,75390,university of texas southwestern,university of texas southwestern medical center zale lipshy university hospital,university of texas southwestern medical center zale lipshy university hospital
48113,75390,university of texas southwestern medical center,the university of texas southwestern medical center,the university of texas southwestern medical center
48113,75390,university of texas southwestern medical center,university of texas southwestern medical center children s medical center pediatrics only,university of texas southwestern medical center children s medical center pediatrics only
48113,75390,university of texas southwestern medical center,university of texas southwestern medical center urology clinic,university of texas southwestern medical center urology clinic
48113,75390,university of texas southwestern medical center,university of texas southwestern medical center zale lipshy university hospital,university of texas southwestern medical center zale lipshy university hospital
48113,75390,ut southwestern,genetic cancer prevention clinic ut southwestern,genetic cancer prevention clinic ut southwestern
48113,75390,ut southwestern,ut southwestern harold c simmons cancer center,ut southwestern harold c simmons cancer center
48113,75390,ut southwestern,ut southwestern medical center,ut southwestern medical center
48113,75390,ut southwestern,ut southwestern medical center at dallas,ut southwestern medical center at dallas
48113,75390,ut southwestern,ut southwestern medical center dallas,ut southwestern medical center dallas
48113,75390,ut southwestern,ut southwestern medical center west campus building,ut southwestern medical center west campus building
48113,75390,ut southwestern,ut southwestern medical center william p clements imaging center,ut southwestern medical center william p clements imaging center
48113,75390,ut southwestern,ut southwestern medical center william p clements jr university hospital,ut southwestern medical center william p clements jr university hospital
48113,75390,ut southwestern,ut southwestern simmons cancer center dallas,ut southwestern simmons cancer center dallas
48113,75390,ut southwestern medical center,ut southwestern medical center at dallas,ut southwestern medical center at dallas
48113,75390,ut southwestern medical center,ut southwestern medical center dallas,ut southwestern medical center dallas
48113,75390,ut southwestern medical center,ut southwestern medical center west campus building,ut southwestern medical center west campus building
48113,75390,ut southwestern medical center,ut southwestern medical center william p clements imaging center,ut southwestern medical center william p clements imaging center
48113,75390,ut southwestern medical center,ut southwestern medical center william p clements jr university hospital,ut southwestern medical center william p clements jr university hospital
48141,79902,texas oncology,el paso texas oncology,el paso texas oncology
48141,79902,texas oncology,texas oncology west texas,texas oncology west texas
48141,79915,renovatio clinical,renovatio clinical el paso,renovatio clinical el paso
48157,77478,md anderson,md anderson in sugar land,md anderson in sugar land
48157,77478,md anderson,md anderson regional care center sugar land,md anderson regional care center sugar land
48157,77478,md anderson,the university of texas md anderson cancer center sugar land,the university of texas md anderson cancer center sugar land
48157,77478,md anderson,ut md anderson sugar land,ut md anderson sugar land
48157,77479,texas oncology gulf coast,uso texas oncology gulf coast,uso texas oncology gulf coast
48167,77555,university of texas medical branch,university of texas medical branch at galveston,university of texas medical branch at galveston
48167,77573,md anderson league city,ut md anderson league city,ut md anderson league city
48171,78624,texas oncology san antonio,usor texas oncology san antonio medical center,usor texas oncology san antonio medical center
48181,75020,texas oncology northeast texas,usor texas oncology northeast texas denison,usor texas oncology northeast texas denison
48187,78130,texas oncology san antonio,texas oncology san antonio medical center,texas oncology san antonio medical center
48201,77025,kelsey seybold clinic,kelsey seybold clinic main campus,kelsey seybold clinic main campus
48201,77027,houston metro urology,houston metro urology hmu,houston metro urology hmu
48201,77027,houston metro urology,houston metro urology hmu southwest location,houston metro urology hmu southwest location
48201,77027,houston metro urology,houston metro urology memorial city,houston metro urology memorial city
48201,77027,houston metro urology hmu,houston metro urology hmu southwest location,houston metro urology hmu southwest location
48201,77030,baylor college of medicine,baylor college of medicine dan l duncan comprehensive cancer center,baylor college of medicine dan l duncan comprehensive cancer center
48201,77030,baylor college of medicine,baylor college of medicine houston,baylor college of medicine houston
48201,77030,baylor college of medicine,baylor college of medicine mcnair campus,baylor college of medicine mcnair campus
48201,77030,baylor college of medicine,baylor college of medicine medical center,baylor college of medicine medical center
48201,77030,baylor college of medicine,baylor college of medicine medical center mcnair campus,baylor college of medicine medical center mcnair campus
48201,77030,baylor college of medicine,dan l duncan cancer center at baylor college of medicine,dan l duncan cancer center at baylor college of medicine
48201,77030,baylor college of medicine,dan l duncan comprehensive cancer center at baylor college of medicine,dan l duncan comprehensive cancer center at baylor college of medicine
48201,77030,baylor college of medicine medical center,baylor college of medicine medical center mcnair campus,baylor college of medicine medical center mcnair campus
48201,77030,baylor st luke s medical center,baylor st luke s medical center bslmc,baylor st luke s medical center bslmc
48201,77030,baylor st lukes,baylor st lukes medical center,baylor st lukes medical center
48201,77030,houston methodist,houston methodist cancer center,houston methodist cancer center
48201,77030,houston methodist,houston methodist cancer center infusion,houston methodist cancer center infusion
48201,77030,houston methodist,houston methodist hospital,houston methodist hospital
48201,77030,houston methodist,houston methodist hospital cancer center,houston methodist hospital cancer center
48201,77030,houston methodist,houston methodist hospital department of pharmacy,houston methodist hospital department of pharmacy
48201,77030,houston methodist,houston methodist hospital department of urology,houston methodist hospital department of urology
48201,77030,houston methodist,houston methodist hospital houston,houston methodist hospital houston
48201,77030,houston methodist,houston methodist hospital houston methodist cancer center,houston methodist hospital houston methodist cancer center
48201,77030,houston methodist,houston methodist hospital houston methodist neal cancer center,houston methodist hospital houston methodist neal cancer center
48201,77030,houston methodist,houston methodist hospital obstetrics and gynecology,houston methodist hospital obstetrics and gynecology
48201,77030,houston methodist,houston methodist neal cancer center,houston methodist neal cancer center
48201,77030,houston methodist,houston methodist neurological institute,houston methodist neurological institute
48201,77030,houston methodist,houston methodist office of graduate houston methodist neal cancer center at texas medical center,houston methodist office of graduate houston methodist neal cancer center at texas medical center
48201,77030,houston methodist,houston methodist research institute,houston methodist research institute
48201,77030,houston methodist cancer center,houston methodist cancer center infusion,houston methodist cancer center infusion
48201,77030,houston methodist cancer center,houston methodist hospital houston methodist cancer center,houston methodist hospital houston methodist cancer center
48201,77030,houston methodist hospital,houston methodist hospital cancer center,houston methodist hospital cancer center
48201,77030,houston methodist hospital,houston methodist hospital department of pharmacy,houston methodist hospital department of pharmacy
48201,77030,houston methodist hospital,houston methodist hospital department of urology,houston methodist hospital department of urology
48201,77030,houston methodist hospital,houston methodist hospital houston,houston methodist hospital houston
48201,77030,houston methodist hospital,houston methodist hospital houston methodist cancer center,houston methodist hospital houston methodist cancer center
48201,77030,houston methodist hospital,houston methodist hospital houston methodist neal cancer center,houston methodist hospital houston methodist neal cancer center
48201,77030,houston methodist hospital,houston methodist hospital obstetrics and gynecology,houston methodist hospital obstetrics and gynecology
48201,77030,houston methodist hospital houston,houston methodist hospital houston methodist cancer center,houston methodist hospital houston methodist cancer center
48201,77030,houston methodist hospital houston,houston methodist hospital houston methodist neal cancer center,houston methodist hospital houston methodist neal cancer center
48201,77030,houston methodist neal cancer center,houston methodist hospital houston methodist neal cancer center,houston methodist hospital houston methodist neal cancer center
48201,77030,houston methodist neal cancer center,houston methodist office of graduate houston methodist neal cancer center at texas medical center,houston methodist office of graduate houston methodist neal cancer center at texas medical center
48201,77030,investigational,dren investigational site,dren investigational site
48201,77030,investigational,normunity investigational site,normunity investigational site
48201,77030,investigational,the university of texas md anderson cancer center investigational pharmacy services,the university of texas md anderson cancer center investigational pharmacy services
48201,77030,investigational,u t md anderson cancer center investigational pharmacy services,u t md anderson cancer center investigational pharmacy services
48201,77030,m d anderson cancer center,1001 the university of texas m d anderson cancer center,1001 the university of texas m d anderson cancer center
48201,77030,m d anderson cancer center,m d anderson cancer center department of leukemia,m d anderson cancer center department of leukemia
48201,77030,m d anderson cancer center,m d anderson cancer center melanoma nsclc,m d anderson cancer center melanoma nsclc
48201,77030,m d anderson cancer center,the university of texas m d anderson cancer center,the university of texas m d anderson cancer center
48201,77030,m d anderson cancer center,the university of texas m d anderson cancer center gi medical oncology dept,the university of texas m d anderson cancer center gi medical oncology dept
48201,77030,m d anderson cancer center,the university of texas m d anderson cancer center mdacc,the university of texas m d anderson cancer center mdacc
48201,77030,m d anderson cancer center,univ of texas m d anderson cancer center,univ of texas m d anderson cancer center
48201,77030,m d anderson cancer center,university of texas m d anderson cancer center,university of texas m d anderson cancer center
48201,77030,md anderson,md anderson cancer center,md anderson cancer center
48201,77030,md anderson,md anderson cancer center data collection only,md anderson cancer center data collection only
48201,77030,md anderson,md anderson cancer center genitourinary gu cancer center,md anderson cancer center genitourinary gu cancer center
48201,77030,md anderson,md anderson cancer center gi medical oncology dept,md anderson cancer center gi medical oncology dept
48201,77030,md anderson,md anderson cancer center mdacc,md anderson cancer center mdacc
48201,77030,md anderson,md anderson cancer center pediatrics and adult,md anderson cancer center pediatrics and adult
48201,77030,md anderson,md anderson cancer center u of texas,md anderson cancer center u of texas
48201,77030,md anderson,md anderson cancer center uni of te,md anderson cancer center uni of te
48201,77030,md anderson,md anderson cancer center university of texas,md anderson cancer center university of texas
48201,77030,md anderson,md anderson cancer centre,md anderson cancer centre
48201,77030,md anderson,the univeristy of texas md anderson cancer center,the univeristy of texas md anderson cancer center
48201,77030,md anderson,the univerrsity of texas md anderson cancer center,the univerrsity of texas md anderson cancer center
48201,77030,md anderson,the university of texas md anderson cancer center,the university of texas md anderson cancer center
48201,77030,md anderson,the university of texas md anderson cancer center diagnostic imaging,the university of texas md anderson cancer center diagnostic imaging
48201,77030,md anderson,the university of texas md anderson cancer center gynecologic oncology center,the university of texas md anderson cancer center gynecologic oncology center
48201,77030,md anderson,the university of texas md anderson cancer center interventional radiology,the university of texas md anderson cancer center interventional radiology
48201,77030,md anderson,the university of texas md anderson cancer center investigational pharmacy services,the university of texas md anderson cancer center investigational pharmacy services
48201,77030,md anderson,the university of texas md anderson cancer center texas medical center,the university of texas md anderson cancer center texas medical center
48201,77030,md anderson,u t md anderson cancer center,u t md anderson cancer center
48201,77030,md anderson,u t md anderson cancer center division of cancer medicine,u t md anderson cancer center division of cancer medicine
48201,77030,md anderson,u t md anderson cancer center investigational pharmacy services,u t md anderson cancer center investigational pharmacy services
48201,77030,md anderson,uni of tx md anderson cancer cntr,uni of tx md anderson cancer cntr
48201,77030,md anderson,university of texas md anderson,university of texas md anderson
48201,77030,md anderson,university of texas md anderson cancer center,university of texas md anderson cancer center
48201,77030,md anderson,ut md anderson,ut md anderson
48201,77030,md anderson,ut md anderson cancer center,ut md anderson cancer center
48201,77030,md anderson,ut md anderson cancer center houston,ut md anderson cancer center houston
48201,77030,md anderson cancer center,md anderson cancer center data collection only,md anderson cancer center data collection only
48201,77030,md anderson cancer center,md anderson cancer center genitourinary gu cancer center,md anderson cancer center genitourinary gu cancer center
48201,77030,md anderson cancer center,md anderson cancer center gi medical oncology dept,md anderson cancer center gi medical oncology dept
48201,77030,md anderson cancer center,md anderson cancer center mdacc,md anderson cancer center mdacc
48201,77030,md anderson cancer center,md anderson cancer center pediatrics and adult,md anderson cancer center pediatrics and adult
48201,77030,md anderson cancer center,md anderson cancer center u of texas,md anderson cancer center u of texas
48201,77030,md anderson cancer center,md anderson cancer center uni of te,md anderson cancer center uni of te
48201,77030,md anderson cancer center,md anderson cancer center university of texas,md anderson cancer center university of texas
48201,77030,md anderson cancer center,the univeristy of texas md anderson cancer center,the univeristy of texas md anderson cancer center
48201,77030,md anderson cancer center,the univerrsity of texas md anderson cancer center,the univerrsity of texas md anderson cancer center
48201,77030,md anderson cancer center,the university of texas md anderson cancer center,the university of texas md anderson cancer center
48201,77030,md anderson cancer center,the university of texas md anderson cancer center diagnostic imaging,the university of texas md anderson cancer center diagnostic imaging
48201,77030,md anderson cancer center,the university of texas md anderson cancer center gynecologic oncology center,the university of texas md anderson cancer center gynecologic oncology center
48201,77030,md anderson cancer center,the university of texas md anderson cancer center interventional radiology,the university of texas md anderson cancer center interventional radiology
48201,77030,md anderson cancer center,the university of texas md anderson cancer center investigational pharmacy services,the university of texas md anderson cancer center investigational pharmacy services
48201,77030,md anderson cancer center,the university of texas md anderson cancer center texas medical center,the university of texas md anderson cancer center texas medical center
48201,77030,md anderson cancer center,u t md anderson cancer center,u t md anderson cancer center
48201,77030,md anderson cancer center,u t md anderson cancer center division of cancer medicine,u t md anderson cancer center division of cancer medicine
48201,77030,md anderson cancer center,u t md anderson cancer center investigational pharmacy services,u t md anderson cancer center investigational pharmacy services
48201,77030,md anderson cancer center,university of texas md anderson cancer center,university of texas md anderson cancer center
48201,77030,md anderson cancer center,ut md anderson cancer center,ut md anderson cancer center
48201,77030,md anderson cancer center,ut md anderson cancer center houston,ut md anderson cancer center houston
48201,77030,michael e debakey va medical center,michael e debakey va medical center houston tx,michael e debakey va medical center houston tx
48201,77030,oncology consultants,oncology consultants memorial city location,oncology consultants memorial city location
48201,77030,oncology consultants,oncology consultants oc texas medical center cancer center,oncology consultants oc texas medical center cancer center
48201,77030,oncology consultants,oncology consultants p a,oncology consultants p a
48201,77030,oncology consultants,oncology consultants p1 trials exigent network,oncology consultants p1 trials exigent network
48201,77030,oncology consultants,oncology consultants pa,oncology consultants pa
48201,77030,oncology consultants,oncology consultants pa houston,oncology consultants pa houston
48201,77030,oncology consultants,oncology consultants research p1 trials,oncology consultants research p1 trials
48201,77030,oncology consultants,oncology consultants texas,oncology consultants texas
48201,77030,oncology consultants,oncology consultants texas medical center,oncology consultants texas medical center
48201,77030,oncology consultants pa,oncology consultants pa houston,oncology consultants pa houston
48201,77030,oncology consultants texas,oncology consultants texas medical center,oncology consultants texas medical center
48201,77030,the university of texas m d anderson cancer center,1001 the university of texas m d anderson cancer center,1001 the university of texas m d anderson cancer center
48201,77030,the university of texas m d anderson cancer center,the university of texas m d anderson cancer center gi medical oncology dept,the university of texas m d anderson cancer center gi medical oncology dept
48201,77030,the university of texas m d anderson cancer center,the university of texas m d anderson cancer center mdacc,the university of texas m d anderson cancer center mdacc
48201,77030,the university of texas md anderson cancer center,the university of texas md anderson cancer center diagnostic imaging,the university of texas md anderson cancer center diagnostic imaging
48201,77030,the university of texas md anderson cancer center,the university of texas md anderson cancer center gynecologic oncology center,the university of texas md anderson cancer center gynecologic oncology center
48201,77030,the university of texas md anderson cancer center,the university of texas md anderson cancer center interventional radiology,the university of texas md anderson cancer center interventional radiology
48201,77030,the university of texas md anderson cancer center,the university of texas md anderson cancer center investigational pharmacy services,the university of texas md anderson cancer center investigational pharmacy services
48201,77030,the university of texas md anderson cancer center,the university of texas md anderson cancer center texas medical center,the university of texas md anderson cancer center texas medical center
48201,77030,u t md anderson cancer center,u t md anderson cancer center division of cancer medicine,u t md anderson cancer center division of cancer medicine
48201,77030,u t md anderson cancer center,u t md anderson cancer center investigational pharmacy services,u t md anderson cancer center investigational pharmacy services
48201,77030,university of texas,1001 the university of texas m d anderson cancer center,1001 the university of texas m d anderson cancer center
48201,77030,university of texas,md anderson cancer center university of texas,md anderson cancer center university of texas
48201,77030,university of texas,the university of texas health science center at houston,the university of texas health science center at houston
48201,77030,university of texas,the university of texas m d anderson cancer center,the university of texas m d anderson cancer center
48201,77030,university of texas,the university of texas m d anderson cancer center gi medical oncology dept,the university of texas m d anderson cancer center gi medical oncology dept
48201,77030,university of texas,the university of texas m d anderson cancer center mdacc,the university of texas m d anderson cancer center mdacc
48201,77030,university of texas,the university of texas md anderson cancer center,the university of texas md anderson cancer center
48201,77030,university of texas,the university of texas md anderson cancer center diagnostic imaging,the university of texas md anderson cancer center diagnostic imaging
48201,77030,university of texas,the university of texas md anderson cancer center gynecologic oncology center,the university of texas md anderson cancer center gynecologic oncology center
48201,77030,university of texas,the university of texas md anderson cancer center interventional radiology,the university of texas md anderson cancer center interventional radiology
48201,77030,university of texas,the university of texas md anderson cancer center investigational pharmacy services,the university of texas md anderson cancer center investigational pharmacy services
48201,77030,university of texas,the university of texas md anderson cancer center texas medical center,the university of texas md anderson cancer center texas medical center
48201,77030,university of texas,university of texas health science center at houston,university of texas health science center at houston
48201,77030,university of texas,university of texas health science center houston,university of texas health science center houston
48201,77030,university of texas,university of texas m d anderson,university of texas m d anderson
48201,77030,university of texas,university of texas m d anderson cancer center,university of texas m d anderson cancer center
48201,77030,university of texas,university of texas md anderson,university of texas md anderson
48201,77030,university of texas,university of texas md anderson cancer center,university of texas md anderson cancer center
48201,77030,university of texas,university of texas science center at houston mcgovern medical school,university of texas science center at houston mcgovern medical school
48201,77030,university of texas health science center at houston,the university of texas health science center at houston,the university of texas health science center at houston
48201,77030,university of texas m d anderson,1001 the university of texas m d anderson cancer center,1001 the university of texas m d anderson cancer center
48201,77030,university of texas m d anderson,the university of texas m d anderson cancer center,the university of texas m d anderson cancer center
48201,77030,university of texas m d anderson,the university of texas m d anderson cancer center gi medical oncology dept,the university of texas m d anderson cancer center gi medical oncology dept
48201,77030,university of texas m d anderson,the university of texas m d anderson cancer center mdacc,the university of texas m d anderson cancer center mdacc
48201,77030,university of texas m d anderson,university of texas m d anderson cancer center,university of texas m d anderson cancer center
48201,77030,university of texas m d anderson cancer center,1001 the university of texas m d anderson cancer center,1001 the university of texas m d anderson cancer center
48201,77030,university of texas m d anderson cancer center,the university of texas m d anderson cancer center,the university of texas m d anderson cancer center
48201,77030,university of texas m d anderson cancer center,the university of texas m d anderson cancer center gi medical oncology dept,the university of texas m d anderson cancer center gi medical oncology dept
48201,77030,university of texas m d anderson cancer center,the university of texas m d anderson cancer center mdacc,the university of texas m d anderson cancer center mdacc
48201,77030,university of texas md anderson,the university of texas md anderson cancer center,the university of texas md anderson cancer center
48201,77030,university of texas md anderson,the university of texas md anderson cancer center diagnostic imaging,the university of texas md anderson cancer center diagnostic imaging
48201,77030,university of texas md anderson,the university of texas md anderson cancer center gynecologic oncology center,the university of texas md anderson cancer center gynecologic oncology center
48201,77030,university of texas md anderson,the university of texas md anderson cancer center interventional radiology,the university of texas md anderson cancer center interventional radiology
48201,77030,university of texas md anderson,the university of texas md anderson cancer center investigational pharmacy services,the university of texas md anderson cancer center investigational pharmacy services
48201,77030,university of texas md anderson,the university of texas md anderson cancer center texas medical center,the university of texas md anderson cancer center texas medical center
48201,77030,university of texas md anderson,university of texas md anderson cancer center,university of texas md anderson cancer center
48201,77030,university of texas md anderson cancer center,the university of texas md anderson cancer center,the university of texas md anderson cancer center
48201,77030,university of texas md anderson cancer center,the university of texas md anderson cancer center diagnostic imaging,the university of texas md anderson cancer center diagnostic imaging
48201,77030,university of texas md anderson cancer center,the university of texas md anderson cancer center gynecologic oncology center,the university of texas md anderson cancer center gynecologic oncology center
48201,77030,university of texas md anderson cancer center,the university of texas md anderson cancer center interventional radiology,the university of texas md anderson cancer center interventional radiology
48201,77030,university of texas md anderson cancer center,the university of texas md anderson cancer center investigational pharmacy services,the university of texas md anderson cancer center investigational pharmacy services
48201,77030,university of texas md anderson cancer center,the university of texas md anderson cancer center texas medical center,the university of texas md anderson cancer center texas medical center
48201,77030,ut md anderson,ut md anderson cancer center,ut md anderson cancer center
48201,77030,ut md anderson,ut md anderson cancer center houston,ut md anderson cancer center houston
48201,77030,ut md anderson cancer center,ut md anderson cancer center houston,ut md anderson cancer center houston
48201,77054,harris health system,harris health system smith clinic,harris health system smith clinic
48201,77054,next oncology,next oncology houston,next oncology houston
48201,77054,o quinn medical tower mcnair campus,o quinn medical tower mcnair campus dan l duncan comprehensive cancer center,o quinn medical tower mcnair campus dan l duncan comprehensive cancer center
48201,77070,methodist willowbrook hospital,houston methodist willowbrook hospital,houston methodist willowbrook hospital
48201,77079,md anderson west houston,ut md anderson west houston,ut md anderson west houston
48201,77090,lumi research,lumi research houston,lumi research houston
48201,77375,dm clinical research,dm clinical research network,dm clinical research network
48215,78503,texas oncology central south,texas oncology central south south 2nd,texas oncology central south south 2nd
48215,78503,texas oncology central south,texas oncology central south texas,texas oncology central south texas
48215,78596,texas oncology weslaco,texas oncology weslaco knapp medical plaza,texas oncology weslaco knapp medical plaza
48245,77702,texas oncology,texas oncology gulf coast,texas oncology gulf coast
48253,79601,hendrick health,hendrick health system,hendrick health system
48303,79410,covenant children s hospital,covenant children s hospital joe arrington cancer research and treatment center,covenant children s hospital joe arrington cancer research and treatment center
48303,79410,joe arrington cancer research and treatment center,covenant children s hospital joe arrington cancer research and treatment center,covenant children s hospital joe arrington cancer research and treatment center
48303,79430,texas tech university health sciences center,texas tech university health sciences center lubbock,texas tech university health sciences center lubbock
48309,76712,texas oncology central south,texas oncology central south texas,texas oncology central south texas
48339,77380,renovatio clinical,renovatio clinical the woodlands,renovatio clinical the woodlands
48339,77380,renovatio clinical,renovatio clinical the woodlands research center,renovatio clinical the woodlands research center
48339,77380,renovatio clinical the woodlands,renovatio clinical the woodlands research center,renovatio clinical the woodlands research center
48339,77380,texas oncology,texas oncology gulf coast,texas oncology gulf coast
48339,77380,texas oncology,texas oncology the woodlands,texas oncology the woodlands
48339,77380,texas oncology,texas oncology the woodlands gynecologic oncology,texas oncology the woodlands gynecologic oncology
48339,77380,texas oncology,usor texas oncology gulf coast,usor texas oncology gulf coast
48339,77380,texas oncology,usor texas oncology the woodlands,usor texas oncology the woodlands
48339,77380,texas oncology gulf coast,usor texas oncology gulf coast,usor texas oncology gulf coast
48339,77380,texas oncology the woodlands,texas oncology the woodlands gynecologic oncology,texas oncology the woodlands gynecologic oncology
48339,77380,texas oncology the woodlands,usor texas oncology the woodlands,usor texas oncology the woodlands
48339,77380,us oncology,us oncology research network,us oncology research network
48339,77380,us oncology,uso us oncology research network,uso us oncology research network
48339,77380,us oncology research network,uso us oncology research network,uso us oncology research network
48339,77384,md anderson the woodlands,ut md anderson the woodlands,ut md anderson the woodlands
48339,77384,the university of texas md anderson cancer center,the university of texas md anderson cancer center conroe,the university of texas md anderson cancer center conroe
48339,77384,the university of texas md anderson cancer center,the university of texas md anderson cancer center woodlands,the university of texas md anderson cancer center woodlands
48375,79106,harrington cancer center,the don and sybil harrington cancer center,the don and sybil harrington cancer center
48423,75701,the university of texas health science center at tyler,the university of texas health science center at tyler dba ut health east texas hope cancer center,the university of texas health science center at tyler dba ut health east texas hope cancer center
48423,75701,ut health east texas hope cancer center,the university of texas health science center at tyler dba ut health east texas hope cancer center,the university of texas health science center at tyler dba ut health east texas hope cancer center
48423,75702,texas oncology,sarah cannon research institute texas oncology,sarah cannon research institute texas oncology
48423,75702,texas oncology,texas oncology northeast,texas oncology northeast
48423,75702,texas oncology,texas oncology northeast texas,texas oncology northeast texas
48423,75702,texas oncology,texas oncology northeast tx,texas oncology northeast tx
48423,75702,texas oncology,texas oncology p a tyler,texas oncology p a tyler
48423,75702,texas oncology,texas oncology pa tyler,texas oncology pa tyler
48423,75702,texas oncology,texas oncology tyler,texas oncology tyler
48423,75702,texas oncology,uso texas oncology northeast texas,uso texas oncology northeast texas
48423,75702,texas oncology northeast,texas oncology northeast texas,texas oncology northeast texas
48423,75702,texas oncology northeast,texas oncology northeast tx,texas oncology northeast tx
48423,75702,texas oncology northeast,uso texas oncology northeast texas,uso texas oncology northeast texas
48423,75702,texas oncology northeast texas,uso texas oncology northeast texas,uso texas oncology northeast texas
48439,76017,urology partners of north texas,urology partners of north texas upnt,urology partners of north texas upnt
48439,76104,jps health network,jps health network trinity springs pavilion,jps health network trinity springs pavilion
48439,76104,jps health network,tarrant county hospital district jps health network,tarrant county hospital district jps health network
48439,76104,start dallas,start dallas fort worth,start dallas fort worth
48439,76104,start dallas,start dallas fort worth llc,start dallas fort worth llc
48439,76104,start dallas,start dallas forth worth,start dallas forth worth
48439,76104,start dallas fort worth,start dallas fort worth llc,start dallas fort worth llc
48439,76104,texas oncology,scri texas oncology,scri texas oncology
48439,76104,texas oncology,texas oncology dfw,texas oncology dfw
48439,76104,texas oncology,texas oncology fort worth,texas oncology fort worth
48439,76104,texas oncology,texas oncology fort worth cancer center,texas oncology fort worth cancer center
48439,76104,texas oncology,texas oncology paris,texas oncology paris
48439,76104,texas oncology,usor texas oncology,usor texas oncology
48439,76104,texas oncology,usor texas oncology dallas fort worth dfw,usor texas oncology dallas fort worth dfw
48439,76104,texas oncology fort worth,texas oncology fort worth cancer center,texas oncology fort worth cancer center
48439,76104,the center for cancer and blood disorders,oner the center for cancer and blood disorders texas cancer care,oner the center for cancer and blood disorders texas cancer care
48439,76104,the center for cancer and blood disorders,the center for cancer and blood disorders texas cancer care,the center for cancer and blood disorders texas cancer care
48439,76104,the center for cancer and blood disorders texas cancer care,oner the center for cancer and blood disorders texas cancer care,oner the center for cancer and blood disorders texas cancer care
48439,76104,usor texas oncology,usor texas oncology dallas fort worth dfw,usor texas oncology dallas fort worth dfw
48453,78701,dell seton medical center,dell seton medical center at the university of texas,dell seton medical center at the university of texas
48453,78704,south austin medical center,sarah cannon research institute st david s south austin medical center texas oncology south austin,sarah cannon research institute st david s south austin medical center texas oncology south austin
48453,78704,south austin medical center,sarah cannon st david south austin medical center,sarah cannon st david south austin medical center
48453,78704,south austin medical center,st david s south austin medical center,st david s south austin medical center
48453,78704,st david s south austin medical center,sarah cannon research institute st david s south austin medical center texas oncology south austin,sarah cannon research institute st david s south austin medical center texas oncology south austin
48453,78705,texas oncology austin,texas oncology austin midtown,texas oncology austin midtown
48453,78705,texas oncology austin,texas oncology austin midtown midtown medical center i,texas oncology austin midtown midtown medical center i
48453,78705,texas oncology austin midtown,texas oncology austin midtown midtown medical center i,texas oncology austin midtown midtown medical center i
48453,78712,university of texas at austin,dell medical school university of texas at austin,dell medical school university of texas at austin
48453,78712,university of texas at austin,the university of texas at austin,the university of texas at austin
48453,78731,research,sarah cannon research institute scri texas oncology central south,sarah cannon research institute scri texas oncology central south
48453,78731,texas oncology,sarah cannon research institute scri texas oncology central south,sarah cannon research institute scri texas oncology central south
48453,78731,texas oncology,texas oncology austin center,texas oncology austin center
48453,78731,texas oncology,texas oncology austin central,texas oncology austin central
48453,78731,texas oncology,texas oncology austin central central austin cancer center,texas oncology austin central central austin cancer center
48453,78731,texas oncology,texas oncology central,texas oncology central
48453,78731,texas oncology,texas oncology central south,texas oncology central south
48453,78731,texas oncology,texas oncology central south balcones dr,texas oncology central south balcones dr
48453,78731,texas oncology,texas oncology pa austin,texas oncology pa austin
48453,78731,texas oncology,uso texas oncology central south texas,uso texas oncology central south texas
48453,78731,texas oncology,usor texas oncology,usor texas oncology
48453,78731,texas oncology austin central,texas oncology austin central central austin cancer center,texas oncology austin central central austin cancer center
48453,78731,texas oncology central,sarah cannon research institute scri texas oncology central south,sarah cannon research institute scri texas oncology central south
48453,78731,texas oncology central,texas oncology central south,texas oncology central south
48453,78731,texas oncology central,texas oncology central south balcones dr,texas oncology central south balcones dr
48453,78731,texas oncology central,uso texas oncology central south texas,uso texas oncology central south texas
48453,78731,texas oncology central south,sarah cannon research institute scri texas oncology central south,sarah cannon research institute scri texas oncology central south
48453,78731,texas oncology central south,texas oncology central south balcones dr,texas oncology central south balcones dr
48453,78731,texas oncology central south,uso texas oncology central south texas,uso texas oncology central south texas
48453,78745,texas oncology south,texas oncology south austin,texas oncology south austin
48453,78758,next oncology,next oncology austin,next oncology austin
48453,78758,next oncology,next oncology texas,next oncology texas
48453,78758,texas oncology austin north,usor texas oncology austin north,usor texas oncology austin north
48453,78759,urology austin,urology austin pllc,urology austin pllc
48479,78041,laguna clinical research associates,laguna clinical research associates llc,laguna clinical research associates llc
49035,84106,utah cancer specialists,utah cancer specialists cancer center medical oncology,utah cancer specialists cancer center medical oncology
49035,84106,utah cancer specialists,utah cancer specialists network,utah cancer specialists network
49035,84106,utah cancer specialists,utah cancer specialists salt lake city,utah cancer specialists salt lake city
49035,84107,intermountain medical center,utah intermountain medical center,utah intermountain medical center
49035,84112,huntsman cancer institute,huntsman cancer institute and hospital,huntsman cancer institute and hospital
49035,84112,huntsman cancer institute,huntsman cancer institute and hospital university of utah,huntsman cancer institute and hospital university of utah
49035,84112,huntsman cancer institute,huntsman cancer institute and university of utah,huntsman cancer institute and university of utah
49035,84112,huntsman cancer institute,huntsman cancer institute at the university of utah,huntsman cancer institute at the university of utah
49035,84112,huntsman cancer institute,huntsman cancer institute at university of utah,huntsman cancer institute at university of utah
49035,84112,huntsman cancer institute,huntsman cancer institute oncology division,huntsman cancer institute oncology division
49035,84112,huntsman cancer institute,huntsman cancer institute the university of utah,huntsman cancer institute the university of utah
49035,84112,huntsman cancer institute,huntsman cancer institute university of utah,huntsman cancer institute university of utah
49035,84112,huntsman cancer institute,huntsman cancer institute university of utah 2000 circle of hope,huntsman cancer institute university of utah 2000 circle of hope
49035,84112,huntsman cancer institute,huntsman cancer institute university of utah health,huntsman cancer institute university of utah health
49035,84112,huntsman cancer institute,univ of utah huntsman cancer institute,univ of utah huntsman cancer institute
49035,84112,huntsman cancer institute,university of utah huntsman cancer institute,university of utah huntsman cancer institute
49035,84112,huntsman cancer institute,university of utah huntsman cancer institute ppds,university of utah huntsman cancer institute ppds
49035,84112,huntsman cancer institute and hospital,huntsman cancer institute and hospital university of utah,huntsman cancer institute and hospital university of utah
49035,84112,huntsman cancer institute university of utah,huntsman cancer institute university of utah 2000 circle of hope,huntsman cancer institute university of utah 2000 circle of hope
49035,84112,huntsman cancer institute university of utah,huntsman cancer institute university of utah health,huntsman cancer institute university of utah health
49035,84112,university of utah,1013 the university of utah,1013 the university of utah
49035,84112,university of utah,huntsman cancer center institute university of utah,huntsman cancer center institute university of utah
49035,84112,university of utah,huntsman cancer insititute university of utah,huntsman cancer insititute university of utah
49035,84112,university of utah,huntsman cancer institute and hospital university of utah,huntsman cancer institute and hospital university of utah
49035,84112,university of utah,huntsman cancer institute and university of utah,huntsman cancer institute and university of utah
49035,84112,university of utah,huntsman cancer institute at the university of utah,huntsman cancer institute at the university of utah
49035,84112,university of utah,huntsman cancer institute at university of utah,huntsman cancer institute at university of utah
49035,84112,university of utah,huntsman cancer institute the university of utah,huntsman cancer institute the university of utah
49035,84112,university of utah,huntsman cancer institute university of utah,huntsman cancer institute university of utah
49035,84112,university of utah,huntsman cancer institute university of utah 2000 circle of hope,huntsman cancer institute university of utah 2000 circle of hope
49035,84112,university of utah,huntsman cancer institute university of utah health,huntsman cancer institute university of utah health
49035,84112,university of utah,university of utah data collection only,university of utah data collection only
49035,84112,university of utah,university of utah health huntsman cancer hospital,university of utah health huntsman cancer hospital
49035,84112,university of utah,university of utah hunstman cancer institute,university of utah hunstman cancer institute
49035,84112,university of utah,university of utah huntsman cancer center,university of utah huntsman cancer center
49035,84112,university of utah,university of utah huntsman cancer institute,university of utah huntsman cancer institute
49035,84112,university of utah,university of utah huntsman cancer institute ppds,university of utah huntsman cancer institute ppds
49035,84112,university of utah huntsman cancer institute,university of utah huntsman cancer institute ppds,university of utah huntsman cancer institute ppds
49035,84119,start mountain,south texas accelerated research therapeutics start mountain region,south texas accelerated research therapeutics start mountain region
49035,84119,start mountain,start mountain region,start mountain region
49035,84119,start mountain,start mountain region llc,start mountain region llc
49035,84119,start mountain region,south texas accelerated research therapeutics start mountain region,south texas accelerated research therapeutics start mountain region
49035,84119,start mountain region,start mountain region llc,start mountain region llc
49035,84143,intermountain healthcare,intermountain healthcare lds hospital,intermountain healthcare lds hospital
49035,84143,lds hospital,intermountain healthcare lds hospital,intermountain healthcare lds hospital
49035,84143,lds hospital,intermountain lds hospital ph 1 research program,intermountain lds hospital ph 1 research program
50007,05401,university of vermont,the university of vermont medical center inc,the university of vermont medical center inc
50007,05401,university of vermont,university of vermont cancer center,university of vermont cancer center
50007,05401,university of vermont,university of vermont medical center,university of vermont medical center
50007,05401,university of vermont medical center,the university of vermont medical center inc,the university of vermont medical center inc
51003,22903,university of virginia,1027 university of virginia,1027 university of virginia
51003,22903,university of virginia,university of virginia cancer center,university of virginia cancer center
51003,22903,university of virginia,university of virginia comprehensive cancer center,university of virginia comprehensive cancer center
51003,22903,university of virginia,university of virginia health system,university of virginia health system
51003,22903,university of virginia,university of virginia school of medicine,university of virginia school of medicine
51003,22903,uva health,uva health emily couric clinical cancer cente,uva health emily couric clinical cancer cente
51003,22903,uva health,uva health fontaine research park,uva health fontaine research park
51003,22903,uva health,uva health university hospital,uva health university hospital
51003,22903,uva health,uva health uva emily couric clinical cancer center,uva health uva emily couric clinical cancer center
51005,24457,blue ridge cancer care,oncology hematology associates of southwest virginia inc dba blue ridge cancer care,oncology hematology associates of southwest virginia inc dba blue ridge cancer care
51005,24457,blue ridge cancer care,oncology hematology associates of southwest virginia inc dba blue ridge cancer care emmett medical surgical center,oncology hematology associates of southwest virginia inc dba blue ridge cancer care emmett medical surgical center
51005,24457,oncology hematology associates of southwest virginia,oncology hematology associates of southwest virginia inc dba blue ridge cancer care,oncology hematology associates of southwest virginia inc dba blue ridge cancer care
51005,24457,oncology hematology associates of southwest virginia,oncology hematology associates of southwest virginia inc dba blue ridge cancer care emmett medical surgical center,oncology hematology associates of southwest virginia inc dba blue ridge cancer care emmett medical surgical center
51005,24457,oncology hematology associates of southwest virginia inc dba blue ridge cancer care,oncology hematology associates of southwest virginia inc dba blue ridge cancer care emmett medical surgical center,oncology hematology associates of southwest virginia inc dba blue ridge cancer care emmett medical surgical center
51013,22201,virginia cancer specialists,virginia cancer specialists arlington,virginia cancer specialists arlington
51013,22201,virginia cancer specialists,virginia cancer specialists pc,virginia cancer specialists pc
51041,23114,bon secours st francis medical center,bon secours st francis medical center oncology research,bon secours st francis medical center oncology research
51059,22031,inova schar cancer,inova schar cancer center,inova schar cancer center
51059,22031,inova schar cancer,inova schar cancer infusion pharmacy,inova schar cancer infusion pharmacy
51059,22031,inova schar cancer,inova schar cancer institute,inova schar cancer institute
51059,22031,inova schar cancer,inova schar cancer institute clinical trials,inova schar cancer institute clinical trials
51059,22031,inova schar cancer,inova schar cancer institute dept of fairfax hospital,inova schar cancer institute dept of fairfax hospital
51059,22031,inova schar cancer,inova schar cancer institute fairfax innovation park drive,inova schar cancer institute fairfax innovation park drive
51059,22031,inova schar cancer institute,inova schar cancer institute clinical trials,inova schar cancer institute clinical trials
51059,22031,inova schar cancer institute,inova schar cancer institute dept of fairfax hospital,inova schar cancer institute dept of fairfax hospital
51059,22031,inova schar cancer institute,inova schar cancer institute fairfax innovation park drive,inova schar cancer institute fairfax innovation park drive
51059,22031,investigational,dren investigational site,dren investigational site
51059,22031,investigational,gsk investigational site,gsk investigational site
51059,22031,investigational,normunity investigational site,normunity investigational site
51059,22031,investigational,teva investigational,teva investigational
51059,22031,next oncology,next oncology va,next oncology va
51059,22031,next oncology,next oncology virginia,next oncology virginia
51059,22031,next oncology,next oncology virginia cancer specialist,next oncology virginia cancer specialist
51059,22031,next oncology,next oncology virginia cancer specialists,next oncology virginia cancer specialists
51059,22031,next oncology virginia,next oncology virginia cancer specialist,next oncology virginia cancer specialist
51059,22031,next oncology virginia,next oncology virginia cancer specialists,next oncology virginia cancer specialists
51059,22031,next oncology virginia cancer specialist,next oncology virginia cancer specialists,next oncology virginia cancer specialists
51059,22031,next virginia,next virginia cancer specialists,next virginia cancer specialists
51059,22031,next virginia,next virginia llc,next virginia llc
51059,22031,next virginia,virginia cancer specialists next virginia,virginia cancer specialists next virginia
51059,22031,research,research site,research site
51059,22031,research,virginia cancer specialists research institute,virginia cancer specialists research institute
51059,22031,uso virginia cancer specialists,uso virginia cancer specialists pc,uso virginia cancer specialists pc
51059,22031,usor virginia cancer specialists,usor virginia cancer specialists fairfax office,usor virginia cancer specialists fairfax office
51059,22031,virginia cancer specialists,next oncology virginia cancer specialists,next oncology virginia cancer specialists
51059,22031,virginia cancer specialists,next virginia cancer specialists,next virginia cancer specialists
51059,22031,virginia cancer specialists,uso virginia cancer specialists,uso virginia cancer specialists
51059,22031,virginia cancer specialists,uso virginia cancer specialists pc,uso virginia cancer specialists pc
51059,22031,virginia cancer specialists,usor virginia cancer specialists,usor virginia cancer specialists
51059,22031,virginia cancer specialists,usor virginia cancer specialists fairfax office,usor virginia cancer specialists fairfax office
51059,22031,virginia cancer specialists,virginia cancer specialists fairfax,virginia cancer specialists fairfax
51059,22031,virginia cancer specialists,virginia cancer specialists fairfax office,virginia cancer specialists fairfax office
51059,22031,virginia cancer specialists,virginia cancer specialists fairfax usor,virginia cancer specialists fairfax usor
51059,22031,virginia cancer specialists,virginia cancer specialists next virginia,virginia cancer specialists next virginia
51059,22031,virginia cancer specialists,virginia cancer specialists p c,virginia cancer specialists p c
51059,22031,virginia cancer specialists,virginia cancer specialists p c fairfax,virginia cancer specialists p c fairfax
51059,22031,virginia cancer specialists,virginia cancer specialists pc,virginia cancer specialists pc
51059,22031,virginia cancer specialists,virginia cancer specialists research institute,virginia cancer specialists research institute
51059,22031,virginia cancer specialists,virginia cancer specialists vcs,virginia cancer specialists vcs
51059,22031,virginia cancer specialists fairfax,usor virginia cancer specialists fairfax office,usor virginia cancer specialists fairfax office
51059,22031,virginia cancer specialists fairfax,virginia cancer specialists fairfax office,virginia cancer specialists fairfax office
51059,22031,virginia cancer specialists fairfax,virginia cancer specialists fairfax usor,virginia cancer specialists fairfax usor
51059,22031,virginia cancer specialists fairfax office,usor virginia cancer specialists fairfax office,usor virginia cancer specialists fairfax office
51059,22031,virginia cancer specialists p c,virginia cancer specialists p c fairfax,virginia cancer specialists p c fairfax
51059,22031,virginia cancer specialists pc,uso virginia cancer specialists pc,uso virginia cancer specialists pc
51085,23116,bon secours cancer institute at memorial regional,bon secours cancer institute at memorial regional medical center,bon secours cancer institute at memorial regional medical center
51087,23229,virginia cancer institute,virginia cancer institute vci,virginia cancer institute vci
51087,23229,virginia cancer institute,virginia cancer institute west end,virginia cancer institute west end
51121,24060,blue ridge cancer care,blue ridge cancer care blacksburg,blue ridge cancer care blacksburg
51121,24060,blue ridge cancer care,oncology hematology associates of southwest virginia inc d b a blue ridge cancer care,oncology hematology associates of southwest virginia inc d b a blue ridge cancer care
51121,24060,blue ridge cancer care,oncology hematology associates of southwest virginia inc dba blue ridge cancer care,oncology hematology associates of southwest virginia inc dba blue ridge cancer care
51121,24060,oncology hematology associates of southwest virginia inc,oncology hematology associates of southwest virginia inc d b a blue ridge cancer care,oncology hematology associates of southwest virginia inc d b a blue ridge cancer care
51121,24060,oncology hematology associates of southwest virginia inc,oncology hematology associates of southwest virginia inc dba blue ridge cancer care,oncology hematology associates of southwest virginia inc dba blue ridge cancer care
51161,24014,blue ridge cancer care,blue ridge cancer care oncology and hematology associates of southwest virginia,blue ridge cancer care oncology and hematology associates of southwest virginia
51161,24014,blue ridge cancer care,blue ridge cancer care roanoke,blue ridge cancer care roanoke
51161,24014,blue ridge cancer care,oncology hematology associates of southwest virginia inc dba blue ridge cancer care,oncology hematology associates of southwest virginia inc dba blue ridge cancer care
51161,24014,oncology hematology associates of southwest virginia,oncology hematology associates of southwest virginia inc,oncology hematology associates of southwest virginia inc
51161,24014,oncology hematology associates of southwest virginia,oncology hematology associates of southwest virginia inc dba blue ridge cancer care,oncology hematology associates of southwest virginia inc dba blue ridge cancer care
51161,24014,oncology hematology associates of southwest virginia inc,oncology hematology associates of southwest virginia inc dba blue ridge cancer care,oncology hematology associates of southwest virginia inc dba blue ridge cancer care
51177,22408,hematology oncology associates of fredericksburg,hematology oncology associates of fredericksburg inc,hematology oncology associates of fredericksburg inc
51197,24382,blue ridge cancer care,oncology hematology associates of southwest virginia inc dba blue ridge cancer care,oncology hematology associates of southwest virginia inc dba blue ridge cancer care
51197,24382,oncology hematology associates of southwest virginia,oncology hematology associates of southwest virginia inc,oncology hematology associates of southwest virginia inc
51197,24382,oncology hematology associates of southwest virginia,oncology hematology associates of southwest virginia inc dba blue ridge cancer care,oncology hematology associates of southwest virginia inc dba blue ridge cancer care
51197,24382,oncology hematology associates of southwest virginia inc,oncology hematology associates of southwest virginia inc dba blue ridge cancer care,oncology hematology associates of southwest virginia inc dba blue ridge cancer care
51540,22908,emily couric clinical cancer center,university of virginia emily couric clinical cancer center,university of virginia emily couric clinical cancer center
51540,22908,university of virginia,cancer center at the university of virginia,cancer center at the university of virginia
51540,22908,university of virginia,university of virginia cancer center,university of virginia cancer center
51540,22908,university of virginia,university of virginia comprehensive cancer center,university of virginia comprehensive cancer center
51540,22908,university of virginia,university of virginia emily couric clinical cancer center,university of virginia emily couric clinical cancer center
51540,22908,university of virginia,university of virginia health,university of virginia health
51540,22908,university of virginia,university of virginia health system,university of virginia health system
51540,22908,university of virginia health,university of virginia health system,university of virginia health system
51650,23666,virginia oncology associates,uso virginia oncology associates,uso virginia oncology associates
51683,20110,virginia cancer specialists,virginia cancer specialists pc,virginia cancer specialists pc
51710,23502,virginia oncology associates,sarah cannon virginia oncology associates,sarah cannon virginia oncology associates
51710,23502,virginia oncology associates,scri virginia oncology associates,scri virginia oncology associates
51710,23502,virginia oncology associates,uso virginia oncology associates,uso virginia oncology associates
51710,23502,virginia oncology associates,usor virginia oncology associates,usor virginia oncology associates
51710,23502,virginia oncology associates,virginia oncology associates brock cancer center,virginia oncology associates brock cancer center
51710,23502,virginia oncology associates,virginia oncology associates norfolk,virginia oncology associates norfolk
51710,23502,virginia oncology associates,virginia oncology associates sentara health,virginia oncology associates sentara health
51710,23502,virginia oncology associates,virginia oncology associates voa,virginia oncology associates voa
51760,23219,virginia commonwealth university vcu,virginia commonwealth university vcu health,virginia commonwealth university vcu health
51760,23298,virginia commonwealth university,vcu medical center virginia commonwealth university,vcu medical center virginia commonwealth university
51760,23298,virginia commonwealth university,virginia commonwealth university main hospital,virginia commonwealth university main hospital
51760,23298,virginia commonwealth university,virginia commonwealth university massey cancer center,virginia commonwealth university massey cancer center
51760,23298,virginia commonwealth university,virginia commonwealth university medical center,virginia commonwealth university medical center
51760,23298,virginia commonwealth university,virginia commonwealth university school of medicine,virginia commonwealth university school of medicine
51760,23298,virginia commonwealth university,virginia commonwealth university vcu medical center,virginia commonwealth university vcu medical center
51810,23456,virginia oncology associates,virginia oncology associates virginia beach,virginia oncology associates virginia beach
51840,22601,shenandoah oncology,shenandoah oncology p c,shenandoah oncology p c
53005,99336,kadlec clinic hematology and onco,kadlec clinic hematology and oncology,kadlec clinic hematology and oncology
53011,98684,compass oncology,northwest cancer specialists compass oncology,northwest cancer specialists compass oncology
53011,98684,compass oncology,usor northwest cancer specialists p c dba compass oncology vancouver cancer center,usor northwest cancer specialists p c dba compass oncology vancouver cancer center
53011,98684,northwest cancer specialists p c,northwest cancer specialists p c vancouver,northwest cancer specialists p c vancouver
53011,98684,northwest cancer specialists p c,usor northwest cancer specialists p c dba compass oncology vancouver cancer center,usor northwest cancer specialists p c dba compass oncology vancouver cancer center
53033,98003,northwest medical specialties,northwest medical specialties pllc,northwest medical specialties pllc
53033,98029,swedish cancer institute issaquah,swedish cancer institute issaquah campus,swedish cancer institute issaquah campus
53033,98055,valley medical center,uw medicine valley medical center,uw medicine valley medical center
53033,98055,valley medical center,valley medical center research,valley medical center research
53033,98101,virginia mason,benaroya research institute at virginia mason,benaroya research institute at virginia mason
53033,98101,virginia mason,virginia mason franciscan health virginia mason medical center,virginia mason franciscan health virginia mason medical center
53033,98101,virginia mason,virginia mason hospital and medical center,virginia mason hospital and medical center
53033,98101,virginia mason,virginia mason medical center,virginia mason medical center
53033,98101,virginia mason medical center,virginia mason franciscan health virginia mason medical center,virginia mason franciscan health virginia mason medical center
53033,98104,swedish cancer institute,providence swedish cancer institute,providence swedish cancer institute
53033,98104,swedish cancer institute,swedish cancer institute sci,swedish cancer institute sci
53033,98104,swedish cancer institute,swedish medical center swedish cancer institute,swedish medical center swedish cancer institute
53033,98104,swedish cancer institute,swedish medical center swedish cancer institute first hill campus,swedish medical center swedish cancer institute first hill campus
53033,98104,swedish cancer institute,swedish medical center swedish cancer institute sci first hill campus,swedish medical center swedish cancer institute sci first hill campus
53033,98104,swedish cancer institute sci,swedish medical center swedish cancer institute sci first hill campus,swedish medical center swedish cancer institute sci first hill campus
53033,98104,swedish medical center,swedish medical center seattle,swedish medical center seattle
53033,98104,swedish medical center,swedish medical center swedish cancer institute,swedish medical center swedish cancer institute
53033,98104,swedish medical center,swedish medical center swedish cancer institute first hill campus,swedish medical center swedish cancer institute first hill campus
53033,98104,swedish medical center,swedish medical center swedish cancer institute sci first hill campus,swedish medical center swedish cancer institute sci first hill campus
53033,98104,swedish medical center swedish cancer institute,swedish medical center swedish cancer institute first hill campus,swedish medical center swedish cancer institute first hill campus
53033,98104,swedish medical center swedish cancer institute,swedish medical center swedish cancer institute sci first hill campus,swedish medical center swedish cancer institute sci first hill campus
53033,98109,fred hutch cancer center,fred hutch cancer center sloan clinic 2,fred hutch cancer center sloan clinic 2
53033,98109,fred hutch cancer center,university of washington fred hutch cancer center,university of washington fred hutch cancer center
53033,98109,fred hutchinson cancer center,fred hutchinson cancer center advanced cancer research group,fred hutchinson cancer center advanced cancer research group
53033,98109,fred hutchinson cancer center,fred hutchinson cancer center clinic,fred hutchinson cancer center clinic
53033,98109,fred hutchinson cancer center,fred hutchinson cancer center university of washington,fred hutchinson cancer center university of washington
53033,98109,fred hutchinson cancer center,fred hutchinson cancer center university of washington cancer consortium,fred hutchinson cancer center university of washington cancer consortium
53033,98109,fred hutchinson cancer center,university of washington fred hutchinson cancer center,university of washington fred hutchinson cancer center
53033,98109,fred hutchinson cancer center,university of washington fred hutchinson cancer center seattle,university of washington fred hutchinson cancer center seattle
53033,98109,fred hutchinson cancer center university of washington,fred hutchinson cancer center university of washington cancer consortium,fred hutchinson cancer center university of washington cancer consortium
53033,98109,investigational,dren investigational site,dren investigational site
53033,98109,investigational,gsk investigational site,gsk investigational site
53033,98109,seattle cancer care alliance,seattle cancer care alliance at south lake union g3630,seattle cancer care alliance at south lake union g3630
53033,98109,seattle cancer care alliance,university of washington seattle cancer care alliance,university of washington seattle cancer care alliance
53033,98109,university of washington,fred hutch university of washington cancer consortium,fred hutch university of washington cancer consortium
53033,98109,university of washington,fred hutch university of washington seattle children s cancer consortium,fred hutch university of washington seattle children s cancer consortium
53033,98109,university of washington,fred hutchinson cancer center university of washington,fred hutchinson cancer center university of washington
53033,98109,university of washington,fred hutchinson cancer center university of washington cancer consortium,fred hutchinson cancer center university of washington cancer consortium
53033,98109,university of washington,university of washington data collection only,university of washington data collection only
53033,98109,university of washington,university of washington fred hutch cancer center,university of washington fred hutch cancer center
53033,98109,university of washington,university of washington fred hutchinson cancer center,university of washington fred hutchinson cancer center
53033,98109,university of washington,university of washington fred hutchinson cancer center seattle,university of washington fred hutchinson cancer center seattle
53033,98109,university of washington,university of washington school of medicine,university of washington school of medicine
53033,98109,university of washington,university of washington seattle cancer care alliance,university of washington seattle cancer care alliance
53033,98109,university of washington fred hutchinson cancer center,university of washington fred hutchinson cancer center seattle,university of washington fred hutchinson cancer center seattle
53033,98122,swedish health,swedish health sciences,swedish health sciences
53033,98195,university of washington fred hutchinson,university of washington fred hutchinson cancer center seattle cancer care alliance,university of washington fred hutchinson cancer center seattle cancer care alliance
53033,98195,university of washington medical center,university of washington medical center montlake,university of washington medical center montlake
53053,98405,multicare cancer institute,multicare cancer institute tacoma,multicare cancer institute tacoma
53053,98405,multicare cancer institute,multicare cancer institute tacoma general hospital,multicare cancer institute tacoma general hospital
53053,98405,multicare cancer institute tacoma,multicare cancer institute tacoma general hospital,multicare cancer institute tacoma general hospital
53053,98405,northwest medical specialties,northwest medical specialties pllc,northwest medical specialties pllc
53053,98405,northwest medical specialties,northwest medical specialties pllc nwms,northwest medical specialties pllc nwms
53053,98405,northwest medical specialties,northwest medical specialties pllc tacoma,northwest medical specialties pllc tacoma
53053,98405,northwest medical specialties,northwest medical specialties tacoma,northwest medical specialties tacoma
53053,98405,northwest medical specialties pllc,northwest medical specialties pllc nwms,northwest medical specialties pllc nwms
53053,98405,northwest medical specialties pllc,northwest medical specialties pllc tacoma,northwest medical specialties pllc tacoma
53061,98026,swedish cancer institute,swedish cancer institute edmonds,swedish cancer institute edmonds
53061,98026,swedish cancer institute,swedish cancer institute edmonds campus,swedish cancer institute edmonds campus
53061,98026,swedish cancer institute edmonds,swedish cancer institute edmonds campus,swedish cancer institute edmonds campus
53063,99202,cancer care northwest,cancer care northwest 1 601 s sherman,cancer care northwest 1 601 s sherman
53063,99202,cancer care northwest,cancer care northwest spokane south,cancer care northwest spokane south
53063,99202,spokane urology,spokane urology pllc,spokane urology pllc
53063,99208,medical oncology associates,medical oncology associates ps,medical oncology associates ps
53063,99208,medical oncology associates,medical oncology associates ps dba summit cancer centers,medical oncology associates ps dba summit cancer centers
53063,99208,medical oncology associates,medical oncology associates spokane,medical oncology associates spokane
53063,99208,medical oncology associates,medical oncology associates summit cancer centers,medical oncology associates summit cancer centers
53063,99208,medical oncology associates ps,medical oncology associates ps dba summit cancer centers,medical oncology associates ps dba summit cancer centers
53063,99208,research,research site,research site
53063,99208,summit cancer center,medical oncology associates ps dba summit cancer centers,medical oncology associates ps dba summit cancer centers
53063,99208,summit cancer center,medical oncology associates summit cancer centers,medical oncology associates summit cancer centers
53063,99208,summit cancer center,summit cancer centers,summit cancer centers
53063,99208,summit cancer center,summit cancer centers north spokane,summit cancer centers north spokane
53063,99208,summit cancer center,summit cancer centers spokane valley,summit cancer centers spokane valley
53063,99208,summit cancer centers,medical oncology associates ps dba summit cancer centers,medical oncology associates ps dba summit cancer centers
53063,99208,summit cancer centers,medical oncology associates summit cancer centers,medical oncology associates summit cancer centers
53063,99208,summit cancer centers,summit cancer centers north spokane,summit cancer centers north spokane
53063,99208,summit cancer centers,summit cancer centers spokane valley,summit cancer centers spokane valley
53067,98502,american oncology network vista oncology division,american oncology network vista oncology division west office,american oncology network vista oncology division west office
53067,98503,providence regional cancer system,providence regional cancer system lacey,providence regional cancer system lacey
53067,98506,vista oncology,american oncology network vista oncology division east office,american oncology network vista oncology division east office
53067,98506,vista oncology,american oncology network vista oncology division physician partner associate,american oncology network vista oncology division physician partner associate
53067,98506,vista oncology,vista oncology east olympia,vista oncology east olympia
53067,98506,vista oncology,vista oncology inc ps,vista oncology inc ps
54061,26506,west virginia,university of west virginia,university of west virginia
54061,26506,west virginia,west virginia university,west virginia university
54061,26506,west virginia,west virginia university cancer institute,west virginia university cancer institute
54061,26506,west virginia,west virginia university health sciences campus,west virginia university health sciences campus
54061,26506,west virginia,west virginia university healthcare,west virginia university healthcare
54061,26506,west virginia,west virginia university hospitals,west virginia university hospitals
54061,26506,west virginia,west virginia university medicine,west virginia university medicine
54061,26506,west virginia,west virginia university school of medicine,west virginia university school of medicine
54061,26506,west virginia university,west virginia university cancer institute,west virginia university cancer institute
54061,26506,west virginia university,west virginia university health sciences campus,west virginia university health sciences campus
54061,26506,west virginia university,west virginia university healthcare,west virginia university healthcare
54061,26506,west virginia university,west virginia university hospitals,west virginia university hospitals
54061,26506,west virginia university,west virginia university medicine,west virginia university medicine
54061,26506,west virginia university,west virginia university school of medicine,west virginia university school of medicine
55005,54868,marshfield medical center,marshfield medical center rice lake,marshfield medical center rice lake
55015,53014,ascension calumet hospital,ascension calumet hospital chilton,ascension calumet hospital chilton
55025,53715,ssm health dean medical group,circuit clinical ssm health dean medical group,circuit clinical ssm health dean medical group
55025,53715,ssm health dean medical group,ssm health dean medical group south madison campus health research circuit clinical,ssm health dean medical group south madison campus health research circuit clinical
55025,53715,ssm health dean medical group,ssm health dean medical group wisconsin madison,ssm health dean medical group wisconsin madison
55025,53792,university hospital and uw health clinics,university hospital and uw health clinics carbone cancer center,university hospital and uw health clinics carbone cancer center
55025,53792,university of wisconsin,011 university of wisconsin health university hospital,011 university of wisconsin health university hospital
55025,53792,university of wisconsin,carbone cancer center university of wisconsin madison,carbone cancer center university of wisconsin madison
55025,53792,university of wisconsin,university of wisconsin at madison,university of wisconsin at madison
55025,53792,university of wisconsin,university of wisconsin carbone,university of wisconsin carbone
55025,53792,university of wisconsin,university of wisconsin carbone cancer center,university of wisconsin carbone cancer center
55025,53792,university of wisconsin,university of wisconsin carbone cancer center university hospital,university of wisconsin carbone cancer center university hospital
55025,53792,university of wisconsin,university of wisconsin carbone cancer center uwccc cancer connect,university of wisconsin carbone cancer center uwccc cancer connect
55025,53792,university of wisconsin,university of wisconsin clinical science center,university of wisconsin clinical science center
55025,53792,university of wisconsin,university of wisconsin health,university of wisconsin health
55025,53792,university of wisconsin,university of wisconsin hospital,university of wisconsin hospital
55025,53792,university of wisconsin,university of wisconsin hospital and clinics,university of wisconsin hospital and clinics
55025,53792,university of wisconsin,university of wisconsin madison,university of wisconsin madison
55025,53792,university of wisconsin carbone,university of wisconsin carbone cancer center,university of wisconsin carbone cancer center
55025,53792,university of wisconsin carbone,university of wisconsin carbone cancer center university hospital,university of wisconsin carbone cancer center university hospital
55025,53792,university of wisconsin carbone,university of wisconsin carbone cancer center uwccc cancer connect,university of wisconsin carbone cancer center uwccc cancer connect
55025,53792,university of wisconsin carbone cancer center,university of wisconsin carbone cancer center university hospital,university of wisconsin carbone cancer center university hospital
55025,53792,university of wisconsin carbone cancer center,university of wisconsin carbone cancer center uwccc cancer connect,university of wisconsin carbone cancer center uwccc cancer connect
55025,53792,university of wisconsin health,011 university of wisconsin health university hospital,011 university of wisconsin health university hospital
55025,53792,university of wisconsin hospital,university of wisconsin hospital and clinics,university of wisconsin hospital and clinics
55025,53792,university of wisconsin madison,carbone cancer center university of wisconsin madison,carbone cancer center university of wisconsin madison
55025,53792,uw health,university hospital and uw health clinics,university hospital and uw health clinics
55025,53792,uw health,university hospital and uw health clinics carbone cancer center,university hospital and uw health clinics carbone cancer center
55025,53792,uw health,uw health carbone cancer center,uw health carbone cancer center
55063,54601,gundersen,gundersen health system,gundersen health system
55063,54601,gundersen,gundersen lutheran,gundersen lutheran
55063,54601,gundersen,gundersen lutheran medical center,gundersen lutheran medical center
55063,54601,gundersen lutheran,gundersen lutheran medical center,gundersen lutheran medical center
55073,54476,marshfield medical center,marshfield medical center weston,marshfield medical center weston
55079,53211,ascension columbia saint mary s hospital milwaukee,ascension columbia saint mary s hospital milwaukee campus,ascension columbia saint mary s hospital milwaukee campus
55079,53215,ascension saint francis hospital,ascension saint francis hospital milwaukee,ascension saint francis hospital milwaukee
55079,53226,froedtert and the medical college of wisconsin,froedtert and the medical college of wisconsin laps,froedtert and the medical college of wisconsin laps
55079,53226,froedtert hospital,froedtert hospital and the medical college of wisconsin,froedtert hospital and the medical college of wisconsin
55079,53226,froedtert hospital,froedtert hospital clinical cancer center,froedtert hospital clinical cancer center
55079,53226,froedtert hospital,froedtert hospital the medical college of wisconsin,froedtert hospital the medical college of wisconsin
55079,53226,froedtert hospital,mcw clinical cancer center at froedtert hospital campus,mcw clinical cancer center at froedtert hospital campus
55079,53226,froedtert hospital,medical college of wisconsin and froedtert hospital,medical college of wisconsin and froedtert hospital
55079,53226,froedtert memorial lutheran hospital,froedtert memorial lutheran hospital medical college of wisconsin,froedtert memorial lutheran hospital medical college of wisconsin
55079,53226,medical college of wisconsin,froedtert and medical college of wisconsin,froedtert and medical college of wisconsin
55079,53226,medical college of wisconsin,froedtert and the medical college of wisconsin,froedtert and the medical college of wisconsin
55079,53226,medical college of wisconsin,froedtert and the medical college of wisconsin laps,froedtert and the medical college of wisconsin laps
55079,53226,medical college of wisconsin,froedtert hospital and the medical college of wisconsin,froedtert hospital and the medical college of wisconsin
55079,53226,medical college of wisconsin,froedtert hospital the medical college of wisconsin,froedtert hospital the medical college of wisconsin
55079,53226,medical college of wisconsin,froedtert medical college of wisconsin,froedtert medical college of wisconsin
55079,53226,medical college of wisconsin,froedtert memorial lutheran hospital medical college of wisconsin,froedtert memorial lutheran hospital medical college of wisconsin
55079,53226,medical college of wisconsin,froedtert the medical college of wisconsin,froedtert the medical college of wisconsin
55079,53226,medical college of wisconsin,medical college of wisconsin and froedtert hospital,medical college of wisconsin and froedtert hospital
55079,53226,medical college of wisconsin,medical college of wisconsin cancer center,medical college of wisconsin cancer center
55079,53226,medical college of wisconsin,medical college of wisconsin cancer center clinical trials office,medical college of wisconsin cancer center clinical trials office
55079,53226,medical college of wisconsin,medical college of wisconsin wisconsin diagnostic labratories,medical college of wisconsin wisconsin diagnostic labratories
55079,53226,medical college of wisconsin,the medical college of wisconsin inc,the medical college of wisconsin inc
55079,53226,medical college of wisconsin cancer center,medical college of wisconsin cancer center clinical trials office,medical college of wisconsin cancer center clinical trials office
55085,54548,marshfield medical center,marshfield medical center minocqua,marshfield medical center minocqua
55089,53097,ascension columbia saint mary s hospital ozaukee,ascension columbia saint mary s hospital ozaukee campus mequon,ascension columbia saint mary s hospital ozaukee campus mequon
55101,53405,ascension all saints hospital,ascension all saints hospital spring street racine,ascension all saints hospital spring street racine
55105,53548,mercyhealth,mercyhealth hospital and cancer center janesville,mercyhealth hospital and cancer center janesville
55133,53045,ascension southeast wisconsin hospital elmbrook campus,ascension southeast wisconsin hospital elmbrook campus brookfield,ascension southeast wisconsin hospital elmbrook campus brookfield
55141,54449,marshfield medical center,marshfield medical center marshfield,marshfield medical center marshfield
