rank_zero,rank_lt20,name,name_is_placeholder,city,state,zip,county_name,county_fips,pop55_newly_covered_zero,pop55_newly_covered_lt20,tracts_within_60rdmi,county_trials,n_trials_hosted_2016plus,geocode,access_mi,lat,lon,source
1,153,Jackson-Madison County General Hospital,0,Jackson,TN,38301,Madison,47113,100161,121438,152,0,1,zip,1.9,35.588164,-88.853395,registry_stand_in
2,140,Jackson,1,Jackson,TN,38305,Madison,47113,97183,128437,144,0,1,zip,2.0,35.701654,-88.768058,registry_stand_in
3,141,"The Jackson Clinic, PA",0,Jackson,TN,38305,Madison,47113,97183,128437,144,0,2,zip,2.0,35.701654,-88.768058,registry_stand_in
4,84,Central Recruiting Site,1,Sheffield,AL,35660,Colbert,01033,78903,171832,149,0,1,zip,0.2,34.758412,-87.696542,registry_stand_in
5,94,"Northwest Alabama Cancer Center, PC",0,Muscle Shoals,AL,35661,Colbert,01033,75386,153281,132,0,2,zip,0.8,34.768526,-87.562802,registry_stand_in
6,229,Idaho Falls,1,Idaho Falls,ID,83404,Bonneville,16019,72928,75153,73,0,2,zip,3.2,43.426779,-112.015502,registry_stand_in
7,230,Institute of Arthritis Research,0,Idaho Falls,ID,83404,Bonneville,16019,72928,75153,73,0,2,zip,3.2,43.426779,-112.015502,registry_stand_in
8,231,Leavitt Womens Healthcare,0,Idaho Falls,ID,83404,Bonneville,16019,72928,75153,73,0,2,zip,3.2,43.426779,-112.015502,registry_stand_in
9,232,Research Center,0,Idaho Falls,ID,83404,Bonneville,16019,72928,75153,73,0,1,zip,3.2,43.426779,-112.015502,registry_stand_in
10,233,Site reference,1,Idaho Falls,ID,83404,Bonneville,16019,72928,75153,73,0,1,zip,3.2,43.426779,-112.015502,registry_stand_in
11,234,"Womens Healthcare Assoc, DBA",0,Idaho Falls,ID,83404,Bonneville,16019,72928,75153,73,0,3,zip,3.2,43.426779,-112.015502,registry_stand_in
12,259,Arrivent Investigative Site,1,Yuma,AZ,85364,Yuma,04027,72063,72063,76,0,1,zip,0.5,32.704556,-114.656304,registry_stand_in
13,260,GSK Investigational Site,1,Yuma,AZ,85364,Yuma,04027,72063,72063,76,0,1,zip,0.5,32.704556,-114.656304,registry_stand_in
14,261,Onvida Health Yuma Medical Center,0,Yuma,AZ,85364,Yuma,04027,72063,72063,76,0,2,zip,0.5,32.704556,-114.656304,registry_stand_in
15,262,Yuma Cancer Center,0,Yuma,AZ,85364,Yuma,04027,72063,72063,76,0,1,zip,0.5,32.704556,-114.656304,registry_stand_in
16,263,Yuma Regional Cancer Center,0,Yuma,AZ,85364,Yuma,04027,72063,72063,76,0,2,zip,0.5,32.704556,-114.656304,registry_stand_in
17,264,Yuma Regional Medical Center,0,Yuma,AZ,85364,Yuma,04027,72063,72063,76,0,10,zip,0.5,32.704556,-114.656304,registry_stand_in
18,265,Yuma Regional Medical Center Cancer Center,0,Yuma,AZ,85364,Yuma,04027,72063,72063,76,0,3,zip,0.5,32.704556,-114.656304,registry_stand_in
19,266,Yuma Regional Medical Center (JIT,0,Yuma,AZ,85364,Yuma,04027,72063,72063,76,0,1,zip,0.5,32.704556,-114.656304,registry_stand_in
20,267,Yuma Regional Medical Center Ophthalmology,0,Yuma,AZ,85364,Yuma,04027,72063,72063,76,0,1,zip,0.5,32.704556,-114.656304,registry_stand_in
21,278,Bingham Memorial Hospital,0,Blackfoot,ID,83221,Bingham,16011,69408,69408,62,0,2,zip,7.5,43.294732,-112.512503,registry_stand_in
22,228,Mercy Regional Cancer Center,0,Redding,CA,96001,Shasta,06089,63834,75558,57,0,4,zip,0.7,40.577176,-122.454715,registry_stand_in
23,245,Mercy Oncology Center,0,Redding,CA,96002,Shasta,06089,62135,73859,56,0,4,zip,2.5,40.527769,-122.318645,registry_stand_in
24,312,Mountain View Hospital,0,Idaho Falls,ID,83401,Bonneville,16019,55047,58608,57,0,2,zip,3.4,43.542409,-111.877936,registry_stand_in
25,285,Texas Institute for Kidney and Endocrine Disorders,0,Lufkin,TX,75904,Angelina,48005,53706,67516,67,0,1,zip,0.9,31.32705,-94.839618,registry_stand_in
26,279,June E. Nylan Cancer Center,0,Sioux City,IA,51101,Woodbury,19193,53585,68731,72,0,1,zip,0.3,42.493688,-96.394184,registry_stand_in
27,280,June E. Nylen Cancer Center,0,Sioux City,IA,51101,Woodbury,19193,53585,68731,72,0,1,zip,0.3,42.493688,-96.394184,registry_stand_in
28,281,"Siouxland Hematology - Oncology Associates, LLP",0,Sioux City,IA,51101,Woodbury,19193,53585,68731,72,0,1,zip,0.3,42.493688,-96.394184,registry_stand_in
29,282,Siouxland Regioinal Cancer Center dba June E. Nylen Cancer Center,0,Sioux City,IA,51101,Woodbury,19193,53585,68731,72,0,1,zip,0.3,42.493688,-96.394184,registry_stand_in
30,283,Siouxland Regional Cancer Center,0,Sioux City,IA,51101,Woodbury,19193,53585,68731,72,0,32,zip,0.3,42.493688,-96.394184,registry_stand_in
31,284,Siouxland Regional Cancer Center dba June E.Nylen Cancer Center,0,Sioux City,IA,51101,Woodbury,19193,53585,68731,72,0,2,zip,0.3,42.493688,-96.394184,registry_stand_in
32,334,The West Clinic - Corinth,0,Corinth,MS,38834,Alcorn,28003,53424,54863,116,0,2,zip,0.9,34.917816,-88.559666,registry_stand_in
33,377,Island Urology-Hilo,0,Hilo,HI,96720,Hawaii,15001,44819,44819,34,0,8,zip,2.5,19.65981,-155.232473,registry_stand_in
34,3,North Alabama Research Center LLC,0,Athens,AL,35611,Limestone,01083,43109,276578,238,0,1,zip,1.2,34.773833,-87.084145,registry_stand_in
35,317,IU Health Bloomington,0,Bloomington,IN,47403,Monroe,18105,40431,57111,275,0,1,zip,2.2,39.085219,-86.61234,registry_stand_in
36,318,IU Health Bloomington Hospital,0,Bloomington,IN,47403,Monroe,18105,40431,57111,275,0,1,zip,2.2,39.085219,-86.61234,registry_stand_in
37,454,Champlain Valley Physicians Hospital Medical Center,0,Plattsburgh,NY,12901,Clinton,36019,38337,38337,42,0,1,zip,0.6,44.709098,-73.473547,registry_stand_in
38,340,Union Hospital,0,Terre Haute,IN,47804,Vigo,18167,38090,53463,134,0,23,zip,0.9,39.497817,-87.390537,registry_stand_in
39,341,Indiana University,0,Bloomington,IN,47405,Monroe,18105,34713,53085,370,0,2,zip,1.0,39.167655,-86.521101,registry_stand_in
40,86,Cancer Center of Middle Georgia,0,Dublin,GA,31021,Laurens,13175,32771,164679,175,0,2,zip,0.1,32.489539,-82.934985,registry_stand_in
41,227,Andalusia,1,Andalusia,AL,36420,Covington,01039,28598,76116,71,0,2,zip,1.5,31.177149,-86.551502,registry_stand_in
42,332,Pinnacle Research Group,0,Anniston,AL,36207,Calhoun,01015,27237,55240,130,0,1,zip,3.5,33.684121,-85.705195,registry_stand_in
43,333,"Pinnacle Research Group, Llc",0,Anniston,AL,36207,Calhoun,01015,27237,55240,130,0,1,zip,3.5,33.684121,-85.705195,registry_stand_in
44,418,Faith Regional Health Services Carson Cancer Center,0,Norfolk,NE,68701,Madison,31119,24717,41774,37,0,7,zip,0.3,42.019825,-97.442556,registry_stand_in
45,419,Faith Regional Medical Offices West,0,Norfolk,NE,68701,Madison,31119,24717,41774,37,0,1,zip,0.3,42.019825,-97.442556,registry_stand_in
46,420,Meridian Clinical Research Norfolk,0,Norfolk,NE,68701,Madison,31119,24717,41774,37,0,2,zip,0.3,42.019825,-97.442556,registry_stand_in
47,421,Norfolk,1,Norfolk,NE,68701,Madison,31119,24717,41774,37,0,2,zip,0.3,42.019825,-97.442556,registry_stand_in
48,224,Georgia Cancer Specialists - Blairsville,0,Blairsville,GA,30512,Union,13291,24296,77438,149,0,1,zip,0.9,34.856753,-83.967998,registry_stand_in
49,225,"Northside Hospital,308 Deep South Farm Rd, Suite 200",0,Blairsville,GA,30512,Union,13291,24296,77438,149,0,2,zip,0.9,34.856753,-83.967998,registry_stand_in
50,226,"Northside Hospital, Inc. - GCS/Blairsville",0,Blairsville,GA,30512,Union,13291,24296,77438,149,0,2,zip,0.9,34.856753,-83.967998,registry_stand_in
51,467,Unity Health- Searcy Medical Center,0,Searcy,AR,72143,White,05145,22456,37571,123,0,1,zip,0.5,35.226714,-91.736844,registry_stand_in
52,468,Unity Health-White County Medical Center,0,Searcy,AR,72143,White,05145,22456,37571,123,0,1,zip,0.5,35.226714,-91.736844,registry_stand_in
53,590,Prairie Lakes Cancer Center,0,Watertown,SD,57201,Codington,46029,22269,25709,29,0,1,zip,0.7,44.936722,-97.092757,registry_stand_in
54,591,Prairie Lakes Health Care,0,Watertown,SD,57201,Codington,46029,22269,25709,29,0,1,zip,0.7,44.936722,-97.092757,registry_stand_in
55,592,Prairie Lakes Health Care System,0,Watertown,SD,57201,Codington,46029,22269,25709,29,0,1,zip,0.7,44.936722,-97.092757,registry_stand_in
56,593,"Prairie Lakes Health Care System, Inc.",0,Watertown,SD,57201,Codington,46029,22269,25709,29,0,2,zip,0.7,44.936722,-97.092757,registry_stand_in
57,594,Prairie Lakes Healthcare,0,Watertown,SD,57201,Codington,46029,22269,25709,29,0,1,zip,0.7,44.936722,-97.092757,registry_stand_in
58,595,Prairie Lakes Healthcare System,0,Watertown,SD,57201,Codington,46029,22269,25709,29,0,3,zip,0.7,44.936722,-97.092757,registry_stand_in
59,422,Harbin Clinic Medical Oncology and Clinical Research,0,Rome,GA,30165,Floyd,13115,21244,41325,362,0,4,zip,3.4,34.315788,-85.295122,registry_stand_in
60,548,Moses Lake Clinic,0,Moses Lake,WA,98837,Grant,53025,20180,27809,26,0,1,zip,1.9,47.146993,-119.315908,registry_stand_in
61,711,GenesisCare USA - Key West,0,Key West,FL,33040,Monroe,12087,19700,19700,17,0,5,zip,7.5,24.54461,-81.921737,registry_stand_in
62,508,Calaway-Young Cancer Center at Valley View Hospital,0,Glenwood Springs,CO,81601,Garfield,08045,18357,32197,28,0,1,zip,2.0,39.587562,-107.338712,registry_stand_in
63,509,Valley View Hospital,0,Glenwood Springs,CO,81601,Garfield,08045,18357,32197,28,0,1,zip,2.0,39.587562,-107.338712,registry_stand_in
64,510,Valley View Hospital Cancer Center,0,Glenwood Springs,CO,81601,Garfield,08045,18357,32197,28,0,6,zip,2.0,39.587562,-107.338712,registry_stand_in
65,507,Lake Region Healthcare Corporation-Cancer Care,0,Fergus Falls,MN,56537,Otter Tail,27111,17685,32837,65,0,52,zip,0.8,46.276711,-96.091938,registry_stand_in
66,477,Ottumwa Regional Health Center,0,Ottumwa,IA,52501,Wapello,19179,16538,36451,57,0,2,zip,0.7,41.044369,-92.42906,registry_stand_in
67,539,786-C,0,Carrollton,GA,30117,Carroll,13045,16502,28760,760,0,1,zip,0.7,33.581851,-85.132439,registry_stand_in
68,540,835 - B,0,Carrollton,GA,30117,Carroll,13045,16502,28760,760,0,1,zip,0.7,33.581851,-85.132439,registry_stand_in
69,541,835-D,0,Carrollton,GA,30117,Carroll,13045,16502,28760,760,0,1,zip,0.7,33.581851,-85.132439,registry_stand_in
70,542,835-F,0,Carrollton,GA,30117,Carroll,13045,16502,28760,760,0,1,zip,0.7,33.581851,-85.132439,registry_stand_in
71,543,"Northwest Georgia Oncology Centers, a Service of Tanner Medical Center Villa Rica",0,Carrollton,GA,30117,Carroll,13045,16502,28760,760,0,2,zip,0.7,33.581851,-85.132439,registry_stand_in
72,544,"Northwest Georgia Oncology Centers, a Service of Wellstar Cobb Hospital",0,Carrollton,GA,30117,Carroll,13045,16502,28760,760,0,2,zip,0.7,33.581851,-85.132439,registry_stand_in
73,545,"Northwest Georgia Oncology Northwest Georgia Oncology Centers, PCCenters, PC,157 Clinic Avenue",0,Carrollton,GA,30117,Carroll,13045,16502,28760,760,0,1,zip,0.7,33.581851,-85.132439,registry_stand_in
74,546,"West Georgia Infusion Center, a Service of Tanner Medical Center Villa Rica",0,Carrollton,GA,30117,Carroll,13045,16502,28760,760,0,2,zip,0.7,33.581851,-85.132439,registry_stand_in
75,478,Genesis Cancer and Blood Institute - 1123,0,Russellville,AR,72801,Pope,05115,15549,35998,73,0,1,zip,0.5,35.28058,-93.141594,registry_stand_in
76,805,Regional West Medical Center,0,Scottsbluff,NE,69361,Sioux,31165,14999,14999,14,0,1,zip,9.0,42.102096,-103.566082,registry_stand_in
77,806,Regional West Medical Center Cancer Center,0,Scottsbluff,NE,69361,Sioux,31165,14999,14999,14,0,8,zip,9.0,42.102096,-103.566082,registry_stand_in
78,289,CHRISTUS St. Michael-Colom and Carney Clinic P.A,0,Texarkana,TX,75503,Bowie,48037,14711,63990,74,0,1,zip,4.4,33.51791,-94.13711,registry_stand_in
79,532,JCHC McCreery Cancer Center,0,Fairfield,IA,52556,Jefferson,19101,13189,30223,49,0,2,zip,1.5,41.024219,-91.927519,registry_stand_in
80,443,West Virginia School of Osteopathic Medicine,0,Lewisburg,WV,24901,Greenbrier,54025,12376,40086,63,0,1,zip,0.6,37.853926,-80.484563,registry_stand_in
81,613,St. Jude Children's Research Hospital,0,Memphis,TN,38015,Tipton,47167,12355,24893,331,0,1,zip,0.5,35.559364,-89.824229,registry_stand_in
82,194,USOR - Arizona Oncology Associates - Sedona,0,Sedona,AZ,86336,Yavapai,04025,11766,91385,64,1,1,zip,2.6,34.878547,-111.858031,registry_stand_in
83,85,Russell Medical,0,Alexander City,AL,35010,Tallapoosa,01123,11455,169981,216,0,1,zip,0.4,32.916719,-85.940589,registry_stand_in
84,877,"Saint Bernards Medical Center,4000 Linwood Drive",0,Paragould,AR,72450,Greene,05055,11396,11396,86,0,1,zip,1.1,36.079547,-90.51644,registry_stand_in
85,878,St. Bernard's Medical Center,0,Paragould,AR,72450,Greene,05055,11396,11396,86,0,1,zip,1.1,36.079547,-90.51644,registry_stand_in
86,311,Barnum Medical Research,0,Natchitoches,LA,71457,Natchitoches,22069,11090,60295,79,0,1,zip,0.4,31.739201,-93.091426,registry_stand_in
87,888,568-A,0,Safford,AZ,85546,Graham,04009,10427,10427,10,0,1,zip,6.7,32.699939,-109.588569,registry_stand_in
88,889,568-B,0,Safford,AZ,85546,Graham,04009,10427,10427,10,0,1,zip,6.7,32.699939,-109.588569,registry_stand_in
89,890,568-C,0,Safford,AZ,85546,Graham,04009,10427,10427,10,0,1,zip,6.7,32.699939,-109.588569,registry_stand_in
90,891,568-D,0,Safford,AZ,85546,Graham,04009,10427,10427,10,0,1,zip,6.7,32.699939,-109.588569,registry_stand_in
91,892,568-E,0,Safford,AZ,85546,Graham,04009,10427,10427,10,0,1,zip,6.7,32.699939,-109.588569,registry_stand_in
92,516,Southwestern Vermont Medical Center,0,Bennington,VT,05201,Bennington,50003,9195,31701,355,0,4,zip,1.4,42.869216,-73.128532,registry_stand_in
93,547,Cheshire Medical Center,0,Keene,NH,03431,Cheshire,33005,9195,28140,319,0,1,zip,0.4,42.969069,-72.301965,registry_stand_in
94,554,Baystate Franklin Medical Center,0,Greenfield,MA,01301,Franklin,25011,9195,27563,400,0,1,zip,0.9,42.626761,-72.60153,registry_stand_in
95,499,Rheumatology and Pulmonary Clinic,0,Beckley,WV,25801,Raleigh,54081,9177,33677,109,0,1,zip,1.2,37.840601,-81.270723,registry_stand_in
96,808,942-G,0,Liberal,KS,67901,Seward,20175,9069,14942,20,0,2,zip,2.1,37.097866,-100.895222,registry_stand_in
97,809,Southwest Medical Center,0,Liberal,KS,67901,Seward,20175,9069,14942,20,0,1,zip,2.1,37.097866,-100.895222,registry_stand_in
98,175,The Arthritis and Diabetes Clinic,0,Monroe,LA,71203,Ouachita,22073,8741,101433,105,5,1,zip,1.5,32.581991,-92.018572,registry_stand_in
99,176,"The Arthritis & Diabetes Clinic, Inc.",0,Monroe,LA,71203,Ouachita,22073,8741,101433,105,5,2,zip,1.5,32.581991,-92.018572,registry_stand_in
100,313,Mercy Medical Center - North Iowa,0,Mason City,IA,50401,Cerro Gordo,19033,8425,58382,63,0,1,zip,0.1,43.154082,-93.199836,registry_stand_in
101,797,CARTI Stuttgart,0,Stuttgart,AR,72160,Arkansas,05001,8144,15682,81,0,1,zip,2.5,34.442806,-91.529738,registry_stand_in
102,827,Freeport Memorial Hospital/Leonard C Ferguson Cancer Center,0,Freeport,IL,61032,Stephenson,17177,7975,13673,210,0,4,zip,0.2,42.318865,-89.636977,registry_stand_in
103,469,Commonwealth Cancer Center - Frankfort,0,Danville,KY,40422,Boyle,21021,7608,37446,301,0,1,zip,0.3,37.644519,-84.806497,registry_stand_in
104,470,Commonwealth Hematology,0,Danville,KY,40422,Boyle,21021,7608,37446,301,0,1,zip,0.3,37.644519,-84.806497,registry_stand_in
105,471,"Commonwealth Hematology-Oncology, PSC",0,Danville,KY,40422,Boyle,21021,7608,37446,301,0,1,zip,0.3,37.644519,-84.806497,registry_stand_in
106,964,Cancer And Blood Spclsts of AZ,0,Casa Grande,AZ,85122,Pinal,04021,7476,7476,782,4,1,zip,0.6,32.916724,-111.747972,registry_stand_in
107,723,Aclaris Investigational Site,1,Plainfield,IN,46168,Hendricks,18063,5840,19124,579,6,1,zip,1.0,39.68999,-86.392709,registry_stand_in
108,724,Cohort 2: The Indiana Clinical Trials Center,0,Plainfield,IN,46168,Hendricks,18063,5840,19124,579,6,1,zip,1.0,39.68999,-86.392709,registry_stand_in
109,725,The Indiana Clinical Trials Center,0,Plainfield,IN,46168,Hendricks,18063,5840,19124,579,6,3,zip,1.0,39.68999,-86.392709,registry_stand_in
110,726,"The Indiana Clinical Trials Center, PC",0,Plainfield,IN,46168,Hendricks,18063,5840,19124,579,6,7,zip,1.0,39.68999,-86.392709,registry_stand_in
111,951,Oklahoma University,0,Norman,OK,73019,Cleveland,40027,5538,7838,450,1,1,zip,0.2,35.205661,-97.442738,registry_stand_in
112,952,University of Oklahoma,0,Norman,OK,73019,Cleveland,40027,5538,7838,450,1,1,zip,0.2,35.205661,-97.442738,registry_stand_in
113,614,786-A,0,Cartersville,GA,30121,Bartow,13015,5296,24871,1225,0,1,zip,0.3,34.211854,-84.77693,registry_stand_in
114,615,835-A,0,Cartersville,GA,30121,Bartow,13015,5296,24871,1225,0,1,zip,0.3,34.211854,-84.77693,registry_stand_in
115,616,835 - C,0,Cartersville,GA,30121,Bartow,13015,5296,24871,1225,0,1,zip,0.3,34.211854,-84.77693,registry_stand_in
116,617,"Northwest Georgia Oncology Centers, a Service of WellStar Cobb Hospital",0,Cartersville,GA,30121,Bartow,13015,5296,24871,1225,0,2,zip,0.3,34.211854,-84.77693,registry_stand_in
117,618,"Northwest Georgia Oncology Northwest Georgia Oncology Centers, PCCenters, PC,100 Market Place Blvd",0,Cartersville,GA,30121,Bartow,13015,5296,24871,1225,0,1,zip,0.3,34.211854,-84.77693,registry_stand_in
118,183,Epic Medical Research - Monroe,0,Monroe,LA,71201,Ouachita,22073,5134,97826,100,5,1,zip,1.0,32.539557,-92.106941,registry_stand_in
119,777,Lallie Kemp Regional Medical Center,0,Independence,LA,70443,Tangipahoa,22105,4513,16598,323,2,1,zip,1.3,30.630554,-90.542882,registry_stand_in
120,1066,Seattle Cancer Care Alliance,0,Seattle,WA,98331,Jefferson,53031,4345,4345,4,2,1,zip,12.3,47.745828,-124.180639,registry_stand_in
121,883,FMC Science,0,Lampasas,TX,76550,Lampasas,48281,4065,10973,196,0,3,zip,1.1,31.102626,-98.259776,registry_stand_in
122,631,Skin & Allergy Center,0,Spring Hill,TN,37174,Maury,47119,4049,23861,388,0,1,zip,1.1,35.719255,-86.898188,registry_stand_in
123,997,Intend Research,0,Norman,OK,73069,Cleveland,40027,3902,6202,449,1,1,zip,0.7,35.252521,-97.464398,registry_stand_in
124,329,Cape Cod Healthcare Center,0,Hyannis,MA,02601,Barnstable,25001,3884,55538,331,0,1,zip,0.4,41.661161,-70.293197,registry_stand_in
125,330,Cape Cod Hospital,0,Hyannis,MA,02601,Barnstable,25001,3884,55538,331,0,3,zip,0.4,41.661161,-70.293197,registry_stand_in
126,126,Adriana Pop Moody MD Clinic PA,0,Corpus Christi,TX,78404,Nueces,48355,3804,146645,148,2,1,zip,1.0,27.767919,-97.399444,registry_stand_in
127,127,Christus Health Spohn Ministry,0,Corpus Christi,TX,78404,Nueces,48355,3804,146645,148,2,1,zip,1.0,27.767919,-97.399444,registry_stand_in
128,128,CHRISTUS Institute for Innovation & Advanced Clinical Care,0,Corpus Christi,TX,78404,Nueces,48355,3804,146645,148,2,1,zip,1.0,27.767919,-97.399444,registry_stand_in
129,129,CHRISTUS Spohn Cancer Center,0,Corpus Christi,TX,78404,Nueces,48355,3804,146645,148,2,1,zip,1.0,27.767919,-97.399444,registry_stand_in
130,130,CHRISTUS Spohn Cancer Center - Shoreline,0,Corpus Christi,TX,78404,Nueces,48355,3804,146645,148,2,1,zip,1.0,27.767919,-97.399444,registry_stand_in
131,131,Coastal Bend Cancer Center,0,Corpus Christi,TX,78404,Nueces,48355,3804,146645,148,2,2,zip,1.0,27.767919,-97.399444,registry_stand_in
132,132,Ra0098 128,0,Corpus Christi,TX,78404,Nueces,48355,3804,146645,148,2,1,zip,1.0,27.767919,-97.399444,registry_stand_in
133,839,Texas Oncology P A,0,Austin,TX,78121,Wilson,48493,3731,12996,487,0,1,zip,0.9,29.351052,-98.088866,registry_stand_in
134,96,SUN-131-03 Investigational Site,1,Florence,SC,29501,Florence,45041,3607,150897,190,3,1,zip,1.2,34.204581,-79.82697,registry_stand_in
135,727,Medical University of South Carolina,0,Charleston,SC,29435,Colleton,45029,3600,18718,227,0,1,zip,1.4,32.953108,-80.466101,registry_stand_in
136,173,"Arizona Oncology Associates, PC - HAL",0,Prescott Valley,AZ,86314,Yavapai,04025,3592,101449,61,1,1,zip,2.8,34.598251,-112.33074,registry_stand_in
137,174,"Arizona Oncology Associates, PC - NAHOA Prescott Valley",0,Prescott Valley,AZ,86314,Yavapai,04025,3592,101449,61,1,1,zip,2.8,34.598251,-112.33074,registry_stand_in
138,1031,SSM Health Dean Medical Group - Baraboo,0,Baraboo,WI,53913,Sauk,55111,3572,5173,195,0,2,zip,1.3,43.492773,-89.72873,registry_stand_in
139,243,Appalachian Regional Healthcare,0,Hazard,KY,41701,Perry,21193,3523,74497,88,0,1,zip,0.4,37.295501,-83.182614,registry_stand_in
140,244,Kentucky Cancer Clinic,0,Hazard,KY,41701,Perry,21193,3523,74497,88,0,1,zip,0.4,37.295501,-83.182614,registry_stand_in
141,728,Cancer Center of Kansas - Fort Scott,0,Fort Scott,KS,66701,Bourbon,20011,3456,18603,52,0,15,zip,2.4,37.829814,-94.758937,registry_stand_in
142,804,Riverside Shore Cancer Center,0,Onancock,VA,23417,Accomack,51001,3388,15088,36,0,4,zip,1.9,37.732134,-75.761995,registry_stand_in
143,846,SUN-131-03 Investigational Site,1,Exmore,VA,23350,Northampton,51131,3388,12614,189,0,1,zip,1.5,37.512705,-75.862593,registry_stand_in
144,930,786-B,0,Hiram,GA,30141,Paulding,13223,3344,8697,1380,0,1,zip,0.6,33.860444,-84.769846,registry_stand_in
145,931,"Northwest Georgia Oncology Centers, a Service of WellStar Cobb Hospital",0,Hiram,GA,30141,Paulding,13223,3344,8697,1380,0,1,zip,0.6,33.860444,-84.769846,registry_stand_in
146,932,WellStar Paulding Hospital,0,Hiram,GA,30141,Paulding,13223,3344,8697,1380,0,1,zip,0.6,33.860444,-84.769846,registry_stand_in
147,72,GCS/Macon,0,Macon,GA,31217,Jones,13169,3254,184818,199,0,1,zip,0.9,32.844147,-83.500044,registry_stand_in
148,73,Georgia Cancer Specialists - Macon,0,Macon,GA,31217,Jones,13169,3254,184818,199,0,1,zip,0.9,32.844147,-83.500044,registry_stand_in
149,74,"Northside Hospital,308 Coliseum Dr.",0,Macon,GA,31217,Jones,13169,3254,184818,199,0,2,zip,0.9,32.844147,-83.500044,registry_stand_in
150,75,"Northside Hospital, Inc. - GCS/Macon",0,Macon,GA,31217,Jones,13169,3254,184818,199,0,2,zip,0.9,32.844147,-83.500044,registry_stand_in
151,1034,Mayo Clinic Health System-Franciscan Healthcare,0,Sparta,WI,54656,Monroe,55081,2995,4955,82,0,1,zip,1.7,43.990087,-90.80319,registry_stand_in
152,882,Newman Regional Health,0,Emporia,KS,66801,Lyon,20111,2919,11026,73,0,2,zip,0.1,38.411743,-96.223507,registry_stand_in
153,1061,Dartmouth Cancer Center - Nashua,0,Nashua,NH,03063,Hillsborough,33011,2780,4396,1337,13,15,zip,0.4,42.7821,-71.518366,registry_stand_in
154,1062,Norris Cotton Cancer Center-Nashua,0,Nashua,NH,03063,Hillsborough,33011,2780,4396,1337,13,4,zip,0.4,42.7821,-71.518366,registry_stand_in
155,1063,Saint Joseph Hospital,0,Nashua,NH,03060,Hillsborough,33011,2780,4396,1390,13,2,zip,0.4,42.741087,-71.458266,registry_stand_in
156,1064,St. Joseph Hospital,0,Nashua,NH,03060,Hillsborough,33011,2780,4396,1390,13,1,zip,0.4,42.741087,-71.458266,registry_stand_in
157,331,Olympic Medical Center,0,Port Angeles,WA,98362,Clallam,53009,2721,55276,39,0,1,zip,4.6,48.030261,-123.329376,registry_stand_in
158,442,WMCHealth Heart and Vascular Institute Kingston Division of Cardiology,0,Kingston,NY,12401,Ulster,36111,2602,40273,419,0,1,zip,0.8,41.987541,-74.010273,registry_stand_in
159,533,Local Institution - Unk077,0,Rhinebeck,NY,12572,Dutchess,36027,2602,29757,384,7,1,zip,1.3,41.924885,-73.863664,registry_stand_in
160,744,Baystate Gynecologic Oncology,0,Springfield,MA,01107,Hampden,25013,2590,17860,788,15,1,zip,0.5,42.12106,-72.607068,registry_stand_in
161,990,786-D,0,Douglasville,GA,30134,Douglas,13097,2542,6250,1380,0,1,zip,1.9,33.77752,-84.78139,registry_stand_in
162,991,835-B,0,Douglasville,GA,30134,Douglas,13097,2542,6250,1380,0,1,zip,1.9,33.77752,-84.78139,registry_stand_in
163,992,835 - D,0,Douglasville,GA,30134,Douglas,13097,2542,6250,1380,0,1,zip,1.9,33.77752,-84.78139,registry_stand_in
164,993,"Northwest Georgia Oncology Centers, a Service of WellStar Cobb Hospital",0,Douglasville,GA,30134,Douglas,13097,2542,6250,1380,0,2,zip,1.9,33.77752,-84.78139,registry_stand_in
165,994,Northwest Georgia Oncology Centers PC,0,Douglasville,GA,30134,Douglas,13097,2542,6250,1380,0,1,zip,1.9,33.77752,-84.78139,registry_stand_in
166,299,Mount Nittany Medical Center,0,State College,PA,16803,Centre,42027,2531,61461,148,0,2,zip,0.2,40.808517,-77.894436,registry_stand_in
167,335,Endo,0,State College,PA,16801,Centre,42027,2531,54537,145,0,1,zip,0.2,40.78521,-77.842297,registry_stand_in
168,336,Geisinger Medical Group,0,State College,PA,16801,Centre,42027,2531,54537,145,0,32,zip,0.2,40.78521,-77.842297,registry_stand_in
169,88,Piedmont Columbus Regional Research Institute,0,Columbus,GA,31901,Muscogee,13215,2195,154853,210,4,1,zip,0.5,32.46435,-84.980144,registry_stand_in
170,782,MUSC Hollings Cancer Center,0,Charleston,SC,29485,Dorchester,45035,2146,16148,217,0,1,zip,0.5,32.933189,-80.207197,registry_stand_in
171,783,Palmetto Clinical Research,0,Summerville,SC,29485,Dorchester,45035,2146,16148,217,0,1,zip,0.5,32.933189,-80.207197,registry_stand_in
172,784,Summerville,1,Summerville,SC,29485,Dorchester,45035,2146,16148,217,0,2,zip,0.5,32.933189,-80.207197,registry_stand_in
173,159,Northwest Florida Clinical Research Group,0,Gulf Breeze,FL,32561,Escambia,12033,2131,114169,192,13,2,zip,1.9,30.340667,-87.116593,registry_stand_in
174,799,Rutland Regional Medical Center,0,Rutland,VT,05701,Rutland,50021,1876,15292,117,0,1,zip,2.2,43.624582,-72.910192,registry_stand_in
175,215,Graves Gilbert Clinic,0,Bowling Green,KY,42101,Warren,21227,1823,78172,117,1,2,zip,1.6,37.058097,-86.463061,registry_stand_in
176,216,Med Center Health,0,Bowling Green,KY,42101,Warren,21227,1823,78172,117,1,1,zip,1.6,37.058097,-86.463061,registry_stand_in
177,954,Morehead City,1,Morehead City,NC,28557,Carteret,37031,1701,7696,109,3,1,zip,1.0,34.737849,-76.750308,registry_stand_in
178,955,Site reference,1,Morehead City,NC,28557,Carteret,37031,1701,7696,109,3,1,zip,1.0,34.737849,-76.750308,registry_stand_in
179,956,Unified Women's Clinical Research - Morehead City,0,Morehead City,NC,28557,Carteret,37031,1701,7696,109,3,1,zip,1.0,34.737849,-76.750308,registry_stand_in
180,375,Cleaver Medical Group,0,Dawsonville,GA,30534,Dawson,13085,1512,45187,994,0,1,zip,0.9,34.4311,-84.144329,registry_stand_in
181,209,Adventist Health Cancer Care Center Chico,0,Chico,CA,95973,Butte,06007,1466,81718,74,8,3,zip,4.9,39.876526,-121.859642,registry_stand_in
182,506,Lycoming Internal Medicine Inc,0,Jersey Shore,PA,17740,Lycoming,42081,1458,33071,130,11,1,zip,1.6,41.235613,-77.256778,registry_stand_in
183,483,Low Country Research Center,0,Charleston,SC,29486,Berkeley,45015,1391,35212,226,0,1,zip,2.6,33.103211,-80.166653,registry_stand_in
184,484,"Low Country Rheumatology, PA",0,Summerville,SC,29486,Berkeley,45015,1391,35212,226,0,1,zip,2.6,33.103211,-80.166653,registry_stand_in
185,248,Norton Cancer Institute,0,Louisville,KY,40402,Jackson,21109,1373,72792,128,0,1,zip,1.3,37.291039,-83.976505,registry_stand_in
186,1147,UTMB Health Angleton Danbury Campus,0,Angleton,TX,77515,Brazoria,48039,1360,3404,1122,8,2,zip,0.7,29.173439,-95.451545,registry_stand_in
187,893,New York Oncology Hematology,0,Troy,NY,12180,Rensselaer,36083,1282,10388,400,0,1,zip,0.8,42.748588,-73.599536,registry_stand_in
188,894,Saint Marys Hospital-Troy,0,Troy,NY,12180,Rensselaer,36083,1282,10388,400,0,2,zip,0.8,42.748588,-73.599536,registry_stand_in
189,895,Samaritan Hospital Hildegard Medicus Cancer Center,0,Troy,NY,12180,Rensselaer,36083,1282,10388,400,0,1,zip,0.8,42.748588,-73.599536,registry_stand_in
190,1315,Ridgeland,1,Ridgeland,MS,39157,Madison,28089,1216,1216,178,0,1,zip,1.1,32.425376,-90.165592,registry_stand_in
191,65,Deaconess Clinic,0,Evansville,IN,47713,Vanderburgh,18163,1107,207332,196,1,1,zip,0.1,37.948531,-87.555472,registry_stand_in
192,66,Deaconess Clinic Downtown,0,Evansville,IN,47713,Vanderburgh,18163,1107,207332,196,1,18,zip,0.1,37.948531,-87.555472,registry_stand_in
193,70,Baptist Health Madisonville/Merle Mahr Cancer Center,0,Madisonville,KY,42431,Hopkins,21107,1107,191522,215,0,19,zip,0.5,37.33757,-87.475195,registry_stand_in
194,823,Danville Regional Medical Center,0,Danville,VA,24541,Pittsylvania,51143,1067,13956,292,0,2,zip,0.6,36.588812,-79.515049,registry_stand_in
195,851,Memorial Hospital Of Martinsville,0,Martinsville,VA,24115,Giles,51071,1067,12191,397,1,1,city,0.2,36.683527,-79.863647,registry_stand_in
196,852,Sovah Health Martinsville,0,Martinsville,VA,24112,Henry,51089,1067,12191,353,0,12,zip,1.2,36.72117,-79.846927,registry_stand_in
197,1053,The University of North Carolina,0,Chapel Hill,NC,27572,Person,37145,1067,4475,482,0,1,zip,3.2,36.255106,-78.877494,registry_stand_in
198,214,Forrest General Hospital / Cancer Center,0,Hattiesburg,MS,39404,Jones,28067,1065,78621,121,0,8,city,0.0,31.307305,-89.317434,registry_stand_in
199,1360,Grace Research LLC,0,Bossier City,LA,71111,Bossier,22015,992,992,162,0,1,zip,1.0,32.574458,-93.696292,registry_stand_in
200,235,926-C,0,Vero Beach,FL,32960,Indian River,12061,953,74511,294,0,1,zip,0.2,27.640722,-80.403592,registry_stand_in
201,236,926c,0,Vero Beach,FL,32960,Indian River,12061,953,74511,294,0,1,zip,0.2,27.640722,-80.403592,registry_stand_in
202,237,Clinical Trial Site,1,Vero Beach,FL,32960,Indian River,12061,953,74511,294,0,1,zip,0.2,27.640722,-80.403592,registry_stand_in
203,238,Florida Cancer Specialists,0,Vero Beach,FL,32960,Indian River,12061,953,74511,294,0,5,zip,0.2,27.640722,-80.403592,registry_stand_in
204,239,Florida Cancer Specialists - East,0,Vero Beach,FL,32960,Indian River,12061,953,74511,294,0,1,zip,0.2,27.640722,-80.403592,registry_stand_in
205,240,Florida Cancer Specialists & Research Institute - 3730 7th Terrace,0,Vero Beach,FL,32960,Indian River,12061,953,74511,294,0,1,zip,0.2,27.640722,-80.403592,registry_stand_in
206,241,Indian River Medical Center,0,Vero Beach,FL,32960,Indian River,12061,953,74511,294,0,4,zip,0.2,27.640722,-80.403592,registry_stand_in
207,242,"SCRI - Florida Cancer Specialists - West Palm Beach,3730 7th Terrace, Suite 101",0,Vero Beach,FL,32960,Indian River,12061,953,74511,294,0,1,zip,0.2,27.640722,-80.403592,registry_stand_in
208,887,Cleveland Clinic Florida,0,Port Saint Lucie,FL,34987,St. Lucie,12111,953,10497,330,10,1,zip,4.5,27.290285,-80.49712,registry_stand_in
209,780,Mercy Medical Center,0,Springfield,MA,01104,Hampden,25013,949,16219,783,15,38,zip,0.2,42.132772,-72.567411,registry_stand_in
210,781,"Sisu BHR, LLC",0,Springfield,MA,01103,Hampden,25013,949,16219,802,15,2,zip,0.5,42.104418,-72.59008,registry_stand_in
211,500,Baptist Health Richmond,0,Richmond,KY,40475,Madison,21151,936,33563,292,0,2,zip,0.2,37.76237,-84.304577,registry_stand_in
212,696,Coffeyville Regional Medical Center,0,Coffeyville,KS,67337,Montgomery,20125,873,21105,78,4,22,zip,0.9,37.053665,-95.598198,registry_stand_in
213,1209,CHI Health - St. Francis Medical Center,0,Grand Island,NE,68802,Buffalo,31019,849,2175,54,19,1,city,0.4,40.921352,-98.358559,registry_stand_in
214,286,CHI St Joseph Health Cancer Center,0,Bryan,TX,77802,Brazos,48041,741,65596,122,2,2,zip,0.3,30.660911,-96.322289,registry_stand_in
215,287,Saint Joseph Regional Cancer Center,0,Bryan,TX,77802,Brazos,48041,741,65596,122,2,86,zip,0.3,30.660911,-96.322289,registry_stand_in
216,288,St. Joseph Regional Cancer Center,0,Bryan,TX,77802,Brazos,48041,741,65596,122,2,1,zip,0.3,30.660911,-96.322289,registry_stand_in
217,168,Unified Womens Clin Research,0,Panama City,FL,32045,St. Johns,12109,512,112950,93,4,1,city,0.6,30.166271,-85.670191,registry_stand_in
218,981,Aqualane Clinical Research,0,Naples,FL,34105,Collier,12021,251,6951,276,3,3,zip,2.0,26.190046,-81.764777,registry_stand_in
219,762,Great Plains Regional Medical Center,0,North Platte,NE,69103,Lincoln,31111,181,16977,18,3,1,city,0.7,41.12496,-100.750359,registry_stand_in
220,1,"Austin Institute for Clinical Research, Inc.",0,Pflugerville,TX,78550,Cameron,48061,0,281807,337,7,2,zip,3.8,26.255724,-97.6635,registry_stand_in
221,2,Valley Cancer Associates,0,Harlingen,TX,78550,Cameron,48061,0,281807,337,7,4,zip,3.8,26.255724,-97.6635,registry_stand_in
222,4,Clearview Cancer Center,0,Huntsville,AL,35805,Madison,01089,0,274289,248,11,1,zip,0.8,34.707121,-86.621685,registry_stand_in
223,5,Clearview Cancer Institute (CCI,0,Huntsville,AL,35805,Madison,01089,0,274289,248,11,1,zip,0.8,34.707121,-86.621685,registry_stand_in
224,6,Clearview Cancer Institute - Huntsville,0,Huntsville,AL,35805,Madison,01089,0,274289,248,11,1,zip,0.8,34.707121,-86.621685,registry_stand_in
225,7,Lycera Investigational Site,1,Huntsville,AL,35805,Madison,01089,0,274289,248,11,1,zip,0.8,34.707121,-86.621685,registry_stand_in
226,8,Oncology Specialties: Clearview Cancer Institute,0,Huntsville,AL,35805,Madison,01089,0,274289,248,11,1,zip,0.8,34.707121,-86.621685,registry_stand_in
227,9,"Oncology Specialties, PC; Clearview Cancer Institute",0,Huntsville,AL,35805,Madison,01089,0,274289,248,11,1,zip,0.8,34.707121,-86.621685,registry_stand_in
228,10,exas Oncology--McAllen,0,Weslaco,TX,78596,Hidalgo,48215,0,272378,328,17,1,zip,0.9,26.097256,-97.999651,registry_stand_in
229,11,E Squared Research,0,Huntsville,AL,35801,Madison,01089,0,267809,244,11,1,zip,0.4,34.724611,-86.565541,registry_stand_in
230,12,Heart Center Research,0,Huntsville,AL,35801,Madison,01089,0,267809,244,11,1,zip,0.4,34.724611,-86.565541,registry_stand_in
231,13,Heart Center Research LLC,0,Huntsville,AL,35801,Madison,01089,0,267809,244,11,1,zip,0.4,34.724611,-86.565541,registry_stand_in
232,14,GSK Investigational Site,1,McAllen,TX,78503,Hidalgo,48215,0,267188,320,17,1,zip,0.3,26.162332,-98.248702,registry_stand_in
233,15,MorphoSys Research Site,1,McAllen,TX,78503,Hidalgo,48215,0,267188,320,17,1,zip,0.3,26.162332,-98.248702,registry_stand_in
234,16,Texas Oncology,0,McAllen,TX,78503,Hidalgo,48215,0,267188,320,17,2,zip,0.3,26.162332,-98.248702,registry_stand_in
235,17,Texas Oncology Cancer Care and Research Center,0,McAllen,TX,78503,Hidalgo,48215,0,267188,320,17,1,zip,0.3,26.162332,-98.248702,registry_stand_in
236,18,Texas Oncology - McAllen - 1132,0,McAllen,TX,78503,Hidalgo,48215,0,267188,320,17,1,zip,0.3,26.162332,-98.248702,registry_stand_in
237,19,Texas Oncology - McAllen South Second,0,McAllen,TX,78503,Hidalgo,48215,0,267188,320,17,1,zip,0.3,26.162332,-98.248702,registry_stand_in
238,20,Texas Oncology McAllen South Second Street,0,McAllen,TX,78503,Hidalgo,48215,0,267188,320,17,2,zip,0.3,26.162332,-98.248702,registry_stand_in
239,21,Texas Oncology (McAllen) - USOR,0,McAllen,TX,78503,Hidalgo,48215,0,267188,320,17,1,zip,0.3,26.162332,-98.248702,registry_stand_in
240,22,"Texas Oncology, P.A.",0,McAllen,TX,78503,Hidalgo,48215,0,267188,320,17,3,zip,0.3,26.162332,-98.248702,registry_stand_in
241,23,"Texas Oncology, P.A. - McAllen",0,McAllen,TX,78503,Hidalgo,48215,0,267188,320,17,1,zip,0.3,26.162332,-98.248702,registry_stand_in
242,24,"Texas Oncology, PA",0,McAllen,TX,78503,Hidalgo,48215,0,267188,320,17,1,zip,0.3,26.162332,-98.248702,registry_stand_in
243,25,Texas Oncology PA - McAllen,0,McAllen,TX,78503,Hidalgo,48215,0,267188,320,17,1,zip,0.3,26.162332,-98.248702,registry_stand_in
244,26,"Texas Oncology, PA- McAllen South 2nd Street",0,McAllen,TX,78503,Hidalgo,48215,0,267188,320,17,1,zip,0.3,26.162332,-98.248702,registry_stand_in
245,27,Texas Oncology- South Second Street,0,McAllen,TX,78503,Hidalgo,48215,0,267188,320,17,1,zip,0.3,26.162332,-98.248702,registry_stand_in
246,28,USO - Texas Oncology,0,McAllen,TX,78503,Hidalgo,48215,0,267188,320,17,1,zip,0.3,26.162332,-98.248702,registry_stand_in
247,29,USOR: Texas Oncology - McAllen South Second,0,McAllen,TX,78503,Hidalgo,48215,0,267188,320,17,1,zip,0.3,26.162332,-98.248702,registry_stand_in
248,30,Vannie Cook Children's Clinic,0,McAllen,TX,78503,Hidalgo,48215,0,267188,320,17,2,zip,0.3,26.162332,-98.248702,registry_stand_in
249,31,Endo,0,McAllen,TX,78501,Hidalgo,48215,0,264588,318,17,1,zip,0.2,26.215817,-98.239572,registry_stand_in
250,32,Endo Clinical Trial,0,McAllen,TX,78501,Hidalgo,48215,0,264588,318,17,2,zip,0.2,26.215817,-98.239572,registry_stand_in
251,33,Wellmont Medical Associates-Bristol,0,Bristol,VA,24201,Bristol,51520,0,263753,196,3,9,zip,0.3,36.610828,-82.169407,registry_stand_in
252,34,Wellmont Medical Associates-Oncology and Hematology,0,Bristol,VA,24201,Bristol,51520,0,263753,196,3,1,zip,0.3,36.610828,-82.169407,registry_stand_in
253,35,Wellmont Medical Associates Oncology & Hematology,0,Bristol,VA,24201,Bristol,51520,0,263753,196,3,1,zip,0.3,36.610828,-82.169407,registry_stand_in
254,36,Texas Oncology - McAllen,0,McAllen,TX,78053,Atascosa,48013,0,262580,316,0,1,city,0.4,26.224966,-98.246083,registry_stand_in
255,37,BRCR Global Texas,0,Edinburg,TX,78539,Hidalgo,48215,0,256098,307,17,1,zip,0.9,26.280689,-98.183295,registry_stand_in
256,38,DHR Research,0,Edinburg,TX,78539,Hidalgo,48215,0,256098,307,17,1,zip,0.9,26.280689,-98.183295,registry_stand_in
257,39,Doctors Hospital at Renaissance,0,Edinburg,TX,78539,Hidalgo,48215,0,256098,307,17,1,zip,0.9,26.280689,-98.183295,registry_stand_in
258,40,Holston Medical Group,0,Bristol,TN,37620,Sullivan,47163,0,253869,191,4,1,zip,0.4,36.549613,-82.09404,registry_stand_in
259,41,Wellmont Bristol Regional Medical Center,0,Bristol,TN,37620,Sullivan,47163,0,253869,191,4,4,zip,0.4,36.549613,-82.09404,registry_stand_in
260,42,Wellmont Medical Associates Oncology and Hematology-Bristol,0,Bristol,TN,37620,Sullivan,47163,0,253869,191,4,3,zip,0.4,36.549613,-82.09404,registry_stand_in
261,43,GSK Investigational Site,1,Kingsport,TN,37660,Sullivan,47163,0,250319,204,4,1,zip,0.5,36.52686,-82.571968,registry_stand_in
262,44,Holston Valley Hospital and Medical Center,0,Kingsport,TN,37660,Sullivan,47163,0,250319,204,4,1,zip,0.5,36.52686,-82.571968,registry_stand_in
263,45,Indian Path Community Hospital,0,Kingsport,TN,37660,Sullivan,47163,0,250319,204,4,1,zip,0.5,36.52686,-82.571968,registry_stand_in
264,46,Regional Cancer Center at Indian Path Community Hospital,0,Kingsport,TN,37660,Sullivan,47163,0,250319,204,4,5,zip,0.5,36.52686,-82.571968,registry_stand_in
265,47,Urology Associates of Kingsport,0,Kingsport,TN,37660,Sullivan,47163,0,250319,204,4,1,zip,0.5,36.52686,-82.571968,registry_stand_in
266,48,Wellmont Cancer Institute,0,Kingsport,TN,37660,Sullivan,47163,0,250319,204,4,2,zip,0.5,36.52686,-82.571968,registry_stand_in
267,49,MUSC Hollings Cancer Center,0,Charleston,SC,29020,Kershaw,45055,0,249862,348,0,1,zip,1.8,34.313938,-80.573806,registry_stand_in
268,50,Wellmont Cancer Institute,0,Johnson City,TN,37601,Washington,47179,0,248007,201,3,1,zip,0.8,36.33825,-82.318084,registry_stand_in
269,51,Ballad Health,0,Johnson City,TN,37604,Washington,47179,0,244617,206,3,1,zip,0.2,36.299242,-82.383044,registry_stand_in
270,52,Johnson City Medical Center,0,Johnson City,TN,37604,Washington,47179,0,244617,206,3,1,zip,0.2,36.299242,-82.383044,registry_stand_in
271,53,Wellmont Medical Associates Oncology and Hematology-Johnson City,0,Johnson City,TN,37604,Washington,47179,0,244617,206,3,12,zip,0.2,36.299242,-82.383044,registry_stand_in
272,54,Central Recruiting Site,1,McAllen,TX,78504,Hidalgo,48215,0,240119,288,17,1,zip,2.6,26.277591,-98.237279,registry_stand_in
273,55,SUN-131-03 Investigational Site,1,Mission,TX,78572,Hidalgo,48215,0,237840,285,17,1,zip,1.2,26.201484,-98.357159,registry_stand_in
274,56,University of South Carolina,0,Columbia,SC,29205,Richland,45079,0,230644,330,3,1,zip,0.3,33.990015,-80.99663,registry_stand_in
275,57,Columbia,1,Columbia,SC,29201,Richland,45079,0,228853,338,3,3,zip,0.1,33.982478,-81.028094,registry_stand_in
276,58,Vista Clinical Research,0,Columbia,SC,29201,Richland,45079,0,228853,338,3,2,zip,0.1,33.982478,-81.028094,registry_stand_in
277,59,Watermark Counseling,0,Columbia,SC,29201,Richland,45079,0,228853,338,3,1,zip,0.1,33.982478,-81.028094,registry_stand_in
278,60,"University of South Carolina, College of Nursing",0,Columbia,SC,29208,Richland,45079,0,228217,340,3,1,zip,0.2,33.997515,-81.026796,registry_stand_in
279,61,West Columbia,1,West Columbia,SC,29169,Lexington,45063,0,227195,345,8,1,zip,0.1,33.997503,-81.097406,registry_stand_in
280,62,UH Cleveland Medical Center,0,Columbia,SC,29210,Richland,45079,0,221008,339,3,1,zip,0.5,34.045458,-81.110262,registry_stand_in
281,63,Prisma Health,0,Columbia,SC,29203,Richland,45079,0,218210,319,3,1,zip,0.9,34.100612,-81.040698,registry_stand_in
282,64,Prisma Health Neurology,0,Columbia,SC,29203,Richland,45079,0,218210,319,3,2,zip,0.9,34.100612,-81.040698,registry_stand_in
283,67,Chancellor Center for Oncology,0,Newburgh,IN,47630,Warrick,18173,0,207308,189,0,16,zip,1.4,37.952897,-87.34647,registry_stand_in
284,68,Deaconess Chancellor Center for Oncology - 1131,0,Newburgh,IN,47630,Warrick,18173,0,207308,189,0,1,zip,1.4,37.952897,-87.34647,registry_stand_in
285,69,Deaconess GI Specialty Center,0,Newburgh,IN,47630,Warrick,18173,0,207308,189,0,1,zip,1.4,37.952897,-87.34647,registry_stand_in
286,71,Fayetteville,1,Fayetteville,GA,31204,Bibb,13021,0,187001,254,7,1,zip,0.1,32.848511,-83.674745,registry_stand_in
287,76,Investigational,0,Crowley,LA,70526,Acadia,22001,0,184449,218,0,1,zip,0.4,30.210529,-92.378876,registry_stand_in
288,77,Central Georgia Gynecologic Oncology,0,Macon,GA,31201,Bibb,13021,0,184420,221,7,3,zip,1.0,32.806321,-83.61786,registry_stand_in
289,78,Medical Center of Central Georgia,0,Macon,GA,31201,Bibb,13021,0,184420,221,7,3,zip,1.0,32.806321,-83.61786,registry_stand_in
290,79,John D. Archbold Memorial Hospital,0,Thomasville,GA,31792,Thomas,13275,0,178475,186,4,2,zip,1.3,30.765554,-84.043154,registry_stand_in
291,80,John D Archbold Memorial Hospital John D. Archbold Mem Hosp (4,0,Thomasville,GA,31792,Thomas,13275,0,178475,186,4,1,zip,1.3,30.765554,-84.043154,registry_stand_in
292,81,Lewis Hall Singletary Oncology Center at John D. Archbold Memorial Hospital,0,Thomasville,GA,31792,Thomas,13275,0,178475,186,4,1,zip,1.3,30.765554,-84.043154,registry_stand_in
293,82,Site US10054,1,Thomasville,GA,31792,Thomas,13275,0,178475,186,4,1,zip,1.3,30.765554,-84.043154,registry_stand_in
294,83,Central Georgia Cancer Care PC,0,Macon,GA,31210,Bibb,13021,0,173320,266,7,1,zip,0.6,32.907633,-83.735052,registry_stand_in
295,87,Horizon Research Group of Opelousas LLC,0,Eunice,LA,70535,Acadia,22001,0,159613,193,0,1,zip,0.7,30.471149,-92.419836,registry_stand_in
296,89,Baptist Regional Cancer Network-Cancer Center of Southeast Texas,0,Port Arthur,TX,77642,Jefferson,48245,0,154567,179,9,2,zip,0.7,29.958022,-93.891921,registry_stand_in
297,90,CHRISTUS Saint Patrick Hospital,0,Lake Charles,LA,70601,Calcasieu,22019,0,153593,161,3,2,zip,0.2,30.226792,-93.215443,registry_stand_in
298,91,Clinical Trials of SWLA,0,Lake Charles,LA,70601,Calcasieu,22019,0,153593,161,3,1,zip,0.2,30.226792,-93.215443,registry_stand_in
299,92,Clinical Trials of Swla Llc,0,Lake Charles,LA,70601,Calcasieu,22019,0,153593,161,3,3,zip,0.2,30.226792,-93.215443,registry_stand_in
300,93,Site reference,1,Lake Charles,LA,70601,Calcasieu,22019,0,153593,161,3,1,zip,0.2,30.226792,-93.215443,registry_stand_in
301,95,Florida State University,0,Tallahassee,FL,32306,Leon,12073,0,151190,156,7,1,zip,0.2,30.442319,-84.294482,registry_stand_in
302,97,Centricity Research Cancer Center - DBA CRRI John B. Amos Cancer Center Research,0,Columbus,GA,31904,Muscogee,13215,0,150783,211,4,1,zip,0.3,32.554339,-85.009468,registry_stand_in
303,98,Centricity Research Columbus Cancer Center,0,Columbus,GA,31904,Muscogee,13215,0,150783,211,4,3,zip,0.3,32.554339,-85.009468,registry_stand_in
304,99,Columbus Regional Research Institute,0,Columbus,GA,31904,Muscogee,13215,0,150783,211,4,8,zip,0.3,32.554339,-85.009468,registry_stand_in
305,100,Galderma Investigational Site,1,Columbus,GA,31904,Muscogee,13215,0,150783,211,4,1,zip,0.3,32.554339,-85.009468,registry_stand_in
306,101,IACT Health - John B. Amos Cancer center,0,Columbus,GA,31904,Muscogee,13215,0,150783,211,4,2,zip,0.3,32.554339,-85.009468,registry_stand_in
307,102,John B. Amos Cancer Center / IACT Health,0,Columbus,GA,31904,Muscogee,13215,0,150783,211,4,1,zip,0.3,32.554339,-85.009468,registry_stand_in
308,103,John B. Amos Cancer Center Research,0,Columbus,GA,31904,Muscogee,13215,0,150783,211,4,1,zip,0.3,32.554339,-85.009468,registry_stand_in
309,104,Piedmont Columbus Regional - John B. Amos Cancer Center,0,Columbus,GA,31904,Muscogee,13215,0,150783,211,4,2,zip,0.3,32.554339,-85.009468,registry_stand_in
310,105,Site reference,1,Columbus,GA,31904,Muscogee,13215,0,150783,211,4,1,zip,0.3,32.554339,-85.009468,registry_stand_in
311,106,924,0,Tallahassee,FL,32308,Leon,12073,0,150503,154,7,1,zip,0.5,30.480911,-84.219746,registry_stand_in
312,107,924-A,0,Tallahassee,FL,32308,Leon,12073,0,150503,154,7,1,zip,0.5,30.480911,-84.219746,registry_stand_in
313,108,Advanced Urology Institute - Tallahassee (Solaris,0,Tallahassee,FL,32308,Leon,12073,0,150503,154,7,1,zip,0.5,30.480911,-84.219746,registry_stand_in
314,109,Florida Cancer Specialist Research Institute Panhandle,0,Tallahassee,FL,32308,Leon,12073,0,150503,154,7,1,zip,0.5,30.480911,-84.219746,registry_stand_in
315,110,Florida Cancer Specialists Pan,0,Tallahassee,FL,32308,Leon,12073,0,150503,154,7,3,zip,0.5,30.480911,-84.219746,registry_stand_in
316,111,Florida Cancer Specialists PAN - SCRI - PPDS,0,Tallahassee,FL,32308,Leon,12073,0,150503,154,7,2,zip,0.5,30.480911,-84.219746,registry_stand_in
317,112,Florida Cancer Specialists - Panhandle,0,Tallahassee,FL,32308,Leon,12073,0,150503,154,7,8,zip,0.5,30.480911,-84.219746,registry_stand_in
318,113,Florida Cancer Specialists Research Panhandle,0,Tallahassee,FL,32308,Leon,12073,0,150503,154,7,1,zip,0.5,30.480911,-84.219746,registry_stand_in
319,114,Florida Cancer Specialists-Sarasota-61670,0,Tallahassee,FL,32308,Leon,12073,0,150503,154,7,1,zip,0.5,30.480911,-84.219746,registry_stand_in
320,115,Sarah Cannon- FCS Panhandle,0,Tallahassee,FL,32308,Leon,12073,0,150503,154,7,1,zip,0.5,30.480911,-84.219746,registry_stand_in
321,116,Sarah Cannon Research Institute-Pan-Tallahassee (FCS Panhandle,0,Tallahassee,FL,32308,Leon,12073,0,150503,154,7,1,zip,0.5,30.480911,-84.219746,registry_stand_in
322,117,SCRI Florida Cancer Specialists PAN,0,Tallahassee,FL,32308,Leon,12073,0,150503,154,7,3,zip,0.5,30.480911,-84.219746,registry_stand_in
323,118,SCRI - Florida Cancer Specialists - Panhandle,0,Tallahassee,FL,32308,Leon,12073,0,150503,154,7,1,zip,0.5,30.480911,-84.219746,registry_stand_in
324,119,SCRI - Florida Cancer Specialists - Panhandle Research Office,0,Tallahassee,FL,32308,Leon,12073,0,150503,154,7,1,zip,0.5,30.480911,-84.219746,registry_stand_in
325,120,Tallahassee Memorial Cancer Center,0,Tallahassee,FL,32308,Leon,12073,0,150503,154,7,1,zip,0.5,30.480911,-84.219746,registry_stand_in
326,121,Tallahassee Memorial Healthcare Cancer Center,0,Tallahassee,FL,32308,Leon,12073,0,150503,154,7,1,zip,0.5,30.480911,-84.219746,registry_stand_in
327,122,Tallahassee Memorial Hospital,0,Tallahassee,FL,32308,Leon,12073,0,150503,154,7,2,zip,0.5,30.480911,-84.219746,registry_stand_in
328,123,Tallahassee Memorial Physician Partners - Cancer & Hematology Specialists,0,Tallahassee,FL,32308,Leon,12073,0,150503,154,7,1,zip,0.5,30.480911,-84.219746,registry_stand_in
329,124,Columbus,1,Columbus,GA,31909,Muscogee,13215,0,150318,209,4,1,zip,0.5,32.548807,-84.924106,registry_stand_in
330,125,Midtown OBGYN North,0,Columbus,GA,31909,Muscogee,13215,0,150318,209,4,1,zip,0.5,32.548807,-84.924106,registry_stand_in
331,133,Site reference,1,Corpus Christi,TX,78412,Nueces,48355,0,141108,143,2,1,zip,0.7,27.703573,-97.345045,registry_stand_in
332,134,"Choice Research, LLC",0,Dothan,AL,36303,Houston,01069,0,134035,121,4,3,zip,0.4,31.264692,-85.388814,registry_stand_in
333,135,Dothan Hematology and Oncology,0,Dothan,AL,36303,Houston,01069,0,134035,121,4,1,zip,0.4,31.264692,-85.388814,registry_stand_in
334,136,XCancer/Dothan Hematology & Oncology - 1114,0,Dothan,AL,36303,Houston,01069,0,134035,121,4,1,zip,0.4,31.264692,-85.388814,registry_stand_in
335,137,Oncology and Hematology Associates Of Southwest Virginia USOR,0,Norton,VA,24273,Wise,51195,0,129250,111,2,1,zip,2.3,36.964701,-82.66148,registry_stand_in
336,138,Southwest VA Regional Cancer Center,0,Norton,VA,24273,Wise,51195,0,129250,111,2,8,zip,2.3,36.964701,-82.66148,registry_stand_in
337,139,Southwest Virginia Regional Cancer Center,0,Norton,VA,24273,Wise,51195,0,129250,111,2,1,zip,2.3,36.964701,-82.66148,registry_stand_in
338,142,Baptist Hospitals of Southeast Texas,0,Beaumont,TX,77701,Jefferson,48245,0,127456,166,9,1,zip,0.1,30.073053,-94.105486,registry_stand_in
339,143,Baptist Hospitals of Southeast Texas Cancer Center,0,Beaumont,TX,77701,Jefferson,48245,0,127456,166,9,2,zip,0.1,30.073053,-94.105486,registry_stand_in
340,144,075,0,Beaumont,TX,77702,Jefferson,48245,0,126275,163,9,1,zip,0.6,30.086285,-94.128289,registry_stand_in
341,145,Beaumont,1,Beaumont,TX,77702,Jefferson,48245,0,126275,163,9,3,zip,0.6,30.086285,-94.128289,registry_stand_in
342,146,Site reference,1,Beaumont,TX,77702,Jefferson,48245,0,126275,163,9,1,zip,0.6,30.086285,-94.128289,registry_stand_in
343,147,Texas Oncology - Beaumont,0,Beaumont,TX,77702,Jefferson,48245,0,126275,163,9,3,zip,0.6,30.086285,-94.128289,registry_stand_in
344,148,Texas Oncology - Beaumont Mamie McFaddin Ward Cancer Center - US Oncology Research,0,Beaumont,TX,77702,Jefferson,48245,0,126275,163,9,1,zip,0.6,30.086285,-94.128289,registry_stand_in
345,149,"Texas Oncology, PA",0,Beaumont,TX,77702,Jefferson,48245,0,126275,163,9,1,zip,0.6,30.086285,-94.128289,registry_stand_in
346,150,MUSC Health Florence Medical Center,0,Florence,SC,29505,Florence,45041,0,125894,161,3,3,zip,1.7,34.130066,-79.688893,registry_stand_in
347,151,McLeod Center for Cancer Treatment and Research,0,Florence,SC,29506,Florence,45041,0,125162,203,3,1,zip,1.0,34.210452,-79.649896,registry_stand_in
348,152,SUN-131-03 Investigational Site,1,Albany,GA,31701,Dougherty,13095,0,124694,139,8,1,zip,0.2,31.573054,-84.154783,registry_stand_in
349,154,Cardiology Consultants,0,Pensacola,FL,32501,Escambia,12033,0,117605,224,13,1,zip,0.4,30.428781,-87.222515,registry_stand_in
350,155,877,0,Pensacola,FL,32503,Escambia,12033,0,116116,232,13,2,zip,0.3,30.459667,-87.213643,registry_stand_in
351,156,USO - Woodlands Medical Specialists,0,Pensacola,FL,32503,Escambia,12033,0,116116,232,13,1,zip,0.3,30.459667,-87.213643,registry_stand_in
352,157,"Woodlands Medical Specialists, P.A.",0,Pensacola,FL,32503,Escambia,12033,0,116116,232,13,1,zip,0.3,30.459667,-87.213643,registry_stand_in
353,158,"Woodlands Medical Specialists, PA",0,Pensacola,FL,32503,Escambia,12033,0,116116,232,13,9,zip,0.3,30.459667,-87.213643,registry_stand_in
354,160,Florida Cancer Affiliates,0,Panama City,FL,32405,Bay,12005,0,113687,92,1,1,zip,0.4,30.199378,-85.668605,registry_stand_in
355,161,Panama City,1,Panama City,FL,32405,Bay,12005,0,113687,92,1,2,zip,0.4,30.199378,-85.668605,registry_stand_in
356,162,Cookeville Regional Medical Center,0,Cookeville,TN,38501,Putnam,47141,0,113515,105,3,10,zip,1.2,36.226045,-85.533285,registry_stand_in
357,163,Tennessee Oncology - Cookeville Clinic,0,Cookeville,TN,38501,Putnam,47141,0,113515,105,3,1,zip,1.2,36.226045,-85.533285,registry_stand_in
358,164,Hematology Oncology Associates,0,Medford,OR,97504,Jackson,41029,0,112972,72,10,1,zip,3.3,42.328207,-122.797427,registry_stand_in
359,165,"Hematology Oncology Associates, PC",0,Medford,OR,97504,Jackson,41029,0,112972,72,10,1,zip,3.3,42.328207,-122.797427,registry_stand_in
360,166,"Hematology Oncology Consultants, Pc",0,Medford,OR,97504,Jackson,41029,0,112972,72,10,1,zip,3.3,42.328207,-122.797427,registry_stand_in
361,167,Providence Medford Medical Center,0,Medford,OR,97504,Jackson,41029,0,112972,72,10,1,zip,3.3,42.328207,-122.797427,registry_stand_in
362,169,Ascension Sacred Heart Health System,0,Pensacola,FL,32504,Escambia,12033,0,106982,217,13,1,zip,1.2,30.473121,-87.186316,registry_stand_in
363,170,Ascension Sacred Heart Medical Oncology,0,Pensacola,FL,32504,Escambia,12033,0,106982,217,13,1,zip,1.2,30.473121,-87.186316,registry_stand_in
364,171,Emerald Coast Neurology,0,Pensacola,FL,32504,Escambia,12033,0,106982,217,13,2,zip,1.2,30.473121,-87.186316,registry_stand_in
365,172,Nemours Childrens Clinic,0,Pensacola,FL,32504,Escambia,12033,0,106982,217,13,1,zip,1.2,30.473121,-87.186316,registry_stand_in
366,177,Arizona Oncology Associates,0,Prescott Valley,AZ,86301,Yavapai,04025,0,100192,60,1,2,zip,1.7,34.598081,-112.420156,registry_stand_in
367,178,Arizona Oncology Associates - NAHOA,0,Prescott,AZ,86301,Yavapai,04025,0,100192,60,1,1,zip,1.7,34.598081,-112.420156,registry_stand_in
368,179,"Arizona Oncology Associates, P.C. - HOPE",0,Prescott,AZ,86301,Yavapai,04025,0,100192,60,1,1,zip,1.7,34.598081,-112.420156,registry_stand_in
369,180,"Arizona Oncology Associates, PC - NAHOA",0,Prescott,AZ,86301,Yavapai,04025,0,100192,60,1,4,zip,1.7,34.598081,-112.420156,registry_stand_in
370,181,ArriVent Investigative Site,1,Prescott,AZ,86301,Yavapai,04025,0,100192,60,1,1,zip,1.7,34.598081,-112.420156,registry_stand_in
371,182,SUN-131-03 Investigational Site,1,Prescott,AZ,86301,Yavapai,04025,0,100192,60,1,1,zip,1.7,34.598081,-112.420156,registry_stand_in
372,184,928-M,0,Shelbyville,TN,37160,Bedford,47003,0,97764,352,6,1,zip,0.5,35.455746,-86.48479,registry_stand_in
373,185,Clinical Trial Site,1,Shelbyville,TN,37160,Bedford,47003,0,97764,352,6,1,zip,0.5,35.455746,-86.48479,registry_stand_in
374,186,Sarah Cannon and HCA Research Institute,0,Shelbyville,TN,37160,Bedford,47003,0,97764,352,6,1,zip,0.5,35.455746,-86.48479,registry_stand_in
375,187,"Tennessee Oncology, LLC",0,Shelbyville,TN,37160,Bedford,47003,0,97764,352,6,1,zip,0.5,35.455746,-86.48479,registry_stand_in
376,188,"Tennessee Oncology, PLLC",0,Shelbyville,TN,37160,Bedford,47003,0,97764,352,6,8,zip,0.5,35.455746,-86.48479,registry_stand_in
377,189,"Tennessee Oncology, PLLC,120 Frank Martin Road",0,Shelbyville,TN,37160,Bedford,47003,0,97764,352,6,2,zip,0.5,35.455746,-86.48479,registry_stand_in
378,190,Tennessee Oncology - SHELBYVILLE - SCRI - PPDS,0,Shelbyville,TN,37160,Bedford,47003,0,97764,352,6,1,zip,0.5,35.455746,-86.48479,registry_stand_in
379,191,University Health-Conway,0,Monroe,LA,71202,Ouachita,22073,0,96274,97,5,1,zip,0.3,32.399906,-92.05655,registry_stand_in
380,192,Alexandria Cardiology Clinic,0,Alexandria,LA,71301,Rapides,22079,0,92000,104,3,1,zip,0.1,31.274156,-92.467107,registry_stand_in
381,193,CHRISTUS St. Frances Cabrini Cancer Center,0,Alexandria,LA,71301,Rapides,22079,0,92000,104,3,1,zip,0.1,31.274156,-92.467107,registry_stand_in
382,195,GSK Investigational Site,1,Pikeville,KY,41501,Pike,21195,0,85518,96,1,1,zip,0.7,37.507592,-82.518773,registry_stand_in
383,196,Pikeville Hospital,0,Pikeville,KY,41501,Pike,21195,0,85518,96,1,1,zip,0.7,37.507592,-82.518773,registry_stand_in
384,197,"Pikeville Medical Center, Inc.",0,Pikeville,KY,41501,Pike,21195,0,85518,96,1,1,zip,0.7,37.507592,-82.518773,registry_stand_in
385,198,Pikeville Medical Center - Oncology/Hematology,0,Pikeville,KY,41501,Pike,21195,0,85518,96,1,1,zip,0.7,37.507592,-82.518773,registry_stand_in
386,199,"Equity Medical, LLC",0,Bowling Green,KY,42104,Warren,21227,0,85468,224,1,1,zip,1.7,36.876864,-86.45119,registry_stand_in
387,200,Central Recruiting Site,1,Lake Charles,LA,70605,Calcasieu,22019,0,84423,81,3,1,zip,1.6,30.129276,-93.273527,registry_stand_in
388,201,"Shondra L Smith, MD Dermatology & Advanced Aesthetics",0,Lake Charles,LA,70605,Calcasieu,22019,0,84423,81,3,1,zip,1.6,30.129276,-93.273527,registry_stand_in
389,202,554,0,Midland,TX,79701,Midland,48329,0,83738,91,4,1,zip,0.2,31.992446,-102.080985,registry_stand_in
390,203,554A,0,Midland,TX,79701,Midland,48329,0,83738,91,4,1,zip,0.2,31.992446,-102.080985,registry_stand_in
391,204,Texas Oncology Midland Allison Cancer Center,0,Midland,TX,79701,Midland,48329,0,83738,91,4,2,zip,0.2,31.992446,-102.080985,registry_stand_in
392,205,Mercy Health - Paducah,0,Paducah,KY,42003,McCracken,21145,0,82631,118,9,1,zip,0.7,37.004848,-88.577941,registry_stand_in
393,206,Oncology Associated Of Western Kentucky,0,Paducah,KY,42003,McCracken,21145,0,82631,118,9,1,zip,0.7,37.004848,-88.577941,registry_stand_in
394,207,"West Ky Hematology & Oncology Group, PSC",0,Paducah,KY,42003,McCracken,21145,0,82631,118,9,1,zip,0.7,37.004848,-88.577941,registry_stand_in
395,208,Enloe Regional Cancer Center,0,Chico,CA,95926,Butte,06007,0,82065,103,8,1,zip,0.4,39.74577,-121.843938,registry_stand_in
396,210,Feather River Cancer Center,0,Paradise,CA,95969,Butte,06007,0,79786,87,8,2,zip,5.8,39.720742,-121.638663,registry_stand_in
397,211,Piedmont Cancer Institute,0,Locust Grove,GA,30248,Henry,13151,0,79575,1190,3,1,zip,0.1,33.35046,-84.109119,registry_stand_in
398,212,Permian Research Foundation,0,Odessa,TX,79761,Ector,48135,0,79143,86,7,1,zip,0.2,31.855583,-102.348437,registry_stand_in
399,213,Texas Oncology Odessa-West Texas Cancer Center,0,Odessa,TX,79761,Ector,48135,0,79143,86,7,2,zip,0.2,31.855583,-102.348437,registry_stand_in
400,217,Forrest General Cancer Center,0,Hattiesburg,MS,39401,Forrest,28035,0,77556,125,18,1,zip,0.9,31.234112,-89.265885,registry_stand_in
401,218,Forrest General Hospital,0,Hattiesburg,MS,39401,Forrest,28035,0,77556,125,18,1,zip,0.9,31.234112,-89.265885,registry_stand_in
402,219,Forrest General Hospital Cancer Center,0,Hattiesburg,MS,39401,Forrest,28035,0,77556,125,18,2,zip,0.9,31.234112,-89.265885,registry_stand_in
403,220,Hattiesburg Clinic Hematology,0,Hattiesburg,MS,39401,Forrest,28035,0,77556,125,18,4,zip,0.9,31.234112,-89.265885,registry_stand_in
404,221,Hattiesburg Clinic - Hematology/Oncology Clinic,0,Hattiesburg,MS,39401,Forrest,28035,0,77556,125,18,10,zip,0.9,31.234112,-89.265885,registry_stand_in
405,222,Investigative Site US047,1,Hattiesburg,MS,39401,Forrest,28035,0,77556,125,18,1,zip,0.9,31.234112,-89.265885,registry_stand_in
406,223,MorphoSys Research Site,1,Hattiesburg,MS,39401,Forrest,28035,0,77556,125,18,1,zip,0.9,31.234112,-89.265885,registry_stand_in
407,246,SCRI - Nashville,0,Nashville,TN,37023,Stewart,47161,0,73632,149,1,1,zip,0.8,36.592456,-87.782744,registry_stand_in
408,247,Carolina Blood and Cancer Care Associates,0,Lancaster,SC,29720,Lancaster,45057,0,73544,629,1,1,zip,1.1,34.745312,-80.743312,registry_stand_in
409,249,Dixie Medical Center Regional Cancer Center,0,St. George,UT,84770,Washington,49053,0,72539,43,7,8,zip,1.1,37.13839,-113.629601,registry_stand_in
410,250,Southwest Regional Cancer Clinic,0,St. George,UT,84770,Washington,49053,0,72539,43,7,2,zip,1.1,37.13839,-113.629601,registry_stand_in
411,251,Dixie Medical Center,0,St. George,UT,84790,Washington,49053,0,72312,42,7,1,zip,2.8,37.046092,-113.557306,registry_stand_in
412,252,Dixie Regional Medical Center,0,St. George,UT,84790,Washington,49053,0,72312,42,7,1,zip,2.8,37.046092,-113.557306,registry_stand_in
413,253,Galderma Investigational Site,1,St. George,UT,84790,Washington,49053,0,72312,42,7,1,zip,2.8,37.046092,-113.557306,registry_stand_in
414,254,Intermountain Cancer Center,0,St. George,UT,84790,Washington,49053,0,72312,42,7,1,zip,2.8,37.046092,-113.557306,registry_stand_in
415,255,Intermountain Cancer Center- Saint George Cancer Center,0,St. George,UT,84790,Washington,49053,0,72312,42,7,1,zip,2.8,37.046092,-113.557306,registry_stand_in
416,256,Intermountain Healthcare,0,St. George,UT,84790,Washington,49053,0,72312,42,7,1,zip,2.8,37.046092,-113.557306,registry_stand_in
417,257,St. George Regional Hospital,0,St. George,UT,84790,Washington,49053,0,72312,42,7,1,zip,2.8,37.046092,-113.557306,registry_stand_in
418,258,St. George Regional Hospital Satellite,0,St. George,UT,84790,Washington,49053,0,72312,42,7,1,zip,2.8,37.046092,-113.557306,registry_stand_in
419,268,Cancer Care of Brevard,0,Palm Bay,FL,32901,Brevard,12009,0,70823,316,15,1,zip,0.1,28.079378,-80.622302,registry_stand_in
420,269,Florida Pain Institute,0,Merritt Island,FL,32935,Brevard,12009,0,70823,345,15,1,zip,0.7,28.145532,-80.649962,registry_stand_in
421,270,Hem-Onc Associates of the Treasure Coast,0,Port Saint Lucie,FL,32952,Brevard,12009,0,70823,433,15,1,zip,2.7,28.320397,-80.659178,registry_stand_in
422,271,Knight Neurology - Clinical Research,0,Rockledge,FL,32955,Brevard,12009,0,70823,527,15,1,zip,4.7,28.288759,-80.791442,registry_stand_in
423,272,Research-0,0,Palm Bay,FL,32909,Brevard,12009,0,70823,232,15,1,zip,7.0,27.899471,-80.659577,registry_stand_in
424,273,"USO-Cancer Care Center of Brevard, Inc.",0,Palm Bay,FL,32909,Brevard,12009,0,70823,232,15,1,zip,7.0,27.899471,-80.659577,registry_stand_in
425,274,USO - Cancer Care Centers of Brevard,0,Palm Bay,FL,32901,Brevard,12009,0,70823,316,15,1,zip,0.1,28.079378,-80.622302,registry_stand_in
426,275,"Oncova Clinical Research, Inc.",0,Saint Cloud,FL,34769,Osceola,12097,0,70823,746,12,3,zip,0.2,28.243666,-81.294191,registry_stand_in
427,276,Orlando Health Cancer Institute,0,Kissimmee,FL,34744,Osceola,12097,0,70823,803,12,1,zip,0.3,28.295842,-81.348621,registry_stand_in
428,277,Saint Cloud,1,Saint Cloud,FL,34769,Osceola,12097,0,70823,746,12,2,zip,0.2,28.243666,-81.294191,registry_stand_in
429,290,North Star Lodge,0,Yakima,WA,98902,Yakima,53077,0,62672,70,15,2,zip,2.2,46.598048,-120.534558,registry_stand_in
430,291,North Star Lodge Cancer Center,0,Yakima,WA,98902,Yakima,53077,0,62672,70,15,1,zip,2.2,46.598048,-120.534558,registry_stand_in
431,292,Virginia Mason Memorial- North Star Lodge Cancer Center,0,Yakima,WA,98902,Yakima,53077,0,62672,70,15,2,zip,2.2,46.598048,-120.534558,registry_stand_in
432,293,Yakima Valley Memorial Hosp,0,Yakima,WA,98902,Yakima,53077,0,62672,70,15,1,zip,2.2,46.598048,-120.534558,registry_stand_in
433,294,Yakima Valley Memorial Hospital,0,Yakima,WA,98902,Yakima,53077,0,62672,70,15,4,zip,2.2,46.598048,-120.534558,registry_stand_in
434,295,Yakima Valley Memorial Hospital/North Star,0,Yakima,WA,98902,Yakima,53077,0,62672,70,15,1,zip,2.2,46.598048,-120.534558,registry_stand_in
435,296,Yakima Valley Memorial Hospital/North Star Lodge,0,Yakima,WA,98902,Yakima,53077,0,62672,70,15,3,zip,2.2,46.598048,-120.534558,registry_stand_in
436,297,YVMH dba Virginia Mason Memorial/North Star Lodge Cancer Center,0,Yakima,WA,98902,Yakima,53077,0,62672,70,15,1,zip,2.2,46.598048,-120.534558,registry_stand_in
437,298,YVMH dba Vrigina Mason Memorial/North Star Lodge Cancer Center,0,Yakima,WA,98902,Yakima,53077,0,62672,70,15,1,zip,2.2,46.598048,-120.534558,registry_stand_in
438,300,Aclaris Investigational Site,1,College Station,TX,77845,Brazos,48041,0,61337,137,2,3,zip,0.7,30.5611,-96.275139,registry_stand_in
439,301,Almirall Investigational,0,College Station,TX,77845,Brazos,48041,0,61337,137,2,1,zip,0.7,30.5611,-96.275139,registry_stand_in
440,302,Galderma Investigational Site,1,College Station,TX,77845,Brazos,48041,0,61337,137,2,1,zip,0.7,30.5611,-96.275139,registry_stand_in
441,303,Investigational,0,College Station,TX,77845,Brazos,48041,0,61337,137,2,1,zip,0.7,30.5611,-96.275139,registry_stand_in
442,304,J&S Studies,0,College Station,TX,77845,Brazos,48041,0,61337,137,2,1,zip,0.7,30.5611,-96.275139,registry_stand_in
443,305,"J&S Studies, Inc.",0,College Station,TX,77845,Brazos,48041,0,61337,137,2,3,zip,0.7,30.5611,-96.275139,registry_stand_in
444,306,Monument Health,0,Rapid City,SD,57701,Pennington,46103,0,60566,41,14,1,zip,1.2,44.121777,-103.201222,registry_stand_in
445,307,Monument Health Clinical Research,0,Rapid City,SD,57701,Pennington,46103,0,60566,41,14,1,zip,1.2,44.121777,-103.201222,registry_stand_in
446,308,Monument Health Rapid City Hospital,0,Rapid City,SD,57701,Pennington,46103,0,60566,41,14,2,zip,1.2,44.121777,-103.201222,registry_stand_in
447,309,"Monument Health Rapid City Hospital, Inc.",0,Rapid City,SD,57701,Pennington,46103,0,60566,41,14,1,zip,1.2,44.121777,-103.201222,registry_stand_in
448,310,SUN-131-03 Investigational Site,1,Rapid City,SD,57701,Pennington,46103,0,60566,41,14,1,zip,1.2,44.121777,-103.201222,registry_stand_in
449,314,878-C,0,Paris,TX,75460,Lamar,48277,0,58021,73,4,1,zip,0.3,33.662129,-95.604973,registry_stand_in
450,315,Paris Regional Medical Center / US Oncology,0,Paris,TX,75460,Lamar,48277,0,58021,73,4,1,zip,0.3,33.662129,-95.604973,registry_stand_in
451,316,Texas Oncology PA - Paris,0,Paris,TX,75460,Lamar,48277,0,58021,73,4,1,zip,0.3,33.662129,-95.604973,registry_stand_in
452,319,801-G,0,Gallatin,TN,37066,Sumner,47165,0,56306,458,4,1,zip,0.6,36.398757,-86.45554,registry_stand_in
453,320,928-G,0,Gallatin,TN,37066,Sumner,47165,0,56306,458,4,1,zip,0.6,36.398757,-86.45554,registry_stand_in
454,321,Clinical Trial Site,1,Gallatin,TN,37066,Sumner,47165,0,56306,458,4,1,zip,0.6,36.398757,-86.45554,registry_stand_in
455,322,Sarah Cannon and HCA Research Institute,0,Gallatin,TN,37066,Sumner,47165,0,56306,458,4,1,zip,0.6,36.398757,-86.45554,registry_stand_in
456,323,"SCRI TO Nashville- Gallatin Tennessee Oncology, PLLC",0,Gallatin,TN,37066,Sumner,47165,0,56306,458,4,1,zip,0.6,36.398757,-86.45554,registry_stand_in
457,324,Tennessee Oncology - Gallatin Clinic,0,Gallatin,TN,37066,Sumner,47165,0,56306,458,4,1,zip,0.6,36.398757,-86.45554,registry_stand_in
458,325,Tennessee Oncology - GALLATIN - SCRI - PPDS,0,Gallatin,TN,37066,Sumner,47165,0,56306,458,4,1,zip,0.6,36.398757,-86.45554,registry_stand_in
459,326,"Tennessee Oncology, LLC",0,Gallatin,TN,37066,Sumner,47165,0,56306,458,4,1,zip,0.6,36.398757,-86.45554,registry_stand_in
460,327,"Tennessee Oncology, PLLC",0,Gallatin,TN,37066,Sumner,47165,0,56306,458,4,7,zip,0.6,36.398757,-86.45554,registry_stand_in
461,328,"Tennessee Oncology, PLLC,225 Big Station Camp Blvd",0,Gallatin,TN,37066,Sumner,47165,0,56306,458,4,2,zip,0.6,36.398757,-86.45554,registry_stand_in
462,337,Health Concepts,0,Rapid City,SD,57702,Pennington,46103,0,54238,36,14,2,zip,3.6,44.032012,-103.415359,registry_stand_in
463,338,"Institute of Clinical Research - Tennessee, LLC",0,Murfreesboro,TN,37130,Rutherford,47149,0,54021,442,7,1,zip,1.5,35.881689,-86.318747,registry_stand_in
464,339,International Clinical Research - Tennessee LLC,0,Murfreesboro,TN,37130,Rutherford,47149,0,54021,442,7,1,zip,1.5,35.881689,-86.318747,registry_stand_in
465,342,928-H,0,Lebanon,TN,37090,Wilson,47189,0,51786,442,6,1,zip,1.5,36.115439,-86.297637,registry_stand_in
466,343,Sarah Cannon and HCA Research Institute,0,Lebanon,TN,37090,Wilson,47189,0,51786,442,6,1,zip,1.5,36.115439,-86.297637,registry_stand_in
467,344,"SCRI TO Nashville- Lebanon Tennessee Oncology, PLLC",0,Lebanon,TN,37090,Wilson,47189,0,51786,442,6,1,zip,1.5,36.115439,-86.297637,registry_stand_in
468,345,Tennessee Oncology,0,Lebanon,TN,37090,Wilson,47189,0,51786,442,6,1,zip,1.5,36.115439,-86.297637,registry_stand_in
469,346,Tennessee Oncology - Lebanon Clinic,0,Lebanon,TN,37090,Wilson,47189,0,51786,442,6,1,zip,1.5,36.115439,-86.297637,registry_stand_in
470,347,Tennessee Oncology - LEBANON - SCRI - PPDS,0,Lebanon,TN,37090,Wilson,47189,0,51786,442,6,1,zip,1.5,36.115439,-86.297637,registry_stand_in
471,348,"Tennessee Oncology, LLC",0,Lebanon,TN,37090,Wilson,47189,0,51786,442,6,1,zip,1.5,36.115439,-86.297637,registry_stand_in
472,349,"Tennessee Oncology, PLLC",0,Lebanon,TN,37090,Wilson,47189,0,51786,442,6,4,zip,1.5,36.115439,-86.297637,registry_stand_in
473,350,"Tennessee Oncology, PLLC,103 Physicians Way",0,Lebanon,TN,37090,Wilson,47189,0,51786,442,6,2,zip,1.5,36.115439,-86.297637,registry_stand_in
474,351,Beth Israel Deaconess Hospital-Plymouth,0,Plymouth,MA,02360,Plymouth,25023,0,51654,1172,5,3,zip,1.1,41.882062,-70.631289,registry_stand_in
475,352,"Office of Donald S. Marks, M.D., P.C.",0,Plymouth,MA,02360,Plymouth,25023,0,51654,1172,5,2,zip,1.1,41.882062,-70.631289,registry_stand_in
476,353,Cape Fear Arthritis Care,0,Leland,NC,28451,Brunswick,37019,0,51487,170,2,2,zip,0.3,34.236096,-78.119072,registry_stand_in
477,354,Cape Fear Cancer Specialists-Leland,0,Leland,NC,28451,Brunswick,37019,0,51487,170,2,1,zip,0.3,34.236096,-78.119072,registry_stand_in
478,355,Cape Fear Cancer Specialists,0,Wilmington,NC,28401,New Hanover,37129,0,51487,199,8,1,zip,0.3,34.291985,-77.972365,registry_stand_in
479,356,Carolina Arthritis Associates,0,Wilmington,NC,28401,New Hanover,37129,0,51487,199,8,2,zip,0.3,34.291985,-77.972365,registry_stand_in
480,357,Endo,0,Wilmington,NC,28412,New Hanover,37129,0,51487,153,8,1,zip,1.4,34.136589,-77.920579,registry_stand_in
481,358,Galderma Investigational Site,1,Wilmington,NC,28405,New Hanover,37129,0,51487,188,8,1,zip,0.5,34.264179,-77.868315,registry_stand_in
482,359,GSK Investigational Site,1,Wilmington,NC,28401,New Hanover,37129,0,51487,199,8,1,zip,0.3,34.291985,-77.972365,registry_stand_in
483,360,New Hanover Regional Medical Center/Zimmer Cancer Center,0,Wilmington,NC,28401,New Hanover,37129,0,51487,199,8,1,zip,0.3,34.291985,-77.972365,registry_stand_in
484,361,"Novant Health Cancer Institute - Forsyth,2131 S. 17th Street",0,Wilmington,NC,28401,New Hanover,37129,0,51487,199,8,1,zip,0.3,34.291985,-77.972365,registry_stand_in
485,362,Wilmington Dermatology Center,0,Wilmington,NC,28405,New Hanover,37129,0,51487,188,8,1,zip,0.5,34.264179,-77.868315,registry_stand_in
486,363,"Cutis Wellness Dermatology & Dermapathology, PLLC",0,Laredo,TX,78041,Webb,48479,0,51191,70,5,1,zip,0.8,27.559571,-99.462957,registry_stand_in
487,364,Doctor's Hospital of Laredo,0,Laredo,TX,78041,Webb,48479,0,51191,70,5,7,zip,0.8,27.559571,-99.462957,registry_stand_in
488,365,"Envision Cancer Center, LLC",0,Laredo,TX,78041,Webb,48479,0,51191,70,5,1,zip,0.8,27.559571,-99.462957,registry_stand_in
489,366,Oncology and Hematology of South Texas - 1165,0,Laredo,TX,78041,Webb,48479,0,51191,70,5,1,zip,0.8,27.559571,-99.462957,registry_stand_in
490,367,"Oncology and Hematology of South Texas, PA",0,Laredo,TX,78041,Webb,48479,0,51191,70,5,1,zip,0.8,27.559571,-99.462957,registry_stand_in
491,368,PRiSMs Group,0,Laredo,TX,78041,Webb,48479,0,51191,70,5,1,zip,0.8,27.559571,-99.462957,registry_stand_in
492,369,Martha's Vineyard Hospital,0,Oak Bluffs,MA,02557,Dukes,25007,0,49456,243,0,1,zip,7.7,41.446403,-70.561761,registry_stand_in
493,370,"Altoona Center for Clinical Research, P.C.",0,Duncansville,PA,16635,Blair,42013,0,46804,191,12,1,zip,2.2,40.407743,-78.477386,registry_stand_in
494,371,Singing River Hospital,0,Pascagoula,MS,39581,Jackson,28059,0,46395,263,0,12,zip,1.5,30.350539,-88.493571,registry_stand_in
495,372,Fred Hutchinson Cancer Center Alliance Peninsula,0,Poulsbo,WA,98370,Kitsap,53035,0,45529,219,17,1,zip,0.3,47.754025,-122.626294,registry_stand_in
496,373,Harrison HealthPartners Hematology and Oncology-Poulsbo,0,Poulsbo,WA,98370,Kitsap,53035,0,45529,219,17,73,zip,0.3,47.754025,-122.626294,registry_stand_in
497,374,Peninsula Cancer Center,0,Poulsbo,WA,98370,Kitsap,53035,0,45529,219,17,7,zip,0.3,47.754025,-122.626294,registry_stand_in
498,376,Mayo Clinic Health System,0,Albert Lea,MN,56007,Freeborn,27047,0,45095,86,5,1,zip,0.5,43.660887,-93.324563,registry_stand_in
499,378,Central Washington Health Services Association d/b/a Confluence Health,0,Wenatchee,WA,98801,Chelan,53007,0,44620,35,3,2,zip,1.0,47.431512,-120.345038,registry_stand_in
500,379,MultiCare Regional Cancer Center - Gig Harbor,0,Auburn,WA,98801,Chelan,53007,0,44620,35,3,1,zip,1.0,47.431512,-120.345038,registry_stand_in
501,380,Site US10028,1,Wenatchee,WA,98801,Chelan,53007,0,44620,35,3,1,zip,1.0,47.431512,-120.345038,registry_stand_in
502,381,"Wenatchee Valley Clinic [Wenatchee, WA]",0,Wenatchee,WA,98801,Chelan,53007,0,44620,35,3,1,zip,1.0,47.431512,-120.345038,registry_stand_in
503,382,Wenatchee Valley Hospital,0,Wenatchee,WA,98801,Chelan,53007,0,44620,35,3,2,zip,1.0,47.431512,-120.345038,registry_stand_in
504,383,Wenatchee Valley Hospital & Clinics,0,Wenatchee,WA,98801,Chelan,53007,0,44620,35,3,2,zip,1.0,47.431512,-120.345038,registry_stand_in
505,384,Wenatchee Valley Hospital & Clinics - ATTN: Jay Johnson,0,Wenatchee,WA,98801,Chelan,53007,0,44620,35,3,1,zip,1.0,47.431512,-120.345038,registry_stand_in
506,385,Wenatchee Valley Medical Center Oncology,0,Wenatchee,WA,98801,Chelan,53007,0,44620,35,3,1,zip,1.0,47.431512,-120.345038,registry_stand_in
507,386,Endo,0,Altoona,PA,16602,Blair,42013,0,44487,194,12,1,zip,0.3,40.484994,-78.397114,registry_stand_in
508,387,UPMC Hillman Cancer Center - Altoona,0,Altoona,PA,16601,Blair,42013,0,44487,178,12,1,zip,1.3,40.552519,-78.372994,registry_stand_in
509,388,Basset Medical Center,0,Cooperstown,NY,13326,Otsego,36077,0,44369,168,3,1,zip,2.0,42.722511,-74.895371,registry_stand_in
510,389,Bassett Medical Center,0,Cooperstown,NY,13326,Otsego,36077,0,44369,168,3,1,zip,2.0,42.722511,-74.895371,registry_stand_in
511,390,Scotland Health Care System,0,Laurinburg,NC,28352,Scotland,37165,0,44346,280,0,3,zip,0.2,34.768395,-79.453559,registry_stand_in
512,391,Scotland Memorial Hospital,0,Laurinburg,NC,28352,Scotland,37165,0,44346,280,0,1,zip,0.2,34.768395,-79.453559,registry_stand_in
513,392,Scotland Memorial Hospital-Laurinburg Cancer Center,0,Laurinburg,NC,28352,Scotland,37165,0,44346,280,0,3,zip,0.2,34.768395,-79.453559,registry_stand_in
514,393,Novant Health Oncology Specialists-Wilkesboro,0,Wilkesboro,NC,28659,Wilkes,37193,0,43487,281,7,3,zip,0.7,36.215959,-81.148169,registry_stand_in
515,394,Southeast Regional Cancer Center,0,Lumberton,NC,28359,Robeson,37155,0,43268,258,0,1,zip,0.3,34.58685,-79.054744,registry_stand_in
516,395,Clinical Trial Site,1,Farmington,NM,87401,San Juan,35045,0,43159,40,7,1,zip,0.9,36.738158,-108.183294,registry_stand_in
517,396,Regeneron Research Site,1,Farmington,NM,87401,San Juan,35045,0,43159,40,7,1,zip,0.9,36.738158,-108.183294,registry_stand_in
518,397,"San Juan Oncology Associates, PC",0,Farmington,NM,87401,San Juan,35045,0,43159,40,7,2,zip,0.9,36.738158,-108.183294,registry_stand_in
519,398,Site reference,1,Hamlet,NC,28345,Richmond,37153,0,42662,273,0,1,zip,0.4,34.870288,-79.66564,registry_stand_in
520,399,Cancer Care of Western North Carolina,0,Asheville,NC,28801,Buncombe,37021,0,42358,289,12,2,zip,0.2,35.594539,-82.557972,registry_stand_in
521,400,Mission Hospital_ Cancer Care of Western North Carolina,0,Asheville,NC,28801,Buncombe,37021,0,42358,289,12,1,zip,0.2,35.594539,-82.557972,registry_stand_in
522,401,"Mission Hospital, Inc",0,Asheville,NC,28801,Buncombe,37021,0,42358,289,12,1,zip,0.2,35.594539,-82.557972,registry_stand_in
523,402,Mission Hospital Inc-Memorial Campus,0,Asheville,NC,28801,Buncombe,37021,0,42358,289,12,1,zip,0.2,35.594539,-82.557972,registry_stand_in
524,403,Mission Hospital - Memorial Campus,0,Asheville,NC,28801,Buncombe,37021,0,42358,289,12,2,zip,0.2,35.594539,-82.557972,registry_stand_in
525,404,554D,0,Wichita Falls,TX,76310,Archer,48009,0,42341,71,5,1,zip,2.2,33.805189,-98.528479,registry_stand_in
526,405,Texas Oncology P A 1,0,Wichita Falls,TX,76310,Archer,48009,0,42341,71,5,1,zip,2.2,33.805189,-98.528479,registry_stand_in
527,406,Texas Oncology - Wichita Falls,0,Wichita Falls,TX,76310,Archer,48009,0,42341,71,5,1,zip,2.2,33.805189,-98.528479,registry_stand_in
528,407,Texas Oncology-Wichita Falls Texoma Cancer Center,0,Wichita Falls,TX,76310,Archer,48009,0,42341,71,5,2,zip,2.2,33.805189,-98.528479,registry_stand_in
529,408,Texas Oncology-Wichital Falls Texoma Cancer Center,0,Wichita Falls,TX,76310,Archer,48009,0,42341,71,5,1,zip,2.2,33.805189,-98.528479,registry_stand_in
530,409,801-F,0,Murfreesboro,TN,37129,Rutherford,47149,0,42264,461,7,1,zip,1.0,35.929834,-86.450822,registry_stand_in
531,410,928-F,0,Murfreesboro,TN,37129,Rutherford,47149,0,42264,461,7,1,zip,1.0,35.929834,-86.450822,registry_stand_in
532,411,Clinical Trial Site,1,Murfreesboro,TN,37129,Rutherford,47149,0,42264,461,7,1,zip,1.0,35.929834,-86.450822,registry_stand_in
533,412,Sarah Cannon and HCA Research Institute,0,Murfreesboro,TN,37129,Rutherford,47149,0,42264,461,7,1,zip,1.0,35.929834,-86.450822,registry_stand_in
534,413,"Tennessee Oncology, LLC",0,Murfreesboro,TN,37129,Rutherford,47149,0,42264,461,7,1,zip,1.0,35.929834,-86.450822,registry_stand_in
535,414,Tennessee Oncology - Murfreesboro Clinic,0,Murfreesboro,TN,37129,Rutherford,47149,0,42264,461,7,1,zip,1.0,35.929834,-86.450822,registry_stand_in
536,415,Tennessee Oncology - MURFREESBORO - SCRI - PPDS,0,Murfreesboro,TN,37129,Rutherford,47149,0,42264,461,7,1,zip,1.0,35.929834,-86.450822,registry_stand_in
537,416,"Tennessee Oncology, PLLC",0,Murfreesboro,TN,37129,Rutherford,47149,0,42264,461,7,7,zip,1.0,35.929834,-86.450822,registry_stand_in
538,417,"Tennessee Oncology, PLLC,1840 Medical Center Parkway",0,Murfreesboro,TN,37129,Rutherford,47149,0,42264,461,7,2,zip,1.0,35.929834,-86.450822,registry_stand_in
539,423,USO - Texas Oncology,0,Fredericksburg,TX,78624,Gillespie,48171,0,41289,68,4,1,zip,0.8,30.291786,-98.870915,registry_stand_in
540,424,785,0,Denison,TX,75020,Grayson,48181,0,41111,274,12,1,zip,1.3,33.772722,-96.606962,registry_stand_in
541,425,MorphoSys Research Site,1,Denison,TX,75020,Grayson,48181,0,41111,274,12,1,zip,1.3,33.772722,-96.606962,registry_stand_in
542,426,Research-0,0,Denison,TX,75020,Grayson,48181,0,41111,274,12,1,zip,1.3,33.772722,-96.606962,registry_stand_in
543,427,Texas Oncology - Denison,0,Denison,TX,75020,Grayson,48181,0,41111,274,12,3,zip,1.3,33.772722,-96.606962,registry_stand_in
544,428,Texas Oncology - Denison - 1139,0,Denison,TX,75020,Grayson,48181,0,41111,274,12,1,zip,1.3,33.772722,-96.606962,registry_stand_in
545,429,Texas Oncology - Dension,0,Denison,TX,75020,Grayson,48181,0,41111,274,12,1,zip,1.3,33.772722,-96.606962,registry_stand_in
546,430,TxO - Denison Cancer Center,0,Denison,TX,75020,Grayson,48181,0,41111,274,12,1,zip,1.3,33.772722,-96.606962,registry_stand_in
547,431,USO - Texas Oncology,0,Denison,TX,75020,Grayson,48181,0,41111,274,12,1,zip,1.3,33.772722,-96.606962,registry_stand_in
548,432,Covenant Medical Center,0,Waterloo,IA,50702,Black Hawk,19013,0,40925,148,2,2,zip,0.1,42.461502,-92.313745,registry_stand_in
549,433,MercyOne Waterloo Cancer Center,0,Waterloo,IA,50702,Black Hawk,19013,0,40925,148,2,8,zip,0.1,42.461502,-92.313745,registry_stand_in
550,434,MercyOne Waterloo Medical Center,0,Waterloo,IA,50702,Black Hawk,19013,0,40925,148,2,1,zip,0.1,42.461502,-92.313745,registry_stand_in
551,435,137M,0,Hendersonville,TN,37075,Sumner,47165,0,40374,489,4,1,zip,0.3,36.339969,-86.607922,registry_stand_in
552,436,801-A,0,Hendersonville,TN,37075,Sumner,47165,0,40374,489,4,1,zip,0.3,36.339969,-86.607922,registry_stand_in
553,437,928-A,0,Hendersonville,TN,37075,Sumner,47165,0,40374,489,4,1,zip,0.3,36.339969,-86.607922,registry_stand_in
554,438,"SCRI TO Nashville- Hendersonville Tennessee Oncology, PLLC",0,Hendersonville,TN,37075,Sumner,47165,0,40374,489,4,1,zip,0.3,36.339969,-86.607922,registry_stand_in
555,439,"Tenessee Oncology, PLLC",0,Hendersonville,TN,37075,Sumner,47165,0,40374,489,4,1,zip,0.3,36.339969,-86.607922,registry_stand_in
556,440,Tennessee Oncology - Hendersonville Clinic,0,Hendersonville,TN,37075,Sumner,47165,0,40374,489,4,1,zip,0.3,36.339969,-86.607922,registry_stand_in
557,441,"Tennessee Oncology, PLLC,353 New Shackle Island Road",0,Hendersonville,TN,37075,Sumner,47165,0,40374,489,4,2,zip,0.3,36.339969,-86.607922,registry_stand_in
558,444,Caceres Specialized Gynecology,0,Kissimmee,FL,34741,Osceola,12097,0,39847,792,12,1,zip,0.7,28.306299,-81.426933,registry_stand_in
559,445,Florida Hospital Cancer Institute - Kissimmee,0,Kissimmee,FL,34741,Osceola,12097,0,39847,792,12,1,zip,0.7,28.306299,-81.426933,registry_stand_in
560,446,Kissimmee,1,Kissimmee,FL,34741,Osceola,12097,0,39847,792,12,2,zip,0.7,28.306299,-81.426933,registry_stand_in
561,447,Sanford Health,0,Worthington,MN,56187,Nobles,27105,0,39149,56,11,1,zip,0.2,43.62287,-95.583243,registry_stand_in
562,448,Sanford Worthington Medical Center,0,Worthington,MN,56187,Nobles,27105,0,39149,56,11,2,zip,0.2,43.62287,-95.583243,registry_stand_in
563,449,Site US10025,1,Newburgh,NY,12550,Orange,36071,0,38639,1366,3,1,zip,0.3,41.539574,-74.057223,registry_stand_in
564,450,Arrivent Investigative Site,1,Fairhaven,MA,02719,Bristol,25005,0,38515,924,2,1,zip,0.7,41.633667,-70.871362,registry_stand_in
565,451,Southcoast Center For Cancer,0,Fairhaven,MA,02719,Bristol,25005,0,38515,924,2,1,zip,0.7,41.633667,-70.871362,registry_stand_in
566,452,Southcoast Center for Cancer Care,0,Fairhaven,MA,02719,Bristol,25005,0,38515,924,2,1,zip,0.7,41.633667,-70.871362,registry_stand_in
567,453,Southcoast Health System,0,Fairhaven,MA,02719,Bristol,25005,0,38515,924,2,1,zip,0.7,41.633667,-70.871362,registry_stand_in
568,455,Christus Health - Christus St. Vincent Regional Medical Center,0,Santa Fe,NM,87505,Santa Fe,35049,0,38092,123,13,1,zip,2.8,35.619797,-105.866983,registry_stand_in
569,456,Christus Saint Vincent Regional Cancer Center,0,Santa Fe,NM,87505,Santa Fe,35049,0,38092,123,13,9,zip,2.8,35.619797,-105.866983,registry_stand_in
570,457,Christus St. Vincent's Regional Cancer Center,0,Santa Fe,NM,87505,Santa Fe,35049,0,38092,123,13,1,zip,2.8,35.619797,-105.866983,registry_stand_in
571,458,Processa Clinical Site,1,Santa Fe,NM,87505,Santa Fe,35049,0,38092,123,13,1,zip,2.8,35.619797,-105.866983,registry_stand_in
572,459,Quantum Santa Fe,0,Santa Fe,NM,87505,Santa Fe,35049,0,38092,123,13,4,zip,2.8,35.619797,-105.866983,registry_stand_in
573,460,Research-0,0,Sante Fe,NM,87505,Santa Fe,35049,0,38092,123,13,1,zip,2.8,35.619797,-105.866983,registry_stand_in
574,461,Saint Joseph Regional Medical Center,0,Lewiston,ID,83501,Nez Perce,16069,0,37977,34,1,1,zip,8.5,46.251696,-116.925017,registry_stand_in
575,462,Circuit Clinical,0,Middletown,NY,10941,Orange,36071,0,37805,874,3,1,zip,2.2,41.490413,-74.345272,registry_stand_in
576,463,Circuit Clinical /Crystal Run Healthcare LLP,0,Middletown,NY,10941,Orange,36071,0,37805,874,3,1,zip,2.2,41.490413,-74.345272,registry_stand_in
577,464,Crystal Run Healthcare,0,Middletown,NY,10941,Orange,36071,0,37805,874,3,2,zip,2.2,41.490413,-74.345272,registry_stand_in
578,465,Orange Regional Medical Center,0,Middletown,NY,10940,Orange,36071,0,37805,689,3,1,zip,2.2,41.446544,-74.478741,registry_stand_in
579,466,Mid Hudson Medical Research,0,New Windsor,NY,12553,Orange,36071,0,37636,2158,3,2,zip,0.4,41.460412,-74.071917,registry_stand_in
580,472,890,0,Sherman,TX,75090,Grayson,48181,0,37241,435,12,1,zip,1.4,33.604131,-96.550405,registry_stand_in
581,473,Texas Cancer Center - Sherman,0,Sherman,TX,75090,Grayson,48181,0,37241,435,12,1,zip,1.4,33.604131,-96.550405,registry_stand_in
582,474,"Texas Oncology, P.A.",0,Sherman,TX,75090,Grayson,48181,0,37241,435,12,1,zip,1.4,33.604131,-96.550405,registry_stand_in
583,475,"Texas Oncology, P.A. - Sherman",0,Sherman,TX,75090,Grayson,48181,0,37241,435,12,1,zip,1.4,33.604131,-96.550405,registry_stand_in
584,476,Texas Oncology-Sherman,0,Sherman,TX,75090,Grayson,48181,0,37241,435,12,2,zip,1.4,33.604131,-96.550405,registry_stand_in
585,479,928-I,0,Smyrna,TN,37167,Rutherford,47149,0,35358,460,7,1,zip,1.1,35.962828,-86.529684,registry_stand_in
586,480,"SCRI TO Nashville- Smyrna Tennessee Oncology, PLLC",0,Smyrna,TN,37167,Rutherford,47149,0,35358,460,7,1,zip,1.1,35.962828,-86.529684,registry_stand_in
587,481,"Tennessee Oncology, PLLC,300 Stonecrest Blvd",0,Smyrna,TN,37167,Rutherford,47149,0,35358,460,7,2,zip,1.1,35.962828,-86.529684,registry_stand_in
588,482,Tennessee Oncology - SMYRNA - SCRI - PPDS,0,Smyrna,TN,37167,Rutherford,47149,0,35358,460,7,1,zip,1.1,35.962828,-86.529684,registry_stand_in
589,485,Health Quest Medical Practice,0,Poughkeepsie,NY,12601,Dutchess,36027,0,35165,676,7,1,zip,0.4,41.707792,-73.910601,registry_stand_in
590,486,"Health Quest Medical Practice, Division of Gynecology/Oncology Gyno Dyson Cancer Center Vassar Brothers Medical Center",0,Poughkeepsie,NY,12601,Dutchess,36027,0,35165,676,7,1,zip,0.4,41.707792,-73.910601,registry_stand_in
591,487,Hudson Valley Cardiovascular Physicians PC,0,Poughkeepsie,NY,12601,Dutchess,36027,0,35165,676,7,1,zip,0.4,41.707792,-73.910601,registry_stand_in
592,488,Hudson Valley Hematology Oncology Associates,0,Poughkeepsie,NY,12601,Dutchess,36027,0,35165,676,7,1,zip,0.4,41.707792,-73.910601,registry_stand_in
593,489,"Hudson Valley Urology, PC",0,Poughkeepsie,NY,12601,Dutchess,36027,0,35165,676,7,1,zip,0.4,41.707792,-73.910601,registry_stand_in
594,490,Optum Medical Care - Poughkeepsie,0,Poughkeepsie,NY,12601,Dutchess,36027,0,35165,676,7,1,zip,0.4,41.707792,-73.910601,registry_stand_in
595,491,Poughkeepsie,1,Poughkeepsie,NY,12601,Dutchess,36027,0,35165,676,7,1,zip,0.4,41.707792,-73.910601,registry_stand_in
596,492,Site US10028,1,Poughkeepsie,NY,12601,Dutchess,36027,0,35165,676,7,1,zip,0.4,41.707792,-73.910601,registry_stand_in
597,493,Premier Medical Group of the Hudson Valley PC,0,Poughkeepsie,NY,12301,Schenectady,36093,0,35165,716,3,1,city,0.3,41.694595,-73.919869,registry_stand_in
598,494,Optum Medical Care - Fishkill Westage Campus,0,Fishkill,NY,12524,Dutchess,36027,0,34882,1765,7,1,zip,0.4,41.533367,-73.884911,registry_stand_in
599,495,Community Howard Oncology Center,0,Kokomo,IN,46902,Howard,18067,0,34114,556,0,1,zip,1.3,40.437275,-86.094553,registry_stand_in
600,496,Oncology and Hematology Associates of Southwest Virginia,0,Wytheville,VA,24382,Wythe,51197,0,33879,138,12,1,zip,0.6,36.95331,-81.110754,registry_stand_in
601,497,"Oncology and Hematology Associates of Southwest Virginia, Inc., DBA Blue Ridge Cancer Care",0,Wytheville,VA,24382,Wythe,51197,0,33879,138,12,3,zip,0.6,36.95331,-81.110754,registry_stand_in
602,498,"Oncology & Hematology Associates of Southwest Virginia, Inc. D.B.A Blue Ridge Cancer Care",0,Wytheville,VA,24382,Wythe,51197,0,33879,138,12,1,zip,0.6,36.95331,-81.110754,registry_stand_in
603,501,150,0,Lafayette,IN,47904,Tippecanoe,18157,0,33296,257,4,1,zip,0.5,40.438641,-86.875329,registry_stand_in
604,502,Arnett Cancer Center,0,Lafayette,IN,47904,Tippecanoe,18157,0,33296,257,4,1,zip,0.5,40.438641,-86.875329,registry_stand_in
605,503,"Indiana University Health Arnett, Inc.",0,Lafayette,IN,47904,Tippecanoe,18157,0,33296,257,4,1,zip,0.5,40.438641,-86.875329,registry_stand_in
606,504,IU Health Arnett Cancer Center,0,Lafayette,IN,47904,Tippecanoe,18157,0,33296,257,4,2,zip,0.5,40.438641,-86.875329,registry_stand_in
607,505,IU Health Arnett Hospital,0,Lafayette,IN,47904,Tippecanoe,18157,0,33296,257,4,1,zip,0.5,40.438641,-86.875329,registry_stand_in
608,511,Premier Medical Group of the Hudson Valley,0,Poughkeepsie,NY,12603,Dutchess,36027,0,31835,648,7,5,zip,0.5,41.675868,-73.864484,registry_stand_in
609,512,Premier Medical Group of the Hudson Valley PC,0,Poughkeepsie,NY,12603,Dutchess,36027,0,31835,648,7,4,zip,0.5,41.675868,-73.864484,registry_stand_in
610,513,CARTI Cancer Center Conway,0,Conway,AR,72034,Faulkner,05045,0,31805,215,1,1,zip,1.0,35.053787,-92.47871,registry_stand_in
611,514,CARTI Conway,0,Conway,AR,72034,Faulkner,05045,0,31805,215,1,1,zip,1.0,35.053787,-92.47871,registry_stand_in
612,515,GSK Investigational Site,1,Asheville,NC,28816,Buncombe,37021,0,31801,317,12,1,city,0.1,35.570972,-82.552725,registry_stand_in
613,517,Western Maryland Regional Medical Center,0,Cumberland,MD,21502,Allegany,24001,0,31633,108,13,7,zip,0.4,39.641477,-78.756088,registry_stand_in
614,518,569 - B,0,Lafayette,IN,47905,Tippecanoe,18157,0,31301,249,4,1,zip,0.7,40.421886,-86.763599,registry_stand_in
615,519,569 - C,0,Lafayette,IN,47905,Tippecanoe,18157,0,31301,249,4,1,zip,0.7,40.421886,-86.763599,registry_stand_in
616,520,Franciscan Health Lafayette East,0,Lafayette,IN,47905,Tippecanoe,18157,0,31301,249,4,2,zip,0.7,40.421886,-86.763599,registry_stand_in
617,521,Horizon Oncology Associates,0,Lafayette,IN,47905,Tippecanoe,18157,0,31301,249,4,1,zip,0.7,40.421886,-86.763599,registry_stand_in
618,522,Horizon Oncology Center,0,Lafayette,IN,47905,Tippecanoe,18157,0,31301,249,4,2,zip,0.7,40.421886,-86.763599,registry_stand_in
619,523,Horizon Oncology Research,0,Lafayette,IN,47905,Tippecanoe,18157,0,31301,249,4,2,zip,0.7,40.421886,-86.763599,registry_stand_in
620,524,"Horizon Oncology Research, 1345 Unity Place, Suite 365",0,Lafayette,IN,47905,Tippecanoe,18157,0,31301,249,4,1,zip,0.7,40.421886,-86.763599,registry_stand_in
621,525,"Horizon Oncology Research, INC",0,Lafayette,IN,47905,Tippecanoe,18157,0,31301,249,4,2,zip,0.7,40.421886,-86.763599,registry_stand_in
622,526,"Horizon Oncology Research, LLC.",0,Layfayette,IN,47905,Tippecanoe,18157,0,31301,249,4,2,zip,0.7,40.421886,-86.763599,registry_stand_in
623,527,Lafayette,1,Lafayette,IN,47905,Tippecanoe,18157,0,31301,249,4,1,zip,0.7,40.421886,-86.763599,registry_stand_in
624,528,USA002,0,Lafayette,IN,47905,Tippecanoe,18157,0,31301,249,4,1,zip,0.7,40.421886,-86.763599,registry_stand_in
625,529,Vanda Investigational Site,1,Lafayette,IN,47905,Tippecanoe,18157,0,31301,249,4,1,zip,0.7,40.421886,-86.763599,registry_stand_in
626,530,Verdi Oncology Research,0,Lafayette,IN,47905,Tippecanoe,18157,0,31301,249,4,1,zip,0.7,40.421886,-86.763599,registry_stand_in
627,531,Saint Peter's Community Hospital,0,Helena,MT,59601,Lewis and Clark,30049,0,30240,22,10,53,zip,3.1,46.53069,-112.199398,registry_stand_in
628,534,Parkway Cardiology Associates,0,Oak Ridge,TN,37830,Anderson,47001,0,29118,296,2,1,zip,2.2,35.966483,-84.290549,registry_stand_in
629,535,Thompson Oncology Group-Oak Ridge,0,Oak Ridge,TN,37830,Anderson,47001,0,29118,296,2,3,zip,2.2,35.966483,-84.290549,registry_stand_in
630,536,Hope Women's Cancer Centers,0,Asheville,NC,28806,Buncombe,37021,0,29108,273,12,1,zip,0.2,35.569645,-82.616787,registry_stand_in
631,537,Investigative Site,1,Asheville,NC,28806,Buncombe,37021,0,29108,273,12,1,zip,0.2,35.569645,-82.616787,registry_stand_in
632,538,Messino Cancer Center - Asheville,0,Asheville,NC,28806,Buncombe,37021,0,29108,273,12,1,zip,0.2,35.569645,-82.616787,registry_stand_in
633,549,Arthritis Center of North Georgia,0,Gainesville,GA,30501,Hall,13139,0,27711,1105,6,1,zip,0.1,34.319037,-83.814399,registry_stand_in
634,550,Northeast Georgia Medical Center,0,Gainesville,GA,30501,Hall,13139,0,27711,1105,6,7,zip,0.1,34.319037,-83.814399,registry_stand_in
635,551,Northeast Georgia Medical Center; Oncology Research Dept-5C,0,Gainesville,GA,30501,Hall,13139,0,27711,1105,6,1,zip,0.1,34.319037,-83.814399,registry_stand_in
636,552,Ra0098 127,0,Gainesville,GA,30501,Hall,13139,0,27711,1105,6,1,zip,0.1,34.319037,-83.814399,registry_stand_in
637,553,The Longstreet Clinic - Gainesville,0,Gainesville,GA,30501,Hall,13139,0,27711,1105,6,1,zip,0.1,34.319037,-83.814399,registry_stand_in
638,555,878-B,0,Palestine,TX,75801,Anderson,48001,0,27461,108,7,1,zip,3.0,31.741893,-95.551175,registry_stand_in
639,556,Arizona Arthritis and Rheumatology Research PLLC 3,0,Flagstaff,AZ,86001,Coconino,04005,0,27385,29,1,1,zip,1.1,35.357736,-111.771155,registry_stand_in
640,557,Cedar City Hospital,0,Cedar City,UT,84721,Iron,49021,0,26897,19,5,1,zip,4.3,37.768677,-113.133595,registry_stand_in
641,558,137A,0,Dickson,TN,37055,Dickson,47043,0,26826,373,3,1,zip,1.5,36.077209,-87.442803,registry_stand_in
642,559,137B,0,Dickson,TN,37055,Dickson,47043,0,26826,373,3,1,zip,1.5,36.077209,-87.442803,registry_stand_in
643,560,137C,0,Dickson,TN,37055,Dickson,47043,0,26826,373,3,1,zip,1.5,36.077209,-87.442803,registry_stand_in
644,561,137D,0,Dickson,TN,37055,Dickson,47043,0,26826,373,3,1,zip,1.5,36.077209,-87.442803,registry_stand_in
645,562,137E,0,Dickson,TN,37055,Dickson,47043,0,26826,373,3,1,zip,1.5,36.077209,-87.442803,registry_stand_in
646,563,137F,0,Dickson,TN,37055,Dickson,47043,0,26826,373,3,1,zip,1.5,36.077209,-87.442803,registry_stand_in
647,564,137G,0,Dickson,TN,37055,Dickson,47043,0,26826,373,3,1,zip,1.5,36.077209,-87.442803,registry_stand_in
648,565,137H,0,Dickson,TN,37055,Dickson,47043,0,26826,373,3,1,zip,1.5,36.077209,-87.442803,registry_stand_in
649,566,137I,0,Dickson,TN,37055,Dickson,47043,0,26826,373,3,1,zip,1.5,36.077209,-87.442803,registry_stand_in
650,567,137J,0,Dickson,TN,37055,Dickson,47043,0,26826,373,3,1,zip,1.5,36.077209,-87.442803,registry_stand_in
651,568,137K,0,Dickson,TN,37055,Dickson,47043,0,26826,373,3,1,zip,1.5,36.077209,-87.442803,registry_stand_in
652,569,137L,0,Dickson,TN,37055,Dickson,47043,0,26826,373,3,1,zip,1.5,36.077209,-87.442803,registry_stand_in
653,570,928-L,0,Dickson,TN,37055,Dickson,47043,0,26826,373,3,1,zip,1.5,36.077209,-87.442803,registry_stand_in
654,571,Clinical Trial Site,1,Dickson,TN,37055,Dickson,47043,0,26826,373,3,1,zip,1.5,36.077209,-87.442803,registry_stand_in
655,572,Sarah Cannon and HCA Research Institute,0,Dickson,TN,37055,Dickson,47043,0,26826,373,3,1,zip,1.5,36.077209,-87.442803,registry_stand_in
656,573,Tennessee Oncology - Dickson Clinic,0,Dickson,TN,37055,Dickson,47043,0,26826,373,3,1,zip,1.5,36.077209,-87.442803,registry_stand_in
657,574,Tennessee Oncology - DICKSON - SCRI - PPDS,0,Dickson,TN,37055,Dickson,47043,0,26826,373,3,1,zip,1.5,36.077209,-87.442803,registry_stand_in
658,575,"Tennessee Oncology, LLC",0,Dickson,TN,37055,Dickson,47043,0,26826,373,3,1,zip,1.5,36.077209,-87.442803,registry_stand_in
659,576,"Tennessee Oncology, PLLC",0,Dickson,TN,37055,Dickson,47043,0,26826,373,3,5,zip,1.5,36.077209,-87.442803,registry_stand_in
660,577,"Tennessee Oncology, PLLC,103 Natchez Park Drive",0,Dickson,TN,37055,Dickson,47043,0,26826,373,3,2,zip,1.5,36.077209,-87.442803,registry_stand_in
661,578,Broome Oncolgy,0,Binghamton,NY,13905,Broome,36007,0,26794,186,1,1,zip,2.0,42.170436,-75.943434,registry_stand_in
662,579,Broome Oncology - Binghamton,0,Binghamton,NY,13905,Broome,36007,0,26794,186,1,2,zip,2.0,42.170436,-75.943434,registry_stand_in
663,580,Our Lady of Lourdes,0,Binghamton,NY,13905,Broome,36007,0,26794,186,1,1,zip,2.0,42.170436,-75.943434,registry_stand_in
664,581,Mercy Medical Center,0,Merced,CA,95340,Merced,06047,0,26554,222,10,1,zip,3.1,37.340087,-120.406406,registry_stand_in
665,582,Logan Regional Hospital Satellite,0,Logan,UT,84341,Cache,49005,0,26351,112,4,1,zip,1.2,41.770678,-111.812392,registry_stand_in
666,583,Logan Regional Medical Center,0,Logan,UT,84341,Cache,49005,0,26351,112,4,1,zip,1.2,41.770678,-111.812392,registry_stand_in
667,584,Essentia Health St. Mary's Detroit Lakes,0,Detroit Lakes,MN,56501,Becker,27005,0,26085,87,16,1,zip,1.2,46.840111,-95.827361,registry_stand_in
668,585,Investigator,0,Lake City,FL,32055,Columbia,12023,0,25896,134,1,1,zip,0.6,30.270103,-82.62413,registry_stand_in
669,586,Lake City,1,Lake City,FL,32055,Columbia,12023,0,25896,134,1,1,zip,0.6,30.270103,-82.62413,registry_stand_in
670,587,"Multi-Speciality Research Associates, Inc.",0,Lake City,FL,32055,Columbia,12023,0,25896,134,1,1,zip,0.6,30.270103,-82.62413,registry_stand_in
671,588,Faxton-Saint Luke's Healthcare,0,Utica,NY,13502,Oneida,36065,0,25877,251,13,4,zip,2.4,43.141264,-75.154707,registry_stand_in
672,589,942-B,0,Chanute,KS,66720,Neosho,20133,0,25866,45,4,2,zip,2.4,37.648326,-95.457198,registry_stand_in
673,596,Aclaris Investigational Site,1,Hot Springs,AR,71913,Garland,05051,0,25469,142,8,2,zip,0.4,34.446001,-93.096602,registry_stand_in
674,597,Almirall Investigation,0,Hot Springs,AR,71913,Garland,05051,0,25469,142,8,1,zip,0.4,34.446001,-93.096602,registry_stand_in
675,598,Burke Pharmaceutical Research,0,Hot Springs,AR,71913,Garland,05051,0,25469,142,8,3,zip,0.4,34.446001,-93.096602,registry_stand_in
676,599,CHI Saint Vincent Cancer Center Hot Springs,0,Hot Springs,AR,71913,Garland,05051,0,25469,142,8,82,zip,0.4,34.446001,-93.096602,registry_stand_in
677,600,CHI St. Vincent Hot Springs,0,Hot Springs,AR,71913,Garland,05051,0,25469,142,8,2,zip,0.4,34.446001,-93.096602,registry_stand_in
678,601,Clinical Trial Site,1,Hot Springs,AR,71913,Garland,05051,0,25469,142,8,1,zip,0.4,34.446001,-93.096602,registry_stand_in
679,602,Dermatology Clinic of Arkansas,0,Hot Springs,AR,71913,Garland,05051,0,25469,142,8,1,zip,0.4,34.446001,-93.096602,registry_stand_in
680,603,Genesis Cancer and Blood,0,Hot Springs,AR,71913,Garland,05051,0,25469,142,8,1,zip,0.4,34.446001,-93.096602,registry_stand_in
681,604,Genesis Cancer and Blood Institute (SCRI,0,Hot Springs,AR,71913,Garland,05051,0,25469,142,8,1,zip,0.4,34.446001,-93.096602,registry_stand_in
682,605,Genesis Cancer Center,0,Hot Springs,AR,71913,Garland,05051,0,25469,142,8,7,zip,0.4,34.446001,-93.096602,registry_stand_in
683,606,Investigation,0,Hot Springs,AR,71913,Garland,05051,0,25469,142,8,1,zip,0.4,34.446001,-93.096602,registry_stand_in
684,607,Investigative SIte,1,Hot Springs,AR,71913,Garland,05051,0,25469,142,8,1,zip,0.4,34.446001,-93.096602,registry_stand_in
685,608,Mercy Cancer Center-Hot Springs,0,Hot Springs,AR,71913,Garland,05051,0,25469,142,8,1,zip,0.4,34.446001,-93.096602,registry_stand_in
686,609,Surgical Dermatology Group,0,Vestavia Hills,AL,35242,Shelby,01117,0,25402,406,1,1,zip,0.1,33.424611,-86.670867,registry_stand_in
687,610,Atlanta Cancer Care - Stockbridge,0,Stockbridge,GA,30281,Henry,13151,0,24984,1413,3,1,zip,1.2,33.556897,-84.195159,registry_stand_in
688,611,"Piedmont Cancer Institute - Atlanta,1240 Eagles Landing Pkwy",0,Stockbridge,GA,30281,Henry,13151,0,24984,1413,3,1,zip,1.2,33.556897,-84.195159,registry_stand_in
689,612,Piedmont Cancer Institute - Stockbridge Office,0,Stockbridge,GA,30281,Henry,13151,0,24984,1413,3,1,zip,1.2,33.556897,-84.195159,registry_stand_in
690,619,Southeastern Regional,0,Lumberton,NC,28358,Robeson,37155,0,24802,245,0,1,zip,1.2,34.607857,-78.934772,registry_stand_in
691,620,Southeastern Regional Medical Center,0,Lumberton,NC,28358,Robeson,37155,0,24802,245,0,3,zip,1.2,34.607857,-78.934772,registry_stand_in
692,621,UNC Health Southeastern,0,Lumberton,NC,28358,Robeson,37155,0,24802,245,0,1,zip,1.2,34.607857,-78.934772,registry_stand_in
693,622,Greenville Health System Cancer Institute-Laurens,0,Clinton,SC,29325,Laurens,45059,0,24789,407,0,2,zip,0.6,34.468182,-81.845225,registry_stand_in
694,623,Prisma Health Cancer Institute - Laurens,0,Clinton,SC,29325,Laurens,45059,0,24789,407,0,26,zip,0.6,34.468182,-81.845225,registry_stand_in
695,624,HIckory Dermatology Research Center,0,Hickory,NC,28602,Catawba,37035,0,24741,580,2,1,zip,0.1,35.673522,-81.382627,registry_stand_in
696,625,Tenesse Oncology - PLLC,0,Cleveland,TN,37311,Bradley,47011,0,24577,258,3,1,zip,2.2,35.104016,-84.920828,registry_stand_in
697,626,"Tennessee Oncology, PLLC",0,Cleveland,TN,37311,Bradley,47011,0,24577,258,3,3,zip,2.2,35.104016,-84.920828,registry_stand_in
698,627,Mary Bird Perkins Cancer Center - Houma,0,Houma,LA,70360,Terrebonne,22109,0,24198,242,1,4,zip,0.4,29.578671,-90.805402,registry_stand_in
699,628,Mary Bird Perkins Cancer Center/Terrebonne General Medical Center,0,Houma,LA,70360,Terrebonne,22109,0,24198,242,1,2,zip,0.4,29.578671,-90.805402,registry_stand_in
700,629,Oncology Center of The South Incorporated,0,Houma,LA,70360,Terrebonne,22109,0,24198,242,1,15,zip,0.4,29.578671,-90.805402,registry_stand_in
701,630,"Genesis Cancer and Blood Institute,1456 Higdon Ferry Road Suite B.",0,Hot Springs,AR,71914,Garland,05051,0,24124,161,8,1,city,0.5,34.489442,-93.050254,registry_stand_in
702,632,Arthritis And Osteoporosis Clinic,0,Waco,TX,76710,McLennan,48309,0,23730,160,9,1,zip,0.6,31.539723,-97.195009,registry_stand_in
703,633,AtlantiCare,0,Egg Harbor,NJ,08234,Atlantic,34001,0,23718,728,4,1,zip,3.3,39.388393,-74.620728,registry_stand_in
704,634,Leadership Studio,0,Atlantic City,NJ,08401,Atlantic,34001,0,23718,621,4,1,zip,0.1,39.377337,-74.45107,registry_stand_in
705,635,Endo,0,Vineland,NJ,08360,Cumberland,34011,0,23718,1441,1,1,zip,2.1,39.492354,-75.003447,registry_stand_in
706,636,Altru Health System Satellite,0,Grand Forks,ND,58201,Grand Forks,38035,0,23367,38,9,1,zip,2.7,47.866638,-97.141144,registry_stand_in
707,637,Altru Health Systems,0,Grand Forks,ND,58201,Grand Forks,38035,0,23367,38,9,1,zip,2.7,47.866638,-97.141144,registry_stand_in
708,638,Altru Professional Center Satellite,0,Grand Forks,ND,58201,Grand Forks,38035,0,23367,38,9,1,zip,2.7,47.866638,-97.141144,registry_stand_in
709,639,898,0,Lakeland,FL,33812,Polk,12105,0,22941,863,19,1,zip,0.7,27.971442,-81.894476,registry_stand_in
710,640,Central Recruiting Site,1,Lakeland,FL,33812,Polk,12105,0,22941,863,19,1,zip,0.7,27.971442,-81.894476,registry_stand_in
711,641,The Oncology Institute of Hope and Innovation,0,Lakeland,FL,33812,Polk,12105,0,22941,863,19,2,zip,0.7,27.971442,-81.894476,registry_stand_in
712,642,TOI Florida,0,Lakeland,FL,33812,Polk,12105,0,22941,863,19,1,zip,0.7,27.971442,-81.894476,registry_stand_in
713,643,University Physicians at Oneida,0,Oneida,NY,13421,Madison,36053,0,22890,337,1,1,zip,1.1,43.061915,-75.660092,registry_stand_in
714,644,Upstate Cancer Center at Oneida,0,Oneida,NY,13421,Madison,36053,0,22890,337,1,1,zip,1.1,43.061915,-75.660092,registry_stand_in
715,645,942-E,0,Independence,KS,67301,Montgomery,20125,0,22884,51,4,2,zip,0.9,37.20823,-95.756081,registry_stand_in
716,646,Cancer Center at Mercy - W. Laurel,0,Independence,KS,67301,Montgomery,20125,0,22884,51,4,1,zip,0.9,37.20823,-95.756081,registry_stand_in
717,647,Minot,1,Minot,ND,58701,Ward,38101,0,22807,22,1,2,zip,1.7,48.144826,-101.326016,registry_stand_in
718,648,Research- Trinity Cancer Care Center,0,Minot,ND,58701,Ward,38101,0,22807,22,1,1,zip,1.7,48.144826,-101.326016,registry_stand_in
719,649,Trinity Cancer Care Center,0,Minot,ND,58701,Ward,38101,0,22807,22,1,11,zip,1.7,48.144826,-101.326016,registry_stand_in
720,650,Trinity Health - Trinity CancerCare Center,0,Minot,ND,58701,Ward,38101,0,22807,22,1,1,zip,1.7,48.144826,-101.326016,registry_stand_in
721,651,Trinity Medical Group,0,Minot,ND,58701,Ward,38101,0,22807,22,1,2,zip,1.7,48.144826,-101.326016,registry_stand_in
722,652,125,0,McKinney,TX,75071,Collin,48085,0,22745,1430,12,1,zip,0.3,33.245816,-96.63072,registry_stand_in
723,653,Baylor Scott & White Neurology - McKinney,0,McKinney,TX,75071,Collin,48085,0,22745,1430,12,1,zip,0.3,33.245816,-96.63072,registry_stand_in
724,654,Texas Institute of Cardiology,0,McKinney,TX,75071,Collin,48085,0,22745,1430,12,1,zip,0.3,33.245816,-96.63072,registry_stand_in
725,655,Texas Oncology-McKinney,0,McKinney,TX,75071,Collin,48085,0,22745,1430,12,10,zip,0.3,33.245816,-96.63072,registry_stand_in
726,656,USOR - Texas Oncology - McKinney,0,McKinney,TX,75071,Collin,48085,0,22745,1430,12,1,zip,0.3,33.245816,-96.63072,registry_stand_in
727,657,"Woodlands Medical Specialists, PA",0,McKinney,TX,75071,Collin,48085,0,22745,1430,12,1,zip,0.3,33.245816,-96.63072,registry_stand_in
728,658,855-E,0,Alabaster,AL,35007,Shelby,01117,0,22552,349,1,1,zip,0.4,33.221352,-86.787652,registry_stand_in
729,659,"Bond Clinic, P.A.",0,Winter Haven,FL,33880,Polk,12105,0,22388,859,19,3,zip,0.8,27.994018,-81.777505,registry_stand_in
730,660,"Bond & Steele Clinic, P.A.",0,Winter Haven,FL,33881,Polk,12105,0,22388,930,19,3,zip,1.1,28.050996,-81.702533,registry_stand_in
731,661,"Bond & Steele Clinic, P.A. d/b/a Bond Clinic, P.A.",0,Winter Haven,FL,33881,Polk,12105,0,22388,930,19,1,zip,1.1,28.050996,-81.702533,registry_stand_in
732,662,"Bond & Steele Clinic, PA.",0,Winter Haven,FL,33880,Polk,12105,0,22388,859,19,1,zip,0.8,27.994018,-81.777505,registry_stand_in
733,663,The Bond Clinic Cancer & Research Center.,0,Winter Haven,FL,33880,Polk,12105,0,22388,859,19,1,zip,0.8,27.994018,-81.777505,registry_stand_in
734,664,942-J,0,Parsons,KS,67357,Labette,20099,0,22310,81,4,2,zip,0.4,37.338103,-95.253064,registry_stand_in
735,665,Labette Health,0,Parsons,KS,67357,Labette,20099,0,22310,81,4,1,zip,0.4,37.338103,-95.253064,registry_stand_in
736,666,Maine Health/Stephens Memorial - Norway,0,Norway,ME,04268,Oxford,23017,0,22292,188,1,1,zip,0.4,44.225867,-70.610021,registry_stand_in
737,667,MaineHealth Stephens Hospital,0,Norway,ME,04268,Oxford,23017,0,22292,188,1,8,zip,0.4,44.225867,-70.610021,registry_stand_in
738,668,Haywood Infusion Center,0,Clyde,NC,28721,Haywood,37087,0,22260,175,2,2,zip,0.8,35.633768,-82.930786,registry_stand_in
739,669,Georgetown Hospital System,0,Georgetown,SC,29440,Georgetown,45043,0,22128,145,7,2,zip,0.8,33.381097,-79.329766,registry_stand_in
740,670,Asheville Cardiology Associates,0,Asheville,NC,28803,Buncombe,37021,0,22081,344,12,1,zip,0.3,35.531703,-82.523021,registry_stand_in
741,671,Asheville Hematology-Oncology Associates,0,Asheville,NC,28803,Buncombe,37021,0,22081,344,12,2,zip,0.3,35.531703,-82.523021,registry_stand_in
742,672,Novant Health Cancer Institute - Elizabeth,0,Charlotte,NC,28803,Buncombe,37021,0,22081,344,12,1,zip,0.3,35.531703,-82.523021,registry_stand_in
743,673,Sarah Cannon- Messino Cancer Center,0,Asheville,NC,28803,Buncombe,37021,0,22081,344,12,1,zip,0.3,35.531703,-82.523021,registry_stand_in
744,674,SUN-131-03 Investigational Site,1,Asheville,NC,28803,Buncombe,37021,0,22081,344,12,1,zip,0.3,35.531703,-82.523021,registry_stand_in
745,675,Blessing Cancer Center,0,Quincy,IL,62301,Adams,17001,0,21897,67,5,1,zip,0.6,39.931155,-91.388714,registry_stand_in
746,676,Quincy Medical Group,0,Quincy,IL,62301,Adams,17001,0,21897,67,5,7,zip,0.6,39.931155,-91.388714,registry_stand_in
747,677,Quincy Medical Group; Canc Ctr at Blessing Hosp,0,Quincy,IL,62301,Adams,17001,0,21897,67,5,1,zip,0.6,39.931155,-91.388714,registry_stand_in
748,678,Quincy Medical Group-Clinic,0,Quincy,IL,62301,Adams,17001,0,21897,67,5,2,zip,0.6,39.931155,-91.388714,registry_stand_in
749,679,GCS/Canton,0,Canton,GA,30114,Cherokee,13057,0,21764,1317,1,1,zip,1.9,34.243544,-84.535815,registry_stand_in
750,680,"Northside Hospital,228 Riverstone Dr.",0,Canton,GA,30114,Cherokee,13057,0,21764,1317,1,2,zip,1.9,34.243544,-84.535815,registry_stand_in
751,681,North Georgia Urology Center,0,Dalton,GA,30720,Whitfield,13313,0,21764,331,3,1,zip,0.3,34.733645,-85.000824,registry_stand_in
752,682,Aclaris Investigational Site,1,Lynchburg,VA,24501,Campbell,51031,0,21689,169,9,3,zip,0.9,37.359852,-79.141541,registry_stand_in
753,683,Centra Lynchburg Hematology Oncology,0,Lynchburg,VA,24501,Campbell,51031,0,21689,169,9,1,zip,0.9,37.359852,-79.141541,registry_stand_in
754,684,Centra Lynchburg Hematology-Oncology Clinic Inc,0,Lynchburg,VA,24501,Campbell,51031,0,21689,169,9,9,zip,0.9,37.359852,-79.141541,registry_stand_in
755,685,Endo Clinical Trial,0,Lynchburg,VA,24501,Campbell,51031,0,21689,169,9,1,zip,0.9,37.359852,-79.141541,registry_stand_in
756,686,Galderma Investigational Site,1,Lynchburg,VA,24501,Campbell,51031,0,21689,169,9,1,zip,0.9,37.359852,-79.141541,registry_stand_in
757,687,Lynchburg Hematology-Oncology Clinic,0,Lynchburg,VA,24501,Campbell,51031,0,21689,169,9,2,zip,0.9,37.359852,-79.141541,registry_stand_in
758,688,"The Education & Research Foundation, Inc.",0,Lynchburg,VA,24501,Campbell,51031,0,21689,169,9,3,zip,0.9,37.359852,-79.141541,registry_stand_in
759,689,"Lake City Cancer Center, LLC",0,Lake City,FL,32024,Columbia,12023,0,21664,107,1,1,zip,2.7,30.091975,-82.73112,registry_stand_in
760,690,Oncology and Hematology Associates of Southwest Virginia Inc,0,Low Moor,VA,24457,Alleghany,51005,0,21591,100,7,1,zip,0.5,37.795845,-79.865211,registry_stand_in
761,691,"Oncology and Hematology Associates of Southwest Virginia, Inc., DBA Blue Ridge Cancer Care",0,Low Moor,VA,24457,Alleghany,51005,0,21591,100,7,1,zip,0.5,37.795845,-79.865211,registry_stand_in
762,692,Oncology and Hematology Associates of Southwest Virginia (Low Moor) - USOR,0,Low Moor,VA,24457,Alleghany,51005,0,21591,100,7,1,zip,0.5,37.795845,-79.865211,registry_stand_in
763,693,Oncology & Hematology Associates of Southwest Virginia Inc.,0,Low Moor,VA,24457,Alleghany,51005,0,21591,100,7,1,zip,0.5,37.795845,-79.865211,registry_stand_in
764,694,"Oncology & Hematology Associates of Southwest Virginia, Inc. D.B.A Blue Ridge Cancer Care",0,Low Moor,VA,24457,Alleghany,51005,0,21591,100,7,1,zip,0.5,37.795845,-79.865211,registry_stand_in
765,695,Arnot Ogden Medical Center/Falck Cancer Center,0,Elmira,NY,14905,Chemung,36015,0,21171,183,0,26,zip,0.5,42.087725,-76.843282,registry_stand_in
766,697,CARTI Cancer Center Pine Bluff,0,Pine Bluff,AR,71603,Jefferson,05069,0,20684,161,1,1,zip,1.9,34.121075,-92.088127,registry_stand_in
767,698,Harrison HealthPartners Hematology and Oncology-Bremerton,0,Bremerton,WA,98310,Kitsap,53035,0,20479,346,17,29,zip,0.4,47.589689,-122.617462,registry_stand_in
768,699,HHP Hematology & Oncology Bremerton,0,Bremerton,WA,98310,Kitsap,53035,0,20479,346,17,1,zip,0.4,47.589689,-122.617462,registry_stand_in
769,700,Virginia Mason Bainbridge Island Medical Center,0,Bainbridge Island,WA,98110,Kitsap,53035,0,20479,113,17,9,zip,1.2,47.646967,-122.534561,registry_stand_in
770,701,Saint Claire Regional Medical Center,0,Morehead,KY,40351,Rowan,21205,0,20423,125,1,2,zip,1.0,38.204266,-83.428079,registry_stand_in
771,702,Clinical Trial Site,1,Winchester,VA,22601,Winchester,51840,0,20348,491,12,1,zip,0.2,39.174203,-78.174289,registry_stand_in
772,703,Selma Medical Associates,0,Winchester,VA,22601,Winchester,51840,0,20348,491,12,1,zip,0.2,39.174203,-78.174289,registry_stand_in
773,704,Shenandoah Oncology Associates,0,Winchester,VA,22601,Winchester,51840,0,20348,491,12,1,zip,0.2,39.174203,-78.174289,registry_stand_in
774,705,"Shenandoah Oncology Associates, PC",0,Winchester,VA,22601,Winchester,51840,0,20348,491,12,2,zip,0.2,39.174203,-78.174289,registry_stand_in
775,706,Shenandoah Oncology PC,0,Winchester,VA,22601,Winchester,51840,0,20348,491,12,15,zip,0.2,39.174203,-78.174289,registry_stand_in
776,707,Valley Health / Winchester Medical Center,0,Winchester,VA,22601,Winchester,51840,0,20348,491,12,1,zip,0.2,39.174203,-78.174289,registry_stand_in
777,708,123,0,Johnson City,NY,13790,Broome,36007,0,19913,181,1,1,zip,3.2,42.165361,-76.001942,registry_stand_in
778,709,Broome Oncology,0,Johnson City,NY,13790,Broome,36007,0,19913,181,1,8,zip,3.2,42.165361,-76.001942,registry_stand_in
779,710,Broome Oncology LLC,0,Johnson City,NY,13790,Broome,36007,0,19913,181,1,7,zip,3.2,42.165361,-76.001942,registry_stand_in
780,712,Family Focus Eye Care - Lake City,0,Lake City,FL,32025,Columbia,12023,0,19616,119,1,1,zip,2.3,30.104026,-82.566168,registry_stand_in
781,713,"Florida Cancer Center, Lake Mary",0,Lake City,FL,32025,Columbia,12023,0,19616,119,1,1,zip,2.3,30.104026,-82.566168,registry_stand_in
782,714,890,0,Waco,TX,76712,McLennan,48309,0,19246,138,9,1,zip,1.1,31.526506,-97.260888,registry_stand_in
783,715,Baylor Scott & White Health/McClinton Cancer Center,0,Waco,TX,76712,McLennan,48309,0,19246,138,9,1,zip,1.1,31.526506,-97.260888,registry_stand_in
784,716,"Baylor, Scott, & White Medical Center",0,Waco,TX,76712,McLennan,48309,0,19246,138,9,1,zip,1.1,31.526506,-97.260888,registry_stand_in
785,717,Baylor Scott & White Medical Center - Hillcrest,0,Waco,TX,76712,McLennan,48309,0,19246,138,9,1,zip,1.1,31.526506,-97.260888,registry_stand_in
786,718,Baylor Scott & White Medical Center - Temple,0,Waco,TX,76712,McLennan,48309,0,19246,138,9,1,zip,1.1,31.526506,-97.260888,registry_stand_in
787,719,GSK Investigational Site,1,Waco,TX,76712,McLennan,48309,0,19246,138,9,1,zip,1.1,31.526506,-97.260888,registry_stand_in
788,720,Texas Oncology - Waco,0,Waco,TX,76712,McLennan,48309,0,19246,138,9,6,zip,1.1,31.526506,-97.260888,registry_stand_in
789,721,"Texas Oncology - Waco, TX",0,Tyler,TX,76712,McLennan,48309,0,19246,138,9,1,zip,1.1,31.526506,-97.260888,registry_stand_in
790,722,Texas Oncology (Waco) - USOR,0,Waco,TX,76712,McLennan,48309,0,19246,138,9,1,zip,1.1,31.526506,-97.260888,registry_stand_in
791,729,Covenant Health Oncology Group - Lenoir City,0,Lenoir City,TN,37772,Loudon,47105,0,18597,299,0,4,zip,1.7,35.793377,-84.212106,registry_stand_in
792,730,Thompson Oncology Group-Lenoir City,0,Lenoir City,TN,37772,Loudon,47105,0,18597,299,0,2,zip,1.7,35.793377,-84.212106,registry_stand_in
793,731,878,0,Longview,TX,75601,Gregg,48183,0,18363,198,9,1,zip,0.5,32.508595,-94.724189,registry_stand_in
794,732,878-B,0,Longview,TX,75601,Gregg,48183,0,18363,198,9,1,zip,0.5,32.508595,-94.724189,registry_stand_in
795,733,890-B,0,Longview,TX,75601,Gregg,48183,0,18363,198,9,1,zip,0.5,32.508595,-94.724189,registry_stand_in
796,734,GSK Investigational Site,1,Longview,TX,75601,Gregg,48183,0,18363,198,9,1,zip,0.5,32.508595,-94.724189,registry_stand_in
797,735,Texas Oncology,0,Longview,TX,75601,Gregg,48183,0,18363,198,9,2,zip,0.5,32.508595,-94.724189,registry_stand_in
798,736,Texas Oncology-Longview Cancer Center,0,Longview,TX,75601,Gregg,48183,0,18363,198,9,5,zip,0.5,32.508595,-94.724189,registry_stand_in
799,737,Texas Oncology - Northeast,0,Longview,TX,75601,Gregg,48183,0,18363,198,9,1,zip,0.5,32.508595,-94.724189,registry_stand_in
800,738,"Texas Oncology, P.A.",0,Longview,TX,75601,Gregg,48183,0,18363,198,9,1,zip,0.5,32.508595,-94.724189,registry_stand_in
801,739,Texas Oncology PA,0,Longview,TX,75601,Gregg,48183,0,18363,198,9,1,zip,0.5,32.508595,-94.724189,registry_stand_in
802,740,Texas Oncology (Tyler) - USOR,0,Longview,TX,75601,Gregg,48183,0,18363,198,9,1,zip,0.5,32.508595,-94.724189,registry_stand_in
803,741,USO Texas Oncology,0,Longview,TX,75601,Gregg,48183,0,18363,198,9,1,zip,0.5,32.508595,-94.724189,registry_stand_in
804,742,Montgomery Cancer Center,0,Mount Sterling,KY,40353,Montgomery,21173,0,18057,268,11,1,zip,0.2,38.065465,-83.948822,registry_stand_in
805,743,Augusta Health Cancer Center,0,Fishersville,VA,22939,Augusta,51015,0,17901,154,4,1,zip,0.2,38.103454,-78.971468,registry_stand_in
806,745,Endo,0,Suffolk,VA,23434,Suffolk,51800,0,17830,519,1,1,zip,0.3,36.703003,-76.592105,registry_stand_in
807,746,Endo Clinical Trial,0,Suffolk,VA,23434,Suffolk,51800,0,17830,519,1,2,zip,0.3,36.703003,-76.592105,registry_stand_in
808,747,Sentara Obici Hospital,0,Suffolk,VA,23434,Suffolk,51800,0,17830,519,1,1,zip,0.3,36.703003,-76.592105,registry_stand_in
809,748,Specialists for Women,0,Suffolk,VA,23434,Suffolk,51800,0,17830,519,1,1,zip,0.3,36.703003,-76.592105,registry_stand_in
810,749,942-M,0,Wellington,KS,67152,Sumner,20191,0,17667,180,4,2,zip,0.5,37.263003,-97.411479,registry_stand_in
811,750,Callahan Cancer Center,0,North Platte,NE,69101,Lincoln,31111,0,17383,17,3,1,zip,0.2,41.150189,-100.805308,registry_stand_in
812,751,Great Plains Health Callahan Cancer Center,0,North Platte,NE,69101,Lincoln,31111,0,17383,17,3,7,zip,0.2,41.150189,-100.805308,registry_stand_in
813,752,928-J,0,Franklin,TN,37067,Williamson,47187,0,17213,451,10,1,zip,1.1,35.912204,-86.768843,registry_stand_in
814,753,Clinical Trial Site,1,Franklin,TN,37067,Williamson,47187,0,17213,451,10,1,zip,1.1,35.912204,-86.768843,registry_stand_in
815,754,Sarah Cannon and HCA Research Institute,0,Franklin,TN,37067,Williamson,47187,0,17213,451,10,1,zip,1.1,35.912204,-86.768843,registry_stand_in
816,755,"SCRI TO Nashville- Franklin Tennessee Oncology, PLLC",0,Franklin,TN,37067,Williamson,47187,0,17213,451,10,1,zip,1.1,35.912204,-86.768843,registry_stand_in
817,756,"Tennessee Ocology, LLC",0,Franklin,TN,37067,Williamson,47187,0,17213,451,10,1,zip,1.1,35.912204,-86.768843,registry_stand_in
818,757,Tennessee Oncology - FRANKLIN - SCRI - PPDS,0,Franklin,TN,37067,Williamson,47187,0,17213,451,10,1,zip,1.1,35.912204,-86.768843,registry_stand_in
819,758,"Tennessee Oncology, PLLC",0,Franklin,TN,37067,Williamson,47187,0,17213,451,10,5,zip,1.1,35.912204,-86.768843,registry_stand_in
820,759,"Tennessee Oncology, PLLC,4488 Carothers Parkway",0,Franklin,TN,37067,Williamson,47187,0,17213,451,10,2,zip,1.1,35.912204,-86.768843,registry_stand_in
821,760,Vanderbilt Health One Hundred Oaks,0,Nashville,TN,37067,Williamson,47187,0,17213,451,10,1,zip,1.1,35.912204,-86.768843,registry_stand_in
822,761,"Saratoga Clinical Research, LLC",0,Saratoga Springs,NY,12866,Saratoga,36091,0,17003,358,5,1,zip,0.4,43.073715,-73.740236,registry_stand_in
823,763,Central Maine Medical Center,0,Lewiston,ME,04240,Androscoggin,23001,0,16841,228,0,5,zip,1.0,44.089513,-70.172095,registry_stand_in
824,764,"Central Maine Medical Center, Clinical Research Department",0,Lewiston,ME,04240,Androscoggin,23001,0,16841,228,0,1,zip,1.0,44.089513,-70.172095,registry_stand_in
825,765,DCOL Center for Clinical Research,0,Longview,TX,75605,Gregg,48183,0,16645,157,9,1,zip,2.6,32.585123,-94.710328,registry_stand_in
826,766,Duplicate_Diagnostic Clinic of Longview,0,Longview,TX,75605,Gregg,48183,0,16645,157,9,1,zip,2.6,32.585123,-94.710328,registry_stand_in
827,767,Longview,1,Longview,TX,75605,Gregg,48183,0,16645,157,9,3,zip,2.6,32.585123,-94.710328,registry_stand_in
828,768,976-H,0,Ogden,UT,84405,Weber,49057,0,16607,447,11,1,zip,0.6,41.149885,-111.956861,registry_stand_in
829,769,Arrivent Investigative Site,1,Ogden,UT,84405,Weber,49057,0,16607,447,11,1,zip,0.6,41.149885,-111.956861,registry_stand_in
830,770,Clinical Trial Site,1,Ogden,UT,84405,Weber,49057,0,16607,447,11,1,zip,0.6,41.149885,-111.956861,registry_stand_in
831,771,Community Cancer Trial of Utah,0,Ogden,UT,84405,Weber,49057,0,16607,447,11,1,zip,0.6,41.149885,-111.956861,registry_stand_in
832,772,Community Cancer Trials of Utah - South Ogden,0,Ogden,UT,84405,Weber,49057,0,16607,447,11,1,zip,0.6,41.149885,-111.956861,registry_stand_in
833,773,GSK Investigational Site,1,Ogden,UT,84405,Weber,49057,0,16607,447,11,1,zip,0.6,41.149885,-111.956861,registry_stand_in
834,774,MorphoSys Research Site,1,Ogden,UT,84405,Weber,49057,0,16607,447,11,1,zip,0.6,41.149885,-111.956861,registry_stand_in
835,775,Ogden Regional Medical Center,0,Ogden,UT,84405,Weber,49057,0,16607,447,11,1,zip,0.6,41.149885,-111.956861,registry_stand_in
836,776,Utah Cancer Specialists,0,Ogden,UT,84405,Weber,49057,0,16607,447,11,1,zip,0.6,41.149885,-111.956861,registry_stand_in
837,778,Georgia Cancer Specialists - Canton,0,Canton,GA,30115,Cherokee,13057,0,16411,1311,1,1,zip,1.8,34.215519,-84.402426,registry_stand_in
838,779,"Northside Hospital, Inc. - GCS/Canton",0,Canton,GA,30115,Cherokee,13057,0,16411,1311,1,2,zip,1.8,34.215519,-84.402426,registry_stand_in
839,785,840-29 - Ashland-Bellefonte Cancer Center,0,Ashland,KY,41101,Boyd,21019,0,16003,187,1,1,zip,0.2,38.47752,-82.650548,registry_stand_in
840,786,Ashland Bellefonte Cancer Center,0,Ashland,KY,41101,Boyd,21019,0,16003,187,1,4,zip,0.2,38.47752,-82.650548,registry_stand_in
841,787,Research Center,0,Ashland,KY,41101,Boyd,21019,0,16003,187,1,1,zip,0.2,38.47752,-82.650548,registry_stand_in
842,788,Atlanta Cancer Care - Cumming,0,Cumming,GA,30041,Forsyth,13117,0,15946,1419,1,4,zip,1.6,34.196222,-84.096676,registry_stand_in
843,789,Georgia Cancer Specialists - Cumming,0,Cumming,GA,30041,Forsyth,13117,0,15946,1419,1,1,zip,1.6,34.196222,-84.096676,registry_stand_in
844,790,Northside Hospital,0,Cumming,GA,30041,Forsyth,13117,0,15946,1419,1,1,zip,1.6,34.196222,-84.096676,registry_stand_in
845,791,"Northside Hospital,1505 Northside Blvd, Suite 4600",0,Cumming,GA,30041,Forsyth,13117,0,15946,1419,1,2,zip,1.6,34.196222,-84.096676,registry_stand_in
846,792,Adventist Health St. Helena - Martin-O'Neil Cancer Center (MOCC,0,St. Helena,CA,94574,Napa,06055,0,15909,385,18,1,zip,3.7,38.542448,-122.419923,registry_stand_in
847,793,Adventist Health St. Helena/St. Helena Hospital/Martin O'Neil Cancer Center,0,St. Helena,CA,94574,Napa,06055,0,15909,385,18,1,zip,3.7,38.542448,-122.419923,registry_stand_in
848,794,St. Helena Hospital - Martin-O'Neil Cancer Center,0,St. Helena,CA,94574,Napa,06055,0,15909,385,18,1,zip,3.7,38.542448,-122.419923,registry_stand_in
849,795,942-N,0,Winfield,KS,67156,Cowley,20035,0,15836,172,4,2,zip,0.3,37.248449,-96.963204,registry_stand_in
850,796,Winfield Healthcare Center,0,Winfield,KS,67156,Cowley,20035,0,15836,172,4,1,zip,0.3,37.248449,-96.963204,registry_stand_in
851,798,Avon,1,Avon,IN,46123,Hendricks,18063,0,15596,592,6,1,zip,0.2,39.764437,-86.403388,registry_stand_in
852,800,Baystate Health Center,0,Springfield,MA,01199,Hampden,25013,0,15270,752,15,1,city,1.4,42.115454,-72.539978,registry_stand_in
853,801,Baystate Medical Center Inc.,0,Springfield,MA,01199,Hampden,25013,0,15270,752,15,1,city,1.4,42.115454,-72.539978,registry_stand_in
854,802,Clinical Trial Site,1,Springfield,MA,01199,Hampden,25013,0,15270,752,15,1,city,1.4,42.115454,-72.539978,registry_stand_in
855,803,GSK Investigational Site,1,Springfield,MA,01199,Hampden,25013,0,15270,752,15,2,city,1.4,42.115454,-72.539978,registry_stand_in
856,807,Oncology Hematology West P.C. dba Nebraska Cancer Specialists,0,Omaha,NE,68310,Gage,31067,0,14949,112,1,2,zip,0.3,40.249821,-96.74949,registry_stand_in
857,810,Arkansas Pediatric Clinic,0,Bryant,AR,72022,Saline,05125,0,14878,255,1,1,zip,0.2,34.606423,-92.493912,registry_stand_in
858,811,CARTI Cancer Center Saline County,0,Bryant,AR,72022,Saline,05125,0,14878,255,1,1,zip,0.2,34.606423,-92.493912,registry_stand_in
859,812,CoxHealth Cancer Center,0,Branson,MO,65616,Taney,29213,0,14806,149,15,1,zip,1.7,36.670737,-93.2488,registry_stand_in
860,813,"Exordia Medical Research, Inc",0,Fall River,MA,02723,Bristol,25005,0,14688,1271,2,1,zip,0.4,41.692208,-71.132132,registry_stand_in
861,814,"TidalHealth Peninsula Regional, Inc",0,Salisbury,MD,21804,Wicomico,24045,0,14656,171,2,1,zip,0.2,38.314082,-75.532106,registry_stand_in
862,815,Center for Cancer and Blood Disorders,0,Weatherford,TX,76086,Parker,48367,0,14564,726,0,1,zip,0.6,32.752204,-97.78927,registry_stand_in
863,816,The Center for Cancer and Blood Disorders,0,Weatherford,TX,76086,Parker,48367,0,14564,726,0,3,zip,0.6,32.752204,-97.78927,registry_stand_in
864,817,"The Center for Cancer and Blood Disorders - Magnolia,920 Santa Fe Drive",0,Weatherford,TX,76086,Parker,48367,0,14564,726,0,1,zip,0.6,32.752204,-97.78927,registry_stand_in
865,818,Orlando Health Inc.,0,Orlando,FL,33806,Polk,12105,0,14524,752,19,1,city,0.8,28.40865,-81.254805,registry_stand_in
866,819,Cahaba Dermatology,0,Birmingham,AL,35244,Shelby,01117,0,14451,389,1,1,zip,0.6,33.352918,-86.825333,registry_stand_in
867,820,Heartland Cancer Center,0,Great Bend,KS,67530,Barton,20009,0,14317,28,15,1,zip,0.6,38.352915,-98.798117,registry_stand_in
868,821,Saint Rose Ambulatory and Surgery Center,0,Great Bend,KS,67530,Barton,20009,0,14317,28,15,3,zip,0.6,38.352915,-98.798117,registry_stand_in
869,822,Revive Clinical Research,0,Sterling,MI,48659,Arenac,26011,0,14127,139,0,1,zip,5.7,44.065548,-84.050783,registry_stand_in
870,824,Nash UNC Health Care - Danny Talbott Cancer Center,0,Rocky Mount,NC,28704,Buncombe,37021,0,13910,373,12,1,zip,0.3,35.461429,-82.570815,registry_stand_in
871,825,976-D,0,Layton,UT,84041,Davis,49011,0,13905,484,11,1,zip,0.2,41.069929,-111.981255,registry_stand_in
872,826,VA Central California Fresno Medical Center,0,Fresno,CA,93073,Ventura,06111,0,13740,339,8,1,city,1.9,36.782684,-119.793359,registry_stand_in
873,828,New York Oncology Hematology (NYOH,0,Amsterdam,NY,12010,Montgomery,36057,0,13663,364,1,1,zip,0.2,42.937632,-74.173325,registry_stand_in
874,829,Galderma Investigational Site,1,Lehigh Acres,FL,33936,Hendry,12051,0,13516,327,0,1,zip,6.3,26.618028,-81.559247,registry_stand_in
875,830,Site reference,1,Indiana,PA,15701,Indiana,42063,0,13463,575,17,1,zip,0.3,40.629099,-79.150059,registry_stand_in
876,831,Arthritis and Osteoperosis Associates of New Mexico,0,Las Cruces,NM,88011,Doña Ana,35013,0,13391,110,6,1,zip,3.6,32.37716,-106.576316,registry_stand_in
877,832,Memorial Medical Center- Cancer Center,0,Las Cruces,NM,88011,Doña Ana,35013,0,13391,110,6,1,zip,3.6,32.37716,-106.576316,registry_stand_in
878,833,Iredell Memorial Hospital,0,Statesville,NC,28677,Iredell,37097,0,13295,823,12,1,zip,1.6,35.738099,-80.926089,registry_stand_in
879,834,Novant Health Oncology Specialists-Statesville,0,Statesville,NC,28625,Iredell,37097,0,13295,731,12,3,zip,2.2,35.869581,-80.889653,registry_stand_in
880,835,124,0,Denton,TX,76201,Denton,48121,0,13292,1590,15,1,zip,0.6,33.220974,-97.146038,registry_stand_in
881,836,Texas Oncology - Denton,0,Denton,TX,76201,Denton,48121,0,13292,1590,15,3,zip,0.6,33.220974,-97.146038,registry_stand_in
882,837,Texas Oncology - Northeast,0,Denton,TX,76201,Denton,48121,0,13292,1590,15,2,zip,0.6,33.220974,-97.146038,registry_stand_in
883,838,Neurology Care Clinic,0,Waxahachie,TX,75165,Ellis,48139,0,13044,1434,0,1,zip,0.8,32.371654,-96.80303,registry_stand_in
884,840,942-K,0,Pratt,KS,67124,Pratt,20151,0,12917,18,5,2,zip,0.7,37.634439,-98.773642,registry_stand_in
885,841,Pratt Regional Medical Center,0,Pratt,KS,67124,Pratt,20151,0,12917,18,5,1,zip,0.7,37.634439,-98.773642,registry_stand_in
886,842,Frisco,1,Frisco,TX,75035,Collin,48085,0,12758,1612,12,1,zip,1.7,33.166306,-96.775635,registry_stand_in
887,843,Site reference,1,Frisco,TX,75035,Collin,48085,0,12758,1612,12,1,zip,1.7,33.166306,-96.775635,registry_stand_in
888,844,Willowbend Health and Wellness,0,Frisco,TX,75035,Collin,48085,0,12758,1612,12,2,zip,1.7,33.166306,-96.775635,registry_stand_in
889,845,Willowbend Health and Wellness - Frisco,0,Frisco,TX,75035,Collin,48085,0,12758,1612,12,1,zip,1.7,33.166306,-96.775635,registry_stand_in
890,847,Atlanta Cancer Care - Stockbridge,0,Jonesboro,GA,30236,Clayton,13063,0,12388,1426,0,1,zip,0.9,33.519927,-84.325187,registry_stand_in
891,848,Kaiser Permanente Southwood,0,Jonesboro,GA,30236,Clayton,13063,0,12388,1426,0,1,zip,0.9,33.519927,-84.325187,registry_stand_in
892,849,SUN-131-03 Investigational Site,1,Morrow,GA,30260,Clayton,13063,0,12388,1470,0,1,zip,0.4,33.587165,-84.334307,registry_stand_in
893,850,USO - Texas Oncology - Allen,0,Allen,TX,75013,Collin,48085,0,12204,1388,12,1,zip,2.4,33.114327,-96.693964,registry_stand_in
894,853,Louisiana Heart Center,0,Hammond,LA,70403,Tangipahoa,22105,0,12085,582,2,1,zip,0.3,30.485555,-90.487688,registry_stand_in
895,854,Pontchartrain,0,Hammond,LA,70403,Tangipahoa,22105,0,12085,582,2,1,zip,0.3,30.485555,-90.487688,registry_stand_in
896,855,XCancer / Pontchartrain Cancer Center,0,Hammond,LA,70403,Tangipahoa,22105,0,12085,582,2,1,zip,0.3,30.485555,-90.487688,registry_stand_in
897,856,569 - A,0,Mooresville,IN,46158,Morgan,18109,0,11940,544,5,1,zip,1.9,39.579356,-86.373602,registry_stand_in
898,857,Franciscan St. Francis Health - Mooresville,0,Mooresville,IN,46158,Morgan,18109,0,11940,544,5,1,zip,1.9,39.579356,-86.373602,registry_stand_in
899,858,Mayo Clinic Health System,0,Mankato,MN,56001,Blue Earth,27013,0,11883,100,8,2,zip,1.4,44.128169,-93.978991,registry_stand_in
900,859,Salinas Memorial,0,Salinas,CA,93901,Monterey,06053,0,11838,289,8,1,zip,0.8,36.647856,-121.630305,registry_stand_in
901,860,Salinas Valley Memorial Healthcare System,0,Salinas,CA,93901,Monterey,06053,0,11838,289,8,1,zip,0.8,36.647856,-121.630305,registry_stand_in
902,861,950,0,Jefferson City,MO,65109,Cole,29051,0,11825,114,3,1,zip,0.5,38.573482,-92.276821,registry_stand_in
903,862,Capital Region Medical Center-Goldschmidt Cancer Center,0,Jefferson City,MO,65109,Cole,29051,0,11825,114,3,1,zip,0.5,38.573482,-92.276821,registry_stand_in
904,863,Endo,0,Jefferson City,MO,65109,Cole,29051,0,11825,114,3,1,zip,0.5,38.573482,-92.276821,registry_stand_in
905,864,Endo Clinical Trial,0,Jefferson City,MO,65109,Cole,29051,0,11825,114,3,2,zip,0.5,38.573482,-92.276821,registry_stand_in
906,865,Goldschmidt Cancer Center,0,Jefferson City,MO,65109,Cole,29051,0,11825,114,3,1,zip,0.5,38.573482,-92.276821,registry_stand_in
907,866,Jefferson City Medical Group,0,Jefferson City,MO,65109,Cole,29051,0,11825,114,3,1,zip,0.5,38.573482,-92.276821,registry_stand_in
908,867,Jefferson City Medical Group - 1145,0,Jefferson City,MO,65109,Cole,29051,0,11825,114,3,1,zip,0.5,38.573482,-92.276821,registry_stand_in
909,868,MU Health Care Goldschmidt Cancer Center,0,Jefferson City,MO,65109,Cole,29051,0,11825,114,3,85,zip,0.5,38.573482,-92.276821,registry_stand_in
910,869,Site reference,1,Jefferson City,MO,65109,Cole,29051,0,11825,114,3,1,zip,0.5,38.573482,-92.276821,registry_stand_in
911,870,Community Hospital of Monterey Peninsula,0,Monterey,CA,93940,Monterey,06053,0,11771,205,8,2,zip,0.7,36.562305,-121.805507,registry_stand_in
912,871,Pacific Cancer Care - Monterey,0,Monterey,CA,93940,Monterey,06053,0,11771,205,8,2,zip,0.7,36.562305,-121.805507,registry_stand_in
913,872,Indiana Blood and Marrow Transplantation,0,Indianapolis,IN,46077,Boone,18011,0,11770,590,0,1,zip,2.1,39.98189,-86.278939,registry_stand_in
914,873,CaroMont Health - Lincoln Cancer Center,0,Lincolnton,NC,28092,Lincoln,37109,0,11683,808,5,1,zip,0.8,35.483239,-81.253054,registry_stand_in
915,874,Levine Cancer Institute-Lincolnton,0,Lincolnton,NC,28092,Lincoln,37109,0,11683,808,5,1,zip,0.8,35.483239,-81.253054,registry_stand_in
916,875,Cheyenne Regional Medical Center Cheyenne Regional Med Ctr (3,0,Cheyenne,WY,82001,Laramie,56021,0,11620,122,15,1,zip,0.4,41.100082,-104.924884,registry_stand_in
917,876,MidMichigan Medical Center - Clare,0,Clare,MI,48617,Clare,26035,0,11541,172,0,1,zip,2.1,43.851308,-84.717297,registry_stand_in
918,879,Peninsula Regional Medical Center,0,Salisbury,MD,21801,Wicomico,24045,0,11384,165,2,2,zip,1.1,38.349417,-75.67847,registry_stand_in
919,880,Southampton Women's Health,0,Franklin,VA,23851,Southampton,51175,0,11077,512,0,1,zip,0.6,36.652023,-76.957141,registry_stand_in
920,881,Neurology Rare Disease Center,0,Denton,TX,76208,Denton,48121,0,11047,1554,15,1,zip,2.0,33.208706,-97.05541,registry_stand_in
921,884,North Georgia Clinical Research,0,Woodstock,GA,30189,Cherokee,13057,0,10868,1407,1,1,zip,2.2,34.124224,-84.570679,registry_stand_in
922,885,872-B,0,Pueblo,CO,81003,Pueblo,08101,0,10777,220,18,1,zip,0.4,38.277652,-104.656426,registry_stand_in
923,886,872-E,0,Pueblo,CO,81003,Pueblo,08101,0,10777,220,18,1,zip,0.4,38.277652,-104.656426,registry_stand_in
924,896,Marion L Shepard Cancer Center at Vidant Beaufort Hospital,0,Washington,NC,27889,Beaufort,37013,0,10371,154,1,4,zip,2.3,35.580432,-77.025019,registry_stand_in
925,897,Cancer Care Center of South Texas,0,New Braunfels,TX,78130,Guadalupe,48187,0,10318,740,5,1,zip,0.6,29.693649,-98.068676,registry_stand_in
926,898,DermReseach New Braunfels,0,New Braunfels,TX,78130,Guadalupe,48187,0,10318,740,5,1,zip,0.6,29.693649,-98.068676,registry_stand_in
927,899,Texas Oncology (E Common) - USOR,0,New Braunfels,TX,78130,Guadalupe,48187,0,10318,740,5,1,zip,0.6,29.693649,-98.068676,registry_stand_in
928,900,Texas Oncology P A,0,New Braunfels,TX,78130,Guadalupe,48187,0,10318,740,5,1,zip,0.6,29.693649,-98.068676,registry_stand_in
929,901,Brownsburg,1,Brownsburg,IN,46112,Hendricks,18063,0,10122,576,6,1,zip,0.6,39.86391,-86.382425,registry_stand_in
930,902,Wake Forest University at Elkin,0,Elkin,NC,28521,Duplin,37061,0,10052,204,1,3,zip,2.4,34.817902,-77.736618,registry_stand_in
931,903,Heartland Hematology and Oncology,0,Kearney,NE,68845,Buffalo,31019,0,9962,45,19,16,zip,1.4,40.718088,-99.170857,registry_stand_in
932,904,Nebraska Medicine Heartland Hematology Oncology,0,Kearney,NE,68845,Buffalo,31019,0,9962,45,19,2,zip,1.4,40.718088,-99.170857,registry_stand_in
933,905,Berkshire Hematology Oncology Services at Berkshire Medical Center Cancer and Infusion Center,0,Pittsfield,MA,01201,Berkshire,25003,0,9798,480,1,1,zip,0.9,42.454302,-73.282074,registry_stand_in
934,906,Berkshire Medical Center - Cancer Center,0,Pittsfield,MA,01201,Berkshire,25003,0,9798,480,1,5,zip,0.9,42.454302,-73.282074,registry_stand_in
935,907,Mercy Health Mercy Campus,0,Muskegon,MI,49444,Muskegon,26121,0,9705,297,18,13,zip,0.4,43.177117,-86.199527,registry_stand_in
936,908,The Cancer & Hematology Centers of Muskegon,0,Norton Shores,MI,49444,Muskegon,26121,0,9705,297,18,1,zip,0.4,43.177117,-86.199527,registry_stand_in
937,909,Bon Secours Maryview Medical Center,0,Portsmouth,VA,23707,Portsmouth,51740,0,9562,512,3,11,zip,0.4,36.841794,-76.340331,registry_stand_in
938,910,Armstrong Center for Medicine and Health,0,Kittanning,PA,16201,Armstrong,42005,0,9519,707,0,2,zip,0.8,40.812096,-79.4725,registry_stand_in
939,911,Optum Medical Care - Carmel/Brewster Campus,0,Brewster,NY,10509,Putnam,36079,0,9474,3012,0,1,zip,0.8,41.410855,-73.59434,registry_stand_in
940,912,952,0,Bolivar,MO,65613,Polk,29167,0,9392,132,17,2,zip,1.8,37.640914,-93.387351,registry_stand_in
941,913,Arrivent Investigative Site,1,Bolivar,MO,65613,Polk,29167,0,9392,132,17,1,zip,1.8,37.640914,-93.387351,registry_stand_in
942,914,Central Care Cancer Center,0,Bolivar,MO,65613,Polk,29167,0,9392,132,17,3,zip,1.8,37.640914,-93.387351,registry_stand_in
943,915,Central Care Cancer Center-Carrie J Babb Cancer Center,0,Bolivar,MO,65613,Polk,29167,0,9392,132,17,1,zip,1.8,37.640914,-93.387351,registry_stand_in
944,916,Central Care Cancer Center (CCCC,0,Bolivar,MO,65613,Polk,29167,0,9392,132,17,1,zip,1.8,37.640914,-93.387351,registry_stand_in
945,917,Exelixis,0,Bolivar,MO,65613,Polk,29167,0,9392,132,17,1,zip,1.8,37.640914,-93.387351,registry_stand_in
946,918,942-F,0,Kingman,KS,67068,Kingman,20095,0,9318,163,4,2,zip,0.4,37.621851,-98.119542,registry_stand_in
947,919,Kingman Community Hospital,0,Kingman,KS,67068,Kingman,20095,0,9318,163,4,1,zip,0.4,37.621851,-98.119542,registry_stand_in
948,920,Southern Regional Medical Center,0,Riverdale,GA,30274,Clayton,13063,0,9106,1450,0,1,zip,0.8,33.557264,-84.400508,registry_stand_in
949,921,Children's Medical Center,0,Plano,TX,75024,Collin,48085,0,9083,1656,12,1,zip,0.7,33.077854,-96.811028,registry_stand_in
950,922,Children's Medical Center Plano,0,Plano,TX,75024,Collin,48085,0,9083,1656,12,1,zip,0.7,33.077854,-96.811028,registry_stand_in
951,923,"ClinRx Research, LLC",0,Plano,TX,75024,Collin,48085,0,9083,1656,12,1,zip,0.7,33.077854,-96.811028,registry_stand_in
952,924,Investigator,0,Plano,TX,75024,Collin,48085,0,9083,1656,12,1,zip,0.7,33.077854,-96.811028,registry_stand_in
953,925,Texas Rheumatology Care,0,Plano,TX,75024,Collin,48085,0,9083,1656,12,1,zip,0.7,33.077854,-96.811028,registry_stand_in
954,926,Piedmont Cancer Institute,0,Fayetteville,GA,30214,Fayette,13113,0,8946,1353,3,1,zip,0.1,33.490464,-84.485997,registry_stand_in
955,927,"Piedmont Cancer Institute - Atlanta,1267 Hwy 54W",0,Atlanta,GA,30214,Fayette,13113,0,8946,1353,3,1,zip,0.1,33.490464,-84.485997,registry_stand_in
956,928,Piedmont Cancer Institute - Fayetteville Office,0,Fayetteville,GA,30214,Fayette,13113,0,8946,1353,3,1,zip,0.1,33.490464,-84.485997,registry_stand_in
957,929,"Piedmont Cancer Institute, PC",0,Fayetteville,GA,30214,Fayette,13113,0,8946,1353,3,1,zip,0.1,33.490464,-84.485997,registry_stand_in
958,933,Atlanta Cancer Care - Conyers,0,Conyers,GA,30094,Rockdale,13247,0,8576,1462,0,2,zip,0.6,33.612505,-84.051523,registry_stand_in
959,934,Carolina East Medical Center,0,New Bern,NC,28561,Carteret,37031,0,8267,200,3,1,city,0.2,35.096688,-77.072641,registry_stand_in
960,935,CarolinaEast Oncology and Hematology Associates,0,New Bern,NC,28562,Craven,37049,0,8267,196,0,1,zip,0.9,35.080979,-77.125033,registry_stand_in
961,936,Eastern Carolina Women's Centr,0,New Bern,NC,28562,Craven,37049,0,8267,196,0,2,zip,0.9,35.080979,-77.125033,registry_stand_in
962,937,New Bern,1,New Bern,NC,28562,Craven,37049,0,8267,196,0,2,zip,0.9,35.080979,-77.125033,registry_stand_in
963,938,TG Therapeutics Investigational Trial Site,1,New Bern,NC,28562,Craven,37049,0,8267,196,0,1,zip,0.9,35.080979,-77.125033,registry_stand_in
964,939,Texas Oncology - Denton South,0,Denton,TX,76210,Denton,48121,0,8221,1603,15,10,zip,1.5,33.149467,-97.096016,registry_stand_in
965,940,Galderma Investigational Site,1,Frisco,TX,75034,Collin,48085,0,8190,1627,12,1,zip,1.9,33.121286,-96.838536,registry_stand_in
966,941,Calvert Health System,0,Prince Frederick,MD,20678,Calvert,24009,0,8175,1179,0,1,zip,0.6,38.525112,-76.5954,registry_stand_in
967,942,Maryland Oncology Hematology-Satellite,0,Brandywine,MD,21004,Harford,24025,0,8175,1870,18,1,city,0.6,38.682077,-76.885314,registry_stand_in
968,943,Children's Hospital of Central California,0,Madera,CA,93636,Madera,06039,0,8128,283,3,1,zip,4.0,36.984877,-119.877519,registry_stand_in
969,944,Valley Childrens Hospital,0,Madera,CA,93636,Madera,06039,0,8128,283,3,1,zip,4.0,36.984877,-119.877519,registry_stand_in
970,945,Center for Cancer and Blood Disorders,0,Burleson,TX,76028,Johnson,48251,0,7923,1399,1,1,zip,0.5,32.532677,-97.306547,registry_stand_in
971,946,Endo,0,Burleson,TX,76028,Johnson,48251,0,7923,1399,1,1,zip,0.5,32.532677,-97.306547,registry_stand_in
972,947,The Center for Cancer and Blood Disorders,0,Burleson,TX,76028,Johnson,48251,0,7923,1399,1,2,zip,0.5,32.532677,-97.306547,registry_stand_in
973,948,"The Center for Cancer and Blood Disorders - Magnolia,11805 South Freeway",0,Burleson,TX,76028,Johnson,48251,0,7923,1399,1,1,zip,0.5,32.532677,-97.306547,registry_stand_in
974,949,Bare Dermatology,0,Rockwall,TX,75032,Rockwall,48397,0,7887,1396,0,1,zip,1.5,32.857112,-96.43121,registry_stand_in
975,950,942-C,0,Dodge City,KS,67801,Ford,20057,0,7875,31,4,1,zip,0.6,37.730131,-100.060083,registry_stand_in
976,953,Big Horn Basin Cancer Center,0,Cody,WY,82414,Park,56029,0,7831,5,16,7,zip,3.9,44.403789,-109.606717,registry_stand_in
977,957,Donald Guthrie Foundation,0,Sayre,PA,18840,Bradford,42015,0,7630,181,16,1,zip,0.3,41.973067,-76.530371,registry_stand_in
978,958,Donald Guthrie Foundation - 1135,0,Sayre,PA,18840,Bradford,42015,0,7630,181,16,1,zip,0.3,41.973067,-76.530371,registry_stand_in
979,959,Guthrie Cancer Center,0,Sayre,PA,18840,Bradford,42015,0,7630,181,16,1,zip,0.3,41.973067,-76.530371,registry_stand_in
980,960,Guthrie - Corning Hospital - Guthrie Cancer Center,0,Sayre,PA,18840,Bradford,42015,0,7630,181,16,1,zip,0.3,41.973067,-76.530371,registry_stand_in
981,961,"Guthrie Medical Group, PC",0,Sayre,PA,18840,Bradford,42015,0,7630,181,16,1,zip,0.3,41.973067,-76.530371,registry_stand_in
982,962,Guthrie Medical Group Sayre,0,Sayre,PA,18840,Bradford,42015,0,7630,181,16,1,zip,0.3,41.973067,-76.530371,registry_stand_in
983,963,Robert Packer Hospital Satellite,0,Sayre,PA,18840,Bradford,42015,0,7630,181,16,1,zip,0.3,41.973067,-76.530371,registry_stand_in
984,965,Delta Hematology/Oncology Associates,0,Portsmouth,VA,23704,Portsmouth,51740,0,7362,509,3,1,zip,0.2,36.826697,-76.312032,registry_stand_in
985,966,Delta Oncology Associates,0,Portsmouth,VA,23704,Portsmouth,51740,0,7362,509,3,1,zip,0.2,36.826697,-76.312032,registry_stand_in
986,967,Indiana University School of Medicine,0,Indianapolis,IN,46131,Johnson,18081,0,7321,538,6,1,zip,0.5,39.473489,-86.043592,registry_stand_in
987,968,562-B,0,Fleming Island,FL,32003,Clay,12019,0,7303,382,3,2,zip,1.6,30.095584,-81.710162,registry_stand_in
988,969,Cancer Specialist of North Florida,0,Fleming Island,FL,32003,Clay,12019,0,7303,382,3,1,zip,1.6,30.095584,-81.710162,registry_stand_in
989,970,Clinical Trial Site,1,Fleming Island,FL,32003,Clay,12019,0,7303,382,3,1,zip,1.6,30.095584,-81.710162,registry_stand_in
990,971,Florida Cancer Specialists & Research Institute,0,Fleming Island,FL,32003,Clay,12019,0,7303,382,3,3,zip,1.6,30.095584,-81.710162,registry_stand_in
991,972,George E Platt MD,0,Green Cove Springs,FL,32043,Clay,12019,0,7303,381,3,1,zip,3.3,29.926711,-81.743631,registry_stand_in
992,973,GSK Investigational Site,1,Tallahassee,FL,32003,Clay,12019,0,7303,382,3,1,zip,1.6,30.095584,-81.710162,registry_stand_in
993,974,562-A,0,Saint Augustine,FL,32086,St. Johns,12109,0,7303,434,4,1,zip,0.6,29.740948,-81.30016,registry_stand_in
994,975,Florida Center for Dermatology,0,Saint Augustine,FL,32080,St. Johns,12109,0,7303,415,4,1,zip,0.5,29.816985,-81.265123,registry_stand_in
995,976,"Florida Center for Dermatology, P.A.",0,Saint Augustine,FL,32080,St. Johns,12109,0,7303,415,4,2,zip,0.5,29.816985,-81.265123,registry_stand_in
996,977,US Oncology - Texas Oncology,0,Kyle,TX,78640,Hays,48209,0,7108,617,1,1,zip,3.3,29.994866,-97.821239,registry_stand_in
997,978,GSK Investigational Site,1,Mount Airy,NC,27030,Surry,37171,0,7076,333,8,1,zip,0.5,36.489814,-80.629214,registry_stand_in
998,979,Novant Health Oncology Specialists-Mount Airy,0,Mount Airy,NC,27030,Surry,37171,0,7076,333,8,3,zip,0.5,36.489814,-80.629214,registry_stand_in
999,980,Wake Forest University at Mount Airy,0,Mount Airy,NC,27030,Surry,37171,0,7076,333,8,3,zip,0.5,36.489814,-80.629214,registry_stand_in
1000,982,Wake Forest Compenhensive Cancer Center,0,Winston-Salem,NC,27357,Rockingham,37157,0,6921,481,7,1,zip,0.9,36.2666,-79.970625,registry_stand_in
1001,983,Midwest Cardiovascular Research Foundation,0,Davenport,IA,52801,Scott,19163,0,6759,196,16,1,zip,0.1,41.521038,-90.574849,registry_stand_in
1002,984,Genesis Clinical Research,0,Fall River,MA,02720,Bristol,25005,0,6602,1296,2,1,zip,0.3,41.727137,-71.109858,registry_stand_in
1003,985,NECCR Fall River LLC,0,Fall River,MA,02720,Bristol,25005,0,6602,1296,2,4,zip,0.3,41.727137,-71.109858,registry_stand_in
1004,986,Site reference,1,Fall River,MA,02720,Bristol,25005,0,6602,1296,2,1,zip,0.3,41.727137,-71.109858,registry_stand_in
1005,987,Carolina BioOncology,0,Huntersville,NC,28708,Transylvania,37175,0,6589,283,0,1,zip,2.2,35.271025,-82.859823,registry_stand_in
1006,988,Good Samaritan Hospital Corvallis,0,Corvallis,OR,97330,Benton,41003,0,6406,230,10,3,zip,1.2,44.647997,-123.259576,registry_stand_in
1007,989,GSK Investigational Site,1,Corvallis,OR,97330,Benton,41003,0,6406,230,10,1,zip,1.2,44.647997,-123.259576,registry_stand_in
1008,995,Piedmont Research Partners,0,Fort Mill,SC,29707,Lancaster,45057,0,6230,699,1,1,zip,0.3,34.987552,-80.858188,registry_stand_in
1009,996,Premier Pain Treatment Institute,0,Mount Orab,OH,45154,Brown,39015,0,6207,608,0,1,zip,1.2,39.063432,-83.916821,registry_stand_in
1010,998,Kearney Urology Center,0,Kearney,NE,68847,Buffalo,31019,0,6163,49,19,2,zip,0.7,40.738532,-99.020514,registry_stand_in
1011,999,954 - B,0,Topsham,ME,04086,Sagadahoc,23023,0,6147,227,12,1,zip,0.3,43.964977,-69.955624,registry_stand_in
1012,1000,Maine Center for Cancer Medicine-Topsham,0,Topsham,ME,04086,Sagadahoc,23023,0,6147,227,12,3,zip,0.3,43.964977,-69.955624,registry_stand_in
1013,1001,Ascension Via Christi - Pittsburg,0,Pittsburg,KS,66762,Crawford,20037,0,6133,90,17,15,zip,0.3,37.393878,-94.710478,registry_stand_in
1014,1002,Via Christi Hospital-Pittsburg,0,Pittsburg,KS,66762,Crawford,20037,0,6133,90,17,3,zip,0.3,37.393878,-94.710478,registry_stand_in
1015,1003,"Magee-Womens Hospital of UPMC,100 Fairfield Dr",0,Seneca,PA,16346,Venango,42121,0,5943,167,18,1,zip,1.9,41.378475,-79.672744,registry_stand_in
1016,1004,UPMC Cancer Center Northwest,0,Seneca,PA,16346,Venango,42121,0,5943,167,18,1,zip,1.9,41.378475,-79.672744,registry_stand_in
1017,1005,UPMC Hillman Cancer Center - Northwest,0,Seneca,PA,16346,Venango,42121,0,5943,167,18,1,zip,1.9,41.378475,-79.672744,registry_stand_in
1018,1006,Coastal Neurology,0,Port Royal,SC,29935,Beaufort,45013,0,5861,165,15,2,zip,0.2,32.382648,-80.695597,registry_stand_in
1019,1007,University of North Carolina at Chapel Hill,0,Chapel Hill,NC,27551,Warren,37185,0,5807,180,0,1,zip,0.4,36.432843,-78.05017,registry_stand_in
1020,1008,Saint Catherine Hospital,0,Garden City,KS,67846,Finney,20055,0,5753,26,17,9,zip,1.4,38.026003,-100.778949,registry_stand_in
1021,1009,XCancer / Central Care Cancer Center,0,Garden City,KS,67846,Finney,20055,0,5753,26,17,1,zip,1.4,38.026003,-100.778949,registry_stand_in
1022,1010,872-F,0,Pueblo,CO,81008,Pueblo,08101,0,5746,232,18,1,zip,2.1,38.405766,-104.57872,registry_stand_in
1023,1011,872-G,0,Pueblo,CO,81008,Pueblo,08101,0,5746,232,18,1,zip,2.1,38.405766,-104.57872,registry_stand_in
1024,1012,872-I,0,Pueblo,CO,81008,Pueblo,08101,0,5746,232,18,1,zip,2.1,38.405766,-104.57872,registry_stand_in
1025,1013,GSK Investigational Site,1,Pueblo,CO,81008,Pueblo,08101,0,5746,232,18,1,zip,2.1,38.405766,-104.57872,registry_stand_in
1026,1014,Rocky Mountain Cancer Centers,0,Pueblo,CO,81008,Pueblo,08101,0,5746,232,18,2,zip,2.1,38.405766,-104.57872,registry_stand_in
1027,1015,"Rocky Mountain Cancer Centers,3676 Parker Blvd",0,Pueblo,CO,81008,Pueblo,08101,0,5746,232,18,2,zip,2.1,38.405766,-104.57872,registry_stand_in
1028,1016,"Rocky Mountain Cancer Centers, 3676 Parker Blvd., Suite 350",0,Pueblo,CO,81008,Pueblo,08101,0,5746,232,18,1,zip,2.1,38.405766,-104.57872,registry_stand_in
1029,1017,"Rocky Mountain Cancer Centers,525 W. 15th Street",0,Pueblo,CO,81008,Pueblo,08101,0,5746,232,18,2,zip,2.1,38.405766,-104.57872,registry_stand_in
1030,1018,Rocky Mountain Cancer Centers - Pueblo,0,Pueblo,CO,81008,Pueblo,08101,0,5746,232,18,36,zip,2.1,38.405766,-104.57872,registry_stand_in
1031,1019,Rocky Mountain Cancer Centers (Pueblo) - USOR,0,Pueblo,CO,81008,Pueblo,08101,0,5746,232,18,1,zip,2.1,38.405766,-104.57872,registry_stand_in
1032,1020,USOR - Rocky Mountain Cancer Centers - Pueblo,0,Pueblo,CO,81008,Pueblo,08101,0,5746,232,18,1,zip,2.1,38.405766,-104.57872,registry_stand_in
1033,1021,Dayton Physicians LLC-Wilson,0,Sidney,OH,45365,Shelby,39149,0,5532,432,0,12,zip,0.1,40.28258,-84.155811,registry_stand_in
1034,1022,WVUH-East City Hospital,0,Martinsburg,WV,25401,Berkeley,54003,0,5529,465,7,1,zip,0.1,39.457168,-77.972428,registry_stand_in
1035,1023,Genesis Medical Center - East Campus,0,Davenport,IA,52803,Scott,19163,0,5370,189,16,11,zip,0.8,41.538947,-90.555977,registry_stand_in
1036,1024,Iowa Cancer Specialists,0,Davenport,IA,52807,Scott,19163,0,5370,170,16,20,zip,1.3,41.610645,-90.516298,registry_stand_in
1037,1025,MercyOne Genesis Davenport Medical Center,0,Davenport,IA,52803,Scott,19163,0,5370,189,16,11,zip,0.8,41.538947,-90.555977,registry_stand_in
1038,1026,University of Iowa Hospitals & Clinics - Davenport Clinic,0,Davenport,IA,52807,Scott,19163,0,5370,170,16,1,zip,1.3,41.610645,-90.516298,registry_stand_in
1039,1027,Cornell University,0,Ithaca,NY,14850,Tompkins,36109,0,5353,318,4,2,zip,0.2,42.431831,-76.500228,registry_stand_in
1040,1028,942-H,0,McPherson,KS,67460,McPherson,20113,0,5203,81,3,2,zip,0.9,38.382552,-97.699453,registry_stand_in
1041,1029,McPherson Center for Health,0,McPherson,KS,67460,McPherson,20113,0,5203,81,3,1,zip,0.9,38.382552,-97.699453,registry_stand_in
1042,1030,"East Mountain Medical Associates, PC",0,Great Barrington,MA,01230,Berkshire,25003,0,5181,717,1,1,zip,1.0,42.173196,-73.32429,registry_stand_in
1043,1032,"Gabrail Cancer Center, LLC",0,Dover,OH,44622,Tuscarawas,39157,0,5083,436,0,1,zip,1.2,40.551338,-81.483514,registry_stand_in
1044,1033,Rochester Dermatologic Surgery,0,Victor,NY,14564,Ontario,36069,0,4963,383,5,6,zip,0.4,42.986733,-77.434439,registry_stand_in
1045,1035,Wake Forest University School of Medicine,0,Winston-Salem,NC,27013,Rowan,37159,0,4896,733,11,1,zip,1.1,35.750492,-80.700075,registry_stand_in
1046,1036,942-D,0,El Dorado,KS,67042,Butler,20015,0,4877,171,4,2,zip,3.5,37.857264,-96.780718,registry_stand_in
1047,1037,Susan B. Allen Memorial Hosptial,0,El Dorado,KS,67042,Butler,20015,0,4877,171,4,1,zip,3.5,37.857264,-96.780718,registry_stand_in
1048,1038,UPMC Hillman Cancer Center - Uniontown,0,Uniontown,PA,15401,Fayette,42051,0,4849,687,13,3,zip,0.1,39.900708,-79.747923,registry_stand_in
1049,1039,UPMC Uniontown,0,Uniontown,PA,15401,Fayette,42051,0,4849,687,13,1,zip,0.1,39.900708,-79.747923,registry_stand_in
1050,1040,Medication Management,0,Greensboro,NC,27408,Guilford,37081,0,4770,572,18,1,zip,0.4,36.103667,-79.813712,registry_stand_in
1051,1041,"Medication Management, LLC",0,Greensboro,NC,27408,Guilford,37081,0,4770,572,18,3,zip,0.4,36.103667,-79.813712,registry_stand_in
1052,1042,Site reference,1,Greensboro,NC,27408,Guilford,37081,0,4770,572,18,1,zip,0.4,36.103667,-79.813712,registry_stand_in
1053,1043,Unified Women's Clinical Research-Greensboro,0,Greensboro,NC,27408,Guilford,37081,0,4770,572,18,3,zip,0.4,36.103667,-79.813712,registry_stand_in
1054,1044,Cape Fear Valley Cancer Center,0,Fayetteville,NC,28303,Cumberland,37051,0,4705,406,2,1,zip,0.4,35.085631,-78.959361,registry_stand_in
1055,1045,Cape Fear Valley Health Systems - Cancer Center,0,Fayetteville,NC,28304,Cumberland,37051,0,4705,334,2,1,zip,1.1,35.025528,-78.989604,registry_stand_in
1056,1046,Carolina Institute For Clinical Research,0,Fayetteville,NC,28304,Cumberland,37051,0,4705,334,2,1,zip,1.1,35.025528,-78.989604,registry_stand_in
1057,1047,Carolina Institute for Clinical Research - Fayetteville,0,Fayetteville,NC,28303,Cumberland,37051,0,4705,406,2,1,zip,0.4,35.085631,-78.959361,registry_stand_in
1058,1048,"Carolinas Medical Center, Levine Cancer Institute",0,Charlotte,NC,28303,Cumberland,37051,0,4705,406,2,1,zip,0.4,35.085631,-78.959361,registry_stand_in
1059,1049,Cinical Study Site,1,Fayetteville,NC,28304,Cumberland,37051,0,4705,334,2,1,zip,1.1,35.025528,-78.989604,registry_stand_in
1060,1050,Duplicate_Unified Women's Clinical Research-Fayetteville,0,Fayetteville,NC,28304,Cumberland,37051,0,4705,334,2,1,zip,1.1,35.025528,-78.989604,registry_stand_in
1061,1051,Crossroads Clinical Research Inc,0,Mooresville,NC,28117,Iredell,37097,0,4530,847,12,1,zip,1.7,35.574965,-80.894155,registry_stand_in
1062,1052,Lake Norman Hematology Oncology Specialists-Mooresville,0,Mooresville,NC,28117,Iredell,37097,0,4530,847,12,2,zip,1.7,35.574965,-80.894155,registry_stand_in
1063,1054,Coastal Family Medicine - Orange Park,0,Orange Park,FL,32073,Clay,12019,0,4460,399,3,2,zip,0.5,30.167711,-81.739816,registry_stand_in
1064,1055,HCA Florida First Coast Neurology- Orange Park,0,Orange Park,FL,32073,Clay,12019,0,4460,399,3,1,zip,0.5,30.167711,-81.739816,registry_stand_in
1065,1056,Park Avenue Dermatology,0,Orange Park,FL,32073,Clay,12019,0,4460,399,3,2,zip,0.5,30.167711,-81.739816,registry_stand_in
1066,1057,Park Avenue Dermatology Administration Annex,0,Orange Park,FL,32073,Clay,12019,0,4460,399,3,1,zip,0.5,30.167711,-81.739816,registry_stand_in
1067,1058,Park Avenue Dermatology Administrative Annex,0,Orange Park,FL,32073,Clay,12019,0,4460,399,3,1,zip,0.5,30.167711,-81.739816,registry_stand_in
1068,1059,"Park Avenue Dermatology, PA",0,Orange Park,FL,32073,Clay,12019,0,4460,399,3,1,zip,0.5,30.167711,-81.739816,registry_stand_in
1069,1060,Carolina Urologic Research Center,0,Myrtle Beach,SC,29272,Richland,45079,0,4429,148,3,1,city,0.6,33.71039,-78.886024,registry_stand_in
1070,1065,AC Clinical Research,0,Tiffin,OH,44883,Seneca,39147,0,4371,410,0,1,zip,0.3,41.124173,-83.173639,registry_stand_in
1071,1067,Cone Heath Cancer Center at Mebane,0,Mebane,NC,27302,Alamance,37001,0,4318,656,8,17,zip,2.0,36.135763,-79.263348,registry_stand_in
1072,1068,"Virginia Oncology Associates,744 N. Battlefield Blvd",0,Chesapeake,VA,23320,Chesapeake,51550,0,4314,493,5,2,zip,0.4,36.751734,-76.217637,registry_stand_in
1073,1069,Virginia Oncology Associates-Chesapeake,0,Chesapeake,VA,23320,Chesapeake,51550,0,4314,493,5,1,zip,0.4,36.751734,-76.217637,registry_stand_in
1074,1070,Endo,0,Georgetown,TX,78628,Williamson,48491,0,4296,554,7,1,zip,2.2,30.664543,-97.778616,registry_stand_in
1075,1071,Endo Clinical Trial,0,Georgetown,TX,78628,Williamson,48491,0,4296,554,7,2,zip,2.2,30.664543,-97.778616,registry_stand_in
1076,1072,SUN-131-03 Investigational Site,1,Cedar Park,TX,78613,Williamson,48491,0,4296,579,7,1,zip,0.2,30.507079,-97.819464,registry_stand_in
1077,1073,926-D,0,Stuart,FL,34994,Martin,12085,0,4224,493,4,1,zip,0.1,27.199535,-80.255952,registry_stand_in
1078,1074,926d,0,Stuart,FL,34994,Martin,12085,0,4224,493,4,1,zip,0.1,27.199535,-80.255952,registry_stand_in
1079,1075,Brain Matters Research,0,Stuart,FL,34994,Martin,12085,0,4224,493,4,2,zip,0.1,27.199535,-80.255952,registry_stand_in
1080,1076,Clinical Trial Site,1,Stuart,FL,34994,Martin,12085,0,4224,493,4,1,zip,0.1,27.199535,-80.255952,registry_stand_in
1081,1077,Florida Cancer Specialist - East,0,Stuart,FL,34994,Martin,12085,0,4224,493,4,1,zip,0.1,27.199535,-80.255952,registry_stand_in
1082,1078,Florida Cancer Specialists,0,Stuart,FL,34994,Martin,12085,0,4224,493,4,5,zip,0.1,27.199535,-80.255952,registry_stand_in
1083,1079,Florida Cancer Specialists East,0,Stuart,FL,34994,Martin,12085,0,4224,493,4,2,zip,0.1,27.199535,-80.255952,registry_stand_in
1084,1080,Martin Health System Center,0,Stuart,FL,34994,Martin,12085,0,4224,493,4,1,zip,0.1,27.199535,-80.255952,registry_stand_in
1085,1081,Robert and Carol Weissman Cancer Center at Martin Health,0,Stuart,FL,34994,Martin,12085,0,4224,493,4,1,zip,0.1,27.199535,-80.255952,registry_stand_in
1086,1082,"SCRI - Florida Cancer Specialists - West Palm Beach,301 SE Ocean Blvd, Suite 102",0,Stuart,FL,34994,Martin,12085,0,4224,493,4,1,zip,0.1,27.199535,-80.255952,registry_stand_in
1087,1083,Covenant Health Oncology Group - Maryville,0,Maryville,TN,37804,Blount,47009,0,4198,298,1,4,zip,0.5,35.792283,-83.893161,registry_stand_in
1088,1084,Thompson Cancer Survival Center,0,Knoxville,TN,37804,Blount,47009,0,4198,298,1,1,zip,0.5,35.792283,-83.893161,registry_stand_in
1089,1085,Thompson Oncology Group-Maryville,0,Maryville,TN,37804,Blount,47009,0,4198,298,1,1,zip,0.5,35.792283,-83.893161,registry_stand_in
1090,1086,Blue Ridge Cancer Care Oncology Associates SW VA,0,Blacksburg,VA,24060,Montgomery,51121,0,4168,145,16,1,zip,0.3,37.260526,-80.416722,registry_stand_in
1091,1087,Blue Ridge Cancer Care - Wytheville,0,Blacksburg,VA,24060,Montgomery,51121,0,4168,145,16,1,zip,0.3,37.260526,-80.416722,registry_stand_in
1092,1088,BRCC/Oncology & Hematology Associates of SW Virginia,0,Blacksburg,VA,24060,Montgomery,51121,0,4168,145,16,1,zip,0.3,37.260526,-80.416722,registry_stand_in
1093,1089,Exelixis,0,Blacksburg,VA,24060,Montgomery,51121,0,4168,145,16,1,zip,0.3,37.260526,-80.416722,registry_stand_in
1094,1090,Oncology and Hematology Associates of Southwest Virginia (Blacksburg,0,Blacksburg,VA,24060,Montgomery,51121,0,4168,145,16,1,zip,0.3,37.260526,-80.416722,registry_stand_in
1095,1091,Oncology and Hematology Associates of Southwest Virginia (Blacksburg) - USOR,0,Blacksburg,VA,24060,Montgomery,51121,0,4168,145,16,1,zip,0.3,37.260526,-80.416722,registry_stand_in
1096,1092,"Oncology and Hematology Associates of Southwest Virginia, Inc",0,Blacksburg,VA,24060,Montgomery,51121,0,4168,145,16,1,zip,0.3,37.260526,-80.416722,registry_stand_in
1097,1093,"Oncology and Hematology Associates of Southwest Virginia, Inc.,-Blacksburg",0,Blacksburg,VA,24060,Montgomery,51121,0,4168,145,16,1,zip,0.3,37.260526,-80.416722,registry_stand_in
1098,1094,"Oncology and Hematology Associates of Southwest Virginia, Inc., DBA Blue Ridge Cancer Care",0,Blacksburg,VA,24060,Montgomery,51121,0,4168,145,16,4,zip,0.3,37.260526,-80.416722,registry_stand_in
1099,1095,"Oncology and Hematology Associates of Southwest Virginia, Inc (Us Oncology Research",0,Blacksburg,VA,24060,Montgomery,51121,0,4168,145,16,1,zip,0.3,37.260526,-80.416722,registry_stand_in
1100,1096,"Oncology Associates of Southwest Virginia, Inc.",0,Blacksburg,VA,24060,Montgomery,51121,0,4168,145,16,1,zip,0.3,37.260526,-80.416722,registry_stand_in
1101,1097,"Oncology & Hematology Assoc. SW Virginia, Inc., DBA Blue Ridge Cancer Care",0,Blacksburg,VA,24060,Montgomery,51121,0,4168,145,16,2,zip,0.3,37.260526,-80.416722,registry_stand_in
1102,1098,Oncology & Hematology Associates of SW Virginia,0,Blacksburg,VA,24060,Montgomery,51121,0,4168,145,16,1,zip,0.3,37.260526,-80.416722,registry_stand_in
1103,1099,GSK Investigational Site,1,Clifton Park,NY,12065,Saratoga,36091,0,4140,391,5,1,zip,0.6,42.852284,-73.785597,registry_stand_in
1104,1100,"New York Oncology Hematology, P.C.",0,Clifton Park,NY,12065,Saratoga,36091,0,4140,391,5,4,zip,0.6,42.852284,-73.785597,registry_stand_in
1105,1101,New York Oncology Hematology Pc.,0,Clifton Park,NY,12065,Saratoga,36091,0,4140,391,5,1,zip,0.6,42.852284,-73.785597,registry_stand_in
1106,1102,Waldo Count General Hospital - Belfast,0,Belfast,ME,04915,Waldo,23027,0,4058,117,4,1,zip,1.3,44.463502,-69.037571,registry_stand_in
1107,1103,014-029,0,Goshen,IN,46526,Elkhart,18039,0,4045,327,10,1,zip,1.0,41.558788,-85.87665,registry_stand_in
1108,1104,122,0,Goshen,IN,46526,Elkhart,18039,0,4045,327,10,1,zip,1.0,41.558788,-85.87665,registry_stand_in
1109,1105,943,0,Goshen,IN,46526,Elkhart,18039,0,4045,327,10,1,zip,1.0,41.558788,-85.87665,registry_stand_in
1110,1106,Goshen Health,0,Goshen,IN,46526,Elkhart,18039,0,4045,327,10,3,zip,1.0,41.558788,-85.87665,registry_stand_in
1111,1107,Goshen Health- Goshen Hospital,0,Goshen,IN,46526,Elkhart,18039,0,4045,327,10,1,zip,1.0,41.558788,-85.87665,registry_stand_in
1112,1108,Goshen Health System,0,Goshen,IN,46526,Elkhart,18039,0,4045,327,10,2,zip,1.0,41.558788,-85.87665,registry_stand_in
1113,1109,Goshen Health Systems,0,Goshen,IN,46526,Elkhart,18039,0,4045,327,10,1,zip,1.0,41.558788,-85.87665,registry_stand_in
1114,1110,Indian Univ Health Goshen Center forCancer,0,Goshen,IN,46526,Elkhart,18039,0,4045,327,10,1,zip,1.0,41.558788,-85.87665,registry_stand_in
1115,1111,Indian Univ Health Goshen Center forCancer SC,0,Goshen,IN,46526,Elkhart,18039,0,4045,327,10,1,zip,1.0,41.558788,-85.87665,registry_stand_in
1116,1112,Indiana University Health Goshen Center for Cancer Care,0,Goshen,IN,46526,Elkhart,18039,0,4045,327,10,1,zip,1.0,41.558788,-85.87665,registry_stand_in
1117,1113,Hardin Memorial Hospital,0,Elizabethtown,KY,42701,Hardin,21093,0,4035,370,10,4,zip,0.3,37.703239,-85.839548,registry_stand_in
1118,1114,Virginia Cancer Specialists,0,Warrenton,VA,20186,Fauquier,51061,0,3999,1253,0,1,zip,1.7,38.687799,-77.839607,registry_stand_in
1119,1115,"Garneau, Stewart C MD (UIA Investigator",0,Moline,IL,61265,Rock Island,17161,0,3886,185,9,1,zip,0.4,41.480697,-90.487167,registry_stand_in
1120,1116,Genesis Cancer Center - Silvis,0,Silvis,IL,61282,Rock Island,17161,0,3886,184,9,10,zip,0.3,41.496716,-90.411691,registry_stand_in
1121,1117,MercyOne Genesis Silvis Cancer Center,0,Silvis,IL,61282,Rock Island,17161,0,3886,184,9,10,zip,0.3,41.496716,-90.411691,registry_stand_in
1122,1118,"Spector, David MD (UIA Investigator",0,Moline,IL,61265,Rock Island,17161,0,3886,185,9,1,zip,0.4,41.480697,-90.487167,registry_stand_in
1123,1119,"Constantinou, Costas L MD (UIA Investigator",0,Bettendorf,IA,52722,Scott,19163,0,3886,177,16,1,zip,1.8,41.570155,-90.470122,registry_stand_in
1124,1120,Genesis Cancer Care Institute,0,Davenport,IA,52804,Scott,19163,0,3886,177,16,10,zip,1.7,41.532477,-90.681245,registry_stand_in
1125,1121,MercyOne Genesis Davenport Cancer Center,0,Davenport,IA,52804,Scott,19163,0,3886,177,16,10,zip,1.7,41.532477,-90.681245,registry_stand_in
1126,1122,"North Mississippi Hematology & Oncology Associates, Ltd.",0,Tupelo,MS,38801,Lee,28081,0,3877,113,3,1,zip,0.7,34.222629,-88.774588,registry_stand_in
1127,1123,North Mississippi Medical Center Hematology and Oncology Clinic,0,Tupelo,MS,38801,Lee,28081,0,3877,113,3,1,zip,0.7,34.222629,-88.774588,registry_stand_in
1128,1124,North Mississippi Medical Center - Hematology and Oncology - Tupelo,0,Tupelo,MS,38801,Lee,28081,0,3877,113,3,1,zip,0.7,34.222629,-88.774588,registry_stand_in
1129,1125,"North MS Medical Clinics, Inc.",0,Tupelo,MS,38801,Lee,28081,0,3877,113,3,1,zip,0.7,34.222629,-88.774588,registry_stand_in
1130,1126,Methodist Richardson Medical Center- Cancer Center,0,Richardson,TX,75082,Collin,48085,0,3697,1631,12,1,zip,0.1,32.994599,-96.666758,registry_stand_in
1131,1127,Hematology Oncology Associates of Central New York-Auburn,0,Auburn,NY,13021,Cayuga,36011,0,3696,381,1,18,zip,0.2,42.917704,-76.554611,registry_stand_in
1132,1128,Sentara Cancer Institute at Sentara CarePlex Hospital,0,Hampton,VA,23666,Hampton,51650,0,3669,506,5,4,zip,0.2,37.057009,-76.408083,registry_stand_in
1133,1129,Velocity Clinical Hampton,0,Hampton,VA,23666,Hampton,51650,0,3669,506,5,1,zip,0.2,37.057009,-76.408083,registry_stand_in
1134,1130,Virginia Oncology Associates-Hampton,0,Hampton,VA,23666,Hampton,51650,0,3669,506,5,1,zip,0.2,37.057009,-76.408083,registry_stand_in
1135,1131,882,0,Newport News,VA,23606,Newport News,51700,0,3669,507,7,1,zip,1.3,37.065696,-76.516665,registry_stand_in
1136,1132,"Health Research of Hampton Roads, Inc.",0,Newport News,VA,23606,Newport News,51700,0,3669,507,7,1,zip,1.3,37.065696,-76.516665,registry_stand_in
1137,1133,Newport News,1,Newport News,VA,23606,Newport News,51700,0,3669,507,7,1,zip,1.3,37.065696,-76.516665,registry_stand_in
1138,1134,Peninsula Cancer Institute,0,Newport News,VA,23601,Newport News,51700,0,3669,509,7,3,zip,0.5,37.037855,-76.479809,registry_stand_in
1139,1135,"Peninsula Cancer Institute, LLC",0,Newport News,VA,23601,Newport News,51700,0,3669,509,7,1,zip,0.5,37.037855,-76.479809,registry_stand_in
1140,1136,"Virginia Oncology Associates,1051 Loftis Blvd Suite 100",0,Newport News,VA,23606,Newport News,51700,0,3669,507,7,2,zip,1.3,37.065696,-76.516665,registry_stand_in
1141,1137,Virginia Oncology Associates - New Port News,0,Newport News,VA,23606,Newport News,51700,0,3669,507,7,1,zip,1.3,37.065696,-76.516665,registry_stand_in
1142,1138,Virginia Oncology Associates-Newport News,0,Newport News,VA,23606,Newport News,51700,0,3669,507,7,1,zip,1.3,37.065696,-76.516665,registry_stand_in
1143,1139,Bay Hematology Oncology,0,Easton,MD,21601,Talbot,24041,0,3587,378,7,1,zip,0.6,38.792467,-76.087881,registry_stand_in
1144,1140,976-G,0,Provo,UT,84604,Utah,49049,0,3525,446,5,1,zip,2.1,40.318664,-111.576954,registry_stand_in
1145,1141,Baxter Investigational Site,1,Provo,UT,84604,Utah,49049,0,3525,446,5,1,zip,2.1,40.318664,-111.576954,registry_stand_in
1146,1142,Utah Cancer Specialists,0,Orem,UT,84057,Utah,49049,0,3525,456,5,1,zip,0.4,40.314256,-111.709495,registry_stand_in
1147,1143,Utah Valley Hospital,0,Provo,UT,84604,Utah,49049,0,3525,446,5,1,zip,2.1,40.318664,-111.576954,registry_stand_in
1148,1144,"Community Health Network, Inc.",0,Indianapolis,IN,46184,Johnson,18081,0,3453,545,6,1,zip,1.7,39.558123,-86.066946,registry_stand_in
1149,1145,Urology Indiana LLC,0,Greenwood,IN,46143,Johnson,18081,0,3453,542,6,1,zip,2.0,39.595658,-86.113954,registry_stand_in
1150,1146,Austin Institute of Clinical Research - Dripping Springs,0,Dripping Springs,TX,78620,Hays,48209,0,3450,482,1,1,zip,3.7,30.225607,-98.136297,registry_stand_in
1151,1148,Genesis Cancer Care Center,0,Zanesville,OH,43701,Muskingum,39119,0,3354,393,15,2,zip,0.2,39.963961,-81.995711,registry_stand_in
1152,1149,Genesis Health Care Center,0,Zanesville,OH,43701,Muskingum,39119,0,3354,393,15,1,zip,0.2,39.963961,-81.995711,registry_stand_in
1153,1150,Genesis Health Care System,0,Zanesville,OH,43701,Muskingum,39119,0,3354,393,15,1,zip,0.2,39.963961,-81.995711,registry_stand_in
1154,1151,Moses H Cone Memorial Hospital,0,Greensboro,NC,27401,Guilford,37081,0,3342,591,18,2,zip,0.1,36.070822,-79.767692,registry_stand_in
1155,1152,Bon Secours/Good Samaritan Hospital,0,New York,NY,10901,Rockland,36087,0,3327,4394,4,1,zip,1.2,41.155398,-74.129008,registry_stand_in
1156,1153,Wilmot Cancer Center at Batavia,0,Batavia,NY,14020,Genesee,36037,0,3306,641,0,1,zip,0.2,42.99619,-78.213412,registry_stand_in
1157,1154,University Physicians at Oswego,0,Oswego,NY,13126,Oswego,36075,0,3257,254,12,1,zip,1.2,43.438798,-76.457454,registry_stand_in
1158,1155,Upstate Cancer Radiation Oncology at Oswego,0,Oswego,NY,13126,Oswego,36075,0,3257,254,12,1,zip,1.2,43.438798,-76.457454,registry_stand_in
1159,1156,Marshall Hospital,0,Placerville,CA,95667,El Dorado,06017,0,3238,511,12,1,zip,0.1,38.733395,-120.791347,registry_stand_in
1160,1157,Bluffton,1,Bluffton,SC,29910,Beaufort,45013,0,3229,178,15,4,zip,1.2,32.217824,-80.894994,registry_stand_in
1161,1158,Gwinnett Medical Center,0,Lawrenceville,GA,30046,Gwinnett,13135,0,3203,1510,10,3,zip,0.3,33.949702,-83.993451,registry_stand_in
1162,1159,NHCI Suburban Hematology-oncology Associates - lawrenceville,0,Lawrenceville,GA,30046,Gwinnett,13135,0,3203,1510,10,1,zip,0.3,33.949702,-83.993451,registry_stand_in
1163,1160,Suburban Hematology-Oncology Associates,0,Lawrenceville,GA,30046,Gwinnett,13135,0,3203,1510,10,1,zip,0.3,33.949702,-83.993451,registry_stand_in
1164,1161,Suburban Hematology-Oncology Associates- Lawrenceville,0,Lawrenceville,GA,30046,Gwinnett,13135,0,3203,1510,10,1,zip,0.3,33.949702,-83.993451,registry_stand_in
1165,1162,"Suburban Hematology-Oncology Associates, PC - Lawrenceville",0,Lawrenceville,GA,30046,Gwinnett,13135,0,3203,1510,10,1,zip,0.3,33.949702,-83.993451,registry_stand_in
1166,1163,SCRI FCS South- Naples/Goodlette,0,Naples,FL,34119,Collier,12021,0,3132,302,3,1,zip,1.5,26.263933,-81.717462,registry_stand_in
1167,1164,"West Virginia University Cancer Institute, Wheeling Hospital",0,Wheeling,WV,26003,Ohio,54069,0,3132,471,10,1,zip,1.4,40.069192,-80.650635,registry_stand_in
1168,1165,Wheeling Hospital,0,Wheeling,WV,26003,Ohio,54069,0,3132,471,10,1,zip,1.4,40.069192,-80.650635,registry_stand_in
1169,1166,New Hampshire Oncology & Hematology,0,Concord,NH,03301,Merrimack,33013,0,3099,518,12,1,zip,0.4,43.238596,-71.556261,registry_stand_in
1170,1167,NH Oncology (Concord,0,Concord,NH,03301,Merrimack,33013,0,3099,518,12,1,zip,0.4,43.238596,-71.556261,registry_stand_in
1171,1168,Memorial Regional Cancer Center Day Road,0,Mishawaka,IN,46545,St. Joseph,18141,0,3003,341,5,13,zip,2.0,41.693491,-86.146569,registry_stand_in
1172,1169,"Michiana Hematology Oncology, PC",0,Mishawaka,IN,46545,St. Joseph,18141,0,3003,341,5,1,zip,2.0,41.693491,-86.146569,registry_stand_in
1173,1170,Mishawaka,1,Mishawaka,IN,46545,St. Joseph,18141,0,3003,341,5,1,zip,2.0,41.693491,-86.146569,registry_stand_in
1174,1171,Piedmont Medical Group Research of Rocky Mount,0,Rocky Mount,NC,27804,Nash,37127,0,2971,348,0,1,zip,0.8,35.989164,-77.842711,registry_stand_in
1175,1172,UNC Cancer Care at Nash,0,Rocky Mount,NC,27804,Nash,37127,0,2971,348,0,1,zip,0.8,35.989164,-77.842711,registry_stand_in
1176,1173,UNC Nash Cancer Center,0,Rocky Mount,NC,27804,Nash,37127,0,2971,348,0,1,zip,0.8,35.989164,-77.842711,registry_stand_in
1177,1174,Johnston Hematology and Oncology of Clayton,0,Clayton,NC,27570,Warren,37185,0,2971,328,0,1,zip,0.2,36.438631,-78.236608,registry_stand_in
1178,1175,"AIM Trials, LLC",0,Plano,TX,75093,Collin,48085,0,2969,1651,12,1,zip,1.0,33.034224,-96.811608,registry_stand_in
1179,1176,Arrivent Investigative Site,1,Plano,TX,75093,Collin,48085,0,2969,1651,12,1,zip,1.0,33.034224,-96.811608,registry_stand_in
1180,1177,Plano Cancer Institute,0,Plano,TX,75093,Collin,48085,0,2969,1651,12,1,zip,1.0,33.034224,-96.811608,registry_stand_in
1181,1178,Texas Health Physicians Group,0,Plano,TX,75093,Collin,48085,0,2969,1651,12,1,zip,1.0,33.034224,-96.811608,registry_stand_in
1182,1179,Texas Institute for Neurological Disorders,0,Sherman,TX,75093,Collin,48085,0,2969,1651,12,1,zip,1.0,33.034224,-96.811608,registry_stand_in
1183,1180,"Texas Oncology, P.A.",0,Plano,TX,75093,Collin,48085,0,2969,1651,12,2,zip,1.0,33.034224,-96.811608,registry_stand_in
1184,1181,Bon Secours Health Center at Harbour View,0,Suffolk,VA,23435,Suffolk,51800,0,2952,504,1,14,zip,1.0,36.848602,-76.472899,registry_stand_in
1185,1182,Suffolk Multispecialty Research LLC,0,Suffolk,VA,23435,Suffolk,51800,0,2952,504,1,1,zip,1.0,36.848602,-76.472899,registry_stand_in
1186,1183,781,0,South Bend,IN,46601,St. Joseph,18141,0,2907,371,5,1,zip,0.1,41.670274,-86.252661,registry_stand_in
1187,1184,Arrivent Investigative Site,1,South Bend,IN,46601,St. Joseph,18141,0,2907,371,5,1,zip,0.1,41.670274,-86.252661,registry_stand_in
1188,1185,Beacon Health,0,South Bend,IN,46601,St. Joseph,18141,0,2907,371,5,1,zip,0.1,41.670274,-86.252661,registry_stand_in
1189,1186,Beacon Health (JIT,0,South Bend,IN,46601,St. Joseph,18141,0,2907,371,5,1,zip,0.1,41.670274,-86.252661,registry_stand_in
1190,1187,Beacon Health System Memorial Regional Cancer Center,0,South Bend,IN,46601,St. Joseph,18141,0,2907,371,5,1,zip,0.1,41.670274,-86.252661,registry_stand_in
1191,1188,Memorial Hospital at South Bend,0,South Bend,IN,46601,St. Joseph,18141,0,2907,371,5,1,zip,0.1,41.670274,-86.252661,registry_stand_in
1192,1189,"The South Bend Clinic,LLC",0,South Bend,IN,46617,St. Joseph,18141,0,2907,359,5,1,zip,0.1,41.684553,-86.234758,registry_stand_in
1193,1190,Carilion Clinic Gynecological Oncology,0,Roanoke,VA,24106,Giles,51071,0,2906,212,1,1,city,0.4,37.278458,-79.958174,registry_stand_in
1194,1191,Palm Beach Dermatology Group,0,Palm Beach,FL,33848,Osceola,12097,0,2874,697,12,1,zip,1.2,28.275975,-81.50822,registry_stand_in
1195,1192,Mary Lanning Healthcare - Morrison Cancer Center,0,Hastings,NE,68901,Adams,31001,0,2844,52,4,1,zip,0.6,40.590946,-98.366104,registry_stand_in
1196,1193,Nebraska Cancer Specialists/Oncology Hematology West PC - Hastings,0,Hastings,NE,68901,Adams,31001,0,2844,52,4,1,zip,0.6,40.590946,-98.366104,registry_stand_in
1197,1194,"Kinston Medical Specialists, P.A.",0,Kinston,NC,28501,Lenoir,37107,0,2779,259,3,1,zip,1.0,35.239084,-77.527194,registry_stand_in
1198,1195,Lenoir Memorial Hospital,0,Kinston,NC,28501,Lenoir,37107,0,2779,259,3,1,zip,1.0,35.239084,-77.527194,registry_stand_in
1199,1196,Vidant Oncology-Kinston,0,Kinston,NC,28501,Lenoir,37107,0,2779,259,3,9,zip,1.0,35.239084,-77.527194,registry_stand_in
1200,1197,Stuart,1,Stuart,FL,34996,Martin,12085,0,2735,450,4,1,zip,1.3,27.188173,-80.1878,registry_stand_in
1201,1198,Treasure Coast Research,0,Stuart,FL,34996,Martin,12085,0,2735,450,4,1,zip,1.3,27.188173,-80.1878,registry_stand_in
1202,1199,"FMC Science, LLC - OB/GYN - Georgetown",0,Georgetown,TX,78626,Williamson,48491,0,2675,573,7,1,zip,1.1,30.657895,-97.617843,registry_stand_in
1203,1200,Kenansville Medical Center,0,Kenansville,NC,28349,Duplin,37061,0,2603,241,1,1,zip,0.6,34.981159,-77.927059,registry_stand_in
1204,1201,Vidant Oncology-Kenansville,0,Kenansville,NC,28349,Duplin,37061,0,2603,241,1,6,zip,0.6,34.981159,-77.927059,registry_stand_in
1205,1202,Carolina Blood and Cancer Care Associates,0,Rock Hill,SC,29732,York,45091,0,2350,724,10,2,zip,0.6,34.970716,-81.081364,registry_stand_in
1206,1203,Carolina Blood and Cancer Care Associates PA,0,Rock Hill,SC,29732,York,45091,0,2350,724,10,2,zip,0.6,34.970716,-81.081364,registry_stand_in
1207,1204,Carolina Blood and Cancer Care of South Carolina,0,Rock Hill,SC,29732,York,45091,0,2350,724,10,1,zip,0.6,34.970716,-81.081364,registry_stand_in
1208,1205,GC2202,0,Rockville,SC,29732,York,45091,0,2350,724,10,1,zip,0.6,34.970716,-81.081364,registry_stand_in
1209,1206,Steward Medical Group,0,Easton,MA,02356,Bristol,25005,0,2299,1578,2,1,zip,1.7,42.060539,-71.119671,registry_stand_in
1210,1207,University Of Mississippi Medical Center,0,Jackson,MS,39313,Lauderdale,28075,0,2285,186,0,1,city,1.9,32.315834,-90.21285,registry_stand_in
1211,1208,Morphosys Research site,1,Jackson,MS,39126,Madison,28089,0,2285,186,0,1,city,1.9,32.315834,-90.21285,registry_stand_in
1212,1210,"White River Junction VA Medical Center, White River Junction, VT",0,White River Junction,VT,05001,Windsor,50027,0,2162,113,3,1,zip,1.2,43.683726,-72.376002,registry_stand_in
1213,1211,976-F,0,American Fork,UT,84003,Utah,49049,0,2155,455,5,1,zip,1.6,40.471654,-111.68059,registry_stand_in
1214,1212,American Fork Hospital,0,American Fork,UT,84003,Utah,49049,0,2155,455,5,1,zip,1.6,40.471654,-111.68059,registry_stand_in
1215,1213,Pleasant Grove,1,Pleasant Grove,UT,84062,Utah,49049,0,2155,455,5,1,zip,3.0,40.383842,-111.681871,registry_stand_in
1216,1214,Atlanta Gynecology Research Institute,0,Suwanee,GA,30024,Gwinnett,13135,0,2147,1485,10,2,zip,0.7,34.063485,-84.0911,registry_stand_in
1217,1215,Clinical Research Consultants of Atlanta,0,Suwanee,GA,30024,Gwinnett,13135,0,2147,1485,10,1,zip,0.7,34.063485,-84.0911,registry_stand_in
1218,1216,Duplicate_Atlanta Gynecology Research Institute,0,Suwanee,GA,30024,Gwinnett,13135,0,2147,1485,10,1,zip,0.7,34.063485,-84.0911,registry_stand_in
1219,1217,Endo,0,Lawrenceville,GA,30043,Gwinnett,13135,0,2147,1485,10,1,zip,0.9,34.010038,-84.005043,registry_stand_in
1220,1218,Endo Clinical Trial,0,Lawrenceville,GA,30043,Gwinnett,13135,0,2147,1485,10,2,zip,0.9,34.010038,-84.005043,registry_stand_in
1221,1219,NSC Research,0,Johns Creek,GA,30024,Gwinnett,13135,0,2147,1485,10,1,zip,0.7,34.063485,-84.0911,registry_stand_in
1222,1220,967,0,Salem,OR,97301,Marion,41047,0,2054,607,11,1,zip,0.8,44.951839,-123.006246,registry_stand_in
1223,1221,Arrivent Investigative Site,1,Salem,OR,97301,Marion,41047,0,2054,607,11,1,zip,0.8,44.951839,-123.006246,registry_stand_in
1224,1222,Oregon Oncology Specialists in Salem,0,Salem,OR,97301,Marion,41047,0,2054,607,11,1,zip,0.8,44.951839,-123.006246,registry_stand_in
1225,1223,Houston Medical Imaging,0,Pearland,TX,77581,Brazoria,48039,0,2044,1534,8,1,zip,0.4,29.561597,-95.279759,registry_stand_in
1226,1224,Pearland,1,Pearland,TX,77584,Brazoria,48039,0,2044,1494,8,2,zip,3.5,29.545041,-95.350692,registry_stand_in
1227,1225,"Advances in Health, Inc.",0,Pearland,TX,77854,Brazos,48041,0,2044,1525,2,1,city,2.3,29.555732,-95.323012,registry_stand_in
1228,1226,Clark Memorial Hospital Radiology,0,Jeffersonville,IN,47130,Clark,18019,0,1963,452,8,1,zip,0.9,38.332415,-85.696087,registry_stand_in
1229,1227,Jeffersonville,1,Jeffersonville,IN,47130,Clark,18019,0,1963,452,8,1,zip,0.9,38.332415,-85.696087,registry_stand_in
1230,1228,Site US10007,1,Jeffersonville,IN,47130,Clark,18019,0,1963,452,8,1,zip,0.9,38.332415,-85.696087,registry_stand_in
1231,1229,Site US10009,1,Jeffersonville,IN,47130,Clark,18019,0,1963,452,8,1,zip,0.9,38.332415,-85.696087,registry_stand_in
1232,1230,Site US10045,1,Jeffersonville,IN,47130,Clark,18019,0,1963,452,8,1,zip,0.9,38.332415,-85.696087,registry_stand_in
1233,1231,Jewish Hospital Medical Center South,0,Shepherdsville,KY,40165,Bullitt,21029,0,1938,443,0,78,zip,0.4,37.992776,-85.695936,registry_stand_in
1234,1232,Carilion Clinic-Gynecologic Oncology,0,Roanoke,VA,24016,Roanoke,51770,0,1932,208,9,1,zip,0.3,37.272053,-79.954991,registry_stand_in
1235,1233,GSK Investigational Site,1,Roanoke,VA,24016,Roanoke,51770,0,1932,208,9,1,zip,0.3,37.272053,-79.954991,registry_stand_in
1236,1234,814-B,0,Gainesville,VA,20155,Prince William,51153,0,1861,1543,12,2,zip,0.1,38.806662,-77.621357,registry_stand_in
1237,1235,814 - C,0,Gainesville,VA,20155,Prince William,51153,0,1861,1543,12,1,zip,0.1,38.806662,-77.621357,registry_stand_in
1238,1236,MorphoSys Research Site,1,Gainesville,VA,20155,Prince William,51153,0,1861,1543,12,1,zip,0.1,38.806662,-77.621357,registry_stand_in
1239,1237,USOR - Virginia Cancer Specialists - Gainesville Office,0,Gainesville,VA,20155,Prince William,51153,0,1861,1543,12,1,zip,0.1,38.806662,-77.621357,registry_stand_in
1240,1238,"USOR: Virginia Cancer Specialists, PC",0,Gainesville,VA,20155,Prince William,51153,0,1861,1543,12,1,zip,0.1,38.806662,-77.621357,registry_stand_in
1241,1239,Virginia Cancer Specialists,0,Gainesville,VA,20155,Prince William,51153,0,1861,1543,12,4,zip,0.1,38.806662,-77.621357,registry_stand_in
1242,1240,Virginia Cancer Specialists - Gainesville,0,Gainesville,VA,20155,Prince William,51153,0,1861,1543,12,1,zip,0.1,38.806662,-77.621357,registry_stand_in
1243,1241,Virginia Cancer Specialists - Gainsville,0,Gainesville,VA,20155,Prince William,51153,0,1861,1543,12,1,zip,0.1,38.806662,-77.621357,registry_stand_in
1244,1242,Fairview Northland Medical Center,0,Princeton,MN,55731,Lake,27075,0,1804,10,11,1,zip,4.8,47.996882,-91.753982,registry_stand_in
1245,1243,942-I,0,Newton,KS,67114,Harvey,20079,0,1713,189,4,2,zip,0.8,38.067626,-97.291649,registry_stand_in
1246,1244,Newton Medical Center,0,Newton,KS,67114,Harvey,20079,0,1713,189,4,1,zip,0.8,38.067626,-97.291649,registry_stand_in
1247,1245,Atrium Health/ Levine Cancer Institute,0,Monroe,NC,28112,Union,37179,0,1700,626,14,1,zip,0.6,34.889925,-80.549548,registry_stand_in
1248,1246,Levine Cancer Institute-Monroe,0,Monroe,NC,28112,Union,37179,0,1700,626,14,1,zip,0.6,34.889925,-80.549548,registry_stand_in
1249,1247,120E,0,Naples,FL,34102,Collier,12021,0,1685,287,3,1,zip,0.4,26.137498,-81.799105,registry_stand_in
1250,1248,922-F,0,Naples,FL,34102,Collier,12021,0,1685,287,3,2,zip,0.4,26.137498,-81.799105,registry_stand_in
1251,1249,922-G,0,Naples,FL,34102,Collier,12021,0,1685,287,3,2,zip,0.4,26.137498,-81.799105,registry_stand_in
1252,1250,922F,0,Naples,FL,34102,Collier,12021,0,1685,287,3,1,zip,0.4,26.137498,-81.799105,registry_stand_in
1253,1251,922G,0,Naples,FL,34102,Collier,12021,0,1685,287,3,1,zip,0.4,26.137498,-81.799105,registry_stand_in
1254,1252,"Advanced Research for Health Improvement, LLC (ARHI",0,Naples,FL,34102,Collier,12021,0,1685,287,3,1,zip,0.4,26.137498,-81.799105,registry_stand_in
1255,1253,Clinical Trial Site,1,Naples,FL,34102,Collier,12021,0,1685,287,3,1,zip,0.4,26.137498,-81.799105,registry_stand_in
1256,1254,"Florida Cancer Specialists,1100 Goodlette Road",0,Naples,FL,34102,Collier,12021,0,1685,287,3,2,zip,0.4,26.137498,-81.799105,registry_stand_in
1257,1255,"Florida Cancer Specialists,681 4th Avenue North",0,Naples,FL,34102,Collier,12021,0,1685,287,3,1,zip,0.4,26.137498,-81.799105,registry_stand_in
1258,1256,Florida Cancer Specialists NGD,0,Naples,FL,34102,Collier,12021,0,1685,287,3,1,zip,0.4,26.137498,-81.799105,registry_stand_in
1259,1257,Florida Cancer Specialists - South Division,0,Naples,FL,34102,Collier,12021,0,1685,287,3,1,zip,0.4,26.137498,-81.799105,registry_stand_in
1260,1258,Florida Cancer Specialists South / Sarah Cannon Research Institute,0,Naples,FL,34102,Collier,12021,0,1685,287,3,1,zip,0.4,26.137498,-81.799105,registry_stand_in
1261,1259,GI Pros,0,Naples,FL,34102,Collier,12021,0,1685,287,3,1,zip,0.4,26.137498,-81.799105,registry_stand_in
1262,1260,SCRI FCS South- Naples West,0,Naples,FL,34102,Collier,12021,0,1685,287,3,1,zip,0.4,26.137498,-81.799105,registry_stand_in
1263,1261,SCRI Florida Cancer Specialists South,0,Naples,FL,34102,Collier,12021,0,1685,287,3,1,zip,0.4,26.137498,-81.799105,registry_stand_in
1264,1262,Elliot Hospital,0,Manchester,NH,03103,Hillsborough,33011,0,1616,1176,13,11,zip,0.3,42.956116,-71.442385,registry_stand_in
1265,1263,Aclaris Investigational Site,1,New Albany,IN,47150,Floyd,18043,0,1539,444,5,2,zip,0.4,38.283804,-85.847721,registry_stand_in
1266,1264,Baptist Health Floyd Cancer Center,0,New Albany,IN,47150,Floyd,18043,0,1539,444,5,2,zip,0.4,38.283804,-85.847721,registry_stand_in
1267,1265,Cancer Care Center,0,New Albany,IN,47150,Floyd,18043,0,1539,444,5,1,zip,0.4,38.283804,-85.847721,registry_stand_in
1268,1266,DS Research,0,New Albany,IN,47150,Floyd,18043,0,1539,444,5,1,zip,0.4,38.283804,-85.847721,registry_stand_in
1269,1267,Floyd Memorial Cancer Center of Indiana,0,New Albany,IN,47150,Floyd,18043,0,1539,444,5,1,zip,0.4,38.283804,-85.847721,registry_stand_in
1270,1268,"Gastroenterology Health Partners, PLLC",0,New Albany,IN,47150,Floyd,18043,0,1539,444,5,1,zip,0.4,38.283804,-85.847721,registry_stand_in
1271,1269,554B,0,Abilene,TX,79606,Taylor,48441,0,1525,60,13,1,zip,2.1,32.362767,-99.817334,registry_stand_in
1272,1270,Arrivent Investigative Site,1,Abilene,TX,79606,Taylor,48441,0,1525,60,13,1,zip,2.1,32.362767,-99.817334,registry_stand_in
1273,1271,Texas Cancer Center,0,Abilene,TX,79606,Taylor,48441,0,1525,60,13,1,zip,2.1,32.362767,-99.817334,registry_stand_in
1274,1272,Texas Oncology,0,Abilene,TX,79606,Taylor,48441,0,1525,60,13,1,zip,2.1,32.362767,-99.817334,registry_stand_in
1275,1273,Texas Oncology-Abilene,0,Abilene,TX,79606,Taylor,48441,0,1525,60,13,1,zip,2.1,32.362767,-99.817334,registry_stand_in
1276,1274,"Texas Oncology, P.A.",0,Abilene,TX,79606,Taylor,48441,0,1525,60,13,1,zip,2.1,32.362767,-99.817334,registry_stand_in
1277,1275,USOR - Texas Oncology - Dallas Fort Worth (DFW) - Abilene,0,Abilene,TX,79606,Taylor,48441,0,1525,60,13,1,zip,2.1,32.362767,-99.817334,registry_stand_in
1278,1276,Vista Oncology (Shelton office,0,Shelton,WA,98584,Mason,53045,0,1522,126,3,1,zip,0.7,47.239729,-123.151915,registry_stand_in
1279,1277,Catholic Medical Center,0,Manchester,NH,03102,Hillsborough,33011,0,1483,1048,13,2,zip,0.6,43.011907,-71.491063,registry_stand_in
1280,1278,Dartmouth Cancer Center - Manchester,0,Manchester,NH,03102,Hillsborough,33011,0,1483,1048,13,1,zip,0.6,43.011907,-71.491063,registry_stand_in
1281,1279,Dartmouth Cancer Center - Manchester/ DCC Manchester,0,Manchester,NH,03104,Hillsborough,33011,0,1483,1100,13,8,zip,0.1,43.009552,-71.439782,registry_stand_in
1282,1280,Dartmouth-Hitchcock Medical Center,0,Manchester,NH,03104,Hillsborough,33011,0,1483,1100,13,1,zip,0.1,43.009552,-71.439782,registry_stand_in
1283,1281,Norris Cotton Cancer Center-Manchester,0,Manchester,NH,03102,Hillsborough,33011,0,1483,1048,13,6,zip,0.6,43.011907,-71.491063,registry_stand_in
1284,1282,New Hampshire Oncology Hematology PA,0,Hooksett,NH,03106,Merrimack,33013,0,1483,982,12,2,zip,0.6,43.081242,-71.446616,registry_stand_in
1285,1283,New Hampshire Oncology Hematology PA-Hooksett,0,Hooksett,NH,03106,Merrimack,33013,0,1483,982,12,3,zip,0.6,43.081242,-71.446616,registry_stand_in
1286,1284,Hollis Cancer Center,0,Lakeland,FL,33805,Polk,12105,0,1477,1039,19,1,zip,0.8,28.095476,-81.917942,registry_stand_in
1287,1285,Lakeland Regional Cancer Center,0,Lakeland,FL,33805,Polk,12105,0,1477,1039,19,1,zip,0.8,28.095476,-81.917942,registry_stand_in
1288,1286,Lakeland Regional Health,0,Lakeland,FL,33805,Polk,12105,0,1477,1039,19,1,zip,0.8,28.095476,-81.917942,registry_stand_in
1289,1287,Site US10057,1,Lakeland,FL,33805,Polk,12105,0,1477,1039,19,1,zip,0.8,28.095476,-81.917942,registry_stand_in
1290,1288,Watson Clinic,0,Lakeland,FL,33805,Polk,12105,0,1477,1039,19,1,zip,0.8,28.095476,-81.917942,registry_stand_in
1291,1289,Watson Clinic Cancer and Research Center,0,Lakeland,FL,33805,Polk,12105,0,1477,1039,19,2,zip,0.8,28.095476,-81.917942,registry_stand_in
1292,1290,Watson Clinic Center for Research 1730 Location,0,Lakeland,FL,33805,Polk,12105,0,1477,1039,19,1,zip,0.8,28.095476,-81.917942,registry_stand_in
1293,1291,Women's Cancer Care Associates,0,Albany,NY,12008,Schenectady,36093,0,1467,385,3,1,zip,0.9,42.853488,-73.906535,registry_stand_in
1294,1292,"Klein and Associates, M.D., P.A.",0,Hagerstown,MD,21740,Washington,24043,0,1458,545,0,3,zip,0.3,39.631905,-77.743908,registry_stand_in
1295,1293,Meritus Center for Clinical Research,0,Hagerstown,MD,21742,Washington,24043,0,1458,449,0,1,zip,0.8,39.678219,-77.65272,registry_stand_in
1296,1294,Meritus John Marsh Cancer Center,0,Hagerstown,MD,21742,Washington,24043,0,1458,449,0,1,zip,0.8,39.678219,-77.65272,registry_stand_in
1297,1295,Unified Women's Clinical Research - Hagerstown,0,Hagerstown,MD,21740,Washington,24043,0,1458,545,0,1,zip,0.3,39.631905,-77.743908,registry_stand_in
1298,1296,Georgia Cancer Specialists - Athens,0,Athens,GA,30606,Clarke,13059,0,1360,816,0,1,zip,0.4,33.940299,-83.433583,registry_stand_in
1299,1297,"Northside Hospital,125 King Avenue",0,Athens,GA,30606,Clarke,13059,0,1360,816,0,2,zip,0.4,33.940299,-83.433583,registry_stand_in
1300,1298,"Northside Hospital, Inc. - GCS/ Athens",0,Athens,GA,30606,Clarke,13059,0,1360,816,0,2,zip,0.4,33.940299,-83.433583,registry_stand_in
1301,1299,Site US10047,1,Gastonia,NC,28053,Gaston,37071,0,1265,842,17,1,city,0.2,35.248796,-81.186436,registry_stand_in
1302,1300,"Virginia Cancer Institute,210 Medical Park Boulevard",0,Petersburg,VA,23805,Prince George,51149,0,1236,391,1,1,zip,2.1,37.132177,-77.39424,registry_stand_in
1303,1301,Frontier Clinical Research-Smithfield,0,Smithfield,PA,15478,Fayette,42051,0,1231,562,13,1,zip,1.0,39.787462,-79.804657,registry_stand_in
1304,1302,Site reference,1,Smithfield,PA,15478,Fayette,42051,0,1231,562,13,1,zip,1.0,39.787462,-79.804657,registry_stand_in
1305,1303,Brain Matters Research (Kane Center,0,Stuart,FL,34997,Martin,12085,0,1220,496,4,1,zip,0.6,27.050481,-80.271203,registry_stand_in
1306,1304,GSK Investigational Site,1,Port Saint Lucie,FL,34952,St. Lucie,12111,0,1220,432,10,1,zip,1.9,27.297204,-80.29801,registry_stand_in
1307,1305,Hem-Onc Associates of the Treasure Coast,0,Port Saint Lucie,FL,34952,St. Lucie,12111,0,1220,432,10,2,zip,1.9,27.297204,-80.29801,registry_stand_in
1308,1306,Hematology Oncology,0,Stuart,FL,34952,St. Lucie,12111,0,1220,432,10,1,zip,1.9,27.297204,-80.29801,registry_stand_in
1309,1307,Hematology Oncology Assoc of the Treasure Coast,0,Port Saint Lucie,FL,34952,St. Lucie,12111,0,1220,432,10,1,zip,1.9,27.297204,-80.29801,registry_stand_in
1310,1308,Hematology - Oncology Associates of the Treasure Coast - Hematology-Oncology Associates of Treasure Coast,0,Port Saint Lucie,FL,34952,St. Lucie,12111,0,1220,432,10,1,zip,1.9,27.297204,-80.29801,registry_stand_in
1311,1309,Hematology Oncology Associates of the Treasure Coast - Port St. Lucie,0,Port Saint Lucie,FL,34952,St. Lucie,12111,0,1220,432,10,1,zip,1.9,27.297204,-80.29801,registry_stand_in
1312,1310,Hematology Oncology Associates of the Treasure Cost,0,Port Saint Lucie,FL,34952,St. Lucie,12111,0,1220,432,10,1,zip,1.9,27.297204,-80.29801,registry_stand_in
1313,1311,Hematology Oncology Associates of Treasure Coast,0,Port Saint Lucie,FL,34952,St. Lucie,12111,0,1220,432,10,1,zip,1.9,27.297204,-80.29801,registry_stand_in
1314,1312,Hematology - Oncology Associates of Treasure Coast - Hematology-Oncology Associates of Treasure Coast,0,Port Saint Lucie,FL,34952,St. Lucie,12111,0,1220,432,10,1,zip,1.9,27.297204,-80.29801,registry_stand_in
1315,1313,Mural Oncology Investigational Site,1,Port Saint Lucie,FL,34952,St. Lucie,12111,0,1220,432,10,1,zip,1.9,27.297204,-80.29801,registry_stand_in
1316,1314,Port St. Lucie,0,Port Saint Lucie,FL,34952,St. Lucie,12111,0,1220,432,10,1,zip,1.9,27.297204,-80.29801,registry_stand_in
1317,1316,597,0,Fredericksburg,VA,24408,Augusta,51015,0,1202,1171,4,2,city,0.2,38.299272,-77.486658,registry_stand_in
1318,1317,Hematology Oncology Associates of Fredericksburg,0,Fredericksburg,VA,24408,Augusta,51015,0,1202,1171,4,1,city,0.2,38.299272,-77.486658,registry_stand_in
1319,1318,Mary Washington Hospital,0,Fredericksburg,VA,22401,Fredericksburg,51630,0,1202,1171,0,1,zip,0.2,38.299272,-77.486658,registry_stand_in
1320,1319,013,0,Ogden,UT,84403,Weber,49057,0,1163,349,11,1,zip,1.8,41.214976,-111.889608,registry_stand_in
1321,1320,McKay-Dee Hospital Satellite,0,Ogden,UT,84403,Weber,49057,0,1163,349,11,1,zip,1.8,41.214976,-111.889608,registry_stand_in
1322,1321,Northern Utah Associates,0,Ogden,UT,84403,Weber,49057,0,1163,349,11,3,zip,1.8,41.214976,-111.889608,registry_stand_in
1323,1322,Community Health Center,0,Coldwater,MI,49036,Branch,26023,0,1138,234,0,1,zip,1.4,41.90548,-85.031277,registry_stand_in
1324,1323,Central Texas Neurology Consultants PA,0,Round Rock,TX,78681,Williamson,48491,0,1112,598,7,1,zip,2.4,30.541758,-97.716638,registry_stand_in
1325,1324,Clinical Trial Site,1,Round Rock,TX,78681,Williamson,48491,0,1112,598,7,1,zip,2.4,30.541758,-97.716638,registry_stand_in
1326,1325,Momenta Investigational Site,1,Round Rock,TX,78681,Williamson,48491,0,1112,598,7,1,zip,2.4,30.541758,-97.716638,registry_stand_in
1327,1326,Texas Oncology Cancer Center-Round Rock,0,Round Rock,TX,78681,Williamson,48491,0,1112,598,7,1,zip,2.4,30.541758,-97.716638,registry_stand_in
1328,1327,Texas Oncology - Round Rock Cancer Center,0,Round Rock,TX,78681,Williamson,48491,0,1112,598,7,2,zip,2.4,30.541758,-97.716638,registry_stand_in
1329,1328,Texas Oncology (Round Rock) - USOR,0,Round Rock,TX,78681,Williamson,48491,0,1112,598,7,1,zip,2.4,30.541758,-97.716638,registry_stand_in
1330,1329,"Urology Austin, PLLC",0,Round Rock,TX,78681,Williamson,48491,0,1112,598,7,1,zip,2.4,30.541758,-97.716638,registry_stand_in
1331,1330,Presence Saint Mary's Hospital,0,Kankakee,IL,60901,Kankakee,17091,0,1086,1072,0,8,zip,0.3,41.109438,-87.902817,registry_stand_in
1332,1331,"Gwinnett Clinical Research Center, Inc.",0,Snellville,GA,30078,Gwinnett,13135,0,1056,1519,10,2,zip,0.2,33.861019,-84.017993,registry_stand_in
1333,1332,Gwinnett Dermatology,0,Snellville,GA,30078,Gwinnett,13135,0,1056,1519,10,1,zip,0.2,33.861019,-84.017993,registry_stand_in
1334,1333,Journey Medical Research Institute - Snellville,0,Snellville,GA,30078,Gwinnett,13135,0,1056,1519,10,1,zip,0.2,33.861019,-84.017993,registry_stand_in
1335,1334,Suburban Hematology Oncology Associates - Snellville,0,Snellville,GA,30078,Gwinnett,13135,0,1056,1519,10,13,zip,0.2,33.861019,-84.017993,registry_stand_in
1336,1335,The Center for Cancer Care-Snellville,0,Snellville,GA,30078,Gwinnett,13135,0,1056,1519,10,1,zip,0.2,33.861019,-84.017993,registry_stand_in
1337,1336,IU Health Ball Memorial Cancer Center,0,Muncie,IN,47303,Delaware,18035,0,1051,336,1,1,zip,0.6,40.271643,-85.377772,registry_stand_in
1338,1337,IU Health Ball Memorial Hospital,0,Muncie,IN,47303,Delaware,18035,0,1051,336,1,5,zip,0.6,40.271643,-85.377772,registry_stand_in
1339,1338,"IU Health Ball Memorial Hospital, Inc.",0,Muncie,IN,47303,Delaware,18035,0,1051,336,1,1,zip,0.6,40.271643,-85.377772,registry_stand_in
1340,1339,"IU Health Ball Memorial Hospital, Inc.-IU Health Ball Memorial Cancer Center",0,Muncie,IN,47303,Delaware,18035,0,1051,336,1,1,zip,0.6,40.271643,-85.377772,registry_stand_in
1341,1340,IU Health Ball Memorial Hospital Satellite,0,Muncie,IN,47303,Delaware,18035,0,1051,336,1,1,zip,0.6,40.271643,-85.377772,registry_stand_in
1342,1341,Community Clinical Research Center,0,Anderson,IN,46013,Madison,18095,0,1051,598,0,1,zip,0.3,40.051228,-85.685737,registry_stand_in
1343,1342,Saint Vincent Anderson Regional Hospital/Cancer Center,0,Anderson,IN,46016,Madison,18095,0,1051,583,0,1,zip,0.3,40.097821,-85.681485,registry_stand_in
1344,1343,Alta California Medical Group,0,Simi Valley,CA,93065,Ventura,06111,0,1026,2223,8,1,zip,1.6,34.262388,-118.772219,registry_stand_in
1345,1344,Clinical Trial Site,1,Santa Monica,CA,91361,Ventura,06111,0,1026,2259,8,1,zip,1.6,34.137283,-118.882044,registry_stand_in
1346,1345,Clinical Trials Research Institute,0,Thousand Oaks,CA,91320,Ventura,06111,0,1026,2027,8,1,zip,1.4,34.173377,-118.947977,registry_stand_in
1347,1346,"Dr. Manoj Khatore, MD, FACC (Cardiology Practice",0,Oxnard,CA,93036,Ventura,06111,0,1026,1098,8,1,zip,0.6,34.248141,-119.153454,registry_stand_in
1348,1347,GSK Investigational Site,1,Ventura,CA,93003,Ventura,06111,0,1026,912,8,2,zip,1.0,34.283668,-119.223196,registry_stand_in
1349,1348,Los Robles Hospital & Medical Center,0,Thousand Oaks,CA,91360,Ventura,06111,0,1026,2207,8,1,zip,1.3,34.213305,-118.874135,registry_stand_in
1350,1349,Medvin Clinical Research 2,0,Thousand Oaks,CA,91360,Ventura,06111,0,1026,2207,8,1,zip,1.3,34.213305,-118.874135,registry_stand_in
1351,1350,ProgenaBiome,0,Ventura,CA,93003,Ventura,06111,0,1026,912,8,1,zip,1.0,34.283668,-119.223196,registry_stand_in
1352,1351,Rolling Oaks Radiology - Oxnard,0,Oxnard,CA,93030,Ventura,06111,0,1026,1260,8,1,zip,0.2,34.205097,-119.17532,registry_stand_in
1353,1352,UCLA Cancer Center Westlake Village,0,Westlake Village,CA,91361,Ventura,06111,0,1026,2259,8,1,zip,1.6,34.137283,-118.882044,registry_stand_in
1354,1353,UCLA Hematology/Oncology - Westlake Village,0,Westlake Village,CA,91361,Ventura,06111,0,1026,2259,8,1,zip,1.6,34.137283,-118.882044,registry_stand_in
1355,1354,UCLA - Satellite Site,0,Encino,CA,93003,Ventura,06111,0,1026,912,8,1,zip,1.0,34.283668,-119.223196,registry_stand_in
1356,1355,"University of California Los Angeles - Jonsson Comprehensive Cancer Center,1250 La Venta Dr, Suite 100",0,Westlake Village,CA,91361,Ventura,06111,0,1026,2259,8,2,zip,1.6,34.137283,-118.882044,registry_stand_in
1357,1356,Ventura County Hematology and Oncology,0,Oxnard,CA,93030,Ventura,06111,0,1026,1260,8,2,zip,0.2,34.205097,-119.17532,registry_stand_in
1358,1357,Ventura County Hematology Oncology Specialists-Oxnard,0,Oxnard,CA,93030,Ventura,06111,0,1026,1260,8,1,zip,0.2,34.205097,-119.17532,registry_stand_in
1359,1358,Regional Cancer Care Associates - Sparta,0,Sparta,NJ,07871,Sussex,34037,0,1023,3526,1,1,zip,0.2,41.046696,-74.627989,registry_stand_in
1360,1359,Sparta Cancer Treatment Center,0,Sparta,NJ,07871,Sussex,34037,0,1023,3526,1,2,zip,0.2,41.046696,-74.627989,registry_stand_in
1361,1361,LincolnHealth - Miles Campus and Hospital,0,Damariscotta,ME,04543,Lincoln,23015,0,973,160,4,1,zip,1.4,44.022351,-69.490756,registry_stand_in
1362,1362,Arrivent Investigative Site,1,Napa,CA,94558,Napa,06055,0,749,654,18,1,zip,0.7,38.389135,-122.188412,registry_stand_in
1363,1363,Kaiser Permanente Medical Center Lab Drawing Station,0,Napa,CA,94558,Napa,06055,0,749,654,18,1,zip,0.7,38.389135,-122.188412,registry_stand_in
1364,1364,Napa Valley Orthopaedic Medical Group,0,Napa,CA,94558,Napa,06055,0,749,654,18,1,zip,0.7,38.389135,-122.188412,registry_stand_in
1365,1365,Providence Medical Foundation (Napa,0,Napa,CA,94558,Napa,06055,0,749,654,18,1,zip,0.7,38.389135,-122.188412,registry_stand_in
1366,1366,Providence Queen of the Valley Medical Center,0,Napa,CA,94558,Napa,06055,0,749,654,18,1,zip,0.7,38.389135,-122.188412,registry_stand_in
1367,1367,St.Joseph Heritage Care,0,Napa,CA,94558,Napa,06055,0,749,654,18,1,zip,0.7,38.389135,-122.188412,registry_stand_in
1368,1368,922-H,0,Port Charlotte,FL,33980,Charlotte,12015,0,557,463,4,2,zip,1.6,26.978179,-82.050437,registry_stand_in
1369,1369,922H,0,Port Charlotte,FL,33980,Charlotte,12015,0,557,463,4,1,zip,1.6,26.978179,-82.050437,registry_stand_in
1370,1370,Central Recruiting Site,1,Port Charlotte,FL,33952,Charlotte,12015,0,557,486,4,1,zip,1.3,26.986134,-82.097042,registry_stand_in
1371,1371,Charlotte Heart Group Research Center,0,Port Charlotte,FL,33952,Charlotte,12015,0,557,486,4,1,zip,1.3,26.986134,-82.097042,registry_stand_in
1372,1372,Clinical Trial Site,1,Port Charlotte,FL,33980,Charlotte,12015,0,557,463,4,1,zip,1.6,26.978179,-82.050437,registry_stand_in
1373,1373,"Florida Cancer Specialists,22395 Edgewater Drive",0,Port Charlotte,FL,33980,Charlotte,12015,0,557,463,4,2,zip,1.6,26.978179,-82.050437,registry_stand_in
1374,1374,Florida Cancer Specialists PCH,0,Port Charlotte,FL,33980,Charlotte,12015,0,557,463,4,1,zip,1.6,26.978179,-82.050437,registry_stand_in
1375,1375,Florida Cancer Specialists - South Division,0,Port Charlotte,FL,33980,Charlotte,12015,0,557,463,4,1,zip,1.6,26.978179,-82.050437,registry_stand_in
1376,1376,Florida Cancer Specialists South / Sarah Cannon Research Institute,0,Port Charlotte,FL,33980,Charlotte,12015,0,557,463,4,1,zip,1.6,26.978179,-82.050437,registry_stand_in
1377,1377,Investigator- US0010110,0,Port Charlotte,FL,33952,Charlotte,12015,0,557,486,4,2,zip,1.3,26.986134,-82.097042,registry_stand_in
1378,1378,Medsol Clinical Research Center,0,Port Charlotte,FL,33952,Charlotte,12015,0,557,486,4,2,zip,1.3,26.986134,-82.097042,registry_stand_in
1379,1379,Medsol Clinical Research Center Inc,0,Port Charlotte,FL,33952,Charlotte,12015,0,557,486,4,5,zip,1.3,26.986134,-82.097042,registry_stand_in
1380,1380,Momenta Investigational Site,1,Port Charlotte,FL,33952,Charlotte,12015,0,557,486,4,1,zip,1.3,26.986134,-82.097042,registry_stand_in
1381,1381,Sarah Cannon/Florida Cancer Specialists - FCS South,0,Port Charlotte,FL,33980,Charlotte,12015,0,557,463,4,1,zip,1.6,26.978179,-82.050437,registry_stand_in
1382,1382,"Sarah Cannon Research Institute at Florida Cancer Center, South",0,Port Charlotte,FL,33980,Charlotte,12015,0,557,463,4,1,zip,1.6,26.978179,-82.050437,registry_stand_in
1383,1383,SCRI FCS South- Port Charlotte,0,Port Charlotte,FL,33980,Charlotte,12015,0,557,463,4,1,zip,1.6,26.978179,-82.050437,registry_stand_in
1384,1384,SCRI Florida Cancer Specialists South,0,Port Charlotte,FL,33980,Charlotte,12015,0,557,463,4,1,zip,1.6,26.978179,-82.050437,registry_stand_in
1385,1385,Regional Medical Oncology Center,0,Wilson,NC,27895,Northampton,37131,0,546,489,0,1,city,0.2,35.731488,-77.93075,registry_stand_in
1386,1386,Duke Lifepoint Hospital Maria Parham Medical Center,0,Henderson,NC,27536,Vance,37181,0,546,468,0,1,zip,0.2,36.325908,-78.406772,registry_stand_in
1387,1387,Maria Parham Healthcare Association,0,Henderson,NC,27536,Vance,37181,0,546,468,0,1,zip,0.2,36.325908,-78.406772,registry_stand_in
1388,1388,Maria Parham Hospital,0,Henderson,NC,27536,Vance,37181,0,546,468,0,4,zip,0.2,36.325908,-78.406772,registry_stand_in
1389,1389,Exelixis,0,Wilson,NC,27893,Wilson,37195,0,546,465,12,1,zip,1.0,35.693766,-77.904137,registry_stand_in
1390,1390,Regional Oncology Center,0,Wilson,NC,27893,Wilson,37195,0,546,465,12,1,zip,1.0,35.693766,-77.904137,registry_stand_in
1391,1391,Southeastern Medical Oncology Center-Wilson,0,Wilson,NC,27893,Wilson,37195,0,546,465,12,2,zip,1.0,35.693766,-77.904137,registry_stand_in
1392,1392,University of Alabama,0,Birmingham,AL,35924,DeKalb,01049,0,0,422,0,1,city,0.3,33.527174,-86.797036,registry_stand_in
1393,1393,University of Alabama - Birmingham,0,Birmingham,AL,35924,DeKalb,01049,0,0,422,0,1,city,0.3,33.527174,-86.797036,registry_stand_in
1394,1394,Kaiser Permanente Riverside Medical Center,0,Riverside,CA,95505,Humboldt,06023,0,0,2591,0,1,city,0.4,33.938143,-117.393168,registry_stand_in
1395,1395,Dignity Health Dominican Oncology and Hematology,0,Santa Cruz,CA,95065,Santa Cruz,06087,0,0,907,16,1,zip,1.9,37.032242,-121.984402,registry_stand_in
1396,1396,Palo Alto Medical Foundation,0,Santa Cruz,CA,95065,Santa Cruz,06087,0,0,907,16,1,zip,1.9,37.032242,-121.984402,registry_stand_in
1397,1397,Cancer Care at CommonSpirit St. Anthony North Hospital,0,Westminster,CO,80023,Broomfield,08014,0,0,928,14,1,zip,1.1,39.975844,-105.009381,registry_stand_in
1398,1398,"CCD Research, PLLC",0,Cromwell,CT,06416,Middlesex,09007,0,0,951,0,1,zip,0.4,41.616609,-72.66156,registry_stand_in
1399,1399,Middlesex Hospital,0,Middletown,CT,06457,Middlesex,09007,0,0,945,0,15,zip,0.4,41.544209,-72.657501,registry_stand_in
1400,1400,Middlesex Hospital Cancer Center,0,Middletown,CT,06457,Middlesex,09007,0,0,945,0,1,zip,0.4,41.544209,-72.657501,registry_stand_in
1401,1401,929n,0,Lecanto,FL,34461,Citrus,12017,0,0,310,2,1,zip,1.6,28.813818,-82.483064,registry_stand_in
1402,1402,Clinical Trial Site,1,Lecanto,FL,34461,Citrus,12017,0,0,310,2,1,zip,1.6,28.813818,-82.483064,registry_stand_in
1403,1403,Florida Cancer Specialist,0,Lecanto,FL,34461,Citrus,12017,0,0,310,2,1,zip,1.6,28.813818,-82.483064,registry_stand_in
1404,1404,Florida Cancer Specialists - North,0,Lecanto,FL,34461,Citrus,12017,0,0,310,2,1,zip,1.6,28.813818,-82.483064,registry_stand_in
1405,1405,Florida Cancer Specialists - North Division,0,Lecanto,FL,34461,Citrus,12017,0,0,310,2,1,zip,1.6,28.813818,-82.483064,registry_stand_in
1406,1406,"Florida Cancer Specialists - North Region Research Office,521 North Lecanto Highway",0,Lecanto,FL,34461,Citrus,12017,0,0,310,2,1,zip,1.6,28.813818,-82.483064,registry_stand_in
1407,1407,Florida Cancer Specialists North / Sarah Cannon Research Institute,0,Lecanto,FL,34461,Citrus,12017,0,0,310,2,1,zip,1.6,28.813818,-82.483064,registry_stand_in
1408,1408,Florida Cancer Specialists - NORTH - SCRI - PPDS,0,Lecanto,FL,34461,Citrus,12017,0,0,310,2,1,zip,1.6,28.813818,-82.483064,registry_stand_in
1409,1409,"Florida Cancer Specialists & Research Institute, 521 N. Lecanto Highway",0,Lecanto,FL,34461,Citrus,12017,0,0,310,2,1,zip,1.6,28.813818,-82.483064,registry_stand_in
1410,1410,Florida Cancer Specialists & Research Institute - Lecanto,0,Lecanto,FL,34461,Citrus,12017,0,0,310,2,1,zip,1.6,28.813818,-82.483064,registry_stand_in
1411,1411,Nature Coast Clinical Research LLC,0,Crystal River,FL,34429,Citrus,12017,0,0,223,2,1,zip,2.4,28.867281,-82.662032,registry_stand_in
1412,1412,SCRI FCS North- Lecanto,0,Lecanto,FL,34461,Citrus,12017,0,0,310,2,1,zip,1.6,28.813818,-82.483064,registry_stand_in
1413,1413,"SCRI - Florida Cancer Specialists - North Region R,521 North Lecanto Highway",0,Lecanto,FL,34461,Citrus,12017,0,0,310,2,1,zip,1.6,28.813818,-82.483064,registry_stand_in
1414,1414,929h,0,Spring Hill,FL,34608,Hernando,12053,0,0,694,1,1,zip,2.6,28.482826,-82.552854,registry_stand_in
1415,1415,Advanced Cancer Treatment Center,0,Brooksville,FL,34613,Hernando,12053,0,0,612,1,1,zip,1.5,28.558922,-82.542335,registry_stand_in
1416,1416,Advanced Cancer Treatment Centers,0,Brooksville,FL,34613,Hernando,12053,0,0,612,1,1,zip,1.5,28.558922,-82.542335,registry_stand_in
1417,1417,ASCLEPES Research Center(ARC,0,Weeki Wachee,FL,34607,Hernando,12053,0,0,526,1,1,zip,3.8,28.594975,-82.615947,registry_stand_in
1418,1418,Asclepes Research Centers - Weeki Wachee,0,Weeki Wachee,FL,34607,Hernando,12053,0,0,526,1,1,zip,3.8,28.594975,-82.615947,registry_stand_in
1419,1419,Clinical Trial Site,1,Spring Hill,FL,34608,Hernando,12053,0,0,694,1,1,zip,2.6,28.482826,-82.552854,registry_stand_in
1420,1420,Florida Cancer Specialists,0,Spring Hill,FL,34608,Hernando,12053,0,0,694,1,4,zip,2.6,28.482826,-82.552854,registry_stand_in
1421,1421,"Florida Cancer Specialists - North Region Research Office,7154 Medical Center Drive",0,Spring Hill,FL,34608,Hernando,12053,0,0,694,1,1,zip,2.6,28.482826,-82.552854,registry_stand_in
1422,1422,Florida Cancer Specialists - NORTH - SCRI - PPDS,0,Spring Hill,FL,34608,Hernando,12053,0,0,694,1,1,zip,2.6,28.482826,-82.552854,registry_stand_in
1423,1423,"Florida Cancer Specialists & Research Institute, 7154 Medical Center Drive",0,Spring Hill,FL,34608,Hernando,12053,0,0,694,1,1,zip,2.6,28.482826,-82.552854,registry_stand_in
1424,1424,Rexahn Site,0,Weeki Wachee,FL,34607,Hernando,12053,0,0,526,1,1,zip,3.8,28.594975,-82.615947,registry_stand_in
1425,1425,SCRI FCS North- Spring Hill,0,Spring Hill,FL,34608,Hernando,12053,0,0,694,1,1,zip,2.6,28.482826,-82.552854,registry_stand_in
1426,1426,"SCRI - Florida Cancer Specialists - North Region R,7154 Medical Center Drive",0,Spring Hill,FL,34608,Hernando,12053,0,0,694,1,1,zip,2.6,28.482826,-82.552854,registry_stand_in
1427,1427,929k,0,Tavares,FL,32778,Lake,12069,0,0,726,16,1,zip,1.5,28.773431,-81.73023,registry_stand_in
1428,1428,929m,0,Lady Lake,FL,32159,Lake,12069,0,0,590,16,1,zip,1.4,28.918072,-81.897655,registry_stand_in
1429,1429,Arrivent Investigative Site,1,The Villages,FL,32159,Lake,12069,0,0,590,16,1,zip,1.4,28.918072,-81.897655,registry_stand_in
1430,1430,Clermont,1,Clermont,FL,34711,Lake,12069,0,0,845,16,1,zip,1.5,28.52078,-81.753851,registry_stand_in
1431,1431,Clinical Trial Site,1,Tavares,FL,32778,Lake,12069,0,0,726,16,1,zip,1.5,28.773431,-81.73023,registry_stand_in
1432,1432,Florida Cancer Specialist,0,Leesburg,FL,34748,Lake,12069,0,0,757,16,2,zip,0.2,28.773001,-81.882622,registry_stand_in
1433,1433,Florida Cancer Specialists and Research Institute,0,Lady Lake,FL,32159,Lake,12069,0,0,590,16,1,zip,1.4,28.918072,-81.897655,registry_stand_in
1434,1434,Florida Cancer Specialists -North - 1125,0,The Villages,FL,32159,Lake,12069,0,0,590,16,1,zip,1.4,28.918072,-81.897655,registry_stand_in
1435,1435,Florida Cancer Specialists - North Division,0,Tavares,FL,32778,Lake,12069,0,0,726,16,1,zip,1.5,28.773431,-81.73023,registry_stand_in
1436,1436,"Florida Cancer Specialists - North Region Research Office,1400 US Highway 441 N",0,The Villages,FL,32159,Lake,12069,0,0,590,16,1,zip,1.4,28.918072,-81.897655,registry_stand_in
1437,1437,"Florida Cancer Specialists - North Region Research Office,4100 Waterman Way",0,Tavares,FL,32778,Lake,12069,0,0,726,16,1,zip,1.5,28.773431,-81.73023,registry_stand_in
1438,1438,Florida Cancer Specialists North / Sarah Cannon Research Institute,0,Tavares,FL,32778,Lake,12069,0,0,726,16,1,zip,1.5,28.773431,-81.73023,registry_stand_in
1439,1439,Florida Cancer Specialists - NORTH - SCRI - PPDS,0,Tavares,FL,32778,Lake,12069,0,0,726,16,1,zip,1.5,28.773431,-81.73023,registry_stand_in
1440,1440,"Florida Cancer Specialists & Research Institute, 1400 US highway 441 N",0,The Villages,FL,32159,Lake,12069,0,0,590,16,1,zip,1.4,28.918072,-81.897655,registry_stand_in
1441,1441,"Florida Cancer Specialists & Research Institute, 4100 Waterman Way",0,Tavares,FL,32778,Lake,12069,0,0,726,16,1,zip,1.5,28.773431,-81.73023,registry_stand_in
1442,1442,Ra0098 131,0,Clermont,FL,34711,Lake,12069,0,0,845,16,1,zip,1.5,28.52078,-81.753851,registry_stand_in
1443,1443,Sandoz Investigational Site,1,Clermont,FL,34711,Lake,12069,0,0,845,16,1,zip,1.5,28.52078,-81.753851,registry_stand_in
1444,1444,SCRI FCS North- Tavares,0,Tavares,FL,32778,Lake,12069,0,0,726,16,1,zip,1.5,28.773431,-81.73023,registry_stand_in
1445,1445,SCRI FCS North- Villages East,0,Lady Lake,FL,32159,Lake,12069,0,0,590,16,1,zip,1.4,28.918072,-81.897655,registry_stand_in
1446,1446,"SCRI - Florida Cancer Specialists - North Region R,1400 US Highway 441 N",0,The Villages,FL,32159,Lake,12069,0,0,590,16,1,zip,1.4,28.918072,-81.897655,registry_stand_in
1447,1447,"SCRI - Florida Cancer Specialists - North Region R,4100 Waterman Way",0,Tavares,FL,32778,Lake,12069,0,0,726,16,1,zip,1.5,28.773431,-81.73023,registry_stand_in
1448,1448,South Lake Pain Institute,0,Clermont,FL,34711,Lake,12069,0,0,845,16,3,zip,1.5,28.52078,-81.753851,registry_stand_in
1449,1449,922-D,0,Bradenton,FL,34211,Manatee,12081,0,0,784,8,2,zip,1.5,27.454365,-82.383383,registry_stand_in
1450,1450,922D,0,Bradenton,FL,34211,Manatee,12081,0,0,784,8,1,zip,1.5,27.454365,-82.383383,registry_stand_in
1451,1451,Clinical Study Site,1,Bradenton,FL,34205,Manatee,12081,0,0,882,8,1,zip,0.9,27.483321,-82.585125,registry_stand_in
1452,1452,Clinical Trial Site,1,Bradenton,FL,34211,Manatee,12081,0,0,784,8,1,zip,1.5,27.454365,-82.383383,registry_stand_in
1453,1453,Comprehensive Hematology Oncology - Bradenton Clinic,0,Bradenton,FL,34210,Manatee,12081,0,0,790,8,1,zip,1.7,27.437548,-82.630178,registry_stand_in
1454,1454,"Florida Cancer Specialists,3630 Manatee Avenue West",0,Bradenton,FL,34205,Manatee,12081,0,0,882,8,2,zip,0.9,27.483321,-82.585125,registry_stand_in
1455,1455,"Florida Cancer Specialists,5985 Silver Falls Run",0,Bradenton,FL,34211,Manatee,12081,0,0,784,8,2,zip,1.5,27.454365,-82.383383,registry_stand_in
1456,1456,Florida Cancer Specialists BCC,0,Bradenton,FL,34205,Manatee,12081,0,0,882,8,1,zip,0.9,27.483321,-82.585125,registry_stand_in
1457,1457,Florida Cancer Specialists LRS,0,Bradenton,FL,34211,Manatee,12081,0,0,784,8,1,zip,1.5,27.454365,-82.383383,registry_stand_in
1458,1458,Florida Cancer Specialists - South Division,0,Bradenton,FL,34205,Manatee,12081,0,0,882,8,1,zip,0.9,27.483321,-82.585125,registry_stand_in
1459,1459,Florida Cancer Specialists South / Sarah Cannon Research Institute,0,Bradenton,FL,34211,Manatee,12081,0,0,784,8,1,zip,1.5,27.454365,-82.383383,registry_stand_in
1460,1460,Galderma Investigational Site,1,Bradenton,FL,34209,Manatee,12081,0,0,815,8,1,zip,0.7,27.50473,-82.654669,registry_stand_in
1461,1461,GenesisCare USA - Lakewood Ranch,0,Lakewood Rch,FL,34202,Manatee,12081,0,0,736,8,8,zip,2.0,27.402531,-82.394394,registry_stand_in
1462,1462,Manatee Medical Research,0,Bradenton,FL,34205,Manatee,12081,0,0,882,8,1,zip,0.9,27.483321,-82.585125,registry_stand_in
1463,1463,Manatee Medical Research Institute,0,Bradenton,FL,34205,Manatee,12081,0,0,882,8,1,zip,0.9,27.483321,-82.585125,registry_stand_in
1464,1464,Sarah Cannon Research Institute at Florida Cancer Specialists,0,Sarasota,FL,34203,Manatee,12081,0,0,855,8,1,zip,0.4,27.440337,-82.509384,registry_stand_in
1465,1465,SCRI FCS South- Lakewood Ranch,0,Lakewood Rch,FL,34211,Manatee,12081,0,0,784,8,1,zip,1.5,27.454365,-82.383383,registry_stand_in
1466,1466,SCRI Florida Cancer Specialists South,0,Bradenton,FL,34209,Manatee,12081,0,0,815,8,1,zip,0.7,27.50473,-82.654669,registry_stand_in
1467,1467,Site reference,1,Bradenton,FL,34209,Manatee,12081,0,0,815,8,1,zip,0.7,27.50473,-82.654669,registry_stand_in
1468,1468,Site US10072,1,Bradenton,FL,34205,Manatee,12081,0,0,882,8,1,zip,0.9,27.483321,-82.585125,registry_stand_in
1469,1469,896-A,0,Celebration,FL,34747,Osceola,12097,0,0,748,12,1,zip,1.1,28.308991,-81.591266,registry_stand_in
1470,1470,Advent Health,0,Celebration,FL,34747,Osceola,12097,0,0,748,12,3,zip,1.1,28.308991,-81.591266,registry_stand_in
1471,1471,ArriVent Investigative Site,1,Celebration,FL,34747,Osceola,12097,0,0,748,12,1,zip,1.1,28.308991,-81.591266,registry_stand_in
1472,1472,Florida Hospital,0,Celebration,FL,34747,Osceola,12097,0,0,748,12,1,zip,1.1,28.308991,-81.591266,registry_stand_in
1473,1473,"Investigational Drug Services, AdventHealth Celebration",0,Celebration,FL,34747,Osceola,12097,0,0,748,12,1,zip,1.1,28.308991,-81.591266,registry_stand_in
1474,1474,Moffitt-Advent Health Clinical Research Unit,0,Celebration,FL,34747,Osceola,12097,0,0,748,12,3,zip,1.1,28.308991,-81.591266,registry_stand_in
1475,1475,929f,0,Trinity,FL,34655,Pasco,12101,0,0,862,19,1,zip,0.4,28.211353,-82.655286,registry_stand_in
1476,1476,984-A,0,Trinity,FL,34655,Pasco,12101,0,0,862,19,1,zip,0.4,28.211353,-82.655286,registry_stand_in
1477,1477,984-B,0,Holiday,FL,34691,Pasco,12101,0,0,848,19,1,zip,1.8,28.192577,-82.770421,registry_stand_in
1478,1478,ACW,0,New Port Richey,FL,34652,Pasco,12101,0,0,832,19,1,zip,1.0,28.240555,-82.744353,registry_stand_in
1479,1479,Advanced Research Institute,0,New Port Richey,FL,34653,Pasco,12101,0,0,826,19,1,zip,1.9,28.24408,-82.688476,registry_stand_in
1480,1480,"Advanced Research Institute, Inc",0,New Port Richey,FL,34653,Pasco,12101,0,0,826,19,1,zip,1.9,28.24408,-82.688476,registry_stand_in
1481,1481,Clinical Trial Site,1,New Port Richey,FL,34655,Pasco,12101,0,0,862,19,1,zip,0.4,28.211353,-82.655286,registry_stand_in
1482,1482,Florida Cancer Specialist,0,Trinity,FL,34655,Pasco,12101,0,0,862,19,2,zip,0.4,28.211353,-82.655286,registry_stand_in
1483,1483,Florida Cancer Specialists - North Division,0,Trinity,FL,34655,Pasco,12101,0,0,862,19,1,zip,0.4,28.211353,-82.655286,registry_stand_in
1484,1484,"Florida Cancer Specialists - North Region Research Office,9320 State Road 54",0,Trinity,FL,34655,Pasco,12101,0,0,862,19,1,zip,0.4,28.211353,-82.655286,registry_stand_in
1485,1485,Florida Cancer Specialists North / Sarah Cannon Research Institute,0,Trinity,FL,34655,Pasco,12101,0,0,862,19,1,zip,0.4,28.211353,-82.655286,registry_stand_in
1486,1486,Florida Cancer Specialists - NORTH - SCRI - PPDS,0,New Port Richey,FL,34655,Pasco,12101,0,0,862,19,1,zip,0.4,28.211353,-82.655286,registry_stand_in
1487,1487,"Florida Cancer Specialists & Research Institute, 8763 River Crossing Blvd",0,New Port Richey,FL,34655,Pasco,12101,0,0,862,19,1,zip,0.4,28.211353,-82.655286,registry_stand_in
1488,1488,"Florida Medical Clinic, P.A.",0,Zephyrhills,FL,33542,Pasco,12101,0,0,1018,19,1,zip,0.3,28.23578,-82.177617,registry_stand_in
1489,1489,Moffit Cancer Center at Wesley Chapel,0,Wesley Chapel,FL,33544,Pasco,12101,0,0,916,19,1,zip,1.5,28.248334,-82.370909,registry_stand_in
1490,1490,New Port Richey,1,New Port Richey,FL,34652,Pasco,12101,0,0,832,19,4,zip,1.0,28.240555,-82.744353,registry_stand_in
1491,1491,Pasco Pinellas Cancer Center,0,Holiday,FL,34691,Pasco,12101,0,0,848,19,2,zip,1.8,28.192577,-82.770421,registry_stand_in
1492,1492,SCRI FCS North- New Port Richey,0,New Port Richey,FL,34655,Pasco,12101,0,0,862,19,1,zip,0.4,28.211353,-82.655286,registry_stand_in
1493,1493,"SCRI - Florida Cancer Specialists - North Region R,9320 State Road 54",0,Trinity,FL,34655,Pasco,12101,0,0,862,19,1,zip,0.4,28.211353,-82.655286,registry_stand_in
1494,1494,Site reference,1,New Port Richey,FL,34653,Pasco,12101,0,0,826,19,1,zip,1.9,28.24408,-82.688476,registry_stand_in
1495,1495,Suncoast Clinical Research,0,New Port Richey,FL,34652,Pasco,12101,0,0,832,19,2,zip,1.0,28.240555,-82.744353,registry_stand_in
1496,1496,ACW,0,The Villages,FL,32162,Sumter,12119,0,0,462,1,1,zip,2.3,28.922305,-81.999287,registry_stand_in
1497,1497,Advanced Urology Institute 1,0,Oxford,FL,34484,Sumter,12119,0,0,487,1,1,zip,1.0,28.945019,-82.097528,registry_stand_in
1498,1498,Florida Cancer Specialists (Administration and Drug Shipment,0,The Villages,FL,32163,Sumter,12119,0,0,684,1,1,zip,1.2,28.836798,-81.959093,registry_stand_in
1499,1499,Center for Rare Neurological Diseases,0,Norcross,GA,30093,Gwinnett,13135,0,0,1553,10,1,zip,1.2,33.908911,-84.17924,registry_stand_in
1500,1500,Gwinnett Hospital System Center for Cancer Care,0,Duluth,GA,30096,Gwinnett,13135,0,0,1540,10,1,zip,0.8,33.974302,-84.145384,registry_stand_in
1501,1501,Kaiser Permanente-Gwinnett Medical Center,0,Duluth,GA,30096,Gwinnett,13135,0,0,1540,10,1,zip,0.8,33.974302,-84.145384,registry_stand_in
1502,1502,NHCI Suburban Hematology-oncology Associates - Duluth,0,Duluth,GA,30096,Gwinnett,13135,0,0,1540,10,1,zip,0.8,33.974302,-84.145384,registry_stand_in
1503,1503,Norcross,1,Norcross,GA,30093,Gwinnett,13135,0,0,1553,10,5,zip,1.2,33.908911,-84.17924,registry_stand_in
1504,1504,"Northside Hospital,3855 Pleasant Hill Rd., Suite 480",0,Duluth,GA,30096,Gwinnett,13135,0,0,1540,10,2,zip,0.8,33.974302,-84.145384,registry_stand_in
1505,1505,Site reference,1,Norcross,GA,30092,Gwinnett,13135,0,0,1539,10,1,zip,0.7,33.972386,-84.231986,registry_stand_in
1506,1506,Suburban Hematology-Oncology Associates - Duluth,0,Duluth,GA,30096,Gwinnett,13135,0,0,1540,10,1,zip,0.8,33.974302,-84.145384,registry_stand_in
1507,1507,The Center for Cancer Care-Duluth,0,Duluth,GA,30096,Gwinnett,13135,0,0,1540,10,1,zip,0.8,33.974302,-84.145384,registry_stand_in
1508,1508,Franciscan Saint Anthony Health-Michigan City,0,Michigan City,IN,46360,LaPorte,18091,0,0,1153,1,8,zip,0.3,41.689234,-86.86512,registry_stand_in
1509,1509,LaPorte County Institute for Clinical Research,0,Michigan City,IN,46360,LaPorte,18091,0,0,1153,1,1,zip,0.3,41.689234,-86.86512,registry_stand_in
1510,1510,Northern Indiana Cancer Research Consortium,0,Westville,IN,46391,LaPorte,18091,0,0,1285,1,1,zip,0.8,41.554106,-86.918985,registry_stand_in
1511,1511,McFarland Clinic PC-Boone,0,Boone,IA,50036,Boone,19015,0,0,205,4,16,zip,2.9,42.085446,-93.849635,registry_stand_in
1512,1512,McFarland Clinic PC-Jefferson,0,Jefferson,IA,50129,Greene,19073,0,0,107,4,16,zip,0.1,42.013286,-94.376733,registry_stand_in
1513,1513,Adult and Pediatric Urology P.C. Satellite,0,Council Bluffs,IA,51501,Pottawattamie,19155,0,0,326,10,1,zip,0.4,41.227277,-95.878439,registry_stand_in
1514,1514,Jennie Edmundson Memorial Hospital,0,Council Bluffs,IA,51502,Pottawattamie,19155,0,0,319,10,3,city,0.2,41.235987,-95.853163,registry_stand_in
1515,1515,The University Of Kansas Cancer Center,0,Kansas City,KS,66016,Atchison,20005,0,0,293,0,1,zip,0.8,39.467255,-95.222694,registry_stand_in
1516,1516,University of Kansas Hospital,0,Kansas City,KS,66016,Atchison,20005,0,0,293,0,1,zip,0.8,39.467255,-95.222694,registry_stand_in
1517,1517,Saint Elizabeth Fort Thomas,0,Fort Thomas,KY,41075,Campbell,21037,0,0,724,0,1,zip,0.3,39.082436,-84.457113,registry_stand_in
1518,1518,Saint Elizabeth Healthcare Fort Thomas,0,Fort Thomas,KY,41075,Campbell,21037,0,0,724,0,8,zip,0.3,39.082436,-84.457113,registry_stand_in
1519,1519,Saint Elizabeth Medical Center Fort Thomas,0,Fort Thomas,KY,41075,Campbell,21037,0,0,724,0,1,zip,0.3,39.082436,-84.457113,registry_stand_in
1520,1520,Penobscot Bay Medical Center - Rockport,0,Rockport,ME,04856,Knox,23013,0,0,101,6,1,zip,0.4,44.180604,-69.122109,registry_stand_in
1521,1521,Coastal Cancer Treatment Center - Bath,0,Bath,ME,04530,Sagadahoc,23023,0,0,207,12,1,zip,0.3,43.887982,-69.826723,registry_stand_in
1522,1522,827,0,Biddeford,ME,04005,York,23031,0,0,290,19,1,zip,0.3,43.492102,-70.486566,registry_stand_in
1523,1523,954 - A,0,Kennebunk,ME,04043,York,23031,0,0,315,19,1,zip,0.1,43.395947,-70.570221,registry_stand_in
1524,1524,Maine Center for Cancer Medicine-Kennebunk,0,Kennebunk,ME,04043,York,23031,0,0,315,19,3,zip,0.1,43.395947,-70.570221,registry_stand_in
1525,1525,Maine Health Cancer Care,0,Biddeford,ME,04046,York,23031,0,0,279,19,1,zip,1.6,43.429822,-70.474142,registry_stand_in
1526,1526,Maine Health CC of York County - Sanford,0,Sanford,ME,04073,York,23031,0,0,355,19,1,zip,0.3,43.411936,-70.737326,registry_stand_in
1527,1527,Maine Health/SMHC Cancer Care and Blood Disorders-Biddeford,0,Biddeford,ME,04005,York,23031,0,0,290,19,1,zip,0.3,43.492102,-70.486566,registry_stand_in
1528,1528,Maine Health/SMHCancer Care and Blood Disorders - Sanford,0,Sanford,ME,04073,York,23031,0,0,355,19,1,zip,0.3,43.411936,-70.737326,registry_stand_in
1529,1529,MaineHealth Maine Medical Center - Biddeford,0,Biddeford,ME,04005,York,23031,0,0,290,19,28,zip,0.3,43.492102,-70.486566,registry_stand_in
1530,1530,MaineHealth/SMHC Cancer Care and Blood Disorders-Biddeford,0,Biddeford,ME,04005,York,23031,0,0,290,19,17,zip,0.3,43.492102,-70.486566,registry_stand_in
1531,1531,New England Cancer Specialists,0,Kennebunk,ME,04043,York,23031,0,0,315,19,2,zip,0.1,43.395947,-70.570221,registry_stand_in
1532,1532,Southern Maine Health Care,0,Biddeford,ME,04005,York,23031,0,0,290,19,2,zip,0.3,43.492102,-70.486566,registry_stand_in
1533,1533,University of Maryland Radiation Oncology Center at Union Hospital,0,Elkton,MD,21921,Cecil,24015,0,0,1911,8,1,zip,0.2,39.627145,-75.859891,registry_stand_in
1534,1534,856,0,Frederick,MD,21702,Frederick,24021,0,0,1732,15,1,zip,2.3,39.479251,-77.443194,registry_stand_in
1535,1535,Arrivent Investigative Site,1,Frederick,MD,21702,Frederick,24021,0,0,1732,15,1,zip,2.3,39.479251,-77.443194,registry_stand_in
1536,1536,Capital Women's Care - Frederi,0,Frederick,MD,21702,Frederick,24021,0,0,1732,15,1,zip,2.3,39.479251,-77.443194,registry_stand_in
1537,1537,FMH James M Stockman Cancer Institute (JIT,0,Frederick,MD,21702,Frederick,24021,0,0,1732,15,1,zip,2.3,39.479251,-77.443194,registry_stand_in
1538,1538,Frederick Health,0,Frederick,MD,21702,Frederick,24021,0,0,1732,15,1,zip,2.3,39.479251,-77.443194,registry_stand_in
1539,1539,Frederick Health Hospital,0,Frederick,MD,21702,Frederick,24021,0,0,1732,15,2,zip,2.3,39.479251,-77.443194,registry_stand_in
1540,1540,Frederick Health-James M Stockman Cancer Center,0,Frederick,MD,21702,Frederick,24021,0,0,1732,15,1,zip,2.3,39.479251,-77.443194,registry_stand_in
1541,1541,Frederick Health- James M Stockman Cancer Institute,0,Frederick,MD,21702,Frederick,24021,0,0,1732,15,1,zip,2.3,39.479251,-77.443194,registry_stand_in
1542,1542,Frederick Memorial Healthcare System,0,Frederick,MD,21701,Frederick,24021,0,0,1822,15,1,zip,0.8,39.443584,-77.332891,registry_stand_in
1543,1543,Frederick Memorial Hospital,0,Frederick,MD,21701,Frederick,24021,0,0,1822,15,9,zip,0.8,39.443584,-77.332891,registry_stand_in
1544,1544,[] Frederick Memorial Hospital d/b/a James M Stockman Cancer Institute,0,Frederick,MD,21702,Frederick,24021,0,0,1732,15,1,zip,2.3,39.479251,-77.443194,registry_stand_in
1545,1545,Maryland Oncology Hematology,0,Frederick,MD,21702,Frederick,24021,0,0,1732,15,1,zip,2.3,39.479251,-77.443194,registry_stand_in
1546,1546,Maryland Oncology - Hematology Frederick,0,Frederick,MD,21702,Frederick,24021,0,0,1732,15,1,zip,2.3,39.479251,-77.443194,registry_stand_in
1547,1547,"Maryland Oncology Hematology, P.A",0,Frederick,MD,21702,Frederick,24021,0,0,1732,15,1,zip,2.3,39.479251,-77.443194,registry_stand_in
1548,1548,Site reference,1,Frederick,MD,21702,Frederick,24021,0,0,1732,15,1,zip,2.3,39.479251,-77.443194,registry_stand_in
1549,1549,Upper Chesapeake Medical Center,0,Bel Air,MD,21014,Harford,24025,0,0,1523,18,2,zip,0.1,39.53584,-76.35161,registry_stand_in
1550,1550,Womens Health Center,0,Glen Burnie,MD,21063,Harford,24025,0,0,2009,18,1,city,0.1,39.156271,-76.606996,registry_stand_in
1551,1551,Bay City,1,Bay City,MI,48706,Bay,26017,0,0,320,11,2,zip,0.6,43.603805,-83.955411,registry_stand_in
1552,1552,"Great Lakes Research Group,Inc",0,Bay City,MI,48706,Bay,26017,0,0,320,11,1,zip,0.6,43.603805,-83.955411,registry_stand_in
1553,1553,Site reference,1,Bay City,MI,48706,Bay,26017,0,0,320,11,1,zip,0.6,43.603805,-83.955411,registry_stand_in
1554,1554,Hickman Cancer Center,0,Adrian,MI,49221,Lenawee,26091,0,0,638,0,49,zip,0.2,41.902354,-84.064698,registry_stand_in
1555,1555,Monroe Cancer Center,0,Monroe,MI,48162,Monroe,26115,0,0,1456,0,11,zip,1.8,41.960425,-83.429323,registry_stand_in
1556,1556,St. Joseph Mercy Hospital Cancer Care Center,0,Ypsilanti,MI,48179,Monroe,26115,0,0,1518,0,1,zip,1.6,42.035095,-83.255444,registry_stand_in
1557,1557,Toledo Clinic Cancer Centers-Monroe,0,Monroe,MI,48162,Monroe,26115,0,0,1456,0,47,zip,1.8,41.960425,-83.429323,registry_stand_in
1558,1558,Mayo Clinic Radiation Therapy-Northfield,0,Northfield,MN,55057,Rice,27131,0,0,792,0,5,zip,1.0,44.472652,-93.179125,registry_stand_in
1559,1559,Central Recruiting Site,1,Fenton,MO,63026,Jefferson,29099,0,0,680,1,1,zip,0.1,38.50272,-90.458936,registry_stand_in
1560,1560,SSM Health Cancer Care - Fenton,0,Fenton,MO,63026,Jefferson,29099,0,0,680,1,1,zip,0.1,38.50272,-90.458936,registry_stand_in
1561,1561,Portsmouth Regional Hospital,0,Portsmouth,NH,03802,Carroll,33003,0,0,989,0,2,city,0.1,43.060594,-70.780349,registry_stand_in
1562,1562,"Activmed Practices & Research, Inc",0,Portsmouth,NH,03801,Rockingham,33015,0,0,954,9,1,zip,0.8,43.074812,-70.805443,registry_stand_in
1563,1563,ActivMed Research - Borthwick,0,Portsmouth,NH,03801,Rockingham,33015,0,0,954,9,1,zip,0.8,43.074812,-70.805443,registry_stand_in
1564,1564,Dana Farber Cancer Center Londonderry,0,Londonderry,NH,03053,Rockingham,33015,0,0,1255,9,1,zip,0.8,42.868588,-71.387247,registry_stand_in
1565,1565,DFCI Londonderry,0,Londonderry,NH,03053,Rockingham,33015,0,0,1255,9,1,zip,0.8,42.868588,-71.387247,registry_stand_in
1566,1566,Galderma Investigational Site,1,Portsmouth,NH,03801,Rockingham,33015,0,0,954,9,1,zip,0.8,43.074812,-70.805443,registry_stand_in
1567,1567,Portsmouth Regional Hospital,0,Portsmouth,NH,03801,Rockingham,33015,0,0,954,9,1,zip,0.8,43.074812,-70.805443,registry_stand_in
1568,1568,Wentworth-Douglass Hospital,0,Dover,NH,03820,Strafford,33017,0,0,668,0,7,zip,0.1,43.18636,-70.883623,registry_stand_in
1569,1569,Cooper University Hospital/Sheridan Pavilion,0,Marlton,NJ,08053,Burlington,34005,0,0,2007,8,1,zip,1.1,39.856677,-74.90081,registry_stand_in
1570,1570,Deborah Heart and Lung Center,0,Browns Mills,NJ,08015,Burlington,34005,0,0,1658,8,1,zip,3.4,39.931536,-74.54372,registry_stand_in
1571,1571,Delaware Valley Urology,0,Mount Laurel,NJ,08054,Burlington,34005,0,0,2207,8,1,zip,1.3,39.948992,-74.900247,registry_stand_in
1572,1572,"Delaware Valley Urology, LLC",0,Mount Laurel,NJ,08054,Burlington,34005,0,0,2207,8,1,zip,1.3,39.948992,-74.900247,registry_stand_in
1573,1573,New Jersey Urology,0,Mount Laurel,NJ,08054,Burlington,34005,0,0,2207,8,1,zip,1.3,39.948992,-74.900247,registry_stand_in
1574,1574,Virtua Memorial,0,Mount Holly,NJ,08060,Burlington,34005,0,0,2131,8,17,zip,2.1,40.010005,-74.792207,registry_stand_in
1575,1575,Cellectar Biosciences,0,North Bergen,NJ,07047,Hudson,34017,0,0,4928,19,1,zip,0.2,40.793644,-74.025027,registry_stand_in
1576,1576,Frontage Clinical Service 200 Meadowlands Parkway,0,Secaucus,NJ,07094,Hudson,34017,0,0,4891,19,1,zip,0.6,40.781958,-74.067649,registry_stand_in
1577,1577,Frontage Clinical Services Inc.,0,Secaucus,NJ,07094,Hudson,34017,0,0,4891,19,1,zip,0.6,40.781958,-74.067649,registry_stand_in
1578,1578,"Rutgers Cancer Institute of New Jersey,414 Grand Street",0,Jersey City,NJ,07302,Hudson,34017,0,0,4885,19,1,zip,0.6,40.718808,-74.044634,registry_stand_in
1579,1579,West New York,1,West New York,NJ,07093,Hudson,34017,0,0,4878,19,1,zip,1.1,40.786704,-74.008909,registry_stand_in
1580,1580,Care Access - Clifton,0,Clifton,NJ,07013,Passaic,34031,0,0,4797,5,2,zip,0.6,40.869405,-74.173062,registry_stand_in
1581,1581,Care Access Research Clifton,0,Clifton,NJ,07013,Passaic,34031,0,0,4797,5,1,zip,0.6,40.869405,-74.173062,registry_stand_in
1582,1582,New Jersey Urology - Clifton,0,Clifton,NJ,07013,Passaic,34031,0,0,4797,5,1,zip,0.6,40.869405,-74.173062,registry_stand_in
1583,1583,New Jersey Urology Saddle Brook,0,Clifton,NJ,07013,Passaic,34031,0,0,4797,5,1,zip,0.6,40.869405,-74.173062,registry_stand_in
1584,1584,St Josephs Regional Medical Center,0,Paterson,NJ,07503,Passaic,34031,0,0,4767,5,1,zip,1.0,40.897548,-74.154121,registry_stand_in
1585,1585,The Valley Hospital Inc.,0,Ridgewood,NJ,07540,Passaic,34031,0,0,4590,5,1,city,2.2,40.981591,-74.113506,registry_stand_in
1586,1586,Valley Medical Group - Wayne Multispecialty Practice,0,Wayne,NJ,07470,Passaic,34031,0,0,4561,5,8,zip,1.4,40.945855,-74.245077,registry_stand_in
1587,1587,Umdnj Njms,0,Newark,NJ,07840,Warren,34041,0,0,3056,1,1,zip,0.4,40.860045,-74.831795,registry_stand_in
1588,1588,GSK Investigational Site,1,Rio Rancho,NM,87124,Sandoval,35043,0,0,256,13,1,zip,8.1,35.26992,-106.795643,registry_stand_in
1589,1589,Great Lakes Physician PC d/b/a Western New York Urology Associates,0,Sanborn,NY,14132,Niagara,36063,0,0,379,0,1,zip,0.4,43.147873,-78.878565,registry_stand_in
1590,1590,"Hematology Oncology Associates of Rockland, P.C.",0,Nyack,NY,10960,Rockland,36087,0,0,4659,4,1,zip,0.1,41.088841,-73.926471,registry_stand_in
1591,1591,Hematology Oncology Center at Nyack Hospital,0,Nyack,NY,10960,Rockland,36087,0,0,4659,4,1,zip,0.1,41.088841,-73.926471,registry_stand_in
1592,1592,Nyack Hospital,0,Nyack,NY,10960,Rockland,36087,0,0,4659,4,5,zip,0.1,41.088841,-73.926471,registry_stand_in
1593,1593,Nyack Hospital Infusion Center,0,Nyack,NY,10960,Rockland,36087,0,0,4659,4,1,zip,0.1,41.088841,-73.926471,registry_stand_in
1594,1594,LABORATORY CORPORATION OF AMERICA HOLDINGS (Data or Specimen Analysis Only,0,Burlington,NC,27215,Alamance,37001,0,0,629,8,1,zip,1.5,36.019137,-79.5137,registry_stand_in
1595,1595,Research Center,0,Chapel Hill,NC,27517,Chatham,37037,0,0,617,1,1,zip,2.8,35.842663,-79.032015,registry_stand_in
1596,1596,University of North Carolina,0,Chapel Hill,NC,27517,Chatham,37037,0,0,617,1,1,zip,2.8,35.842663,-79.032015,registry_stand_in
1597,1597,University of North Carolina Hospitals - Neurology Clinic,0,Chapel Hill,NC,27517,Chatham,37037,0,0,617,1,1,zip,2.8,35.842663,-79.032015,registry_stand_in
1598,1598,Novant Health Oncology Specialists-Davidson County,0,Thomasville,NC,27360,Davidson,37057,0,0,576,7,3,zip,1.3,35.86058,-80.099288,registry_stand_in
1599,1599,Wake Forest Baptist Health - Lexington,0,Lexington,NC,27292,Davidson,37057,0,0,596,7,1,zip,3.4,35.738325,-80.207547,registry_stand_in
1600,1600,Wake Forest University at Lexington,0,Lexington,NC,27292,Davidson,37057,0,0,596,7,3,zip,3.4,35.738325,-80.207547,registry_stand_in
1601,1601,Gaston Hematology and Oncology Associates,0,Gastonia,NC,28054,Gaston,37071,0,0,851,17,3,zip,0.1,35.261363,-81.15015,registry_stand_in
1602,1602,Gaston Hematology and Oncology Associates-Belmont,0,Belmont,NC,28012,Gaston,37071,0,0,791,17,2,zip,0.5,35.211504,-81.037865,registry_stand_in
1603,1603,"Gaston Hematology & Oncology Associates, PC",0,Gastonia,NC,28054,Gaston,37071,0,0,851,17,1,zip,0.1,35.261363,-81.15015,registry_stand_in
1604,1604,Duke University Medical Center,0,Butner,NC,27509,Granville,37077,0,0,513,0,1,zip,0.9,36.131468,-78.773709,registry_stand_in
1605,1605,University of North Carolina at Chapel Hill Lineberger Comprehensive Cancer Center,0,Chapel Hill,NC,27509,Granville,37077,0,0,513,0,1,zip,0.9,36.131468,-78.773709,registry_stand_in
1606,1606,Alliance Urology,0,Greensboro,NC,27403,Guilford,37081,0,0,564,18,1,zip,0.8,36.064078,-79.825417,registry_stand_in
1607,1607,Alliance Urology Specialists,0,Greensboro,NC,27403,Guilford,37081,0,0,564,18,1,zip,0.8,36.064078,-79.825417,registry_stand_in
1608,1608,"AmDerma Pharmaceuticals, LLC",0,High Point,NC,27262,Guilford,37081,0,0,529,18,1,zip,0.5,35.96313,-80.041667,registry_stand_in
1609,1609,Cone Health Cancer Center at Alamance Regional,0,Greensboro,NC,27403,Guilford,37081,0,0,564,18,1,zip,0.8,36.064078,-79.825417,registry_stand_in
1610,1610,"Cone Health Cancer Center at Alamance Regional, Hematology/Oncology",0,Greensboro,NC,27403,Guilford,37081,0,0,564,18,1,zip,0.8,36.064078,-79.825417,registry_stand_in
1611,1611,Dermatology Consulting Services,0,High Point,NC,27262,Guilford,37081,0,0,529,18,2,zip,0.5,35.96313,-80.041667,registry_stand_in
1612,1612,Greensboro,1,Greensboro,NC,27403,Guilford,37081,0,0,564,18,1,zip,0.8,36.064078,-79.825417,registry_stand_in
1613,1613,High Point Medical Center,0,High Point,NC,27262,Guilford,37081,0,0,529,18,1,zip,0.5,35.96313,-80.041667,registry_stand_in
1614,1614,High Point Regional Hospital,0,High Point,NC,27262,Guilford,37081,0,0,529,18,1,zip,0.5,35.96313,-80.041667,registry_stand_in
1615,1615,High Point Regional Medical Center,0,High Point,NC,27262,Guilford,37081,0,0,529,18,1,zip,0.5,35.96313,-80.041667,registry_stand_in
1616,1616,"Pinewest Ob-Gyn, Inc.",0,High Point,NC,27262,Guilford,37081,0,0,529,18,2,zip,0.5,35.96313,-80.041667,registry_stand_in
1617,1617,Randolph Medical Associates,0,Asheboro,NC,27204,Guilford,37081,0,0,567,18,1,city,0.4,35.713768,-79.813253,registry_stand_in
1618,1618,Site US10031,1,Greensboro,NC,27403,Guilford,37081,0,0,564,18,1,zip,0.8,36.064078,-79.825417,registry_stand_in
1619,1619,SUN-131-03 Investigational Site,1,High Point,NC,27262,Guilford,37081,0,0,529,18,1,zip,0.5,35.96313,-80.041667,registry_stand_in
1620,1620,UNC Regional Physicians Hematology and Oncolgoy,0,High Point,NC,27262,Guilford,37081,0,0,529,18,1,zip,0.5,35.96313,-80.041667,registry_stand_in
1621,1621,Wake Forest Baptist Health - High Point Medical Center,0,High Point,NC,27262,Guilford,37081,0,0,529,18,1,zip,0.5,35.96313,-80.041667,registry_stand_in
1622,1622,Wake Forest Baptist Medical Center,0,High Point,NC,27265,Guilford,37081,0,0,523,18,2,zip,0.1,36.009229,-80.032388,registry_stand_in
1623,1623,Hendersonville Hematology and Oncology at Pardee,0,Hendersonville,NC,28791,Henderson,37089,0,0,426,16,2,zip,0.3,35.356985,-82.506995,registry_stand_in
1624,1624,Park Ridge Health,0,Hendersonville,NC,28792,Henderson,37089,0,0,414,16,1,zip,1.0,35.394424,-82.368428,registry_stand_in
1625,1625,Park Ridge Hospital Breast Health Center,0,Hendersonville,NC,28792,Henderson,37089,0,0,414,16,1,zip,1.0,35.394424,-82.368428,registry_stand_in
1626,1626,Johnston Cancer Center,0,Smithfield,NC,27577,Johnston,37101,0,0,653,0,1,zip,0.7,35.491935,-78.344614,registry_stand_in
1627,1627,Johnston Health Clayton,0,Clayton,NC,27520,Johnston,37101,0,0,630,0,1,zip,2.1,35.611762,-78.47639,registry_stand_in
1628,1628,Johnston Health Services Corporation,0,Clayton,NC,27520,Johnston,37101,0,0,630,0,1,zip,2.1,35.611762,-78.47639,registry_stand_in
1629,1629,Johnston Hematology and Oncology of Clayton,0,Clayton,NC,27520,Johnston,37101,0,0,630,0,1,zip,2.1,35.611762,-78.47639,registry_stand_in
1630,1630,Johnston Memorial Hospital,0,Smithfield,NC,27577,Johnston,37101,0,0,653,0,4,zip,0.7,35.491935,-78.344614,registry_stand_in
1631,1631,UNC Health Johnston,0,Smithfield,NC,27577,Johnston,37101,0,0,653,0,1,zip,0.7,35.491935,-78.344614,registry_stand_in
1632,1632,Duke University,0,Durham,NC,27371,Montgomery,37123,0,0,364,0,1,zip,3.0,35.40575,-79.948344,registry_stand_in
1633,1633,University of North Carolina at Chapel Hill,0,Chapel Hill,NC,27899,Northampton,37131,0,0,640,0,1,city,0.7,35.928328,-79.041375,registry_stand_in
1634,1634,Cone Health Cancer Center at Asheboro,0,Asheboro,NC,27203,Randolph,37151,0,0,545,6,8,zip,1.2,35.728462,-79.78653,registry_stand_in
1635,1635,Randolph Health Cancer Center,0,Asheboro,NC,27203,Randolph,37151,0,0,545,6,1,zip,1.2,35.728462,-79.78653,registry_stand_in
1636,1636,Randolph Hospital,0,Asheboro,NC,27203,Randolph,37151,0,0,545,6,22,zip,1.2,35.728462,-79.78653,registry_stand_in
1637,1637,Carolina Oncology Associates PA,0,Salisbury,NC,28144,Rowan,37159,0,0,794,11,1,zip,1.8,35.715746,-80.458946,registry_stand_in
1638,1638,PMG Research of Salisbury,0,Salisbury,NC,28144,Rowan,37159,0,0,794,11,1,zip,1.8,35.715746,-80.458946,registry_stand_in
1639,1639,Salisbury VA Medical Center,0,Salisbury,NC,28144,Rowan,37159,0,0,794,11,1,zip,1.8,35.715746,-80.458946,registry_stand_in
1640,1640,VA Salisbury,0,Salisbury,NC,28144,Rowan,37159,0,0,794,11,1,zip,1.8,35.715746,-80.458946,registry_stand_in
1641,1641,W.G. Bill Hefner VA Med Center,0,Salisbury,NC,28144,Rowan,37159,0,0,794,11,1,zip,1.8,35.715746,-80.458946,registry_stand_in
1642,1642,W.G (Bill) Hefner VAMC,0,Salisbury,NC,28144,Rowan,37159,0,0,794,11,1,zip,1.8,35.715746,-80.458946,registry_stand_in
1643,1643,WG Hefner VA Medical Center,0,Salisbury,NC,28144,Rowan,37159,0,0,794,11,6,zip,1.8,35.715746,-80.458946,registry_stand_in
1644,1644,Levine Cancer Institute-Albermarle,0,Albemarle,NC,28001,Stanly,37167,0,0,707,2,1,zip,0.2,35.338552,-80.208179,registry_stand_in
1645,1645,Heart House Research Foundation,0,Springfield,OH,45504,Clark,39023,0,0,810,13,1,zip,0.2,39.94697,-83.864897,registry_stand_in
1646,1646,893-C,0,Cincinnati,OH,45245,Clermont,39025,0,0,706,10,1,zip,0.3,39.059884,-84.280417,registry_stand_in
1647,1647,"Oncology Hematology Care, Inc.",0,Cincinnati,OH,45245,Clermont,39025,0,0,706,10,1,zip,0.3,39.059884,-84.280417,registry_stand_in
1648,1648,Sarah Cannon Research Institute at Tennessee Oncology,0,Cincinnati,OH,45245,Clermont,39025,0,0,706,10,1,zip,0.3,39.059884,-84.280417,registry_stand_in
1649,1649,Ireland Cancer Center at Firelands Regional Medical Center,0,Sandusky,OH,44870,Erie,39043,0,0,561,9,2,zip,1.3,41.41952,-82.713212,registry_stand_in
1650,1650,"North Coast Cancer Care, Inc",0,Sandusky,OH,44870,Erie,39043,0,0,561,9,1,zip,1.3,41.41952,-82.713212,registry_stand_in
1651,1651,North Ohio Heart Center-Sandusky,0,Sandusky,OH,44870,Erie,39043,0,0,561,9,1,zip,1.3,41.41952,-82.713212,registry_stand_in
1652,1652,Geaugra Hospital,0,Chardon,OH,44024,Geauga,39055,0,0,992,11,1,zip,0.4,41.578209,-81.19126,registry_stand_in
1653,1653,Mercy Cancer Center,0,Elyria,OH,44024,Geauga,39055,0,0,992,11,1,zip,0.4,41.578209,-81.19126,registry_stand_in
1654,1654,SCC at UH Geauga Medical Center,0,Chardon,OH,44024,Geauga,39055,0,0,992,11,1,zip,0.4,41.578209,-81.19126,registry_stand_in
1655,1655,Clinical Inquest Center Ltd,0,Beavercreek,OH,45432,Greene,39057,0,0,768,10,3,zip,0.4,39.739828,-84.086034,registry_stand_in
1656,1656,Naval Medical Research Unit,0,Dayton,OH,45433,Greene,39057,0,0,664,10,1,zip,1.0,39.822834,-84.048504,registry_stand_in
1657,1657,Wright-Patterson Medical Center,0,Wright-Patterson Air Force Base,OH,45433,Greene,39057,0,0,664,10,16,zip,1.0,39.822834,-84.048504,registry_stand_in
1658,1658,Wright State Physicians,0,Fairborn,OH,45324,Greene,39057,0,0,703,10,1,zip,0.3,39.820725,-84.00029,registry_stand_in
1659,1659,"Wright State Physicians, Inc",0,Fairborn,OH,45324,Greene,39057,0,0,703,10,1,zip,0.3,39.820725,-84.00029,registry_stand_in
1660,1660,Mercy Health Youngstown,0,Youngstown,OH,44501,Mahoning,39099,0,0,776,11,1,city,0.2,41.099095,-80.645902,registry_stand_in
1661,1661,Mercy Health Youngstown LLC DBA,0,Youngstown,OH,44504,Mahoning,39099,0,0,755,11,1,zip,0.5,41.123512,-80.654651,registry_stand_in
1662,1662,Optima Research Boardman,0,Boardman,OH,44512,Mahoning,39099,0,0,816,11,1,zip,0.2,41.025937,-80.666955,registry_stand_in
1663,1663,St. Elizabeth Youngstown Hospital,0,Youngstown,OH,44501,Mahoning,39099,0,0,776,11,1,city,0.2,41.099095,-80.645902,registry_stand_in
1664,1664,St. Elizabeth Youngstown Hospital JACBCC/Oncology/ Mercy Health Youngstown LLC,0,Youngstown,OH,44501,Mahoning,39099,0,0,776,11,1,city,0.2,41.099095,-80.645902,registry_stand_in
1665,1665,Marion General Hospital,0,Marion,OH,43302,Marion,39101,0,0,615,19,1,zip,0.1,40.599237,-83.130298,registry_stand_in
1666,1666,OneHealth Marion General Hospital,0,Marion,OH,43302,Marion,39101,0,0,615,19,1,zip,0.1,40.599237,-83.130298,registry_stand_in
1667,1667,Sanjay Vora Research LLC,0,Marion,OH,43302,Marion,39101,0,0,615,19,1,zip,0.1,40.599237,-83.130298,registry_stand_in
1668,1668,The Mark H. Sangmeister Center,0,Marion,OH,43302,Marion,39101,0,0,615,19,1,zip,0.1,40.599237,-83.130298,registry_stand_in
1669,1669,University of Cincinnati (UC) - Cancer Institute,0,Cincinnati,OH,45627,Scioto,39145,0,0,772,11,1,city,0.6,39.140183,-84.505829,registry_stand_in
1670,1670,Akron Children'S Hospital,0,Akron,OH,44308,Summit,39153,0,0,1128,16,1,zip,0.0,41.081805,-81.517451,registry_stand_in
1671,1671,Cleveland Clinic,0,Cleveland,OH,44333,Summit,39153,0,0,1076,16,1,zip,0.7,41.164952,-81.633826,registry_stand_in
1672,1672,Research-0,0,Akron,OH,44305,Summit,39153,0,0,1123,16,1,zip,1.1,41.076637,-81.462675,registry_stand_in
1673,1673,Summa Health,0,Akron,OH,44304,Summit,39153,0,0,1128,16,5,zip,0.1,41.085888,-81.509129,registry_stand_in
1674,1674,Summa Health Cancer Research,0,Akron,OH,44304,Summit,39153,0,0,1128,16,1,zip,0.1,41.085888,-81.509129,registry_stand_in
1675,1675,University Hospitals Seidman Cancer Center and Case Western Reserve University,0,Cleveland,OH,44087,Summit,39153,0,0,1109,16,1,zip,0.4,41.317111,-81.443521,registry_stand_in
1676,1676,Strecker Cancer Center,0,Belpre,OH,45714,Washington,39167,0,0,111,12,1,zip,2.6,39.316984,-81.614345,registry_stand_in
1677,1677,Wooster Specialty and Surgery Center,0,Wooster,OH,44691,Wayne,39169,0,0,786,9,1,zip,0.4,40.806029,-81.977588,registry_stand_in
1678,1678,OHSU Knight Cancer Institute,0,Portland,OR,97120,Tillamook,41057,0,0,658,0,1,city,0.5,45.536951,-122.649971,registry_stand_in
1679,1679,Arrivent Investigative Site,1,Gettysburg,PA,17325,Adams,42001,0,0,1052,16,1,zip,0.2,39.826258,-77.227606,registry_stand_in
1680,1680,Gettysburg Cancer Center,0,Gettysburg,PA,17325,Adams,42001,0,0,1052,16,11,zip,0.2,39.826258,-77.227606,registry_stand_in
1681,1681,Gettysburg/Hanover Cancer Centers,0,Gettysburg,PA,17325,Adams,42001,0,0,1052,16,1,zip,0.2,39.826258,-77.227606,registry_stand_in
1682,1682,Gettysburg-PCSRI,0,Gettysburg,PA,17325,Adams,42001,0,0,1052,16,1,zip,0.2,39.826258,-77.227606,registry_stand_in
1683,1683,Pennsylvania Cancer Specialist Research Institute,0,Gettysburg,PA,17325,Adams,42001,0,0,1052,16,1,zip,0.2,39.826258,-77.227606,registry_stand_in
1684,1684,Pennsylvania Cancer Specialists and Research Institute,0,Gettysburg,PA,17325,Adams,42001,0,0,1052,16,1,zip,0.2,39.826258,-77.227606,registry_stand_in
1685,1685,Pennsylvania Cancer Specialists & Research Institute,0,Gettysburg,PA,17325,Adams,42001,0,0,1052,16,3,zip,0.2,39.826258,-77.227606,registry_stand_in
1686,1686,Pennsylvania Cancer Specialists & Research Institute (Formerly Gettysburg Cancer Center,0,Gettysburg,PA,17325,Adams,42001,0,0,1052,16,1,zip,0.2,39.826258,-77.227606,registry_stand_in
1687,1687,Pennsylvania Cancer Specialists Research Institute - Gettysburg,0,Gettysburg,PA,17325,Adams,42001,0,0,1052,16,1,zip,0.2,39.826258,-77.227606,registry_stand_in
1688,1688,Regeneron Research Site,1,Gettysburg,PA,17325,Adams,42001,0,0,1052,16,1,zip,0.2,39.826258,-77.227606,registry_stand_in
1689,1689,Research Center,0,Gettysburg,PA,17325,Adams,42001,0,0,1052,16,1,zip,0.2,39.826258,-77.227606,registry_stand_in
1690,1690,Sargon Research - Pennsylvania Cancer Specialists and Research Center,0,Gettysburg,PA,17325,Adams,42001,0,0,1052,16,1,zip,0.2,39.826258,-77.227606,registry_stand_in
1691,1691,WellSpan Health Adams Cancer Center,0,Gettysburg,PA,17325,Adams,42001,0,0,1052,16,2,zip,0.2,39.826258,-77.227606,registry_stand_in
1692,1692,Wellspan Medical Oncology,0,Gettysburg,PA,17325,Adams,42001,0,0,1052,16,1,zip,0.2,39.826258,-77.227606,registry_stand_in
1693,1693,"Magee-Womens Hospital of UPMC,3 St. Francis Way",0,Cranberry Township,PA,16066,Butler,42019,0,0,908,12,1,zip,0.4,40.709967,-80.105642,registry_stand_in
1694,1694,UPMC Hillman Cancer Center - Passavant North,0,Cranberry Township,PA,16066,Butler,42019,0,0,908,12,2,zip,0.4,40.709967,-80.105642,registry_stand_in
1695,1695,UPMC Passavant Cranberry/North,0,Cranberry Township,PA,16066,Butler,42019,0,0,908,12,1,zip,0.4,40.709967,-80.105642,registry_stand_in
1696,1696,783,0,Media,PA,19063,Delaware,42045,0,0,1988,19,1,zip,0.2,39.922229,-75.414058,registry_stand_in
1697,1697,Aclaris Invesgational Site,0,Broomall,PA,19008,Delaware,42045,0,0,2023,19,1,zip,0.1,39.974219,-75.361244,registry_stand_in
1698,1698,Aclaris Investigational Site,1,Broomall,PA,19008,Delaware,42045,0,0,2023,19,2,zip,0.1,39.974219,-75.361244,registry_stand_in
1699,1699,"Associates in Hematology and Oncology, P.C.",0,Upland,PA,19013,Delaware,42045,0,0,1927,19,1,zip,0.1,39.845414,-75.374817,registry_stand_in
1700,1700,"Associates in Hematology and Oncology, PC",0,Upland,PA,19013,Delaware,42045,0,0,1927,19,1,zip,0.1,39.845414,-75.374817,registry_stand_in
1701,1701,"Consultants in Medical Oncology and Hematology, PC",0,Broomall,PA,19008,Delaware,42045,0,0,2023,19,1,zip,0.1,39.974219,-75.361244,registry_stand_in
1702,1702,Consultants in Medical Oncology & Hematology,0,Broomall,PA,19008,Delaware,42045,0,0,2023,19,1,zip,0.1,39.974219,-75.361244,registry_stand_in
1703,1703,Crozer-Chester Medical Center,0,Upland,PA,19013,Delaware,42045,0,0,1927,19,3,zip,0.1,39.845414,-75.374817,registry_stand_in
1704,1704,Crozer-Keystone Regional Cancer Center at Broomall,0,Broomall,PA,19008,Delaware,42045,0,0,2023,19,19,zip,0.1,39.974219,-75.361244,registry_stand_in
1705,1705,Crozer Regional Cancer Center at Brinton Lake,0,Glen Mills,PA,19342,Delaware,42045,0,0,1923,19,15,zip,0.8,39.907638,-75.500025,registry_stand_in
1706,1706,Delaware County Memorial Hospital,0,Drexel Hill,PA,19026,Delaware,42045,0,0,1982,19,10,zip,1.0,39.950354,-75.304047,registry_stand_in
1707,1707,Philadelphia CyberKnife,0,Philadelphia,PA,19083,Delaware,42045,0,0,2026,19,2,zip,0.8,39.977153,-75.311947,registry_stand_in
1708,1708,Research-0,0,Broomall,PA,19008,Delaware,42045,0,0,2023,19,1,zip,0.1,39.974219,-75.361244,registry_stand_in
1709,1709,Medical Center Clinic-New Castle Office,0,New Castle,PA,16105,Lawrence,42073,0,0,709,15,1,zip,0.9,41.05404,-80.339414,registry_stand_in
1710,1710,UPMC Jameson,0,New Castle,PA,16105,Lawrence,42073,0,0,709,15,1,zip,0.9,41.05404,-80.339414,registry_stand_in
1711,1711,Seechler Family Cancer Center,0,Lebanon,PA,17042,Lebanon,42075,0,0,731,17,1,zip,0.2,40.296378,-76.421124,registry_stand_in
1712,1712,WellSpan Health Sechler Family Cancer Center,0,Lebanon,PA,17042,Lebanon,42075,0,0,731,17,1,zip,0.2,40.296378,-76.421124,registry_stand_in
1713,1713,Oncology Hematology Associates,0,Greenville,PA,16125,Mercer,42085,0,0,444,18,5,zip,0.3,41.406506,-80.369729,registry_stand_in
1714,1714,UPMC Cancer Center Greenville,0,Greenville,PA,16125,Mercer,42085,0,0,444,18,1,zip,0.3,41.406506,-80.369729,registry_stand_in
1715,1715,UPMC Cancer Center Horizon,0,Farrell,PA,16121,Mercer,42085,0,0,560,18,1,zip,0.4,41.211094,-80.497338,registry_stand_in
1716,1716,UPMC Hillman Cancer Center,0,Pittsburgh,PA,16148,Mercer,42085,0,0,477,18,1,zip,0.7,41.228478,-80.417623,registry_stand_in
1717,1717,UPMC Hillman Cancer Center in Greenville/UPMC Horizon,0,Greenville,PA,16125,Mercer,42085,0,0,444,18,12,zip,0.3,41.406506,-80.369729,registry_stand_in
1718,1718,Geisinger Medical Oncology-Pottsville,0,Pottsville,PA,17901,Schuylkill,42107,0,0,613,10,1,zip,0.2,40.694711,-76.274753,registry_stand_in
1719,1719,Saint Luke's Hospital-Miners Campus,0,Coaldale,PA,18218,Schuylkill,42107,0,0,625,10,1,zip,0.2,40.81974,-75.916102,registry_stand_in
1720,1720,Western Pennsylvania Hospital Hematology & Cellular Therapy,0,Pittsburgh,PA,15524,Somerset,42111,0,0,861,1,1,city,0.3,40.439936,-79.975676,registry_stand_in
1721,1721,Omega Medical Research,0,Warwick,RI,02886,Kent,44003,0,0,1328,3,2,zip,0.0,41.701615,-71.455217,registry_stand_in
1722,1722,"Omega Medical Research, 400 Bald Hill Road, Warwick, RI 02886",0,Warwick,RI,02886,Kent,44003,0,0,1328,3,1,zip,0.0,41.701615,-71.455217,registry_stand_in
1723,1723,Site US10014,1,Warwick,RI,02886,Kent,44003,0,0,1328,3,1,zip,0.0,41.701615,-71.455217,registry_stand_in
1724,1724,Newport Hospital,0,Newport,RI,02840,Newport,44005,0,0,657,0,1,zip,0.6,41.476681,-71.319627,registry_stand_in
1725,1725,Aclaris Investigational Site,1,Anderson,SC,29621,Anderson,45007,0,0,390,4,1,zip,0.1,34.506294,-82.603598,registry_stand_in
1726,1726,Anderson Dermatology,0,Anderson,SC,29621,Anderson,45007,0,0,390,4,1,zip,0.1,34.506294,-82.603598,registry_stand_in
1727,1727,AnMed Health,0,Anderson,SC,29621,Anderson,45007,0,0,390,4,1,zip,0.1,34.506294,-82.603598,registry_stand_in
1728,1728,"Palmetto Clinical Trial Services, LLC",0,Anderson,SC,29621,Anderson,45007,0,0,390,4,1,zip,0.1,34.506294,-82.603598,registry_stand_in
1729,1729,SCOR AnMed Health Cancer Center,0,Anderson,SC,29621,Anderson,45007,0,0,390,4,1,zip,0.1,34.506294,-82.603598,registry_stand_in
1730,1730,MGC Hematology Oncology-Union,0,Union,SC,29379,Union,45087,0,0,465,13,15,zip,0.4,34.687626,-81.601568,registry_stand_in
1731,1731,Avera Cancer Institute,0,Sioux Falls,SD,57108,Lincoln,46083,0,0,79,0,3,zip,0.3,43.477461,-96.704757,registry_stand_in
1732,1732,"HCA Research Institute, LLC",0,Brentwood,TN,37027,Williamson,47187,0,0,460,10,1,zip,1.2,35.999288,-86.785062,registry_stand_in
1733,1733,"MaxWell Clinic, PLC",0,Brentwood,TN,37027,Williamson,47187,0,0,460,10,1,zip,1.2,35.999288,-86.785062,registry_stand_in
1734,1734,Texas Oncology,0,Plano,TX,75075,Collin,48085,0,0,1634,12,3,zip,1.2,33.021268,-96.741558,registry_stand_in
1735,1735,Texas Oncology Plano,0,Plano,TX,75075,Collin,48085,0,0,1634,12,1,zip,1.2,33.021268,-96.741558,registry_stand_in
1736,1736,USO - Texas Oncology,0,Plano,TX,75075,Collin,48085,0,0,1634,12,1,zip,1.2,33.021268,-96.741558,registry_stand_in
1737,1737,Mg0014 50574,0,Flower Mound,TX,75028,Denton,48121,0,0,1637,15,1,zip,3.4,33.032998,-97.064618,registry_stand_in
1738,1738,Texas Oncology - Carrollton,0,Carrollton,TX,75010,Denton,48121,0,0,1650,15,3,zip,2.4,33.039081,-96.872596,registry_stand_in
1739,1739,Texas Oncology (Flower Mound) - USOR,0,Flower Mound,TX,75028,Denton,48121,0,0,1637,15,2,zip,3.4,33.032998,-97.064618,registry_stand_in
1740,1740,"Texas Oncology, P.A.",0,Flower Mound,TX,75028,Denton,48121,0,0,1637,15,3,zip,3.4,33.032998,-97.064618,registry_stand_in
1741,1741,USO - Texas Oncology,0,Flower Mound,TX,75028,Denton,48121,0,0,1637,15,1,zip,3.4,33.032998,-97.064618,registry_stand_in
1742,1742,"Baylor, Scott, & White Medical Center",0,Round Rock,TX,78665,Williamson,48491,0,0,583,7,1,zip,1.6,30.548874,-97.636201,registry_stand_in
1743,1743,Baylor Scott & White Medical Center - Round Rock,0,Round Rock,TX,78665,Williamson,48491,0,0,583,7,2,zip,1.6,30.548874,-97.636201,registry_stand_in
1744,1744,Scott and White Healthcare Round Rock,0,Round Rock,TX,78665,Williamson,48491,0,0,583,7,4,zip,1.6,30.548874,-97.636201,registry_stand_in
1745,1745,Scott & White Hospital - Round Rock,0,Round Rock,TX,78665,Williamson,48491,0,0,583,7,1,zip,1.6,30.548874,-97.636201,registry_stand_in
1746,1746,976-C,0,Bountiful,UT,84010,Davis,49011,0,0,533,11,1,zip,2.7,40.873122,-111.835036,registry_stand_in
1747,1747,Alpine Research Organization,0,Farmington,UT,84025,Davis,49011,0,0,523,11,1,zip,0.2,40.975812,-111.899335,registry_stand_in
1748,1748,Endo,0,Bountiful,UT,84010,Davis,49011,0,0,533,11,1,zip,2.7,40.873122,-111.835036,registry_stand_in
1749,1749,Farmington Health Center -University of Utah,0,Farmington,UT,84025,Davis,49011,0,0,523,11,1,zip,0.2,40.975812,-111.899335,registry_stand_in
1750,1750,"Huntsman Cancer Institute, University of Utah,165 North University Avenue",0,Farmington,UT,84025,Davis,49011,0,0,523,11,1,zip,0.2,40.975812,-111.899335,registry_stand_in
1751,1751,"University of Utah, Farmington Health Center",0,Farmington,UT,84025,Davis,49011,0,0,523,11,2,zip,0.2,40.975812,-111.899335,registry_stand_in
1752,1752,Utah Cancer Specialists,0,Bountiful,UT,84010,Davis,49011,0,0,533,11,1,zip,2.7,40.873122,-111.835036,registry_stand_in
1753,1753,814-A,0,Arlington,VA,22205,Arlington,51013,0,0,2074,10,1,zip,0.1,38.883371,-77.139537,registry_stand_in
1754,1754,814 - B,0,Arlington,VA,22205,Arlington,51013,0,0,2074,10,1,zip,0.1,38.883371,-77.139537,registry_stand_in
1755,1755,814-D,0,Arlington,VA,22201,Arlington,51013,0,0,2080,10,1,zip,0.2,38.886804,-77.094992,registry_stand_in
1756,1756,Investigative Site,1,Arlington,VA,22205,Arlington,51013,0,0,2074,10,1,zip,0.1,38.883371,-77.139537,registry_stand_in
1757,1757,NeoTX - 10311,0,Fairfax,VA,22205,Arlington,51013,0,0,2074,10,1,zip,0.1,38.883371,-77.139537,registry_stand_in
1758,1758,Virginia Cancer Specialists - Arlington Office,0,Arlington,VA,22201,Arlington,51013,0,0,2080,10,1,zip,0.2,38.886804,-77.094992,registry_stand_in
1759,1759,814-C,0,Leesburg,VA,20176,Loudoun,51107,0,0,1581,7,1,zip,0.1,39.180323,-77.533459,registry_stand_in
1760,1760,814 - D,0,Leesburg,VA,20176,Loudoun,51107,0,0,1581,7,1,zip,0.1,39.180323,-77.533459,registry_stand_in
1761,1761,Inova Schar Cancer Institute - Loudoun,0,Leesburg,VA,20176,Loudoun,51107,0,0,1581,7,1,zip,0.1,39.180323,-77.533459,registry_stand_in
1762,1762,Virginia Cancer Care Specialist,0,Leesburg,VA,20176,Loudoun,51107,0,0,1581,7,1,zip,0.1,39.180323,-77.533459,registry_stand_in
1763,1763,Virginia Cancer Specialist PC,0,Leesburg,VA,20176,Loudoun,51107,0,0,1581,7,1,zip,0.1,39.180323,-77.533459,registry_stand_in
1764,1764,Virginia Cancer Specialists (Leesburg) - USOR,0,Leesburg,VA,20176,Loudoun,51107,0,0,1581,7,1,zip,0.1,39.180323,-77.533459,registry_stand_in
1765,1765,Potomac Urology Satellite,0,Woodbridge,VA,22191,Prince William,51153,0,0,1561,12,1,zip,0.9,38.622914,-77.262938,registry_stand_in
1766,1766,Vascular Institute of Virginia,0,Woodbridge,VA,22193,Prince William,51153,0,0,1509,12,1,zip,1.8,38.644065,-77.350545,registry_stand_in
1767,1767,Virginia Cancer Specialists - Woodbridge Office,0,Woodbridge,VA,22191,Prince William,51153,0,0,1561,12,1,zip,0.9,38.622914,-77.262938,registry_stand_in
1768,1768,Arrivent Investigative Site,1,Fredericksburg,VA,22408,Spotsylvania,51177,0,0,815,12,1,zip,0.9,38.211478,-77.452502,registry_stand_in
1769,1769,"Hematology-Oncology Associates Of Fredricksburg, Inc",0,Fredericksburg,VA,22408,Spotsylvania,51177,0,0,815,12,1,zip,0.9,38.211478,-77.452502,registry_stand_in
1770,1770,Mary Washington Healthcare,0,Fredericksburg,VA,22405,Stafford,51179,0,0,1029,1,1,zip,0.1,38.313604,-77.403928,registry_stand_in
1771,1771,814-A,0,Alexandria,VA,22304,Alexandria,51510,0,0,2026,9,1,zip,0.2,38.813204,-77.112268,registry_stand_in
1772,1772,Inova Schar Cancer Institute - Alexandria,0,Alexandria,VA,22311,Alexandria,51510,0,0,2054,9,1,zip,0.6,38.833991,-77.125511,registry_stand_in
1773,1773,Potamac Urology Center,0,Alexandria,VA,22311,Alexandria,51510,0,0,2054,9,1,zip,0.6,38.833991,-77.125511,registry_stand_in
1774,1774,Potomac Urology Center,0,Alexandria,VA,22311,Alexandria,51510,0,0,2054,9,1,zip,0.6,38.833991,-77.125511,registry_stand_in
1775,1775,"Potomac Urology Center, PC",0,Alexandria,VA,22311,Alexandria,51510,0,0,2054,9,1,zip,0.6,38.833991,-77.125511,registry_stand_in
1776,1776,Virginia Cancer Specialists - Alexandria,0,Alexandria,VA,22304,Alexandria,51510,0,0,2026,9,1,zip,0.2,38.813204,-77.112268,registry_stand_in
1777,1777,"Virginia Cancer Specialists, PC",0,Alexandria,VA,22304,Alexandria,51510,0,0,2026,9,3,zip,0.2,38.813204,-77.112268,registry_stand_in
1778,1778,SUN-131-03 Investigational Site,1,Falls Church,VA,22046,Falls Church,51610,0,0,2042,0,1,zip,0.5,38.886334,-77.180975,registry_stand_in
1779,1779,Virginia Cancer Specialists - Bristow Office,0,Manassas,VA,20110,Manassas,51683,0,0,1554,4,1,zip,0.5,38.746071,-77.487673,registry_stand_in
1780,1780,Chesapeake Regional Surgery Center - Virginia Beach,0,Virginia Beach,VA,23462,Virginia Beach,51810,0,0,493,9,1,zip,0.4,36.836242,-76.145948,registry_stand_in
1781,1781,Group For Women - Tidewater Clinical Research Inc.,0,Virginia Beach,VA,23456,Virginia Beach,51810,0,0,469,9,1,zip,1.2,36.736954,-76.035987,registry_stand_in
1782,1782,MorphoSys Research Site,1,Virginia Beach,VA,23456,Virginia Beach,51810,0,0,469,9,1,zip,1.2,36.736954,-76.035987,registry_stand_in
1783,1783,Sentara Princess Anne Hospital,0,Virginia Beach,VA,23456,Virginia Beach,51810,0,0,469,9,1,zip,1.2,36.736954,-76.035987,registry_stand_in
1784,1784,Sentara Virginia Beach General Hospital,0,Virginia Beach,VA,23454,Virginia Beach,51810,0,0,475,9,2,zip,0.5,36.864599,-76.055124,registry_stand_in
1785,1785,Site US10015,1,Virginia Beach,VA,23462,Virginia Beach,51810,0,0,493,9,1,zip,0.4,36.836242,-76.145948,registry_stand_in
1786,1786,Site US10040,1,Virginia Beach,VA,23462,Virginia Beach,51810,0,0,493,9,1,zip,0.4,36.836242,-76.145948,registry_stand_in
1787,1787,SUN-131-03 Investigational Site,1,Norfolk,VA,23456,Virginia Beach,51810,0,0,469,9,1,zip,1.2,36.736954,-76.035987,registry_stand_in
1788,1788,Tidewater Clinical Research,0,Virginia Beach,VA,23456,Virginia Beach,51810,0,0,469,9,1,zip,1.2,36.736954,-76.035987,registry_stand_in
1789,1789,"Urology of Virginia, PLCC",0,Virginia Beach,VA,23462,Virginia Beach,51810,0,0,493,9,4,zip,0.4,36.836242,-76.145948,registry_stand_in
1790,1790,"Urology of Virginia, PLLC",0,Virginia Beach,VA,23462,Virginia Beach,51810,0,0,493,9,6,zip,0.4,36.836242,-76.145948,registry_stand_in
1791,1791,Urology of Virginia (UVA) - Virginia Beach (Devine-Tidewater Urology,0,Virginia Beach,VA,23462,Virginia Beach,51810,0,0,493,9,1,zip,0.4,36.836242,-76.145948,registry_stand_in
1792,1792,USOR - Virginia Oncology Associates - Virginia Beach,0,Virginia Beach,VA,23456,Virginia Beach,51810,0,0,469,9,1,zip,1.2,36.736954,-76.035987,registry_stand_in
1793,1793,Virginia Beach,1,Virginia Beach,VA,23456,Virginia Beach,51810,0,0,469,9,1,zip,1.2,36.736954,-76.035987,registry_stand_in
1794,1794,"Virginia Oncology Associates,1950 Glenn Mitchell Drive",0,Virginia Beach,VA,23456,Virginia Beach,51810,0,0,469,9,2,zip,1.2,36.736954,-76.035987,registry_stand_in
1795,1795,Virginia Oncology Associates-Princess Anne,0,Virginia Beach,VA,23456,Virginia Beach,51810,0,0,469,9,1,zip,1.2,36.736954,-76.035987,registry_stand_in
1796,1796,West Virginia University Hospitals Inc,0,Morgantown,WV,26056,Hancock,54029,0,0,790,0,2,zip,1.2,40.516958,-80.570164,registry_stand_in
1797,1797,Camden Clark Medical Center / Regional Cancer Center,0,Parkersburg,WV,26101,Wood,54107,0,0,112,15,1,zip,1.5,39.225842,-81.584316,registry_stand_in
1798,1798,Camden-Clark Memorial Hospital,0,Parkersburg,WV,26101,Wood,54107,0,0,112,15,1,zip,1.5,39.225842,-81.584316,registry_stand_in
1799,1799,"Green Bay Oncology, Ltd./Door County Memorial Hospital",0,Sturgeon Bay,WI,54135,Menominee,55078,0,0,163,0,1,zip,1.7,44.907717,-88.626589,registry_stand_in
1800,1800,SSM Health Dean Medical Group - Janesville,0,Janesville,WI,53546,Rock,55105,0,0,542,10,2,zip,0.8,42.652244,-88.948166,registry_stand_in
