county_fips,county_name,state_fips,trials_in_county,access_mi,on_main_network,nearest_broad,road_mi_broad,drive_hr_broad,nearest_limited,road_mi_limited,drive_hr_limited,nearest_nci,road_mi_nci,drive_hr_nci,straightline_x1_2_broad,straightline_x1_2_limited,straightline_x1_2_nci,straightline_nearest_nci
01001,Autauga,01,0,1.8,1,"Jefferson, Alabama",79.4,1.44,"Jefferson, Alabama",79.4,1.44,O'Neal Comprehensive Cancer Center (UAB),78.7,1.5,87.3,87.3,86.5,O'Neal Comprehensive Cancer Center (UAB)
01003,Baldwin,01,18,0.6,1,"Jefferson, Alabama",249.0,5.34,"Mobile, Alabama",34.9,0.75,O'Neal Comprehensive Cancer Center (UAB),248.2,5.4,255.9,31.9,255.5,O'Neal Comprehensive Cancer Center (UAB)
01005,Barbour,01,0,3.1,1,"Fulton, Georgia",172.5,3.81,"Coweta, Georgia",133.0,2.59,Winship Cancer Institute (Emory),171.3,3.75,174.2,133.2,173.3,O'Neal Comprehensive Cancer Center (UAB)
01007,Bibb,01,0,0.2,1,"Jefferson, Alabama",43.9,0.91,"Jefferson, Alabama",43.9,0.91,O'Neal Comprehensive Cancer Center (UAB),44.7,0.93,46.1,46.1,45.9,O'Neal Comprehensive Cancer Center (UAB)
01009,Blount,01,0,0.3,1,"Jefferson, Alabama",35.7,0.76,"Jefferson, Alabama",35.7,0.76,O'Neal Comprehensive Cancer Center (UAB),36.2,0.77,39.3,39.3,39.6,O'Neal Comprehensive Cancer Center (UAB)
01011,Bullock,01,0,0.0,1,"Jefferson, Alabama",136.0,2.6,"Coweta, Georgia",113.8,2.05,O'Neal Comprehensive Cancer Center (UAB),135.2,2.65,139.5,124.6,138.6,O'Neal Comprehensive Cancer Center (UAB)
01013,Butler,01,0,0.2,1,"Jefferson, Alabama",136.8,2.49,"Mobile, Alabama",127.3,2.12,O'Neal Comprehensive Cancer Center (UAB),136.1,2.54,144.8,140.9,144.1,O'Neal Comprehensive Cancer Center (UAB)
01015,Calhoun,01,0,0.3,1,"Jefferson, Alabama",65.9,1.38,"Jefferson, Alabama",65.9,1.38,O'Neal Comprehensive Cancer Center (UAB),64.7,1.36,70.8,70.8,70.3,O'Neal Comprehensive Cancer Center (UAB)
01017,Chambers,01,0,0.4,1,"Fulton, Georgia",92.2,1.71,"Coweta, Georgia",52.5,0.89,Winship Cancer Institute (Emory),91.4,1.67,100.6,56.6,101.2,Winship Cancer Institute (Emory)
01019,Cherokee,01,0,0.5,1,"Jefferson, Alabama",89.0,1.63,"Hamilton, Tennessee",77.8,1.69,O'Neal Comprehensive Cancer Center (UAB),88.3,1.62,89.6,76.2,95.2,Winship Cancer Institute (Emory)
01021,Chilton,01,0,1.0,1,"Jefferson, Alabama",49.9,1.05,"Jefferson, Alabama",49.9,1.05,O'Neal Comprehensive Cancer Center (UAB),49.2,1.11,53.6,53.6,52.8,O'Neal Comprehensive Cancer Center (UAB)
01023,Choctaw,01,0,1.0,1,"Jefferson, Alabama",157.3,2.88,"Mobile, Alabama",107.6,2.28,O'Neal Comprehensive Cancer Center (UAB),158.1,2.89,160.4,110.6,160.3,O'Neal Comprehensive Cancer Center (UAB)
01025,Clarke,01,0,1.3,1,"Jefferson, Alabama",157.6,3.33,"Mobile, Alabama",88.3,1.8,O'Neal Comprehensive Cancer Center (UAB),158.5,3.34,167.4,86.7,167.1,O'Neal Comprehensive Cancer Center (UAB)
01027,Clay,01,0,0.3,1,"Jefferson, Alabama",77.0,1.62,"Jefferson, Alabama",77.0,1.62,O'Neal Comprehensive Cancer Center (UAB),75.8,1.59,71.7,71.7,70.9,O'Neal Comprehensive Cancer Center (UAB)
01029,Cleburne,01,0,0.7,1,"Fulton, Georgia",73.4,1.35,"Coweta, Georgia",58.6,1.26,Winship Cancer Institute (Emory),73.9,1.35,77.7,56.5,81.9,Winship Cancer Institute (Emory)
01031,Coffee,01,0,0.8,1,"Jefferson, Alabama",172.2,3.32,"Mobile, Alabama",170.0,3.27,O'Neal Comprehensive Cancer Center (UAB),171.4,3.38,190.4,170.9,189.6,O'Neal Comprehensive Cancer Center (UAB)
01033,Colbert,01,0,0.6,1,"Jefferson, Alabama",111.1,2.19,"Union, Mississippi",91.9,1.95,O'Neal Comprehensive Cancer Center (UAB),111.6,2.21,116.6,92.9,117.5,O'Neal Comprehensive Cancer Center (UAB)
01035,Conecuh,01,0,0.1,1,"Jefferson, Alabama",168.3,2.95,"Mobile, Alabama",93.1,1.51,O'Neal Comprehensive Cancer Center (UAB),167.6,3.01,174.7,103.4,174.1,O'Neal Comprehensive Cancer Center (UAB)
01037,Coosa,01,0,2.7,1,"Jefferson, Alabama",62.1,1.38,"Jefferson, Alabama",62.1,1.38,O'Neal Comprehensive Cancer Center (UAB),60.8,1.36,63.8,63.8,62.8,O'Neal Comprehensive Cancer Center (UAB)
01039,Covington,01,0,1.5,1,"Jefferson, Alabama",181.7,3.66,"Mobile, Alabama",134.2,2.42,O'Neal Comprehensive Cancer Center (UAB),181.0,3.71,187.3,135.0,186.5,O'Neal Comprehensive Cancer Center (UAB)
01041,Crenshaw,01,0,0.5,1,"Jefferson, Alabama",137.7,2.68,"Jefferson, Alabama",137.7,2.68,O'Neal Comprehensive Cancer Center (UAB),137.0,2.74,151.1,151.1,150.3,O'Neal Comprehensive Cancer Center (UAB)
01043,Cullman,01,0,0.2,1,"Jefferson, Alabama",47.6,0.83,"Jefferson, Alabama",47.6,0.83,O'Neal Comprehensive Cancer Center (UAB),48.1,0.85,53.5,53.5,54.2,O'Neal Comprehensive Cancer Center (UAB)
01045,Dale,01,0,1.7,1,"Jefferson, Alabama",178.7,3.45,"Coweta, Georgia",176.2,3.5,O'Neal Comprehensive Cancer Center (UAB),178.0,3.5,195.0,177.0,194.1,O'Neal Comprehensive Cancer Center (UAB)
01047,Dallas,01,0,0.4,1,"Jefferson, Alabama",85.6,1.91,"Jefferson, Alabama",85.6,1.91,O'Neal Comprehensive Cancer Center (UAB),84.9,1.96,93.0,93.0,92.4,O'Neal Comprehensive Cancer Center (UAB)
01049,DeKalb,01,1,1.8,1,"Jefferson, Alabama",96.7,2.05,"Hamilton, Tennessee",66.2,1.49,O'Neal Comprehensive Cancer Center (UAB),97.2,2.06,103.4,67.7,103.4,O'Neal Comprehensive Cancer Center (UAB)
01051,Elmore,01,0,0.2,1,"Jefferson, Alabama",84.5,1.65,"Jefferson, Alabama",84.5,1.65,O'Neal Comprehensive Cancer Center (UAB),83.7,1.7,89.3,89.3,88.4,O'Neal Comprehensive Cancer Center (UAB)
01053,Escambia,01,0,0.3,1,"Jefferson, Alabama",198.5,4.34,"Mobile, Alabama",76.9,1.46,O'Neal Comprehensive Cancer Center (UAB),197.7,4.4,204.3,71.9,203.7,O'Neal Comprehensive Cancer Center (UAB)
01055,Etowah,01,0,0.7,1,"Jefferson, Alabama",61.5,1.02,"Jefferson, Alabama",61.5,1.02,O'Neal Comprehensive Cancer Center (UAB),60.7,1.02,68.0,68.0,67.8,O'Neal Comprehensive Cancer Center (UAB)
01057,Fayette,01,0,2.3,1,"Jefferson, Alabama",74.7,1.55,"Lowndes, Mississippi",44.9,1.01,O'Neal Comprehensive Cancer Center (UAB),76.0,1.58,68.2,46.2,69.1,O'Neal Comprehensive Cancer Center (UAB)
01059,Franklin,01,0,1.9,1,"Jefferson, Alabama",101.6,2.25,"Union, Mississippi",87.1,1.95,O'Neal Comprehensive Cancer Center (UAB),102.9,2.28,103.5,83.2,104.5,O'Neal Comprehensive Cancer Center (UAB)
01061,Geneva,01,0,0.6,1,"Jefferson, Alabama",197.1,3.84,"Mobile, Alabama",173.6,3.55,O'Neal Comprehensive Cancer Center (UAB),196.4,3.89,213.4,173.7,212.6,O'Neal Comprehensive Cancer Center (UAB)
01063,Greene,01,0,0.3,1,"Jefferson, Alabama",87.3,1.64,"Lowndes, Mississippi",65.3,1.42,O'Neal Comprehensive Cancer Center (UAB),88.1,1.65,95.8,65.4,96.0,O'Neal Comprehensive Cancer Center (UAB)
01065,Hale,01,0,2.2,1,"Jefferson, Alabama",83.7,1.69,"Jefferson, Alabama",83.7,1.69,O'Neal Comprehensive Cancer Center (UAB),84.6,1.7,83.2,80.8,83.2,O'Neal Comprehensive Cancer Center (UAB)
01067,Henry,01,0,1.9,1,"Fulton, Georgia",191.2,4.18,"Coweta, Georgia",151.7,2.97,Winship Cancer Institute (Emory),190.0,4.13,201.1,162.7,200.1,O'Neal Comprehensive Cancer Center (UAB)
01069,Houston,01,4,0.0,1,"Jefferson, Alabama",195.6,3.8,"Coweta, Georgia",170.0,3.37,O'Neal Comprehensive Cancer Center (UAB),194.9,3.86,215.8,186.1,214.9,O'Neal Comprehensive Cancer Center (UAB)
01071,Jackson,01,0,0.1,1,"Jefferson, Alabama",102.5,2.19,"Hamilton, Tennessee",60.8,1.43,O'Neal Comprehensive Cancer Center (UAB),103.0,2.2,116.7,58.9,116.9,O'Neal Comprehensive Cancer Center (UAB)
01073,Jefferson,01,172,0.2,1,"Jefferson, Alabama",0.0,0.0,"Jefferson, Alabama",0.0,0.0,O'Neal Comprehensive Cancer Center (UAB),2.0,0.04,0.0,0.0,1.0,O'Neal Comprehensive Cancer Center (UAB)
01075,Lamar,01,0,0.1,1,"Jefferson, Alabama",95.8,2.02,"Lowndes, Mississippi",27.2,0.58,O'Neal Comprehensive Cancer Center (UAB),97.0,2.05,91.8,27.8,92.6,O'Neal Comprehensive Cancer Center (UAB)
01077,Lauderdale,01,0,1.9,1,"Davidson, Tennessee",113.8,2.49,"Union, Mississippi",106.0,2.29,Vanderbilt-Ingram Cancer Center,111.3,2.46,120.5,100.7,119.1,Vanderbilt-Ingram Cancer Center
01079,Lawrence,01,0,0.6,1,"Jefferson, Alabama",86.3,1.61,"Jefferson, Alabama",86.3,1.61,O'Neal Comprehensive Cancer Center (UAB),86.8,1.63,90.6,90.6,91.4,O'Neal Comprehensive Cancer Center (UAB)
01081,Lee,01,0,0.7,1,"Fulton, Georgia",109.3,1.97,"Coweta, Georgia",69.6,1.15,Winship Cancer Institute (Emory),108.5,1.93,122.6,78.4,122.8,Winship Cancer Institute (Emory)
01083,Limestone,01,0,0.7,1,"Jefferson, Alabama",94.7,1.56,"Jefferson, Alabama",94.7,1.56,O'Neal Comprehensive Cancer Center (UAB),95.2,1.58,107.0,107.0,107.7,O'Neal Comprehensive Cancer Center (UAB)
01085,Lowndes,01,0,0.6,1,"Jefferson, Alabama",114.2,2.21,"Jefferson, Alabama",114.2,2.21,O'Neal Comprehensive Cancer Center (UAB),113.4,2.27,113.0,113.0,112.3,O'Neal Comprehensive Cancer Center (UAB)
01087,Macon,01,0,0.1,1,"Jefferson, Alabama",122.3,2.73,"Coweta, Georgia",91.8,1.59,O'Neal Comprehensive Cancer Center (UAB),121.0,2.71,118.3,104.1,117.3,O'Neal Comprehensive Cancer Center (UAB)
01089,Madison,01,10,0.5,1,"Jefferson, Alabama",96.2,2.02,"Jefferson, Alabama",96.2,2.02,O'Neal Comprehensive Cancer Center (UAB),96.7,2.04,102.5,100.4,103.1,O'Neal Comprehensive Cancer Center (UAB)
01091,Marengo,01,0,1.1,1,"Jefferson, Alabama",118.8,2.56,"Lowndes, Mississippi",104.6,2.25,O'Neal Comprehensive Cancer Center (UAB),119.7,2.58,119.4,105.8,119.3,O'Neal Comprehensive Cancer Center (UAB)
01093,Marion,01,0,1.6,1,"Jefferson, Alabama",83.9,1.84,"Lowndes, Mississippi",69.6,1.47,O'Neal Comprehensive Cancer Center (UAB),85.2,1.88,88.3,60.4,89.3,O'Neal Comprehensive Cancer Center (UAB)
01095,Marshall,01,0,0.3,1,"Jefferson, Alabama",70.0,1.45,"Jefferson, Alabama",70.0,1.45,O'Neal Comprehensive Cancer Center (UAB),70.5,1.47,74.9,74.9,75.2,O'Neal Comprehensive Cancer Center (UAB)
01097,Mobile,01,32,2.6,1,"Jefferson, Alabama",238.0,4.95,"Mobile, Alabama",0.0,0.0,O'Neal Comprehensive Cancer Center (UAB),238.8,4.96,253.7,0.0,253.3,O'Neal Comprehensive Cancer Center (UAB)
01099,Monroe,01,0,0.6,1,"Jefferson, Alabama",163.4,3.63,"Mobile, Alabama",94.1,1.71,O'Neal Comprehensive Cancer Center (UAB),162.7,3.68,171.8,88.7,171.3,O'Neal Comprehensive Cancer Center (UAB)
01101,Montgomery,01,0,0.1,1,"Jefferson, Alabama",95.4,1.68,"Jefferson, Alabama",95.4,1.68,O'Neal Comprehensive Cancer Center (UAB),94.6,1.73,105.1,105.1,104.2,O'Neal Comprehensive Cancer Center (UAB)
01103,Morgan,01,0,1.7,1,"Jefferson, Alabama",74.3,1.24,"Jefferson, Alabama",74.3,1.24,O'Neal Comprehensive Cancer Center (UAB),74.9,1.26,83.1,83.1,83.8,O'Neal Comprehensive Cancer Center (UAB)
01105,Perry,01,0,0.4,1,"Jefferson, Alabama",79.4,1.66,"Jefferson, Alabama",79.4,1.66,O'Neal Comprehensive Cancer Center (UAB),80.3,1.68,86.5,86.5,86.2,O'Neal Comprehensive Cancer Center (UAB)
01107,Pickens,01,0,0.4,1,"Jefferson, Alabama",91.1,1.89,"Lowndes, Mississippi",32.3,0.67,O'Neal Comprehensive Cancer Center (UAB),91.9,1.91,89.5,29.3,90.1,O'Neal Comprehensive Cancer Center (UAB)
01109,Pike,01,0,0.4,1,"Jefferson, Alabama",141.5,2.64,"Jefferson, Alabama",141.5,2.64,O'Neal Comprehensive Cancer Center (UAB),140.8,2.7,155.7,155.7,154.8,O'Neal Comprehensive Cancer Center (UAB)
01111,Randolph,01,0,1.6,1,"Fulton, Georgia",93.1,1.99,"Coweta, Georgia",57.4,1.26,Winship Cancer Institute (Emory),93.6,2.0,85.4,49.0,87.9,Winship Cancer Institute (Emory)
01113,Russell,01,0,0.5,1,"Fulton, Georgia",117.9,2.63,"Coweta, Georgia",78.4,1.42,Winship Cancer Institute (Emory),116.7,2.58,126.1,82.9,125.1,Winship Cancer Institute (Emory)
01115,St. Clair,01,0,1.5,1,"Jefferson, Alabama",33.6,0.73,"Jefferson, Alabama",33.6,0.73,O'Neal Comprehensive Cancer Center (UAB),32.4,0.7,32.4,32.4,32.0,O'Neal Comprehensive Cancer Center (UAB)
01117,Shelby,01,1,3.1,1,"Jefferson, Alabama",20.0,0.4,"Jefferson, Alabama",20.0,0.4,O'Neal Comprehensive Cancer Center (UAB),19.3,0.45,19.5,19.5,18.7,O'Neal Comprehensive Cancer Center (UAB)
01119,Sumter,01,0,0.6,1,"Jefferson, Alabama",111.8,1.95,"Lowndes, Mississippi",85.0,1.78,O'Neal Comprehensive Cancer Center (UAB),112.7,1.97,126.0,79.5,126.2,O'Neal Comprehensive Cancer Center (UAB)
01121,Talladega,01,0,0.2,1,"Jefferson, Alabama",50.7,1.1,"Jefferson, Alabama",50.7,1.1,O'Neal Comprehensive Cancer Center (UAB),49.4,1.08,46.2,46.2,45.3,O'Neal Comprehensive Cancer Center (UAB)
01123,Tallapoosa,01,0,2.2,1,"Jefferson, Alabama",80.7,1.77,"Jefferson, Alabama",80.7,1.77,O'Neal Comprehensive Cancer Center (UAB),79.4,1.75,85.8,85.8,84.9,O'Neal Comprehensive Cancer Center (UAB)
01125,Tuscaloosa,01,2,0.4,1,"Jefferson, Alabama",53.1,1.04,"Jefferson, Alabama",53.1,1.04,O'Neal Comprehensive Cancer Center (UAB),54.0,1.06,55.0,55.0,55.3,O'Neal Comprehensive Cancer Center (UAB)
01127,Walker,01,0,0.7,1,"Jefferson, Alabama",38.4,0.91,"Jefferson, Alabama",38.4,0.91,O'Neal Comprehensive Cancer Center (UAB),39.7,0.94,40.1,40.1,41.1,O'Neal Comprehensive Cancer Center (UAB)
01129,Washington,01,0,2.8,1,"Jefferson, Alabama",190.3,4.05,"Mobile, Alabama",70.5,1.43,O'Neal Comprehensive Cancer Center (UAB),191.1,4.07,199.5,60.5,199.2,O'Neal Comprehensive Cancer Center (UAB)
01131,Wilcox,01,0,1.2,1,"Jefferson, Alabama",129.2,2.85,"Mobile, Alabama",126.9,2.64,O'Neal Comprehensive Cancer Center (UAB),128.5,2.91,131.2,123.4,130.8,O'Neal Comprehensive Cancer Center (UAB)
01133,Winston,01,0,0.1,1,"Jefferson, Alabama",65.2,1.48,"Jefferson, Alabama",65.2,1.48,O'Neal Comprehensive Cancer Center (UAB),66.5,1.51,67.9,67.9,68.8,O'Neal Comprehensive Cancer Center (UAB)
02013,Aleutians East,02,0,999.0,0,OFF ROAD NETWORK (>30 mi from a primary/secondary road),999.0,999.0,OFF ROAD NETWORK (>30 mi from a primary/secondary road),999.0,999.0,OFF ROAD NETWORK (>30 mi from a primary/secondary road),999.0,999.0,2205.5,815.8,2196.5,Fred Hutch/UW/Seattle Children's Cancer Consortium
02016,Aleutians West,02,0,999.0,0,OFF ROAD NETWORK (>30 mi from a primary/secondary road),999.0,999.0,OFF ROAD NETWORK (>30 mi from a primary/secondary road),999.0,999.0,OFF ROAD NETWORK (>30 mi from a primary/secondary road),999.0,999.0,2420.6,1003.2,2411.7,Fred Hutch/UW/Seattle Children's Cancer Consortium
02020,Anchorage,02,48,1.9,0,NO ROAD CONNECTION (island / disconnected network),999.0,999.0,"Anchorage, Alaska",0.0,0.0,NO ROAD CONNECTION (island / disconnected network),999.0,999.0,1723.8,0.0,1714.6,Fred Hutch/UW/Seattle Children's Cancer Consortium
02050,Bethel,02,0,999.0,0,OFF ROAD NETWORK (>30 mi from a primary/secondary road),999.0,999.0,OFF ROAD NETWORK (>30 mi from a primary/secondary road),999.0,999.0,OFF ROAD NETWORK (>30 mi from a primary/secondary road),999.0,999.0,2177.8,500.1,2168.6,Fred Hutch/UW/Seattle Children's Cancer Consortium
02060,Bristol Bay,02,0,999.0,0,OFF ROAD NETWORK (>30 mi from a primary/secondary road),999.0,999.0,OFF ROAD NETWORK (>30 mi from a primary/secondary road),999.0,999.0,OFF ROAD NETWORK (>30 mi from a primary/secondary road),999.0,999.0,1924.7,356.0,1915.4,Fred Hutch/UW/Seattle Children's Cancer Consortium
02063,Chugach,02,0,12.1,0,NO ROAD CONNECTION (island / disconnected network),999.0,999.0,"Anchorage, Alaska",311.3,6.39,NO ROAD CONNECTION (island / disconnected network),999.0,999.0,1586.8,146.5,1577.6,Fred Hutch/UW/Seattle Children's Cancer Consortium
02066,Copper River,02,0,12.4,0,NO ROAD CONNECTION (island / disconnected network),999.0,999.0,"Anchorage, Alaska",212.9,4.39,NO ROAD CONNECTION (island / disconnected network),999.0,999.0,1606.1,200.8,1597.1,Fred Hutch/UW/Seattle Children's Cancer Consortium
02068,Denali,02,0,0.3,0,NO ROAD CONNECTION (island / disconnected network),999.0,999.0,"Anchorage, Alaska",241.2,4.92,NO ROAD CONNECTION (island / disconnected network),999.0,999.0,1816.1,223.5,1807.1,Fred Hutch/UW/Seattle Children's Cancer Consortium
02070,Dillingham,02,0,999.0,0,OFF ROAD NETWORK (>30 mi from a primary/secondary road),999.0,999.0,OFF ROAD NETWORK (>30 mi from a primary/secondary road),999.0,999.0,OFF ROAD NETWORK (>30 mi from a primary/secondary road),999.0,999.0,2012.0,406.8,2002.7,Fred Hutch/UW/Seattle Children's Cancer Consortium
02090,Fairbanks North Star,02,16,1.0,0,NO ROAD CONNECTION (island / disconnected network),999.0,999.0,"Anchorage, Alaska",356.1,7.39,NO ROAD CONNECTION (island / disconnected network),999.0,999.0,1824.8,312.6,1815.8,Fred Hutch/UW/Seattle Children's Cancer Consortium
02100,Haines,02,0,0.6,0,NO ROAD CONNECTION (island / disconnected network),999.0,999.0,NO ROAD CONNECTION (island / disconnected network),999.0,999.0,NO ROAD CONNECTION (island / disconnected network),999.0,999.0,1165.3,609.4,1156.4,Fred Hutch/UW/Seattle Children's Cancer Consortium
02105,Hoonah-Angoon,02,0,999.0,0,OFF ROAD NETWORK (>30 mi from a primary/secondary road),999.0,999.0,OFF ROAD NETWORK (>30 mi from a primary/secondary road),999.0,999.0,OFF ROAD NETWORK (>30 mi from a primary/secondary road),999.0,999.0,1093.7,651.6,1084.7,Fred Hutch/UW/Seattle Children's Cancer Consortium
02110,Juneau,02,0,0.1,0,NO ROAD CONNECTION (island / disconnected network),999.0,999.0,NO ROAD CONNECTION (island / disconnected network),999.0,999.0,NO ROAD CONNECTION (island / disconnected network),999.0,999.0,1083.0,676.8,1074.1,Fred Hutch/UW/Seattle Children's Cancer Consortium
02122,Kenai Peninsula,02,0,7.0,0,NO ROAD CONNECTION (island / disconnected network),999.0,999.0,"Anchorage, Alaska",170.9,3.62,NO ROAD CONNECTION (island / disconnected network),999.0,999.0,1736.7,91.3,1727.5,Fred Hutch/UW/Seattle Children's Cancer Consortium
02130,Ketchikan Gateway,02,0,1.1,0,NO ROAD CONNECTION (island / disconnected network),999.0,999.0,NO ROAD CONNECTION (island / disconnected network),999.0,999.0,NO ROAD CONNECTION (island / disconnected network),999.0,999.0,810.0,785.3,800.9,Fred Hutch/UW/Seattle Children's Cancer Consortium
02150,Kodiak Island,02,0,999.0,0,OFF ROAD NETWORK (>30 mi from a primary/secondary road),999.0,999.0,OFF ROAD NETWORK (>30 mi from a primary/secondary road),999.0,999.0,OFF ROAD NETWORK (>30 mi from a primary/secondary road),999.0,999.0,1719.6,304.6,1710.4,Fred Hutch/UW/Seattle Children's Cancer Consortium
02158,Kusilvak,02,0,999.0,0,OFF ROAD NETWORK (>30 mi from a primary/secondary road),999.0,999.0,OFF ROAD NETWORK (>30 mi from a primary/secondary road),999.0,999.0,OFF ROAD NETWORK (>30 mi from a primary/secondary road),999.0,999.0,2285.9,576.5,2276.7,Fred Hutch/UW/Seattle Children's Cancer Consortium
02164,Lake and Peninsula,02,0,999.0,0,OFF ROAD NETWORK (>30 mi from a primary/secondary road),999.0,999.0,OFF ROAD NETWORK (>30 mi from a primary/secondary road),999.0,999.0,OFF ROAD NETWORK (>30 mi from a primary/secondary road),999.0,999.0,1898.9,343.5,1889.7,Fred Hutch/UW/Seattle Children's Cancer Consortium
02170,Matanuska-Susitna,02,0,1.6,0,NO ROAD CONNECTION (island / disconnected network),999.0,999.0,"Anchorage, Alaska",44.2,0.82,NO ROAD CONNECTION (island / disconnected network),999.0,999.0,1728.2,37.3,1719.0,Fred Hutch/UW/Seattle Children's Cancer Consortium
02180,Nome,02,0,999.0,0,OFF ROAD NETWORK (>30 mi from a primary/secondary road),999.0,999.0,OFF ROAD NETWORK (>30 mi from a primary/secondary road),999.0,999.0,OFF ROAD NETWORK (>30 mi from a primary/secondary road),999.0,999.0,2366.0,642.8,2356.8,Fred Hutch/UW/Seattle Children's Cancer Consortium
02185,North Slope,02,0,999.0,0,OFF ROAD NETWORK (>30 mi from a primary/secondary road),999.0,999.0,OFF ROAD NETWORK (>30 mi from a primary/secondary road),999.0,999.0,OFF ROAD NETWORK (>30 mi from a primary/secondary road),999.0,999.0,2306.2,791.7,2297.6,Fred Hutch/UW/Seattle Children's Cancer Consortium
02188,Northwest Arctic,02,0,999.0,0,OFF ROAD NETWORK (>30 mi from a primary/secondary road),999.0,999.0,OFF ROAD NETWORK (>30 mi from a primary/secondary road),999.0,999.0,OFF ROAD NETWORK (>30 mi from a primary/secondary road),999.0,999.0,2316.1,635.8,2307.1,Fred Hutch/UW/Seattle Children's Cancer Consortium
02195,Petersburg,02,0,999.0,0,OFF ROAD NETWORK (>30 mi from a primary/secondary road),999.0,999.0,OFF ROAD NETWORK (>30 mi from a primary/secondary road),999.0,999.0,OFF ROAD NETWORK (>30 mi from a primary/secondary road),999.0,999.0,938.0,803.5,929.0,Fred Hutch/UW/Seattle Children's Cancer Consortium
02198,Prince of Wales-Hyder,02,0,6.5,0,NO ROAD CONNECTION (island / disconnected network),999.0,999.0,NO ROAD CONNECTION (island / disconnected network),999.0,999.0,NO ROAD CONNECTION (island / disconnected network),999.0,999.0,854.7,830.6,845.6,Fred Hutch/UW/Seattle Children's Cancer Consortium
02220,Sitka,02,0,999.0,0,OFF ROAD NETWORK (>30 mi from a primary/secondary road),999.0,999.0,OFF ROAD NETWORK (>30 mi from a primary/secondary road),999.0,999.0,OFF ROAD NETWORK (>30 mi from a primary/secondary road),999.0,999.0,1027.7,701.8,1018.6,Fred Hutch/UW/Seattle Children's Cancer Consortium
02230,Skagway,02,0,13.0,0,NO ROAD CONNECTION (island / disconnected network),999.0,999.0,NO ROAD CONNECTION (island / disconnected network),999.0,999.0,NO ROAD CONNECTION (island / disconnected network),999.0,999.0,1175.2,610.0,1166.3,Fred Hutch/UW/Seattle Children's Cancer Consortium
02240,Southeast Fairbanks,02,0,5.3,0,NO ROAD CONNECTION (island / disconnected network),999.0,999.0,"Anchorage, Alaska",374.5,7.71,NO ROAD CONNECTION (island / disconnected network),999.0,999.0,1692.8,294.7,1683.9,Fred Hutch/UW/Seattle Children's Cancer Consortium
02275,Wrangell,02,0,999.0,0,OFF ROAD NETWORK (>30 mi from a primary/secondary road),999.0,999.0,OFF ROAD NETWORK (>30 mi from a primary/secondary road),999.0,999.0,OFF ROAD NETWORK (>30 mi from a primary/secondary road),999.0,999.0,897.3,843.0,888.3,Fred Hutch/UW/Seattle Children's Cancer Consortium
02282,Yakutat,02,0,999.0,0,OFF ROAD NETWORK (>30 mi from a primary/secondary road),999.0,999.0,OFF ROAD NETWORK (>30 mi from a primary/secondary road),999.0,999.0,OFF ROAD NETWORK (>30 mi from a primary/secondary road),999.0,999.0,1307.5,434.6,1298.4,Fred Hutch/UW/Seattle Children's Cancer Consortium
02290,Yukon-Koyukuk,02,0,999.0,0,OFF ROAD NETWORK (>30 mi from a primary/secondary road),999.0,999.0,OFF ROAD NETWORK (>30 mi from a primary/secondary road),999.0,999.0,OFF ROAD NETWORK (>30 mi from a primary/secondary road),999.0,999.0,1980.0,333.0,1970.9,Fred Hutch/UW/Seattle Children's Cancer Consortium
04001,Apache,04,0,6.2,1,"Maricopa, Arizona",262.1,5.33,"Bernalillo, New Mexico",208.8,3.75,UNM Comprehensive Cancer Center,209.3,3.8,247.3,192.9,191.4,UNM Comprehensive Cancer Center
04003,Cochise,04,0,1.4,1,"Pima, Arizona",81.0,1.6,"Pima, Arizona",81.0,1.6,University of Arizona Cancer Center,83.3,1.67,80.4,80.4,81.5,University of Arizona Cancer Center
04005,Coconino,04,0,2.5,1,"Maricopa, Arizona",171.7,2.87,"Maricopa, Arizona",171.7,2.87,Mayo Clinic Cancer Center – Phoenix,162.0,2.69,167.4,167.4,150.7,Mayo Clinic Cancer Center – Phoenix
04007,Gila,04,0,2.2,1,"Maricopa, Arizona",111.2,2.61,"Maricopa, Arizona",111.2,2.61,Mayo Clinic Cancer Center – Phoenix,120.3,2.7,76.8,76.8,65.5,Mayo Clinic Cancer Center – Phoenix
04009,Graham,04,0,0.7,1,"Pima, Arizona",135.0,2.48,"Pima, Arizona",135.0,2.48,University of Arizona Cancer Center,137.2,2.55,96.8,96.8,94.9,University of Arizona Cancer Center
04011,Greenlee,04,0,0.1,1,"Pima, Arizona",164.9,3.11,"Pima, Arizona",164.9,3.11,University of Arizona Cancer Center,167.2,3.19,134.7,134.7,132.9,University of Arizona Cancer Center
04012,La Paz,04,0,1.9,1,"Maricopa, Arizona",151.6,2.52,"Mohave, Arizona",108.3,2.16,Mayo Clinic Cancer Center – Phoenix,160.8,3.23,152.5,89.7,155.9,Mayo Clinic Cancer Center – Phoenix
04013,Maricopa,04,372,0.0,1,"Maricopa, Arizona",0.0,0.0,"Maricopa, Arizona",0.0,0.0,Mayo Clinic Cancer Center – Phoenix,17.5,0.32,0.0,0.0,17.2,Mayo Clinic Cancer Center – Phoenix
04015,Mohave,04,25,7.3,1,"Maricopa, Arizona",206.8,4.15,"Mohave, Arizona",0.0,0.0,Mayo Clinic Cancer Center – Phoenix,208.7,4.1,198.7,0.0,194.3,Mayo Clinic Cancer Center – Phoenix
04017,Navajo,04,0,1.9,1,"Maricopa, Arizona",181.2,3.85,"Maricopa, Arizona",181.2,3.85,Mayo Clinic Cancer Center – Phoenix,190.0,4.02,169.8,169.8,154.3,Mayo Clinic Cancer Center – Phoenix
04019,Pima,04,114,0.0,1,"Pima, Arizona",0.0,0.0,"Pima, Arizona",0.0,0.0,University of Arizona Cancer Center,2.3,0.07,0.0,0.0,2.6,University of Arizona Cancer Center
04021,Pinal,04,4,3.8,1,"Maricopa, Arizona",50.4,1.05,"Maricopa, Arizona",50.4,1.05,Mayo Clinic Cancer Center – Phoenix,59.6,1.14,46.4,46.4,56.0,Mayo Clinic Cancer Center – Phoenix
04023,Santa Cruz,04,0,1.2,1,"Pima, Arizona",59.7,0.98,"Pima, Arizona",59.7,0.98,University of Arizona Cancer Center,61.3,1.03,64.4,64.4,66.9,University of Arizona Cancer Center
04025,Yavapai,04,1,1.7,1,"Maricopa, Arizona",118.4,2.14,"Maricopa, Arizona",118.4,2.14,Mayo Clinic Cancer Center – Phoenix,108.7,1.97,95.7,95.7,81.8,Mayo Clinic Cancer Center – Phoenix
04027,Yuma,04,0,2.6,1,"San Diego, California",178.6,3.01,"San Diego, California",178.6,3.01,Moores Comprehensive Cancer Center (UCSD),185.1,3.13,175.9,175.9,184.4,Moores Comprehensive Cancer Center (UCSD)
05001,Arkansas,05,0,0.9,1,"Shelby, Tennessee",134.4,2.73,"Pulaski, Arkansas",70.8,1.53,O'Neal Comprehensive Cancer Center (UAB),324.7,6.45,123.0,66.0,328.9,O'Neal Comprehensive Cancer Center (UAB)
05003,Ashley,05,0,0.6,1,"Shelby, Tennessee",218.0,4.54,"Pulaski, Arkansas",129.8,2.56,Harold C. Simmons Comprehensive Cancer Center (UTSW),318.8,6.02,211.8,134.3,346.5,Harold C. Simmons Comprehensive Cancer Center (UTSW)
05005,Baxter,05,0,0.1,1,"Shelby, Tennessee",201.9,4.32,"Greene, Missouri",111.5,2.33,Siteman Cancer Center (WashU),251.8,4.98,195.4,94.2,235.7,Siteman Cancer Center (WashU)
05007,Benton,05,28,0.1,1,"Johnson, Kansas",202.2,3.84,"Benton, Arkansas",0.0,0.0,University of Kansas Cancer Center,211.1,3.88,217.3,0.0,227.0,University of Kansas Cancer Center
05009,Boone,05,0,0.4,1,"Jackson, Missouri",234.7,4.93,"Washington, Arkansas",75.9,1.79,University of Kansas Cancer Center,242.4,4.87,235.9,73.2,251.6,University of Kansas Cancer Center
05011,Bradley,05,0,1.3,1,"Shelby, Tennessee",202.6,4.18,"Pulaski, Arkansas",95.9,1.85,Harold C. Simmons Comprehensive Cancer Center (UTSW),310.9,5.68,199.1,100.6,334.9,Harold C. Simmons Comprehensive Cancer Center (UTSW)
05013,Calhoun,05,0,0.8,1,"Shelby, Tennessee",220.5,4.55,"Pulaski, Arkansas",97.4,2.06,Harold C. Simmons Comprehensive Cancer Center (UTSW),283.4,5.08,220.1,99.4,307.9,Harold C. Simmons Comprehensive Cancer Center (UTSW)
05015,Carroll,05,0,0.2,1,"Jackson, Missouri",223.1,4.5,"Benton, Arkansas",50.3,1.19,University of Kansas Cancer Center,230.8,4.43,224.8,43.9,232.4,University of Kansas Cancer Center
05017,Chicot,05,0,0.3,1,"Shelby, Tennessee",179.9,3.73,"Grenada, Mississippi",109.4,2.43,O'Neal Comprehensive Cancer Center (UAB),294.4,6.17,179.0,110.9,312.9,O'Neal Comprehensive Cancer Center (UAB)
05019,Clark,05,0,0.1,1,"Shelby, Tennessee",215.0,3.67,"Pulaski, Arkansas",72.2,1.29,Harold C. Simmons Comprehensive Cancer Center (UTSW),254.1,4.16,236.9,78.7,278.4,Harold C. Simmons Comprehensive Cancer Center (UTSW)
05021,Clay,05,0,1.3,1,"Shelby, Tennessee",127.4,2.61,"Craighead, Arkansas",50.6,1.1,Siteman Cancer Center (WashU),195.1,3.92,107.7,48.7,187.1,Siteman Cancer Center (WashU)
05023,Cleburne,05,0,0.5,1,"Shelby, Tennessee",153.5,3.18,"Pulaski, Arkansas",66.6,1.4,Siteman Cancer Center (WashU),306.4,6.36,148.8,63.5,283.8,Siteman Cancer Center (WashU)
05025,Cleveland,05,0,0.6,1,"Shelby, Tennessee",184.1,3.82,"Pulaski, Arkansas",71.7,1.36,Harold C. Simmons Comprehensive Cancer Center (UTSW),314.1,5.75,183.9,72.5,338.4,Harold C. Simmons Comprehensive Cancer Center (UTSW)
05027,Columbia,05,0,0.4,1,"Dallas, Texas",232.0,4.22,"Caddo, Louisiana",77.4,1.66,Harold C. Simmons Comprehensive Cancer Center (UTSW),235.1,4.3,248.9,75.9,252.6,Harold C. Simmons Comprehensive Cancer Center (UTSW)
05029,Conway,05,0,0.4,1,"Shelby, Tennessee",186.1,3.69,"Pulaski, Arkansas",51.1,0.97,Stephenson Cancer Center (Oklahoma),286.9,5.29,191.2,45.0,325.2,Stephenson Cancer Center (Oklahoma)
05031,Craighead,05,29,0.1,1,"Shelby, Tennessee",78.5,1.55,"Craighead, Arkansas",0.0,0.0,Siteman Cancer Center (WashU),230.1,4.78,78.8,0.0,232.8,Siteman Cancer Center (WashU)
05033,Crawford,05,0,0.4,1,"Oklahoma, Oklahoma",193.6,3.23,"Sebastian, Arkansas",17.1,0.36,Stephenson Cancer Center (Oklahoma),189.9,3.15,217.8,15.3,217.2,Stephenson Cancer Center (Oklahoma)
05035,Crittenden,05,0,0.4,1,"Shelby, Tennessee",24.3,0.47,"Shelby, Tennessee",24.3,0.47,Vanderbilt-Ingram Cancer Center,217.3,3.6,22.5,22.5,243.3,Vanderbilt-Ingram Cancer Center
05037,Cross,05,0,0.1,1,"Shelby, Tennessee",59.3,1.22,"Craighead, Arkansas",43.6,0.94,Vanderbilt-Ingram Cancer Center,252.3,4.35,61.2,49.0,277.6,Vanderbilt-Ingram Cancer Center
05039,Dallas,05,0,0.0,1,"Shelby, Tennessee",202.0,4.17,"Pulaski, Arkansas",78.9,1.69,Harold C. Simmons Comprehensive Cancer Center (UTSW),297.3,5.38,208.6,76.8,311.5,Harold C. Simmons Comprehensive Cancer Center (UTSW)
05041,Desha,05,0,1.2,1,"Shelby, Tennessee",169.3,3.56,"Pulaski, Arkansas",98.2,2.06,O'Neal Comprehensive Cancer Center (UAB),329.7,6.93,153.9,103.8,319.2,O'Neal Comprehensive Cancer Center (UAB)
05043,Drew,05,0,0.1,1,"Shelby, Tennessee",190.0,3.97,"Pulaski, Arkansas",93.2,1.78,Harold C. Simmons Comprehensive Cancer Center (UTSW),327.8,6.08,180.0,101.9,344.3,O'Neal Comprehensive Cancer Center (UAB)
05045,Faulkner,05,1,0.8,1,"Shelby, Tennessee",167.5,3.38,"Pulaski, Arkansas",32.9,0.63,Stephenson Cancer Center (Oklahoma),302.3,5.52,170.9,28.1,324.5,Siteman Cancer Center (WashU)
05047,Franklin,05,0,0.4,1,"Oklahoma, Oklahoma",222.5,3.95,"Sebastian, Arkansas",35.1,0.76,Stephenson Cancer Center (Oklahoma),218.8,3.87,244.6,33.0,244.0,Stephenson Cancer Center (Oklahoma)
05049,Fulton,05,0,1.7,1,"Shelby, Tennessee",166.6,3.47,"Craighead, Arkansas",89.6,1.99,Siteman Cancer Center (WashU),234.9,4.68,163.3,86.1,211.0,Siteman Cancer Center (WashU)
05051,Garland,05,9,0.7,1,"Shelby, Tennessee",200.2,3.57,"Pulaski, Arkansas",57.5,1.19,Harold C. Simmons Comprehensive Cancer Center (UTSW),287.9,4.86,223.5,56.8,295.1,Harold C. Simmons Comprehensive Cancer Center (UTSW)
05053,Grant,05,0,0.1,1,"Shelby, Tennessee",178.5,3.7,"Pulaski, Arkansas",37.4,0.82,Harold C. Simmons Comprehensive Cancer Center (UTSW),303.4,5.21,185.1,39.0,330.3,Harold C. Simmons Comprehensive Cancer Center (UTSW)
05055,Greene,05,0,0.8,1,"Shelby, Tennessee",99.0,2.0,"Craighead, Arkansas",21.2,0.5,Siteman Cancer Center (WashU),212.7,4.39,89.0,21.9,212.4,Siteman Cancer Center (WashU)
05057,Hempstead,05,0,0.8,1,"Dallas, Texas",209.6,3.44,"Caddo, Louisiana",93.3,1.98,Harold C. Simmons Comprehensive Cancer Center (UTSW),212.8,3.52,231.6,102.7,235.1,Harold C. Simmons Comprehensive Cancer Center (UTSW)
05059,Hot Spring,05,0,0.1,1,"Shelby, Tennessee",192.5,3.33,"Pulaski, Arkansas",49.8,0.95,Harold C. Simmons Comprehensive Cancer Center (UTSW),279.8,4.67,214.9,52.8,301.0,Harold C. Simmons Comprehensive Cancer Center (UTSW)
05061,Howard,05,0,0.4,1,"Dallas, Texas",222.8,4.0,"Caddo, Louisiana",123.2,2.63,Harold C. Simmons Comprehensive Cancer Center (UTSW),226.0,4.08,221.7,115.0,225.0,Harold C. Simmons Comprehensive Cancer Center (UTSW)
05063,Independence,05,0,0.7,1,"Shelby, Tennessee",128.0,2.64,"Craighead, Arkansas",67.6,1.4,Siteman Cancer Center (WashU),272.8,5.54,127.1,63.5,254.3,Siteman Cancer Center (WashU)
05065,Izard,05,0,0.9,1,"Shelby, Tennessee",164.9,3.54,"Craighead, Arkansas",95.3,2.12,Siteman Cancer Center (WashU),250.9,5.01,159.3,86.7,234.2,Siteman Cancer Center (WashU)
05067,Jackson,05,0,0.3,1,"Shelby, Tennessee",102.9,2.1,"Craighead, Arkansas",42.1,0.78,Siteman Cancer Center (WashU),257.5,5.2,100.6,42.7,257.2,Siteman Cancer Center (WashU)
05069,Jefferson,05,1,0.1,1,"Shelby, Tennessee",155.8,3.2,"Pulaski, Arkansas",44.0,0.87,Harold C. Simmons Comprehensive Cancer Center (UTSW),326.0,5.71,164.9,48.5,351.9,Harold C. Simmons Comprehensive Cancer Center (UTSW)
05071,Johnson,05,0,0.4,1,"Shelby, Tennessee",234.2,4.65,"Sebastian, Arkansas",62.6,1.43,Stephenson Cancer Center (Oklahoma),236.3,3.88,244.4,61.0,272.1,Stephenson Cancer Center (Oklahoma)
05073,Lafayette,05,0,0.4,1,"Dallas, Texas",214.0,3.81,"Caddo, Louisiana",67.6,1.43,Harold C. Simmons Comprehensive Cancer Center (UTSW),217.1,3.89,227.8,69.2,231.5,Harold C. Simmons Comprehensive Cancer Center (UTSW)
05075,Lawrence,05,0,0.9,1,"Shelby, Tennessee",108.9,2.18,"Craighead, Arkansas",31.9,0.7,Siteman Cancer Center (WashU),229.0,4.59,111.3,32.9,218.2,Siteman Cancer Center (WashU)
05077,Lee,05,0,0.2,1,"Shelby, Tennessee",67.7,1.36,"Shelby, Tennessee",67.7,1.36,Vanderbilt-Ingram Cancer Center,260.6,4.48,66.4,57.0,290.5,Vanderbilt-Ingram Cancer Center
05079,Lincoln,05,0,0.9,1,"Shelby, Tennessee",172.4,3.62,"Pulaski, Arkansas",77.5,1.47,Harold C. Simmons Comprehensive Cancer Center (UTSW),337.8,6.25,159.2,77.1,343.0,O'Neal Comprehensive Cancer Center (UAB)
05081,Little River,05,0,0.1,1,"Dallas, Texas",190.0,3.27,"Caddo, Louisiana",97.8,2.13,Harold C. Simmons Comprehensive Cancer Center (UTSW),193.1,3.35,194.1,105.8,197.5,Harold C. Simmons Comprehensive Cancer Center (UTSW)
05083,Logan,05,0,0.4,1,"Oklahoma, Oklahoma",231.3,4.17,"Sebastian, Arkansas",44.0,0.98,Stephenson Cancer Center (Oklahoma),227.7,4.09,254.3,40.4,253.4,Stephenson Cancer Center (Oklahoma)
05085,Lonoke,05,0,1.5,1,"Shelby, Tennessee",137.4,2.65,"Pulaski, Arkansas",29.9,0.62,Siteman Cancer Center (WashU),329.3,6.5,142.8,26.0,327.7,Siteman Cancer Center (WashU)
05087,Madison,05,0,1.5,1,"Oklahoma, Oklahoma",235.6,4.45,"Washington, Arkansas",31.1,0.7,Stephenson Cancer Center (Oklahoma),239.4,4.54,245.9,27.9,254.4,University of Kansas Cancer Center
05089,Marion,05,0,0.9,1,"Shelby, Tennessee",222.4,4.87,"Greene, Missouri",99.0,2.25,University of Kansas Cancer Center,263.9,5.47,209.8,86.8,250.0,Siteman Cancer Center (WashU)
05091,Miller,05,0,0.5,1,"Dallas, Texas",183.9,3.21,"Caddo, Louisiana",70.3,1.51,Harold C. Simmons Comprehensive Cancer Center (UTSW),187.0,3.29,200.6,78.5,204.2,Harold C. Simmons Comprehensive Cancer Center (UTSW)
05093,Mississippi,05,0,1.9,1,"Shelby, Tennessee",78.3,1.51,"Craighead, Arkansas",44.8,0.94,Vanderbilt-Ingram Cancer Center,218.9,4.38,59.6,44.9,216.0,Vanderbilt-Ingram Cancer Center
05095,Monroe,05,0,0.8,1,"Shelby, Tennessee",94.3,1.9,"Pulaski, Arkansas",72.6,1.55,Vanderbilt-Ingram Cancer Center,287.3,5.03,95.4,74.5,319.2,Vanderbilt-Ingram Cancer Center
05097,Montgomery,05,0,2.0,1,"Shelby, Tennessee",234.7,4.3,"Pulaski, Arkansas",92.0,1.92,Stephenson Cancer Center (Oklahoma),267.2,5.62,259.4,83.2,263.2,Harold C. Simmons Comprehensive Cancer Center (UTSW)
05099,Nevada,05,0,0.3,1,"Dallas, Texas",225.8,3.84,"Caddo, Louisiana",102.6,2.15,Harold C. Simmons Comprehensive Cancer Center (UTSW),228.9,3.92,249.5,108.6,253.0,Harold C. Simmons Comprehensive Cancer Center (UTSW)
05101,Newton,05,0,0.7,1,"Shelby, Tennessee",248.6,5.4,"Washington, Arkansas",78.2,1.8,University of Kansas Cancer Center,263.5,5.32,232.2,68.1,271.9,University of Kansas Cancer Center
05103,Ouachita,05,0,0.2,1,"Shelby, Tennessee",226.3,4.72,"Pulaski, Arkansas",103.2,2.24,Harold C. Simmons Comprehensive Cancer Center (UTSW),261.2,4.6,239.8,105.9,284.9,Harold C. Simmons Comprehensive Cancer Center (UTSW)
05105,Perry,05,0,0.9,1,"Shelby, Tennessee",188.6,3.39,"Pulaski, Arkansas",40.7,0.89,Stephenson Cancer Center (Oklahoma),292.2,5.55,196.5,36.5,322.5,Stephenson Cancer Center (Oklahoma)
05107,Phillips,05,0,1.7,1,"Shelby, Tennessee",87.2,1.79,"DeSoto, Mississippi",74.8,1.51,O'Neal Comprehensive Cancer Center (UAB),264.9,5.19,74.6,61.0,281.2,O'Neal Comprehensive Cancer Center (UAB)
05109,Pike,05,0,0.4,1,"Dallas, Texas",241.8,4.43,"Pulaski, Arkansas",102.1,2.12,Harold C. Simmons Comprehensive Cancer Center (UTSW),244.9,4.51,246.6,102.0,249.8,Harold C. Simmons Comprehensive Cancer Center (UTSW)
05111,Poinsett,05,0,0.1,1,"Shelby, Tennessee",61.7,1.24,"Craighead, Arkansas",22.3,0.48,Siteman Cancer Center (WashU),252.0,5.2,60.1,20.6,251.2,Siteman Cancer Center (WashU)
05113,Polk,05,0,2.2,1,"Oklahoma, Oklahoma",234.8,4.96,"Sebastian, Arkansas",83.9,1.86,Stephenson Cancer Center (Oklahoma),231.1,4.88,225.0,66.3,227.8,Harold C. Simmons Comprehensive Cancer Center (UTSW)
05115,Pope,05,0,0.3,1,"Shelby, Tennessee",210.0,4.12,"Pulaski, Arkansas",75.0,1.4,Stephenson Cancer Center (Oklahoma),262.3,4.37,218.0,69.1,298.2,Stephenson Cancer Center (Oklahoma)
05117,Prairie,05,0,1.4,1,"Shelby, Tennessee",108.4,1.87,"Pulaski, Arkansas",49.2,0.9,Vanderbilt-Ingram Cancer Center,301.4,5.0,114.5,53.2,323.2,Siteman Cancer Center (WashU)
05119,Pulaski,05,87,0.4,1,"Shelby, Tennessee",148.9,2.59,"Pulaski, Arkansas",0.0,0.0,Harold C. Simmons Comprehensive Cancer Center (UTSW),323.7,5.39,167.7,0.0,347.0,Siteman Cancer Center (WashU)
05121,Randolph,05,0,1.0,1,"Shelby, Tennessee",121.0,2.44,"Craighead, Arkansas",44.0,0.96,Siteman Cancer Center (WashU),211.2,4.23,122.2,44.2,198.4,Siteman Cancer Center (WashU)
05123,St. Francis,05,0,0.3,1,"Shelby, Tennessee",57.2,1.14,"Shelby, Tennessee",57.2,1.14,Vanderbilt-Ingram Cancer Center,250.2,4.27,61.0,56.6,283.7,Vanderbilt-Ingram Cancer Center
05125,Saline,05,1,0.3,1,"Shelby, Tennessee",165.9,2.84,"Pulaski, Arkansas",23.4,0.45,Harold C. Simmons Comprehensive Cancer Center (UTSW),301.1,4.94,186.3,21.6,331.1,Harold C. Simmons Comprehensive Cancer Center (UTSW)
05127,Scott,05,0,0.3,1,"Oklahoma, Oklahoma",228.7,4.1,"Sebastian, Arkansas",43.3,0.94,Stephenson Cancer Center (Oklahoma),225.1,4.01,237.0,38.6,235.6,Stephenson Cancer Center (Oklahoma)
05129,Searcy,05,0,1.0,1,"Shelby, Tennessee",202.2,4.36,"Pulaski, Arkansas",99.1,2.11,University of Kansas Cancer Center,280.4,5.73,198.4,98.0,274.1,Siteman Cancer Center (WashU)
05131,Sebastian,05,21,0.5,1,"Oklahoma, Oklahoma",191.0,3.28,"Sebastian, Arkansas",0.0,0.0,Stephenson Cancer Center (Oklahoma),187.3,3.2,214.0,0.0,213.2,Stephenson Cancer Center (Oklahoma)
05133,Sevier,05,0,0.7,1,"Dallas, Texas",204.3,3.61,"Caddo, Louisiana",124.0,2.69,Harold C. Simmons Comprehensive Cancer Center (UTSW),207.4,3.69,198.8,108.1,202.0,Harold C. Simmons Comprehensive Cancer Center (UTSW)
05135,Sharp,05,0,0.3,1,"Shelby, Tennessee",151.4,3.08,"Craighead, Arkansas",74.4,1.6,Siteman Cancer Center (WashU),251.0,4.98,140.1,63.7,219.0,Siteman Cancer Center (WashU)
05137,Stone,05,0,0.4,1,"Shelby, Tennessee",163.4,3.49,"Pulaski, Arkansas",101.3,2.22,Siteman Cancer Center (WashU),281.7,5.74,163.2,90.4,260.6,Siteman Cancer Center (WashU)
05139,Union,05,0,0.0,1,"Shelby, Tennessee",244.7,5.07,"Caddo, Louisiana",95.0,2.06,Harold C. Simmons Comprehensive Cancer Center (UTSW),268.7,4.97,247.8,100.7,293.2,Harold C. Simmons Comprehensive Cancer Center (UTSW)
05141,Van Buren,05,0,1.2,1,"Shelby, Tennessee",174.1,3.64,"Pulaski, Arkansas",68.2,1.42,University of Kansas Cancer Center,314.1,6.47,175.1,66.1,290.7,Siteman Cancer Center (WashU)
05143,Washington,05,59,0.3,1,"Oklahoma, Oklahoma",207.9,3.78,"Washington, Arkansas",0.0,0.0,Stephenson Cancer Center (Oklahoma),211.8,3.88,229.5,0.0,229.9,Stephenson Cancer Center (Oklahoma)
05145,White,05,0,0.6,1,"Shelby, Tennessee",120.0,2.47,"Pulaski, Arkansas",54.9,1.01,Siteman Cancer Center (WashU),301.5,5.98,128.2,53.2,298.0,Siteman Cancer Center (WashU)
05147,Woodruff,05,0,0.5,1,"Shelby, Tennessee",88.9,1.87,"Craighead, Arkansas",64.2,1.35,Vanderbilt-Ingram Cancer Center,281.8,5.0,92.9,63.5,288.7,Siteman Cancer Center (WashU)
05149,Yell,05,0,0.9,1,"Shelby, Tennessee",221.1,4.5,"Sebastian, Arkansas",75.5,1.66,Stephenson Cancer Center (Oklahoma),258.0,4.72,230.3,72.0,287.0,Stephenson Cancer Center (Oklahoma)
06001,Alameda,06,56,0.7,1,"San Francisco, California",25.2,0.48,"Alameda, California",0.0,0.0,Stanford Cancer Institute,25.0,0.54,22.6,0.0,23.2,Stanford Cancer Institute
06003,Alpine,06,0,2.1,1,"Sacramento, California",108.0,2.38,"Washoe, Nevada",63.2,1.29,UC Davis Comprehensive Cancer Center,112.1,2.45,100.2,66.9,105.3,UC Davis Comprehensive Cancer Center
06005,Amador,06,0,1.7,1,"Sacramento, California",41.6,0.89,"Sacramento, California",41.6,0.89,UC Davis Comprehensive Cancer Center,42.5,0.91,41.7,41.7,45.9,UC Davis Comprehensive Cancer Center
06007,Butte,06,8,0.4,1,"Sacramento, California",89.4,1.79,"Placer, California",80.1,1.64,UC Davis Comprehensive Cancer Center,85.2,1.72,93.1,75.9,93.5,UC Davis Comprehensive Cancer Center
06009,Calaveras,06,0,0.1,1,"Sacramento, California",61.9,1.34,"San Joaquin, California",47.9,1.01,UC Davis Comprehensive Cancer Center,62.9,1.36,58.7,47.0,62.0,UC Davis Comprehensive Cancer Center
06011,Colusa,06,0,2.7,1,"Sacramento, California",72.6,1.31,"Yolo, California",54.4,0.98,UC Davis Comprehensive Cancer Center,68.3,1.24,66.4,51.7,64.3,UC Davis Comprehensive Cancer Center
06013,Contra Costa,06,51,1.9,1,"San Francisco, California",31.8,0.64,"Contra Costa, California",0.0,0.0,UCSF Helen Diller Family Comprehensive Cancer Center,38.2,0.77,30.6,0.0,31.7,UCSF Helen Diller Family Comprehensive Cancer Center
06015,Del Norte,06,0,0.0,1,"Washington, Oregon",323.1,6.31,"Lane, Oregon",218.2,4.53,Knight Cancer Institute (OHSU),320.0,6.23,316.0,196.9,318.7,UC Davis Comprehensive Cancer Center
06017,El Dorado,06,13,0.7,1,"Sacramento, California",39.0,0.72,"Placer, California",36.8,0.9,UC Davis Comprehensive Cancer Center,43.2,0.79,42.6,29.4,47.7,UC Davis Comprehensive Cancer Center
06019,Fresno,06,41,0.6,1,"Santa Clara, California",150.1,2.98,"Fresno, California",0.0,0.0,Stanford Cancer Institute,167.9,3.41,149.7,0.0,169.3,Stanford Cancer Institute
06021,Glenn,06,0,1.3,1,"Sacramento, California",104.4,1.77,"Yolo, California",86.2,1.44,UC Davis Comprehensive Cancer Center,100.2,1.7,104.5,93.0,103.5,UC Davis Comprehensive Cancer Center
06023,Humboldt,06,1,3.8,1,"San Francisco, California",297.5,6.45,"Sonoma, California",243.5,5.38,UC Davis Comprehensive Cancer Center,294.3,6.05,250.6,213.2,248.4,UC Davis Comprehensive Cancer Center
06025,Imperial,06,0,1.7,1,"San Diego, California",118.3,2.04,"San Diego, California",118.3,2.04,Moores Comprehensive Cancer Center (UCSD),124.8,2.15,109.6,109.6,118.2,Moores Comprehensive Cancer Center (UCSD)
06027,Inyo,06,0,0.3,1,"Los Angeles, California",252.0,5.19,"Kern, California",198.5,4.2,Jonsson Comprehensive Cancer Center (UCLA),247.6,5.06,234.3,105.3,238.0,UC Davis Comprehensive Cancer Center
06029,Kern,06,23,1.2,1,"Los Angeles, California",112.6,2.03,"Kern, California",0.0,0.0,Jonsson Comprehensive Cancer Center (UCLA),108.2,1.89,117.9,0.0,112.9,Jonsson Comprehensive Cancer Center (UCLA)
06031,Kings,06,0,3.4,1,"Santa Clara, California",172.3,3.2,"Fresno, California",40.2,0.76,Stanford Cancer Institute,190.1,3.63,169.7,40.8,189.6,Stanford Cancer Institute
06033,Lake,06,0,0.7,1,"San Francisco, California",109.3,2.38,"Sonoma, California",79.7,1.65,UCSF Helen Diller Family Comprehensive Cancer Center,112.4,2.49,93.7,46.8,89.7,UC Davis Comprehensive Cancer Center
06035,Lassen,06,0,0.7,1,"Sacramento, California",200.7,4.09,"Washoe, Nevada",81.8,1.6,UC Davis Comprehensive Cancer Center,196.5,4.02,159.7,87.2,162.7,UC Davis Comprehensive Cancer Center
06037,Los Angeles,06,945,0.2,1,"Los Angeles, California",0.0,0.0,"Los Angeles, California",0.0,0.0,USC Norris Comprehensive Cancer Center,3.0,0.09,0.0,0.0,2.7,USC Norris Comprehensive Cancer Center
06039,Madera,06,3,1.2,1,"Santa Clara, California",127.3,2.64,"Fresno, California",41.7,0.73,Stanford Cancer Institute,145.2,3.07,127.7,29.2,146.6,Stanford Cancer Institute
06041,Marin,06,35,0.9,1,"San Francisco, California",22.0,0.47,"Marin, California",0.0,0.0,UCSF Helen Diller Family Comprehensive Cancer Center,18.9,0.41,20.1,0.0,19.4,UCSF Helen Diller Family Comprehensive Cancer Center
06043,Mariposa,06,0,1.3,1,"Sacramento, California",140.8,3.17,"Fresno, California",75.8,1.62,UC Davis Comprehensive Cancer Center,141.8,3.2,125.9,65.1,128.6,UC Davis Comprehensive Cancer Center
06045,Mendocino,06,0,5.2,1,"San Francisco, California",134.9,2.74,"Sonoma, California",80.9,1.67,UCSF Helen Diller Family Comprehensive Cancer Center,131.7,2.67,140.9,84.5,139.0,UC Davis Comprehensive Cancer Center
06047,Merced,06,11,1.9,1,"Santa Clara, California",108.1,2.24,"Stanislaus, California",41.3,0.77,UC Davis Comprehensive Cancer Center,116.5,2.02,84.6,35.7,102.7,Stanford Cancer Institute
06049,Modoc,06,0,2.1,1,"Sacramento, California",301.0,6.15,"Washoe, Nevada",186.5,3.72,UC Davis Comprehensive Cancer Center,296.7,6.08,249.5,173.0,251.9,UC Davis Comprehensive Cancer Center
06051,Mono,06,0,1.4,1,"Sacramento, California",213.7,4.9,"Washoe, Nevada",154.4,3.19,UC Davis Comprehensive Cancer Center,214.7,4.93,170.4,100.2,174.4,UC Davis Comprehensive Cancer Center
06053,Monterey,06,8,1.8,1,"Santa Clara, California",64.8,1.3,"Santa Clara, California",64.8,1.3,Stanford Cancer Institute,82.4,1.75,60.7,60.7,76.3,Stanford Cancer Institute
06055,Napa,06,16,0.4,1,"San Francisco, California",49.7,1.0,"Solano, California",20.5,0.45,UCSF Helen Diller Family Comprehensive Cancer Center,52.8,1.11,47.4,18.0,47.5,UCSF Helen Diller Family Comprehensive Cancer Center
06057,Nevada,06,10,3.8,1,"Sacramento, California",65.3,1.2,"Placer, California",35.9,0.69,UC Davis Comprehensive Cancer Center,61.1,1.13,61.8,36.4,65.6,UC Davis Comprehensive Cancer Center
06059,Orange,06,421,1.3,1,"Orange, California",0.0,0.0,"Orange, California",0.0,0.0,Chao Family Comprehensive Cancer Center (UC Irvine),5.6,0.13,0.0,0.0,4.7,Chao Family Comprehensive Cancer Center (UC Irvine)
06061,Placer,06,59,1.5,1,"Sacramento, California",32.3,0.6,"Placer, California",0.0,0.0,UC Davis Comprehensive Cancer Center,28.1,0.52,25.4,0.0,29.2,UC Davis Comprehensive Cancer Center
06063,Plumas,06,0,3.7,1,"Sacramento, California",160.0,3.47,"Washoe, Nevada",78.1,1.57,UC Davis Comprehensive Cancer Center,155.7,3.4,122.5,75.3,125.4,UC Davis Comprehensive Cancer Center
06065,Riverside,06,51,4.0,1,"San Diego, California",69.0,1.35,"Riverside, California",0.0,0.0,Chao Family Comprehensive Cancer Center (UC Irvine),68.4,1.32,54.2,0.0,55.1,Chao Family Comprehensive Cancer Center (UC Irvine)
06067,Sacramento,06,157,0.7,1,"Sacramento, California",0.0,0.0,"Sacramento, California",0.0,0.0,UC Davis Comprehensive Cancer Center,5.5,0.11,0.0,0.0,5.1,UC Davis Comprehensive Cancer Center
06069,San Benito,06,0,0.7,1,"Santa Clara, California",47.9,0.95,"Santa Clara, California",47.9,0.95,Stanford Cancer Institute,65.7,1.38,51.6,51.6,70.7,Stanford Cancer Institute
06071,San Bernardino,06,58,0.1,1,"Orange, California",56.7,0.98,"San Bernardino, California",0.0,0.0,City of Hope,39.4,0.68,51.2,0.0,41.3,City of Hope
06073,San Diego,06,255,0.1,1,"San Diego, California",0.0,0.0,"San Diego, California",0.0,0.0,Moores Comprehensive Cancer Center (UCSD),12.7,0.25,0.0,0.0,8.6,Moores Comprehensive Cancer Center (UCSD)
06075,San Francisco,06,249,1.0,1,"San Francisco, California",0.0,0.0,"San Francisco, California",0.0,0.0,UCSF Helen Diller Family Comprehensive Cancer Center,9.3,0.21,0.0,0.0,1.4,UCSF Helen Diller Family Comprehensive Cancer Center
06077,San Joaquin,06,25,0.4,1,"Sacramento, California",54.7,0.91,"San Joaquin, California",0.0,0.0,UC Davis Comprehensive Cancer Center,50.5,0.84,53.6,0.0,52.9,UC Davis Comprehensive Cancer Center
06079,San Luis Obispo,06,33,1.9,1,"Santa Clara, California",179.2,3.44,"San Luis Obispo, California",0.0,0.0,Jonsson Comprehensive Cancer Center (UCLA),184.5,3.82,183.6,0.0,184.5,Jonsson Comprehensive Cancer Center (UCLA)
06081,San Mateo,06,45,0.5,1,"San Francisco, California",19.6,0.42,"San Mateo, California",0.0,0.0,Stanford Cancer Institute,14.2,0.3,17.5,0.0,15.3,Stanford Cancer Institute
06083,Santa Barbara,06,34,0.6,1,"Los Angeles, California",124.3,2.64,"Santa Barbara, California",0.0,0.0,Jonsson Comprehensive Cancer Center (UCLA),116.5,2.41,135.8,0.0,123.2,Jonsson Comprehensive Cancer Center (UCLA)
06085,Santa Clara,06,218,0.1,1,"Santa Clara, California",0.0,0.0,"Santa Clara, California",0.0,0.0,Stanford Cancer Institute,19.4,0.41,0.0,0.0,19.9,Stanford Cancer Institute
06087,Santa Cruz,06,16,0.2,1,"Santa Clara, California",32.4,0.75,"Santa Clara, California",32.4,0.75,Stanford Cancer Institute,44.9,1.01,27.4,27.4,40.2,Stanford Cancer Institute
06089,Shasta,06,0,1.0,1,"Sacramento, California",170.5,3.25,"Yolo, California",154.5,2.54,UC Davis Comprehensive Cancer Center,166.3,3.18,176.7,160.4,176.6,UC Davis Comprehensive Cancer Center
06091,Sierra,06,0,0.1,1,"Sacramento, California",132.9,2.31,"Washoe, Nevada",57.7,1.09,UC Davis Comprehensive Cancer Center,128.7,2.24,106.0,40.6,110.1,UC Davis Comprehensive Cancer Center
06093,Siskiyou,06,0,0.2,1,"Sacramento, California",248.4,4.46,"Deschutes, Oregon",222.6,4.57,UC Davis Comprehensive Cancer Center,244.2,4.39,258.9,208.0,259.1,UC Davis Comprehensive Cancer Center
06095,Solano,06,48,0.3,1,"San Francisco, California",46.0,0.84,"Solano, California",0.0,0.0,UC Davis Comprehensive Cancer Center,47.1,0.79,46.2,0.0,46.8,UCSF Helen Diller Family Comprehensive Cancer Center
06097,Sonoma,06,78,0.3,1,"San Francisco, California",54.5,1.09,"Sonoma, California",0.0,0.0,UCSF Helen Diller Family Comprehensive Cancer Center,51.3,1.03,57.1,0.0,56.5,UCSF Helen Diller Family Comprehensive Cancer Center
06099,Stanislaus,06,38,1.3,1,"Sacramento, California",82.0,1.4,"Stanislaus, California",0.0,0.0,UC Davis Comprehensive Cancer Center,77.8,1.32,67.7,0.0,81.6,Stanford Cancer Institute
06101,Sutter,06,0,0.3,1,"Sacramento, California",52.8,1.08,"Placer, California",43.5,0.93,UC Davis Comprehensive Cancer Center,48.6,1.01,50.1,37.9,50.1,UC Davis Comprehensive Cancer Center
06103,Tehama,06,0,0.1,1,"Sacramento, California",134.5,2.23,"Yolo, California",116.3,1.9,UC Davis Comprehensive Cancer Center,130.2,2.16,139.0,124.3,138.6,UC Davis Comprehensive Cancer Center
06105,Trinity,06,0,3.4,1,"Sacramento, California",222.6,4.57,"Yolo, California",206.5,3.85,UC Davis Comprehensive Cancer Center,218.3,4.5,203.0,185.4,201.7,UC Davis Comprehensive Cancer Center
06107,Tulare,06,2,3.0,1,"Los Angeles, California",179.7,3.34,"Fresno, California",54.7,0.99,Jonsson Comprehensive Cancer Center (UCLA),175.3,3.2,193.3,53.9,188.8,Jonsson Comprehensive Cancer Center (UCLA)
06109,Tuolumne,06,0,0.6,1,"Sacramento, California",90.9,1.98,"Stanislaus, California",57.3,1.18,UC Davis Comprehensive Cancer Center,91.9,2.0,84.7,50.7,87.9,UC Davis Comprehensive Cancer Center
06111,Ventura,06,9,0.8,1,"Los Angeles, California",52.3,1.13,"Los Angeles, California",52.3,1.13,Jonsson Comprehensive Cancer Center (UCLA),44.5,0.9,55.4,55.4,42.4,Jonsson Comprehensive Cancer Center (UCLA)
06113,Yolo,06,24,2.6,1,"Sacramento, California",30.8,0.57,"Yolo, California",0.0,0.0,UC Davis Comprehensive Cancer Center,26.6,0.5,22.0,0.0,17.4,UC Davis Comprehensive Cancer Center
06115,Yuba,06,10,2.9,1,"Sacramento, California",49.5,1.03,"Placer, California",40.2,0.87,UC Davis Comprehensive Cancer Center,45.3,0.95,47.5,31.5,48.3,UC Davis Comprehensive Cancer Center
08001,Adams,08,204,0.6,1,"Adams, Colorado",0.0,0.0,"Adams, Colorado",0.0,0.0,University of Colorado Cancer Center,19.5,0.43,0.0,0.0,12.0,University of Colorado Cancer Center
08003,Alamosa,08,0,0.9,1,"Denver, Colorado",219.8,4.48,"El Paso, Colorado",171.8,3.37,UNM Comprehensive Cancer Center,202.7,4.02,195.4,137.0,199.5,University of Colorado Cancer Center
08005,Arapahoe,08,54,0.5,1,"Denver, Colorado",9.4,0.21,"Arapahoe, Colorado",0.0,0.0,University of Colorado Cancer Center,8.8,0.16,9.6,0.0,8.3,University of Colorado Cancer Center
08007,Archuleta,08,0,0.4,1,"Denver, Colorado",281.8,5.76,"Bernalillo, New Mexico",207.3,4.21,UNM Comprehensive Cancer Center,209.4,4.33,248.4,179.5,181.4,UNM Comprehensive Cancer Center
08009,Baca,08,0,1.1,1,"Denver, Colorado",257.1,4.99,"El Paso, Colorado",220.3,4.6,University of Colorado Cancer Center,250.7,4.86,250.5,191.4,247.4,University of Colorado Cancer Center
08011,Bent,08,0,1.2,1,"Denver, Colorado",195.3,3.73,"El Paso, Colorado",135.2,2.84,University of Colorado Cancer Center,199.0,3.77,178.9,122.7,175.7,University of Colorado Cancer Center
08013,Boulder,08,36,1.6,1,"Adams, Colorado",29.9,0.66,"Boulder, Colorado",0.0,0.0,University of Colorado Cancer Center,40.2,0.78,22.6,0.0,34.1,University of Colorado Cancer Center
08014,Broomfield,08,15,1.7,1,"Adams, Colorado",15.1,0.39,"Adams, Colorado",15.1,0.39,University of Colorado Cancer Center,25.8,0.53,10.2,10.2,21.3,University of Colorado Cancer Center
08015,Chaffee,08,0,0.4,1,"Denver, Colorado",129.9,2.66,"El Paso, Colorado",113.5,2.42,University of Colorado Cancer Center,135.7,2.79,113.4,87.8,119.6,University of Colorado Cancer Center
08017,Cheyenne,08,0,0.4,1,"Denver, Colorado",164.2,3.05,"El Paso, Colorado",128.9,2.61,University of Colorado Cancer Center,157.9,2.93,176.1,147.4,170.3,University of Colorado Cancer Center
08019,Clear Creek,08,0,1.2,1,"Denver, Colorado",38.1,0.77,"Jefferson, Colorado",26.5,0.52,University of Colorado Cancer Center,42.4,0.86,37.2,25.7,44.4,University of Colorado Cancer Center
08021,Conejos,08,1,0.3,1,"Denver, Colorado",238.4,4.87,"Bernalillo, New Mexico",179.6,3.45,UNM Comprehensive Cancer Center,181.7,3.57,219.9,160.8,181.0,UNM Comprehensive Cancer Center
08023,Costilla,08,0,0.6,1,"Denver, Colorado",215.2,3.9,"El Paso, Colorado",155.1,3.01,UNM Comprehensive Cancer Center,201.5,4.04,204.2,139.0,200.1,UNM Comprehensive Cancer Center
08025,Crowley,08,0,0.2,1,"Denver, Colorado",151.5,2.75,"El Paso, Colorado",91.4,1.86,University of Colorado Cancer Center,155.2,2.79,145.2,81.2,143.4,University of Colorado Cancer Center
08027,Custer,08,0,0.4,1,"Denver, Colorado",139.8,2.6,"El Paso, Colorado",83.6,1.73,University of Colorado Cancer Center,143.4,2.64,134.9,74.0,138.3,University of Colorado Cancer Center
08029,Delta,08,0,0.0,1,"Denver, Colorado",247.1,4.96,"Mesa, Colorado",52.1,1.11,University of Colorado Cancer Center,251.4,5.04,205.2,47.6,212.5,University of Colorado Cancer Center
08031,Denver,08,208,0.5,1,"Denver, Colorado",0.0,0.0,"Denver, Colorado",0.0,0.0,University of Colorado Cancer Center,7.3,0.15,0.0,0.0,7.4,University of Colorado Cancer Center
08033,Dolores,08,0,5.2,1,"Salt Lake, Utah",314.6,6.32,"Mesa, Colorado",178.7,3.69,UNM Comprehensive Cancer Center,287.5,6.07,295.9,112.4,262.0,UNM Comprehensive Cancer Center
08035,Douglas,08,72,0.1,1,"Denver, Colorado",18.5,0.33,"Douglas, Colorado",0.0,0.0,University of Colorado Cancer Center,22.1,0.37,20.7,0.0,22.1,University of Colorado Cancer Center
08037,Eagle,08,16,5.7,1,"Denver, Colorado",130.1,2.6,"Jefferson, Colorado",118.6,2.35,University of Colorado Cancer Center,134.5,2.68,114.3,102.8,121.6,University of Colorado Cancer Center
08039,Elbert,08,0,2.2,1,"Denver, Colorado",42.0,0.9,"Douglas, Colorado",28.5,0.6,University of Colorado Cancer Center,41.3,0.85,39.0,23.7,35.8,University of Colorado Cancer Center
08041,El Paso,08,49,1.7,1,"Denver, Colorado",68.2,1.26,"El Paso, Colorado",0.0,0.0,University of Colorado Cancer Center,68.9,1.41,71.4,0.0,72.3,University of Colorado Cancer Center
08043,Fremont,08,0,0.2,1,"Denver, Colorado",112.9,2.09,"El Paso, Colorado",56.7,1.21,University of Colorado Cancer Center,116.5,2.12,109.0,47.9,112.1,University of Colorado Cancer Center
08045,Garfield,08,0,3.5,1,"Denver, Colorado",175.3,3.55,"Mesa, Colorado",76.0,1.44,University of Colorado Cancer Center,179.7,3.63,167.0,72.6,174.3,University of Colorado Cancer Center
08047,Gilpin,08,0,0.3,1,"Denver, Colorado",42.8,0.96,"Jefferson, Colorado",31.3,0.72,University of Colorado Cancer Center,47.1,1.05,35.7,25.0,42.1,University of Colorado Cancer Center
08049,Grand,08,0,2.3,1,"Denver, Colorado",81.9,1.74,"Jefferson, Colorado",70.3,1.48,University of Colorado Cancer Center,86.2,1.82,68.7,50.7,76.9,University of Colorado Cancer Center
08051,Gunnison,08,0,4.3,1,"Denver, Colorado",211.1,4.36,"Mesa, Colorado",139.7,2.96,University of Colorado Cancer Center,217.0,4.5,155.6,109.5,162.6,University of Colorado Cancer Center
08053,Hinsdale,08,0,0.1,1,"Denver, Colorado",256.2,5.26,"Mesa, Colorado",166.3,3.44,University of Colorado Cancer Center,262.1,5.39,208.3,121.3,214.8,University of Colorado Cancer Center
08055,Huerfano,08,0,1.8,1,"Denver, Colorado",165.1,2.89,"El Paso, Colorado",105.0,2.01,University of Colorado Cancer Center,168.8,2.93,175.2,105.2,177.0,University of Colorado Cancer Center
08057,Jackson,08,0,0.1,1,"Denver, Colorado",135.9,2.81,"Larimer, Colorado",103.7,2.36,University of Colorado Cancer Center,140.2,2.9,110.0,77.5,121.0,University of Colorado Cancer Center
08059,Jefferson,08,50,0.2,1,"Denver, Colorado",12.5,0.26,"Jefferson, Colorado",0.0,0.0,University of Colorado Cancer Center,16.8,0.35,11.5,0.0,18.8,University of Colorado Cancer Center
08061,Kiowa,08,0,0.1,1,"Denver, Colorado",171.2,3.22,"El Paso, Colorado",135.8,2.77,University of Colorado Cancer Center,164.8,3.09,178.2,137.0,173.5,University of Colorado Cancer Center
08063,Kit Carson,08,0,1.1,1,"Denver, Colorado",151.2,2.63,"El Paso, Colorado",138.1,2.66,University of Colorado Cancer Center,144.8,2.51,162.8,151.7,156.1,University of Colorado Cancer Center
08065,Lake,08,0,0.4,1,"Denver, Colorado",104.4,2.11,"Jefferson, Colorado",92.8,1.86,University of Colorado Cancer Center,108.7,2.2,95.5,85.2,102.9,University of Colorado Cancer Center
08067,La Plata,08,12,2.6,1,"Denver, Colorado",330.0,6.79,"Mesa, Colorado",177.4,3.84,UNM Comprehensive Cancer Center,215.5,4.49,275.4,159.0,196.9,UNM Comprehensive Cancer Center
08069,Larimer,08,40,0.6,1,"Adams, Colorado",52.8,1.01,"Larimer, Colorado",0.0,0.0,University of Colorado Cancer Center,65.4,1.21,53.1,0.0,64.8,University of Colorado Cancer Center
08071,Las Animas,08,0,0.2,1,"Denver, Colorado",193.0,3.26,"El Paso, Colorado",132.9,2.37,University of Colorado Cancer Center,196.7,3.29,212.0,140.7,212.9,University of Colorado Cancer Center
08073,Lincoln,08,0,2.3,1,"Denver, Colorado",94.0,1.66,"El Paso, Colorado",80.9,1.68,University of Colorado Cancer Center,87.6,1.53,96.7,77.5,91.3,University of Colorado Cancer Center
08075,Logan,08,0,0.4,1,"Adams, Colorado",115.8,2.07,"Larimer, Colorado",109.2,2.26,University of Colorado Cancer Center,126.8,2.27,126.7,105.6,128.2,University of Colorado Cancer Center
08077,Mesa,08,26,1.1,1,"Denver, Colorado",244.2,4.78,"Mesa, Colorado",0.0,0.0,University of Colorado Cancer Center,248.6,4.87,236.3,0.0,243.7,University of Colorado Cancer Center
08079,Mineral,08,0,2.4,1,"Denver, Colorado",263.4,5.37,"Mesa, Colorado",209.6,4.33,University of Colorado Cancer Center,269.3,5.5,206.4,150.7,212.4,University of Colorado Cancer Center
08081,Moffat,08,0,0.2,1,"Denver, Colorado",203.2,4.09,"Mesa, Colorado",151.0,3.07,University of Colorado Cancer Center,207.5,4.17,178.6,132.1,187.2,University of Colorado Cancer Center
08083,Montezuma,08,0,0.1,1,"Salt Lake, Utah",342.5,6.9,"Mesa, Colorado",195.3,4.06,UNM Comprehensive Cancer Center,255.5,5.37,304.4,142.7,228.7,UNM Comprehensive Cancer Center
08085,Montrose,08,0,0.7,1,"Denver, Colorado",267.2,5.49,"Mesa, Colorado",67.1,1.44,University of Colorado Cancer Center,273.0,5.62,217.2,64.8,224.5,University of Colorado Cancer Center
08087,Morgan,08,0,0.0,1,"Adams, Colorado",69.9,1.2,"Weld, Colorado",67.2,1.38,University of Colorado Cancer Center,80.9,1.39,78.3,64.6,78.8,University of Colorado Cancer Center
08089,Otero,08,0,0.2,1,"Denver, Colorado",164.7,3.06,"El Paso, Colorado",104.5,2.17,University of Colorado Cancer Center,168.3,3.09,164.0,100.4,162.0,University of Colorado Cancer Center
08091,Ouray,08,0,0.4,1,"Denver, Colorado",292.2,6.0,"Mesa, Colorado",92.1,1.95,UNM Comprehensive Cancer Center,293.3,6.22,223.1,93.9,230.1,University of Colorado Cancer Center
08093,Park,08,0,8.9,1,"Denver, Colorado",58.9,1.27,"Jefferson, Colorado",50.3,1.1,University of Colorado Cancer Center,64.7,1.4,55.4,46.9,62.3,University of Colorado Cancer Center
08095,Phillips,08,0,0.1,1,"Adams, Colorado",156.8,2.73,"Larimer, Colorado",152.0,3.14,University of Colorado Cancer Center,167.8,2.93,171.3,154.4,170.6,University of Colorado Cancer Center
08097,Pitkin,08,0,1.7,1,"Denver, Colorado",167.6,3.43,"Mesa, Colorado",123.4,2.41,University of Colorado Cancer Center,171.9,3.51,131.8,105.9,139.3,University of Colorado Cancer Center
08099,Prowers,08,0,0.7,1,"Denver, Colorado",206.8,3.96,"El Paso, Colorado",170.6,3.59,University of Colorado Cancer Center,200.4,3.83,206.2,157.4,202.0,University of Colorado Cancer Center
08101,Pueblo,08,19,0.5,1,"Denver, Colorado",112.1,1.96,"El Paso, Colorado",52.0,1.07,University of Colorado Cancer Center,115.8,1.99,122.5,51.2,123.4,University of Colorado Cancer Center
08103,Rio Blanco,08,0,3.0,1,"Denver, Colorado",245.1,4.99,"Mesa, Colorado",121.7,2.5,University of Colorado Cancer Center,249.4,5.08,212.8,81.4,219.7,University of Colorado Cancer Center
08105,Rio Grande,08,0,0.5,1,"Denver, Colorado",222.5,4.55,"El Paso, Colorado",193.4,3.82,UNM Comprehensive Cancer Center,224.2,4.47,194.1,142.9,199.0,University of Colorado Cancer Center
08107,Routt,08,0,3.4,1,"Denver, Colorado",167.0,3.37,"Jefferson, Colorado",155.4,3.12,University of Colorado Cancer Center,171.3,3.46,134.1,113.4,143.3,University of Colorado Cancer Center
08109,Saguache,08,0,5.7,1,"Denver, Colorado",190.8,3.93,"El Paso, Colorado",166.1,3.51,University of Colorado Cancer Center,196.6,4.06,164.1,113.4,168.8,University of Colorado Cancer Center
08111,San Juan,08,0,0.1,1,"Denver, Colorado",320.0,6.64,"Mesa, Colorado",119.8,2.59,UNM Comprehensive Cancer Center,262.1,5.48,237.5,121.1,235.6,UNM Comprehensive Cancer Center
08113,San Miguel,08,0,0.5,1,"Denver, Colorado",321.4,6.59,"Mesa, Colorado",121.3,2.54,UNM Comprehensive Cancer Center,322.5,6.81,242.6,100.5,249.5,University of Colorado Cancer Center
08115,Sedgwick,08,0,0.3,1,"Adams, Colorado",166.7,2.74,"Larimer, Colorado",161.0,3.32,University of Colorado Cancer Center,177.7,2.93,186.9,164.9,188.0,University of Colorado Cancer Center
08117,Summit,08,5,0.1,1,"Denver, Colorado",75.6,1.5,"Jefferson, Colorado",64.1,1.25,University of Colorado Cancer Center,79.9,1.58,71.7,60.4,79.1,University of Colorado Cancer Center
08119,Teller,08,1,0.3,1,"Denver, Colorado",90.5,1.66,"El Paso, Colorado",37.6,0.89,University of Colorado Cancer Center,94.2,1.7,65.8,25.6,69.3,University of Colorado Cancer Center
08121,Washington,08,0,2.7,1,"Adams, Colorado",109.2,2.03,"Weld, Colorado",106.6,2.22,University of Colorado Cancer Center,115.2,2.27,113.5,106.1,110.7,University of Colorado Cancer Center
08123,Weld,08,33,0.2,1,"Adams, Colorado",34.5,0.74,"Weld, Colorado",0.0,0.0,University of Colorado Cancer Center,48.0,0.97,37.6,0.0,47.8,University of Colorado Cancer Center
08125,Yuma,08,0,2.7,1,"Adams, Colorado",144.4,2.78,"Weld, Colorado",141.8,2.97,University of Colorado Cancer Center,155.5,2.98,155.8,148.9,152.2,University of Colorado Cancer Center
09001,Fairfield,09,75,0.8,1,"Westchester, New York",32.4,0.69,"Fairfield, Connecticut",0.0,0.0,Yale Cancer Center,31.0,0.63,30.7,0.0,28.7,Yale Cancer Center
09003,Hartford,09,75,0.8,1,"New Haven, Connecticut",34.7,0.8,"Hartford, Connecticut",0.0,0.0,Yale Cancer Center,36.1,0.78,33.3,0.0,39.9,Yale Cancer Center
09005,Litchfield,09,35,0.3,1,"New Haven, Connecticut",30.4,0.73,"Litchfield, Connecticut",0.0,0.0,Yale Cancer Center,37.0,0.85,31.4,0.0,38.5,Yale Cancer Center
09007,Middlesex,09,0,0.6,1,"New Haven, Connecticut",35.3,0.78,"Hartford, Connecticut",26.7,0.6,Yale Cancer Center,30.3,0.69,24.0,24.0,26.3,Yale Cancer Center
09009,New Haven,09,325,1.6,1,"New Haven, Connecticut",0.0,0.0,"New Haven, Connecticut",0.0,0.0,Yale Cancer Center,10.5,0.26,0.0,0.0,7.6,Yale Cancer Center
09011,New London,09,53,0.3,1,"Providence, Rhode Island",53.3,1.16,"New London, Connecticut",0.0,0.0,Yale Cancer Center,48.8,0.93,52.7,0.0,52.8,Yale Cancer Center
09013,Tolland,09,0,1.0,1,"Providence, Rhode Island",54.0,1.17,"Hartford, Connecticut",22.4,0.52,Yale Cancer Center,53.1,1.14,51.1,22.4,56.2,Yale Cancer Center
09015,Windham,09,1,1.3,1,"Providence, Rhode Island",33.3,0.74,"New London, Connecticut",30.6,0.71,Yale Cancer Center,68.3,1.57,33.9,30.7,70.9,Dana-Farber/Harvard Cancer Center
10001,Kent,10,5,0.2,1,"Philadelphia, Pennsylvania",78.9,1.86,"Sussex, Delaware",40.6,0.95,Abramson Cancer Center (Penn),73.5,1.71,69.8,41.3,67.6,Sidney Kimmel Comprehensive Cancer Center (Johns Hopkins)
10003,New Castle,10,85,0.3,1,"Philadelphia, Pennsylvania",37.6,0.94,"New Castle, Delaware",0.0,0.0,Abramson Cancer Center (Penn),32.2,0.8,41.5,0.0,36.2,Abramson Cancer Center (Penn)
10005,Sussex,10,32,1.7,1,"Baltimore, Maryland",101.9,2.32,"Sussex, Delaware",0.0,0.0,UM Greenebaum Comprehensive Cancer Center,100.5,2.29,99.0,0.0,96.7,Sidney Kimmel Comprehensive Cancer Center (Johns Hopkins)
11001,District of Columbia,11,208,0.3,1,"District of Columbia, District of Columbia",0.0,0.0,"District of Columbia, District of Columbia",0.0,0.0,Georgetown Lombardi Comprehensive Cancer Center,6.3,0.15,0.0,0.0,5.0,Georgetown Lombardi Comprehensive Cancer Center
12001,Alachua,12,80,0.5,1,"Duval, Florida",74.8,1.65,"Alachua, Florida",0.0,0.0,University of Florida Health Cancer Institute,5.1,0.12,76.4,0.0,4.0,University of Florida Health Cancer Institute
12003,Baker,12,0,1.0,1,"Duval, Florida",35.5,0.76,"Duval, Florida",35.5,0.76,Mayo Clinic Cancer Center – Jacksonville,46.4,1.0,40.4,40.4,51.8,Mayo Clinic Cancer Center – Jacksonville
12005,Bay,12,1,0.1,1,"Duval, Florida",263.1,4.81,"Mobile, Alabama",169.2,3.46,University of Florida Health Cancer Institute,235.6,5.01,285.5,183.2,243.7,University of Florida Health Cancer Institute
12007,Bradford,12,0,0.4,1,"Duval, Florida",45.9,1.02,"Alachua, Florida",30.8,0.66,University of Florida Health Cancer Institute,27.9,0.6,46.5,30.3,29.9,University of Florida Health Cancer Institute
12009,Brevard,12,15,1.1,1,"Orange, Florida",57.7,1.2,"Orange, Florida",57.7,1.2,Moffitt Cancer Center,132.7,2.35,56.7,56.7,129.4,Moffitt Cancer Center
12011,Broward,12,197,0.1,1,"Broward, Florida",0.0,0.0,"Broward, Florida",0.0,0.0,Sylvester Comprehensive Cancer Center (Miami),24.7,0.48,0.0,0.0,28.9,Sylvester Comprehensive Cancer Center (Miami)
12013,Calhoun,12,0,1.8,1,"Duval, Florida",220.9,3.94,"Alachua, Florida",189.6,3.95,University of Florida Health Cancer Institute,193.4,4.14,251.1,207.1,211.0,University of Florida Health Cancer Institute
12015,Charlotte,12,4,2.2,1,"Hillsborough, Florida",95.3,2.11,"Lee, Florida",34.8,0.75,Moffitt Cancer Center,103.2,2.29,86.5,30.1,94.2,Moffitt Cancer Center
12017,Citrus,12,1,0.9,1,"Hillsborough, Florida",75.1,1.54,"Alachua, Florida",70.7,1.54,Moffitt Cancer Center,66.6,1.36,74.6,66.4,64.8,University of Florida Health Cancer Institute
12019,Clay,12,3,1.2,1,"Duval, Florida",28.8,0.71,"Duval, Florida",28.8,0.71,Mayo Clinic Cancer Center – Jacksonville,39.4,0.83,21.7,21.7,28.6,Mayo Clinic Cancer Center – Jacksonville
12021,Collier,12,3,2.7,1,"Broward, Florida",102.4,1.72,"Lee, Florida",36.2,0.64,Sylvester Comprehensive Cancer Center (Miami),119.5,2.1,109.2,33.1,116.1,Sylvester Comprehensive Cancer Center (Miami)
12023,Columbia,12,1,0.3,1,"Duval, Florida",68.2,1.31,"Alachua, Florida",38.2,0.62,University of Florida Health Cancer Institute,42.0,0.81,76.2,42.7,46.1,University of Florida Health Cancer Institute
12027,DeSoto,12,0,0.1,1,"Hillsborough, Florida",86.7,1.85,"Sarasota, Florida",47.2,0.97,Moffitt Cancer Center,94.7,2.03,75.5,40.2,83.3,Moffitt Cancer Center
12029,Dixie,12,0,1.8,1,"Duval, Florida",118.7,2.62,"Alachua, Florida",45.0,0.99,University of Florida Health Cancer Institute,49.0,1.09,117.1,48.1,51.5,University of Florida Health Cancer Institute
12031,Duval,12,256,0.1,1,"Duval, Florida",0.0,0.0,"Duval, Florida",0.0,0.0,Mayo Clinic Cancer Center – Jacksonville,10.9,0.24,0.0,0.0,11.7,Mayo Clinic Cancer Center – Jacksonville
12033,Escambia,12,13,1.0,1,"Jefferson, Alabama",242.7,5.3,"Mobile, Alabama",61.9,1.08,O'Neal Comprehensive Cancer Center (UAB),241.9,5.35,253.5,66.2,252.9,O'Neal Comprehensive Cancer Center (UAB)
12035,Flagler,12,0,1.2,1,"Duval, Florida",62.3,1.01,"Volusia, Florida",37.0,0.64,Mayo Clinic Cancer Center – Jacksonville,63.0,1.3,70.5,37.9,64.4,Mayo Clinic Cancer Center – Jacksonville
12037,Franklin,12,0,1.1,1,"Duval, Florida",229.7,4.71,"Alachua, Florida",185.1,3.86,University of Florida Health Cancer Institute,188.9,4.05,231.2,174.7,178.3,University of Florida Health Cancer Institute
12039,Gadsden,12,0,0.2,1,"Duval, Florida",186.1,3.14,"Alachua, Florida",162.1,3.48,University of Florida Health Cancer Institute,166.0,3.67,212.4,174.3,178.3,University of Florida Health Cancer Institute
12041,Gilchrist,12,0,2.9,1,"Duval, Florida",101.6,2.03,"Alachua, Florida",35.7,0.78,University of Florida Health Cancer Institute,39.7,0.89,98.5,30.2,33.9,University of Florida Health Cancer Institute
12043,Glades,12,0,2.6,1,"Broward, Florida",99.3,2.1,"Lee, Florida",57.3,1.21,Sylvester Comprehensive Cancer Center (Miami),116.5,2.48,95.3,55.8,117.5,Sylvester Comprehensive Cancer Center (Miami)
12045,Gulf,12,0,4.3,1,"Duval, Florida",259.7,4.79,"Mobile, Alabama",215.5,4.43,University of Florida Health Cancer Institute,232.2,4.99,262.5,207.7,211.4,University of Florida Health Cancer Institute
12047,Hamilton,12,0,1.1,1,"Duval, Florida",92.8,1.55,"Alachua, Florida",72.2,1.17,University of Florida Health Cancer Institute,76.0,1.36,100.0,81.9,85.5,University of Florida Health Cancer Institute
12049,Hardee,12,0,0.3,1,"Hillsborough, Florida",63.2,1.4,"Polk, Florida",38.4,0.86,Moffitt Cancer Center,71.5,1.57,55.0,41.0,62.4,Moffitt Cancer Center
12051,Hendry,12,0,2.9,1,"Broward, Florida",92.9,1.95,"Lee, Florida",50.9,1.06,Sylvester Comprehensive Cancer Center (Miami),110.0,2.33,88.3,48.7,108.2,Sylvester Comprehensive Cancer Center (Miami)
12053,Hernando,12,1,1.2,1,"Hillsborough, Florida",46.4,0.98,"Hillsborough, Florida",46.4,0.98,Moffitt Cancer Center,37.9,0.79,45.1,45.1,37.8,Moffitt Cancer Center
12055,Highlands,12,1,0.5,1,"Orange, Florida",85.2,1.73,"Polk, Florida",52.6,1.19,Moffitt Cancer Center,94.1,2.08,81.6,54.2,88.4,Moffitt Cancer Center
12057,Hillsborough,12,316,0.2,1,"Hillsborough, Florida",0.0,0.0,"Hillsborough, Florida",0.0,0.0,Moffitt Cancer Center,8.8,0.19,0.0,0.0,7.9,Moffitt Cancer Center
12059,Holmes,12,0,3.9,1,"Jefferson, Alabama",222.4,4.37,"Mobile, Alabama",162.4,2.88,O'Neal Comprehensive Cancer Center (UAB),221.7,4.42,233.5,173.0,232.6,O'Neal Comprehensive Cancer Center (UAB)
12061,Indian River,12,0,2.0,1,"Orange, Florida",100.2,2.09,"Palm Beach, Florida",82.5,1.61,Sylvester Comprehensive Cancer Center (Miami),138.2,2.62,99.1,90.2,150.6,Moffitt Cancer Center
12063,Jackson,12,0,0.1,1,"Duval, Florida",230.4,3.8,"Mobile, Alabama",191.4,3.5,University of Florida Health Cancer Institute,210.2,4.32,251.7,210.9,227.2,University of Florida Health Cancer Institute
12065,Jefferson,12,0,0.7,1,"Duval, Florida",143.6,2.36,"Alachua, Florida",121.1,2.1,University of Florida Health Cancer Institute,124.9,2.29,163.3,128.1,132.1,University of Florida Health Cancer Institute
12067,Lafayette,12,0,0.1,1,"Duval, Florida",105.0,2.13,"Alachua, Florida",60.4,1.27,University of Florida Health Cancer Institute,64.2,1.46,113.2,65.4,69.4,University of Florida Health Cancer Institute
12069,Lake,12,17,1.3,1,"Orange, Florida",35.4,0.69,"Orange, Florida",35.4,0.69,Moffitt Cancer Center,76.7,1.57,30.7,30.7,75.2,Moffitt Cancer Center
12071,Lee,12,62,0.1,1,"Hillsborough, Florida",125.6,2.73,"Lee, Florida",0.0,0.0,Moffitt Cancer Center,133.6,2.91,122.2,0.0,130.0,Moffitt Cancer Center
12073,Leon,12,6,0.0,1,"Duval, Florida",166.0,2.73,"Alachua, Florida",141.9,3.01,University of Florida Health Cancer Institute,145.7,3.2,190.0,150.3,154.2,University of Florida Health Cancer Institute
12075,Levy,12,0,2.3,1,"Duval, Florida",100.9,2.23,"Alachua, Florida",30.7,0.68,University of Florida Health Cancer Institute,29.2,0.65,106.9,30.7,31.6,University of Florida Health Cancer Institute
12077,Liberty,12,0,1.5,1,"Duval, Florida",207.1,3.64,"Alachua, Florida",175.8,3.65,University of Florida Health Cancer Institute,179.7,3.84,235.3,190.6,194.5,University of Florida Health Cancer Institute
12079,Madison,12,0,0.0,1,"Duval, Florida",114.3,1.98,"Alachua, Florida",91.7,1.72,University of Florida Health Cancer Institute,95.6,1.91,129.9,100.0,103.9,University of Florida Health Cancer Institute
12081,Manatee,12,8,1.1,1,"Hillsborough, Florida",42.2,0.94,"Sarasota, Florida",25.3,0.46,Moffitt Cancer Center,50.1,1.13,41.5,24.2,47.8,Moffitt Cancer Center
12083,Marion,12,19,1.0,1,"Orange, Florida",71.1,1.46,"Alachua, Florida",43.5,0.83,University of Florida Health Cancer Institute,40.8,0.91,73.7,47.9,44.7,University of Florida Health Cancer Institute
12085,Martin,12,5,0.1,1,"Broward, Florida",73.9,1.19,"Palm Beach, Florida",41.4,0.69,Sylvester Comprehensive Cancer Center (Miami),97.1,1.7,83.8,44.5,112.7,Sylvester Comprehensive Cancer Center (Miami)
12086,Miami-Dade,12,370,0.1,1,"Miami-Dade, Florida",0.0,0.0,"Miami-Dade, Florida",0.0,0.0,Sylvester Comprehensive Cancer Center (Miami),7.4,0.15,0.0,0.0,7.3,Sylvester Comprehensive Cancer Center (Miami)
12087,Monroe,12,0,4.5,1,"Miami-Dade, Florida",117.9,2.48,"Miami-Dade, Florida",117.9,2.48,Sylvester Comprehensive Cancer Center (Miami),122.1,2.56,110.4,110.4,116.2,Sylvester Comprehensive Cancer Center (Miami)
12089,Nassau,12,0,0.7,1,"Duval, Florida",23.7,0.51,"Duval, Florida",23.7,0.51,Mayo Clinic Cancer Center – Jacksonville,31.4,0.58,25.7,25.7,30.7,Mayo Clinic Cancer Center – Jacksonville
12091,Okaloosa,12,0,1.7,1,"Jefferson, Alabama",236.1,4.81,"Mobile, Alabama",119.5,2.06,O'Neal Comprehensive Cancer Center (UAB),235.3,4.86,246.5,115.4,245.8,O'Neal Comprehensive Cancer Center (UAB)
12093,Okeechobee,12,0,0.3,1,"Orange, Florida",99.8,1.8,"Palm Beach, Florida",70.9,1.39,Sylvester Comprehensive Cancer Center (Miami),126.2,2.73,104.1,74.1,131.4,Sylvester Comprehensive Cancer Center (Miami)
12095,Orange,12,162,0.1,1,"Orange, Florida",0.0,0.0,"Orange, Florida",0.0,0.0,Moffitt Cancer Center,83.8,1.41,0.0,0.0,86.9,Moffitt Cancer Center
12097,Osceola,12,13,1.8,1,"Orange, Florida",19.9,0.45,"Orange, Florida",19.9,0.45,Moffitt Cancer Center,78.3,1.65,21.3,21.3,79.5,Moffitt Cancer Center
12099,Palm Beach,12,73,1.9,1,"Broward, Florida",36.2,0.6,"Palm Beach, Florida",0.0,0.0,Sylvester Comprehensive Cancer Center (Miami),59.4,1.11,40.4,0.0,68.9,Sylvester Comprehensive Cancer Center (Miami)
12101,Pasco,12,19,2.0,1,"Hillsborough, Florida",26.4,0.6,"Hillsborough, Florida",26.4,0.6,Moffitt Cancer Center,17.8,0.42,25.5,25.5,17.8,Moffitt Cancer Center
12103,Pinellas,12,81,0.1,1,"Hillsborough, Florida",22.0,0.41,"Pinellas, Florida",0.0,0.0,Moffitt Cancer Center,24.8,0.48,24.7,0.0,23.8,Moffitt Cancer Center
12105,Polk,12,20,0.0,1,"Hillsborough, Florida",40.0,0.86,"Polk, Florida",0.0,0.0,Moffitt Cancer Center,45.1,0.85,45.2,0.0,48.5,Moffitt Cancer Center
12107,Putnam,12,0,0.6,1,"Duval, Florida",58.4,1.33,"Alachua, Florida",45.9,1.07,University of Florida Health Cancer Institute,43.1,1.0,57.6,48.5,44.9,University of Florida Health Cancer Institute
12109,St. Johns,12,4,1.6,1,"Duval, Florida",27.4,0.47,"Duval, Florida",27.4,0.47,Mayo Clinic Cancer Center – Jacksonville,28.5,0.5,28.7,28.7,23.1,Mayo Clinic Cancer Center – Jacksonville
12111,St. Lucie,12,10,1.1,1,"Broward, Florida",89.5,1.43,"Palm Beach, Florida",57.0,0.93,Sylvester Comprehensive Cancer Center (Miami),112.6,1.94,99.8,61.5,128.7,Sylvester Comprehensive Cancer Center (Miami)
12113,Santa Rosa,12,0,1.0,1,"Jefferson, Alabama",238.1,4.42,"Mobile, Alabama",75.5,1.28,O'Neal Comprehensive Cancer Center (UAB),237.3,4.48,246.8,82.1,246.1,O'Neal Comprehensive Cancer Center (UAB)
12115,Sarasota,12,93,1.5,1,"Hillsborough, Florida",62.1,1.21,"Sarasota, Florida",0.0,0.0,Moffitt Cancer Center,70.0,1.4,63.5,0.0,70.5,Moffitt Cancer Center
12117,Seminole,12,22,0.1,1,"Orange, Florida",14.0,0.32,"Seminole, Florida",0.0,0.0,Moffitt Cancer Center,97.5,1.72,15.4,0.0,99.0,Moffitt Cancer Center
12119,Sumter,12,1,0.5,1,"Orange, Florida",48.3,0.86,"Orange, Florida",48.3,0.86,University of Florida Health Cancer Institute,63.1,1.09,52.8,52.8,70.8,University of Florida Health Cancer Institute
12121,Suwannee,12,0,0.2,1,"Duval, Florida",91.6,1.78,"Alachua, Florida",61.2,1.26,University of Florida Health Cancer Institute,65.1,1.45,98.0,62.4,66.2,University of Florida Health Cancer Institute
12123,Taylor,12,0,0.3,1,"Duval, Florida",137.8,2.82,"Alachua, Florida",91.1,1.95,University of Florida Health Cancer Institute,95.1,2.06,142.6,92.1,96.1,University of Florida Health Cancer Institute
12125,Union,12,0,0.1,1,"Duval, Florida",56.0,1.09,"Alachua, Florida",30.4,0.66,University of Florida Health Cancer Institute,29.3,0.65,58.0,28.9,30.7,University of Florida Health Cancer Institute
12127,Volusia,12,30,2.5,1,"Orange, Florida",46.1,0.78,"Volusia, Florida",0.0,0.0,Mayo Clinic Cancer Center – Jacksonville,97.7,1.86,49.1,0.0,99.8,University of Florida Health Cancer Institute
12129,Wakulla,12,0,2.3,1,"Duval, Florida",185.8,3.19,"Alachua, Florida",145.6,3.03,University of Florida Health Cancer Institute,149.4,3.22,194.5,146.1,150.0,University of Florida Health Cancer Institute
12131,Walton,12,0,2.2,1,"Jefferson, Alabama",236.9,4.83,"Mobile, Alabama",142.0,2.81,O'Neal Comprehensive Cancer Center (UAB),236.1,4.88,250.4,142.1,249.6,O'Neal Comprehensive Cancer Center (UAB)
12133,Washington,12,0,1.4,1,"Jefferson, Alabama",233.2,4.57,"Mobile, Alabama",171.4,2.9,O'Neal Comprehensive Cancer Center (UAB),232.5,4.63,252.0,182.0,249.6,University of Florida Health Cancer Institute
13001,Appling,13,0,0.3,1,"Duval, Florida",119.9,2.59,"Chatham, Georgia",84.6,1.75,Mayo Clinic Cancer Center – Jacksonville,130.3,2.85,132.3,87.6,139.2,Mayo Clinic Cancer Center – Jacksonville
13003,Atkinson,13,0,1.0,1,"Duval, Florida",112.9,2.45,"Duval, Florida",112.9,2.45,Mayo Clinic Cancer Center – Jacksonville,123.4,2.7,123.1,123.1,133.2,Mayo Clinic Cancer Center – Jacksonville
13005,Bacon,13,0,0.2,1,"Duval, Florida",107.0,2.33,"Chatham, Georgia",100.7,2.18,Mayo Clinic Cancer Center – Jacksonville,117.5,2.58,119.7,102.3,127.8,Mayo Clinic Cancer Center – Jacksonville
13007,Baker,13,0,2.0,1,"Fulton, Georgia",199.4,4.74,"Coweta, Georgia",174.3,3.91,University of Florida Health Cancer Institute,188.1,3.63,206.0,172.7,203.7,University of Florida Health Cancer Institute
13009,Baldwin,13,0,0.1,1,"DeKalb, Georgia",83.9,1.74,"Clarke, Georgia",70.6,1.6,Winship Cancer Institute (Emory),89.5,1.93,90.8,72.3,95.2,Winship Cancer Institute (Emory)
13011,Banks,13,0,1.2,1,"DeKalb, Georgia",66.2,1.39,"Clarke, Georgia",33.2,0.78,Winship Cancer Institute (Emory),68.9,1.28,68.8,34.2,72.6,Winship Cancer Institute (Emory)
13013,Barrow,13,0,0.1,1,"DeKalb, Georgia",37.6,0.89,"Clarke, Georgia",22.3,0.52,Winship Cancer Institute (Emory),41.9,1.01,39.5,24.1,44.2,Winship Cancer Institute (Emory)
13015,Bartow,13,0,0.1,1,"Fulton, Georgia",42.5,1.04,"Cobb, Georgia",27.8,0.7,Winship Cancer Institute (Emory),46.5,1.13,43.1,28.9,48.8,Winship Cancer Institute (Emory)
13017,Ben Hill,13,0,0.1,1,"Duval, Florida",150.0,3.21,"Chatham, Georgia",148.0,3.1,Mayo Clinic Cancer Center – Jacksonville,160.5,3.47,165.5,150.9,175.3,Mayo Clinic Cancer Center – Jacksonville
13019,Berrien,13,0,0.3,1,"Duval, Florida",139.2,3.01,"Alachua, Florida",131.5,2.47,University of Florida Health Cancer Institute,135.3,2.65,139.7,139.7,147.2,University of Florida Health Cancer Institute
13021,Bibb,13,9,0.9,1,"DeKalb, Georgia",84.1,1.59,"DeKalb, Georgia",84.1,1.59,Winship Cancer Institute (Emory),83.8,1.53,88.1,85.3,90.9,Winship Cancer Institute (Emory)
13023,Bleckley,13,0,0.1,1,"DeKalb, Georgia",120.9,2.35,"Richmond, Georgia",118.7,2.55,Winship Cancer Institute (Emory),120.6,2.29,131.5,123.2,134.5,Winship Cancer Institute (Emory)
13025,Brantley,13,0,0.5,1,"Duval, Florida",73.0,1.62,"Duval, Florida",73.0,1.62,Mayo Clinic Cancer Center – Jacksonville,83.5,1.87,80.1,80.1,86.5,Mayo Clinic Cancer Center – Jacksonville
13027,Brooks,13,0,1.2,1,"Duval, Florida",142.5,2.46,"Alachua, Florida",121.4,2.35,University of Florida Health Cancer Institute,125.2,2.53,144.4,127.7,131.4,University of Florida Health Cancer Institute
13029,Bryan,13,1,0.6,1,"Charleston, South Carolina",118.4,2.31,"Chatham, Georgia",17.3,0.37,Hollings Cancer Center (MUSC),118.9,2.33,120.2,16.8,119.9,Hollings Cancer Center (MUSC)
13031,Bulloch,13,1,0.3,1,"Charleston, South Carolina",138.5,3.02,"Chatham, Georgia",52.2,0.93,Hollings Cancer Center (MUSC),139.0,3.04,129.2,53.6,130.4,Hollings Cancer Center (MUSC)
13033,Burke,13,0,0.1,1,"Charleston, South Carolina",143.7,3.06,"Richmond, Georgia",25.9,0.56,Hollings Cancer Center (MUSC),144.2,3.09,142.7,27.1,145.3,Hollings Cancer Center (MUSC)
13035,Butts,13,0,0.1,1,"DeKalb, Georgia",46.0,0.98,"DeKalb, Georgia",46.0,0.98,Winship Cancer Institute (Emory),47.2,0.98,45.2,45.2,48.1,Winship Cancer Institute (Emory)
13037,Calhoun,13,0,0.4,1,"Fulton, Georgia",180.0,3.94,"Coweta, Georgia",148.3,3.18,Winship Cancer Institute (Emory),178.7,3.89,189.9,153.6,189.6,Winship Cancer Institute (Emory)
13039,Camden,13,0,1.9,1,"Duval, Florida",39.6,0.79,"Duval, Florida",39.6,0.79,Mayo Clinic Cancer Center – Jacksonville,47.3,0.86,42.6,42.6,46.6,Mayo Clinic Cancer Center – Jacksonville
13043,Candler,13,0,0.1,1,"Charleston, South Carolina",155.6,3.18,"Chatham, Georgia",64.1,1.05,Hollings Cancer Center (MUSC),156.1,3.21,149.7,71.2,151.0,Hollings Cancer Center (MUSC)
13045,Carroll,13,0,1.1,1,"Fulton, Georgia",50.5,1.04,"Coweta, Georgia",35.1,0.77,Winship Cancer Institute (Emory),51.0,1.04,47.9,29.6,51.5,Winship Cancer Institute (Emory)
13047,Catoosa,13,4,0.1,1,"Fulton, Georgia",101.4,2.2,"Hamilton, Tennessee",15.0,0.32,Winship Cancer Institute (Emory),105.5,2.29,105.2,13.8,110.5,Winship Cancer Institute (Emory)
13049,Charlton,13,0,0.9,1,"Duval, Florida",49.0,1.11,"Duval, Florida",49.0,1.11,Mayo Clinic Cancer Center – Jacksonville,59.4,1.36,49.7,49.7,58.8,Mayo Clinic Cancer Center – Jacksonville
13051,Chatham,13,32,0.4,1,"Charleston, South Carolina",108.0,2.3,"Chatham, Georgia",0.0,0.0,Hollings Cancer Center (MUSC),108.5,2.32,103.8,0.0,103.5,Hollings Cancer Center (MUSC)
13053,Chattahoochee,13,0,3.0,1,"Fulton, Georgia",122.0,2.66,"Coweta, Georgia",84.1,1.47,Winship Cancer Institute (Emory),120.8,2.61,128.2,86.6,126.7,Winship Cancer Institute (Emory)
13055,Chattooga,13,0,0.4,1,"Fulton, Georgia",85.4,1.98,"Hamilton, Tennessee",49.5,1.08,Winship Cancer Institute (Emory),89.4,2.08,85.2,50.5,90.9,Winship Cancer Institute (Emory)
13057,Cherokee,13,1,1.0,1,"Fulton, Georgia",33.8,0.7,"Cobb, Georgia",19.7,0.39,Winship Cancer Institute (Emory),37.9,0.8,28.8,19.5,33.3,Winship Cancer Institute (Emory)
13059,Clarke,13,31,0.3,1,"DeKalb, Georgia",57.9,1.26,"Clarke, Georgia",0.0,0.0,Winship Cancer Institute (Emory),63.1,1.49,61.1,0.0,66.2,Winship Cancer Institute (Emory)
13061,Clay,13,0,0.1,1,"Fulton, Georgia",182.2,3.96,"Coweta, Georgia",142.7,2.75,Winship Cancer Institute (Emory),181.0,3.91,186.5,145.9,185.4,Winship Cancer Institute (Emory)
13063,Clayton,13,0,0.5,1,"Fulton, Georgia",21.6,0.55,"Fulton, Georgia",21.6,0.55,Winship Cancer Institute (Emory),19.8,0.44,21.3,21.3,20.3,Winship Cancer Institute (Emory)
13065,Clinch,13,0,0.5,1,"Duval, Florida",103.0,2.14,"Duval, Florida",103.0,2.14,University of Florida Health Cancer Institute,112.8,2.4,100.1,100.1,110.7,Mayo Clinic Cancer Center – Jacksonville
13067,Cobb,13,22,0.3,1,"Fulton, Georgia",17.1,0.46,"Cobb, Georgia",0.0,0.0,Winship Cancer Institute (Emory),21.1,0.56,14.4,0.0,20.1,Winship Cancer Institute (Emory)
13069,Coffee,13,0,0.5,1,"Duval, Florida",117.0,2.53,"Duval, Florida",117.0,2.53,Mayo Clinic Cancer Center – Jacksonville,127.5,2.78,133.0,127.7,142.4,Mayo Clinic Cancer Center – Jacksonville
13071,Colquitt,13,0,0.1,1,"Duval, Florida",160.3,2.86,"Alachua, Florida",139.7,2.48,University of Florida Health Cancer Institute,143.6,2.67,169.6,159.6,163.3,University of Florida Health Cancer Institute
13073,Columbia,13,0,0.6,1,"DeKalb, Georgia",129.2,2.15,"Richmond, Georgia",12.5,0.27,Winship Cancer Institute (Emory),136.0,2.35,144.8,11.2,150.2,Winship Cancer Institute (Emory)
13075,Cook,13,0,0.2,1,"Duval, Florida",146.0,3.13,"Alachua, Florida",125.7,2.07,University of Florida Health Cancer Institute,129.5,2.25,146.6,143.5,146.9,University of Florida Health Cancer Institute
13077,Coweta,13,37,1.3,1,"Fulton, Georgia",42.4,0.89,"Coweta, Georgia",0.0,0.0,Winship Cancer Institute (Emory),41.7,0.86,44.3,0.0,44.6,Winship Cancer Institute (Emory)
13079,Crawford,13,0,0.3,1,"DeKalb, Georgia",90.3,1.82,"Coweta, Georgia",83.6,1.78,Winship Cancer Institute (Emory),89.9,1.97,92.5,78.8,94.3,Winship Cancer Institute (Emory)
13081,Crisp,13,0,0.3,1,"DeKalb, Georgia",144.1,2.59,"Coweta, Georgia",135.4,2.96,Winship Cancer Institute (Emory),143.8,2.52,156.1,135.9,157.7,Winship Cancer Institute (Emory)
13083,Dade,13,0,0.3,1,"Fulton, Georgia",119.1,2.8,"Hamilton, Tennessee",26.9,0.62,Winship Cancer Institute (Emory),123.2,2.89,115.1,26.7,120.7,Winship Cancer Institute (Emory)
13085,Dawson,13,0,0.3,1,"Fulton, Georgia",49.8,0.98,"Fulton, Georgia",49.8,0.98,Winship Cancer Institute (Emory),52.4,1.13,51.2,49.2,52.5,Winship Cancer Institute (Emory)
13087,Decatur,13,0,0.1,1,"Duval, Florida",201.0,3.75,"Alachua, Florida",179.7,3.62,University of Florida Health Cancer Institute,183.5,3.81,216.1,186.1,190.1,University of Florida Health Cancer Institute
13089,DeKalb,13,309,0.1,1,"DeKalb, Georgia",0.0,0.0,"DeKalb, Georgia",0.0,0.0,Winship Cancer Institute (Emory),9.7,0.25,0.0,0.0,5.4,Winship Cancer Institute (Emory)
13091,Dodge,13,0,0.6,1,"DeKalb, Georgia",140.2,2.83,"Richmond, Georgia",118.4,2.61,Winship Cancer Institute (Emory),139.8,2.76,150.6,127.5,153.7,Winship Cancer Institute (Emory)
13093,Dooly,13,0,0.4,1,"DeKalb, Georgia",128.3,2.31,"Coweta, Georgia",126.5,2.65,Winship Cancer Institute (Emory),128.0,2.25,138.2,120.2,139.9,Winship Cancer Institute (Emory)
13095,Dougherty,13,9,0.1,1,"Fulton, Georgia",171.4,4.13,"Coweta, Georgia",146.3,3.3,Winship Cancer Institute (Emory),169.6,4.02,183.8,154.6,184.4,Winship Cancer Institute (Emory)
13097,Douglas,13,0,0.6,1,"Fulton, Georgia",26.8,0.62,"Cobb, Georgia",22.9,0.64,Winship Cancer Institute (Emory),27.4,0.62,25.0,21.8,28.9,Winship Cancer Institute (Emory)
13099,Early,13,0,0.4,1,"Fulton, Georgia",198.0,4.3,"Coweta, Georgia",160.2,3.1,Winship Cancer Institute (Emory),196.8,4.24,208.9,169.8,208.1,Winship Cancer Institute (Emory)
13101,Echols,13,0,0.4,1,"Duval, Florida",105.5,2.16,"Alachua, Florida",87.3,1.51,University of Florida Health Cancer Institute,91.2,1.69,107.7,98.9,102.3,University of Florida Health Cancer Institute
13103,Effingham,13,0,3.4,1,"Charleston, South Carolina",109.9,2.27,"Chatham, Georgia",24.8,0.57,Hollings Cancer Center (MUSC),110.3,2.3,102.6,23.3,103.1,Hollings Cancer Center (MUSC)
13105,Elbert,13,0,0.6,1,"DeKalb, Georgia",91.1,1.94,"Clarke, Georgia",36.1,0.8,Winship Cancer Institute (Emory),96.4,2.17,98.1,37.4,103.1,Winship Cancer Institute (Emory)
13107,Emanuel,13,0,0.8,1,"DeKalb, Georgia",158.0,3.38,"Richmond, Georgia",67.5,1.41,Winship Cancer Institute (Emory),164.2,3.61,163.6,72.0,165.4,Hollings Cancer Center (MUSC)
13109,Evans,13,0,0.2,1,"Charleston, South Carolina",144.8,2.99,"Chatham, Georgia",51.1,1.08,Hollings Cancer Center (MUSC),145.3,3.01,145.4,55.1,146.2,Hollings Cancer Center (MUSC)
13111,Fannin,13,0,1.7,1,"Fulton, Georgia",89.5,1.96,"Hamilton, Tennessee",72.1,1.54,Winship Cancer Institute (Emory),92.6,2.03,88.9,62.4,91.9,Winship Cancer Institute (Emory)
13113,Fayette,13,2,1.4,1,"Fulton, Georgia",33.9,0.81,"Coweta, Georgia",18.9,0.43,Winship Cancer Institute (Emory),32.7,0.76,34.5,15.8,33.0,Winship Cancer Institute (Emory)
13115,Floyd,13,0,0.3,1,"Fulton, Georgia",64.3,1.57,"Cobb, Georgia",49.7,1.24,Winship Cancer Institute (Emory),68.4,1.67,64.5,50.2,70.3,Winship Cancer Institute (Emory)
13117,Forsyth,13,1,0.4,1,"Fulton, Georgia",31.1,0.63,"Fulton, Georgia",31.1,0.63,Winship Cancer Institute (Emory),33.8,0.77,33.9,33.9,35.0,Winship Cancer Institute (Emory)
13119,Franklin,13,0,1.5,1,"DeKalb, Georgia",80.7,1.56,"Oconee, South Carolina",33.3,0.74,Winship Cancer Institute (Emory),83.3,1.45,87.7,30.1,92.0,Winship Cancer Institute (Emory)
13121,Fulton,13,165,0.5,1,"Fulton, Georgia",0.0,0.0,"Fulton, Georgia",0.0,0.0,Winship Cancer Institute (Emory),7.4,0.21,0.0,0.0,5.8,Winship Cancer Institute (Emory)
13123,Gilmer,13,0,0.2,1,"Fulton, Georgia",69.7,1.45,"Cobb, Georgia",59.6,1.23,Winship Cancer Institute (Emory),72.8,1.52,70.1,59.8,73.8,Winship Cancer Institute (Emory)
13125,Glascock,13,0,0.4,1,"DeKalb, Georgia",115.9,2.1,"Richmond, Georgia",42.2,0.92,Winship Cancer Institute (Emory),122.7,2.31,122.2,41.8,127.3,Winship Cancer Institute (Emory)
13127,Glynn,13,0,0.1,1,"Duval, Florida",71.0,1.31,"Chatham, Georgia",68.8,1.2,Mayo Clinic Cancer Center – Jacksonville,78.7,1.37,75.6,73.9,77.3,Mayo Clinic Cancer Center – Jacksonville
13129,Gordon,13,0,0.7,1,"Fulton, Georgia",65.7,1.27,"Hamilton, Tennessee",50.5,0.98,Winship Cancer Institute (Emory),69.7,1.37,65.4,52.0,70.7,Winship Cancer Institute (Emory)
13131,Grady,13,0,0.4,1,"Duval, Florida",178.1,3.23,"Alachua, Florida",156.8,3.11,University of Florida Health Cancer Institute,160.6,3.29,191.2,164.9,168.8,University of Florida Health Cancer Institute
13133,Greene,13,0,0.8,1,"DeKalb, Georgia",68.7,1.18,"Clarke, Georgia",37.9,0.87,Winship Cancer Institute (Emory),75.5,1.38,76.7,37.1,81.9,Winship Cancer Institute (Emory)
13135,Gwinnett,13,10,0.4,1,"DeKalb, Georgia",20.9,0.37,"DeKalb, Georgia",20.9,0.37,Winship Cancer Institute (Emory),23.1,0.45,19.1,19.1,22.9,Winship Cancer Institute (Emory)
13137,Habersham,13,0,0.2,1,"DeKalb, Georgia",72.4,1.43,"Oconee, South Carolina",44.6,1.06,Winship Cancer Institute (Emory),74.7,1.51,80.5,38.6,83.5,Winship Cancer Institute (Emory)
13139,Hall,13,6,0.4,1,"DeKalb, Georgia",44.3,0.81,"Clarke, Georgia",41.9,1.03,Winship Cancer Institute (Emory),46.6,0.89,48.3,41.5,51.2,Winship Cancer Institute (Emory)
13141,Hancock,13,0,0.3,1,"DeKalb, Georgia",94.5,1.92,"Clarke, Georgia",63.7,1.45,Winship Cancer Institute (Emory),101.3,2.12,96.2,63.0,101.1,Winship Cancer Institute (Emory)
13143,Haralson,13,0,1.1,1,"Fulton, Georgia",55.0,1.26,"Cobb, Georgia",43.8,1.02,Winship Cancer Institute (Emory),55.5,1.26,54.7,44.5,59.3,Winship Cancer Institute (Emory)
13145,Harris,13,0,1.6,1,"Fulton, Georgia",93.7,2.09,"Coweta, Georgia",56.6,1.23,Winship Cancer Institute (Emory),92.5,2.04,100.2,57.5,99.2,Winship Cancer Institute (Emory)
13147,Hart,13,0,0.4,1,"DeKalb, Georgia",96.0,2.01,"Oconee, South Carolina",32.3,0.73,Winship Cancer Institute (Emory),98.7,1.9,99.8,29.3,104.4,Winship Cancer Institute (Emory)
13149,Heard,13,0,0.7,1,"Fulton, Georgia",65.1,1.42,"Coweta, Georgia",27.8,0.65,Winship Cancer Institute (Emory),64.4,1.38,66.1,27.2,68.0,Winship Cancer Institute (Emory)
13151,Henry,13,2,0.7,1,"DeKalb, Georgia",29.0,0.63,"DeKalb, Georgia",29.0,0.63,Winship Cancer Institute (Emory),29.1,0.66,27.0,27.0,28.8,Winship Cancer Institute (Emory)
13153,Houston,13,2,0.8,1,"DeKalb, Georgia",106.3,1.94,"DeKalb, Georgia",106.3,1.94,Winship Cancer Institute (Emory),105.9,1.88,109.3,100.4,111.7,Winship Cancer Institute (Emory)
13155,Irwin,13,0,0.4,1,"Duval, Florida",144.1,3.09,"Duval, Florida",144.1,3.09,Mayo Clinic Cancer Center – Jacksonville,154.6,3.34,160.1,155.3,170.2,Mayo Clinic Cancer Center – Jacksonville
13157,Jackson,13,0,0.4,1,"DeKalb, Georgia",51.6,1.1,"Clarke, Georgia",20.2,0.51,Winship Cancer Institute (Emory),54.2,0.99,52.7,21.1,57.1,Winship Cancer Institute (Emory)
13159,Jasper,13,0,0.3,1,"DeKalb, Georgia",50.0,1.01,"DeKalb, Georgia",50.0,1.01,Winship Cancer Institute (Emory),55.7,1.21,50.8,50.8,54.9,Winship Cancer Institute (Emory)
13161,Jeff Davis,13,0,0.6,1,"Duval, Florida",130.8,2.83,"Chatham, Georgia",100.3,2.08,Mayo Clinic Cancer Center – Jacksonville,141.3,3.09,146.1,104.2,153.8,Mayo Clinic Cancer Center – Jacksonville
13163,Jefferson,13,0,0.1,1,"DeKalb, Georgia",133.0,2.45,"Richmond, Georgia",36.5,0.81,Winship Cancer Institute (Emory),139.8,2.65,140.6,38.7,145.7,Winship Cancer Institute (Emory)
13165,Jenkins,13,0,0.4,1,"Charleston, South Carolina",136.2,2.9,"Richmond, Georgia",47.3,1.03,Hollings Cancer Center (MUSC),136.7,2.93,137.2,53.4,139.3,Hollings Cancer Center (MUSC)
13167,Johnson,13,0,1.2,1,"DeKalb, Georgia",133.8,2.85,"Richmond, Georgia",73.5,1.61,Winship Cancer Institute (Emory),140.0,3.08,141.2,74.7,145.6,Winship Cancer Institute (Emory)
13169,Jones,13,0,1.8,1,"DeKalb, Georgia",84.5,1.8,"Clarke, Georgia",82.0,1.86,Winship Cancer Institute (Emory),87.9,1.84,84.0,82.8,87.5,Winship Cancer Institute (Emory)
13171,Lamar,13,0,0.1,1,"DeKalb, Georgia",58.3,1.19,"Coweta, Georgia",50.6,1.07,Winship Cancer Institute (Emory),56.8,1.25,58.9,47.0,60.1,Winship Cancer Institute (Emory)
13173,Lanier,13,0,0.1,1,"Duval, Florida",124.3,2.65,"Alachua, Florida",113.1,2.04,University of Florida Health Cancer Institute,116.9,2.22,121.9,121.9,127.7,University of Florida Health Cancer Institute
13175,Laurens,13,0,0.2,1,"DeKalb, Georgia",132.4,2.83,"Richmond, Georgia",91.0,1.99,Winship Cancer Institute (Emory),135.4,2.36,139.9,96.9,143.7,Winship Cancer Institute (Emory)
13177,Lee,13,0,0.3,1,"Fulton, Georgia",163.8,3.97,"Coweta, Georgia",138.8,3.14,Winship Cancer Institute (Emory),162.1,3.86,175.0,146.0,175.6,Winship Cancer Institute (Emory)
13179,Liberty,13,1,1.1,1,"Duval, Florida",122.7,2.37,"Chatham, Georgia",37.7,0.85,Mayo Clinic Cancer Center – Jacksonville,130.4,2.43,126.9,35.8,129.5,Mayo Clinic Cancer Center – Jacksonville
13181,Lincoln,13,0,0.6,1,"DeKalb, Georgia",118.8,2.3,"Richmond, Georgia",37.1,0.78,Winship Cancer Institute (Emory),125.6,2.5,124.2,39.9,129.5,Winship Cancer Institute (Emory)
13183,Long,13,0,3.2,1,"Duval, Florida",117.9,2.58,"Chatham, Georgia",49.4,1.1,Mayo Clinic Cancer Center – Jacksonville,126.4,2.32,122.7,47.4,126.3,Mayo Clinic Cancer Center – Jacksonville
13185,Lowndes,13,4,0.1,1,"Duval, Florida",124.0,2.6,"Alachua, Florida",103.7,1.71,University of Florida Health Cancer Institute,107.6,1.9,127.4,117.8,121.4,University of Florida Health Cancer Institute
13187,Lumpkin,13,0,0.1,1,"Fulton, Georgia",58.8,1.21,"Fulton, Georgia",58.8,1.21,Winship Cancer Institute (Emory),61.4,1.36,63.4,62.1,64.8,Winship Cancer Institute (Emory)
13189,McDuffie,13,0,0.3,1,"DeKalb, Georgia",111.6,1.94,"Richmond, Georgia",28.3,0.6,Winship Cancer Institute (Emory),118.4,2.14,125.8,29.0,131.1,Winship Cancer Institute (Emory)
13191,McIntosh,13,0,2.0,1,"Duval, Florida",97.0,1.71,"Chatham, Georgia",50.1,0.96,Mayo Clinic Cancer Center – Jacksonville,104.7,1.78,99.1,50.4,100.4,Mayo Clinic Cancer Center – Jacksonville
13193,Macon,13,0,1.0,1,"DeKalb, Georgia",120.8,2.49,"Coweta, Georgia",106.6,2.36,Winship Cancer Institute (Emory),120.4,2.63,122.4,99.9,123.5,Winship Cancer Institute (Emory)
13195,Madison,13,0,0.3,1,"DeKalb, Georgia",71.8,1.53,"Clarke, Georgia",16.7,0.4,Winship Cancer Institute (Emory),77.0,1.76,73.9,15.8,78.8,Winship Cancer Institute (Emory)
13197,Marion,13,0,1.0,1,"Fulton, Georgia",111.4,2.51,"Coweta, Georgia",79.8,1.75,Winship Cancer Institute (Emory),110.2,2.46,118.3,83.8,117.9,Winship Cancer Institute (Emory)
13199,Meriwether,13,0,0.0,1,"Fulton, Georgia",66.2,1.49,"Coweta, Georgia",29.2,0.61,Winship Cancer Institute (Emory),65.0,1.43,70.4,30.2,68.9,Winship Cancer Institute (Emory)
13201,Miller,13,0,0.5,1,"Fulton, Georgia",207.1,4.52,"Coweta, Georgia",172.1,3.37,University of Florida Health Cancer Institute,205.1,4.27,220.7,183.9,212.6,University of Florida Health Cancer Institute
13205,Mitchell,13,0,0.6,1,"Duval, Florida",190.0,3.51,"Alachua, Florida",169.3,3.13,University of Florida Health Cancer Institute,173.2,3.32,197.1,181.0,184.9,University of Florida Health Cancer Institute
13207,Monroe,13,0,0.5,1,"DeKalb, Georgia",62.9,1.22,"DeKalb, Georgia",62.9,1.22,Winship Cancer Institute (Emory),62.5,1.15,66.7,63.8,69.1,Winship Cancer Institute (Emory)
13209,Montgomery,13,0,0.9,1,"Duval, Florida",159.5,3.44,"Chatham, Georgia",89.9,1.9,Mayo Clinic Cancer Center – Jacksonville,170.0,3.69,168.3,98.4,175.1,Mayo Clinic Cancer Center – Jacksonville
13211,Morgan,13,0,0.6,1,"DeKalb, Georgia",53.1,1.02,"Clarke, Georgia",29.5,0.68,Winship Cancer Institute (Emory),60.0,1.22,54.9,29.9,60.1,Winship Cancer Institute (Emory)
13213,Murray,13,0,0.1,1,"Fulton, Georgia",85.6,1.79,"Hamilton, Tennessee",41.1,0.91,Winship Cancer Institute (Emory),89.7,1.88,83.2,38.0,87.9,Winship Cancer Institute (Emory)
13215,Muscogee,13,4,0.3,1,"Fulton, Georgia",109.3,2.43,"Coweta, Georgia",72.0,1.24,Winship Cancer Institute (Emory),108.1,2.38,116.8,74.4,115.6,Winship Cancer Institute (Emory)
13217,Newton,13,0,0.1,1,"DeKalb, Georgia",29.3,0.58,"DeKalb, Georgia",29.3,0.58,Winship Cancer Institute (Emory),36.1,0.78,30.2,30.2,34.8,Winship Cancer Institute (Emory)
13219,Oconee,13,0,0.7,1,"DeKalb, Georgia",52.5,1.13,"Clarke, Georgia",11.3,0.28,Winship Cancer Institute (Emory),59.5,1.37,54.4,8.3,59.7,Winship Cancer Institute (Emory)
13221,Oglethorpe,13,0,2.0,1,"DeKalb, Georgia",80.4,1.74,"Clarke, Georgia",23.6,0.52,Winship Cancer Institute (Emory),85.6,1.97,76.5,16.3,81.7,Winship Cancer Institute (Emory)
13223,Paulding,13,0,0.3,1,"Fulton, Georgia",33.3,0.84,"Cobb, Georgia",17.2,0.44,Winship Cancer Institute (Emory),34.8,1.02,29.6,17.8,35.1,Winship Cancer Institute (Emory)
13225,Peach,13,0,0.3,1,"DeKalb, Georgia",99.9,1.86,"Coweta, Georgia",96.1,2.05,Winship Cancer Institute (Emory),99.6,1.79,103.9,91.0,105.9,Winship Cancer Institute (Emory)
13227,Pickens,13,0,0.7,1,"Fulton, Georgia",54.6,1.11,"Cobb, Georgia",44.5,0.89,Winship Cancer Institute (Emory),57.8,1.18,51.8,43.4,55.3,Winship Cancer Institute (Emory)
13229,Pierce,13,0,0.0,1,"Duval, Florida",83.7,1.85,"Duval, Florida",83.7,1.85,Mayo Clinic Cancer Center – Jacksonville,94.2,2.1,95.1,95.1,102.8,Mayo Clinic Cancer Center – Jacksonville
13231,Pike,13,0,0.2,1,"Fulton, Georgia",56.2,1.35,"Coweta, Georgia",48.2,1.05,Winship Cancer Institute (Emory),54.4,1.24,57.4,34.1,57.3,Winship Cancer Institute (Emory)
13233,Polk,13,0,0.2,1,"Fulton, Georgia",57.7,1.45,"Cobb, Georgia",41.6,1.05,Winship Cancer Institute (Emory),58.9,1.6,55.6,42.8,61.1,Winship Cancer Institute (Emory)
13235,Pulaski,13,0,0.0,1,"DeKalb, Georgia",126.3,2.56,"DeKalb, Georgia",126.3,2.56,Winship Cancer Institute (Emory),125.9,2.49,136.6,126.6,139.2,Winship Cancer Institute (Emory)
13237,Putnam,13,0,1.4,1,"DeKalb, Georgia",70.2,1.42,"Clarke, Georgia",55.4,1.25,Winship Cancer Institute (Emory),77.0,1.62,74.1,52.4,78.9,Winship Cancer Institute (Emory)
13239,Quitman,13,0,0.5,1,"Fulton, Georgia",162.5,3.55,"Coweta, Georgia",122.9,2.33,Winship Cancer Institute (Emory),161.2,3.49,170.2,128.2,168.8,Winship Cancer Institute (Emory)
13241,Rabun,13,0,0.0,1,"DeKalb, Georgia",100.2,2.11,"Oconee, South Carolina",35.7,0.9,Winship Cancer Institute (Emory),102.4,2.19,107.1,31.1,109.8,Winship Cancer Institute (Emory)
13243,Randolph,13,0,0.9,1,"Fulton, Georgia",166.3,3.61,"Coweta, Georgia",128.4,2.42,Winship Cancer Institute (Emory),165.1,3.56,172.2,134.3,171.5,Winship Cancer Institute (Emory)
13245,Richmond,13,44,0.1,1,"DeKalb, Georgia",137.2,2.36,"Richmond, Georgia",0.0,0.0,Hollings Cancer Center (MUSC),141.2,3.02,152.4,0.0,155.5,Hollings Cancer Center (MUSC)
13247,Rockdale,13,0,0.3,1,"DeKalb, Georgia",20.3,0.41,"DeKalb, Georgia",20.3,0.41,Winship Cancer Institute (Emory),27.1,0.62,20.0,20.0,24.6,Winship Cancer Institute (Emory)
13249,Schley,13,0,0.3,1,"Fulton, Georgia",122.4,2.96,"Coweta, Georgia",97.4,2.14,Winship Cancer Institute (Emory),120.6,2.85,128.4,98.8,128.8,Winship Cancer Institute (Emory)
13251,Screven,13,0,0.7,1,"Charleston, South Carolina",120.0,2.56,"Chatham, Georgia",61.2,1.34,Hollings Cancer Center (MUSC),120.5,2.59,115.5,65.4,117.4,Hollings Cancer Center (MUSC)
13253,Seminole,13,0,0.8,1,"Duval, Florida",220.6,4.16,"Coweta, Georgia",188.2,3.69,University of Florida Health Cancer Institute,203.1,4.22,238.0,200.0,211.5,University of Florida Health Cancer Institute
13255,Spalding,13,0,0.7,1,"Fulton, Georgia",45.3,1.09,"Coweta, Georgia",37.9,0.81,Winship Cancer Institute (Emory),43.6,0.98,44.1,33.5,44.6,Winship Cancer Institute (Emory)
13257,Stephens,13,0,0.1,1,"DeKalb, Georgia",88.3,1.79,"Oconee, South Carolina",28.1,0.66,Winship Cancer Institute (Emory),91.0,1.68,91.5,23.2,95.2,Winship Cancer Institute (Emory)
13259,Stewart,13,0,1.0,1,"Fulton, Georgia",148.0,3.19,"Coweta, Georgia",110.1,1.99,Winship Cancer Institute (Emory),146.7,3.14,147.1,108.6,146.2,Winship Cancer Institute (Emory)
13261,Sumter,13,0,0.4,1,"Fulton, Georgia",136.1,3.33,"Coweta, Georgia",111.0,2.5,Winship Cancer Institute (Emory),134.3,3.21,143.4,114.8,143.9,Winship Cancer Institute (Emory)
13263,Talbot,13,0,1.4,1,"Fulton, Georgia",92.4,2.1,"Coweta, Georgia",60.8,1.34,Winship Cancer Institute (Emory),91.2,2.05,93.3,57.1,92.4,Winship Cancer Institute (Emory)
13265,Taliaferro,13,0,1.0,1,"DeKalb, Georgia",88.0,1.53,"Clarke, Georgia",48.7,1.09,Winship Cancer Institute (Emory),94.8,1.73,95.7,46.5,101.0,Winship Cancer Institute (Emory)
13267,Tattnall,13,0,0.1,1,"Duval, Florida",140.9,3.07,"Chatham, Georgia",65.1,1.33,Mayo Clinic Cancer Center – Jacksonville,151.3,3.32,147.4,64.8,152.5,Mayo Clinic Cancer Center – Jacksonville
13269,Taylor,13,0,0.3,1,"Fulton, Georgia",100.1,2.44,"Coweta, Georgia",79.7,1.76,Winship Cancer Institute (Emory),98.3,2.33,102.1,77.1,102.8,Winship Cancer Institute (Emory)
13271,Telfair,13,0,0.3,1,"Duval, Florida",156.0,3.38,"Chatham, Georgia",117.8,2.57,Winship Cancer Institute (Emory),162.3,3.27,168.9,123.6,177.2,Mayo Clinic Cancer Center – Jacksonville
13273,Terrell,13,0,0.1,1,"Fulton, Georgia",161.4,3.57,"Coweta, Georgia",129.8,2.8,Winship Cancer Institute (Emory),159.7,3.8,167.8,134.8,167.9,Winship Cancer Institute (Emory)
13275,Thomas,13,4,0.3,1,"Duval, Florida",162.8,2.89,"Alachua, Florida",141.4,2.76,University of Florida Health Cancer Institute,145.3,2.94,172.7,149.7,153.6,University of Florida Health Cancer Institute
13277,Tift,13,1,0.3,1,"Duval, Florida",151.2,3.27,"Alachua, Florida",147.8,2.48,University of Florida Health Cancer Institute,151.7,2.66,165.4,165.4,172.1,University of Florida Health Cancer Institute
13279,Toombs,13,0,1.4,1,"Duval, Florida",153.6,3.32,"Chatham, Georgia",79.6,1.69,Mayo Clinic Cancer Center – Jacksonville,164.1,3.58,165.2,87.3,171.4,Mayo Clinic Cancer Center – Jacksonville
13281,Towns,13,0,0.1,1,"DeKalb, Georgia",99.1,2.09,"Oconee, South Carolina",62.1,1.57,Winship Cancer Institute (Emory),101.4,2.17,100.5,56.5,102.0,Winship Cancer Institute (Emory)
13283,Treutlen,13,0,0.3,1,"DeKalb, Georgia",153.4,3.27,"Richmond, Georgia",88.4,1.84,Winship Cancer Institute (Emory),155.9,2.72,163.7,94.0,167.8,Winship Cancer Institute (Emory)
13285,Troup,13,0,0.1,1,"Fulton, Georgia",72.1,1.36,"Coweta, Georgia",32.4,0.54,Winship Cancer Institute (Emory),71.3,1.32,79.1,34.9,79.4,Winship Cancer Institute (Emory)
13287,Turner,13,0,0.3,1,"DeKalb, Georgia",161.2,2.77,"Coweta, Georgia",155.2,3.22,Winship Cancer Institute (Emory),160.8,2.7,178.2,158.6,179.9,Winship Cancer Institute (Emory)
13289,Twiggs,13,0,1.2,1,"DeKalb, Georgia",102.7,2.01,"DeKalb, Georgia",102.7,2.01,Winship Cancer Institute (Emory),102.4,1.95,107.0,103.5,110.3,Winship Cancer Institute (Emory)
13291,Union,13,0,1.1,1,"Fulton, Georgia",92.7,2.16,"Oconee, South Carolina",80.3,2.03,Winship Cancer Institute (Emory),95.3,2.31,90.7,69.7,92.4,Winship Cancer Institute (Emory)
13293,Upson,13,0,0.3,1,"Fulton, Georgia",69.5,1.64,"Coweta, Georgia",55.8,1.17,Winship Cancer Institute (Emory),67.7,1.53,73.4,48.2,73.6,Winship Cancer Institute (Emory)
13295,Walker,13,0,1.3,1,"Fulton, Georgia",108.9,2.45,"Hamilton, Tennessee",26.3,0.66,Winship Cancer Institute (Emory),113.0,2.55,103.6,22.0,109.0,Winship Cancer Institute (Emory)
13297,Walton,13,0,0.7,1,"DeKalb, Georgia",30.9,0.68,"Clarke, Georgia",28.3,0.61,Winship Cancer Institute (Emory),38.2,0.87,31.9,30.6,37.2,Winship Cancer Institute (Emory)
13299,Ware,13,0,0.3,1,"Duval, Florida",82.2,1.81,"Duval, Florida",82.2,1.81,Mayo Clinic Cancer Center – Jacksonville,92.6,2.06,94.2,94.2,103.1,Mayo Clinic Cancer Center – Jacksonville
13301,Warren,13,0,0.0,1,"DeKalb, Georgia",101.7,1.79,"Richmond, Georgia",40.2,0.86,Winship Cancer Institute (Emory),108.5,1.99,114.1,42.2,119.3,Winship Cancer Institute (Emory)
13303,Washington,13,0,0.4,1,"DeKalb, Georgia",116.5,2.5,"Richmond, Georgia",60.5,1.36,Winship Cancer Institute (Emory),122.7,2.73,122.8,63.2,127.5,Winship Cancer Institute (Emory)
13305,Wayne,13,0,0.4,1,"Duval, Florida",103.0,2.24,"Chatham, Georgia",63.1,1.39,Mayo Clinic Cancer Center – Jacksonville,113.5,2.49,110.8,65.6,115.8,Mayo Clinic Cancer Center – Jacksonville
13307,Webster,13,0,0.8,1,"Fulton, Georgia",136.4,3.04,"Coweta, Georgia",104.8,2.28,Winship Cancer Institute (Emory),135.2,2.99,145.7,110.6,145.4,Winship Cancer Institute (Emory)
13309,Wheeler,13,0,0.3,1,"Duval, Florida",158.2,3.4,"Chatham, Georgia",105.7,2.33,Winship Cancer Institute (Emory),161.5,2.97,171.2,114.1,174.8,Winship Cancer Institute (Emory)
13311,White,13,0,0.5,1,"DeKalb, Georgia",70.9,1.42,"Oconee, South Carolina",56.4,1.34,Winship Cancer Institute (Emory),73.2,1.5,75.5,51.4,77.8,Winship Cancer Institute (Emory)
13313,Whitfield,13,3,0.2,1,"Fulton, Georgia",88.5,1.96,"Hamilton, Tennessee",30.6,0.65,Winship Cancer Institute (Emory),92.5,2.06,88.7,29.6,93.8,Winship Cancer Institute (Emory)
13315,Wilcox,13,0,1.0,1,"DeKalb, Georgia",154.8,3.21,"Richmond, Georgia",145.9,3.18,Winship Cancer Institute (Emory),154.5,3.15,161.4,148.5,163.8,Winship Cancer Institute (Emory)
13317,Wilkes,13,0,0.7,1,"DeKalb, Georgia",100.0,2.14,"Clarke, Georgia",43.1,0.92,Winship Cancer Institute (Emory),105.2,2.37,103.1,46.2,108.4,Winship Cancer Institute (Emory)
13319,Wilkinson,13,0,0.5,1,"DeKalb, Georgia",101.7,2.18,"Clarke, Georgia",95.4,2.2,Winship Cancer Institute (Emory),107.3,2.37,105.1,92.3,109.0,Winship Cancer Institute (Emory)
13321,Worth,13,0,0.6,1,"Duval, Florida",174.4,3.8,"Coweta, Georgia",163.4,3.69,University of Florida Health Cancer Institute,171.9,3.29,188.1,163.8,189.3,Winship Cancer Institute (Emory)
15001,Hawaii,15,0,0.8,0,NO ROAD CONNECTION (island / disconnected network),999.0,999.0,NO ROAD CONNECTION (island / disconnected network),999.0,999.0,NO ROAD CONNECTION (island / disconnected network),999.0,999.0,2806.2,239.2,231.5,University of Hawai'i Cancer Center
15003,Honolulu,15,42,0.0,0,NO ROAD CONNECTION (island / disconnected network),999.0,999.0,"Honolulu, Hawaii",0.0,0.0,University of Hawai'i Cancer Center,7.2,0.21,2872.8,0.0,7.9,University of Hawai'i Cancer Center
15005,Kalawao,15,0,1.6,0,NO ROAD CONNECTION (island / disconnected network),999.0,999.0,NO ROAD CONNECTION (island / disconnected network),999.0,999.0,NO ROAD CONNECTION (island / disconnected network),999.0,999.0,2823.7,73.8,67.7,University of Hawai'i Cancer Center
15007,Kauai,15,7,3.4,0,NO ROAD CONNECTION (island / disconnected network),999.0,999.0,NO ROAD CONNECTION (island / disconnected network),999.0,999.0,NO ROAD CONNECTION (island / disconnected network),999.0,999.0,2937.0,129.0,136.2,University of Hawai'i Cancer Center
15009,Maui,15,4,0.7,0,NO ROAD CONNECTION (island / disconnected network),999.0,999.0,NO ROAD CONNECTION (island / disconnected network),999.0,999.0,NO ROAD CONNECTION (island / disconnected network),999.0,999.0,2809.8,118.0,111.1,University of Hawai'i Cancer Center
16001,Ada,16,71,1.0,1,"Salt Lake, Utah",350.4,5.81,"Ada, Idaho",0.0,0.0,Huntsman Cancer Institute (Utah),344.5,5.74,365.3,0.0,362.1,Huntsman Cancer Institute (Utah)
16003,Adams,16,0,0.0,1,"Multnomah, Oregon",423.3,7.77,"Payette, Idaho",80.3,1.68,Knight Cancer Institute (OHSU),428.9,7.92,367.0,74.7,372.5,Knight Cancer Institute (OHSU)
16005,Bannock,16,0,0.1,1,"Salt Lake, Utah",170.4,3.06,"Twin Falls, Idaho",117.4,1.93,Huntsman Cancer Institute (Utah),164.4,2.99,187.6,129.0,178.3,Huntsman Cancer Institute (Utah)
16007,Bear Lake,16,0,0.1,1,"Salt Lake, Utah",155.1,3.21,"Salt Lake, Utah",155.1,3.21,Huntsman Cancer Institute (Utah),149.1,3.15,143.1,143.1,131.6,Huntsman Cancer Institute (Utah)
16009,Benewah,16,0,3.3,1,"King, Washington",338.3,5.77,"Kootenai, Idaho",56.8,1.28,Fred Hutch/UW/Seattle Children's Cancer Consortium,345.1,5.94,314.2,40.1,320.9,Fred Hutch/UW/Seattle Children's Cancer Consortium
16011,Bingham,16,0,0.2,1,"Salt Lake, Utah",196.0,3.46,"Twin Falls, Idaho",136.1,2.32,Huntsman Cancer Institute (Utah),190.0,3.39,215.8,141.9,206.1,Huntsman Cancer Institute (Utah)
16013,Blaine,16,0,1.5,1,"Salt Lake, Utah",290.4,5.19,"Twin Falls, Idaho",74.7,1.55,Huntsman Cancer Institute (Utah),284.4,5.13,281.9,82.8,275.7,Huntsman Cancer Institute (Utah)
16015,Boise,16,0,8.9,1,"Salt Lake, Utah",381.0,6.64,"Ada, Idaho",50.5,1.18,Huntsman Cancer Institute (Utah),375.0,6.57,367.9,31.3,363.7,Huntsman Cancer Institute (Utah)
16017,Bonner,16,62,1.1,1,"King, Washington",347.9,5.93,"Bonner, Idaho",0.0,0.0,Fred Hutch/UW/Seattle Children's Cancer Consortium,354.7,6.1,316.4,0.0,321.4,Fred Hutch/UW/Seattle Children's Cancer Consortium
16019,Bonneville,16,0,1.6,1,"Salt Lake, Utah",223.4,4.12,"Twin Falls, Idaho",163.5,2.98,Huntsman Cancer Institute (Utah),217.4,4.05,236.9,170.5,226.5,Huntsman Cancer Institute (Utah)
16021,Boundary,16,0,0.1,1,"King, Washington",377.0,6.5,"Bonner, Idaho",38.8,0.86,Fred Hutch/UW/Seattle Children's Cancer Consortium,383.8,6.67,341.7,43.2,345.8,Fred Hutch/UW/Seattle Children's Cancer Consortium
16023,Butte,16,0,1.9,1,"Salt Lake, Utah",257.0,4.74,"Twin Falls, Idaho",116.6,2.47,Huntsman Cancer Institute (Utah),251.1,4.67,267.3,118.9,259.1,Huntsman Cancer Institute (Utah)
16025,Camas,16,0,0.8,1,"Salt Lake, Utah",286.6,4.93,"Twin Falls, Idaho",69.8,1.39,Huntsman Cancer Institute (Utah),280.7,4.86,284.6,67.5,279.6,Huntsman Cancer Institute (Utah)
16027,Canyon,16,66,0.4,1,"Salt Lake, Utah",365.8,6.09,"Canyon, Idaho",0.0,0.0,Huntsman Cancer Institute (Utah),359.8,6.02,379.7,0.0,376.8,Huntsman Cancer Institute (Utah)
16029,Caribou,16,0,0.8,1,"Salt Lake, Utah",163.5,3.46,"Salt Lake, Utah",163.5,3.46,Huntsman Cancer Institute (Utah),157.6,3.39,167.3,167.3,156.4,Huntsman Cancer Institute (Utah)
16031,Cassia,16,0,2.2,1,"Salt Lake, Utah",191.0,3.35,"Twin Falls, Idaho",45.7,0.83,Huntsman Cancer Institute (Utah),185.0,3.29,190.4,46.3,185.3,Huntsman Cancer Institute (Utah)
16033,Clark,16,0,1.2,1,"Salt Lake, Utah",270.7,4.65,"Deer Lodge, Montana",169.7,2.77,Huntsman Cancer Institute (Utah),264.7,4.58,254.9,140.2,285.5,Huntsman Cancer Institute (Utah)
16035,Clearwater,16,0,2.7,1,"King, Washington",351.1,6.79,"Spokane, Washington",151.5,3.27,Fred Hutch/UW/Seattle Children's Cancer Consortium,357.9,6.95,352.5,109.8,360.2,Fred Hutch/UW/Seattle Children's Cancer Consortium
16037,Custer,16,0,2.8,1,"Salt Lake, Utah",315.6,5.93,"Twin Falls, Idaho",175.2,3.66,Huntsman Cancer Institute (Utah),309.6,5.86,329.8,143.5,322.3,Huntsman Cancer Institute (Utah)
16039,Elmore,16,0,0.8,1,"Salt Lake, Utah",304.9,5.09,"Ada, Idaho",48.4,0.82,Huntsman Cancer Institute (Utah),298.9,5.03,309.9,55.8,306.9,Huntsman Cancer Institute (Utah)
16041,Franklin,16,0,0.2,1,"Salt Lake, Utah",115.4,2.43,"Salt Lake, Utah",115.4,2.43,Huntsman Cancer Institute (Utah),109.5,2.36,121.1,121.1,110.5,Huntsman Cancer Institute (Utah)
16043,Fremont,16,0,2.0,1,"Salt Lake, Utah",265.0,4.71,"Gallatin, Montana",151.2,3.16,Huntsman Cancer Institute (Utah),259.0,4.64,232.9,141.4,269.6,Huntsman Cancer Institute (Utah)
16045,Gem,16,2,0.4,1,"Salt Lake, Utah",377.6,6.41,"Payette, Idaho",29.8,0.64,Huntsman Cancer Institute (Utah),371.7,6.34,383.2,23.5,385.4,Huntsman Cancer Institute (Utah)
16047,Gooding,16,0,1.9,1,"Salt Lake, Utah",249.3,4.19,"Twin Falls, Idaho",32.5,0.64,Huntsman Cancer Institute (Utah),243.4,4.12,253.4,28.7,249.6,Huntsman Cancer Institute (Utah)
16049,Idaho,16,0,2.9,1,"King, Washington",377.6,7.3,"Missoula, Montana",172.0,3.81,Fred Hutch/UW/Seattle Children's Cancer Consortium,384.4,7.46,371.6,140.7,379.8,Fred Hutch/UW/Seattle Children's Cancer Consortium
16051,Jefferson,16,0,1.2,1,"Salt Lake, Utah",237.3,4.18,"Twin Falls, Idaho",177.4,3.04,Huntsman Cancer Institute (Utah),231.3,4.11,252.8,172.6,242.4,Huntsman Cancer Institute (Utah)
16053,Jerome,16,0,1.1,1,"Salt Lake, Utah",229.8,3.84,"Twin Falls, Idaho",13.0,0.29,Huntsman Cancer Institute (Utah),223.9,3.77,232.1,11.7,228.2,Huntsman Cancer Institute (Utah)
16055,Kootenai,16,72,2.1,1,"King, Washington",310.7,5.0,"Kootenai, Idaho",0.0,0.0,Fred Hutch/UW/Seattle Children's Cancer Consortium,317.5,5.16,301.6,0.0,307.5,Fred Hutch/UW/Seattle Children's Cancer Consortium
16057,Latah,16,0,1.3,1,"King, Washington",295.8,5.67,"Spokane, Washington",92.6,2.01,Fred Hutch/UW/Seattle Children's Cancer Consortium,302.6,5.84,306.0,81.5,313.6,Fred Hutch/UW/Seattle Children's Cancer Consortium
16059,Lemhi,16,0,1.6,1,"Yellowstone, Montana",376.5,6.8,"Missoula, Montana",143.4,3.07,Huntsman Cancer Institute (Utah),378.3,6.97,313.8,98.5,382.1,Huntsman Cancer Institute (Utah)
16061,Lewis,16,0,1.0,1,"King, Washington",361.1,6.95,"Spokane, Washington",161.5,3.43,Fred Hutch/UW/Seattle Children's Cancer Consortium,367.9,7.11,355.0,128.6,363.1,Fred Hutch/UW/Seattle Children's Cancer Consortium
16063,Lincoln,16,0,1.5,1,"Salt Lake, Utah",251.2,4.4,"Twin Falls, Idaho",35.6,0.76,Huntsman Cancer Institute (Utah),245.2,4.33,244.0,35.6,239.0,Huntsman Cancer Institute (Utah)
16065,Madison,16,0,0.5,1,"Salt Lake, Utah",247.6,4.35,"Gallatin, Montana",166.5,3.49,Huntsman Cancer Institute (Utah),241.6,4.28,251.4,159.4,253.2,Huntsman Cancer Institute (Utah)
16067,Minidoka,16,0,0.4,1,"Salt Lake, Utah",190.4,3.25,"Twin Falls, Idaho",43.1,0.81,Huntsman Cancer Institute (Utah),184.5,3.18,197.4,48.2,191.9,Huntsman Cancer Institute (Utah)
16069,Nez Perce,16,0,2.4,1,"King, Washington",310.8,5.9,"Spokane, Washington",111.3,2.38,Fred Hutch/UW/Seattle Children's Cancer Consortium,317.6,6.07,313.6,109.2,321.6,Fred Hutch/UW/Seattle Children's Cancer Consortium
16071,Oneida,16,0,1.3,1,"Salt Lake, Utah",118.0,2.2,"Salt Lake, Utah",118.0,2.2,Huntsman Cancer Institute (Utah),112.0,2.13,130.0,130.0,120.8,Huntsman Cancer Institute (Utah)
16073,Owyhee,16,0,0.8,1,"Salt Lake, Utah",372.8,6.57,"Canyon, Idaho",29.2,0.64,Huntsman Cancer Institute (Utah),366.9,6.5,372.4,18.8,370.1,Huntsman Cancer Institute (Utah)
16075,Payette,16,38,1.3,1,"Multnomah, Oregon",372.7,6.62,"Payette, Idaho",0.0,0.0,Knight Cancer Institute (OHSU),378.3,6.77,357.6,0.0,362.3,Knight Cancer Institute (OHSU)
16077,Power,16,0,0.9,1,"Salt Lake, Utah",195.9,3.54,"Twin Falls, Idaho",91.8,1.54,Huntsman Cancer Institute (Utah),190.0,3.47,185.7,103.5,177.4,Huntsman Cancer Institute (Utah)
16079,Shoshone,16,0,1.1,1,"King, Washington",346.9,5.58,"Kootenai, Idaho",45.7,0.81,Fred Hutch/UW/Seattle Children's Cancer Consortium,353.7,5.75,343.6,45.6,349.9,Fred Hutch/UW/Seattle Children's Cancer Consortium
16081,Teton,16,0,0.6,1,"Salt Lake, Utah",289.6,6.16,"Gallatin, Montana",181.8,3.86,Huntsman Cancer Institute (Utah),283.6,6.07,230.8,165.0,246.7,Huntsman Cancer Institute (Utah)
16083,Twin Falls,16,24,0.3,1,"Salt Lake, Utah",228.2,3.84,"Twin Falls, Idaho",0.0,0.0,Huntsman Cancer Institute (Utah),222.2,3.77,225.4,0.0,221.9,Huntsman Cancer Institute (Utah)
16085,Valley,16,0,0.2,1,"Salt Lake, Utah",441.7,7.93,"Ada, Idaho",98.3,2.22,Huntsman Cancer Institute (Utah),435.8,7.86,386.0,78.6,391.5,Knight Cancer Institute (OHSU)
16087,Washington,16,0,0.2,1,"Multnomah, Oregon",366.9,6.61,"Payette, Idaho",23.9,0.52,Knight Cancer Institute (OHSU),372.5,6.76,347.9,23.2,352.9,Knight Cancer Institute (OHSU)
17001,Adams,17,4,0.1,1,"St. Louis, Missouri",122.9,2.52,"Hancock, Illinois",43.5,0.95,Siteman Cancer Center (WashU),130.1,2.68,123.4,40.7,128.8,Siteman Cancer Center (WashU)
17003,Alexander,17,0,1.2,1,"St. Louis, Missouri",139.2,3.02,"Cape Girardeau, Missouri",32.1,0.69,Siteman Cancer Center (WashU),139.8,3.05,136.9,26.6,137.6,Siteman Cancer Center (WashU)
17005,Bond,17,0,0.9,1,"St. Louis, Missouri",56.6,1.1,"Madison, Illinois",42.6,0.9,Siteman Cancer Center (WashU),57.2,1.13,57.4,36.3,58.1,Siteman Cancer Center (WashU)
17007,Boone,17,0,0.1,1,"Lake, Illinois",55.0,1.21,"Winnebago, Illinois",16.9,0.37,UW Carbone Cancer Center,72.8,1.48,54.1,12.8,73.9,UW Carbone Cancer Center
17009,Brown,17,0,0.2,1,"St. Louis, Missouri",124.7,2.69,"McDonough, Illinois",45.1,0.96,Siteman Cancer Center (WashU),125.3,2.71,112.0,42.1,115.4,Siteman Cancer Center (WashU)
17011,Bureau,17,51,0.8,1,"DuPage, Illinois",89.8,1.82,"Bureau, Illinois",0.0,0.0,Robert H. Lurie Comprehensive Cancer Center (Northwestern),110.6,2.32,92.1,0.0,117.5,University of Chicago Comprehensive Cancer Center
17013,Calhoun,17,0,2.8,1,"St. Louis, Missouri",66.9,1.55,"Madison, Illinois",52.5,1.07,Siteman Cancer Center (WashU),67.5,1.58,42.8,28.6,47.7,Siteman Cancer Center (WashU)
17015,Carroll,17,0,0.4,1,"Dane, Wisconsin",101.8,2.16,"Lee, Illinois",45.0,0.98,UW Carbone Cancer Center,102.6,2.19,90.6,40.9,90.0,UW Carbone Cancer Center
17017,Cass,17,0,0.4,1,"St. Louis, Missouri",112.3,2.5,"Sangamon, Illinois",41.7,0.9,Siteman Cancer Center (WashU),112.9,2.52,110.8,45.8,112.4,Siteman Cancer Center (WashU)
17019,Champaign,17,90,0.6,1,"Marion, Indiana",123.1,2.04,"Champaign, Illinois",0.0,0.0,IU Simon Comprehensive Cancer Center,121.5,2.02,136.4,0.0,134.9,IU Simon Comprehensive Cancer Center
17021,Christian,17,0,0.4,1,"St. Louis, Missouri",96.2,1.76,"Macon, Illinois",30.6,0.69,Siteman Cancer Center (WashU),96.8,1.79,98.8,32.7,99.1,Siteman Cancer Center (WashU)
17023,Clark,17,0,0.5,1,"Marion, Indiana",95.7,2.09,"Coles, Illinois",43.8,0.97,IU Simon Comprehensive Cancer Center,94.7,2.07,112.1,32.1,110.5,IU Simon Comprehensive Cancer Center
17025,Clay,17,0,0.9,1,"St. Louis, Missouri",103.6,2.1,"Effingham, Illinois",30.6,0.69,Siteman Cancer Center (WashU),104.2,2.13,114.3,32.0,115.1,Siteman Cancer Center (WashU)
17027,Clinton,17,0,2.2,1,"St. Louis, Missouri",47.2,0.95,"Marion, Illinois",31.1,0.68,Siteman Cancer Center (WashU),47.8,0.97,49.8,30.4,50.7,Siteman Cancer Center (WashU)
17029,Coles,17,71,0.3,1,"Marion, Indiana",128.7,2.76,"Coles, Illinois",0.0,0.0,IU Simon Comprehensive Cancer Center,127.6,2.73,138.2,0.0,136.5,IU Simon Comprehensive Cancer Center
17031,Cook,17,535,0.1,1,"Cook, Illinois",0.0,0.0,"Cook, Illinois",0.0,0.0,Robert H. Lurie Comprehensive Cancer Center (Northwestern),8.7,0.21,0.0,0.0,9.1,Robert H. Lurie Comprehensive Cancer Center (Northwestern)
17033,Crawford,17,0,0.1,1,"Marion, Indiana",117.3,2.52,"Effingham, Illinois",49.6,1.06,IU Simon Comprehensive Cancer Center,116.3,2.5,122.1,51.9,120.6,IU Simon Comprehensive Cancer Center
17035,Cumberland,17,0,0.2,1,"Marion, Indiana",123.6,2.7,"Coles, Illinois",24.4,0.49,IU Simon Comprehensive Cancer Center,122.5,2.68,138.3,17.7,138.9,Siteman Cancer Center (WashU)
17037,DeKalb,17,55,0.3,1,"DuPage, Illinois",35.9,0.77,"DeKalb, Illinois",0.0,0.0,Robert H. Lurie Comprehensive Cancer Center (Northwestern),59.4,1.32,41.0,0.0,68.6,Robert H. Lurie Comprehensive Cancer Center (Northwestern)
17039,De Witt,17,0,0.4,1,"DuPage, Illinois",145.5,2.8,"Macon, Illinois",25.5,0.56,University of Chicago Comprehensive Cancer Center,146.3,2.97,148.7,26.6,154.8,Siteman Cancer Center (WashU)
17041,Douglas,17,0,0.4,1,"Marion, Indiana",119.0,2.47,"Coles, Illinois",23.5,0.4,IU Simon Comprehensive Cancer Center,118.0,2.45,136.6,23.2,135.0,IU Simon Comprehensive Cancer Center
17043,DuPage,17,133,0.7,1,"DuPage, Illinois",0.0,0.0,"DuPage, Illinois",0.0,0.0,Robert H. Lurie Comprehensive Cancer Center (Northwestern),25.7,0.61,0.0,0.0,28.4,Robert H. Lurie Comprehensive Cancer Center (Northwestern)
17045,Edgar,17,0,1.1,1,"Marion, Indiana",97.5,2.08,"Coles, Illinois",35.7,0.79,IU Simon Comprehensive Cancer Center,96.5,2.05,101.4,37.3,99.8,IU Simon Comprehensive Cancer Center
17047,Edwards,17,0,0.9,1,"St. Louis, Missouri",131.4,2.45,"Jefferson, Illinois",51.0,1.1,Siteman Cancer Center (WashU),132.0,2.47,144.7,57.1,145.6,Siteman Cancer Center (WashU)
17049,Effingham,17,81,0.2,1,"St. Louis, Missouri",99.8,1.87,"Effingham, Illinois",0.0,0.0,Siteman Cancer Center (WashU),100.4,1.89,115.4,0.0,116.1,Siteman Cancer Center (WashU)
17051,Fayette,17,0,1.4,1,"St. Louis, Missouri",75.0,1.5,"Effingham, Illinois",27.7,0.45,Siteman Cancer Center (WashU),75.6,1.52,84.7,30.8,85.3,Siteman Cancer Center (WashU)
17053,Ford,17,0,2.3,1,"Cook, Illinois",105.4,2.11,"Champaign, Illinois",35.1,0.76,University of Chicago Comprehensive Cancer Center,102.1,2.05,110.4,32.8,111.4,University of Chicago Comprehensive Cancer Center
17055,Franklin,17,0,1.0,1,"St. Louis, Missouri",102.6,2.2,"Williamson, Illinois",18.5,0.32,Siteman Cancer Center (WashU),103.2,2.22,100.6,17.4,101.5,Siteman Cancer Center (WashU)
17057,Fulton,17,52,2.5,1,"Johnson, Iowa",140.3,2.85,"Fulton, Illinois",0.0,0.0,Holden Comprehensive Cancer Center (Iowa),140.9,2.9,131.8,0.0,129.8,Holden Comprehensive Cancer Center (Iowa)
17059,Gallatin,17,0,2.4,1,"St. Louis, Missouri",143.7,2.67,"Williamson, Illinois",44.2,0.96,Siteman Cancer Center (WashU),144.3,2.69,148.9,48.4,149.8,Siteman Cancer Center (WashU)
17061,Greene,17,0,2.1,1,"St. Louis, Missouri",67.0,1.48,"Madison, Illinois",51.7,1.01,Siteman Cancer Center (WashU),67.6,1.5,60.1,52.4,62.0,Siteman Cancer Center (WashU)
17063,Grundy,17,1,4.0,1,"DuPage, Illinois",52.1,1.01,"LaSalle, Illinois",31.6,0.62,University of Chicago Comprehensive Cancer Center,64.8,1.36,44.7,25.2,58.3,University of Chicago Comprehensive Cancer Center
17065,Hamilton,17,0,0.3,1,"St. Louis, Missouri",109.9,1.94,"Jefferson, Illinois",29.6,0.65,Siteman Cancer Center (WashU),110.5,1.96,118.6,29.3,119.5,Siteman Cancer Center (WashU)
17067,Hancock,17,51,1.6,1,"Johnson, Iowa",112.4,2.28,"Hancock, Illinois",0.0,0.0,Holden Comprehensive Cancer Center (Iowa),106.1,2.15,106.7,0.0,104.8,Holden Comprehensive Cancer Center (Iowa)
17069,Hardin,17,0,0.7,1,"St. Louis, Missouri",164.6,3.54,"Williamson, Illinois",58.3,1.26,Siteman Cancer Center (WashU),165.2,3.57,151.5,50.2,148.5,Vanderbilt-Ingram Cancer Center
17071,Henderson,17,0,1.6,1,"Johnson, Iowa",94.3,1.9,"McDonough, Illinois",42.0,0.9,Holden Comprehensive Cancer Center (Iowa),88.0,1.77,80.9,34.2,78.9,Holden Comprehensive Cancer Center (Iowa)
17073,Henry,17,51,1.5,1,"Johnson, Iowa",88.1,1.61,"Henry, Illinois",0.0,0.0,Holden Comprehensive Cancer Center (Iowa),88.7,1.66,92.7,0.0,91.2,Holden Comprehensive Cancer Center (Iowa)
17075,Iroquois,17,0,0.6,1,"Cook, Illinois",81.1,1.77,"Vermilion, Illinois",53.6,1.2,University of Chicago Comprehensive Cancer Center,77.8,1.7,91.3,52.0,85.9,University of Chicago Comprehensive Cancer Center
17077,Jackson,17,20,0.5,1,"St. Louis, Missouri",95.0,2.08,"Jackson, Illinois",0.0,0.0,Siteman Cancer Center (WashU),95.6,2.11,96.2,0.0,97.1,Siteman Cancer Center (WashU)
17079,Jasper,17,0,0.9,1,"St. Louis, Missouri",126.3,2.57,"Effingham, Illinois",27.3,0.59,Siteman Cancer Center (WashU),126.9,2.6,138.8,27.5,139.5,Siteman Cancer Center (WashU)
17081,Jefferson,17,30,0.4,1,"St. Louis, Missouri",81.1,1.36,"Jefferson, Illinois",0.0,0.0,Siteman Cancer Center (WashU),81.7,1.39,90.8,0.0,91.7,Siteman Cancer Center (WashU)
17083,Jersey,17,0,0.2,1,"St. Louis, Missouri",44.9,1.03,"Madison, Illinois",30.4,0.68,Siteman Cancer Center (WashU),45.5,1.05,36.0,30.1,37.5,Siteman Cancer Center (WashU)
17085,Jo Daviess,17,0,2.9,1,"Dane, Wisconsin",103.2,2.27,"Winnebago, Illinois",75.5,1.64,UW Carbone Cancer Center,104.0,2.29,78.3,74.7,76.9,UW Carbone Cancer Center
17087,Johnson,17,0,0.8,1,"St. Louis, Missouri",135.0,2.86,"Williamson, Illinois",26.9,0.48,Siteman Cancer Center (WashU),135.6,2.89,131.1,24.5,132.0,Siteman Cancer Center (WashU)
17089,Kane,17,64,0.7,1,"DuPage, Illinois",16.8,0.39,"Kane, Illinois",0.0,0.0,Robert H. Lurie Comprehensive Cancer Center (Northwestern),38.5,0.87,17.6,0.0,44.5,Robert H. Lurie Comprehensive Cancer Center (Northwestern)
17091,Kankakee,17,0,0.0,1,"Cook, Illinois",52.3,1.11,"Will, Illinois",37.6,0.81,University of Chicago Comprehensive Cancer Center,49.0,1.05,59.5,36.7,54.6,University of Chicago Comprehensive Cancer Center
17093,Kendall,17,19,0.6,1,"DuPage, Illinois",26.4,0.56,"Kane, Illinois",22.3,0.52,Robert H. Lurie Comprehensive Cancer Center (Northwestern),47.3,1.07,24.4,21.2,48.9,University of Chicago Comprehensive Cancer Center
17095,Knox,17,56,0.1,1,"Johnson, Iowa",104.5,1.92,"Knox, Illinois",0.0,0.0,Holden Comprehensive Cancer Center (Iowa),105.0,1.97,98.6,0.0,96.7,Holden Comprehensive Cancer Center (Iowa)
17097,Lake,17,109,0.4,1,"Lake, Illinois",0.0,0.0,"Lake, Illinois",0.0,0.0,Robert H. Lurie Comprehensive Cancer Center (Northwestern),37.6,0.9,0.0,0.0,40.9,Robert H. Lurie Comprehensive Cancer Center (Northwestern)
17099,LaSalle,17,57,0.1,1,"DuPage, Illinois",62.2,1.32,"LaSalle, Illinois",0.0,0.0,Robert H. Lurie Comprehensive Cancer Center (Northwestern),83.1,1.82,65.5,0.0,87.7,University of Chicago Comprehensive Cancer Center
17101,Lawrence,17,0,0.1,1,"Jefferson, Kentucky",128.8,2.79,"Effingham, Illinois",66.5,1.38,IU Simon Comprehensive Cancer Center,128.7,2.75,136.2,61.9,134.8,IU Simon Comprehensive Cancer Center
17103,Lee,17,34,0.6,1,"DuPage, Illinois",76.5,1.59,"Lee, Illinois",0.0,0.0,Robert H. Lurie Comprehensive Cancer Center (Northwestern),98.8,2.06,82.3,0.0,104.9,UW Carbone Cancer Center
17105,Livingston,17,0,0.9,1,"DuPage, Illinois",86.8,1.6,"McLean, Illinois",39.3,0.7,University of Chicago Comprehensive Cancer Center,97.8,1.93,84.6,41.3,94.9,University of Chicago Comprehensive Cancer Center
17107,Logan,17,0,0.7,1,"St. Louis, Missouri",133.8,2.35,"Macon, Illinois",34.2,0.74,Siteman Cancer Center (WashU),134.4,2.38,138.5,35.7,138.4,Siteman Cancer Center (WashU)
17109,McDonough,17,52,0.2,1,"Johnson, Iowa",131.5,2.49,"McDonough, Illinois",0.0,0.0,Holden Comprehensive Cancer Center (Iowa),126.7,2.58,115.1,0.0,113.0,Holden Comprehensive Cancer Center (Iowa)
17111,McHenry,17,32,1.3,1,"Lake, Illinois",27.6,0.63,"McHenry, Illinois",0.0,0.0,Robert H. Lurie Comprehensive Cancer Center (Northwestern),51.7,1.19,23.6,0.0,55.0,Robert H. Lurie Comprehensive Cancer Center (Northwestern)
17113,McLean,17,66,0.1,1,"DuPage, Illinois",117.4,1.96,"McLean, Illinois",0.0,0.0,University of Chicago Comprehensive Cancer Center,128.5,2.3,125.1,0.0,136.1,University of Chicago Comprehensive Cancer Center
17115,Macon,17,85,0.3,1,"St. Louis, Missouri",122.0,2.34,"Macon, Illinois",0.0,0.0,Siteman Cancer Center (WashU),122.6,2.37,132.1,0.0,132.3,Siteman Cancer Center (WashU)
17117,Macoupin,17,0,3.4,1,"St. Louis, Missouri",60.0,1.21,"Madison, Illinois",45.3,1.0,Siteman Cancer Center (WashU),60.6,1.24,53.2,33.6,53.3,Siteman Cancer Center (WashU)
17119,Madison,17,21,1.7,1,"St. Louis, Missouri",23.6,0.5,"Madison, Illinois",0.0,0.0,Siteman Cancer Center (WashU),24.2,0.52,21.6,0.0,21.9,Siteman Cancer Center (WashU)
17121,Marion,17,36,2.1,1,"St. Louis, Missouri",73.8,1.5,"Marion, Illinois",0.0,0.0,Siteman Cancer Center (WashU),74.4,1.52,80.2,0.0,81.1,Siteman Cancer Center (WashU)
17123,Marshall,17,0,1.2,1,"DuPage, Illinois",105.0,2.15,"Woodford, Illinois",31.4,0.68,University of Chicago Comprehensive Cancer Center,125.3,2.49,102.2,22.8,122.9,University of Chicago Comprehensive Cancer Center
17125,Mason,17,0,0.7,1,"St. Louis, Missouri",141.4,3.13,"Fulton, Illinois",38.0,0.85,Siteman Cancer Center (WashU),142.0,3.16,139.7,24.1,139.7,Siteman Cancer Center (WashU)
17127,Massac,17,0,1.6,1,"Davidson, Tennessee",146.9,2.67,"Williamson, Illinois",50.4,0.84,Vanderbilt-Ingram Cancer Center,146.7,2.73,156.0,50.5,153.6,Vanderbilt-Ingram Cancer Center
17129,Menard,17,0,1.3,1,"St. Louis, Missouri",124.5,2.24,"Sangamon, Illinois",26.3,0.59,Siteman Cancer Center (WashU),125.1,2.27,117.8,20.9,117.6,Siteman Cancer Center (WashU)
17131,Mercer,17,0,1.1,1,"Johnson, Iowa",83.2,1.59,"Knox, Illinois",38.1,0.72,Holden Comprehensive Cancer Center (Iowa),79.9,1.67,66.8,32.1,65.0,Holden Comprehensive Cancer Center (Iowa)
17133,Monroe,17,0,0.9,1,"St. Louis, Missouri",25.2,0.51,"St. Clair, Illinois",22.0,0.47,Siteman Cancer Center (WashU),25.8,0.54,22.1,19.4,22.7,Siteman Cancer Center (WashU)
17135,Montgomery,17,0,1.4,1,"St. Louis, Missouri",67.7,1.23,"Sangamon, Illinois",45.6,0.82,Siteman Cancer Center (WashU),68.3,1.25,67.9,46.3,68.2,Siteman Cancer Center (WashU)
17137,Morgan,17,0,0.1,1,"St. Louis, Missouri",87.9,1.95,"Sangamon, Illinois",35.1,0.6,Siteman Cancer Center (WashU),88.5,1.97,89.5,36.8,90.5,Siteman Cancer Center (WashU)
17139,Moultrie,17,0,1.1,1,"St. Louis, Missouri",139.7,2.83,"Coles, Illinois",27.5,0.6,Siteman Cancer Center (WashU),140.3,2.85,134.8,25.2,135.2,Siteman Cancer Center (WashU)
17141,Ogle,17,0,1.7,1,"DuPage, Illinois",66.3,1.41,"Lee, Illinois",27.1,0.61,Robert H. Lurie Comprehensive Cancer Center (Northwestern),88.3,1.9,74.5,20.1,87.6,UW Carbone Cancer Center
17143,Peoria,17,98,0.4,1,"DuPage, Illinois",135.5,2.75,"Peoria, Illinois",0.0,0.0,Holden Comprehensive Cancer Center (Iowa),145.3,2.69,133.8,0.0,141.0,Holden Comprehensive Cancer Center (Iowa)
17145,Perry,17,0,1.8,1,"St. Louis, Missouri",72.8,1.58,"Jackson, Illinois",32.1,0.73,Siteman Cancer Center (WashU),73.4,1.6,76.4,25.7,77.4,Siteman Cancer Center (WashU)
17147,Piatt,17,0,0.4,1,"Marion, Indiana",145.3,2.51,"Champaign, Illinois",24.8,0.44,IU Simon Comprehensive Cancer Center,143.6,2.49,155.9,24.0,155.1,IU Simon Comprehensive Cancer Center
17149,Pike,17,0,0.9,1,"St. Louis, Missouri",94.5,1.91,"St. Charles, Missouri",74.2,1.56,Siteman Cancer Center (WashU),101.7,2.07,86.5,70.0,91.1,Siteman Cancer Center (WashU)
17151,Pope,17,0,1.6,1,"St. Louis, Missouri",153.6,3.23,"Williamson, Illinois",45.5,0.85,Siteman Cancer Center (WashU),154.2,3.26,150.1,40.3,151.0,Siteman Cancer Center (WashU)
17153,Pulaski,17,0,1.5,1,"St. Louis, Missouri",138.5,2.93,"Williamson, Illinois",44.5,0.73,Siteman Cancer Center (WashU),139.1,2.96,138.9,34.1,139.7,Siteman Cancer Center (WashU)
17155,Putnam,17,0,1.9,1,"DuPage, Illinois",88.5,1.82,"Bureau, Illinois",18.4,0.38,Robert H. Lurie Comprehensive Cancer Center (Northwestern),109.4,2.32,90.3,15.8,113.1,University of Chicago Comprehensive Cancer Center
17157,Randolph,17,0,5.7,1,"St. Louis, Missouri",63.4,1.42,"St. Clair, Illinois",47.9,1.11,Siteman Cancer Center (WashU),64.0,1.45,54.6,25.3,55.4,Siteman Cancer Center (WashU)
17159,Richland,17,0,0.4,1,"St. Louis, Missouri",123.9,2.51,"Effingham, Illinois",46.4,0.98,Siteman Cancer Center (WashU),124.5,2.54,140.4,43.9,141.3,Siteman Cancer Center (WashU)
17161,Rock Island,17,9,0.1,1,"Johnson, Iowa",60.7,1.08,"Henry, Illinois",27.5,0.54,Holden Comprehensive Cancer Center (Iowa),61.3,1.13,67.6,25.5,66.2,Holden Comprehensive Cancer Center (Iowa)
17163,St. Clair,17,98,0.3,1,"St. Louis, Missouri",20.0,0.41,"St. Clair, Illinois",0.0,0.0,Siteman Cancer Center (WashU),20.6,0.43,18.1,0.0,19.0,Siteman Cancer Center (WashU)
17165,Saline,17,0,0.1,1,"St. Louis, Missouri",130.9,2.81,"Williamson, Illinois",26.0,0.56,Siteman Cancer Center (WashU),131.5,2.84,132.9,28.7,133.8,Siteman Cancer Center (WashU)
17167,Sangamon,17,82,0.3,1,"St. Louis, Missouri",98.9,1.66,"Sangamon, Illinois",0.0,0.0,Siteman Cancer Center (WashU),99.5,1.69,102.9,0.0,102.8,Siteman Cancer Center (WashU)
17169,Schuyler,17,0,0.3,1,"St. Louis, Missouri",130.8,2.87,"McDonough, Illinois",29.9,0.64,Siteman Cancer Center (WashU),131.4,2.9,123.7,28.9,126.3,Siteman Cancer Center (WashU)
17171,Scott,17,0,1.1,1,"St. Louis, Missouri",86.1,1.88,"Sangamon, Illinois",65.2,1.12,Siteman Cancer Center (WashU),86.7,1.91,83.2,52.5,85.5,Siteman Cancer Center (WashU)
17173,Shelby,17,0,0.5,1,"St. Louis, Missouri",112.3,2.23,"Coles, Illinois",31.2,0.69,Siteman Cancer Center (WashU),112.9,2.26,113.7,29.1,114.2,Siteman Cancer Center (WashU)
17175,Stark,17,0,1.9,1,"Johnson, Iowa",121.8,2.49,"Peoria, Illinois",33.1,0.75,Holden Comprehensive Cancer Center (Iowa),122.4,2.54,120.3,30.0,118.6,Holden Comprehensive Cancer Center (Iowa)
17177,Stephenson,17,0,0.1,1,"Dane, Wisconsin",67.6,1.45,"Winnebago, Illinois",33.9,0.76,UW Carbone Cancer Center,68.4,1.47,64.1,35.8,63.7,UW Carbone Cancer Center
17179,Tazewell,17,57,0.0,1,"DuPage, Illinois",143.1,2.93,"Tazewell, Illinois",0.0,0.0,University of Chicago Comprehensive Cancer Center,155.8,2.96,137.5,0.0,153.3,Holden Comprehensive Cancer Center (Iowa)
17181,Union,17,0,0.2,1,"St. Louis, Missouri",116.9,2.55,"Jackson, Illinois",23.0,0.5,Siteman Cancer Center (WashU),117.5,2.57,116.4,23.5,117.2,Siteman Cancer Center (WashU)
17183,Vermilion,17,72,1.3,1,"Marion, Indiana",94.3,1.71,"Vermilion, Illinois",0.0,0.0,IU Simon Comprehensive Cancer Center,92.7,1.69,101.1,0.0,99.7,IU Simon Comprehensive Cancer Center
17185,Wabash,17,0,1.1,1,"Jefferson, Kentucky",126.1,2.8,"Jefferson, Illinois",67.4,1.45,IU Simon Comprehensive Cancer Center,148.2,3.16,138.1,73.7,153.4,IU Simon Comprehensive Cancer Center
17187,Warren,17,0,1.3,1,"Johnson, Iowa",103.0,1.9,"Knox, Illinois",26.0,0.53,Holden Comprehensive Cancer Center (Iowa),103.6,1.95,87.4,19.8,85.4,Holden Comprehensive Cancer Center (Iowa)
17189,Washington,17,0,1.1,1,"St. Louis, Missouri",57.7,1.01,"Jefferson, Illinois",28.1,0.62,Siteman Cancer Center (WashU),58.3,1.04,59.7,31.1,60.6,Siteman Cancer Center (WashU)
17191,Wayne,17,0,0.9,1,"St. Louis, Missouri",113.1,2.04,"Jefferson, Illinois",32.7,0.7,Siteman Cancer Center (WashU),113.7,2.07,120.1,32.8,121.0,Siteman Cancer Center (WashU)
17193,White,17,0,0.4,1,"St. Louis, Missouri",127.2,2.3,"Jefferson, Illinois",46.8,1.0,Siteman Cancer Center (WashU),127.8,2.32,140.8,50.1,141.7,Siteman Cancer Center (WashU)
17195,Whiteside,17,0,0.6,1,"DuPage, Illinois",96.9,1.85,"Lee, Illinois",25.3,0.51,Holden Comprehensive Cancer Center (Iowa),106.3,1.96,107.7,26.3,106.8,Holden Comprehensive Cancer Center (Iowa)
17197,Will,17,57,0.5,1,"DuPage, Illinois",24.3,0.56,"Will, Illinois",0.0,0.0,University of Chicago Comprehensive Cancer Center,34.8,0.78,23.5,0.0,33.5,University of Chicago Comprehensive Cancer Center
17199,Williamson,17,32,0.7,1,"St. Louis, Missouri",112.1,2.44,"Williamson, Illinois",0.0,0.0,Siteman Cancer Center (WashU),112.7,2.47,109.9,0.0,110.8,Siteman Cancer Center (WashU)
17201,Winnebago,17,26,0.1,1,"Dane, Wisconsin",64.2,1.32,"Winnebago, Illinois",0.0,0.0,UW Carbone Cancer Center,65.0,1.35,66.8,0.0,67.6,UW Carbone Cancer Center
17203,Woodford,17,51,0.9,1,"DuPage, Illinois",121.7,2.69,"Woodford, Illinois",0.0,0.0,University of Chicago Comprehensive Cancer Center,133.4,2.56,117.4,0.0,134.7,University of Chicago Comprehensive Cancer Center
18001,Adams,18,0,0.3,1,"Marion, Indiana",108.8,2.34,"Allen, Indiana",30.7,0.65,IU Simon Comprehensive Cancer Center,110.2,2.36,110.1,31.5,111.5,IU Simon Comprehensive Cancer Center
18003,Allen,18,62,0.7,1,"Marion, Indiana",121.0,2.66,"Allen, Indiana",0.0,0.0,IU Simon Comprehensive Cancer Center,119.9,2.64,126.1,0.0,127.3,IU Simon Comprehensive Cancer Center
18005,Bartholomew,18,0,0.9,1,"Marion, Indiana",45.5,0.98,"Marion, Indiana",45.5,0.98,IU Simon Comprehensive Cancer Center,44.8,0.98,49.8,49.8,50.0,IU Simon Comprehensive Cancer Center
18007,Benton,18,0,0.9,1,"Marion, Indiana",89.0,1.83,"Vermilion, Illinois",54.2,1.2,IU Simon Comprehensive Cancer Center,87.4,1.8,98.1,42.1,97.2,IU Simon Comprehensive Cancer Center
18009,Blackford,18,0,1.3,1,"Marion, Indiana",77.8,1.51,"Allen, Indiana",56.9,1.16,IU Simon Comprehensive Cancer Center,78.2,1.71,75.4,54.3,76.8,IU Simon Comprehensive Cancer Center
18011,Boone,18,0,1.6,1,"Marion, Indiana",23.7,0.4,"Marion, Indiana",23.7,0.4,IU Simon Comprehensive Cancer Center,22.1,0.37,23.8,20.7,23.1,IU Simon Comprehensive Cancer Center
18013,Brown,18,0,2.2,1,"Marion, Indiana",45.7,0.97,"Marion, Indiana",45.7,0.97,IU Simon Comprehensive Cancer Center,45.0,0.97,46.0,46.0,45.5,IU Simon Comprehensive Cancer Center
18015,Carroll,18,0,1.8,1,"Marion, Indiana",73.1,1.49,"Hamilton, Indiana",70.5,1.6,IU Simon Comprehensive Cancer Center,71.5,1.46,71.8,59.0,71.6,IU Simon Comprehensive Cancer Center
18017,Cass,18,0,0.7,1,"Marion, Indiana",75.8,1.64,"Hamilton, Indiana",65.7,1.44,IU Simon Comprehensive Cancer Center,74.7,1.63,80.5,64.3,80.6,IU Simon Comprehensive Cancer Center
18019,Clark,18,8,0.8,1,"Jefferson, Kentucky",14.0,0.34,"Jefferson, Kentucky",14.0,0.34,Markey Cancer Center (Kentucky),80.4,1.42,14.6,14.6,84.7,Markey Cancer Center (Kentucky)
18021,Clay,18,0,0.1,1,"Marion, Indiana",60.8,1.3,"Marion, Indiana",60.8,1.3,IU Simon Comprehensive Cancer Center,59.8,1.27,68.4,65.9,66.8,IU Simon Comprehensive Cancer Center
18023,Clinton,18,0,0.1,1,"Marion, Indiana",45.8,0.85,"Hamilton, Indiana",43.2,0.96,IU Simon Comprehensive Cancer Center,44.2,0.82,48.5,37.9,48.1,IU Simon Comprehensive Cancer Center
18025,Crawford,18,0,1.4,1,"Jefferson, Kentucky",51.0,1.16,"Jefferson, Kentucky",51.0,1.16,IU Simon Comprehensive Cancer Center,118.1,2.69,48.8,48.8,122.9,IU Simon Comprehensive Cancer Center
18027,Daviess,18,0,0.8,1,"Jefferson, Kentucky",97.4,2.11,"Jefferson, Kentucky",97.4,2.11,IU Simon Comprehensive Cancer Center,103.9,2.13,100.4,99.7,108.2,IU Simon Comprehensive Cancer Center
18029,Dearborn,18,0,1.2,1,"Hamilton, Ohio",34.5,0.77,"Kenton, Kentucky",29.1,0.58,IU Simon Comprehensive Cancer Center,87.8,1.69,26.6,26.4,95.4,IU Simon Comprehensive Cancer Center
18031,Decatur,18,0,1.1,1,"Marion, Indiana",51.1,0.92,"Marion, Indiana",51.1,0.92,IU Simon Comprehensive Cancer Center,51.4,0.94,56.5,56.5,57.5,IU Simon Comprehensive Cancer Center
18033,DeKalb,18,0,0.7,1,"Washtenaw, Michigan",122.1,2.43,"Allen, Indiana",24.2,0.47,University of Michigan Rogel Cancer Center,122.7,2.43,108.9,23.6,109.7,University of Michigan Rogel Cancer Center
18035,Delaware,18,1,0.9,1,"Marion, Indiana",54.9,1.14,"Hamilton, Indiana",43.1,0.96,IU Simon Comprehensive Cancer Center,56.3,1.16,58.0,44.8,59.5,IU Simon Comprehensive Cancer Center
18037,Dubois,18,0,1.0,1,"Jefferson, Kentucky",78.1,1.76,"Jefferson, Kentucky",78.1,1.76,IU Simon Comprehensive Cancer Center,122.0,2.67,81.1,81.1,127.8,IU Simon Comprehensive Cancer Center
18039,Elkhart,18,8,0.6,1,"Kent, Michigan",110.4,2.04,"Berrien, Michigan",45.9,1.05,University of Chicago Comprehensive Cancer Center,99.4,2.17,111.2,42.3,105.7,University of Chicago Comprehensive Cancer Center
18041,Fayette,18,0,0.1,1,"Hamilton, Ohio",57.2,1.19,"Butler, Ohio",42.6,0.92,IU Simon Comprehensive Cancer Center,57.6,1.22,55.9,45.7,65.8,IU Simon Comprehensive Cancer Center
18043,Floyd,18,5,0.9,1,"Jefferson, Kentucky",14.3,0.34,"Jefferson, Kentucky",14.3,0.34,Markey Cancer Center (Kentucky),82.2,1.47,15.0,15.0,91.2,Markey Cancer Center (Kentucky)
18045,Fountain,18,0,1.6,1,"Marion, Indiana",72.7,1.28,"Vermilion, Illinois",28.5,0.6,IU Simon Comprehensive Cancer Center,71.1,1.26,78.3,24.2,76.9,IU Simon Comprehensive Cancer Center
18047,Franklin,18,0,2.7,1,"Hamilton, Ohio",45.2,0.95,"Butler, Ohio",35.7,0.79,IU Simon Comprehensive Cancer Center,69.8,1.5,40.3,36.7,76.7,IU Simon Comprehensive Cancer Center
18049,Fulton,18,0,0.8,1,"Marion, Indiana",93.7,2.02,"Allen, Indiana",65.2,1.48,IU Simon Comprehensive Cancer Center,92.6,2.0,105.5,66.9,105.0,University of Chicago Comprehensive Cancer Center
18051,Gibson,18,0,1.0,1,"Jefferson, Kentucky",115.8,2.13,"Jefferson, Illinois",80.7,1.74,IU Simon Comprehensive Cancer Center,145.8,3.15,121.6,88.6,151.7,IU Simon Comprehensive Cancer Center
18053,Grant,18,1,0.8,1,"Marion, Indiana",65.4,1.43,"Hamilton, Indiana",48.1,1.09,IU Simon Comprehensive Cancer Center,64.3,1.41,68.6,50.7,69.7,IU Simon Comprehensive Cancer Center
18055,Greene,18,0,0.9,1,"Marion, Indiana",79.0,1.74,"Marion, Indiana",79.0,1.74,IU Simon Comprehensive Cancer Center,78.2,1.72,82.1,82.1,80.8,IU Simon Comprehensive Cancer Center
18057,Hamilton,18,22,2.8,1,"Marion, Indiana",22.9,0.5,"Hamilton, Indiana",0.0,0.0,IU Simon Comprehensive Cancer Center,21.8,0.48,18.3,0.0,19.2,IU Simon Comprehensive Cancer Center
18059,Hancock,18,0,0.4,1,"Marion, Indiana",17.5,0.28,"Marion, Indiana",17.5,0.28,IU Simon Comprehensive Cancer Center,18.9,0.3,19.7,19.7,21.3,IU Simon Comprehensive Cancer Center
18061,Harrison,18,0,0.7,1,"Jefferson, Kentucky",26.9,0.57,"Jefferson, Kentucky",26.9,0.57,Markey Cancer Center (Kentucky),94.8,1.69,27.0,27.0,105.1,Markey Cancer Center (Kentucky)
18063,Hendricks,18,7,0.6,1,"Marion, Indiana",18.0,0.41,"Marion, Indiana",18.0,0.41,IU Simon Comprehensive Cancer Center,17.0,0.38,17.6,17.6,15.9,IU Simon Comprehensive Cancer Center
18065,Henry,18,0,0.2,1,"Marion, Indiana",45.5,0.9,"Hamilton, Indiana",38.9,0.87,IU Simon Comprehensive Cancer Center,46.9,0.92,48.0,42.0,49.7,IU Simon Comprehensive Cancer Center
18067,Howard,18,0,0.6,1,"Marion, Indiana",52.6,1.14,"Hamilton, Indiana",42.5,0.93,IU Simon Comprehensive Cancer Center,51.5,1.12,56.5,39.2,56.9,IU Simon Comprehensive Cancer Center
18069,Huntington,18,0,0.2,1,"Marion, Indiana",92.0,1.99,"Allen, Indiana",30.6,0.7,IU Simon Comprehensive Cancer Center,90.9,1.98,98.6,29.6,99.6,IU Simon Comprehensive Cancer Center
18071,Jackson,18,0,0.3,1,"Jefferson, Kentucky",61.6,1.09,"Jefferson, Kentucky",61.6,1.09,IU Simon Comprehensive Cancer Center,65.5,1.29,62.4,62.4,72.4,IU Simon Comprehensive Cancer Center
18073,Jasper,18,0,0.1,1,"Cook, Illinois",75.6,1.67,"Lake, Indiana",38.6,0.88,University of Chicago Comprehensive Cancer Center,62.8,1.38,75.4,35.9,64.5,University of Chicago Comprehensive Cancer Center
18075,Jay,18,0,0.4,1,"Marion, Indiana",83.8,1.74,"Darke, Ohio",39.8,0.86,IU Simon Comprehensive Cancer Center,85.2,1.77,88.1,37.3,89.6,IU Simon Comprehensive Cancer Center
18077,Jefferson,18,0,0.8,1,"Jefferson, Kentucky",50.4,1.15,"Jefferson, Kentucky",50.4,1.15,IU Simon Comprehensive Cancer Center,87.5,1.88,49.0,49.0,85.1,Markey Cancer Center (Kentucky)
18079,Jennings,18,0,0.5,1,"Jefferson, Kentucky",62.9,1.43,"Jefferson, Kentucky",62.9,1.43,IU Simon Comprehensive Cancer Center,66.6,1.43,66.7,66.7,72.4,IU Simon Comprehensive Cancer Center
18081,Johnson,18,6,1.3,1,"Marion, Indiana",18.7,0.4,"Marion, Indiana",18.7,0.4,IU Simon Comprehensive Cancer Center,18.0,0.4,19.4,19.4,19.2,IU Simon Comprehensive Cancer Center
18083,Knox,18,0,1.6,1,"Jefferson, Kentucky",116.5,2.59,"Effingham, Illinois",82.4,1.7,IU Simon Comprehensive Cancer Center,116.0,2.53,122.0,79.3,122.4,IU Simon Comprehensive Cancer Center
18085,Kosciusko,18,0,0.6,1,"Marion, Indiana",115.9,2.49,"Allen, Indiana",41.5,0.9,University of Chicago Comprehensive Cancer Center,108.3,2.32,124.1,46.1,118.0,University of Chicago Comprehensive Cancer Center
18087,LaGrange,18,0,0.6,1,"Kent, Michigan",108.4,2.01,"Allen, Indiana",49.6,1.04,University of Michigan Rogel Cancer Center,119.1,2.49,110.6,49.0,119.6,University of Michigan Rogel Cancer Center
18089,Lake,18,57,2.4,1,"Cook, Illinois",42.3,0.95,"Lake, Indiana",0.0,0.0,University of Chicago Comprehensive Cancer Center,29.5,0.66,36.3,0.0,25.0,University of Chicago Comprehensive Cancer Center
18091,LaPorte,18,1,0.1,1,"Cook, Illinois",63.8,1.33,"Porter, Indiana",23.3,0.45,University of Chicago Comprehensive Cancer Center,51.0,1.03,63.0,21.8,51.8,University of Chicago Comprehensive Cancer Center
18093,Lawrence,18,0,0.1,1,"Jefferson, Kentucky",73.6,1.62,"Jefferson, Kentucky",73.6,1.62,IU Simon Comprehensive Cancer Center,78.0,1.74,75.0,75.0,80.5,IU Simon Comprehensive Cancer Center
18095,Madison,18,0,0.8,1,"Marion, Indiana",40.2,0.85,"Hamilton, Indiana",23.0,0.51,IU Simon Comprehensive Cancer Center,39.1,0.83,38.2,24.0,39.7,IU Simon Comprehensive Cancer Center
18097,Marion,18,163,0.2,1,"Marion, Indiana",0.0,0.0,"Marion, Indiana",0.0,0.0,IU Simon Comprehensive Cancer Center,1.7,0.03,0.0,0.0,1.7,IU Simon Comprehensive Cancer Center
18099,Marshall,18,0,0.1,1,"Cook, Illinois",96.8,2.11,"Porter, Indiana",49.3,1.07,University of Chicago Comprehensive Cancer Center,84.0,1.81,101.8,53.5,90.1,University of Chicago Comprehensive Cancer Center
18101,Martin,18,0,0.4,1,"Jefferson, Kentucky",78.1,1.73,"Jefferson, Kentucky",78.1,1.73,IU Simon Comprehensive Cancer Center,102.4,2.23,85.4,85.4,101.7,IU Simon Comprehensive Cancer Center
18103,Miami,18,0,1.3,1,"Marion, Indiana",72.7,1.59,"Hamilton, Indiana",62.5,1.38,IU Simon Comprehensive Cancer Center,71.6,1.57,78.1,60.4,78.6,IU Simon Comprehensive Cancer Center
18105,Monroe,18,0,1.6,1,"Marion, Indiana",53.8,1.22,"Marion, Indiana",53.8,1.22,IU Simon Comprehensive Cancer Center,53.1,1.21,58.0,58.0,56.9,IU Simon Comprehensive Cancer Center
18107,Montgomery,18,0,0.1,1,"Marion, Indiana",50.7,1.1,"Vermilion, Illinois",45.5,0.88,IU Simon Comprehensive Cancer Center,49.3,0.93,52.7,48.8,51.4,IU Simon Comprehensive Cancer Center
18109,Morgan,18,4,0.1,1,"Marion, Indiana",26.2,0.56,"Marion, Indiana",26.2,0.56,IU Simon Comprehensive Cancer Center,25.3,0.53,28.4,28.4,27.1,IU Simon Comprehensive Cancer Center
18111,Newton,18,0,1.0,1,"Cook, Illinois",74.3,1.57,"Lake, Indiana",41.5,0.89,University of Chicago Comprehensive Cancer Center,61.4,1.28,75.9,43.1,66.4,University of Chicago Comprehensive Cancer Center
18113,Noble,18,0,1.4,1,"Kent, Michigan",131.9,2.54,"Allen, Indiana",32.1,0.68,IU Simon Comprehensive Cancer Center,131.2,2.86,124.1,30.9,124.8,University of Michigan Rogel Cancer Center
18115,Ohio,18,0,0.9,1,"Hamilton, Ohio",43.2,0.96,"Kenton, Kentucky",37.9,0.77,Markey Cancer Center (Kentucky),90.1,2.27,31.9,23.7,80.8,Markey Cancer Center (Kentucky)
18117,Orange,18,0,0.1,1,"Jefferson, Kentucky",53.3,1.17,"Jefferson, Kentucky",53.3,1.17,IU Simon Comprehensive Cancer Center,99.7,2.27,60.5,60.5,103.6,IU Simon Comprehensive Cancer Center
18119,Owen,18,0,1.3,1,"Marion, Indiana",59.0,1.28,"Marion, Indiana",59.0,1.28,IU Simon Comprehensive Cancer Center,58.2,1.26,57.8,57.8,56.3,IU Simon Comprehensive Cancer Center
18121,Parke,18,0,0.3,1,"Marion, Indiana",60.8,1.3,"Vermilion, Illinois",49.0,0.99,IU Simon Comprehensive Cancer Center,59.8,1.27,69.4,42.6,67.8,IU Simon Comprehensive Cancer Center
18123,Perry,18,0,0.4,1,"Jefferson, Kentucky",72.4,1.35,"Jefferson, Kentucky",72.4,1.35,Markey Cancer Center (Kentucky),140.4,2.47,68.4,68.4,143.5,Markey Cancer Center (Kentucky)
18125,Pike,18,0,0.5,1,"Jefferson, Kentucky",97.0,2.12,"Jefferson, Kentucky",97.0,2.12,IU Simon Comprehensive Cancer Center,127.0,2.5,102.4,102.4,132.0,IU Simon Comprehensive Cancer Center
18127,Porter,18,23,1.0,1,"Cook, Illinois",50.6,1.12,"Porter, Indiana",0.0,0.0,University of Chicago Comprehensive Cancer Center,37.8,0.83,50.1,0.0,38.1,University of Chicago Comprehensive Cancer Center
18129,Posey,18,0,4.3,1,"Jefferson, Kentucky",142.1,2.58,"Jefferson, Illinois",77.0,1.38,Siteman Cancer Center (WashU),158.0,2.7,140.1,75.4,167.1,Siteman Cancer Center (WashU)
18131,Pulaski,18,0,0.3,1,"Cook, Illinois",100.6,2.18,"Porter, Indiana",53.0,1.14,University of Chicago Comprehensive Cancer Center,87.7,1.89,95.1,46.4,83.3,University of Chicago Comprehensive Cancer Center
18133,Putnam,18,0,0.1,1,"Marion, Indiana",40.5,0.89,"Marion, Indiana",40.5,0.89,IU Simon Comprehensive Cancer Center,39.4,0.86,46.1,46.1,44.4,IU Simon Comprehensive Cancer Center
18135,Randolph,18,0,0.2,1,"Marion, Indiana",76.3,1.61,"Darke, Ohio",25.7,0.56,IU Simon Comprehensive Cancer Center,77.7,1.63,79.0,25.1,80.6,IU Simon Comprehensive Cancer Center
18137,Ripley,18,0,0.7,1,"Hamilton, Ohio",51.1,1.11,"Kenton, Kentucky",45.7,0.93,IU Simon Comprehensive Cancer Center,72.0,1.36,45.7,44.9,79.4,IU Simon Comprehensive Cancer Center
18139,Rush,18,0,0.4,1,"Marion, Indiana",40.0,0.84,"Marion, Indiana",40.0,0.84,IU Simon Comprehensive Cancer Center,40.3,0.86,44.3,44.3,45.8,IU Simon Comprehensive Cancer Center
18141,St. Joseph,18,3,0.1,1,"Cook, Illinois",93.7,2.05,"Berrien, Michigan",27.2,0.61,University of Chicago Comprehensive Cancer Center,80.9,1.75,96.0,27.9,85.6,University of Chicago Comprehensive Cancer Center
18143,Scott,18,0,0.8,1,"Jefferson, Kentucky",37.0,0.78,"Jefferson, Kentucky",37.0,0.78,IU Simon Comprehensive Cancer Center,84.9,1.6,41.5,41.5,93.6,IU Simon Comprehensive Cancer Center
18145,Shelby,18,0,0.7,1,"Marion, Indiana",29.1,0.54,"Marion, Indiana",29.1,0.54,IU Simon Comprehensive Cancer Center,29.4,0.56,30.5,30.5,31.4,IU Simon Comprehensive Cancer Center
18147,Spencer,18,0,0.5,1,"Jefferson, Kentucky",88.3,1.63,"Jefferson, Kentucky",88.3,1.63,IU Simon Comprehensive Cancer Center,147.7,3.2,87.6,87.6,156.1,Vanderbilt-Ingram Cancer Center
18149,Starke,18,0,0.6,1,"Cook, Illinois",86.2,1.89,"Porter, Indiana",38.7,0.85,University of Chicago Comprehensive Cancer Center,73.4,1.6,85.1,35.1,73.1,University of Chicago Comprehensive Cancer Center
18151,Steuben,18,0,0.6,1,"Washtenaw, Michigan",98.7,2.04,"Allen, Indiana",44.3,0.81,University of Michigan Rogel Cancer Center,99.2,2.04,93.8,46.1,94.5,University of Michigan Rogel Cancer Center
18153,Sullivan,18,0,1.7,1,"Marion, Indiana",98.9,2.18,"Effingham, Illinois",76.1,1.68,IU Simon Comprehensive Cancer Center,97.8,2.15,98.5,64.4,97.0,IU Simon Comprehensive Cancer Center
18155,Switzerland,18,0,1.4,1,"Hamilton, Ohio",56.4,1.26,"Kenton, Kentucky",51.1,1.07,Markey Cancer Center (Kentucky),81.5,2.0,44.8,34.6,73.2,Markey Cancer Center (Kentucky)
18157,Tippecanoe,18,3,0.1,1,"Marion, Indiana",62.6,1.21,"Vermilion, Illinois",59.1,1.29,IU Simon Comprehensive Cancer Center,61.0,1.18,70.7,53.4,69.9,IU Simon Comprehensive Cancer Center
18159,Tipton,18,0,1.0,1,"Marion, Indiana",44.6,0.95,"Hamilton, Indiana",27.3,0.61,IU Simon Comprehensive Cancer Center,43.5,0.93,43.3,25.4,44.0,IU Simon Comprehensive Cancer Center
18161,Union,18,0,0.7,1,"Hamilton, Ohio",44.8,0.97,"Butler, Ohio",29.9,0.64,IU Simon Comprehensive Cancer Center,71.6,1.54,44.8,32.0,80.4,IU Simon Comprehensive Cancer Center
18163,Vanderburgh,18,0,0.1,1,"Jefferson, Kentucky",116.7,2.23,"Jefferson, Illinois",85.8,1.55,Vanderbilt-Ingram Cancer Center,152.3,2.76,122.7,92.5,161.5,Vanderbilt-Ingram Cancer Center
18165,Vermillion,18,0,2.0,1,"Marion, Indiana",74.8,1.6,"Vermilion, Illinois",41.9,0.85,IU Simon Comprehensive Cancer Center,73.8,1.58,83.1,35.2,81.4,IU Simon Comprehensive Cancer Center
18167,Vigo,18,0,0.6,1,"Marion, Indiana",72.0,1.53,"Coles, Illinois",57.9,1.26,IU Simon Comprehensive Cancer Center,71.0,1.51,84.4,56.2,82.7,IU Simon Comprehensive Cancer Center
18169,Wabash,18,0,0.6,1,"Marion, Indiana",85.4,1.85,"Allen, Indiana",49.0,1.09,IU Simon Comprehensive Cancer Center,84.3,1.83,90.9,47.1,91.7,IU Simon Comprehensive Cancer Center
18171,Warren,18,0,0.4,1,"Marion, Indiana",82.7,1.65,"Vermilion, Illinois",32.6,0.71,IU Simon Comprehensive Cancer Center,81.1,1.62,87.1,24.8,85.9,IU Simon Comprehensive Cancer Center
18173,Warrick,18,0,0.5,1,"Jefferson, Kentucky",106.3,2.0,"Jefferson, Illinois",98.4,1.88,Vanderbilt-Ingram Cancer Center,156.9,3.49,110.0,104.4,159.1,Vanderbilt-Ingram Cancer Center
18175,Washington,18,0,0.7,1,"Jefferson, Kentucky",41.5,0.91,"Jefferson, Kentucky",41.5,0.91,IU Simon Comprehensive Cancer Center,97.6,1.98,40.3,40.3,100.5,IU Simon Comprehensive Cancer Center
18177,Wayne,18,10,1.4,1,"Hamilton, Ohio",63.8,1.37,"Darke, Ohio",33.8,0.73,IU Simon Comprehensive Cancer Center,66.6,1.05,61.7,31.4,77.4,IU Simon Comprehensive Cancer Center
18179,Wells,18,0,0.2,1,"Marion, Indiana",101.8,2.21,"Allen, Indiana",28.5,0.64,IU Simon Comprehensive Cancer Center,100.7,2.19,100.9,27.7,102.2,IU Simon Comprehensive Cancer Center
18181,White,18,0,0.5,1,"Marion, Indiana",85.5,1.72,"Porter, Indiana",67.9,1.47,IU Simon Comprehensive Cancer Center,83.9,1.69,90.6,65.7,90.2,IU Simon Comprehensive Cancer Center
18183,Whitley,18,0,0.4,1,"Marion, Indiana",113.1,2.48,"Allen, Indiana",20.6,0.45,IU Simon Comprehensive Cancer Center,112.0,2.46,121.3,22.6,122.2,IU Simon Comprehensive Cancer Center
19001,Adair,19,0,1.3,1,"Douglas, Nebraska",93.0,1.97,"Dallas, Iowa",47.2,1.05,Fred & Pamela Buffett Cancer Center (UNMC),87.0,1.82,99.4,42.9,93.0,Fred & Pamela Buffett Cancer Center (UNMC)
19003,Adams,19,0,1.4,1,"Douglas, Nebraska",85.8,1.8,"Sarpy, Nebraska",77.6,1.6,Fred & Pamela Buffett Cancer Center (UNMC),79.0,1.66,87.6,72.2,80.8,Fred & Pamela Buffett Cancer Center (UNMC)
19005,Allamakee,19,0,2.2,1,"Olmsted, Minnesota",93.2,1.97,"La Crosse, Wisconsin",59.5,1.31,Mayo Clinic Cancer Center – Rochester,92.0,1.95,89.8,52.1,89.4,Mayo Clinic Cancer Center – Rochester
19007,Appanoose,19,0,0.2,1,"Johnson, Iowa",125.8,2.47,"Polk, Iowa",89.9,1.88,Holden Comprehensive Cancer Center (Iowa),120.6,2.46,112.8,88.2,112.4,Holden Comprehensive Cancer Center (Iowa)
19009,Audubon,19,0,0.6,1,"Douglas, Nebraska",79.5,1.61,"Carroll, Iowa",31.5,0.65,Fred & Pamela Buffett Cancer Center (UNMC),75.2,1.51,79.0,30.4,74.0,Fred & Pamela Buffett Cancer Center (UNMC)
19011,Benton,19,0,0.8,1,"Johnson, Iowa",46.9,0.85,"Linn, Iowa",30.8,0.63,Holden Comprehensive Cancer Center (Iowa),48.3,0.89,42.1,22.9,44.1,Holden Comprehensive Cancer Center (Iowa)
19013,Black Hawk,19,2,0.2,1,"Johnson, Iowa",80.1,1.32,"Linn, Iowa",56.9,0.97,Holden Comprehensive Cancer Center (Iowa),81.5,1.36,83.4,51.6,85.5,Holden Comprehensive Cancer Center (Iowa)
19015,Boone,19,4,0.6,1,"Johnson, Iowa",132.8,2.75,"Story, Iowa",17.2,0.33,Holden Comprehensive Cancer Center (Iowa),134.2,2.79,146.7,17.7,144.0,Fred & Pamela Buffett Cancer Center (UNMC)
19017,Bremer,19,0,1.8,1,"Johnson, Iowa",97.8,1.69,"Linn, Iowa",74.7,1.34,Holden Comprehensive Cancer Center (Iowa),99.2,1.73,101.0,68.0,103.1,Holden Comprehensive Cancer Center (Iowa)
19019,Buchanan,19,0,0.6,1,"Johnson, Iowa",65.0,1.11,"Linn, Iowa",41.8,0.76,Holden Comprehensive Cancer Center (Iowa),66.4,1.15,69.7,42.5,71.6,Holden Comprehensive Cancer Center (Iowa)
19021,Buena Vista,19,0,1.6,1,"Minnehaha, South Dakota",135.8,2.88,"Carroll, Iowa",59.9,1.25,Fred & Pamela Buffett Cancer Center (UNMC),136.2,2.81,118.8,56.3,128.4,Fred & Pamela Buffett Cancer Center (UNMC)
19023,Butler,19,0,1.6,1,"Johnson, Iowa",117.7,1.98,"Marshall, Iowa",57.4,1.22,Holden Comprehensive Cancer Center (Iowa),119.1,2.02,111.0,56.7,110.1,Mayo Clinic Cancer Center – Rochester
19025,Calhoun,19,0,1.4,1,"Douglas, Nebraska",134.4,2.74,"Webster, Iowa",35.4,0.73,Fred & Pamela Buffett Cancer Center (UNMC),131.7,2.73,129.8,28.0,126.8,Fred & Pamela Buffett Cancer Center (UNMC)
19027,Carroll,19,26,0.6,1,"Douglas, Nebraska",102.1,2.07,"Carroll, Iowa",0.0,0.0,Fred & Pamela Buffett Cancer Center (UNMC),99.5,2.07,98.5,0.0,94.9,Fred & Pamela Buffett Cancer Center (UNMC)
19029,Cass,19,0,0.3,1,"Douglas, Nebraska",65.0,1.41,"Carroll, Iowa",53.9,1.12,Fred & Pamela Buffett Cancer Center (UNMC),60.6,1.3,68.6,56.2,62.4,Fred & Pamela Buffett Cancer Center (UNMC)
19031,Cedar,19,0,0.4,1,"Johnson, Iowa",32.0,0.54,"Johnson, Iowa",32.0,0.54,Holden Comprehensive Cancer Center (Iowa),32.6,0.59,26.7,26.7,26.1,Holden Comprehensive Cancer Center (Iowa)
19033,Cerro Gordo,19,0,0.9,1,"Olmsted, Minnesota",103.2,1.91,"Story, Iowa",92.2,1.63,Mayo Clinic Cancer Center – Rochester,102.0,1.9,87.0,78.5,86.2,Mayo Clinic Cancer Center – Rochester
19035,Cherokee,19,0,2.1,1,"Minnehaha, South Dakota",111.8,2.4,"Carroll, Iowa",83.4,1.79,Fred & Pamela Buffett Cancer Center (UNMC),129.2,2.72,96.1,73.8,127.3,Fred & Pamela Buffett Cancer Center (UNMC)
19037,Chickasaw,19,0,0.6,1,"Olmsted, Minnesota",77.1,1.62,"Olmsted, Minnesota",77.1,1.62,Mayo Clinic Cancer Center – Rochester,75.9,1.6,82.1,82.1,81.3,Mayo Clinic Cancer Center – Rochester
19039,Clarke,19,0,0.4,1,"Douglas, Nebraska",136.0,2.8,"Dallas, Iowa",49.6,0.86,Fred & Pamela Buffett Cancer Center (UNMC),129.2,2.65,144.0,49.9,137.3,Fred & Pamela Buffett Cancer Center (UNMC)
19041,Clay,19,0,0.1,1,"Minnehaha, South Dakota",106.3,2.23,"Carroll, Iowa",89.6,1.83,Fred & Pamela Buffett Cancer Center (UNMC),165.9,3.39,101.3,80.1,164.1,Fred & Pamela Buffett Cancer Center (UNMC)
19043,Clayton,19,0,1.5,1,"Johnson, Iowa",104.9,2.11,"Linn, Iowa",78.5,1.68,Holden Comprehensive Cancer Center (Iowa),106.3,2.15,98.7,73.4,100.2,Holden Comprehensive Cancer Center (Iowa)
19045,Clinton,19,0,2.5,1,"Johnson, Iowa",81.2,1.41,"Lee, Illinois",55.7,1.18,Holden Comprehensive Cancer Center (Iowa),81.8,1.45,76.7,43.5,76.0,Holden Comprehensive Cancer Center (Iowa)
19047,Crawford,19,0,0.4,1,"Douglas, Nebraska",74.4,1.48,"Carroll, Iowa",30.9,0.68,Fred & Pamela Buffett Cancer Center (UNMC),71.7,1.48,77.3,30.2,75.3,Fred & Pamela Buffett Cancer Center (UNMC)
19049,Dallas,19,81,0.1,1,"Johnson, Iowa",123.9,2.14,"Dallas, Iowa",0.0,0.0,Fred & Pamela Buffett Cancer Center (UNMC),123.7,2.26,138.2,0.0,132.3,Fred & Pamela Buffett Cancer Center (UNMC)
19051,Davis,19,0,0.5,1,"Johnson, Iowa",108.3,2.15,"Hancock, Illinois",84.4,1.78,Holden Comprehensive Cancer Center (Iowa),103.1,2.14,93.2,81.5,92.5,Holden Comprehensive Cancer Center (Iowa)
19053,Decatur,19,0,1.4,1,"Jackson, Missouri",132.3,2.17,"Dallas, Iowa",72.1,1.21,University of Kansas Cancer Center,129.4,2.14,146.7,76.3,141.4,Fred & Pamela Buffett Cancer Center (UNMC)
19055,Delaware,19,0,0.8,1,"Johnson, Iowa",70.1,1.35,"Linn, Iowa",43.7,0.92,Holden Comprehensive Cancer Center (Iowa),71.4,1.39,67.1,42.5,68.6,Holden Comprehensive Cancer Center (Iowa)
19057,Des Moines,19,0,0.1,1,"Johnson, Iowa",82.7,1.65,"Hancock, Illinois",47.7,1.08,Holden Comprehensive Cancer Center (Iowa),76.4,1.52,75.0,34.2,73.0,Holden Comprehensive Cancer Center (Iowa)
19059,Dickinson,19,0,0.4,1,"Minnehaha, South Dakota",88.2,1.86,"Minnehaha, South Dakota",88.2,1.86,Mayo Clinic Cancer Center – Rochester,169.1,2.88,97.1,95.0,167.4,Mayo Clinic Cancer Center – Rochester
19061,Dubuque,19,0,0.8,1,"Johnson, Iowa",86.2,1.78,"Linn, Iowa",70.5,1.52,Holden Comprehensive Cancer Center (Iowa),86.8,1.82,83.2,67.6,84.0,Holden Comprehensive Cancer Center (Iowa)
19063,Emmet,19,0,0.3,1,"Minnehaha, South Dakota",105.0,2.23,"Webster, Iowa",92.0,1.91,Mayo Clinic Cancer Center – Rochester,148.3,2.88,119.5,83.6,145.9,Mayo Clinic Cancer Center – Rochester
19065,Fayette,19,0,2.6,1,"Johnson, Iowa",95.8,1.83,"Linn, Iowa",72.6,1.48,Holden Comprehensive Cancer Center (Iowa),97.2,1.87,96.1,68.6,98.0,Holden Comprehensive Cancer Center (Iowa)
19067,Floyd,19,0,1.1,1,"Olmsted, Minnesota",96.1,1.88,"Marshall, Iowa",85.5,1.8,Mayo Clinic Cancer Center – Rochester,94.9,1.86,80.4,80.4,79.6,Mayo Clinic Cancer Center – Rochester
19069,Franklin,19,0,0.9,1,"Olmsted, Minnesota",131.0,2.5,"Story, Iowa",66.4,1.24,Mayo Clinic Cancer Center – Rochester,129.8,2.48,114.9,61.7,114.1,Mayo Clinic Cancer Center – Rochester
19071,Fremont,19,0,0.2,1,"Douglas, Nebraska",55.3,1.18,"Sarpy, Nebraska",47.1,0.98,Fred & Pamela Buffett Cancer Center (UNMC),48.6,1.04,50.8,42.5,45.9,Fred & Pamela Buffett Cancer Center (UNMC)
19073,Greene,19,4,0.1,1,"Douglas, Nebraska",126.6,2.57,"Carroll, Iowa",30.0,0.63,Fred & Pamela Buffett Cancer Center (UNMC),123.9,2.57,122.5,30.1,118.0,Fred & Pamela Buffett Cancer Center (UNMC)
19075,Grundy,19,0,1.1,1,"Johnson, Iowa",105.4,1.7,"Marshall, Iowa",33.5,0.72,Holden Comprehensive Cancer Center (Iowa),106.7,1.74,93.1,31.3,95.1,Holden Comprehensive Cancer Center (Iowa)
19077,Guthrie,19,0,1.0,1,"Douglas, Nebraska",105.9,2.0,"Dallas, Iowa",34.1,0.8,Fred & Pamela Buffett Cancer Center (UNMC),101.5,1.9,107.4,32.8,101.8,Fred & Pamela Buffett Cancer Center (UNMC)
19079,Hamilton,19,0,1.5,1,"Johnson, Iowa",155.8,3.26,"Webster, Iowa",28.3,0.59,Holden Comprehensive Cancer Center (Iowa),157.2,3.3,148.5,26.0,150.2,Holden Comprehensive Cancer Center (Iowa)
19081,Hancock,19,0,0.9,1,"Olmsted, Minnesota",116.5,2.23,"Webster, Iowa",71.8,1.49,Mayo Clinic Cancer Center – Rochester,115.3,2.21,106.8,58.4,106.1,Mayo Clinic Cancer Center – Rochester
19083,Hardin,19,0,0.4,1,"Johnson, Iowa",122.9,1.93,"Marshall, Iowa",51.4,1.07,Holden Comprehensive Cancer Center (Iowa),124.3,1.98,119.5,37.8,121.4,Holden Comprehensive Cancer Center (Iowa)
19085,Harrison,19,0,0.4,1,"Douglas, Nebraska",39.6,0.74,"Douglas, Nebraska",39.6,0.74,Fred & Pamela Buffett Cancer Center (UNMC),37.0,0.73,37.1,37.1,36.4,Fred & Pamela Buffett Cancer Center (UNMC)
19087,Henry,19,0,0.1,1,"Johnson, Iowa",56.3,1.09,"Johnson, Iowa",56.3,1.09,Holden Comprehensive Cancer Center (Iowa),49.9,0.96,58.5,50.4,56.8,Holden Comprehensive Cancer Center (Iowa)
19089,Howard,19,0,0.6,1,"Olmsted, Minnesota",56.6,1.22,"Olmsted, Minnesota",56.6,1.22,Mayo Clinic Cancer Center – Rochester,55.4,1.2,56.9,56.9,56.1,Mayo Clinic Cancer Center – Rochester
19091,Humboldt,19,0,0.5,1,"Olmsted, Minnesota",167.0,3.25,"Webster, Iowa",20.6,0.46,Mayo Clinic Cancer Center – Rochester,165.8,3.23,149.1,22.1,148.4,Mayo Clinic Cancer Center – Rochester
19093,Ida,19,0,0.6,1,"Douglas, Nebraska",104.0,2.11,"Carroll, Iowa",55.6,1.17,Fred & Pamela Buffett Cancer Center (UNMC),101.3,2.11,100.1,48.9,99.7,Fred & Pamela Buffett Cancer Center (UNMC)
19095,Iowa,19,0,1.0,1,"Johnson, Iowa",25.6,0.42,"Johnson, Iowa",25.6,0.42,Holden Comprehensive Cancer Center (Iowa),27.0,0.46,29.6,29.6,30.9,Holden Comprehensive Cancer Center (Iowa)
19097,Jackson,19,0,1.2,1,"Johnson, Iowa",79.2,1.64,"Linn, Iowa",63.5,1.39,Holden Comprehensive Cancer Center (Iowa),79.8,1.69,72.1,67.4,72.1,Holden Comprehensive Cancer Center (Iowa)
19099,Jasper,19,0,0.3,1,"Johnson, Iowa",79.0,1.25,"Polk, Iowa",31.4,0.57,Holden Comprehensive Cancer Center (Iowa),80.4,1.29,93.5,30.4,94.6,Holden Comprehensive Cancer Center (Iowa)
19101,Jefferson,19,0,0.1,1,"Johnson, Iowa",68.0,1.43,"Johnson, Iowa",68.0,1.43,Holden Comprehensive Cancer Center (Iowa),61.7,1.3,61.1,61.1,60.0,Holden Comprehensive Cancer Center (Iowa)
19103,Johnson,19,136,0.1,1,"Johnson, Iowa",0.0,0.0,"Johnson, Iowa",0.0,0.0,Holden Comprehensive Cancer Center (Iowa),6.8,0.14,0.0,0.0,2.0,Holden Comprehensive Cancer Center (Iowa)
19105,Jones,19,0,2.0,1,"Johnson, Iowa",43.7,0.9,"Linn, Iowa",28.0,0.64,Holden Comprehensive Cancer Center (Iowa),44.3,0.95,43.8,29.6,44.7,Holden Comprehensive Cancer Center (Iowa)
19107,Keokuk,19,0,0.9,1,"Johnson, Iowa",57.0,1.09,"Johnson, Iowa",57.0,1.09,Holden Comprehensive Cancer Center (Iowa),51.8,1.08,48.4,48.4,48.2,Holden Comprehensive Cancer Center (Iowa)
19109,Kossuth,19,0,0.8,1,"Olmsted, Minnesota",139.4,2.72,"Webster, Iowa",49.0,1.03,Mayo Clinic Cancer Center – Rochester,138.1,2.7,127.8,55.0,127.2,Mayo Clinic Cancer Center – Rochester
19111,Lee,19,0,0.9,1,"Johnson, Iowa",105.0,2.14,"Hancock, Illinois",22.5,0.51,Holden Comprehensive Cancer Center (Iowa),98.7,2.01,93.7,16.7,91.8,Holden Comprehensive Cancer Center (Iowa)
19113,Linn,19,42,0.7,1,"Johnson, Iowa",27.7,0.47,"Linn, Iowa",0.0,0.0,Holden Comprehensive Cancer Center (Iowa),29.1,0.51,27.5,0.0,29.4,Holden Comprehensive Cancer Center (Iowa)
19115,Louisa,19,0,3.4,1,"Johnson, Iowa",58.5,1.17,"Johnson, Iowa",58.5,1.17,Holden Comprehensive Cancer Center (Iowa),52.2,1.04,42.3,42.3,40.3,Holden Comprehensive Cancer Center (Iowa)
19117,Lucas,19,0,0.5,1,"Johnson, Iowa",128.5,2.55,"Polk, Iowa",58.8,1.27,Holden Comprehensive Cancer Center (Iowa),123.3,2.55,122.0,54.4,122.3,Holden Comprehensive Cancer Center (Iowa)
19119,Lyon,19,0,2.6,1,"Minnehaha, South Dakota",38.7,0.87,"Minnehaha, South Dakota",38.7,0.87,Fred & Pamela Buffett Cancer Center (UNMC),165.0,3.0,33.6,33.6,178.6,Fred & Pamela Buffett Cancer Center (UNMC)
19121,Madison,19,0,0.3,1,"Douglas, Nebraska",114.9,2.44,"Dallas, Iowa",27.5,0.65,Fred & Pamela Buffett Cancer Center (UNMC),108.9,2.29,129.9,24.0,123.5,Fred & Pamela Buffett Cancer Center (UNMC)
19123,Mahaska,19,0,0.2,1,"Johnson, Iowa",80.8,1.58,"Polk, Iowa",63.8,1.39,Holden Comprehensive Cancer Center (Iowa),75.6,1.57,73.9,62.3,74.2,Holden Comprehensive Cancer Center (Iowa)
19125,Marion,19,9,3.5,1,"Johnson, Iowa",105.0,1.81,"Polk, Iowa",47.2,1.05,Holden Comprehensive Cancer Center (Iowa),106.1,2.21,95.8,43.5,96.4,Holden Comprehensive Cancer Center (Iowa)
19127,Marshall,19,35,1.3,1,"Johnson, Iowa",84.5,1.78,"Marshall, Iowa",0.0,0.0,Holden Comprehensive Cancer Center (Iowa),85.9,1.82,89.8,0.0,91.4,Holden Comprehensive Cancer Center (Iowa)
19129,Mills,19,0,1.4,1,"Douglas, Nebraska",33.9,0.76,"Sarpy, Nebraska",25.7,0.56,Fred & Pamela Buffett Cancer Center (UNMC),27.2,0.62,29.3,23.4,23.1,Fred & Pamela Buffett Cancer Center (UNMC)
19131,Mitchell,19,0,0.2,1,"Olmsted, Minnesota",70.3,1.34,"Olmsted, Minnesota",70.3,1.34,Mayo Clinic Cancer Center – Rochester,69.1,1.32,60.5,60.5,59.7,Mayo Clinic Cancer Center – Rochester
19133,Monona,19,0,2.5,1,"Douglas, Nebraska",70.3,1.5,"Douglas, Nebraska",70.3,1.5,Fred & Pamela Buffett Cancer Center (UNMC),70.5,1.21,66.6,66.6,68.2,Fred & Pamela Buffett Cancer Center (UNMC)
19135,Monroe,19,0,0.4,1,"Johnson, Iowa",107.0,2.09,"Polk, Iowa",68.0,1.42,Holden Comprehensive Cancer Center (Iowa),101.8,2.08,95.3,70.9,95.3,Holden Comprehensive Cancer Center (Iowa)
19137,Montgomery,19,0,0.4,1,"Douglas, Nebraska",60.5,1.28,"Sarpy, Nebraska",52.3,1.08,Fred & Pamela Buffett Cancer Center (UNMC),53.7,1.14,60.0,55.9,53.2,Fred & Pamela Buffett Cancer Center (UNMC)
19139,Muscatine,19,0,0.9,1,"Johnson, Iowa",42.3,0.88,"Johnson, Iowa",42.3,0.88,Holden Comprehensive Cancer Center (Iowa),35.9,0.75,35.0,35.0,33.2,Holden Comprehensive Cancer Center (Iowa)
19141,O'Brien,19,0,3.6,1,"Minnehaha, South Dakota",85.0,1.82,"Minnehaha, South Dakota",85.0,1.82,Fred & Pamela Buffett Cancer Center (UNMC),160.9,3.4,71.9,71.9,157.5,Fred & Pamela Buffett Cancer Center (UNMC)
19143,Osceola,19,0,1.9,1,"Minnehaha, South Dakota",60.6,1.28,"Minnehaha, South Dakota",60.6,1.28,Fred & Pamela Buffett Cancer Center (UNMC),174.5,3.2,64.8,64.8,178.8,Fred & Pamela Buffett Cancer Center (UNMC)
19145,Page,19,0,0.3,1,"Douglas, Nebraska",78.0,1.64,"Sarpy, Nebraska",69.8,1.44,Fred & Pamela Buffett Cancer Center (UNMC),71.3,1.5,69.8,63.3,63.6,Fred & Pamela Buffett Cancer Center (UNMC)
19147,Palo Alto,19,0,0.5,1,"Minnehaha, South Dakota",127.2,2.69,"Webster, Iowa",68.1,1.42,Mayo Clinic Cancer Center – Rochester,166.7,3.26,128.9,60.0,152.8,Mayo Clinic Cancer Center – Rochester
19149,Plymouth,19,0,0.4,1,"Minnehaha, South Dakota",81.4,1.7,"Minnehaha, South Dakota",81.4,1.7,Fred & Pamela Buffett Cancer Center (UNMC),118.0,2.05,74.4,74.4,125.8,Fred & Pamela Buffett Cancer Center (UNMC)
19151,Pocahontas,19,0,0.8,1,"Minnehaha, South Dakota",153.1,3.23,"Webster, Iowa",44.3,0.93,Fred & Pamela Buffett Cancer Center (UNMC),157.0,3.25,139.8,38.9,146.8,Fred & Pamela Buffett Cancer Center (UNMC)
19153,Polk,19,81,0.2,1,"Johnson, Iowa",109.1,1.79,"Polk, Iowa",0.0,0.0,Holden Comprehensive Cancer Center (Iowa),110.5,1.83,128.9,0.0,129.9,Holden Comprehensive Cancer Center (Iowa)
19155,Pottawattamie,19,10,0.1,1,"Douglas, Nebraska",14.9,0.36,"Douglas, Nebraska",14.9,0.36,Fred & Pamela Buffett Cancer Center (UNMC),10.5,0.26,17.2,17.2,11.1,Fred & Pamela Buffett Cancer Center (UNMC)
19157,Poweshiek,19,0,1.2,1,"Johnson, Iowa",56.0,0.89,"Marshall, Iowa",40.9,0.87,Holden Comprehensive Cancer Center (Iowa),57.4,0.93,65.9,32.7,67.1,Holden Comprehensive Cancer Center (Iowa)
19159,Ringgold,19,0,0.1,1,"Douglas, Nebraska",135.2,2.79,"Dallas, Iowa",77.4,1.68,Fred & Pamela Buffett Cancer Center (UNMC),128.5,2.65,122.6,76.9,115.9,Fred & Pamela Buffett Cancer Center (UNMC)
19161,Sac,19,0,3.0,1,"Douglas, Nebraska",119.2,2.44,"Carroll, Iowa",40.3,0.87,Fred & Pamela Buffett Cancer Center (UNMC),116.5,2.43,110.4,31.0,108.5,Fred & Pamela Buffett Cancer Center (UNMC)
19163,Scott,19,16,0.3,1,"Johnson, Iowa",54.1,0.94,"Henry, Illinois",35.1,0.71,Holden Comprehensive Cancer Center (Iowa),54.7,0.99,62.7,31.9,61.3,Holden Comprehensive Cancer Center (Iowa)
19165,Shelby,19,0,0.9,1,"Douglas, Nebraska",57.8,1.16,"Carroll, Iowa",51.8,1.07,Fred & Pamela Buffett Cancer Center (UNMC),53.5,1.06,57.1,42.0,53.0,Fred & Pamela Buffett Cancer Center (UNMC)
19167,Sioux,19,0,0.4,1,"Minnehaha, South Dakota",57.6,1.24,"Minnehaha, South Dakota",57.6,1.24,Fred & Pamela Buffett Cancer Center (UNMC),141.7,2.5,52.2,52.2,153.1,Fred & Pamela Buffett Cancer Center (UNMC)
19169,Story,19,46,0.3,1,"Johnson, Iowa",118.7,2.49,"Story, Iowa",0.0,0.0,Holden Comprehensive Cancer Center (Iowa),120.1,2.53,129.3,0.0,130.8,Holden Comprehensive Cancer Center (Iowa)
19171,Tama,19,0,1.9,1,"Johnson, Iowa",71.2,1.47,"Marshall, Iowa",27.4,0.62,Holden Comprehensive Cancer Center (Iowa),72.6,1.51,68.3,24.4,70.1,Holden Comprehensive Cancer Center (Iowa)
19173,Taylor,19,0,3.0,1,"Douglas, Nebraska",101.8,2.14,"Buchanan, Missouri",78.6,1.58,Fred & Pamela Buffett Cancer Center (UNMC),95.0,2.0,96.6,83.6,90.0,Fred & Pamela Buffett Cancer Center (UNMC)
19175,Union,19,16,0.3,1,"Douglas, Nebraska",107.4,2.22,"Dallas, Iowa",62.7,1.38,Fred & Pamela Buffett Cancer Center (UNMC),100.6,2.08,110.7,54.4,104.0,Fred & Pamela Buffett Cancer Center (UNMC)
19177,Van Buren,19,0,0.8,1,"Johnson, Iowa",88.5,1.87,"Hancock, Illinois",61.6,1.33,Holden Comprehensive Cancer Center (Iowa),82.2,1.74,81.4,53.6,80.1,Holden Comprehensive Cancer Center (Iowa)
19179,Wapello,19,0,0.1,1,"Johnson, Iowa",89.0,1.75,"Johnson, Iowa",89.0,1.75,Holden Comprehensive Cancer Center (Iowa),83.9,1.74,76.9,76.9,76.4,Holden Comprehensive Cancer Center (Iowa)
19181,Warren,19,0,1.9,1,"Johnson, Iowa",123.2,2.04,"Polk, Iowa",20.4,0.46,Holden Comprehensive Cancer Center (Iowa),124.6,2.08,128.3,18.8,129.1,Holden Comprehensive Cancer Center (Iowa)
19183,Washington,19,0,1.1,1,"Johnson, Iowa",34.0,0.7,"Johnson, Iowa",34.0,0.7,Holden Comprehensive Cancer Center (Iowa),27.7,0.57,27.7,27.7,26.4,Holden Comprehensive Cancer Center (Iowa)
19185,Wayne,19,0,1.4,1,"Johnson, Iowa",149.0,2.99,"Polk, Iowa",77.4,1.66,Holden Comprehensive Cancer Center (Iowa),143.8,2.98,134.3,77.3,134.2,Holden Comprehensive Cancer Center (Iowa)
19187,Webster,19,46,0.9,1,"Douglas, Nebraska",164.6,3.35,"Webster, Iowa",0.0,0.0,Fred & Pamela Buffett Cancer Center (UNMC),162.0,3.35,154.4,0.0,150.8,Fred & Pamela Buffett Cancer Center (UNMC)
19189,Winnebago,19,0,1.4,1,"Olmsted, Minnesota",95.4,1.8,"Webster, Iowa",94.0,1.96,Mayo Clinic Cancer Center – Rochester,94.2,1.78,91.0,77.9,90.4,Mayo Clinic Cancer Center – Rochester
19191,Winneshiek,19,0,0.2,1,"Olmsted, Minnesota",73.4,1.55,"La Crosse, Wisconsin",69.5,1.52,Mayo Clinic Cancer Center – Rochester,72.2,1.53,73.4,60.2,72.7,Mayo Clinic Cancer Center – Rochester
19193,Woodbury,19,0,0.4,1,"Minnehaha, South Dakota",89.3,1.46,"Minnehaha, South Dakota",89.3,1.46,Fred & Pamela Buffett Cancer Center (UNMC),99.1,1.64,92.1,92.1,105.7,Fred & Pamela Buffett Cancer Center (UNMC)
19195,Worth,19,0,2.0,1,"Olmsted, Minnesota",86.7,1.55,"Olmsted, Minnesota",86.7,1.55,Mayo Clinic Cancer Center – Rochester,85.5,1.53,71.4,71.4,70.7,Mayo Clinic Cancer Center – Rochester
19197,Wright,19,0,0.1,1,"Olmsted, Minnesota",144.7,2.58,"Webster, Iowa",43.0,0.9,Mayo Clinic Cancer Center – Rochester,143.5,2.56,132.0,33.2,131.2,Mayo Clinic Cancer Center – Rochester
20001,Allen,20,0,0.8,1,"Johnson, Kansas",89.4,1.79,"Douglas, Kansas",79.0,1.54,University of Kansas Cancer Center,100.7,2.04,94.5,87.0,108.0,University of Kansas Cancer Center
20003,Anderson,20,0,0.8,1,"Johnson, Kansas",62.2,1.23,"Douglas, Kansas",51.7,0.98,University of Kansas Cancer Center,73.4,1.48,65.3,57.3,78.9,University of Kansas Cancer Center
20005,Atchison,20,0,0.1,1,"Johnson, Kansas",59.9,1.24,"Buchanan, Missouri",26.7,0.56,University of Kansas Cancer Center,53.7,1.12,59.4,28.1,55.2,University of Kansas Cancer Center
20007,Barber,20,0,1.3,1,"Oklahoma, Oklahoma",173.6,3.66,"Sedgwick, Kansas",89.7,1.88,Stephenson Cancer Center (Oklahoma),177.4,3.75,156.3,88.8,160.3,Stephenson Cancer Center (Oklahoma)
20009,Barton,20,15,0.4,1,"Johnson, Kansas",237.3,4.59,"Ellis, Kansas",63.2,1.31,University of Kansas Cancer Center,248.5,4.84,251.9,54.7,256.1,Stephenson Cancer Center (Oklahoma)
20011,Bourbon,20,0,1.2,1,"Johnson, Kansas",83.1,1.39,"Newton, Missouri",78.8,1.69,University of Kansas Cancer Center,93.0,1.63,89.5,79.8,100.7,University of Kansas Cancer Center
20013,Brown,20,0,1.3,1,"Johnson, Kansas",93.8,1.96,"Buchanan, Missouri",43.6,0.83,University of Kansas Cancer Center,87.6,1.84,89.6,46.9,86.6,University of Kansas Cancer Center
20015,Butler,20,4,2.3,1,"Johnson, Kansas",162.1,2.75,"Sedgwick, Kansas",21.7,0.4,University of Kansas Cancer Center,173.3,3.0,177.4,23.0,189.6,Stephenson Cancer Center (Oklahoma)
20017,Chase,20,0,1.0,1,"Johnson, Kansas",117.6,2.08,"Sedgwick, Kansas",74.1,1.33,University of Kansas Cancer Center,128.9,2.33,126.8,76.1,138.7,University of Kansas Cancer Center
20019,Chautauqua,20,0,0.3,1,"Oklahoma, Oklahoma",164.9,3.28,"Tulsa, Oklahoma",92.5,1.94,Stephenson Cancer Center (Oklahoma),168.7,3.37,157.3,86.6,160.5,Stephenson Cancer Center (Oklahoma)
20021,Cherokee,20,0,2.6,1,"Johnson, Kansas",134.0,2.48,"Newton, Missouri",32.1,0.71,University of Kansas Cancer Center,143.9,2.71,150.1,27.5,161.2,University of Kansas Cancer Center
20023,Cheyenne,20,0,0.9,1,"Denver, Colorado",180.2,3.59,"Ellis, Kansas",175.4,3.0,University of Colorado Cancer Center,173.9,3.46,202.9,171.0,197.5,University of Colorado Cancer Center
20025,Clark,20,0,6.2,1,"Oklahoma, Oklahoma",229.1,4.76,"Ellis, Kansas",144.0,2.99,Stephenson Cancer Center (Oklahoma),230.8,4.65,215.9,136.4,219.3,Stephenson Cancer Center (Oklahoma)
20027,Clay,20,0,0.3,1,"Johnson, Kansas",151.8,3.09,"Saline, Kansas",63.9,1.19,University of Kansas Cancer Center,155.6,3.24,157.3,54.5,163.3,University of Kansas Cancer Center
20029,Cloud,20,0,1.1,1,"Douglas, Nebraska",181.4,3.8,"Saline, Kansas",54.3,1.05,Fred & Pamela Buffett Cancer Center (UNMC),186.5,3.88,174.0,59.7,176.5,Fred & Pamela Buffett Cancer Center (UNMC)
20031,Coffey,20,0,0.2,1,"Johnson, Kansas",80.9,1.4,"Shawnee, Kansas",58.3,1.13,University of Kansas Cancer Center,92.1,1.65,85.7,65.2,99.2,University of Kansas Cancer Center
20033,Comanche,20,0,2.5,1,"Oklahoma, Oklahoma",201.5,4.13,"Ellis, Kansas",123.7,2.52,Stephenson Cancer Center (Oklahoma),203.2,4.02,188.4,136.7,191.9,Stephenson Cancer Center (Oklahoma)
20035,Cowley,20,4,1.4,1,"Oklahoma, Oklahoma",135.0,2.67,"Sedgwick, Kansas",48.8,1.09,Stephenson Cancer Center (Oklahoma),138.8,2.76,141.0,47.7,144.9,Stephenson Cancer Center (Oklahoma)
20037,Crawford,20,17,1.0,1,"Johnson, Kansas",110.5,1.98,"Newton, Missouri",47.2,1.01,University of Kansas Cancer Center,120.4,2.22,123.3,47.6,134.3,University of Kansas Cancer Center
20039,Decatur,20,0,1.7,1,"Denver, Colorado",248.2,4.98,"Ellis, Kansas",124.6,2.35,University of Colorado Cancer Center,241.8,4.85,282.5,106.4,277.4,University of Colorado Cancer Center
20041,Dickinson,20,0,2.1,1,"Johnson, Kansas",144.0,2.59,"Saline, Kansas",42.8,0.77,University of Kansas Cancer Center,148.7,2.61,155.6,29.9,164.5,University of Kansas Cancer Center
20043,Doniphan,20,0,0.4,1,"Johnson, Kansas",76.8,1.39,"Buchanan, Missouri",15.2,0.29,University of Kansas Cancer Center,67.4,1.32,74.6,16.3,67.5,University of Kansas Cancer Center
20045,Douglas,20,30,0.1,1,"Johnson, Kansas",29.9,0.5,"Douglas, Kansas",0.0,0.0,University of Kansas Cancer Center,41.1,0.74,33.2,0.0,42.6,University of Kansas Cancer Center
20047,Edwards,20,0,1.0,1,"Oklahoma, Oklahoma",254.6,5.19,"Ellis, Kansas",74.1,1.51,Stephenson Cancer Center (Oklahoma),256.3,5.09,232.7,80.4,236.6,Stephenson Cancer Center (Oklahoma)
20049,Elk,20,0,1.7,1,"Johnson, Kansas",165.6,3.13,"Sedgwick, Kansas",78.6,1.62,University of Kansas Cancer Center,176.8,3.38,158.2,75.7,171.9,University of Kansas Cancer Center
20051,Ellis,20,25,0.7,1,"Johnson, Kansas",259.8,4.42,"Ellis, Kansas",0.0,0.0,University of Kansas Cancer Center,264.5,4.45,285.8,0.0,289.5,Fred & Pamela Buffett Cancer Center (UNMC)
20053,Ellsworth,20,0,1.8,1,"Johnson, Kansas",205.6,3.74,"Saline, Kansas",40.1,0.85,University of Kansas Cancer Center,210.3,3.77,228.5,43.5,237.6,University of Kansas Cancer Center
20055,Finney,20,17,0.2,1,"Denver, Colorado",302.5,5.95,"Ellis, Kansas",146.1,2.98,University of Colorado Cancer Center,296.1,5.82,301.0,124.6,295.5,University of Colorado Cancer Center
20057,Ford,20,4,0.1,1,"Oklahoma, Oklahoma",251.2,5.14,"Ellis, Kansas",104.6,2.13,Stephenson Cancer Center (Oklahoma),252.9,5.04,247.8,103.1,251.3,Stephenson Cancer Center (Oklahoma)
20059,Franklin,20,0,1.3,1,"Johnson, Kansas",39.9,0.71,"Douglas, Kansas",27.2,0.52,University of Kansas Cancer Center,51.1,0.96,42.9,28.1,56.3,University of Kansas Cancer Center
20061,Geary,20,0,0.1,1,"Johnson, Kansas",122.7,2.21,"Saline, Kansas",54.9,0.94,University of Kansas Cancer Center,127.4,2.24,135.6,52.9,143.5,University of Kansas Cancer Center
20063,Gove,20,0,3.5,1,"Denver, Colorado",274.8,4.51,"Ellis, Kansas",64.7,1.13,University of Colorado Cancer Center,268.5,4.38,298.3,68.9,291.5,University of Colorado Cancer Center
20065,Graham,20,0,0.4,1,"Denver, Colorado",292.1,5.12,"Ellis, Kansas",58.7,1.07,University of Colorado Cancer Center,285.7,4.99,286.7,51.9,291.3,Fred & Pamela Buffett Cancer Center (UNMC)
20067,Grant,20,0,0.3,1,"Denver, Colorado",303.4,5.96,"Ellis, Kansas",183.1,3.73,University of Colorado Cancer Center,297.0,5.83,293.1,170.2,288.4,University of Colorado Cancer Center
20069,Gray,20,0,3.8,1,"Oklahoma, Oklahoma",274.9,5.68,"Ellis, Kansas",133.8,2.74,Stephenson Cancer Center (Oklahoma),276.5,5.58,265.4,119.0,268.8,Stephenson Cancer Center (Oklahoma)
20071,Greeley,20,0,0.3,1,"Denver, Colorado",224.9,4.31,"Ellis, Kansas",163.8,3.34,University of Colorado Cancer Center,218.6,4.18,229.7,160.6,224.0,University of Colorado Cancer Center
20073,Greenwood,20,0,2.5,1,"Johnson, Kansas",135.1,2.52,"Sedgwick, Kansas",68.1,1.32,University of Kansas Cancer Center,146.3,2.77,130.7,74.9,144.2,University of Kansas Cancer Center
20075,Hamilton,20,0,0.1,1,"Denver, Colorado",250.4,4.88,"Ellis, Kansas",196.3,4.0,University of Colorado Cancer Center,244.0,4.75,251.6,174.6,246.7,University of Colorado Cancer Center
20077,Harper,20,0,0.6,1,"Oklahoma, Oklahoma",147.7,3.12,"Sedgwick, Kansas",54.3,1.14,Stephenson Cancer Center (Oklahoma),151.5,3.22,144.6,60.4,148.8,Stephenson Cancer Center (Oklahoma)
20079,Harvey,20,4,1.2,1,"Johnson, Kansas",170.7,3.15,"Sedgwick, Kansas",30.4,0.54,University of Kansas Cancer Center,181.9,3.4,186.5,30.5,198.5,University of Kansas Cancer Center
20081,Haskell,20,0,1.0,1,"Oklahoma, Oklahoma",286.5,5.96,"Ellis, Kansas",160.1,3.27,Stephenson Cancer Center (Oklahoma),288.1,5.86,278.1,153.5,281.1,Stephenson Cancer Center (Oklahoma)
20083,Hodgeman,20,0,1.8,1,"Oklahoma, Oklahoma",278.6,5.72,"Ellis, Kansas",89.5,1.86,Stephenson Cancer Center (Oklahoma),280.3,5.61,263.3,74.4,267.1,Stephenson Cancer Center (Oklahoma)
20085,Jackson,20,0,0.3,1,"Johnson, Kansas",85.5,1.63,"Shawnee, Kansas",30.4,0.6,University of Kansas Cancer Center,88.8,1.92,76.2,30.6,78.8,University of Kansas Cancer Center
20087,Jefferson,20,0,1.7,1,"Johnson, Kansas",53.2,1.13,"Shawnee, Kansas",30.2,0.68,University of Kansas Cancer Center,52.1,1.16,48.5,24.1,52.3,University of Kansas Cancer Center
20089,Jewell,20,0,0.5,1,"Douglas, Nebraska",191.1,4.0,"Saline, Kansas",93.7,1.86,Fred & Pamela Buffett Cancer Center (UNMC),196.2,4.08,182.1,88.4,185.9,Fred & Pamela Buffett Cancer Center (UNMC)
20091,Johnson,20,156,0.7,1,"Johnson, Kansas",0.0,0.0,"Johnson, Kansas",0.0,0.0,University of Kansas Cancer Center,13.8,0.31,0.0,0.0,13.7,University of Kansas Cancer Center
20093,Kearny,20,0,0.1,1,"Denver, Colorado",278.8,5.46,"Ellis, Kansas",168.9,3.45,University of Colorado Cancer Center,272.4,5.33,281.0,146.2,275.7,University of Colorado Cancer Center
20095,Kingman,20,4,0.8,1,"Oklahoma, Oklahoma",176.4,3.74,"Sedgwick, Kansas",46.0,0.84,Stephenson Cancer Center (Oklahoma),180.2,3.84,177.2,49.8,181.4,Stephenson Cancer Center (Oklahoma)
20097,Kiowa,20,0,0.9,1,"Oklahoma, Oklahoma",229.6,4.69,"Ellis, Kansas",99.9,2.03,Stephenson Cancer Center (Oklahoma),231.2,4.59,207.1,106.8,210.9,Stephenson Cancer Center (Oklahoma)
20099,Labette,20,4,0.3,1,"Johnson, Kansas",140.0,2.85,"Newton, Missouri",70.4,1.45,University of Kansas Cancer Center,151.3,3.1,142.2,62.7,154.9,University of Kansas Cancer Center
20101,Lane,20,0,0.9,1,"Denver, Colorado",295.1,5.74,"Ellis, Kansas",95.3,1.96,University of Colorado Cancer Center,288.7,5.61,304.6,80.9,298.4,University of Colorado Cancer Center
20103,Leavenworth,20,1,3.1,1,"Johnson, Kansas",31.0,0.64,"Platte, Missouri",21.8,0.52,University of Kansas Cancer Center,29.8,0.67,29.3,17.8,26.9,University of Kansas Cancer Center
20105,Lincoln,20,0,1.2,1,"Johnson, Kansas",200.2,3.86,"Saline, Kansas",47.8,1.0,University of Kansas Cancer Center,204.9,3.89,222.3,41.7,230.3,University of Kansas Cancer Center
20107,Linn,20,0,2.9,1,"Johnson, Kansas",61.8,1.26,"Johnson, Kansas",61.8,1.26,University of Kansas Cancer Center,73.0,1.51,57.0,57.0,68.8,University of Kansas Cancer Center
20109,Logan,20,0,1.4,1,"Denver, Colorado",252.3,4.24,"Ellis, Kansas",92.5,1.58,University of Colorado Cancer Center,245.9,4.12,263.0,104.3,256.2,University of Colorado Cancer Center
20111,Lyon,20,0,0.1,1,"Johnson, Kansas",93.4,1.57,"Shawnee, Kansas",53.9,0.96,University of Kansas Cancer Center,104.7,1.82,102.2,59.7,114.5,University of Kansas Cancer Center
20113,McPherson,20,3,0.9,1,"Johnson, Kansas",174.6,3.28,"Saline, Kansas",33.7,0.59,University of Kansas Cancer Center,185.8,3.53,193.5,35.9,204.2,University of Kansas Cancer Center
20115,Marion,20,0,2.6,1,"Johnson, Kansas",146.5,2.69,"Saline, Kansas",62.0,1.31,University of Kansas Cancer Center,157.7,2.93,162.4,51.1,173.8,University of Kansas Cancer Center
20117,Marshall,20,0,2.9,1,"Douglas, Nebraska",124.5,2.58,"Lancaster, Nebraska",86.1,1.9,Fred & Pamela Buffett Cancer Center (UNMC),129.5,2.66,125.3,83.1,125.4,Fred & Pamela Buffett Cancer Center (UNMC)
20119,Meade,20,0,0.5,1,"Oklahoma, Oklahoma",244.2,5.04,"Ellis, Kansas",152.0,3.14,Stephenson Cancer Center (Oklahoma),245.9,4.93,241.9,149.1,244.9,Stephenson Cancer Center (Oklahoma)
20121,Miami,20,0,0.2,1,"Johnson, Kansas",27.0,0.52,"Johnson, Kansas",27.0,0.52,University of Kansas Cancer Center,38.3,0.77,28.0,28.0,40.8,University of Kansas Cancer Center
20123,Mitchell,20,0,1.8,1,"Johnson, Kansas",210.7,4.33,"Saline, Kansas",73.1,1.46,University of Kansas Cancer Center,214.5,4.48,200.4,64.4,203.6,Fred & Pamela Buffett Cancer Center (UNMC)
20125,Montgomery,20,4,4.9,1,"Johnson, Kansas",157.3,3.23,"Tulsa, Oklahoma",90.3,1.89,University of Kansas Cancer Center,168.5,3.48,160.3,86.7,173.6,University of Kansas Cancer Center
20127,Morris,20,0,2.9,1,"Johnson, Kansas",114.1,2.37,"Shawnee, Kansas",67.5,1.3,University of Kansas Cancer Center,125.3,2.62,120.4,63.1,130.7,University of Kansas Cancer Center
20129,Morton,20,4,0.2,1,"Oklahoma, Oklahoma",311.0,6.38,"Ellis, Kansas",222.1,4.54,Stephenson Cancer Center (Oklahoma),312.6,6.27,300.4,223.9,296.9,University of Colorado Cancer Center
20131,Nemaha,20,0,0.8,1,"Douglas, Nebraska",113.7,2.34,"Buchanan, Missouri",64.3,1.24,University of Kansas Cancer Center,112.5,2.34,108.6,68.0,108.0,University of Kansas Cancer Center
20133,Neosho,20,4,3.6,1,"Johnson, Kansas",113.0,2.35,"Douglas, Kansas",102.6,2.1,University of Kansas Cancer Center,124.2,2.6,116.0,87.1,129.3,University of Kansas Cancer Center
20135,Ness,20,0,0.1,1,"Johnson, Kansas",301.1,5.86,"Ellis, Kansas",64.6,1.33,Stephenson Cancer Center (Oklahoma),306.9,6.15,292.0,49.1,295.9,Stephenson Cancer Center (Oklahoma)
20137,Norton,20,0,0.7,1,"Douglas, Nebraska",266.1,5.47,"Ellis, Kansas",92.3,1.74,Fred & Pamela Buffett Cancer Center (UNMC),271.2,5.56,267.8,85.5,273.1,Fred & Pamela Buffett Cancer Center (UNMC)
20139,Osage,20,0,1.4,1,"Johnson, Kansas",64.4,1.35,"Shawnee, Kansas",27.0,0.5,University of Kansas Cancer Center,75.6,1.6,65.6,27.8,77.1,University of Kansas Cancer Center
20141,Osborne,20,0,0.6,1,"Douglas, Nebraska",242.9,5.06,"Ellis, Kansas",73.9,1.55,University of Kansas Cancer Center,247.6,5.16,225.6,60.4,229.4,Fred & Pamela Buffett Cancer Center (UNMC)
20143,Ottawa,20,0,1.5,1,"Johnson, Kansas",178.7,3.33,"Saline, Kansas",26.3,0.46,University of Kansas Cancer Center,183.4,3.36,190.1,23.9,197.8,University of Kansas Cancer Center
20145,Pawnee,20,0,0.4,1,"Johnson, Kansas",261.4,5.07,"Ellis, Kansas",59.0,1.2,Stephenson Cancer Center (Oklahoma),271.0,5.72,245.3,59.4,249.3,Stephenson Cancer Center (Oklahoma)
20147,Phillips,20,0,0.5,1,"Douglas, Nebraska",252.3,5.29,"Ellis, Kansas",64.7,1.38,Fred & Pamela Buffett Cancer Center (UNMC),257.3,5.37,241.3,72.7,246.1,Fred & Pamela Buffett Cancer Center (UNMC)
20149,Pottawatomie,20,0,0.9,1,"Johnson, Kansas",100.6,2.01,"Shawnee, Kansas",45.4,0.98,University of Kansas Cancer Center,104.4,2.16,106.0,44.1,111.9,University of Kansas Cancer Center
20151,Pratt,20,5,0.1,1,"Oklahoma, Oklahoma",207.9,4.34,"Sedgwick, Kansas",76.4,1.47,Stephenson Cancer Center (Oklahoma),211.7,4.44,193.5,91.0,197.6,Stephenson Cancer Center (Oklahoma)
20153,Rawlins,20,0,0.2,1,"Denver, Colorado",217.1,4.33,"Ellis, Kansas",137.6,2.39,University of Colorado Cancer Center,210.7,4.2,246.5,134.3,241.3,University of Colorado Cancer Center
20155,Reno,20,0,1.3,1,"Johnson, Kansas",200.4,3.75,"Sedgwick, Kansas",54.0,1.11,Stephenson Cancer Center (Oklahoma),211.5,3.76,211.3,49.3,215.5,Stephenson Cancer Center (Oklahoma)
20157,Republic,20,0,0.4,1,"Douglas, Nebraska",161.9,3.4,"Saline, Kansas",73.5,1.43,Fred & Pamela Buffett Cancer Center (UNMC),167.0,3.48,156.1,83.2,159.1,Fred & Pamela Buffett Cancer Center (UNMC)
20159,Rice,20,0,0.1,1,"Johnson, Kansas",206.3,3.92,"Saline, Kansas",63.0,1.26,University of Kansas Cancer Center,217.6,4.17,229.6,56.3,240.2,University of Kansas Cancer Center
20161,Riley,20,1,0.5,1,"Johnson, Kansas",117.5,2.4,"Shawnee, Kansas",62.3,1.37,University of Kansas Cancer Center,121.3,2.55,123.8,61.0,130.6,University of Kansas Cancer Center
20163,Rooks,20,0,0.9,1,"Johnson, Kansas",271.4,5.31,"Ellis, Kansas",32.4,0.68,University of Kansas Cancer Center,276.1,5.33,260.7,36.5,264.9,Fred & Pamela Buffett Cancer Center (UNMC)
20165,Rush,20,0,0.7,1,"Johnson, Kansas",267.3,5.0,"Ellis, Kansas",26.9,0.55,University of Kansas Cancer Center,272.0,5.03,275.1,29.6,279.1,Stephenson Cancer Center (Oklahoma)
20167,Russell,20,0,1.3,1,"Johnson, Kansas",233.3,4.03,"Ellis, Kansas",31.4,0.54,University of Kansas Cancer Center,238.0,4.05,262.4,32.3,265.7,Fred & Pamela Buffett Cancer Center (UNMC)
20169,Saline,20,29,1.2,1,"Johnson, Kansas",173.9,3.06,"Saline, Kansas",0.0,0.0,University of Kansas Cancer Center,178.6,3.09,185.2,0.0,194.2,University of Kansas Cancer Center
20171,Scott,20,0,0.1,1,"Denver, Colorado",269.0,5.2,"Ellis, Kansas",116.9,2.38,University of Colorado Cancer Center,262.6,5.07,279.4,107.7,273.3,University of Colorado Cancer Center
20173,Sedgwick,20,33,0.1,1,"Oklahoma, Oklahoma",156.9,2.63,"Sedgwick, Kansas",0.0,0.0,Stephenson Cancer Center (Oklahoma),160.7,2.72,179.0,0.0,183.1,Stephenson Cancer Center (Oklahoma)
20175,Seward,20,0,0.2,1,"Oklahoma, Oklahoma",252.8,5.24,"Ellis, Kansas",188.9,3.91,Stephenson Cancer Center (Oklahoma),254.5,5.14,260.4,183.9,263.0,Stephenson Cancer Center (Oklahoma)
20177,Shawnee,20,36,1.3,1,"Johnson, Kansas",61.0,1.17,"Shawnee, Kansas",0.0,0.0,University of Kansas Cancer Center,65.7,1.2,62.9,0.0,70.6,University of Kansas Cancer Center
20179,Sheridan,20,0,0.2,1,"Denver, Colorado",259.1,4.43,"Ellis, Kansas",84.2,1.49,University of Colorado Cancer Center,252.7,4.3,287.8,83.3,281.3,University of Colorado Cancer Center
20181,Sherman,20,0,0.1,1,"Denver, Colorado",191.3,3.13,"Ellis, Kansas",144.4,2.36,University of Colorado Cancer Center,184.9,3.0,208.5,158.9,201.6,University of Colorado Cancer Center
20183,Smith,20,0,0.0,1,"Douglas, Nebraska",223.5,4.68,"Buffalo, Nebraska",83.6,1.77,Fred & Pamela Buffett Cancer Center (UNMC),228.5,4.76,212.2,81.0,216.6,Fred & Pamela Buffett Cancer Center (UNMC)
20185,Stafford,20,0,0.7,1,"Oklahoma, Oklahoma",233.2,4.87,"Ellis, Kansas",86.9,1.78,Stephenson Cancer Center (Oklahoma),237.1,4.97,221.0,82.4,225.1,Stephenson Cancer Center (Oklahoma)
20187,Stanton,20,0,0.2,1,"Denver, Colorado",280.2,5.48,"Ellis, Kansas",206.2,4.2,University of Colorado Cancer Center,273.8,5.36,273.5,192.1,269.2,University of Colorado Cancer Center
20189,Stevens,20,0,0.9,1,"Oklahoma, Oklahoma",288.1,5.97,"Ellis, Kansas",192.8,3.95,Stephenson Cancer Center (Oklahoma),289.8,5.87,289.3,191.5,291.9,Stephenson Cancer Center (Oklahoma)
20191,Sumner,20,4,0.8,1,"Oklahoma, Oklahoma",130.3,2.25,"Sedgwick, Kansas",32.7,0.64,Stephenson Cancer Center (Oklahoma),134.2,2.34,147.6,31.5,151.7,Stephenson Cancer Center (Oklahoma)
20193,Thomas,20,0,0.3,1,"Denver, Colorado",227.7,3.74,"Ellis, Kansas",108.2,1.79,University of Colorado Cancer Center,221.3,3.61,250.5,118.2,243.9,University of Colorado Cancer Center
20195,Trego,20,0,0.5,1,"Johnson, Kansas",291.1,4.94,"Ellis, Kansas",34.9,0.59,University of Colorado Cancer Center,293.6,4.77,305.6,36.9,309.9,Fred & Pamela Buffett Cancer Center (UNMC)
20197,Wabaunsee,20,0,4.8,1,"Johnson, Kansas",89.6,1.71,"Shawnee, Kansas",34.5,0.67,University of Kansas Cancer Center,94.3,1.73,92.9,30.6,101.2,University of Kansas Cancer Center
20199,Wallace,20,0,0.5,1,"Denver, Colorado",205.2,3.87,"Ellis, Kansas",140.2,2.53,University of Colorado Cancer Center,198.8,3.75,216.0,156.9,209.8,University of Colorado Cancer Center
20201,Washington,20,0,0.1,1,"Douglas, Nebraska",139.5,2.96,"Lancaster, Nebraska",93.9,2.09,Fred & Pamela Buffett Cancer Center (UNMC),144.5,3.04,137.5,87.6,139.1,Fred & Pamela Buffett Cancer Center (UNMC)
20203,Wichita,20,0,0.5,1,"Denver, Colorado",246.1,4.74,"Ellis, Kansas",142.1,2.91,University of Colorado Cancer Center,239.8,4.61,253.1,134.6,247.2,University of Colorado Cancer Center
20205,Wilson,20,0,1.3,1,"Johnson, Kansas",132.7,2.69,"Sedgwick, Kansas",93.0,1.91,University of Kansas Cancer Center,143.9,2.94,134.1,100.2,147.6,University of Kansas Cancer Center
20207,Woodson,20,0,0.2,1,"Johnson, Kansas",106.9,1.93,"Shawnee, Kansas",84.3,1.66,University of Kansas Cancer Center,118.2,2.18,108.4,93.8,122.1,University of Kansas Cancer Center
20209,Wyandotte,20,92,0.1,1,"Johnson, Kansas",16.0,0.28,"Wyandotte, Kansas",0.0,0.0,University of Kansas Cancer Center,7.8,0.18,15.1,0.0,7.8,University of Kansas Cancer Center
21001,Adair,21,0,0.1,1,"Fayette, Kentucky",88.8,1.98,"Fayette, Kentucky",88.8,1.98,Markey Cancer Center (Kentucky),88.0,1.97,91.6,91.6,91.9,Markey Cancer Center (Kentucky)
21003,Allen,21,0,0.2,1,"Davidson, Tennessee",61.7,1.32,"Davidson, Tennessee",61.7,1.32,Vanderbilt-Ingram Cancer Center,61.7,1.34,62.0,62.0,64.0,Vanderbilt-Ingram Cancer Center
21005,Anderson,21,0,0.1,1,"Fayette, Kentucky",26.4,0.61,"Fayette, Kentucky",26.4,0.61,Markey Cancer Center (Kentucky),25.0,0.58,28.2,28.2,27.3,Markey Cancer Center (Kentucky)
21007,Ballard,21,0,0.2,1,"Davidson, Tennessee",159.1,2.81,"Cape Girardeau, Missouri",59.8,1.32,Vanderbilt-Ingram Cancer Center,158.8,2.87,155.2,49.0,156.0,Siteman Cancer Center (WashU)
21009,Barren,21,0,0.1,1,"Davidson, Tennessee",86.1,1.84,"Davidson, Tennessee",86.1,1.84,Vanderbilt-Ingram Cancer Center,86.0,1.87,89.3,89.3,91.3,Vanderbilt-Ingram Cancer Center
21011,Bath,21,0,0.3,1,"Fayette, Kentucky",47.6,0.88,"Fayette, Kentucky",47.6,0.88,Markey Cancer Center (Kentucky),47.6,0.89,50.2,50.2,50.9,Markey Cancer Center (Kentucky)
21013,Bell,21,0,1.1,1,"Fayette, Kentucky",122.0,2.53,"Knox, Tennessee",66.9,1.61,Markey Cancer Center (Kentucky),122.7,2.46,122.7,61.8,123.9,Markey Cancer Center (Kentucky)
21015,Boone,21,0,0.1,1,"Hamilton, Ohio",21.1,0.5,"Kenton, Kentucky",12.2,0.26,Markey Cancer Center (Kentucky),70.3,1.24,19.6,8.6,79.8,Markey Cancer Center (Kentucky)
21017,Bourbon,21,0,0.3,1,"Fayette, Kentucky",20.3,0.44,"Fayette, Kentucky",20.3,0.44,Markey Cancer Center (Kentucky),19.3,0.42,22.2,22.2,22.2,Markey Cancer Center (Kentucky)
21019,Boyd,21,1,0.3,1,"Fayette, Kentucky",113.5,2.02,"Kanawha, West Virginia",63.5,1.28,Markey Cancer Center (Kentucky),113.4,2.03,123.9,65.7,124.5,Markey Cancer Center (Kentucky)
21021,Boyle,21,0,0.2,1,"Fayette, Kentucky",35.4,0.79,"Fayette, Kentucky",35.4,0.79,Markey Cancer Center (Kentucky),34.7,0.77,37.4,37.4,37.8,Markey Cancer Center (Kentucky)
21023,Bracken,21,0,0.2,1,"Hamilton, Ohio",47.8,1.18,"Kenton, Kentucky",39.9,0.92,Markey Cancer Center (Kentucky),57.7,1.38,48.7,40.1,62.3,Markey Cancer Center (Kentucky)
21025,Breathitt,21,0,1.4,1,"Fayette, Kentucky",88.1,1.95,"Fayette, Kentucky",88.1,1.95,Markey Cancer Center (Kentucky),88.0,1.96,84.2,84.2,85.4,Markey Cancer Center (Kentucky)
21027,Breckinridge,21,1,1.2,1,"Jefferson, Kentucky",58.6,1.24,"Jefferson, Kentucky",58.6,1.24,Markey Cancer Center (Kentucky),120.1,2.43,59.2,59.2,126.2,Markey Cancer Center (Kentucky)
21029,Bullitt,21,0,0.7,1,"Jefferson, Kentucky",15.1,0.36,"Jefferson, Kentucky",15.1,0.36,Markey Cancer Center (Kentucky),71.5,1.77,14.9,14.9,74.7,Markey Cancer Center (Kentucky)
21031,Butler,21,0,0.2,1,"Davidson, Tennessee",85.3,1.86,"Davidson, Tennessee",85.3,1.86,Vanderbilt-Ingram Cancer Center,85.1,1.85,89.6,89.6,89.4,Vanderbilt-Ingram Cancer Center
21033,Caldwell,21,0,0.2,1,"Davidson, Tennessee",101.0,1.95,"Williamson, Illinois",100.7,2.22,Vanderbilt-Ingram Cancer Center,100.8,2.02,111.4,89.1,108.4,Vanderbilt-Ingram Cancer Center
21035,Calloway,21,0,0.3,1,"Davidson, Tennessee",113.1,2.42,"Williamson, Illinois",97.7,1.77,Vanderbilt-Ingram Cancer Center,112.7,2.48,111.7,103.9,107.8,Vanderbilt-Ingram Cancer Center
21037,Campbell,21,0,0.0,1,"Hamilton, Ohio",14.5,0.34,"Kenton, Kentucky",8.0,0.19,Markey Cancer Center (Kentucky),78.4,1.62,13.1,7.3,83.1,Markey Cancer Center (Kentucky)
21039,Carlisle,21,0,1.3,1,"Shelby, Tennessee",147.7,3.01,"Cape Girardeau, Missouri",61.2,1.35,Vanderbilt-Ingram Cancer Center,153.5,3.11,156.3,60.2,154.6,Vanderbilt-Ingram Cancer Center
21041,Carroll,21,0,0.2,1,"Jefferson, Kentucky",48.5,0.83,"Jefferson, Kentucky",48.5,0.83,Markey Cancer Center (Kentucky),63.6,1.61,52.5,47.6,67.0,Markey Cancer Center (Kentucky)
21043,Carter,21,0,0.9,1,"Fayette, Kentucky",90.6,1.54,"Kanawha, West Virginia",80.2,1.47,Markey Cancer Center (Kentucky),90.5,1.55,98.2,89.6,98.8,Markey Cancer Center (Kentucky)
21045,Casey,21,0,1.0,1,"Fayette, Kentucky",61.3,1.33,"Fayette, Kentucky",61.3,1.33,Markey Cancer Center (Kentucky),60.5,1.32,66.0,66.0,66.5,Markey Cancer Center (Kentucky)
21047,Christian,21,0,0.1,1,"Davidson, Tennessee",67.0,1.22,"Davidson, Tennessee",67.0,1.22,Vanderbilt-Ingram Cancer Center,66.8,1.29,74.1,74.1,71.2,Vanderbilt-Ingram Cancer Center
21049,Clark,21,0,0.2,1,"Fayette, Kentucky",20.0,0.44,"Fayette, Kentucky",20.0,0.44,Markey Cancer Center (Kentucky),19.9,0.46,20.6,20.6,21.6,Markey Cancer Center (Kentucky)
21051,Clay,21,0,1.0,1,"Fayette, Kentucky",89.6,2.13,"Fayette, Kentucky",89.6,2.13,Markey Cancer Center (Kentucky),90.0,2.05,85.9,85.9,87.2,Markey Cancer Center (Kentucky)
21053,Clinton,21,0,0.1,1,"Fayette, Kentucky",110.4,2.42,"Knox, Tennessee",108.9,2.67,Markey Cancer Center (Kentucky),109.7,2.41,116.1,98.1,116.7,Markey Cancer Center (Kentucky)
21055,Crittenden,21,0,0.2,1,"Davidson, Tennessee",121.7,2.39,"Williamson, Illinois",81.8,1.77,Vanderbilt-Ingram Cancer Center,121.5,2.46,133.6,67.7,130.7,Vanderbilt-Ingram Cancer Center
21057,Cumberland,21,0,0.8,1,"Davidson, Tennessee",112.1,2.39,"Davidson, Tennessee",112.1,2.39,Vanderbilt-Ingram Cancer Center,115.8,2.81,105.0,105.0,108.1,Vanderbilt-Ingram Cancer Center
21059,Daviess,21,7,0.1,1,"Jefferson, Kentucky",105.3,2.28,"Jefferson, Kentucky",105.3,2.28,Vanderbilt-Ingram Cancer Center,126.0,2.82,99.5,99.5,134.3,Vanderbilt-Ingram Cancer Center
21061,Edmonson,21,0,0.2,1,"Davidson, Tennessee",86.6,1.61,"Davidson, Tennessee",86.6,1.61,Vanderbilt-Ingram Cancer Center,86.6,1.62,91.6,91.6,94.3,Vanderbilt-Ingram Cancer Center
21063,Elliott,21,0,0.2,1,"Fayette, Kentucky",86.5,1.75,"Fayette, Kentucky",86.5,1.75,Markey Cancer Center (Kentucky),86.4,1.76,90.8,90.8,91.6,Markey Cancer Center (Kentucky)
21065,Estill,21,0,0.5,1,"Fayette, Kentucky",44.1,1.02,"Fayette, Kentucky",44.1,1.02,Markey Cancer Center (Kentucky),44.4,0.94,41.9,41.9,43.2,Markey Cancer Center (Kentucky)
21067,Fayette,21,145,0.1,1,"Fayette, Kentucky",0.0,0.0,"Fayette, Kentucky",0.0,0.0,Markey Cancer Center (Kentucky),3.4,0.08,0.0,0.0,1.3,Markey Cancer Center (Kentucky)
21069,Fleming,21,0,0.5,1,"Fayette, Kentucky",58.3,1.44,"Fayette, Kentucky",58.3,1.44,Markey Cancer Center (Kentucky),57.3,1.42,59.6,59.6,59.8,Markey Cancer Center (Kentucky)
21071,Floyd,21,0,0.7,1,"Fayette, Kentucky",123.2,2.64,"Fayette, Kentucky",123.2,2.64,Markey Cancer Center (Kentucky),123.1,2.65,121.2,97.2,122.3,Markey Cancer Center (Kentucky)
21073,Franklin,21,1,0.2,1,"Fayette, Kentucky",26.0,0.57,"Fayette, Kentucky",26.0,0.57,Markey Cancer Center (Kentucky),24.9,0.55,28.3,28.3,27.1,Markey Cancer Center (Kentucky)
21075,Fulton,21,0,0.2,1,"Shelby, Tennessee",119.6,2.41,"Cape Girardeau, Missouri",81.3,1.78,Vanderbilt-Ingram Cancer Center,155.0,3.2,129.9,77.6,152.7,Vanderbilt-Ingram Cancer Center
21077,Gallatin,21,0,0.9,1,"Hamilton, Ohio",40.3,0.95,"Kenton, Kentucky",31.3,0.76,Markey Cancer Center (Kentucky),63.5,1.61,40.6,27.8,64.5,Markey Cancer Center (Kentucky)
21079,Garrard,21,0,0.3,1,"Fayette, Kentucky",34.3,0.77,"Fayette, Kentucky",34.3,0.77,Markey Cancer Center (Kentucky),33.5,0.75,31.1,31.1,31.9,Markey Cancer Center (Kentucky)
21081,Grant,21,0,0.0,1,"Hamilton, Ohio",40.4,0.85,"Kenton, Kentucky",26.6,0.68,Markey Cancer Center (Kentucky),47.9,0.83,41.2,26.9,54.8,Markey Cancer Center (Kentucky)
21083,Graves,21,0,0.1,1,"Davidson, Tennessee",131.4,2.53,"Cape Girardeau, Missouri",77.3,1.66,Vanderbilt-Ingram Cancer Center,131.1,2.59,136.7,81.2,132.8,Vanderbilt-Ingram Cancer Center
21085,Grayson,21,0,0.2,1,"Jefferson, Kentucky",71.0,1.59,"Jefferson, Kentucky",71.0,1.59,Vanderbilt-Ingram Cancer Center,108.3,2.25,72.8,72.8,114.9,Vanderbilt-Ingram Cancer Center
21087,Green,21,0,0.2,1,"Jefferson, Kentucky",78.5,1.64,"Jefferson, Kentucky",78.5,1.64,Markey Cancer Center (Kentucky),92.9,2.2,78.2,78.2,92.8,Markey Cancer Center (Kentucky)
21089,Greenup,21,0,0.4,1,"Franklin, Ohio",111.0,2.45,"Kanawha, West Virginia",72.0,1.59,OSU Comprehensive Cancer Center – James,112.3,2.5,118.3,76.4,118.7,Markey Cancer Center (Kentucky)
21091,Hancock,21,0,0.5,1,"Jefferson, Kentucky",84.9,1.62,"Jefferson, Kentucky",84.9,1.62,Vanderbilt-Ingram Cancer Center,144.7,2.97,78.1,78.1,143.0,Vanderbilt-Ingram Cancer Center
21093,Hardin,21,10,0.5,1,"Jefferson, Kentucky",43.3,0.94,"Jefferson, Kentucky",43.3,0.94,Markey Cancer Center (Kentucky),88.5,1.75,40.8,40.8,95.2,Markey Cancer Center (Kentucky)
21095,Harlan,21,0,0.8,1,"Fayette, Kentucky",146.1,3.62,"Knox, Tennessee",103.8,2.59,Markey Cancer Center (Kentucky),146.4,3.53,126.7,89.7,128.0,Markey Cancer Center (Kentucky)
21097,Harrison,21,0,0.6,1,"Fayette, Kentucky",31.8,0.67,"Fayette, Kentucky",31.8,0.67,Markey Cancer Center (Kentucky),30.8,0.65,34.7,34.7,34.1,Markey Cancer Center (Kentucky)
21099,Hart,21,0,0.3,1,"Jefferson, Kentucky",71.2,1.34,"Jefferson, Kentucky",71.2,1.34,Vanderbilt-Ingram Cancer Center,104.2,1.86,77.5,77.5,109.9,Markey Cancer Center (Kentucky)
21101,Henderson,21,0,0.1,1,"Jefferson, Kentucky",128.4,2.49,"Williamson, Illinois",85.0,1.86,Vanderbilt-Ingram Cancer Center,138.5,2.46,126.8,92.7,147.7,Vanderbilt-Ingram Cancer Center
21103,Henry,21,0,0.2,1,"Jefferson, Kentucky",36.0,0.85,"Jefferson, Kentucky",36.0,0.85,Markey Cancer Center (Kentucky),54.1,1.3,38.0,38.0,54.9,Markey Cancer Center (Kentucky)
21105,Hickman,21,0,0.4,1,"Shelby, Tennessee",132.6,2.67,"Cape Girardeau, Missouri",73.0,1.61,Vanderbilt-Ingram Cancer Center,151.9,3.08,141.6,71.7,150.0,Vanderbilt-Ingram Cancer Center
21107,Hopkins,21,0,0.6,1,"Davidson, Tennessee",106.0,2.02,"Williamson, Illinois",101.2,2.28,Vanderbilt-Ingram Cancer Center,105.7,2.08,110.0,102.5,107.8,Vanderbilt-Ingram Cancer Center
21109,Jackson,21,0,0.7,1,"Fayette, Kentucky",61.8,1.48,"Fayette, Kentucky",61.8,1.48,Markey Cancer Center (Kentucky),62.1,1.4,61.0,61.0,62.3,Markey Cancer Center (Kentucky)
21111,Jefferson,21,143,0.1,1,"Jefferson, Kentucky",0.0,0.0,"Jefferson, Kentucky",0.0,0.0,Markey Cancer Center (Kentucky),70.0,1.21,0.0,0.0,78.1,Markey Cancer Center (Kentucky)
21113,Jessamine,21,0,0.3,1,"Fayette, Kentucky",13.1,0.29,"Fayette, Kentucky",13.1,0.29,Markey Cancer Center (Kentucky),12.3,0.28,12.6,12.6,13.1,Markey Cancer Center (Kentucky)
21115,Johnson,21,0,0.3,1,"Fayette, Kentucky",110.8,2.39,"Kanawha, West Virginia",104.0,2.54,Markey Cancer Center (Kentucky),110.8,2.4,110.8,87.6,111.8,Markey Cancer Center (Kentucky)
21117,Kenton,21,25,0.8,1,"Hamilton, Ohio",15.5,0.39,"Kenton, Kentucky",0.0,0.0,Markey Cancer Center (Kentucky),73.6,1.47,14.3,0.0,81.2,Markey Cancer Center (Kentucky)
21119,Knott,21,0,0.9,1,"Fayette, Kentucky",126.8,2.91,"Fayette, Kentucky",126.8,2.91,Markey Cancer Center (Kentucky),126.8,2.92,116.9,116.9,118.1,Markey Cancer Center (Kentucky)
21121,Knox,21,0,0.8,1,"Fayette, Kentucky",97.5,1.93,"Knox, Tennessee",92.4,2.23,Markey Cancer Center (Kentucky),98.2,1.87,100.0,77.3,101.3,Markey Cancer Center (Kentucky)
21123,Larue,21,0,0.6,1,"Jefferson, Kentucky",54.0,1.12,"Jefferson, Kentucky",54.0,1.12,Markey Cancer Center (Kentucky),85.9,1.72,54.7,54.7,89.4,Markey Cancer Center (Kentucky)
21125,Laurel,21,13,0.3,1,"Fayette, Kentucky",77.1,1.45,"Fayette, Kentucky",77.1,1.45,Markey Cancer Center (Kentucky),77.9,1.39,81.5,81.5,82.7,Markey Cancer Center (Kentucky)
21127,Lawrence,21,0,0.8,1,"Fayette, Kentucky",120.2,2.41,"Kanawha, West Virginia",82.2,1.95,Markey Cancer Center (Kentucky),120.1,2.42,118.7,70.4,119.6,Markey Cancer Center (Kentucky)
21129,Lee,21,0,0.3,1,"Fayette, Kentucky",65.1,1.57,"Fayette, Kentucky",65.1,1.57,Markey Cancer Center (Kentucky),65.4,1.49,62.9,62.9,64.2,Markey Cancer Center (Kentucky)
21131,Leslie,21,0,0.3,1,"Fayette, Kentucky",117.8,2.8,"Knox, Tennessee",110.2,2.72,Markey Cancer Center (Kentucky),118.1,2.71,105.0,103.3,106.3,Markey Cancer Center (Kentucky)
21133,Letcher,21,0,0.7,1,"Fayette, Kentucky",144.5,3.45,"Knox, Tennessee",135.7,3.53,Markey Cancer Center (Kentucky),144.5,3.46,132.4,125.3,133.7,Markey Cancer Center (Kentucky)
21135,Lewis,21,0,1.1,1,"Fayette, Kentucky",88.4,2.09,"Fayette, Kentucky",88.4,2.09,Markey Cancer Center (Kentucky),87.4,2.07,87.0,85.9,87.3,Markey Cancer Center (Kentucky)
21137,Lincoln,21,0,1.6,1,"Fayette, Kentucky",47.2,1.05,"Fayette, Kentucky",47.2,1.05,Markey Cancer Center (Kentucky),46.4,1.03,46.8,46.8,47.5,Markey Cancer Center (Kentucky)
21139,Livingston,21,0,0.7,1,"Davidson, Tennessee",127.6,2.21,"Williamson, Illinois",78.6,1.49,Vanderbilt-Ingram Cancer Center,127.4,2.27,135.0,65.9,131.7,Vanderbilt-Ingram Cancer Center
21141,Logan,21,0,0.1,1,"Davidson, Tennessee",55.7,1.2,"Davidson, Tennessee",55.7,1.2,Vanderbilt-Ingram Cancer Center,55.5,1.19,60.4,60.4,59.5,Vanderbilt-Ingram Cancer Center
21143,Lyon,21,0,0.3,1,"Davidson, Tennessee",102.3,1.7,"Williamson, Illinois",90.2,1.69,Vanderbilt-Ingram Cancer Center,102.1,1.76,117.5,82.2,114.3,Vanderbilt-Ingram Cancer Center
21145,McCracken,21,9,0.1,1,"Davidson, Tennessee",136.8,2.28,"Williamson, Illinois",56.6,0.91,Vanderbilt-Ingram Cancer Center,136.5,2.35,147.6,62.3,144.0,Vanderbilt-Ingram Cancer Center
21147,McCreary,21,0,0.8,1,"Fayette, Kentucky",104.6,2.29,"Knox, Tennessee",79.3,1.65,Markey Cancer Center (Kentucky),103.9,2.28,108.4,68.6,109.4,Markey Cancer Center (Kentucky)
21149,McLean,21,0,0.4,1,"Davidson, Tennessee",110.3,2.48,"Williamson, Illinois",108.4,2.29,Vanderbilt-Ingram Cancer Center,110.1,2.47,115.5,115.5,117.1,Vanderbilt-Ingram Cancer Center
21151,Madison,21,1,1.0,1,"Fayette, Kentucky",29.9,0.71,"Fayette, Kentucky",29.9,0.71,Markey Cancer Center (Kentucky),30.2,0.62,29.3,29.3,30.6,Markey Cancer Center (Kentucky)
21153,Magoffin,21,0,0.1,1,"Fayette, Kentucky",94.9,1.96,"Fayette, Kentucky",94.9,1.96,Markey Cancer Center (Kentucky),94.8,1.97,97.0,97.0,98.1,Markey Cancer Center (Kentucky)
21155,Marion,21,0,0.1,1,"Jefferson, Kentucky",57.7,1.33,"Jefferson, Kentucky",57.7,1.33,Markey Cancer Center (Kentucky),62.3,1.5,58.6,58.6,63.7,Markey Cancer Center (Kentucky)
21157,Marshall,21,0,0.2,1,"Davidson, Tennessee",119.6,2.25,"Williamson, Illinois",78.0,1.37,Vanderbilt-Ingram Cancer Center,119.4,2.32,123.5,82.6,119.9,Vanderbilt-Ingram Cancer Center
21159,Martin,21,0,0.3,1,"Fayette, Kentucky",135.3,3.13,"Kanawha, West Virginia",89.5,2.1,Markey Cancer Center (Kentucky),135.2,3.14,130.2,71.1,131.2,Markey Cancer Center (Kentucky)
21161,Mason,21,0,0.3,1,"Fayette, Kentucky",61.5,1.42,"Kenton, Kentucky",58.3,1.38,Markey Cancer Center (Kentucky),60.5,1.4,66.0,59.0,67.3,Markey Cancer Center (Kentucky)
21163,Meade,21,0,0.0,1,"Jefferson, Kentucky",38.8,0.82,"Jefferson, Kentucky",38.8,0.82,Markey Cancer Center (Kentucky),102.8,2.05,36.7,36.7,106.6,Markey Cancer Center (Kentucky)
21165,Menifee,21,0,0.7,1,"Fayette, Kentucky",57.4,1.23,"Fayette, Kentucky",57.4,1.23,Markey Cancer Center (Kentucky),57.3,1.24,59.0,59.0,60.0,Markey Cancer Center (Kentucky)
21167,Mercer,21,0,0.1,1,"Fayette, Kentucky",33.5,0.8,"Fayette, Kentucky",33.5,0.8,Markey Cancer Center (Kentucky),32.2,0.8,30.3,30.3,30.3,Markey Cancer Center (Kentucky)
21169,Metcalfe,21,0,0.2,1,"Jefferson, Kentucky",101.5,2.25,"Jefferson, Kentucky",101.5,2.25,Vanderbilt-Ingram Cancer Center,102.0,2.11,100.4,100.4,104.5,Vanderbilt-Ingram Cancer Center
21171,Monroe,21,0,0.8,1,"Davidson, Tennessee",89.0,1.9,"Davidson, Tennessee",89.0,1.9,Vanderbilt-Ingram Cancer Center,89.8,2.05,82.9,82.9,85.9,Vanderbilt-Ingram Cancer Center
21173,Montgomery,21,12,0.6,1,"Fayette, Kentucky",35.6,0.75,"Fayette, Kentucky",35.6,0.75,Markey Cancer Center (Kentucky),35.5,0.77,37.7,37.7,38.5,Markey Cancer Center (Kentucky)
21175,Morgan,21,0,0.2,1,"Fayette, Kentucky",81.2,1.8,"Fayette, Kentucky",81.2,1.8,Markey Cancer Center (Kentucky),81.2,1.81,80.6,80.6,81.6,Markey Cancer Center (Kentucky)
21177,Muhlenberg,21,0,0.2,1,"Davidson, Tennessee",92.5,2.05,"Davidson, Tennessee",92.5,2.05,Vanderbilt-Ingram Cancer Center,92.3,2.04,95.1,95.1,93.5,Vanderbilt-Ingram Cancer Center
21179,Nelson,21,13,0.2,1,"Jefferson, Kentucky",33.1,0.74,"Jefferson, Kentucky",33.1,0.74,Markey Cancer Center (Kentucky),58.5,1.08,34.9,34.9,64.6,Markey Cancer Center (Kentucky)
21181,Nicholas,21,0,0.1,1,"Fayette, Kentucky",37.0,0.86,"Fayette, Kentucky",37.0,0.86,Markey Cancer Center (Kentucky),36.0,0.84,39.8,39.8,39.8,Markey Cancer Center (Kentucky)
21183,Ohio,21,0,0.2,1,"Jefferson, Kentucky",95.9,2.04,"Jefferson, Kentucky",95.9,2.04,Vanderbilt-Ingram Cancer Center,105.0,2.13,98.4,98.4,109.6,Vanderbilt-Ingram Cancer Center
21185,Oldham,21,0,0.6,1,"Jefferson, Kentucky",19.7,0.38,"Jefferson, Kentucky",19.7,0.38,Markey Cancer Center (Kentucky),66.9,1.37,20.5,20.5,68.1,Markey Cancer Center (Kentucky)
21187,Owen,21,0,0.1,1,"Fayette, Kentucky",45.5,1.16,"Fayette, Kentucky",45.5,1.16,Markey Cancer Center (Kentucky),44.4,1.15,47.7,43.8,46.4,Markey Cancer Center (Kentucky)
21189,Owsley,21,0,0.2,1,"Fayette, Kentucky",77.5,1.82,"Fayette, Kentucky",77.5,1.82,Markey Cancer Center (Kentucky),77.8,1.73,71.0,71.0,72.3,Markey Cancer Center (Kentucky)
21191,Pendleton,21,0,0.6,1,"Hamilton, Ohio",39.3,0.97,"Kenton, Kentucky",28.8,0.72,Markey Cancer Center (Kentucky),54.1,1.23,39.8,27.4,57.5,Markey Cancer Center (Kentucky)
21193,Perry,21,0,0.1,1,"Fayette, Kentucky",112.3,2.49,"Fayette, Kentucky",112.3,2.49,Markey Cancer Center (Kentucky),112.2,2.5,105.9,105.9,107.1,Markey Cancer Center (Kentucky)
21195,Pike,21,1,3.6,1,"Fayette, Kentucky",149.8,3.38,"Kanawha, West Virginia",120.0,2.81,Markey Cancer Center (Kentucky),149.7,3.4,143.2,90.0,144.3,Markey Cancer Center (Kentucky)
21197,Powell,21,0,0.5,1,"Fayette, Kentucky",43.2,0.89,"Fayette, Kentucky",43.2,0.89,Markey Cancer Center (Kentucky),43.1,0.9,42.5,42.5,43.7,Markey Cancer Center (Kentucky)
21199,Pulaski,21,0,0.2,1,"Fayette, Kentucky",73.6,1.58,"Fayette, Kentucky",73.6,1.58,Markey Cancer Center (Kentucky),72.8,1.57,77.4,77.4,78.2,Markey Cancer Center (Kentucky)
21201,Robertson,21,0,0.6,1,"Fayette, Kentucky",51.1,1.24,"Fayette, Kentucky",51.1,1.24,Markey Cancer Center (Kentucky),50.1,1.22,50.6,50.6,50.3,Markey Cancer Center (Kentucky)
21203,Rockcastle,21,0,0.9,1,"Fayette, Kentucky",51.5,0.99,"Fayette, Kentucky",51.5,0.99,Markey Cancer Center (Kentucky),52.2,0.92,53.8,53.8,55.0,Markey Cancer Center (Kentucky)
21205,Rowan,21,1,0.9,1,"Fayette, Kentucky",65.0,1.17,"Fayette, Kentucky",65.0,1.17,Markey Cancer Center (Kentucky),64.9,1.18,70.0,70.0,70.7,Markey Cancer Center (Kentucky)
21207,Russell,21,0,0.7,1,"Fayette, Kentucky",84.6,1.83,"Fayette, Kentucky",84.6,1.83,Markey Cancer Center (Kentucky),83.9,1.82,90.0,90.0,90.6,Markey Cancer Center (Kentucky)
21209,Scott,21,0,0.0,1,"Fayette, Kentucky",16.0,0.37,"Fayette, Kentucky",16.0,0.37,Markey Cancer Center (Kentucky),14.8,0.35,18.1,18.1,16.9,Markey Cancer Center (Kentucky)
21211,Shelby,21,1,0.0,1,"Jefferson, Kentucky",26.2,0.48,"Jefferson, Kentucky",26.2,0.48,Markey Cancer Center (Kentucky),45.5,0.88,29.6,29.6,49.6,Markey Cancer Center (Kentucky)
21213,Simpson,21,0,0.2,1,"Davidson, Tennessee",46.9,0.91,"Davidson, Tennessee",46.9,0.91,Vanderbilt-Ingram Cancer Center,46.8,0.93,50.6,50.6,51.2,Vanderbilt-Ingram Cancer Center
21215,Spencer,21,0,0.3,1,"Jefferson, Kentucky",24.6,0.51,"Jefferson, Kentucky",24.6,0.51,Markey Cancer Center (Kentucky),53.3,1.32,24.7,24.7,55.1,Markey Cancer Center (Kentucky)
21217,Taylor,21,0,0.1,1,"Jefferson, Kentucky",75.8,1.76,"Jefferson, Kentucky",75.8,1.76,Markey Cancer Center (Kentucky),79.8,1.9,74.1,74.1,78.7,Markey Cancer Center (Kentucky)
21219,Todd,21,0,0.6,1,"Davidson, Tennessee",61.9,1.34,"Davidson, Tennessee",61.9,1.34,Vanderbilt-Ingram Cancer Center,61.6,1.33,62.8,62.8,60.6,Vanderbilt-Ingram Cancer Center
21221,Trigg,21,0,0.3,1,"Davidson, Tennessee",84.2,1.47,"Davidson, Tennessee",84.2,1.47,Vanderbilt-Ingram Cancer Center,84.0,1.54,93.4,93.4,90.1,Vanderbilt-Ingram Cancer Center
21223,Trimble,21,0,0.5,1,"Jefferson, Kentucky",43.5,0.87,"Jefferson, Kentucky",43.5,0.87,Markey Cancer Center (Kentucky),71.6,1.75,41.6,41.6,72.4,Markey Cancer Center (Kentucky)
21225,Union,21,0,0.7,1,"Davidson, Tennessee",141.8,2.98,"Williamson, Illinois",62.9,1.33,Vanderbilt-Ingram Cancer Center,141.6,3.04,148.1,69.2,145.7,Vanderbilt-Ingram Cancer Center
21227,Warren,21,1,0.2,1,"Davidson, Tennessee",64.6,1.16,"Davidson, Tennessee",64.6,1.16,Vanderbilt-Ingram Cancer Center,64.6,1.18,71.8,71.8,72.5,Vanderbilt-Ingram Cancer Center
21229,Washington,21,0,0.4,1,"Jefferson, Kentucky",50.8,1.19,"Jefferson, Kentucky",50.8,1.19,Markey Cancer Center (Kentucky),50.5,1.03,50.2,50.2,51.0,Markey Cancer Center (Kentucky)
21231,Wayne,21,0,0.2,1,"Fayette, Kentucky",98.6,2.15,"Fayette, Kentucky",98.6,2.15,Markey Cancer Center (Kentucky),97.8,2.14,100.7,91.7,101.5,Markey Cancer Center (Kentucky)
21233,Webster,21,0,0.8,1,"Davidson, Tennessee",123.0,2.25,"Williamson, Illinois",82.2,1.76,Vanderbilt-Ingram Cancer Center,122.7,2.31,129.1,87.5,126.8,Vanderbilt-Ingram Cancer Center
21235,Whitley,21,17,0.8,1,"Fayette, Kentucky",98.8,1.88,"Knox, Tennessee",75.1,1.36,Markey Cancer Center (Kentucky),99.6,1.81,102.7,70.5,103.8,Markey Cancer Center (Kentucky)
21237,Wolfe,21,0,0.1,1,"Fayette, Kentucky",66.3,1.43,"Fayette, Kentucky",66.3,1.43,Markey Cancer Center (Kentucky),66.3,1.45,68.5,68.5,69.7,Markey Cancer Center (Kentucky)
21239,Woodford,21,0,0.2,1,"Fayette, Kentucky",15.5,0.35,"Fayette, Kentucky",15.5,0.35,Markey Cancer Center (Kentucky),14.1,0.33,15.3,15.3,14.3,Markey Cancer Center (Kentucky)
22001,Acadia,22,0,0.3,1,"Harris, Texas",200.0,3.9,"East Baton Rouge, Louisiana",80.0,1.38,MD Anderson Cancer Center,202.8,4.03,224.0,90.7,224.2,Dan L Duncan Comprehensive Cancer Center (Baylor)
22003,Allen,22,0,2.3,1,"Harris, Texas",188.0,3.88,"East Baton Rouge, Louisiana",115.6,2.55,MD Anderson Cancer Center,190.7,4.02,202.3,121.1,204.2,Dan L Duncan Comprehensive Cancer Center (Baylor)
22005,Ascension,22,2,0.1,1,"Harris, Texas",290.2,5.36,"East Baton Rouge, Louisiana",17.9,0.39,MD Anderson Cancer Center,292.9,5.5,324.4,20.8,324.1,Dan L Duncan Comprehensive Cancer Center (Baylor)
22007,Assumption,22,0,0.9,1,"Harris, Texas",305.7,5.87,"East Baton Rouge, Louisiana",47.0,1.06,MD Anderson Cancer Center,308.4,6.01,313.6,44.7,312.4,Dan L Duncan Comprehensive Cancer Center (Baylor)
22009,Avoyelles,22,0,0.3,1,"Harris, Texas",248.9,5.26,"East Baton Rouge, Louisiana",84.1,1.85,MD Anderson Cancer Center,251.7,5.4,261.1,84.9,263.5,Dan L Duncan Comprehensive Cancer Center (Baylor)
22011,Beauregard,22,0,2.7,1,"Harris, Texas",167.0,3.46,"Caddo, Louisiana",143.4,3.09,MD Anderson Cancer Center,169.8,3.59,170.9,149.2,173.7,Dan L Duncan Comprehensive Cancer Center (Baylor)
22013,Bienville,22,0,1.1,1,"Dallas, Texas",235.1,4.92,"Caddo, Louisiana",54.8,1.16,Harold C. Simmons Comprehensive Cancer Center (UTSW),238.3,5.0,261.4,50.9,265.3,Harold C. Simmons Comprehensive Cancer Center (UTSW)
22015,Bossier,22,0,0.2,1,"Dallas, Texas",194.8,3.9,"Caddo, Louisiana",13.0,0.26,Harold C. Simmons Comprehensive Cancer Center (UTSW),198.0,3.98,219.3,12.4,223.1,Harold C. Simmons Comprehensive Cancer Center (UTSW)
22017,Caddo,22,40,0.2,1,"Dallas, Texas",182.7,3.7,"Caddo, Louisiana",0.0,0.0,Harold C. Simmons Comprehensive Cancer Center (UTSW),185.8,3.78,210.6,0.0,214.4,Harold C. Simmons Comprehensive Cancer Center (UTSW)
22019,Calcasieu,22,0,0.8,1,"Harris, Texas",142.9,2.71,"East Baton Rouge, Louisiana",133.8,2.45,MD Anderson Cancer Center,145.7,2.85,159.3,142.9,159.9,Dan L Duncan Comprehensive Cancer Center (Baylor)
22021,Caldwell,22,0,0.2,1,"Shelby, Tennessee",289.0,6.11,"Caddo, Louisiana",122.5,2.51,MD Anderson Cancer Center,298.3,6.36,296.2,123.2,305.9,Dan L Duncan Comprehensive Cancer Center (Baylor)
22023,Cameron,22,0,0.5,1,"Harris, Texas",166.0,3.22,"East Baton Rouge, Louisiana",153.1,2.85,MD Anderson Cancer Center,168.8,3.36,159.6,137.4,159.0,Dan L Duncan Comprehensive Cancer Center (Baylor)
22025,Catahoula,22,0,0.7,1,"Harris, Texas",284.5,5.89,"East Baton Rouge, Louisiana",122.8,2.69,MD Anderson Cancer Center,288.2,6.1,300.4,114.4,304.0,Dan L Duncan Comprehensive Cancer Center (Baylor)
22027,Claiborne,22,0,1.0,1,"Dallas, Texas",238.2,4.92,"Caddo, Louisiana",55.9,1.25,Harold C. Simmons Comprehensive Cancer Center (UTSW),241.3,5.0,261.6,61.1,265.4,Harold C. Simmons Comprehensive Cancer Center (UTSW)
22029,Concordia,22,0,0.6,1,"Harris, Texas",298.5,6.18,"East Baton Rouge, Louisiana",103.7,2.24,MD Anderson Cancer Center,302.1,6.39,313.3,99.1,316.4,Dan L Duncan Comprehensive Cancer Center (Baylor)
22031,De Soto,22,0,1.7,1,"Dallas, Texas",208.6,4.31,"Caddo, Louisiana",34.8,0.74,Harold C. Simmons Comprehensive Cancer Center (UTSW),211.7,4.39,218.1,28.9,221.9,Harold C. Simmons Comprehensive Cancer Center (UTSW)
22033,East Baton Rouge,22,69,0.1,1,"Harris, Texas",275.1,5.11,"East Baton Rouge, Louisiana",0.0,0.0,MD Anderson Cancer Center,277.8,5.25,314.7,0.0,314.9,Dan L Duncan Comprehensive Cancer Center (Baylor)
22035,East Carroll,22,0,0.3,1,"Shelby, Tennessee",213.1,4.44,"Hinds, Mississippi",84.5,1.71,O'Neal Comprehensive Cancer Center (UAB),322.1,5.81,215.8,75.1,310.5,O'Neal Comprehensive Cancer Center (UAB)
22037,East Feliciana,22,0,1.8,1,"Harris, Texas",292.5,6.19,"East Baton Rouge, Louisiana",29.7,0.68,MD Anderson Cancer Center,295.3,6.33,321.2,29.9,322.3,Dan L Duncan Comprehensive Cancer Center (Baylor)
22039,Evangeline,22,0,0.2,1,"Harris, Texas",215.3,4.46,"East Baton Rouge, Louisiana",83.7,1.87,MD Anderson Cancer Center,218.0,4.6,231.1,92.0,232.6,Dan L Duncan Comprehensive Cancer Center (Baylor)
22041,Franklin,22,0,0.6,1,"Shelby, Tennessee",261.4,5.5,"Hinds, Mississippi",102.5,1.94,MD Anderson Cancer Center,326.1,6.93,277.1,101.7,332.3,Dan L Duncan Comprehensive Cancer Center (Baylor)
22043,Grant,22,0,0.7,1,"Harris, Texas",250.8,5.24,"Caddo, Louisiana",112.3,2.43,MD Anderson Cancer Center,255.6,5.37,250.2,118.0,254.2,Dan L Duncan Comprehensive Cancer Center (Baylor)
22045,Iberia,22,0,0.2,1,"Harris, Texas",238.3,4.75,"East Baton Rouge, Louisiana",71.0,1.38,MD Anderson Cancer Center,241.1,4.89,260.3,63.9,259.4,Dan L Duncan Comprehensive Cancer Center (Baylor)
22047,Iberville,22,0,0.4,1,"Harris, Texas",273.5,5.17,"East Baton Rouge, Louisiana",21.1,0.51,MD Anderson Cancer Center,276.3,5.31,303.3,18.3,303.1,Dan L Duncan Comprehensive Cancer Center (Baylor)
22049,Jackson,22,0,0.9,1,"Dallas, Texas",263.5,5.54,"Caddo, Louisiana",83.1,1.78,Harold C. Simmons Comprehensive Cancer Center (UTSW),266.6,5.62,284.4,82.4,290.0,Dan L Duncan Comprehensive Cancer Center (Baylor)
22051,Jefferson,22,73,0.3,1,"Jefferson, Alabama",344.5,6.35,"Jefferson, Louisiana",0.0,0.0,O'Neal Comprehensive Cancer Center (UAB),345.3,6.37,378.3,0.0,378.1,Dan L Duncan Comprehensive Cancer Center (Baylor)
22053,Jefferson Davis,22,0,0.1,1,"Harris, Texas",173.2,3.4,"East Baton Rouge, Louisiana",102.8,1.69,MD Anderson Cancer Center,176.0,3.54,195.5,119.2,195.8,Dan L Duncan Comprehensive Cancer Center (Baylor)
22055,Lafayette,22,6,0.5,1,"Harris, Texas",217.8,4.3,"East Baton Rouge, Louisiana",63.0,1.17,MD Anderson Cancer Center,220.5,4.44,245.0,70.8,244.8,Dan L Duncan Comprehensive Cancer Center (Baylor)
22057,Lafourche,22,0,0.1,1,"Harris, Texas",319.7,6.45,"Jefferson, Louisiana",38.6,0.9,MD Anderson Cancer Center,322.5,6.59,345.1,40.6,343.4,Dan L Duncan Comprehensive Cancer Center (Baylor)
22059,LaSalle,22,0,1.0,1,"Harris, Texas",275.2,5.73,"Caddo, Louisiana",136.1,2.96,MD Anderson Cancer Center,279.7,5.96,280.8,129.5,284.8,Dan L Duncan Comprehensive Cancer Center (Baylor)
22061,Lincoln,22,0,0.3,1,"Dallas, Texas",253.6,4.99,"Caddo, Louisiana",71.3,1.32,Harold C. Simmons Comprehensive Cancer Center (UTSW),256.7,5.07,286.2,81.0,293.7,Harold C. Simmons Comprehensive Cancer Center (UTSW)
22063,Livingston,22,0,0.7,1,"Harris, Texas",290.8,5.42,"East Baton Rouge, Louisiana",16.8,0.34,MD Anderson Cancer Center,293.6,5.55,333.1,18.5,333.3,Dan L Duncan Comprehensive Cancer Center (Baylor)
22065,Madison,22,0,0.1,1,"Shelby, Tennessee",239.4,5.0,"Hinds, Mississippi",59.4,1.09,O'Neal Comprehensive Cancer Center (UAB),296.9,5.2,244.0,66.4,319.4,O'Neal Comprehensive Cancer Center (UAB)
22067,Morehouse,22,0,0.1,1,"Shelby, Tennessee",236.6,4.93,"Hinds, Mississippi",119.4,2.24,Harold C. Simmons Comprehensive Cancer Center (UTSW),313.3,6.21,238.2,120.8,345.3,Harold C. Simmons Comprehensive Cancer Center (UTSW)
22069,Natchitoches,22,0,0.2,1,"Harris, Texas",226.5,4.73,"Caddo, Louisiana",72.5,1.55,MD Anderson Cancer Center,231.3,4.87,231.0,76.9,236.4,Dan L Duncan Comprehensive Cancer Center (Baylor)
22071,Orleans,22,53,0.1,1,"Jefferson, Alabama",337.3,6.15,"Orleans, Louisiana",0.0,0.0,O'Neal Comprehensive Cancer Center (UAB),338.2,6.17,372.0,0.0,372.0,O'Neal Comprehensive Cancer Center (UAB)
22073,Ouachita,22,5,0.3,1,"Shelby, Tennessee",262.4,5.49,"Caddo, Louisiana",100.5,1.88,Harold C. Simmons Comprehensive Cancer Center (UTSW),285.9,5.63,266.3,116.7,328.9,Dan L Duncan Comprehensive Cancer Center (Baylor)
22075,Plaquemines,22,0,4.5,1,"Jefferson, Alabama",366.3,6.79,"Orleans, Louisiana",31.5,0.74,O'Neal Comprehensive Cancer Center (UAB),367.1,6.81,382.7,23.3,382.5,O'Neal Comprehensive Cancer Center (UAB)
22077,Pointe Coupee,22,0,0.7,1,"Harris, Texas",261.3,5.49,"East Baton Rouge, Louisiana",34.2,0.76,MD Anderson Cancer Center,264.0,5.63,290.2,32.9,291.1,Dan L Duncan Comprehensive Cancer Center (Baylor)
22079,Rapides,22,3,0.1,1,"Harris, Texas",233.5,4.83,"East Baton Rouge, Louisiana",112.9,2.44,MD Anderson Cancer Center,236.2,4.96,244.6,118.3,248.0,Dan L Duncan Comprehensive Cancer Center (Baylor)
22081,Red River,22,0,0.5,1,"Dallas, Texas",229.8,4.85,"Caddo, Louisiana",50.5,1.18,Harold C. Simmons Comprehensive Cancer Center (UTSW),232.9,4.93,239.1,48.8,245.3,Dan L Duncan Comprehensive Cancer Center (Baylor)
22083,Richland,22,0,0.5,1,"Shelby, Tennessee",249.5,5.25,"Hinds, Mississippi",92.7,1.62,Harold C. Simmons Comprehensive Cancer Center (UTSW),311.1,5.96,256.3,103.0,346.1,Dan L Duncan Comprehensive Cancer Center (Baylor)
22085,Sabine,22,0,1.6,1,"Harris, Texas",204.5,4.24,"Caddo, Louisiana",73.8,1.52,MD Anderson Cancer Center,209.3,4.38,197.3,75.7,203.2,Dan L Duncan Comprehensive Cancer Center (Baylor)
22087,St. Bernard,22,0,0.1,1,"Jefferson, Alabama",337.5,6.16,"Orleans, Louisiana",8.2,0.19,O'Neal Comprehensive Cancer Center (UAB),338.4,6.18,370.1,9.1,370.0,O'Neal Comprehensive Cancer Center (UAB)
22089,St. Charles,22,0,0.0,1,"Harris, Texas",334.3,6.47,"Jefferson, Louisiana",17.0,0.38,MD Anderson Cancer Center,337.0,6.61,363.1,16.1,362.0,Dan L Duncan Comprehensive Cancer Center (Baylor)
22091,St. Helena,22,0,0.4,1,"Harris, Texas",311.9,5.91,"East Baton Rouge, Louisiana",38.8,0.85,MD Anderson Cancer Center,314.6,6.05,348.1,39.7,348.9,Dan L Duncan Comprehensive Cancer Center (Baylor)
22093,St. James,22,0,0.1,1,"Harris, Texas",313.9,6.15,"Jefferson, Louisiana",41.7,0.98,MD Anderson Cancer Center,316.6,6.28,337.4,42.4,336.4,Dan L Duncan Comprehensive Cancer Center (Baylor)
22095,St. John the Baptist,22,0,0.2,1,"Harris, Texas",320.2,6.14,"Jefferson, Louisiana",26.4,0.63,MD Anderson Cancer Center,323.0,6.27,353.7,27.8,352.8,Dan L Duncan Comprehensive Cancer Center (Baylor)
22097,St. Landry,22,0,0.3,1,"Harris, Texas",220.2,4.61,"East Baton Rouge, Louisiana",64.8,1.43,MD Anderson Cancer Center,222.9,4.74,244.3,72.5,245.1,Dan L Duncan Comprehensive Cancer Center (Baylor)
22099,St. Martin,22,0,0.1,1,"Harris, Texas",230.4,4.42,"East Baton Rouge, Louisiana",55.3,1.01,MD Anderson Cancer Center,233.1,4.56,259.9,56.1,259.7,Dan L Duncan Comprehensive Cancer Center (Baylor)
22101,St. Mary,22,0,1.4,1,"Harris, Texas",277.4,5.68,"East Baton Rouge, Louisiana",76.0,1.73,MD Anderson Cancer Center,280.1,5.82,294.2,62.3,292.5,Dan L Duncan Comprehensive Cancer Center (Baylor)
22103,St. Tammany,22,20,0.8,1,"Jefferson, Alabama",319.9,5.8,"St. Tammany, Louisiana",0.0,0.0,O'Neal Comprehensive Cancer Center (UAB),320.7,5.81,341.2,0.0,341.2,O'Neal Comprehensive Cancer Center (UAB)
22105,Tangipahoa,22,2,0.8,1,"Harris, Texas",317.7,6.07,"St. Tammany, Louisiana",37.8,0.7,MD Anderson Cancer Center,320.4,6.2,354.1,37.7,354.2,O'Neal Comprehensive Cancer Center (UAB)
22107,Tensas,22,0,1.3,1,"Shelby, Tennessee",275.3,5.79,"Hinds, Mississippi",94.3,1.85,MD Anderson Cancer Center,329.7,6.99,280.4,78.5,338.9,O'Neal Comprehensive Cancer Center (UAB)
22109,Terrebonne,22,1,0.1,1,"Harris, Texas",317.5,6.51,"Jefferson, Louisiana",47.0,1.07,MD Anderson Cancer Center,320.3,6.64,339.0,50.4,337.0,Dan L Duncan Comprehensive Cancer Center (Baylor)
22111,Union,22,0,0.4,1,"Shelby, Tennessee",268.7,5.62,"Caddo, Louisiana",94.1,2.09,Harold C. Simmons Comprehensive Cancer Center (UTSW),279.5,5.84,259.9,101.3,309.7,Harold C. Simmons Comprehensive Cancer Center (UTSW)
22113,Vermilion,22,3,0.8,1,"Harris, Texas",220.2,4.41,"East Baton Rouge, Louisiana",82.2,1.58,MD Anderson Cancer Center,223.0,4.55,235.1,85.1,234.2,Dan L Duncan Comprehensive Cancer Center (Baylor)
22115,Vernon,22,0,0.8,1,"Harris, Texas",187.3,3.85,"Caddo, Louisiana",113.8,2.4,MD Anderson Cancer Center,192.1,3.98,188.3,120.4,192.4,Dan L Duncan Comprehensive Cancer Center (Baylor)
22117,Washington,22,0,0.1,1,"Jefferson, Alabama",300.5,5.77,"St. Tammany, Louisiana",44.0,1.01,O'Neal Comprehensive Cancer Center (UAB),301.4,5.79,315.4,37.6,315.4,O'Neal Comprehensive Cancer Center (UAB)
22119,Webster,22,0,2.2,1,"Dallas, Texas",221.6,4.55,"Caddo, Louisiana",39.4,0.88,Harold C. Simmons Comprehensive Cancer Center (UTSW),224.7,4.63,240.7,37.4,244.6,Harold C. Simmons Comprehensive Cancer Center (UTSW)
22121,West Baton Rouge,22,0,1.1,1,"Harris, Texas",265.3,4.89,"East Baton Rouge, Louisiana",11.9,0.28,MD Anderson Cancer Center,268.1,5.03,302.6,12.1,302.8,Dan L Duncan Comprehensive Cancer Center (Baylor)
22123,West Carroll,22,0,0.5,1,"Shelby, Tennessee",208.8,4.33,"Hinds, Mississippi",105.9,2.16,O'Neal Comprehensive Cancer Center (UAB),323.2,6.77,218.4,92.6,326.0,O'Neal Comprehensive Cancer Center (UAB)
22125,West Feliciana,22,0,1.2,1,"Harris, Texas",290.0,6.15,"East Baton Rouge, Louisiana",40.3,0.91,MD Anderson Cancer Center,292.8,6.29,298.5,43.1,299.9,Dan L Duncan Comprehensive Cancer Center (Baylor)
22127,Winn,22,0,0.7,1,"Harris, Texas",258.4,5.43,"Caddo, Louisiana",95.3,2.06,MD Anderson Cancer Center,263.1,5.56,262.6,90.4,267.7,Dan L Duncan Comprehensive Cancer Center (Baylor)
23001,Androscoggin,23,0,0.2,1,"Suffolk, Massachusetts",137.6,2.52,"Cumberland, Maine",28.0,0.6,Dana-Farber/Harvard Cancer Center,137.7,2.52,156.9,31.4,129.0,Dartmouth Cancer Center
23003,Aroostook,23,0,1.3,1,"Suffolk, Massachusetts",378.3,7.25,"Penobscot, Maine",154.2,2.97,Dana-Farber/Harvard Cancer Center,378.5,7.24,402.7,151.3,351.9,Dartmouth Cancer Center
23005,Cumberland,23,58,0.1,1,"Suffolk, Massachusetts",109.8,1.93,"Cumberland, Maine",0.0,0.0,Dana-Farber/Harvard Cancer Center,109.9,1.93,125.9,0.0,117.2,Dartmouth Cancer Center
23007,Franklin,23,0,1.5,1,"Suffolk, Massachusetts",183.4,3.54,"Cumberland, Maine",73.8,1.61,Dartmouth Cancer Center,176.8,3.96,203.2,79.8,149.8,Dartmouth Cancer Center
23009,Hancock,23,0,1.1,1,"Suffolk, Massachusetts",238.2,4.9,"Penobscot, Maine",49.8,1.15,Dana-Farber/Harvard Cancer Center,238.3,4.89,236.7,43.8,236.0,Dartmouth Cancer Center
23011,Kennebec,23,12,0.3,1,"Suffolk, Massachusetts",166.3,2.97,"Cumberland, Maine",60.4,1.05,Dana-Farber/Harvard Cancer Center,166.4,2.96,188.6,63.2,162.1,Dartmouth Cancer Center
23013,Knox,23,6,1.9,1,"Suffolk, Massachusetts",179.1,3.51,"Cumberland, Maine",73.2,1.58,Dana-Farber/Harvard Cancer Center,179.2,3.5,188.6,70.6,188.8,Dana-Farber/Harvard Cancer Center
23015,Lincoln,23,4,0.5,1,"Suffolk, Massachusetts",156.1,3.0,"Cumberland, Maine",50.2,1.08,Dana-Farber/Harvard Cancer Center,156.2,2.99,168.3,50.9,164.8,Dartmouth Cancer Center
23017,Oxford,23,1,3.1,1,"Suffolk, Massachusetts",160.9,2.99,"Cumberland, Maine",51.3,1.07,Dartmouth Cancer Center,140.6,3.37,163.5,47.9,111.5,Dartmouth Cancer Center
23019,Penobscot,23,21,2.5,1,"Suffolk, Massachusetts",239.8,4.72,"Penobscot, Maine",0.0,0.0,Dana-Farber/Harvard Cancer Center,239.9,4.71,255.9,0.0,232.1,Dartmouth Cancer Center
23021,Piscataquis,23,0,0.8,1,"Suffolk, Massachusetts",238.8,4.56,"Penobscot, Maine",37.2,0.82,Dana-Farber/Harvard Cancer Center,238.9,4.55,264.5,36.5,221.9,Dartmouth Cancer Center
23023,Sagadahoc,23,11,1.5,1,"Suffolk, Massachusetts",137.9,2.63,"Cumberland, Maine",32.0,0.71,Dana-Farber/Harvard Cancer Center,138.1,2.62,152.9,31.2,145.0,Dartmouth Cancer Center
23025,Somerset,23,0,0.8,1,"Suffolk, Massachusetts",199.4,3.76,"Penobscot, Maine",62.0,1.4,Dana-Farber/Harvard Cancer Center,199.5,3.75,222.3,53.2,181.5,Dartmouth Cancer Center
23027,Waldo,23,4,0.6,1,"Suffolk, Massachusetts",202.7,4.0,"Penobscot, Maine",49.7,1.15,Dana-Farber/Harvard Cancer Center,202.8,3.99,215.1,41.3,201.6,Dartmouth Cancer Center
23029,Washington,23,0,2.0,1,"Suffolk, Massachusetts",307.0,6.45,"Penobscot, Maine",110.0,2.52,Dana-Farber/Harvard Cancer Center,307.2,6.44,301.4,78.5,301.8,Dana-Farber/Harvard Cancer Center
23031,York,23,17,1.6,1,"Suffolk, Massachusetts",86.2,1.58,"Cumberland, Maine",33.3,0.58,Dana-Farber/Harvard Cancer Center,86.3,1.58,93.9,33.6,93.5,Dana-Farber/Harvard Cancer Center
24001,Allegany,24,13,0.6,1,"Allegheny, Pennsylvania",104.5,2.49,"Monongalia, West Virginia",67.6,1.45,UPMC Hillman Cancer Center,102.6,2.26,99.8,72.6,98.2,UPMC Hillman Cancer Center
24003,Anne Arundel,24,38,1.4,1,"Baltimore, Maryland",18.5,0.43,"Anne Arundel, Maryland",0.0,0.0,UM Greenebaum Comprehensive Cancer Center,17.0,0.38,20.2,0.0,18.6,UM Greenebaum Comprehensive Cancer Center
24005,Baltimore,24,50,0.3,1,"Baltimore, Maryland",4.3,0.09,"Baltimore, Maryland",0.0,0.0,UM Greenebaum Comprehensive Cancer Center,6.0,0.13,4.5,0.0,6.1,UM Greenebaum Comprehensive Cancer Center
24009,Calvert,24,0,0.4,1,"District of Columbia, District of Columbia",44.7,1.02,"Prince George's, Maryland",39.2,0.87,Georgetown Lombardi Comprehensive Cancer Center,49.2,1.12,42.5,37.1,46.6,Georgetown Lombardi Comprehensive Cancer Center
24011,Caroline,24,0,0.2,1,"Baltimore, Maryland",63.7,1.47,"Sussex, Delaware",38.7,0.85,UM Greenebaum Comprehensive Cancer Center,62.4,1.44,62.5,36.7,60.2,Sidney Kimmel Comprehensive Cancer Center (Johns Hopkins)
24013,Carroll,24,10,0.1,1,"Baltimore, Maryland",29.6,0.68,"Baltimore, Maryland",28.8,0.68,UM Greenebaum Comprehensive Cancer Center,29.6,0.67,29.8,27.1,30.5,UM Greenebaum Comprehensive Cancer Center
24015,Cecil,24,9,0.1,1,"Baltimore, Maryland",44.0,1.0,"New Castle, Delaware",19.0,0.39,Sidney Kimmel Comprehensive Cancer Center (Johns Hopkins),42.5,0.98,50.2,20.0,49.2,Sidney Kimmel Comprehensive Cancer Center (Johns Hopkins)
24017,Charles,24,0,0.1,1,"District of Columbia, District of Columbia",29.3,0.7,"Prince George's, Maryland",28.3,0.69,Georgetown Lombardi Comprehensive Cancer Center,33.8,0.8,27.6,27.5,29.3,Georgetown Lombardi Comprehensive Cancer Center
24019,Dorchester,24,0,1.1,1,"Baltimore, Maryland",81.2,1.82,"Sussex, Delaware",48.5,1.07,UM Greenebaum Comprehensive Cancer Center,79.8,1.8,70.6,44.7,70.9,Sidney Kimmel Comprehensive Cancer Center (Johns Hopkins)
24021,Frederick,24,15,0.8,1,"Montgomery, Maryland",33.0,0.67,"Montgomery, Maryland",33.0,0.67,Georgetown Lombardi Comprehensive Cancer Center,44.9,0.88,33.4,33.4,46.7,Georgetown Lombardi Comprehensive Cancer Center
24023,Garrett,24,0,0.9,1,"Allegheny, Pennsylvania",90.1,2.11,"Monongalia, West Virginia",46.2,0.93,UPMC Hillman Cancer Center,92.5,2.12,88.3,42.8,87.4,UPMC Hillman Cancer Center
24025,Harford,24,18,1.0,1,"Baltimore, Maryland",26.7,0.6,"Baltimore, Maryland",26.7,0.6,Sidney Kimmel Comprehensive Cancer Center (Johns Hopkins),27.7,0.61,26.1,23.6,25.6,Sidney Kimmel Comprehensive Cancer Center (Johns Hopkins)
24027,Howard,24,33,0.2,1,"Baltimore, Maryland",17.3,0.42,"Howard, Maryland",0.0,0.0,UM Greenebaum Comprehensive Cancer Center,15.6,0.39,17.2,0.0,16.2,UM Greenebaum Comprehensive Cancer Center
24029,Kent,24,0,0.3,1,"Baltimore, Maryland",68.7,1.56,"New Castle, Delaware",44.1,0.9,UM Greenebaum Comprehensive Cancer Center,67.3,1.53,36.4,36.4,34.4,Sidney Kimmel Comprehensive Cancer Center (Johns Hopkins)
24031,Montgomery,24,196,0.3,1,"Montgomery, Maryland",0.0,0.0,"Montgomery, Maryland",0.0,0.0,Georgetown Lombardi Comprehensive Cancer Center,16.3,0.4,0.0,0.0,14.2,Georgetown Lombardi Comprehensive Cancer Center
24033,Prince George's,24,25,0.2,1,"District of Columbia, District of Columbia",9.9,0.21,"Prince George's, Maryland",0.0,0.0,Georgetown Lombardi Comprehensive Cancer Center,15.6,0.34,8.1,0.0,13.0,Georgetown Lombardi Comprehensive Cancer Center
24035,Queen Anne's,24,0,1.2,1,"Baltimore, Maryland",47.1,1.08,"Anne Arundel, Maryland",37.3,0.8,UM Greenebaum Comprehensive Cancer Center,45.8,1.05,38.7,29.6,36.4,Sidney Kimmel Comprehensive Cancer Center (Johns Hopkins)
24037,St. Mary's,24,0,0.9,1,"District of Columbia, District of Columbia",57.7,1.39,"Prince George's, Maryland",56.6,1.38,Georgetown Lombardi Comprehensive Cancer Center,62.1,1.49,57.4,53.8,60.5,Georgetown Lombardi Comprehensive Cancer Center
24039,Somerset,24,0,1.2,1,"Baltimore, Maryland",127.6,2.88,"Sussex, Delaware",55.2,1.23,UM Greenebaum Comprehensive Cancer Center,126.2,2.85,104.7,51.3,109.0,Georgetown Lombardi Comprehensive Cancer Center
24041,Talbot,24,7,0.6,1,"Baltimore, Maryland",61.6,1.41,"Anne Arundel, Maryland",51.8,1.13,UM Greenebaum Comprehensive Cancer Center,60.3,1.38,56.3,41.2,54.2,Sidney Kimmel Comprehensive Cancer Center (Johns Hopkins)
24043,Washington,24,0,0.1,1,"Montgomery, Maryland",53.1,1.09,"Montgomery, Maryland",53.1,1.09,Georgetown Lombardi Comprehensive Cancer Center,65.0,1.3,58.8,58.8,71.2,Georgetown Lombardi Comprehensive Cancer Center
24045,Wicomico,24,2,0.1,1,"Baltimore, Maryland",105.7,2.38,"Sussex, Delaware",33.7,0.77,UM Greenebaum Comprehensive Cancer Center,104.4,2.35,102.2,29.4,100.2,Sidney Kimmel Comprehensive Cancer Center (Johns Hopkins)
24047,Worcester,24,2,0.6,1,"Baltimore, Maryland",123.5,2.81,"Sussex, Delaware",29.3,0.69,UM Greenebaum Comprehensive Cancer Center,122.2,2.78,122.5,30.4,120.3,Sidney Kimmel Comprehensive Cancer Center (Johns Hopkins)
24510,Baltimore,24,317,0.1,1,"Baltimore, Maryland",0.0,0.0,"Baltimore, Maryland",0.0,0.0,UM Greenebaum Comprehensive Cancer Center,1.9,0.05,0.0,0.0,1.6,UM Greenebaum Comprehensive Cancer Center
25001,Barnstable,25,0,0.2,1,"Suffolk, Massachusetts",65.9,1.47,"Norfolk, Massachusetts",62.2,1.37,Dana-Farber/Harvard Cancer Center,66.4,1.47,70.5,65.8,72.3,Dana-Farber/Harvard Cancer Center
25003,Berkshire,25,1,0.1,1,"New Haven, Connecticut",87.8,2.08,"Albany, New York",41.7,0.93,Yale Cancer Center,94.5,2.19,89.5,40.7,97.1,Yale Cancer Center
25005,Bristol,25,2,1.1,1,"Providence, Rhode Island",25.0,0.55,"Providence, Rhode Island",25.0,0.55,Dana-Farber/Harvard Cancer Center,42.5,0.94,21.7,21.7,45.9,Dana-Farber/Harvard Cancer Center
25007,Dukes,25,0,9.2,1,"Providence, Rhode Island",74.7,1.63,"Norfolk, Massachusetts",72.5,1.49,Dana-Farber/Harvard Cancer Center,79.7,1.78,63.8,61.5,82.9,Dana-Farber/Harvard Cancer Center
25009,Essex,25,33,0.6,1,"Suffolk, Massachusetts",22.6,0.55,"Essex, Massachusetts",0.0,0.0,Dana-Farber/Harvard Cancer Center,22.7,0.54,24.5,0.0,24.0,Dana-Farber/Harvard Cancer Center
25011,Franklin,25,0,1.8,1,"Suffolk, Massachusetts",94.0,2.15,"Worcester, Massachusetts",62.8,1.55,Dartmouth Cancer Center,85.7,1.96,90.6,51.6,89.6,Dartmouth Cancer Center
25013,Hampden,25,14,0.2,1,"New Haven, Connecticut",64.2,1.52,"Hartford, Connecticut",31.6,0.7,Yale Cancer Center,63.7,1.38,64.6,31.5,71.3,Yale Cancer Center
25015,Hampshire,25,0,0.3,1,"New Haven, Connecticut",78.7,1.77,"Hartford, Connecticut",46.8,1.06,Yale Cancer Center,78.9,1.74,78.7,46.6,86.3,Yale Cancer Center
25017,Middlesex,25,40,0.1,1,"Suffolk, Massachusetts",14.5,0.32,"Middlesex, Massachusetts",0.0,0.0,Dana-Farber/Harvard Cancer Center,12.6,0.31,14.3,0.0,12.5,Dana-Farber/Harvard Cancer Center
25019,Nantucket,25,0,27.4,1,"Suffolk, Massachusetts",99.3,2.38,"Norfolk, Massachusetts",95.6,2.28,Dana-Farber/Harvard Cancer Center,99.8,2.39,97.6,94.8,109.3,Dana-Farber/Harvard Cancer Center
25021,Norfolk,25,30,0.2,1,"Suffolk, Massachusetts",12.4,0.31,"Norfolk, Massachusetts",0.0,0.0,Dana-Farber/Harvard Cancer Center,14.1,0.34,11.9,0.0,12.3,Dana-Farber/Harvard Cancer Center
25023,Plymouth,25,6,0.7,1,"Suffolk, Massachusetts",29.9,0.72,"Norfolk, Massachusetts",23.9,0.55,Dana-Farber/Harvard Cancer Center,30.4,0.72,29.3,23.2,30.9,Dana-Farber/Harvard Cancer Center
25025,Suffolk,25,633,0.4,1,"Suffolk, Massachusetts",0.0,0.0,"Suffolk, Massachusetts",0.0,0.0,Dana-Farber/Harvard Cancer Center,2.4,0.05,0.0,0.0,1.9,Dana-Farber/Harvard Cancer Center
25027,Worcester,25,53,0.1,1,"Providence, Rhode Island",39.1,0.86,"Worcester, Massachusetts",0.0,0.0,Dana-Farber/Harvard Cancer Center,39.0,0.83,42.9,0.0,43.0,Dana-Farber/Harvard Cancer Center
26001,Alcona,26,0,0.9,1,"Oakland, Michigan",188.0,3.65,"Saginaw, Michigan",121.3,2.51,University of Michigan Rogel Cancer Center,201.1,3.79,172.8,102.7,194.0,Karmanos Cancer Institute (Wayne State)
26003,Alger,26,0,0.8,1,"Milwaukee, Wisconsin",280.3,5.79,"Delta, Michigan",54.4,1.14,UW Carbone Cancer Center,300.6,6.1,287.6,52.4,317.5,UW Carbone Cancer Center
26005,Allegan,26,0,3.2,1,"Kent, Michigan",48.2,0.97,"Kalamazoo, Michigan",37.0,0.77,University of Michigan Rogel Cancer Center,124.6,2.35,32.9,32.9,122.3,Robert H. Lurie Comprehensive Cancer Center (Northwestern)
26007,Alpena,26,10,0.8,1,"Oakland, Michigan",215.6,4.26,"Grand Traverse, Michigan",137.6,3.06,University of Michigan Rogel Cancer Center,228.7,4.4,204.6,127.1,225.7,Karmanos Cancer Institute (Wayne State)
26009,Antrim,26,0,0.2,1,"Kent, Michigan",159.9,2.96,"Grand Traverse, Michigan",53.8,1.16,University of Michigan Rogel Cancer Center,240.0,4.22,169.1,32.8,240.7,University of Michigan Rogel Cancer Center
26011,Arenac,26,0,0.6,1,"Oakland, Michigan",118.1,2.18,"Saginaw, Michigan",51.4,1.03,University of Michigan Rogel Cancer Center,131.2,2.32,125.7,53.9,146.9,University of Michigan Rogel Cancer Center
26013,Baraga,26,0,1.1,1,"Milwaukee, Wisconsin",293.0,6.01,"Delta, Michigan",130.0,2.72,UW Carbone Cancer Center,313.4,6.32,306.3,106.0,311.3,UW Carbone Cancer Center
26015,Barry,26,0,0.2,1,"Kent, Michigan",34.6,0.76,"Kalamazoo, Michigan",32.6,0.74,University of Michigan Rogel Cancer Center,102.5,2.07,33.1,31.1,103.0,University of Michigan Rogel Cancer Center
26017,Bay,26,11,0.5,1,"Oakland, Michigan",88.4,1.91,"Saginaw, Michigan",21.8,0.45,University of Michigan Rogel Cancer Center,101.6,1.77,94.2,19.6,112.9,University of Michigan Rogel Cancer Center
26019,Benzie,26,0,0.8,1,"Kent, Michigan",145.4,3.19,"Grand Traverse, Michigan",23.5,0.52,University of Michigan Rogel Cancer Center,240.2,4.64,142.0,24.0,240.0,University of Michigan Rogel Cancer Center
26021,Berrien,26,37,0.7,1,"Kent, Michigan",92.0,1.78,"Berrien, Michigan",0.0,0.0,University of Chicago Comprehensive Cancer Center,88.1,1.81,83.9,0.0,74.9,Robert H. Lurie Comprehensive Cancer Center (Northwestern)
26023,Branch,26,0,1.1,1,"Washtenaw, Michigan",82.3,1.72,"Calhoun, Michigan",36.3,0.63,University of Michigan Rogel Cancer Center,82.8,1.73,84.7,30.2,85.0,University of Michigan Rogel Cancer Center
26025,Calhoun,26,36,0.2,1,"Kent, Michigan",66.6,1.49,"Calhoun, Michigan",0.0,0.0,University of Michigan Rogel Cancer Center,72.5,1.23,64.1,0.0,84.4,University of Michigan Rogel Cancer Center
26027,Cass,26,0,0.4,1,"Kent, Michigan",98.2,1.79,"Berrien, Michigan",28.2,0.61,University of Chicago Comprehensive Cancer Center,95.5,2.08,92.2,23.9,96.9,University of Chicago Comprehensive Cancer Center
26029,Charlevoix,26,0,3.4,1,"Kent, Michigan",177.7,3.35,"Grand Traverse, Michigan",63.7,1.39,University of Michigan Rogel Cancer Center,255.3,4.42,191.7,53.0,259.6,University of Michigan Rogel Cancer Center
26031,Cheboygan,26,0,1.7,1,"Kent, Michigan",214.6,3.94,"Grand Traverse, Michigan",104.9,2.29,University of Michigan Rogel Cancer Center,256.1,4.22,221.3,92.0,272.3,University of Michigan Rogel Cancer Center
26033,Chippewa,26,0,0.7,1,"Kent, Michigan",269.9,5.04,"Grand Traverse, Michigan",156.1,3.11,University of Michigan Rogel Cancer Center,322.3,5.22,291.4,154.1,341.4,University of Michigan Rogel Cancer Center
26035,Clare,26,0,2.1,1,"Kent, Michigan",112.4,2.11,"Osceola, Michigan",41.1,0.84,University of Michigan Rogel Cancer Center,152.9,2.6,94.6,31.8,153.4,University of Michigan Rogel Cancer Center
26037,Clinton,26,0,1.9,1,"Kent, Michigan",69.6,1.49,"Ingham, Michigan",18.4,0.33,University of Michigan Rogel Cancer Center,73.8,1.33,65.3,16.9,71.3,University of Michigan Rogel Cancer Center
26039,Crawford,26,0,0.0,1,"Kent, Michigan",155.6,2.7,"Grand Traverse, Michigan",58.2,1.32,University of Michigan Rogel Cancer Center,191.3,3.15,151.8,55.8,205.3,University of Michigan Rogel Cancer Center
26041,Delta,26,22,0.0,1,"Milwaukee, Wisconsin",225.9,4.65,"Delta, Michigan",0.0,0.0,UW Carbone Cancer Center,246.2,4.97,235.7,0.0,265.7,UW Carbone Cancer Center
26043,Dickinson,26,3,1.7,1,"Milwaukee, Wisconsin",210.4,4.29,"Delta, Michigan",55.1,1.16,UW Carbone Cancer Center,230.8,4.61,232.3,51.8,243.4,UW Carbone Cancer Center
26045,Eaton,26,0,0.0,1,"Kent, Michigan",62.4,1.04,"Ingham, Michigan",17.2,0.32,University of Michigan Rogel Cancer Center,73.0,1.53,60.0,15.9,68.9,University of Michigan Rogel Cancer Center
26047,Emmet,26,12,0.3,1,"Kent, Michigan",192.0,3.65,"Grand Traverse, Michigan",78.2,1.71,University of Michigan Rogel Cancer Center,258.3,4.48,209.2,72.4,271.0,University of Michigan Rogel Cancer Center
26049,Genesee,26,66,0.1,1,"Oakland, Michigan",40.6,0.74,"Genesee, Michigan",0.0,0.0,University of Michigan Rogel Cancer Center,54.3,0.89,41.5,0.0,60.3,University of Michigan Rogel Cancer Center
26051,Gladwin,26,10,0.9,1,"Kent, Michigan",131.5,2.47,"Saginaw, Michigan",57.9,1.14,University of Michigan Rogel Cancer Center,146.3,2.62,109.8,54.1,146.7,University of Michigan Rogel Cancer Center
26053,Gogebic,26,0,2.4,1,"Ramsey, Minnesota",229.9,4.95,"Ashland, Wisconsin",59.1,1.28,Masonic Cancer Center (Minnesota),237.6,5.07,216.7,45.3,223.8,Masonic Cancer Center (Minnesota)
26055,Grand Traverse,26,43,1.7,1,"Kent, Michigan",139.1,3.03,"Grand Traverse, Michigan",0.0,0.0,University of Michigan Rogel Cancer Center,231.7,4.42,145.2,0.0,231.6,University of Michigan Rogel Cancer Center
26057,Gratiot,26,11,1.2,1,"Kent, Michigan",82.2,1.73,"Saginaw, Michigan",37.3,0.82,University of Michigan Rogel Cancer Center,107.8,1.95,68.0,38.5,104.1,University of Michigan Rogel Cancer Center
26059,Hillsdale,26,0,1.2,1,"Washtenaw, Michigan",67.9,1.43,"Jackson, Michigan",38.7,0.84,University of Michigan Rogel Cancer Center,68.5,1.44,61.0,29.6,61.5,University of Michigan Rogel Cancer Center
26061,Houghton,26,0,0.2,1,"Milwaukee, Wisconsin",323.4,6.66,"Oneida, Wisconsin",137.5,2.97,UW Carbone Cancer Center,325.3,6.33,316.6,129.4,323.6,Masonic Cancer Center (Minnesota)
26063,Huron,26,0,0.7,1,"Oakland, Michigan",110.1,2.32,"Tuscola, Michigan",51.0,1.07,Karmanos Cancer Institute (Wayne State),113.2,2.34,104.4,40.1,123.2,Karmanos Cancer Institute (Wayne State)
26065,Ingham,26,67,0.7,1,"Washtenaw, Michigan",61.4,1.02,"Ingham, Michigan",0.0,0.0,University of Michigan Rogel Cancer Center,59.7,0.98,58.6,0.0,57.5,University of Michigan Rogel Cancer Center
26067,Ionia,26,0,0.6,1,"Kent, Michigan",34.5,0.73,"Kent, Michigan",34.5,0.73,University of Michigan Rogel Cancer Center,99.2,1.79,32.7,32.7,100.2,University of Michigan Rogel Cancer Center
26069,Iosco,26,0,5.3,1,"Oakland, Michigan",154.2,2.97,"Saginaw, Michigan",87.5,1.83,University of Michigan Rogel Cancer Center,167.4,3.11,147.4,77.1,169.1,Karmanos Cancer Institute (Wayne State)
26071,Iron,26,0,0.5,1,"Milwaukee, Wisconsin",250.3,5.14,"Oneida, Wisconsin",76.6,1.64,UW Carbone Cancer Center,259.1,5.33,255.8,63.9,256.1,UW Carbone Cancer Center
26073,Isabella,26,16,0.8,1,"Kent, Michigan",84.7,1.62,"Saginaw, Michigan",53.1,1.11,University of Michigan Rogel Cancer Center,130.5,2.32,73.1,44.5,128.2,University of Michigan Rogel Cancer Center
26075,Jackson,26,32,0.3,1,"Washtenaw, Michigan",38.0,0.69,"Jackson, Michigan",0.0,0.0,University of Michigan Rogel Cancer Center,36.3,0.66,41.7,0.0,41.6,University of Michigan Rogel Cancer Center
26077,Kalamazoo,26,45,1.7,1,"Kent, Michigan",56.5,0.96,"Kalamazoo, Michigan",0.0,0.0,University of Michigan Rogel Cancer Center,101.8,1.76,58.0,0.0,113.8,University of Michigan Rogel Cancer Center
26079,Kalkaska,26,0,0.5,1,"Kent, Michigan",135.6,2.44,"Grand Traverse, Michigan",33.0,0.77,University of Michigan Rogel Cancer Center,213.9,3.65,148.4,26.4,220.3,University of Michigan Rogel Cancer Center
26081,Kent,26,229,0.9,1,"Kent, Michigan",0.0,0.0,"Kent, Michigan",0.0,0.0,University of Michigan Rogel Cancer Center,125.7,2.19,0.0,0.0,128.8,University of Michigan Rogel Cancer Center
26083,Keweenaw,26,0,1.3,1,"Dane, Wisconsin",344.1,6.74,"Oneida, Wisconsin",157.9,3.42,UW Carbone Cancer Center,345.7,6.78,337.9,145.1,344.9,Masonic Cancer Center (Minnesota)
26085,Lake,26,0,2.2,1,"Kent, Michigan",81.7,1.78,"Osceola, Michigan",38.6,0.87,University of Michigan Rogel Cancer Center,204.1,3.89,83.2,26.4,187.3,University of Michigan Rogel Cancer Center
26087,Lapeer,26,10,3.3,1,"Oakland, Michigan",41.3,0.91,"Genesee, Michigan",26.3,0.45,Karmanos Cancer Institute (Wayne State),58.8,1.25,39.3,27.3,60.1,Karmanos Cancer Institute (Wayne State)
26089,Leelanau,26,0,4.4,1,"Kent, Michigan",153.6,3.36,"Grand Traverse, Michigan",17.8,0.43,University of Michigan Rogel Cancer Center,246.1,4.76,161.4,17.5,249.0,University of Michigan Rogel Cancer Center
26091,Lenawee,26,1,1.5,1,"Washtenaw, Michigan",38.4,0.79,"Lucas, Ohio",38.2,0.77,University of Michigan Rogel Cancer Center,39.0,0.8,34.0,34.0,35.1,University of Michigan Rogel Cancer Center
26093,Livingston,26,77,0.1,1,"Washtenaw, Michigan",26.9,0.48,"Livingston, Michigan",0.0,0.0,University of Michigan Rogel Cancer Center,25.2,0.44,27.5,0.0,25.9,University of Michigan Rogel Cancer Center
26095,Luce,26,0,1.7,1,"Kent, Michigan",291.2,5.7,"Delta, Michigan",104.2,2.17,University of Michigan Rogel Cancer Center,343.6,5.88,279.8,97.2,353.4,UW Carbone Cancer Center
26097,Mackinac,26,0,1.9,1,"Kent, Michigan",242.9,4.68,"Grand Traverse, Michigan",129.2,2.75,University of Michigan Rogel Cancer Center,295.3,4.86,255.5,114.7,316.0,University of Michigan Rogel Cancer Center
26099,Macomb,26,55,1.8,1,"Oakland, Michigan",27.2,0.72,"Macomb, Michigan",0.0,0.0,Karmanos Cancer Institute (Wayne State),21.2,0.54,21.7,0.0,21.0,Karmanos Cancer Institute (Wayne State)
26101,Manistee,26,0,0.7,1,"Kent, Michigan",130.5,2.79,"Grand Traverse, Michigan",52.9,1.21,University of Michigan Rogel Cancer Center,239.2,4.52,116.4,47.8,217.9,Robert H. Lurie Comprehensive Cancer Center (Northwestern)
26103,Marquette,26,1,1.6,1,"Milwaukee, Wisconsin",287.5,5.93,"Delta, Michigan",69.5,1.47,UW Carbone Cancer Center,307.9,6.25,287.8,61.9,304.8,UW Carbone Cancer Center
26105,Mason,26,0,1.3,1,"Kent, Michigan",100.9,1.67,"Muskegon, Michigan",58.7,0.95,University of Michigan Rogel Cancer Center,223.3,3.77,94.5,59.0,188.8,Robert H. Lurie Comprehensive Cancer Center (Northwestern)
26107,Mecosta,26,2,1.7,1,"Kent, Michigan",67.6,1.19,"Osceola, Michigan",39.9,0.82,University of Michigan Rogel Cancer Center,163.8,3.16,59.0,26.1,151.8,University of Michigan Rogel Cancer Center
26109,Menominee,26,0,1.7,1,"Milwaukee, Wisconsin",185.5,3.8,"Marinette, Wisconsin",34.0,0.77,UW Carbone Cancer Center,205.9,4.12,192.9,18.7,217.6,UW Carbone Cancer Center
26111,Midland,26,1,0.9,1,"Oakland, Michigan",103.7,1.89,"Saginaw, Michigan",28.4,0.55,University of Michigan Rogel Cancer Center,116.8,2.03,98.1,27.1,118.4,University of Michigan Rogel Cancer Center
26113,Missaukee,26,0,1.7,1,"Kent, Michigan",110.1,1.89,"Osceola, Michigan",47.7,1.05,University of Michigan Rogel Cancer Center,191.5,3.55,114.8,30.3,189.8,University of Michigan Rogel Cancer Center
26115,Monroe,26,1,2.4,1,"Washtenaw, Michigan",35.9,0.67,"Lucas, Ohio",28.8,0.62,University of Michigan Rogel Cancer Center,36.5,0.68,33.0,22.3,34.5,University of Michigan Rogel Cancer Center
26117,Montcalm,26,0,3.9,1,"Kent, Michigan",45.6,0.98,"Kent, Michigan",45.6,0.98,University of Michigan Rogel Cancer Center,135.4,2.58,38.2,38.2,121.1,University of Michigan Rogel Cancer Center
26119,Montmorency,26,0,0.7,1,"Oakland, Michigan",194.7,3.63,"Grand Traverse, Michigan",103.7,2.32,University of Michigan Rogel Cancer Center,207.8,3.77,191.0,90.5,226.9,University of Michigan Rogel Cancer Center
26121,Muskegon,26,26,0.5,1,"Kent, Michigan",43.3,0.74,"Muskegon, Michigan",0.0,0.0,University of Michigan Rogel Cancer Center,165.7,2.85,42.7,0.0,140.8,Robert H. Lurie Comprehensive Cancer Center (Northwestern)
26123,Newaygo,26,0,1.7,1,"Kent, Michigan",43.6,0.97,"Muskegon, Michigan",39.2,0.82,University of Michigan Rogel Cancer Center,166.0,3.07,43.3,30.5,160.4,University of Michigan Rogel Cancer Center
26125,Oakland,26,117,1.6,1,"Oakland, Michigan",0.0,0.0,"Oakland, Michigan",0.0,0.0,Karmanos Cancer Institute (Wayne State),24.0,0.52,0.0,0.0,25.2,Karmanos Cancer Institute (Wayne State)
26127,Oceana,26,0,4.2,1,"Kent, Michigan",76.9,1.35,"Muskegon, Michigan",34.7,0.64,University of Michigan Rogel Cancer Center,199.3,3.46,69.1,32.7,164.7,Robert H. Lurie Comprehensive Cancer Center (Northwestern)
26129,Ogemaw,26,2,0.1,1,"Oakland, Michigan",135.4,2.35,"Saginaw, Michigan",68.7,1.21,University of Michigan Rogel Cancer Center,148.6,2.49,142.0,74.0,168.4,University of Michigan Rogel Cancer Center
26131,Ontonagon,26,0,4.6,1,"Dane, Wisconsin",288.9,5.56,"Oneida, Wisconsin",102.7,2.24,UW Carbone Cancer Center,290.5,5.6,262.8,84.4,269.9,Masonic Cancer Center (Minnesota)
26133,Osceola,26,35,5.5,1,"Kent, Michigan",86.1,1.52,"Osceola, Michigan",0.0,0.0,University of Michigan Rogel Cancer Center,178.5,3.3,84.8,0.0,171.2,University of Michigan Rogel Cancer Center
26135,Oscoda,26,0,0.9,1,"Oakland, Michigan",165.2,3.0,"Grand Traverse, Michigan",91.5,2.03,University of Michigan Rogel Cancer Center,178.4,3.14,169.1,86.3,202.7,University of Michigan Rogel Cancer Center
26137,Otsego,26,0,0.5,1,"Kent, Michigan",177.6,3.34,"Grand Traverse, Michigan",71.7,1.6,University of Michigan Rogel Cancer Center,215.7,3.56,179.0,60.7,233.3,University of Michigan Rogel Cancer Center
26139,Ottawa,26,4,4.2,1,"Kent, Michigan",24.7,0.56,"Kent, Michigan",24.7,0.56,University of Michigan Rogel Cancer Center,148.7,2.7,24.1,24.1,129.2,Robert H. Lurie Comprehensive Cancer Center (Northwestern)
26141,Presque Isle,26,0,3.1,1,"Oakland, Michigan",238.3,4.73,"Grand Traverse, Michigan",135.6,3.08,University of Michigan Rogel Cancer Center,251.4,4.86,224.4,115.3,254.2,Karmanos Cancer Institute (Wayne State)
26143,Roscommon,26,0,1.8,1,"Kent, Michigan",146.8,2.67,"Grand Traverse, Michigan",80.0,1.72,University of Michigan Rogel Cancer Center,173.6,2.93,130.2,53.5,181.8,University of Michigan Rogel Cancer Center
26145,Saginaw,26,34,1.1,1,"Oakland, Michigan",77.5,1.4,"Saginaw, Michigan",0.0,0.0,University of Michigan Rogel Cancer Center,90.7,1.54,79.0,0.0,94.5,University of Michigan Rogel Cancer Center
26147,St. Clair,26,32,2.7,1,"Oakland, Michigan",53.7,1.12,"St. Clair, Michigan",0.0,0.0,Karmanos Cancer Institute (Wayne State),50.9,0.97,53.1,0.0,55.8,Karmanos Cancer Institute (Wayne State)
26149,St. Joseph,26,0,2.4,1,"Kent, Michigan",85.5,1.54,"Kalamazoo, Michigan",36.9,0.78,University of Michigan Rogel Cancer Center,107.2,2.2,89.3,31.3,115.1,University of Michigan Rogel Cancer Center
26151,Sanilac,26,4,2.2,1,"Oakland, Michigan",84.9,1.88,"Tuscola, Michigan",37.7,0.81,Karmanos Cancer Institute (Wayne State),82.0,1.74,72.1,39.6,86.1,Karmanos Cancer Institute (Wayne State)
26153,Schoolcraft,26,4,2.2,1,"Milwaukee, Wisconsin",280.7,5.8,"Delta, Michigan",54.8,1.15,UW Carbone Cancer Center,301.0,6.12,254.9,51.3,307.9,UW Carbone Cancer Center
26155,Shiawassee,26,0,2.8,1,"Oakland, Michigan",63.5,1.16,"Genesee, Michigan",27.2,0.49,University of Michigan Rogel Cancer Center,75.9,1.41,58.7,28.0,60.8,University of Michigan Rogel Cancer Center
26157,Tuscola,26,31,1.5,1,"Oakland, Michigan",67.7,1.46,"Tuscola, Michigan",0.0,0.0,Karmanos Cancer Institute (Wayne State),85.2,1.81,70.3,0.0,92.6,Karmanos Cancer Institute (Wayne State)
26159,Van Buren,26,0,2.9,1,"Kent, Michigan",69.0,1.34,"Kalamazoo, Michigan",26.1,0.58,University of Michigan Rogel Cancer Center,122.5,2.21,62.5,25.5,103.8,Robert H. Lurie Comprehensive Cancer Center (Northwestern)
26161,Washtenaw,26,233,0.7,1,"Washtenaw, Michigan",0.0,0.0,"Washtenaw, Michigan",0.0,0.0,University of Michigan Rogel Cancer Center,1.9,0.04,0.0,0.0,1.6,University of Michigan Rogel Cancer Center
26163,Wayne,26,302,0.1,1,"Wayne, Michigan",0.0,0.0,"Wayne, Michigan",0.0,0.0,Karmanos Cancer Institute (Wayne State),9.8,0.22,0.0,0.0,10.3,Karmanos Cancer Institute (Wayne State)
26165,Wexford,26,0,1.7,1,"Kent, Michigan",102.8,1.73,"Grand Traverse, Michigan",40.2,0.9,University of Michigan Rogel Cancer Center,194.8,3.62,112.1,29.6,199.1,University of Michigan Rogel Cancer Center
27001,Aitkin,27,11,2.6,1,"Ramsey, Minnesota",134.0,2.72,"Crow Wing, Minnesota",42.9,0.92,Masonic Cancer Center (Minnesota),133.3,2.77,132.5,37.9,133.4,Masonic Cancer Center (Minnesota)
27003,Anoka,27,70,1.7,1,"Ramsey, Minnesota",20.4,0.39,"Anoka, Minnesota",0.0,0.0,Masonic Cancer Center (Minnesota),19.7,0.45,18.9,0.0,18.3,Masonic Cancer Center (Minnesota)
27005,Becker,27,17,1.1,1,"Hennepin, Minnesota",203.4,4.07,"Cass, North Dakota",56.0,1.18,Masonic Cancer Center (Minnesota),208.1,4.26,208.6,61.5,213.6,Masonic Cancer Center (Minnesota)
27007,Beltrami,27,41,1.5,1,"Hennepin, Minnesota",225.3,4.57,"Beltrami, Minnesota",0.0,0.0,Masonic Cancer Center (Minnesota),230.0,4.75,232.8,0.0,235.6,Masonic Cancer Center (Minnesota)
27009,Benton,27,0,3.2,1,"Hennepin, Minnesota",70.3,1.39,"Stearns, Minnesota",19.7,0.41,Masonic Cancer Center (Minnesota),75.0,1.58,69.7,15.8,74.5,Masonic Cancer Center (Minnesota)
27011,Big Stone,27,0,0.7,1,"Minnehaha, South Dakota",143.9,2.62,"Kandiyohi, Minnesota",84.0,1.74,Masonic Cancer Center (Minnesota),174.7,3.73,153.3,85.7,190.8,Masonic Cancer Center (Minnesota)
27013,Blue Earth,27,8,1.6,1,"Hennepin, Minnesota",80.6,1.76,"Scott, Minnesota",59.9,1.31,Masonic Cancer Center (Minnesota),85.2,1.74,79.3,57.4,83.0,Masonic Cancer Center (Minnesota)
27015,Brown,27,18,2.7,1,"Hennepin, Minnesota",94.4,2.05,"Carver, Minnesota",74.7,1.62,Masonic Cancer Center (Minnesota),100.0,2.19,92.5,70.7,98.4,Masonic Cancer Center (Minnesota)
27017,Carlton,27,12,0.5,1,"Ramsey, Minnesota",123.3,2.0,"Douglas, Wisconsin",34.7,0.68,Masonic Cancer Center (Minnesota),129.0,2.11,140.9,29.5,144.2,Masonic Cancer Center (Minnesota)
27019,Carver,27,31,1.6,1,"Hennepin, Minnesota",23.0,0.52,"Carver, Minnesota",0.0,0.0,Masonic Cancer Center (Minnesota),28.6,0.65,22.0,0.0,28.5,Masonic Cancer Center (Minnesota)
27021,Cass,27,10,1.7,1,"Hennepin, Minnesota",168.8,3.35,"Crow Wing, Minnesota",53.9,1.19,Masonic Cancer Center (Minnesota),173.4,3.54,164.4,35.2,167.3,Masonic Cancer Center (Minnesota)
27023,Chippewa,27,0,0.9,1,"Hennepin, Minnesota",118.5,2.44,"Kandiyohi, Minnesota",37.7,0.77,Masonic Cancer Center (Minnesota),124.1,2.58,132.4,38.6,139.8,Masonic Cancer Center (Minnesota)
27025,Chisago,27,0,3.2,1,"Ramsey, Minnesota",37.4,0.66,"Ramsey, Minnesota",37.4,0.66,Masonic Cancer Center (Minnesota),43.1,0.77,39.5,29.3,43.5,Masonic Cancer Center (Minnesota)
27027,Clay,27,0,0.5,1,"Hennepin, Minnesota",224.6,3.75,"Cass, North Dakota",10.1,0.18,Masonic Cancer Center (Minnesota),230.6,3.93,246.5,10.9,252.2,Masonic Cancer Center (Minnesota)
27029,Clearwater,27,0,1.3,1,"Hennepin, Minnesota",244.1,4.94,"Beltrami, Minnesota",35.1,0.8,Masonic Cancer Center (Minnesota),248.8,5.13,243.7,29.5,247.3,Masonic Cancer Center (Minnesota)
27031,Cook,27,0,2.5,1,"Ramsey, Minnesota",259.1,4.98,"Douglas, Wisconsin",128.2,2.68,Masonic Cancer Center (Minnesota),264.9,5.09,280.7,111.8,286.1,Masonic Cancer Center (Minnesota)
27033,Cottonwood,27,0,0.1,1,"Minnehaha, South Dakota",95.9,1.71,"Kandiyohi, Minnesota",93.3,1.88,Masonic Cancer Center (Minnesota),145.8,3.1,101.5,101.0,140.9,Masonic Cancer Center (Minnesota)
27035,Crow Wing,27,40,3.0,1,"Hennepin, Minnesota",128.9,2.59,"Crow Wing, Minnesota",0.0,0.0,Masonic Cancer Center (Minnesota),133.6,2.77,129.2,0.0,132.1,Masonic Cancer Center (Minnesota)
27037,Dakota,27,42,1.5,1,"Ramsey, Minnesota",20.0,0.49,"Dakota, Minnesota",0.0,0.0,Masonic Cancer Center (Minnesota),21.8,0.53,19.3,0.0,18.2,Masonic Cancer Center (Minnesota)
27039,Dodge,27,0,0.3,1,"Olmsted, Minnesota",17.6,0.37,"Olmsted, Minnesota",17.6,0.37,Mayo Clinic Cancer Center – Rochester,18.2,0.37,19.7,19.7,19.6,Mayo Clinic Cancer Center – Rochester
27041,Douglas,27,0,1.3,1,"Hennepin, Minnesota",131.2,2.25,"Stearns, Minnesota",62.3,1.1,Masonic Cancer Center (Minnesota),137.3,2.43,141.0,66.1,147.2,Masonic Cancer Center (Minnesota)
27043,Faribault,27,0,2.1,1,"Olmsted, Minnesota",95.1,1.61,"Olmsted, Minnesota",95.1,1.61,Mayo Clinic Cancer Center – Rochester,93.9,1.59,92.8,90.3,92.5,Mayo Clinic Cancer Center – Rochester
27045,Fillmore,27,0,0.9,1,"Olmsted, Minnesota",36.1,0.76,"Olmsted, Minnesota",36.1,0.76,Mayo Clinic Cancer Center – Rochester,34.9,0.74,36.0,36.0,35.5,Mayo Clinic Cancer Center – Rochester
27047,Freeborn,27,5,0.8,1,"Olmsted, Minnesota",64.4,1.14,"Olmsted, Minnesota",64.4,1.14,Mayo Clinic Cancer Center – Rochester,63.2,1.12,60.9,60.9,60.3,Mayo Clinic Cancer Center – Rochester
27049,Goodhue,27,0,2.6,1,"Olmsted, Minnesota",35.8,0.71,"Olmsted, Minnesota",35.8,0.71,Mayo Clinic Cancer Center – Rochester,36.5,0.71,36.8,36.8,37.5,Mayo Clinic Cancer Center – Rochester
27051,Grant,27,0,0.1,1,"Hennepin, Minnesota",151.6,3.2,"Kandiyohi, Minnesota",79.8,1.67,Masonic Cancer Center (Minnesota),158.4,3.36,169.8,84.6,176.3,Masonic Cancer Center (Minnesota)
27053,Hennepin,27,213,0.4,1,"Hennepin, Minnesota",0.0,0.0,"Hennepin, Minnesota",0.0,0.0,Masonic Cancer Center (Minnesota),7.6,0.18,0.0,0.0,7.4,Masonic Cancer Center (Minnesota)
27055,Houston,27,0,0.1,1,"Olmsted, Minnesota",74.5,1.56,"La Crosse, Wisconsin",19.8,0.48,Mayo Clinic Cancer Center – Rochester,73.3,1.54,66.9,18.0,66.8,Mayo Clinic Cancer Center – Rochester
27057,Hubbard,27,13,7.0,1,"Hennepin, Minnesota",198.3,4.04,"Beltrami, Minnesota",69.5,1.51,Masonic Cancer Center (Minnesota),203.0,4.23,194.9,43.9,198.4,Masonic Cancer Center (Minnesota)
27059,Isanti,27,12,1.4,1,"Ramsey, Minnesota",44.3,0.87,"Anoka, Minnesota",27.3,0.57,Masonic Cancer Center (Minnesota),43.6,0.92,46.5,28.8,47.1,Masonic Cancer Center (Minnesota)
27061,Itasca,27,54,4.4,1,"Hennepin, Minnesota",183.5,3.74,"Itasca, Minnesota",0.0,0.0,Masonic Cancer Center (Minnesota),183.4,3.83,194.0,0.0,194.7,Masonic Cancer Center (Minnesota)
27063,Jackson,27,0,1.9,1,"Minnehaha, South Dakota",86.6,1.39,"Minnehaha, South Dakota",86.6,1.39,Mayo Clinic Cancer Center – Rochester,152.4,2.5,97.8,97.8,155.4,Masonic Cancer Center (Minnesota)
27065,Kanabec,27,0,0.6,1,"Ramsey, Minnesota",69.8,1.4,"Pine, Minnesota",24.8,0.52,Masonic Cancer Center (Minnesota),69.1,1.46,74.8,26.2,75.5,Masonic Cancer Center (Minnesota)
27067,Kandiyohi,27,20,0.1,1,"Hennepin, Minnesota",88.6,1.91,"Kandiyohi, Minnesota",0.0,0.0,Masonic Cancer Center (Minnesota),95.4,2.07,98.1,0.0,105.4,Masonic Cancer Center (Minnesota)
27069,Kittson,27,0,3.1,1,"Hennepin, Minnesota",351.7,7.13,"Beltrami, Minnesota",155.0,3.25,Masonic Cancer Center (Minnesota),356.4,7.32,366.4,142.1,370.3,Masonic Cancer Center (Minnesota)
27071,Koochiching,27,11,1.6,1,"Hennepin, Minnesota",286.5,5.85,"Beltrami, Minnesota",101.0,2.08,Masonic Cancer Center (Minnesota),286.4,5.88,292.5,99.2,293.5,Masonic Cancer Center (Minnesota)
27073,Lac qui Parle,27,0,1.8,1,"Minnehaha, South Dakota",124.5,2.57,"Kandiyohi, Minnesota",65.4,1.4,Masonic Cancer Center (Minnesota),156.0,3.39,123.3,66.7,169.8,Masonic Cancer Center (Minnesota)
27075,Lake,27,0,5.2,1,"Ramsey, Minnesota",190.0,3.55,"Douglas, Wisconsin",59.1,1.25,Masonic Cancer Center (Minnesota),195.7,3.66,202.4,43.1,207.1,Masonic Cancer Center (Minnesota)
27077,Lake of the Woods,27,0,1.4,1,"Hennepin, Minnesota",319.0,6.54,"Beltrami, Minnesota",104.6,2.17,Masonic Cancer Center (Minnesota),320.2,6.65,324.1,98.4,326.0,Masonic Cancer Center (Minnesota)
27079,Le Sueur,27,0,0.9,1,"Hennepin, Minnesota",58.9,1.26,"Scott, Minnesota",35.7,0.76,Masonic Cancer Center (Minnesota),62.6,1.26,52.4,30.2,55.7,Masonic Cancer Center (Minnesota)
27081,Lincoln,27,0,1.5,1,"Minnehaha, South Dakota",74.7,1.54,"Minnehaha, South Dakota",74.7,1.54,Masonic Cancer Center (Minnesota),179.1,3.81,73.4,73.4,184.7,Masonic Cancer Center (Minnesota)
27083,Lyon,27,6,0.0,1,"Minnehaha, South Dakota",88.9,1.82,"Kandiyohi, Minnesota",72.4,1.48,Masonic Cancer Center (Minnesota),147.9,3.16,91.2,75.7,157.6,Masonic Cancer Center (Minnesota)
27085,McLeod,27,0,2.0,1,"Hennepin, Minnesota",57.5,1.24,"Carver, Minnesota",37.8,0.82,Masonic Cancer Center (Minnesota),63.1,1.38,53.9,34.5,61.2,Masonic Cancer Center (Minnesota)
27087,Mahnomen,27,0,1.7,1,"Hennepin, Minnesota",242.9,4.89,"Beltrami, Minnesota",69.1,1.48,Masonic Cancer Center (Minnesota),247.5,5.07,239.5,59.5,243.9,Masonic Cancer Center (Minnesota)
27089,Marshall,27,0,7.6,1,"Hennepin, Minnesota",318.6,6.48,"Beltrami, Minnesota",121.9,2.6,Masonic Cancer Center (Minnesota),323.3,6.66,329.8,110.2,333.8,Masonic Cancer Center (Minnesota)
27091,Martin,27,0,1.0,1,"Minnehaha, South Dakota",116.8,1.84,"Webster, Iowa",102.8,2.15,Mayo Clinic Cancer Center – Rochester,120.6,1.99,125.2,100.2,124.8,Mayo Clinic Cancer Center – Rochester
27093,Meeker,27,0,1.1,1,"Hennepin, Minnesota",64.8,1.42,"Kandiyohi, Minnesota",29.4,0.62,Masonic Cancer Center (Minnesota),71.7,1.58,66.9,31.4,74.2,Masonic Cancer Center (Minnesota)
27095,Mille Lacs,27,16,1.4,1,"Hennepin, Minnesota",64.6,1.23,"Stearns, Minnesota",45.4,0.99,Masonic Cancer Center (Minnesota),69.2,1.41,69.2,46.5,71.3,Masonic Cancer Center (Minnesota)
27097,Morrison,27,0,0.5,1,"Hennepin, Minnesota",97.1,1.88,"Crow Wing, Minnesota",37.4,0.8,Masonic Cancer Center (Minnesota),101.8,2.07,100.7,35.3,105.1,Masonic Cancer Center (Minnesota)
27099,Mower,27,0,0.4,1,"Olmsted, Minnesota",38.8,0.68,"Olmsted, Minnesota",38.8,0.68,Mayo Clinic Cancer Center – Rochester,37.6,0.67,39.2,39.2,38.4,Mayo Clinic Cancer Center – Rochester
27101,Murray,27,0,0.1,1,"Minnehaha, South Dakota",75.2,1.54,"Minnehaha, South Dakota",75.2,1.54,Masonic Cancer Center (Minnesota),175.0,3.72,69.0,69.0,169.5,Masonic Cancer Center (Minnesota)
27103,Nicollet,27,0,1.6,1,"Hennepin, Minnesota",71.6,1.55,"Scott, Minnesota",50.8,1.1,Masonic Cancer Center (Minnesota),76.1,1.54,71.9,51.1,76.3,Masonic Cancer Center (Minnesota)
27105,Nobles,27,11,0.2,1,"Minnehaha, South Dakota",57.2,0.92,"Minnehaha, South Dakota",57.2,0.92,Mayo Clinic Cancer Center – Rochester,178.4,2.88,64.4,64.4,182.0,Masonic Cancer Center (Minnesota)
27107,Norman,27,0,0.9,1,"Hennepin, Minnesota",252.5,4.37,"Cass, North Dakota",50.6,1.06,Masonic Cancer Center (Minnesota),258.5,4.54,263.7,43.5,268.8,Masonic Cancer Center (Minnesota)
27109,Olmsted,27,292,0.6,1,"Olmsted, Minnesota",0.0,0.0,"Olmsted, Minnesota",0.0,0.0,Mayo Clinic Cancer Center – Rochester,1.8,0.04,0.0,0.0,0.9,Mayo Clinic Cancer Center – Rochester
27111,Otter Tail,27,0,5.2,1,"Hennepin, Minnesota",183.7,3.26,"Cass, North Dakota",91.9,1.7,Masonic Cancer Center (Minnesota),189.7,3.43,184.0,71.5,189.7,Masonic Cancer Center (Minnesota)
27113,Pennington,27,10,0.2,1,"Hennepin, Minnesota",291.1,5.85,"Beltrami, Minnesota",94.4,1.97,Masonic Cancer Center (Minnesota),295.8,6.04,304.0,83.4,307.9,Masonic Cancer Center (Minnesota)
27115,Pine,27,54,1.3,1,"Ramsey, Minnesota",76.6,1.26,"Pine, Minnesota",0.0,0.0,Masonic Cancer Center (Minnesota),82.4,1.37,86.9,0.0,89.7,Masonic Cancer Center (Minnesota)
27117,Pipestone,27,0,0.9,1,"Minnehaha, South Dakota",49.6,1.0,"Minnehaha, South Dakota",49.6,1.0,Masonic Cancer Center (Minnesota),193.1,4.11,44.7,44.7,197.5,Masonic Cancer Center (Minnesota)
27119,Polk,27,14,1.8,1,"Hennepin, Minnesota",284.9,5.04,"Cass, North Dakota",80.0,1.68,Masonic Cancer Center (Minnesota),290.9,5.21,296.1,79.0,300.7,Masonic Cancer Center (Minnesota)
27121,Pope,27,0,0.4,1,"Hennepin, Minnesota",121.1,2.6,"Kandiyohi, Minnesota",49.4,1.07,Masonic Cancer Center (Minnesota),128.0,2.76,132.8,46.5,139.5,Masonic Cancer Center (Minnesota)
27123,Ramsey,27,103,0.8,1,"Ramsey, Minnesota",0.0,0.0,"Ramsey, Minnesota",0.0,0.0,Masonic Cancer Center (Minnesota),11.7,0.2,0.0,0.0,7.7,Masonic Cancer Center (Minnesota)
27125,Red Lake,27,0,3.0,1,"Hennepin, Minnesota",279.0,5.64,"Beltrami, Minnesota",82.2,1.76,Masonic Cancer Center (Minnesota),283.7,5.83,287.8,74.7,291.9,Masonic Cancer Center (Minnesota)
27127,Redwood,27,0,2.4,1,"Hennepin, Minnesota",118.7,2.57,"Kandiyohi, Minnesota",65.9,1.35,Masonic Cancer Center (Minnesota),124.3,2.7,116.6,60.1,123.4,Masonic Cancer Center (Minnesota)
27129,Renville,27,0,2.6,1,"Hennepin, Minnesota",95.8,2.09,"Kandiyohi, Minnesota",35.3,0.73,Masonic Cancer Center (Minnesota),101.4,2.22,95.3,36.2,102.5,Masonic Cancer Center (Minnesota)
27131,Rice,27,0,0.4,1,"Ramsey, Minnesota",48.3,1.09,"Dakota, Minnesota",31.4,0.69,Masonic Cancer Center (Minnesota),50.1,1.13,50.4,30.8,50.0,Masonic Cancer Center (Minnesota)
27133,Rock,27,0,0.7,1,"Minnehaha, South Dakota",29.0,0.49,"Minnehaha, South Dakota",29.0,0.49,Fred & Pamela Buffett Cancer Center (UNMC),183.7,3.37,30.6,30.6,200.3,Fred & Pamela Buffett Cancer Center (UNMC)
27135,Roseau,27,0,1.7,1,"Hennepin, Minnesota",352.5,7.14,"Beltrami, Minnesota",142.9,2.96,Masonic Cancer Center (Minnesota),357.1,7.33,344.3,111.5,347.1,Masonic Cancer Center (Minnesota)
27137,St. Louis,27,64,7.8,1,"Ramsey, Minnesota",163.4,2.89,"St. Louis, Minnesota",0.0,0.0,Masonic Cancer Center (Minnesota),169.1,3.0,178.9,0.0,182.4,Masonic Cancer Center (Minnesota)
27139,Scott,27,33,1.3,1,"Hennepin, Minnesota",30.8,0.6,"Scott, Minnesota",0.0,0.0,Masonic Cancer Center (Minnesota),29.5,0.57,22.6,0.0,25.5,Masonic Cancer Center (Minnesota)
27141,Sherburne,27,0,4.8,1,"Hennepin, Minnesota",42.1,0.82,"Wright, Minnesota",18.3,0.44,Masonic Cancer Center (Minnesota),46.8,1.01,41.0,17.8,45.3,Masonic Cancer Center (Minnesota)
27143,Sibley,27,0,0.9,1,"Hennepin, Minnesota",56.3,1.22,"Carver, Minnesota",36.6,0.8,Masonic Cancer Center (Minnesota),61.9,1.36,57.5,35.6,63.7,Masonic Cancer Center (Minnesota)
27145,Stearns,27,23,0.5,1,"Hennepin, Minnesota",70.0,1.18,"Stearns, Minnesota",0.0,0.0,Masonic Cancer Center (Minnesota),76.0,1.35,75.5,0.0,81.3,Masonic Cancer Center (Minnesota)
27147,Steele,27,0,0.4,1,"Olmsted, Minnesota",38.7,0.77,"Olmsted, Minnesota",38.7,0.77,Mayo Clinic Cancer Center – Rochester,39.4,0.78,44.1,44.1,44.1,Mayo Clinic Cancer Center – Rochester
27149,Stevens,27,0,0.2,1,"Hennepin, Minnesota",144.5,3.1,"Kandiyohi, Minnesota",60.7,1.27,Masonic Cancer Center (Minnesota),151.3,3.26,157.5,63.3,164.5,Masonic Cancer Center (Minnesota)
27151,Swift,27,0,1.7,1,"Hennepin, Minnesota",123.6,2.69,"Kandiyohi, Minnesota",39.9,0.86,Masonic Cancer Center (Minnesota),130.5,2.85,135.4,37.5,142.7,Masonic Cancer Center (Minnesota)
27153,Todd,27,10,1.1,1,"Hennepin, Minnesota",128.3,2.54,"Stearns, Minnesota",59.6,1.11,Masonic Cancer Center (Minnesota),133.0,2.73,126.6,51.5,131.9,Masonic Cancer Center (Minnesota)
27155,Traverse,27,0,1.9,1,"Minnehaha, South Dakota",178.8,3.34,"Cass, North Dakota",87.9,1.79,Masonic Cancer Center (Minnesota),188.5,4.01,182.2,93.1,203.4,Masonic Cancer Center (Minnesota)
27157,Wabasha,27,0,2.2,1,"Olmsted, Minnesota",34.4,0.84,"Olmsted, Minnesota",34.4,0.84,Mayo Clinic Cancer Center – Rochester,35.0,0.84,27.4,27.4,28.2,Mayo Clinic Cancer Center – Rochester
27159,Wadena,27,0,2.3,1,"Hennepin, Minnesota",162.3,3.25,"Crow Wing, Minnesota",63.1,1.4,Masonic Cancer Center (Minnesota),166.9,3.44,161.3,51.0,165.9,Masonic Cancer Center (Minnesota)
27161,Waseca,27,0,0.3,1,"Olmsted, Minnesota",55.7,1.04,"Olmsted, Minnesota",55.7,1.04,Mayo Clinic Cancer Center – Rochester,56.4,1.04,64.2,54.3,64.1,Mayo Clinic Cancer Center – Rochester
27163,Washington,27,41,0.7,1,"Ramsey, Minnesota",13.6,0.27,"Washington, Minnesota",0.0,0.0,Masonic Cancer Center (Minnesota),21.0,0.48,10.8,0.0,18.4,Masonic Cancer Center (Minnesota)
27165,Watonwan,27,0,1.0,1,"Hennepin, Minnesota",112.8,2.43,"Scott, Minnesota",92.1,1.99,Masonic Cancer Center (Minnesota),117.3,2.42,109.0,88.1,114.0,Masonic Cancer Center (Minnesota)
27167,Wilkin,27,0,1.7,1,"Hennepin, Minnesota",202.4,4.28,"Cass, North Dakota",51.5,1.06,Masonic Cancer Center (Minnesota),208.7,3.69,214.4,48.6,220.7,Masonic Cancer Center (Minnesota)
27169,Winona,27,0,0.4,1,"Olmsted, Minnesota",42.3,0.91,"La Crosse, Wisconsin",34.8,0.75,Mayo Clinic Cancer Center – Rochester,41.1,0.89,45.2,33.3,45.3,Mayo Clinic Cancer Center – Rochester
27171,Wright,27,20,2.0,1,"Hennepin, Minnesota",36.2,0.78,"Wright, Minnesota",0.0,0.0,Masonic Cancer Center (Minnesota),43.0,0.94,32.5,0.0,38.8,Masonic Cancer Center (Minnesota)
27173,Yellow Medicine,27,0,1.1,1,"Minnehaha, South Dakota",112.2,2.32,"Kandiyohi, Minnesota",59.6,1.22,Masonic Cancer Center (Minnesota),140.7,3.0,111.5,58.9,153.8,Masonic Cancer Center (Minnesota)
28001,Adams,28,0,1.0,1,"Shelby, Tennessee",299.1,6.18,"East Baton Rouge, Louisiana",90.9,1.96,MD Anderson Cancer Center,314.9,6.71,314.2,91.8,326.6,Dan L Duncan Comprehensive Cancer Center (Baylor)
28003,Alcorn,28,0,0.6,1,"Shelby, Tennessee",83.9,1.7,"Union, Mississippi",52.7,1.12,Vanderbilt-Ingram Cancer Center,156.6,3.49,93.9,48.2,155.1,Vanderbilt-Ingram Cancer Center
28005,Amite,28,0,1.1,1,"Shelby, Tennessee",316.3,5.41,"East Baton Rouge, Louisiana",60.3,1.36,O'Neal Comprehensive Cancer Center (UAB),325.6,6.23,333.2,63.8,340.3,O'Neal Comprehensive Cancer Center (UAB)
28007,Attala,28,0,0.1,1,"Shelby, Tennessee",159.8,2.65,"Grenada, Mississippi",56.7,1.21,O'Neal Comprehensive Cancer Center (UAB),190.5,3.95,172.5,60.1,196.7,O'Neal Comprehensive Cancer Center (UAB)
28009,Benton,28,0,0.7,1,"Shelby, Tennessee",53.6,1.13,"Union, Mississippi",32.3,0.67,O'Neal Comprehensive Cancer Center (UAB),186.3,3.44,53.3,30.4,196.1,Vanderbilt-Ingram Cancer Center
28011,Bolivar,28,0,1.0,1,"Shelby, Tennessee",125.3,2.57,"Grenada, Mississippi",59.2,1.32,O'Neal Comprehensive Cancer Center (UAB),255.6,5.52,127.8,66.5,274.7,O'Neal Comprehensive Cancer Center (UAB)
28013,Calhoun,28,0,1.1,1,"Shelby, Tennessee",104.9,2.22,"Lafayette, Mississippi",36.1,0.79,O'Neal Comprehensive Cancer Center (UAB),171.4,3.67,107.1,36.6,176.5,O'Neal Comprehensive Cancer Center (UAB)
28015,Carroll,28,0,1.5,1,"Shelby, Tennessee",136.5,2.37,"Grenada, Mississippi",35.5,0.82,O'Neal Comprehensive Cancer Center (UAB),206.6,4.3,138.4,26.6,215.6,O'Neal Comprehensive Cancer Center (UAB)
28017,Chickasaw,28,0,0.8,1,"Shelby, Tennessee",118.5,2.42,"Union, Mississippi",45.0,0.93,O'Neal Comprehensive Cancer Center (UAB),145.3,3.05,118.7,46.1,151.5,O'Neal Comprehensive Cancer Center (UAB)
28019,Choctaw,28,0,1.0,1,"Shelby, Tennessee",151.9,3.29,"Lowndes, Mississippi",55.3,1.14,O'Neal Comprehensive Cancer Center (UAB),164.4,3.4,155.1,53.0,168.9,O'Neal Comprehensive Cancer Center (UAB)
28021,Claiborne,28,0,0.3,1,"Shelby, Tennessee",262.0,5.41,"Hinds, Mississippi",55.7,1.19,O'Neal Comprehensive Cancer Center (UAB),292.8,5.29,275.3,57.7,317.6,O'Neal Comprehensive Cancer Center (UAB)
28023,Clarke,28,0,0.1,1,"Jefferson, Alabama",163.7,2.9,"Hinds, Mississippi",110.2,2.36,O'Neal Comprehensive Cancer Center (UAB),164.5,2.92,179.9,108.8,180.0,O'Neal Comprehensive Cancer Center (UAB)
28025,Clay,28,0,1.2,1,"Jefferson, Alabama",133.3,2.77,"Lowndes, Mississippi",24.4,0.51,O'Neal Comprehensive Cancer Center (UAB),134.1,2.79,130.3,22.7,131.0,O'Neal Comprehensive Cancer Center (UAB)
28027,Coahoma,28,0,1.8,1,"Shelby, Tennessee",86.4,1.79,"Lafayette, Mississippi",63.7,1.34,O'Neal Comprehensive Cancer Center (UAB),243.8,4.75,88.8,64.7,266.1,O'Neal Comprehensive Cancer Center (UAB)
28029,Copiah,28,0,1.3,1,"Shelby, Tennessee",249.3,4.3,"Hinds, Mississippi",36.4,0.71,O'Neal Comprehensive Cancer Center (UAB),267.6,4.66,270.6,35.1,283.2,O'Neal Comprehensive Cancer Center (UAB)
28031,Covington,28,0,0.5,1,"Jefferson, Alabama",226.7,4.19,"Hinds, Mississippi",66.5,1.43,O'Neal Comprehensive Cancer Center (UAB),227.5,4.21,246.7,74.7,246.9,O'Neal Comprehensive Cancer Center (UAB)
28033,DeSoto,28,36,2.4,1,"Shelby, Tennessee",25.9,0.45,"DeSoto, Mississippi",0.0,0.0,Vanderbilt-Ingram Cancer Center,222.6,3.72,17.4,0.0,235.0,Vanderbilt-Ingram Cancer Center
28035,Forrest,28,18,0.2,1,"Jefferson, Alabama",230.0,4.31,"Mobile, Alabama",87.9,1.87,O'Neal Comprehensive Cancer Center (UAB),230.8,4.33,252.1,90.3,252.1,O'Neal Comprehensive Cancer Center (UAB)
28037,Franklin,28,0,0.3,1,"Shelby, Tennessee",295.0,5.04,"Hinds, Mississippi",82.1,1.46,O'Neal Comprehensive Cancer Center (UAB),307.3,5.86,310.9,81.3,330.7,O'Neal Comprehensive Cancer Center (UAB)
28039,George,28,0,1.1,1,"Jefferson, Alabama",253.3,5.39,"Mobile, Alabama",40.3,0.86,O'Neal Comprehensive Cancer Center (UAB),254.1,5.4,252.6,33.3,252.4,O'Neal Comprehensive Cancer Center (UAB)
28041,Greene,28,0,0.6,1,"Jefferson, Alabama",235.7,4.47,"Mobile, Alabama",55.3,1.18,O'Neal Comprehensive Cancer Center (UAB),236.6,4.48,230.8,53.3,230.6,O'Neal Comprehensive Cancer Center (UAB)
28043,Grenada,28,27,0.1,1,"Shelby, Tennessee",105.9,1.7,"Grenada, Mississippi",0.0,0.0,O'Neal Comprehensive Cancer Center (UAB),196.6,4.21,113.2,0.0,208.3,O'Neal Comprehensive Cancer Center (UAB)
28045,Hancock,28,0,1.0,1,"Jefferson, Alabama",305.5,5.7,"St. Tammany, Louisiana",37.5,0.62,O'Neal Comprehensive Cancer Center (UAB),306.3,5.72,317.7,39.9,317.6,O'Neal Comprehensive Cancer Center (UAB)
28047,Harrison,28,5,0.4,1,"Jefferson, Alabama",294.7,5.71,"St. Tammany, Louisiana",57.7,0.94,O'Neal Comprehensive Cancer Center (UAB),295.5,5.73,300.7,64.3,300.5,O'Neal Comprehensive Cancer Center (UAB)
28049,Hinds,28,31,0.1,1,"Shelby, Tennessee",217.1,3.42,"Hinds, Mississippi",0.0,0.0,O'Neal Comprehensive Cancer Center (UAB),238.0,4.12,235.8,0.0,260.5,O'Neal Comprehensive Cancer Center (UAB)
28051,Holmes,28,0,1.0,1,"Shelby, Tennessee",166.3,2.98,"Hinds, Mississippi",62.8,1.07,O'Neal Comprehensive Cancer Center (UAB),224.4,4.71,169.5,58.3,226.3,O'Neal Comprehensive Cancer Center (UAB)
28053,Humphreys,28,0,1.0,1,"Shelby, Tennessee",166.1,3.43,"Hinds, Mississippi",74.2,1.55,O'Neal Comprehensive Cancer Center (UAB),256.0,5.4,168.8,70.4,259.1,O'Neal Comprehensive Cancer Center (UAB)
28055,Issaquena,28,0,1.9,1,"Shelby, Tennessee",196.5,4.05,"Hinds, Mississippi",88.8,1.78,O'Neal Comprehensive Cancer Center (UAB),300.9,6.29,201.5,72.0,297.0,O'Neal Comprehensive Cancer Center (UAB)
28057,Itawamba,28,0,1.1,1,"Jefferson, Alabama",114.0,2.09,"Union, Mississippi",42.4,0.77,O'Neal Comprehensive Cancer Center (UAB),115.3,2.12,122.8,44.5,127.9,O'Neal Comprehensive Cancer Center (UAB)
28059,Jackson,28,0,0.7,1,"Jefferson, Alabama",275.0,5.52,"Mobile, Alabama",47.9,0.84,O'Neal Comprehensive Cancer Center (UAB),275.9,5.54,286.3,40.5,286.1,O'Neal Comprehensive Cancer Center (UAB)
28061,Jasper,28,0,0.1,1,"Jefferson, Alabama",192.8,3.38,"Hinds, Mississippi",76.3,1.64,O'Neal Comprehensive Cancer Center (UAB),193.6,3.4,207.7,83.1,207.8,O'Neal Comprehensive Cancer Center (UAB)
28063,Jefferson,28,0,0.1,1,"Shelby, Tennessee",278.3,5.74,"Hinds, Mississippi",73.3,1.55,O'Neal Comprehensive Cancer Center (UAB),310.4,5.64,294.7,74.6,332.4,O'Neal Comprehensive Cancer Center (UAB)
28065,Jefferson Davis,28,0,1.8,1,"Jefferson, Alabama",251.0,4.7,"Hinds, Mississippi",67.0,1.46,O'Neal Comprehensive Cancer Center (UAB),251.9,4.72,264.6,67.9,264.7,O'Neal Comprehensive Cancer Center (UAB)
28067,Jones,28,0,0.4,1,"Jefferson, Alabama",202.5,3.75,"Hinds, Mississippi",88.2,1.96,O'Neal Comprehensive Cancer Center (UAB),203.3,3.77,224.9,93.1,225.0,O'Neal Comprehensive Cancer Center (UAB)
28069,Kemper,28,0,0.9,1,"Jefferson, Alabama",147.5,2.84,"Lowndes, Mississippi",63.6,1.35,O'Neal Comprehensive Cancer Center (UAB),148.3,2.85,143.5,65.7,143.9,O'Neal Comprehensive Cancer Center (UAB)
28071,Lafayette,28,30,0.4,1,"Shelby, Tennessee",71.7,1.48,"Lafayette, Mississippi",0.0,0.0,O'Neal Comprehensive Cancer Center (UAB),180.8,3.42,68.5,0.0,200.3,O'Neal Comprehensive Cancer Center (UAB)
28073,Lamar,28,0,1.5,1,"Jefferson, Alabama",240.9,4.43,"St. Tammany, Louisiana",89.1,1.77,O'Neal Comprehensive Cancer Center (UAB),241.7,4.45,261.6,82.4,261.7,O'Neal Comprehensive Cancer Center (UAB)
28075,Lauderdale,28,0,0.6,1,"Jefferson, Alabama",147.4,2.61,"Lowndes, Mississippi",97.3,2.03,O'Neal Comprehensive Cancer Center (UAB),148.3,2.63,160.3,95.2,160.5,O'Neal Comprehensive Cancer Center (UAB)
28077,Lawrence,28,0,0.0,1,"Jefferson, Alabama",260.4,4.89,"Hinds, Mississippi",62.0,1.24,O'Neal Comprehensive Cancer Center (UAB),261.2,4.9,282.2,63.1,282.5,O'Neal Comprehensive Cancer Center (UAB)
28079,Leake,28,0,0.4,1,"Shelby, Tennessee",185.9,3.22,"Hinds, Mississippi",58.5,1.16,O'Neal Comprehensive Cancer Center (UAB),198.9,3.93,198.4,63.2,198.8,O'Neal Comprehensive Cancer Center (UAB)
28081,Lee,28,3,0.2,1,"Shelby, Tennessee",97.3,2.02,"Union, Mississippi",24.1,0.47,O'Neal Comprehensive Cancer Center (UAB),132.5,2.39,107.2,27.0,145.6,O'Neal Comprehensive Cancer Center (UAB)
28083,Leflore,28,0,0.0,1,"Shelby, Tennessee",135.9,2.96,"Grenada, Mississippi",35.2,0.85,O'Neal Comprehensive Cancer Center (UAB),220.2,4.59,135.9,34.7,235.2,O'Neal Comprehensive Cancer Center (UAB)
28085,Lincoln,28,0,0.0,1,"Shelby, Tennessee",270.7,4.56,"Hinds, Mississippi",57.8,0.97,O'Neal Comprehensive Cancer Center (UAB),281.8,5.32,299.6,64.2,302.9,O'Neal Comprehensive Cancer Center (UAB)
28087,Lowndes,28,25,0.0,1,"Jefferson, Alabama",109.5,2.23,"Lowndes, Mississippi",0.0,0.0,O'Neal Comprehensive Cancer Center (UAB),110.3,2.24,109.1,0.0,109.8,O'Neal Comprehensive Cancer Center (UAB)
28089,Madison,28,0,0.1,1,"Shelby, Tennessee",198.4,3.09,"Hinds, Mississippi",18.9,0.33,O'Neal Comprehensive Cancer Center (UAB),239.5,4.94,217.8,20.1,244.2,O'Neal Comprehensive Cancer Center (UAB)
28091,Marion,28,0,0.1,1,"Jefferson, Alabama",259.2,4.79,"St. Tammany, Louisiana",73.8,1.57,O'Neal Comprehensive Cancer Center (UAB),260.0,4.81,283.1,71.8,283.2,O'Neal Comprehensive Cancer Center (UAB)
28093,Marshall,28,0,0.2,1,"Shelby, Tennessee",37.7,0.74,"DeSoto, Mississippi",33.5,0.57,O'Neal Comprehensive Cancer Center (UAB),194.5,3.5,34.9,29.1,215.3,Vanderbilt-Ingram Cancer Center
28095,Monroe,28,0,1.1,1,"Jefferson, Alabama",118.0,2.49,"Lowndes, Mississippi",36.6,0.73,O'Neal Comprehensive Cancer Center (UAB),119.3,2.53,121.2,34.5,122.1,O'Neal Comprehensive Cancer Center (UAB)
28097,Montgomery,28,0,1.0,1,"Shelby, Tennessee",130.7,2.12,"Grenada, Mississippi",25.8,0.56,O'Neal Comprehensive Cancer Center (UAB),190.7,3.95,136.3,24.0,199.2,O'Neal Comprehensive Cancer Center (UAB)
28099,Neshoba,28,0,0.9,1,"Jefferson, Alabama",173.8,3.4,"Lowndes, Mississippi",84.3,1.75,O'Neal Comprehensive Cancer Center (UAB),174.6,3.42,172.3,81.2,172.7,O'Neal Comprehensive Cancer Center (UAB)
28101,Newton,28,0,0.9,1,"Jefferson, Alabama",174.3,3.1,"Hinds, Mississippi",73.7,1.28,O'Neal Comprehensive Cancer Center (UAB),175.1,3.12,185.3,79.5,185.6,O'Neal Comprehensive Cancer Center (UAB)
28103,Noxubee,28,0,0.0,1,"Jefferson, Alabama",126.1,2.61,"Lowndes, Mississippi",32.1,0.65,O'Neal Comprehensive Cancer Center (UAB),126.9,2.63,124.6,34.0,125.1,O'Neal Comprehensive Cancer Center (UAB)
28105,Oktibbeha,28,0,0.4,1,"Jefferson, Alabama",135.8,2.82,"Lowndes, Mississippi",27.5,0.57,O'Neal Comprehensive Cancer Center (UAB),136.6,2.84,139.4,30.7,140.1,O'Neal Comprehensive Cancer Center (UAB)
28107,Panola,28,0,0.1,1,"Shelby, Tennessee",64.2,1.28,"Lafayette, Mississippi",27.3,0.57,O'Neal Comprehensive Cancer Center (UAB),207.4,3.97,65.2,28.0,226.4,O'Neal Comprehensive Cancer Center (UAB)
28109,Pearl River,28,0,0.7,1,"Jefferson, Alabama",282.7,5.39,"St. Tammany, Louisiana",39.1,0.75,O'Neal Comprehensive Cancer Center (UAB),283.5,5.41,310.0,31.6,310.0,O'Neal Comprehensive Cancer Center (UAB)
28111,Perry,28,0,4.2,1,"Jefferson, Alabama",236.9,4.47,"Mobile, Alabama",71.5,1.56,O'Neal Comprehensive Cancer Center (UAB),237.7,4.49,241.4,75.3,241.3,O'Neal Comprehensive Cancer Center (UAB)
28113,Pike,28,0,0.6,1,"Shelby, Tennessee",295.5,5.0,"East Baton Rouge, Louisiana",81.1,1.82,O'Neal Comprehensive Cancer Center (UAB),299.3,5.65,317.3,76.8,317.5,O'Neal Comprehensive Cancer Center (UAB)
28115,Pontotoc,28,0,0.0,1,"Shelby, Tennessee",90.1,1.84,"Union, Mississippi",16.7,0.36,O'Neal Comprehensive Cancer Center (UAB),150.0,2.77,93.9,19.0,164.4,O'Neal Comprehensive Cancer Center (UAB)
28117,Prentiss,28,0,1.1,1,"Shelby, Tennessee",104.1,2.24,"Union, Mississippi",35.5,0.76,O'Neal Comprehensive Cancer Center (UAB),149.6,2.84,99.7,33.7,152.1,O'Neal Comprehensive Cancer Center (UAB)
28119,Quitman,28,0,0.5,1,"Shelby, Tennessee",78.9,1.57,"Lafayette, Mississippi",43.9,0.91,O'Neal Comprehensive Cancer Center (UAB),224.1,4.31,76.0,51.0,246.4,O'Neal Comprehensive Cancer Center (UAB)
28121,Rankin,28,0,0.2,1,"Shelby, Tennessee",221.4,3.76,"Hinds, Mississippi",14.4,0.31,O'Neal Comprehensive Cancer Center (UAB),224.4,3.81,236.5,16.0,246.8,O'Neal Comprehensive Cancer Center (UAB)
28123,Scott,28,0,2.8,1,"Jefferson, Alabama",195.4,3.47,"Hinds, Mississippi",52.9,1.12,O'Neal Comprehensive Cancer Center (UAB),196.2,3.49,210.5,51.6,210.8,O'Neal Comprehensive Cancer Center (UAB)
28125,Sharkey,28,0,0.1,1,"Shelby, Tennessee",183.3,3.76,"Hinds, Mississippi",77.9,1.61,O'Neal Comprehensive Cancer Center (UAB),286.1,5.96,195.1,66.4,285.9,O'Neal Comprehensive Cancer Center (UAB)
28127,Simpson,28,0,1.9,1,"Jefferson, Alabama",236.7,4.53,"Hinds, Mississippi",40.5,0.91,O'Neal Comprehensive Cancer Center (UAB),237.5,4.54,250.4,42.8,250.7,O'Neal Comprehensive Cancer Center (UAB)
28129,Smith,28,0,0.8,1,"Jefferson, Alabama",213.5,3.93,"Hinds, Mississippi",58.2,1.25,O'Neal Comprehensive Cancer Center (UAB),214.4,3.95,227.4,59.6,227.6,O'Neal Comprehensive Cancer Center (UAB)
28131,Stone,28,0,0.1,1,"Jefferson, Alabama",266.6,5.08,"Mobile, Alabama",71.5,1.52,O'Neal Comprehensive Cancer Center (UAB),267.5,5.09,277.7,68.4,277.6,O'Neal Comprehensive Cancer Center (UAB)
28133,Sunflower,28,0,2.5,1,"Shelby, Tennessee",136.6,2.82,"Grenada, Mississippi",62.0,1.38,O'Neal Comprehensive Cancer Center (UAB),257.0,5.38,136.1,55.8,261.5,O'Neal Comprehensive Cancer Center (UAB)
28135,Tallahatchie,28,0,0.1,1,"Shelby, Tennessee",99.9,2.11,"Grenada, Mississippi",35.4,0.91,O'Neal Comprehensive Cancer Center (UAB),231.6,4.97,97.2,31.7,236.4,O'Neal Comprehensive Cancer Center (UAB)
28137,Tate,28,0,0.5,1,"Shelby, Tennessee",43.5,0.71,"DeSoto, Mississippi",22.5,0.39,O'Neal Comprehensive Cancer Center (UAB),220.7,4.08,40.6,23.5,235.7,O'Neal Comprehensive Cancer Center (UAB)
28139,Tippah,28,0,0.5,1,"Shelby, Tennessee",71.8,1.5,"Union, Mississippi",25.3,0.55,O'Neal Comprehensive Cancer Center (UAB),176.9,3.46,72.1,24.2,179.1,O'Neal Comprehensive Cancer Center (UAB)
28141,Tishomingo,28,0,0.0,1,"Shelby, Tennessee",107.4,2.19,"Union, Mississippi",56.5,1.26,O'Neal Comprehensive Cancer Center (UAB),139.8,3.07,117.5,57.2,140.9,O'Neal Comprehensive Cancer Center (UAB)
28143,Tunica,28,0,1.4,1,"Shelby, Tennessee",46.7,0.94,"DeSoto, Mississippi",34.3,0.66,Vanderbilt-Ingram Cancer Center,242.1,4.18,46.0,31.7,262.9,O'Neal Comprehensive Cancer Center (UAB)
28145,Union,28,27,0.3,1,"Shelby, Tennessee",74.1,1.51,"Union, Mississippi",0.0,0.0,O'Neal Comprehensive Cancer Center (UAB),155.0,2.73,80.3,0.0,172.0,O'Neal Comprehensive Cancer Center (UAB)
28147,Walthall,28,0,0.4,1,"Jefferson, Alabama",280.7,5.27,"St. Tammany, Louisiana",64.6,1.36,O'Neal Comprehensive Cancer Center (UAB),281.5,5.28,303.8,64.4,303.9,O'Neal Comprehensive Cancer Center (UAB)
28149,Warren,28,0,1.0,1,"Shelby, Tennessee",230.2,4.75,"Hinds, Mississippi",37.8,0.74,O'Neal Comprehensive Cancer Center (UAB),275.3,4.84,241.9,41.2,298.0,O'Neal Comprehensive Cancer Center (UAB)
28151,Washington,28,0,1.7,1,"Shelby, Tennessee",160.3,3.32,"Grenada, Mississippi",89.7,2.02,O'Neal Comprehensive Cancer Center (UAB),274.7,5.76,165.2,89.7,291.5,O'Neal Comprehensive Cancer Center (UAB)
28153,Wayne,28,0,0.9,1,"Jefferson, Alabama",196.1,3.65,"Mobile, Alabama",87.4,1.82,O'Neal Comprehensive Cancer Center (UAB),196.9,3.67,201.7,87.3,201.6,O'Neal Comprehensive Cancer Center (UAB)
28155,Webster,28,0,2.5,1,"Shelby, Tennessee",139.7,3.03,"Lowndes, Mississippi",52.1,1.07,O'Neal Comprehensive Cancer Center (UAB),161.2,3.33,136.2,43.0,167.3,O'Neal Comprehensive Cancer Center (UAB)
28157,Wilkinson,28,0,1.8,1,"Harris, Texas",308.2,6.54,"East Baton Rouge, Louisiana",58.5,1.3,MD Anderson Cancer Center,311.0,6.68,317.7,55.9,319.6,Dan L Duncan Comprehensive Cancer Center (Baylor)
28159,Winston,28,0,0.9,1,"Jefferson, Alabama",161.0,3.38,"Lowndes, Mississippi",64.2,1.36,O'Neal Comprehensive Cancer Center (UAB),161.9,3.4,158.7,57.9,159.2,O'Neal Comprehensive Cancer Center (UAB)
28161,Yalobusha,28,0,2.2,1,"Shelby, Tennessee",96.1,2.01,"Lafayette, Mississippi",27.3,0.58,O'Neal Comprehensive Cancer Center (UAB),202.8,3.95,88.0,25.8,204.9,O'Neal Comprehensive Cancer Center (UAB)
28163,Yazoo,28,0,0.1,1,"Shelby, Tennessee",187.4,4.05,"Hinds, Mississippi",40.2,0.84,O'Neal Comprehensive Cancer Center (UAB),250.0,5.21,193.9,44.4,254.8,O'Neal Comprehensive Cancer Center (UAB)
29001,Adair,29,0,0.1,1,"Johnson, Iowa",152.9,3.08,"Boone, Missouri",91.2,1.89,Holden Comprehensive Cancer Center (Iowa),147.8,3.08,139.0,89.3,138.0,Holden Comprehensive Cancer Center (Iowa)
29003,Andrew,29,0,0.1,1,"Johnson, Kansas",74.3,1.24,"Buchanan, Missouri",13.7,0.33,University of Kansas Cancer Center,65.0,1.16,79.1,14.0,72.8,University of Kansas Cancer Center
29005,Atchison,29,0,0.2,1,"Douglas, Nebraska",81.9,1.53,"Buchanan, Missouri",66.1,1.22,Fred & Pamela Buffett Cancer Center (UNMC),75.1,1.38,80.2,67.9,75.6,Fred & Pamela Buffett Cancer Center (UNMC)
29007,Audrain,29,0,2.8,1,"St. Louis, Missouri",105.1,1.92,"Boone, Missouri",42.6,0.84,Siteman Cancer Center (WashU),113.2,2.11,103.7,37.9,111.5,Siteman Cancer Center (WashU)
29009,Barry,29,0,2.4,1,"Jackson, Missouri",186.7,3.7,"Benton, Arkansas",45.3,0.99,University of Kansas Cancer Center,194.4,3.63,190.2,39.5,198.3,University of Kansas Cancer Center
29011,Barton,29,0,0.1,1,"Jackson, Missouri",111.9,2.13,"Newton, Missouri",46.6,0.77,University of Kansas Cancer Center,119.5,2.07,121.8,48.2,130.8,University of Kansas Cancer Center
29013,Bates,29,0,0.3,1,"Jackson, Missouri",55.0,1.16,"Jackson, Missouri",55.0,1.16,University of Kansas Cancer Center,62.6,1.09,58.7,58.7,66.2,University of Kansas Cancer Center
29015,Benton,29,0,1.9,1,"Jackson, Missouri",105.0,2.18,"Camden, Missouri",50.0,1.06,University of Kansas Cancer Center,112.8,2.31,94.1,41.3,104.9,University of Kansas Cancer Center
29017,Bollinger,29,0,0.3,1,"St. Louis, Missouri",111.2,2.01,"Cape Girardeau, Missouri",28.4,0.61,Siteman Cancer Center (WashU),111.8,2.39,107.4,25.9,107.9,Siteman Cancer Center (WashU)
29019,Boone,29,36,0.1,1,"St. Louis, Missouri",112.1,1.87,"Boone, Missouri",0.0,0.0,Siteman Cancer Center (WashU),120.2,2.06,127.5,0.0,135.6,Siteman Cancer Center (WashU)
29021,Buchanan,29,26,0.2,1,"Johnson, Kansas",63.3,1.06,"Buchanan, Missouri",0.0,0.0,University of Kansas Cancer Center,54.0,0.99,66.0,0.0,59.2,University of Kansas Cancer Center
29023,Butler,29,0,0.5,1,"St. Louis, Missouri",152.7,3.08,"Craighead, Arkansas",77.3,1.83,Siteman Cancer Center (WashU),156.3,3.08,139.5,73.0,155.2,Siteman Cancer Center (WashU)
29025,Caldwell,29,0,1.8,1,"Jackson, Missouri",67.4,1.26,"Clay, Missouri",50.1,0.98,University of Kansas Cancer Center,64.4,1.23,61.3,46.7,63.9,University of Kansas Cancer Center
29027,Callaway,29,0,0.3,1,"St. Louis, Missouri",102.4,1.75,"Boone, Missouri",28.7,0.57,Siteman Cancer Center (WashU),110.6,1.94,104.8,24.7,112.9,Siteman Cancer Center (WashU)
29029,Camden,29,24,2.4,1,"Jackson, Missouri",141.6,3.13,"Camden, Missouri",0.0,0.0,University of Kansas Cancer Center,149.2,3.07,134.8,0.0,145.7,University of Kansas Cancer Center
29031,Cape Girardeau,29,63,0.1,1,"St. Louis, Missouri",109.7,1.79,"Cape Girardeau, Missouri",0.0,0.0,Siteman Cancer Center (WashU),110.3,2.19,113.1,0.0,113.8,Siteman Cancer Center (WashU)
29033,Carroll,29,0,0.7,1,"Jackson, Missouri",80.3,1.78,"Clay, Missouri",68.2,1.49,University of Kansas Cancer Center,78.6,1.68,69.3,65.5,77.3,University of Kansas Cancer Center
29035,Carter,29,0,1.9,1,"St. Louis, Missouri",159.3,3.43,"St. Francois, Missouri",94.1,2.18,Siteman Cancer Center (WashU),162.9,3.43,144.4,78.1,144.9,Siteman Cancer Center (WashU)
29037,Cass,29,1,0.9,1,"Jackson, Missouri",26.0,0.69,"Jackson, Missouri",26.0,0.69,University of Kansas Cancer Center,29.7,0.63,21.5,21.5,28.0,University of Kansas Cancer Center
29039,Cedar,29,0,2.0,1,"Jackson, Missouri",118.3,2.41,"Greene, Missouri",65.2,1.42,University of Kansas Cancer Center,125.9,2.34,109.2,61.2,116.6,University of Kansas Cancer Center
29041,Chariton,29,0,0.3,1,"Jackson, Missouri",112.7,2.48,"Boone, Missouri",62.7,1.35,University of Kansas Cancer Center,111.1,2.37,104.9,58.8,113.5,University of Kansas Cancer Center
29043,Christian,29,0,0.7,1,"Jackson, Missouri",173.4,3.87,"Greene, Missouri",15.3,0.43,University of Kansas Cancer Center,181.1,3.8,181.5,14.0,189.7,University of Kansas Cancer Center
29045,Clark,29,0,0.2,1,"Johnson, Iowa",105.6,2.1,"Hancock, Illinois",32.2,0.69,Holden Comprehensive Cancer Center (Iowa),99.2,1.97,105.8,32.0,104.2,Holden Comprehensive Cancer Center (Iowa)
29047,Clay,29,31,0.6,1,"Jackson, Missouri",21.8,0.4,"Clay, Missouri",0.0,0.0,University of Kansas Cancer Center,18.9,0.38,20.4,0.0,17.9,University of Kansas Cancer Center
29049,Clinton,29,0,2.0,1,"Jackson, Missouri",55.5,1.08,"Buchanan, Missouri",34.9,0.78,University of Kansas Cancer Center,51.0,1.05,49.4,30.1,47.9,University of Kansas Cancer Center
29051,Cole,29,3,0.3,1,"St. Louis, Missouri",122.0,2.5,"Boone, Missouri",35.8,0.65,Siteman Cancer Center (WashU),126.2,2.59,118.9,34.1,126.8,Siteman Cancer Center (WashU)
29053,Cooper,29,0,0.8,1,"Jackson, Missouri",102.1,1.71,"Boone, Missouri",27.8,0.48,University of Kansas Cancer Center,105.7,1.79,108.1,29.4,119.0,University of Kansas Cancer Center
29055,Crawford,29,0,3.3,1,"St. Louis, Missouri",75.0,1.41,"Phelps, Missouri",31.6,0.57,Siteman Cancer Center (WashU),79.3,1.49,77.5,29.5,83.0,Siteman Cancer Center (WashU)
29057,Dade,29,0,0.4,1,"Jackson, Missouri",146.2,2.9,"Greene, Missouri",41.7,0.9,University of Kansas Cancer Center,153.8,2.84,138.2,38.7,145.3,University of Kansas Cancer Center
29059,Dallas,29,0,0.3,1,"Jackson, Missouri",147.6,3.31,"Greene, Missouri",40.6,0.84,University of Kansas Cancer Center,155.3,3.24,144.4,40.7,154.2,University of Kansas Cancer Center
29061,Daviess,29,0,1.4,1,"Jackson, Missouri",80.0,1.41,"Buchanan, Missouri",52.7,1.09,University of Kansas Cancer Center,77.1,1.39,82.5,55.6,83.5,University of Kansas Cancer Center
29063,DeKalb,29,0,0.4,1,"Jackson, Missouri",70.7,1.3,"Buchanan, Missouri",30.0,0.62,University of Kansas Cancer Center,67.0,1.36,67.9,30.3,65.9,University of Kansas Cancer Center
29065,Dent,29,0,0.3,1,"St. Louis, Missouri",116.9,2.19,"Phelps, Missouri",26.2,0.58,Siteman Cancer Center (WashU),121.2,2.27,112.8,29.1,117.2,Siteman Cancer Center (WashU)
29067,Douglas,29,0,0.9,1,"St. Louis, Missouri",208.6,4.02,"Greene, Missouri",58.7,1.26,Siteman Cancer Center (WashU),212.8,4.11,202.5,51.2,207.3,Siteman Cancer Center (WashU)
29069,Dunklin,29,0,1.7,1,"Shelby, Tennessee",117.0,2.41,"Craighead, Arkansas",59.9,1.29,Siteman Cancer Center (WashU),190.5,4.11,99.7,57.6,191.2,Siteman Cancer Center (WashU)
29071,Franklin,29,46,0.4,1,"St. Louis, Missouri",41.7,0.87,"Franklin, Missouri",0.0,0.0,Siteman Cancer Center (WashU),46.0,0.96,43.1,0.0,50.0,Siteman Cancer Center (WashU)
29073,Gasconade,29,0,0.5,1,"St. Louis, Missouri",74.1,1.55,"Franklin, Missouri",34.2,0.72,Siteman Cancer Center (WashU),78.3,1.64,73.2,31.9,80.7,Siteman Cancer Center (WashU)
29075,Gentry,29,0,2.6,1,"Jackson, Missouri",107.9,2.29,"Buchanan, Missouri",54.4,1.16,University of Kansas Cancer Center,99.6,2.05,99.0,44.9,95.8,University of Kansas Cancer Center
29077,Greene,29,59,0.4,1,"Jackson, Missouri",159.0,3.46,"Greene, Missouri",0.0,0.0,University of Kansas Cancer Center,166.6,3.4,167.9,0.0,176.3,University of Kansas Cancer Center
29079,Grundy,29,0,0.2,1,"Jackson, Missouri",104.6,1.91,"Buchanan, Missouri",77.2,1.59,University of Kansas Cancer Center,101.6,1.88,104.9,82.9,107.7,University of Kansas Cancer Center
29081,Harrison,29,0,0.5,1,"Jackson, Missouri",101.7,1.67,"Buchanan, Missouri",74.3,1.35,University of Kansas Cancer Center,98.7,1.64,111.9,70.0,111.4,University of Kansas Cancer Center
29083,Henry,29,0,0.2,1,"Jackson, Missouri",69.9,1.58,"Jackson, Missouri",69.9,1.58,University of Kansas Cancer Center,77.6,1.52,68.5,68.5,78.7,University of Kansas Cancer Center
29085,Hickory,29,0,0.8,1,"Jackson, Missouri",126.8,2.78,"Camden, Missouri",45.4,0.94,University of Kansas Cancer Center,134.5,2.71,116.4,40.4,126.2,University of Kansas Cancer Center
29087,Holt,29,0,0.3,1,"Johnson, Kansas",95.9,1.55,"Buchanan, Missouri",34.3,0.63,University of Kansas Cancer Center,86.6,1.47,100.3,36.2,92.9,University of Kansas Cancer Center
29089,Howard,29,0,0.8,1,"Jackson, Missouri",116.9,2.03,"Boone, Missouri",30.0,0.63,University of Kansas Cancer Center,120.5,2.11,112.5,29.0,122.8,University of Kansas Cancer Center
29091,Howell,29,0,1.2,1,"Shelby, Tennessee",189.9,3.98,"Phelps, Missouri",95.0,2.0,Siteman Cancer Center (WashU),195.7,3.8,181.8,95.8,184.9,Siteman Cancer Center (WashU)
29093,Iron,29,1,2.2,1,"St. Louis, Missouri",100.1,2.1,"St. Francois, Missouri",41.7,0.92,Siteman Cancer Center (WashU),104.2,2.17,90.9,25.9,91.6,Siteman Cancer Center (WashU)
29095,Jackson,29,107,1.8,1,"Jackson, Missouri",0.0,0.0,"Jackson, Missouri",0.0,0.0,University of Kansas Cancer Center,13.0,0.34,0.0,0.0,11.3,University of Kansas Cancer Center
29097,Jasper,29,0,0.1,1,"Johnson, Kansas",140.9,2.62,"Newton, Missouri",15.2,0.27,University of Kansas Cancer Center,150.4,2.58,150.1,17.3,160.1,University of Kansas Cancer Center
29099,Jefferson,29,1,1.7,1,"St. Louis, Missouri",28.1,0.57,"St. Louis, Missouri",28.1,0.57,Siteman Cancer Center (WashU),32.3,0.64,25.8,25.8,27.2,Siteman Cancer Center (WashU)
29101,Johnson,29,0,1.2,1,"Jackson, Missouri",46.8,0.99,"Jackson, Missouri",46.8,0.99,University of Kansas Cancer Center,56.1,1.22,48.2,48.2,59.5,University of Kansas Cancer Center
29103,Knox,29,0,0.9,1,"Johnson, Iowa",152.4,3.12,"Hancock, Illinois",76.6,1.65,Holden Comprehensive Cancer Center (Iowa),146.1,2.99,132.1,64.2,130.7,Holden Comprehensive Cancer Center (Iowa)
29105,Laclede,29,0,0.2,1,"St. Louis, Missouri",154.1,2.64,"Camden, Missouri",31.9,0.67,Siteman Cancer Center (WashU),158.3,2.73,161.0,34.0,171.4,University of Kansas Cancer Center
29107,Lafayette,29,0,3.6,1,"Jackson, Missouri",45.7,0.81,"Jackson, Missouri",45.7,0.81,University of Kansas Cancer Center,49.3,0.88,39.0,39.0,49.4,University of Kansas Cancer Center
29109,Lawrence,29,0,1.0,1,"Jackson, Missouri",169.4,3.39,"Greene, Missouri",34.8,0.72,University of Kansas Cancer Center,177.1,3.32,168.3,34.9,175.7,University of Kansas Cancer Center
29111,Lewis,29,0,2.9,1,"Johnson, Iowa",126.2,2.57,"Hancock, Illinois",50.4,1.1,Holden Comprehensive Cancer Center (Iowa),119.9,2.44,132.3,39.4,130.6,Holden Comprehensive Cancer Center (Iowa)
29113,Lincoln,29,0,0.6,1,"St. Louis, Missouri",46.7,0.81,"St. Charles, Missouri",28.2,0.53,Siteman Cancer Center (WashU),54.9,1.0,45.5,24.6,52.8,Siteman Cancer Center (WashU)
29115,Linn,29,0,0.1,1,"Jackson, Missouri",121.9,2.38,"Boone, Missouri",92.1,1.99,University of Kansas Cancer Center,119.0,2.35,109.8,84.5,116.4,University of Kansas Cancer Center
29117,Livingston,29,0,0.1,1,"Jackson, Missouri",97.2,1.87,"Buchanan, Missouri",70.9,1.47,University of Kansas Cancer Center,94.2,1.84,86.8,75.4,91.5,University of Kansas Cancer Center
29119,McDonald,29,0,0.7,1,"Johnson, Kansas",177.4,3.28,"Newton, Missouri",23.6,0.48,University of Kansas Cancer Center,186.4,3.33,192.8,25.4,202.8,University of Kansas Cancer Center
29121,Macon,29,0,1.5,1,"Jackson, Missouri",157.5,3.0,"Boone, Missouri",62.3,1.31,University of Kansas Cancer Center,154.6,2.98,140.1,70.6,148.0,University of Kansas Cancer Center
29123,Madison,29,0,0.0,1,"St. Louis, Missouri",90.2,1.78,"St. Francois, Missouri",25.1,0.52,Siteman Cancer Center (WashU),93.8,1.78,89.7,27.4,90.1,Siteman Cancer Center (WashU)
29125,Maries,29,0,1.6,1,"St. Louis, Missouri",105.7,2.23,"Phelps, Missouri",24.2,0.53,Siteman Cancer Center (WashU),110.0,2.32,104.5,20.7,111.4,Siteman Cancer Center (WashU)
29127,Marion,29,0,0.2,1,"St. Louis, Missouri",110.1,2.11,"Hancock, Illinois",66.2,1.47,Siteman Cancer Center (WashU),118.2,2.31,113.9,58.9,120.1,Siteman Cancer Center (WashU)
29129,Mercer,29,0,0.1,1,"Jackson, Missouri",125.9,2.23,"Polk, Iowa",93.8,2.02,University of Kansas Cancer Center,123.0,2.21,128.9,96.0,130.5,University of Kansas Cancer Center
29131,Miller,29,0,0.8,1,"Jackson, Missouri",141.3,2.95,"Camden, Missouri",38.5,0.79,Siteman Cancer Center (WashU),147.9,3.09,140.4,21.1,149.0,Siteman Cancer Center (WashU)
29133,Mississippi,29,0,0.7,1,"St. Louis, Missouri",153.0,2.64,"Cape Girardeau, Missouri",43.6,0.85,Siteman Cancer Center (WashU),153.6,3.03,147.2,44.3,158.1,Siteman Cancer Center (WashU)
29135,Moniteau,29,0,0.1,1,"Jackson, Missouri",110.7,2.32,"Boone, Missouri",47.7,1.01,University of Kansas Cancer Center,120.0,2.55,122.6,33.1,133.9,University of Kansas Cancer Center
29137,Monroe,29,0,0.7,1,"St. Louis, Missouri",130.4,2.56,"Boone, Missouri",57.6,1.23,Siteman Cancer Center (WashU),138.5,2.75,125.0,52.3,132.4,Siteman Cancer Center (WashU)
29139,Montgomery,29,0,0.6,1,"St. Louis, Missouri",68.2,1.15,"St. Charles, Missouri",49.7,0.87,Siteman Cancer Center (WashU),76.3,1.34,74.1,52.2,82.1,Siteman Cancer Center (WashU)
29141,Morgan,29,0,0.1,1,"Jackson, Missouri",119.2,2.53,"Camden, Missouri",31.3,0.72,University of Kansas Cancer Center,128.5,2.76,115.4,26.7,126.7,University of Kansas Cancer Center
29143,New Madrid,29,0,4.0,1,"Shelby, Tennessee",134.3,2.72,"Cape Girardeau, Missouri",65.0,1.11,Siteman Cancer Center (WashU),175.0,3.29,123.9,61.6,171.7,Siteman Cancer Center (WashU)
29145,Newton,29,24,0.1,1,"Johnson, Kansas",155.1,2.91,"Newton, Missouri",0.0,0.0,University of Kansas Cancer Center,165.1,3.15,167.5,0.0,177.4,University of Kansas Cancer Center
29147,Nodaway,29,0,0.3,1,"Johnson, Kansas",106.9,1.83,"Buchanan, Missouri",45.8,0.88,University of Kansas Cancer Center,97.5,1.76,106.6,50.0,100.8,Fred & Pamela Buffett Cancer Center (UNMC)
29149,Oregon,29,0,0.1,1,"Shelby, Tennessee",167.7,3.47,"Craighead, Arkansas",90.7,1.99,Siteman Cancer Center (WashU),209.8,4.1,162.8,84.1,184.6,Siteman Cancer Center (WashU)
29151,Osage,29,0,2.4,1,"St. Louis, Missouri",102.1,2.18,"Boone, Missouri",51.2,1.0,Siteman Cancer Center (WashU),106.3,2.27,98.2,43.4,105.9,Siteman Cancer Center (WashU)
29153,Ozark,29,0,0.9,1,"St. Louis, Missouri",223.3,4.4,"Greene, Missouri",84.3,1.77,Siteman Cancer Center (WashU),227.5,4.48,210.5,75.4,218.1,Siteman Cancer Center (WashU)
29155,Pemiscot,29,0,0.5,1,"Shelby, Tennessee",101.3,1.76,"Craighead, Arkansas",69.2,1.44,Vanderbilt-Ingram Cancer Center,188.3,3.8,87.5,68.3,196.9,Vanderbilt-Ingram Cancer Center
29157,Perry,29,0,0.8,1,"St. Louis, Missouri",80.2,1.69,"Ste. Genevieve, Missouri",26.0,0.49,Siteman Cancer Center (WashU),80.8,1.72,79.5,27.6,80.1,Siteman Cancer Center (WashU)
29159,Pettis,29,0,0.2,1,"Jackson, Missouri",74.9,1.55,"Boone, Missouri",65.3,1.28,University of Kansas Cancer Center,84.3,1.78,81.4,61.5,92.7,University of Kansas Cancer Center
29161,Phelps,29,23,0.5,1,"St. Louis, Missouri",100.1,1.79,"Phelps, Missouri",0.0,0.0,Siteman Cancer Center (WashU),104.4,1.88,105.7,0.0,111.7,Siteman Cancer Center (WashU)
29163,Pike,29,0,0.7,1,"St. Louis, Missouri",78.5,1.46,"St. Charles, Missouri",60.0,1.18,Siteman Cancer Center (WashU),86.6,1.65,77.5,57.8,84.0,Siteman Cancer Center (WashU)
29165,Platte,29,43,0.4,1,"Jackson, Missouri",26.9,0.61,"Platte, Missouri",0.0,0.0,University of Kansas Cancer Center,16.9,0.36,25.8,0.0,17.6,University of Kansas Cancer Center
29167,Polk,29,17,0.1,1,"Jackson, Missouri",130.0,2.87,"Greene, Missouri",30.2,0.63,University of Kansas Cancer Center,137.6,2.8,134.9,34.5,143.8,University of Kansas Cancer Center
29169,Pulaski,29,0,0.1,1,"St. Louis, Missouri",123.8,2.13,"Phelps, Missouri",28.0,0.46,Siteman Cancer Center (WashU),128.1,2.22,134.8,29.8,141.1,Siteman Cancer Center (WashU)
29171,Putnam,29,0,0.5,1,"Johnson, Iowa",148.7,3.02,"Hancock, Illinois",105.2,2.2,Holden Comprehensive Cancer Center (Iowa),143.6,3.01,133.5,103.6,133.0,Holden Comprehensive Cancer Center (Iowa)
29173,Ralls,29,0,2.8,1,"St. Louis, Missouri",100.5,1.93,"Hancock, Illinois",80.2,1.7,Siteman Cancer Center (WashU),108.7,2.12,104.1,72.1,110.7,Siteman Cancer Center (WashU)
29175,Randolph,29,0,1.0,1,"Jackson, Missouri",139.7,3.04,"Boone, Missouri",35.9,0.75,University of Kansas Cancer Center,138.1,2.93,132.3,38.8,141.7,University of Kansas Cancer Center
29177,Ray,29,0,2.3,1,"Jackson, Missouri",47.8,0.98,"Clay, Missouri",30.5,0.7,University of Kansas Cancer Center,44.9,0.95,36.6,28.8,42.2,University of Kansas Cancer Center
29179,Reynolds,29,0,0.7,1,"St. Louis, Missouri",129.7,2.71,"St. Francois, Missouri",71.3,1.53,Siteman Cancer Center (WashU),133.8,2.78,115.5,52.5,116.9,Siteman Cancer Center (WashU)
29181,Ripley,29,0,1.3,1,"Shelby, Tennessee",151.4,3.12,"Craighead, Arkansas",74.4,1.64,Siteman Cancer Center (WashU),179.7,3.55,138.1,66.1,169.2,Siteman Cancer Center (WashU)
29183,St. Charles,29,61,1.7,1,"St. Louis, Missouri",25.6,0.48,"St. Charles, Missouri",0.0,0.0,Siteman Cancer Center (WashU),32.9,0.64,21.4,0.0,29.1,Siteman Cancer Center (WashU)
29185,St. Clair,29,0,3.6,1,"Jackson, Missouri",97.0,2.18,"Greene, Missouri",70.0,1.51,University of Kansas Cancer Center,104.6,2.11,90.5,66.5,99.3,University of Kansas Cancer Center
29186,Ste. Genevieve,29,45,0.7,1,"St. Louis, Missouri",62.0,1.08,"Ste. Genevieve, Missouri",0.0,0.0,Siteman Cancer Center (WashU),65.6,1.08,56.6,0.0,57.1,Siteman Cancer Center (WashU)
29187,St. Francois,29,44,0.2,1,"St. Louis, Missouri",65.6,1.28,"St. Francois, Missouri",0.0,0.0,Siteman Cancer Center (WashU),69.2,1.28,66.9,0.0,67.1,Siteman Cancer Center (WashU)
29189,St. Louis,29,162,0.6,1,"St. Louis, Missouri",0.0,0.0,"St. Louis, Missouri",0.0,0.0,Siteman Cancer Center (WashU),9.4,0.23,0.0,0.0,8.1,Siteman Cancer Center (WashU)
29195,Saline,29,0,0.4,1,"Jackson, Missouri",86.3,1.94,"Boone, Missouri",58.4,1.11,University of Kansas Cancer Center,86.6,1.95,80.4,58.2,90.7,University of Kansas Cancer Center
29197,Schuyler,29,0,2.3,1,"Johnson, Iowa",135.5,2.72,"Hancock, Illinois",85.3,1.81,Holden Comprehensive Cancer Center (Iowa),130.3,2.71,117.7,83.2,116.8,Holden Comprehensive Cancer Center (Iowa)
29199,Scotland,29,0,0.4,1,"Johnson, Iowa",130.3,2.61,"Hancock, Illinois",56.9,1.19,Holden Comprehensive Cancer Center (Iowa),124.0,2.47,108.9,59.9,107.7,Holden Comprehensive Cancer Center (Iowa)
29201,Scott,29,0,2.3,1,"St. Louis, Missouri",136.3,2.25,"Cape Girardeau, Missouri",26.9,0.47,Siteman Cancer Center (WashU),137.0,2.65,140.3,28.3,140.9,Siteman Cancer Center (WashU)
29203,Shannon,29,0,4.5,1,"St. Louis, Missouri",167.1,3.25,"Phelps, Missouri",77.3,1.66,Siteman Cancer Center (WashU),171.4,3.34,147.4,75.4,149.9,Siteman Cancer Center (WashU)
29205,Shelby,29,0,1.8,1,"St. Louis, Missouri",148.0,2.88,"Boone, Missouri",77.1,1.62,Siteman Cancer Center (WashU),156.1,3.07,142.6,68.6,149.7,Siteman Cancer Center (WashU)
29207,Stoddard,29,0,1.6,1,"St. Louis, Missouri",150.7,2.85,"Cape Girardeau, Missouri",50.2,1.02,Siteman Cancer Center (WashU),151.3,3.24,142.5,48.4,148.6,Siteman Cancer Center (WashU)
29209,Stone,29,0,1.0,1,"Jackson, Missouri",199.1,4.32,"Greene, Missouri",41.0,0.88,University of Kansas Cancer Center,206.8,4.26,200.7,39.8,208.0,University of Kansas Cancer Center
29211,Sullivan,29,0,0.2,1,"Jackson, Missouri",135.1,2.58,"Buchanan, Missouri",107.8,2.26,University of Kansas Cancer Center,132.2,2.56,131.7,115.6,136.1,University of Kansas Cancer Center
29213,Taney,29,15,0.8,1,"Jackson, Missouri",203.8,4.31,"Greene, Missouri",46.6,1.03,University of Kansas Cancer Center,211.5,4.25,211.5,45.0,219.4,University of Kansas Cancer Center
29215,Texas,29,0,0.7,1,"St. Louis, Missouri",147.0,2.77,"Phelps, Missouri",50.6,1.06,Siteman Cancer Center (WashU),151.3,2.86,150.0,52.8,154.5,Siteman Cancer Center (WashU)
29217,Vernon,29,0,0.0,1,"Jackson, Missouri",87.0,1.75,"Newton, Missouri",71.5,1.17,University of Kansas Cancer Center,94.6,1.69,93.9,76.0,102.6,University of Kansas Cancer Center
29219,Warren,29,0,2.0,1,"St. Louis, Missouri",45.9,0.78,"St. Charles, Missouri",27.5,0.5,Siteman Cancer Center (WashU),54.1,0.98,47.4,27.6,55.5,Siteman Cancer Center (WashU)
29221,Washington,29,0,0.9,1,"St. Louis, Missouri",68.1,1.4,"St. Francois, Missouri",21.1,0.48,Siteman Cancer Center (WashU),72.2,1.47,62.8,21.8,65.1,Siteman Cancer Center (WashU)
29223,Wayne,29,0,3.1,1,"St. Louis, Missouri",128.6,2.58,"St. Francois, Missouri",63.5,1.32,Siteman Cancer Center (WashU),132.2,2.58,126.6,60.2,126.8,Siteman Cancer Center (WashU)
29225,Webster,29,0,4.6,1,"Jackson, Missouri",185.1,4.12,"Greene, Missouri",35.2,0.71,University of Kansas Cancer Center,192.7,4.05,176.2,27.2,185.5,University of Kansas Cancer Center
29227,Worth,29,0,0.3,1,"Jackson, Missouri",125.3,2.62,"Buchanan, Missouri",71.8,1.5,University of Kansas Cancer Center,117.0,2.39,121.1,65.3,114.6,Fred & Pamela Buffett Cancer Center (UNMC)
29229,Wright,29,0,5.0,1,"St. Louis, Missouri",185.8,3.6,"Greene, Missouri",62.0,1.26,Siteman Cancer Center (WashU),190.0,3.69,179.8,57.9,184.9,Siteman Cancer Center (WashU)
29510,St. Louis,29,365,0.2,1,"St. Louis, Missouri",0.0,0.0,"St. Louis, Missouri",0.0,0.0,Siteman Cancer Center (WashU),7.9,0.15,0.0,0.0,0.9,Siteman Cancer Center (WashU)
30001,Beaverhead,30,0,2.3,1,"Yellowstone, Montana",260.6,4.61,"Deer Lodge, Montana",80.4,1.35,Huntsman Cancer Institute (Utah),356.1,6.06,245.5,77.0,373.4,Huntsman Cancer Institute (Utah)
30003,Big Horn,30,0,2.3,1,"Yellowstone, Montana",66.6,1.2,"Yellowstone, Montana",66.6,1.2,University of Colorado Cancer Center,497.4,9.17,63.3,63.3,476.8,Huntsman Cancer Institute (Utah)
30005,Blaine,30,0,5.7,1,"Yellowstone, Montana",208.3,4.26,"Cascade, Montana",168.4,3.48,Huntsman Cancer Institute (Utah),694.1,13.63,219.9,156.1,659.3,Huntsman Cancer Institute (Utah)
30007,Broadwater,30,0,2.1,1,"Yellowstone, Montana",193.8,3.98,"Gallatin, Montana",64.2,1.21,Huntsman Cancer Institute (Utah),442.4,8.37,177.3,55.1,457.7,Huntsman Cancer Institute (Utah)
30009,Carbon,30,0,4.7,1,"Yellowstone, Montana",56.3,1.2,"Yellowstone, Montana",56.3,1.2,Huntsman Cancer Institute (Utah),483.9,9.49,49.8,49.8,413.0,Huntsman Cancer Institute (Utah)
30011,Carter,30,0,7.0,1,"Yellowstone, Montana",281.1,5.14,"Burleigh, North Dakota",268.1,4.73,University of Colorado Cancer Center,502.3,10.07,232.8,232.8,492.9,University of Colorado Cancer Center
30013,Cascade,30,68,0.2,1,"Yellowstone, Montana",216.8,4.42,"Cascade, Montana",0.0,0.0,Huntsman Cancer Institute (Utah),562.2,10.61,211.2,0.0,558.6,Huntsman Cancer Institute (Utah)
30015,Chouteau,30,0,5.0,1,"Yellowstone, Montana",244.0,5.03,"Cascade, Montana",62.5,1.34,Huntsman Cancer Institute (Utah),624.3,11.93,208.1,64.5,602.9,Huntsman Cancer Institute (Utah)
30017,Custer,30,0,0.2,1,"Yellowstone, Montana",148.0,2.42,"Yellowstone, Montana",148.0,2.42,University of Colorado Cancer Center,516.2,9.73,165.0,165.0,554.9,University of Colorado Cancer Center
30019,Daniels,30,0,0.6,1,"Yellowstone, Montana",360.4,7.29,"Burleigh, North Dakota",333.7,7.01,Masonic Cancer Center (Minnesota),727.4,13.87,303.7,303.7,750.1,University of Colorado Cancer Center
30021,Dawson,30,0,1.2,1,"Yellowstone, Montana",224.2,3.61,"Burleigh, North Dakota",199.9,3.17,University of Colorado Cancer Center,592.4,10.92,243.9,227.0,612.8,University of Colorado Cancer Center
30023,Deer Lodge,30,52,0.3,1,"Yellowstone, Montana",252.1,4.23,"Deer Lodge, Montana",0.0,0.0,Huntsman Cancer Institute (Utah),432.0,7.29,255.7,0.0,450.3,Huntsman Cancer Institute (Utah)
30025,Fallon,30,0,0.5,1,"Yellowstone, Montana",225.2,3.95,"Burleigh, North Dakota",215.8,3.63,University of Colorado Cancer Center,545.0,10.89,247.8,206.1,549.3,University of Colorado Cancer Center
30027,Fergus,30,0,0.9,1,"Yellowstone, Montana",130.4,2.69,"Cascade, Montana",107.8,2.23,Huntsman Cancer Institute (Utah),564.2,10.98,118.8,111.4,544.1,Huntsman Cancer Institute (Utah)
30029,Flathead,30,57,0.2,1,"Yellowstone, Montana",419.5,8.62,"Flathead, Montana",0.0,0.0,Fred Hutch/UW/Seattle Children's Cancer Consortium,523.8,8.91,382.7,0.0,450.7,Fred Hutch/UW/Seattle Children's Cancer Consortium
30031,Gallatin,30,65,0.8,1,"Yellowstone, Montana",149.1,2.59,"Gallatin, Montana",0.0,0.0,Huntsman Cancer Institute (Utah),406.2,7.68,149.7,0.0,410.0,Huntsman Cancer Institute (Utah)
30033,Garfield,30,0,0.4,1,"Yellowstone, Montana",194.3,3.93,"Yellowstone, Montana",194.3,3.93,University of Colorado Cancer Center,602.4,11.49,155.6,155.6,615.8,Huntsman Cancer Institute (Utah)
30035,Glacier,30,0,0.5,1,"Yellowstone, Montana",347.0,6.76,"Flathead, Montana",107.9,2.23,Fred Hutch/UW/Seattle Children's Cancer Consortium,631.2,11.11,334.3,86.4,534.0,Fred Hutch/UW/Seattle Children's Cancer Consortium
30037,Golden Valley,30,0,0.5,1,"Yellowstone, Montana",53.0,1.09,"Yellowstone, Montana",53.0,1.09,Huntsman Cancer Institute (Utah),543.0,10.55,53.5,53.5,486.9,Huntsman Cancer Institute (Utah)
30039,Granite,30,0,2.5,1,"Yellowstone, Montana",290.8,5.02,"Deer Lodge, Montana",39.4,0.82,Huntsman Cancer Institute (Utah),470.7,8.09,279.7,33.1,479.2,Huntsman Cancer Institute (Utah)
30041,Hill,30,18,0.5,1,"Yellowstone, Montana",257.4,5.22,"Cascade, Montana",108.9,2.23,Huntsman Cancer Institute (Utah),670.7,12.82,235.9,120.2,653.8,Huntsman Cancer Institute (Utah)
30043,Jefferson,30,0,2.8,1,"Yellowstone, Montana",236.4,4.12,"Deer Lodge, Montana",67.7,1.16,Huntsman Cancer Institute (Utah),453.3,8.05,205.3,53.4,456.4,Huntsman Cancer Institute (Utah)
30045,Judith Basin,30,0,0.5,1,"Yellowstone, Montana",152.3,3.11,"Cascade, Montana",65.5,1.34,Huntsman Cancer Institute (Utah),569.3,11.07,142.5,71.9,534.1,Huntsman Cancer Institute (Utah)
30047,Lake,30,0,0.2,1,"Yellowstone, Montana",397.2,8.08,"Flathead, Montana",59.2,1.25,Fred Hutch/UW/Seattle Children's Cancer Consortium,485.1,8.14,351.0,53.7,459.3,Fred Hutch/UW/Seattle Children's Cancer Consortium
30049,Lewis and Clark,30,11,0.4,1,"Yellowstone, Montana",226.0,4.63,"Cascade, Montana",84.4,1.54,Huntsman Cancer Institute (Utah),478.6,9.1,211.5,68.3,487.8,Huntsman Cancer Institute (Utah)
30051,Liberty,30,0,1.7,1,"Yellowstone, Montana",313.9,6.38,"Cascade, Montana",129.6,2.35,Huntsman Cancer Institute (Utah),685.4,12.99,266.1,88.6,633.1,Fred Hutch/UW/Seattle Children's Cancer Consortium
30053,Lincoln,30,0,8.2,1,"King, Washington",460.8,8.31,"Flathead, Montana",117.2,2.45,Fred Hutch/UW/Seattle Children's Cancer Consortium,467.6,8.48,386.0,68.0,390.6,Fred Hutch/UW/Seattle Children's Cancer Consortium
30055,McCone,30,0,4.9,1,"Yellowstone, Montana",279.4,5.71,"Burleigh, North Dakota",260.7,4.41,University of Colorado Cancer Center,649.6,12.11,221.6,221.6,650.4,University of Colorado Cancer Center
30057,Madison,30,0,7.6,1,"Yellowstone, Montana",220.9,4.16,"Gallatin, Montana",73.5,1.61,Huntsman Cancer Institute (Utah),391.2,7.4,198.2,51.0,385.9,Huntsman Cancer Institute (Utah)
30059,Meagher,30,0,1.2,1,"Yellowstone, Montana",150.1,3.1,"Gallatin, Montana",84.1,1.77,Huntsman Cancer Institute (Utah),484.3,9.2,147.5,71.6,481.4,Huntsman Cancer Institute (Utah)
30061,Mineral,30,0,0.6,1,"Yellowstone, Montana",393.7,7.77,"Missoula, Montana",56.8,0.96,Fred Hutch/UW/Seattle Children's Cancer Consortium,421.8,6.8,380.2,55.5,419.6,Fred Hutch/UW/Seattle Children's Cancer Consortium
30063,Missoula,30,72,0.2,1,"Yellowstone, Montana",337.5,6.88,"Missoula, Montana",0.0,0.0,Fred Hutch/UW/Seattle Children's Cancer Consortium,477.3,7.72,326.1,0.0,472.4,Fred Hutch/UW/Seattle Children's Cancer Consortium
30065,Musselshell,30,0,2.4,1,"Yellowstone, Montana",58.0,1.22,"Yellowstone, Montana",58.0,1.22,Huntsman Cancer Institute (Utah),579.6,11.31,52.4,52.4,510.3,Huntsman Cancer Institute (Utah)
30067,Park,30,0,1.0,1,"Yellowstone, Montana",123.4,2.09,"Gallatin, Montana",33.5,0.67,Huntsman Cancer Institute (Utah),423.6,8.16,119.8,31.5,408.2,Huntsman Cancer Institute (Utah)
30069,Petroleum,30,0,0.1,1,"Yellowstone, Montana",121.9,2.48,"Yellowstone, Montana",121.9,2.48,Huntsman Cancer Institute (Utah),617.4,12.03,102.2,102.2,558.9,Huntsman Cancer Institute (Utah)
30071,Phillips,30,0,0.2,1,"Yellowstone, Montana",210.6,4.28,"Cascade, Montana",204.4,4.17,Huntsman Cancer Institute (Utah),696.4,13.64,217.1,204.4,672.4,Huntsman Cancer Institute (Utah)
30073,Pondera,30,0,6.6,1,"Yellowstone, Montana",303.0,5.95,"Cascade, Montana",86.4,1.54,Huntsman Cancer Institute (Utah),641.9,12.48,286.3,76.2,567.7,Fred Hutch/UW/Seattle Children's Cancer Consortium
30075,Powder River,30,0,2.5,1,"Yellowstone, Montana",165.8,3.21,"Yellowstone, Montana",165.8,3.21,University of Colorado Cancer Center,447.8,8.34,176.5,176.5,473.9,University of Colorado Cancer Center
30077,Powell,30,0,1.7,1,"Yellowstone, Montana",270.2,4.5,"Deer Lodge, Montana",31.2,0.58,Huntsman Cancer Institute (Utah),450.1,7.57,248.2,28.4,474.6,Huntsman Cancer Institute (Utah)
30079,Prairie,30,0,1.1,1,"Yellowstone, Montana",187.4,3.04,"Yellowstone, Montana",187.4,3.04,University of Colorado Cancer Center,555.7,10.35,205.5,205.5,586.2,University of Colorado Cancer Center
30081,Ravalli,30,0,0.2,1,"Yellowstone, Montana",376.4,7.75,"Missoula, Montana",42.1,0.94,Huntsman Cancer Institute (Utah),473.3,8.99,323.5,43.2,477.2,Fred Hutch/UW/Seattle Children's Cancer Consortium
30083,Richland,30,0,0.4,1,"Yellowstone, Montana",275.8,4.66,"Burleigh, North Dakota",231.6,5.0,University of Colorado Cancer Center,644.1,11.97,294.0,207.5,662.2,University of Colorado Cancer Center
30085,Roosevelt,30,0,1.5,1,"Yellowstone, Montana",329.2,6.67,"Burleigh, North Dakota",290.7,6.18,University of Colorado Cancer Center,699.5,13.08,270.8,270.8,695.8,University of Colorado Cancer Center
30087,Rosebud,30,0,1.0,1,"Yellowstone, Montana",124.7,2.14,"Yellowstone, Montana",124.7,2.14,University of Colorado Cancer Center,528.0,9.96,112.1,112.1,521.7,University of Colorado Cancer Center
30089,Sanders,30,0,3.7,1,"Yellowstone, Montana",432.8,8.86,"Missoula, Montana",95.8,2.05,Fred Hutch/UW/Seattle Children's Cancer Consortium,446.4,8.03,394.4,71.1,400.5,Fred Hutch/UW/Seattle Children's Cancer Consortium
30091,Sheridan,30,0,0.6,1,"Yellowstone, Montana",352.8,6.24,"Burleigh, North Dakota",291.9,6.15,Masonic Cancer Center (Minnesota),685.6,13.01,333.9,261.4,709.4,Masonic Cancer Center (Minnesota)
30093,Silver Bow,30,7,0.1,1,"Yellowstone, Montana",226.7,3.78,"Deer Lodge, Montana",25.7,0.46,Huntsman Cancer Institute (Utah),418.5,7.05,230.2,27.6,434.9,Huntsman Cancer Institute (Utah)
30095,Stillwater,30,0,1.2,1,"Yellowstone, Montana",46.9,0.83,"Yellowstone, Montana",46.9,0.83,Huntsman Cancer Institute (Utah),503.7,9.53,42.6,42.6,431.8,Huntsman Cancer Institute (Utah)
30097,Sweet Grass,30,0,0.1,1,"Yellowstone, Montana",82.6,1.35,"Gallatin, Montana",66.6,1.23,Huntsman Cancer Institute (Utah),462.5,8.83,79.3,71.2,435.6,Huntsman Cancer Institute (Utah)
30099,Teton,30,0,3.5,1,"Yellowstone, Montana",266.3,5.43,"Cascade, Montana",49.8,1.02,Huntsman Cancer Institute (Utah),585.5,11.29,257.0,46.7,574.8,Fred Hutch/UW/Seattle Children's Cancer Consortium
30101,Toole,30,0,0.5,1,"Yellowstone, Montana",306.1,5.91,"Cascade, Montana",89.6,1.51,Huntsman Cancer Institute (Utah),645.3,12.14,296.8,95.0,585.9,Fred Hutch/UW/Seattle Children's Cancer Consortium
30103,Treasure,30,0,0.4,1,"Yellowstone, Montana",75.9,1.25,"Yellowstone, Montana",75.9,1.25,University of Colorado Cancer Center,556.2,10.22,83.8,83.8,531.7,Huntsman Cancer Institute (Utah)
30105,Valley,30,0,1.1,1,"Yellowstone, Montana",287.0,5.83,"Cascade, Montana",281.1,5.74,University of Colorado Cancer Center,716.2,13.79,232.3,232.3,693.8,Huntsman Cancer Institute (Utah)
30107,Wheatland,30,0,1.2,1,"Yellowstone, Montana",91.9,1.91,"Yellowstone, Montana",91.9,1.91,Huntsman Cancer Institute (Utah),506.3,9.78,92.8,92.8,486.6,Huntsman Cancer Institute (Utah)
30109,Wibaux,30,0,0.1,1,"Yellowstone, Montana",252.5,4.06,"Burleigh, North Dakota",170.8,2.72,University of Colorado Cancer Center,585.8,11.69,267.6,194.7,600.2,University of Colorado Cancer Center
30111,Yellowstone,30,106,0.8,1,"Yellowstone, Montana",0.0,0.0,"Yellowstone, Montana",0.0,0.0,Huntsman Cancer Institute (Utah),530.8,10.41,0.0,0.0,461.6,Huntsman Cancer Institute (Utah)
31001,Adams,31,4,0.1,1,"Douglas, Nebraska",149.6,3.04,"Hall, Nebraska",24.7,0.55,Fred & Pamela Buffett Cancer Center (UNMC),154.6,3.12,157.3,27.5,162.8,Fred & Pamela Buffett Cancer Center (UNMC)
31003,Antelope,31,0,0.2,1,"Douglas, Nebraska",141.9,2.95,"Hall, Nebraska",100.7,2.1,Fred & Pamela Buffett Cancer Center (UNMC),149.4,3.14,142.1,104.0,149.8,Fred & Pamela Buffett Cancer Center (UNMC)
31005,Arthur,31,0,0.7,1,"Adams, Colorado",237.8,4.03,"Buffalo, Nebraska",172.7,3.54,University of Colorado Cancer Center,248.8,4.23,247.3,176.7,249.6,University of Colorado Cancer Center
31007,Banner,31,0,0.6,1,"Adams, Colorado",181.3,3.4,"Larimer, Colorado",139.4,2.73,University of Colorado Cancer Center,192.4,3.59,158.5,122.3,165.8,University of Colorado Cancer Center
31009,Blaine,31,0,1.2,1,"Douglas, Nebraska",237.4,4.9,"Buffalo, Nebraska",112.5,2.32,Fred & Pamela Buffett Cancer Center (UNMC),245.0,5.1,242.3,113.2,257.1,Fred & Pamela Buffett Cancer Center (UNMC)
31011,Boone,31,0,0.9,1,"Douglas, Nebraska",120.2,2.5,"Hall, Nebraska",67.5,1.39,Fred & Pamela Buffett Cancer Center (UNMC),127.8,2.69,125.6,67.0,132.4,Fred & Pamela Buffett Cancer Center (UNMC)
31013,Box Butte,31,0,0.4,1,"Adams, Colorado",234.8,4.51,"Larimer, Colorado",199.5,4.02,University of Colorado Cancer Center,245.8,4.71,225.8,191.5,232.2,University of Colorado Cancer Center
31015,Boyd,31,0,0.5,1,"Minnehaha, South Dakota",146.9,2.99,"Minnehaha, South Dakota",146.9,2.99,Fred & Pamela Buffett Cancer Center (UNMC),221.6,4.62,133.5,133.5,219.2,Fred & Pamela Buffett Cancer Center (UNMC)
31017,Brown,31,0,0.5,1,"Minnehaha, South Dakota",227.1,4.62,"Buffalo, Nebraska",156.0,3.17,Fred & Pamela Buffett Cancer Center (UNMC),252.3,5.26,206.8,157.2,262.9,Fred & Pamela Buffett Cancer Center (UNMC)
31019,Buffalo,31,21,0.8,1,"Douglas, Nebraska",174.7,3.62,"Buffalo, Nebraska",0.0,0.0,Fred & Pamela Buffett Cancer Center (UNMC),181.5,3.75,192.9,0.0,198.9,Fred & Pamela Buffett Cancer Center (UNMC)
31021,Burt,31,0,3.2,1,"Douglas, Nebraska",49.0,1.07,"Douglas, Nebraska",49.0,1.07,Fred & Pamela Buffett Cancer Center (UNMC),54.4,1.23,51.4,51.4,55.5,Fred & Pamela Buffett Cancer Center (UNMC)
31023,Butler,31,0,0.6,1,"Douglas, Nebraska",62.1,1.28,"Lancaster, Nebraska",52.5,1.1,Fred & Pamela Buffett Cancer Center (UNMC),68.9,1.42,66.8,47.4,73.4,Fred & Pamela Buffett Cancer Center (UNMC)
31025,Cass,31,0,2.4,1,"Douglas, Nebraska",35.0,0.7,"Sarpy, Nebraska",31.2,0.65,Fred & Pamela Buffett Cancer Center (UNMC),34.1,0.78,25.9,16.9,24.9,Fred & Pamela Buffett Cancer Center (UNMC)
31027,Cedar,31,0,1.0,1,"Minnehaha, South Dakota",116.6,2.21,"Minnehaha, South Dakota",116.6,2.21,Fred & Pamela Buffett Cancer Center (UNMC),142.9,2.97,87.3,87.3,136.3,Fred & Pamela Buffett Cancer Center (UNMC)
31029,Chase,31,0,0.3,1,"Adams, Colorado",199.6,3.61,"Buffalo, Nebraska",171.7,3.54,University of Colorado Cancer Center,210.7,3.81,215.0,161.8,213.0,University of Colorado Cancer Center
31031,Cherry,31,0,1.1,1,"Minnehaha, South Dakota",256.7,5.25,"Buffalo, Nebraska",206.9,4.24,Fred & Pamela Buffett Cancer Center (UNMC),311.1,6.48,251.2,199.1,321.4,Fred & Pamela Buffett Cancer Center (UNMC)
31033,Cheyenne,31,0,1.3,1,"Adams, Colorado",159.6,2.98,"Larimer, Colorado",153.0,3.16,University of Colorado Cancer Center,170.6,3.17,162.3,134.2,165.9,University of Colorado Cancer Center
31035,Clay,31,0,1.2,1,"Douglas, Nebraska",134.2,2.74,"Hall, Nebraska",47.1,1.01,Fred & Pamela Buffett Cancer Center (UNMC),139.2,2.82,136.2,37.7,141.5,Fred & Pamela Buffett Cancer Center (UNMC)
31037,Colfax,31,0,0.9,1,"Douglas, Nebraska",64.4,1.32,"Douglas, Nebraska",64.4,1.32,Fred & Pamela Buffett Cancer Center (UNMC),72.0,1.51,66.1,64.5,72.8,Fred & Pamela Buffett Cancer Center (UNMC)
31039,Cuming,31,0,0.1,1,"Douglas, Nebraska",68.2,1.39,"Douglas, Nebraska",68.2,1.39,Fred & Pamela Buffett Cancer Center (UNMC),75.8,1.58,67.8,67.8,73.4,Fred & Pamela Buffett Cancer Center (UNMC)
31041,Custer,31,0,0.2,1,"Douglas, Nebraska",198.0,4.12,"Buffalo, Nebraska",64.9,1.33,Fred & Pamela Buffett Cancer Center (UNMC),204.8,4.26,224.7,66.6,231.3,Fred & Pamela Buffett Cancer Center (UNMC)
31043,Dakota,31,0,0.1,1,"Minnehaha, South Dakota",89.3,1.47,"Minnehaha, South Dakota",89.3,1.47,Fred & Pamela Buffett Cancer Center (UNMC),96.2,2.05,93.8,93.8,104.2,Fred & Pamela Buffett Cancer Center (UNMC)
31045,Dawes,31,0,2.6,1,"Adams, Colorado",284.8,5.53,"Larimer, Colorado",249.5,5.03,University of Colorado Cancer Center,295.8,5.73,267.4,226.9,275.1,University of Colorado Cancer Center
31047,Dawson,31,0,1.1,1,"Douglas, Nebraska",214.5,4.48,"Buffalo, Nebraska",52.1,1.12,Fred & Pamela Buffett Cancer Center (UNMC),221.3,4.61,239.5,49.8,245.8,Fred & Pamela Buffett Cancer Center (UNMC)
31049,Deuel,31,0,0.1,1,"Adams, Colorado",179.9,3.07,"Larimer, Colorado",174.2,3.65,University of Colorado Cancer Center,190.9,3.26,191.5,167.8,193.2,University of Colorado Cancer Center
31051,Dixon,31,0,0.8,1,"Douglas, Nebraska",112.3,2.4,"Douglas, Nebraska",112.3,2.4,Fred & Pamela Buffett Cancer Center (UNMC),117.8,2.56,93.2,93.2,112.5,Fred & Pamela Buffett Cancer Center (UNMC)
31053,Dodge,31,1,0.4,1,"Douglas, Nebraska",33.9,0.64,"Douglas, Nebraska",33.9,0.64,Fred & Pamela Buffett Cancer Center (UNMC),41.4,0.83,33.4,33.4,40.0,Fred & Pamela Buffett Cancer Center (UNMC)
31055,Douglas,31,207,0.1,1,"Douglas, Nebraska",0.0,0.0,"Douglas, Nebraska",0.0,0.0,Fred & Pamela Buffett Cancer Center (UNMC),7.9,0.18,0.0,0.0,6.8,Fred & Pamela Buffett Cancer Center (UNMC)
31057,Dundy,31,0,3.6,1,"Adams, Colorado",202.0,3.97,"Buffalo, Nebraska",168.5,3.51,University of Colorado Cancer Center,210.4,4.22,211.7,168.3,207.8,University of Colorado Cancer Center
31059,Fillmore,31,0,0.4,1,"Douglas, Nebraska",112.4,2.28,"Hall, Nebraska",67.2,1.23,Fred & Pamela Buffett Cancer Center (UNMC),117.4,2.36,111.9,59.0,116.7,Fred & Pamela Buffett Cancer Center (UNMC)
31061,Franklin,31,0,0.1,1,"Douglas, Nebraska",201.7,4.12,"Buffalo, Nebraska",47.5,1.02,Fred & Pamela Buffett Cancer Center (UNMC),206.8,4.21,202.0,46.4,207.2,Fred & Pamela Buffett Cancer Center (UNMC)
31063,Frontier,31,0,3.8,1,"Douglas, Nebraska",264.3,5.42,"Buffalo, Nebraska",101.8,2.06,Fred & Pamela Buffett Cancer Center (UNMC),270.5,4.74,276.5,84.1,282.6,Fred & Pamela Buffett Cancer Center (UNMC)
31065,Furnas,31,0,1.9,1,"Douglas, Nebraska",239.9,4.94,"Buffalo, Nebraska",77.5,1.62,Fred & Pamela Buffett Cancer Center (UNMC),245.0,5.02,256.7,67.7,262.5,Fred & Pamela Buffett Cancer Center (UNMC)
31067,Gage,31,1,1.1,1,"Douglas, Nebraska",92.8,1.95,"Lancaster, Nebraska",47.1,1.07,Fred & Pamela Buffett Cancer Center (UNMC),97.8,2.03,90.8,43.1,92.4,Fred & Pamela Buffett Cancer Center (UNMC)
31069,Garden,31,0,2.0,1,"Adams, Colorado",204.7,3.58,"Buffalo, Nebraska",198.2,3.72,University of Colorado Cancer Center,215.8,3.78,208.0,180.7,211.0,University of Colorado Cancer Center
31071,Garfield,31,0,0.2,1,"Douglas, Nebraska",184.7,3.79,"Hall, Nebraska",85.3,1.8,Fred & Pamela Buffett Cancer Center (UNMC),192.3,3.98,193.6,86.3,200.4,Fred & Pamela Buffett Cancer Center (UNMC)
31073,Gosper,31,0,0.2,1,"Douglas, Nebraska",224.9,4.59,"Buffalo, Nebraska",62.4,1.23,Fred & Pamela Buffett Cancer Center (UNMC),231.1,3.91,241.8,48.9,247.8,Fred & Pamela Buffett Cancer Center (UNMC)
31075,Grant,31,0,0.6,1,"Adams, Colorado",268.9,4.67,"Buffalo, Nebraska",196.0,4.02,University of Colorado Cancer Center,279.9,4.86,264.5,194.6,268.0,University of Colorado Cancer Center
31077,Greeley,31,0,1.2,1,"Douglas, Nebraska",142.4,2.94,"Hall, Nebraska",51.5,1.08,Fred & Pamela Buffett Cancer Center (UNMC),149.9,3.13,153.0,53.5,159.8,Fred & Pamela Buffett Cancer Center (UNMC)
31079,Hall,31,22,0.1,1,"Douglas, Nebraska",131.5,2.75,"Hall, Nebraska",0.0,0.0,Fred & Pamela Buffett Cancer Center (UNMC),138.3,2.88,147.0,0.0,153.2,Fred & Pamela Buffett Cancer Center (UNMC)
31081,Hamilton,31,0,0.5,1,"Douglas, Nebraska",117.4,2.36,"Hall, Nebraska",21.9,0.46,Fred & Pamela Buffett Cancer Center (UNMC),122.4,2.44,126.1,22.4,132.1,Fred & Pamela Buffett Cancer Center (UNMC)
31083,Harlan,31,0,0.9,1,"Douglas, Nebraska",226.6,4.66,"Buffalo, Nebraska",64.2,1.34,Fred & Pamela Buffett Cancer Center (UNMC),231.7,4.74,229.2,53.4,234.6,Fred & Pamela Buffett Cancer Center (UNMC)
31085,Hayes,31,0,1.3,1,"Adams, Colorado",245.8,4.57,"Buffalo, Nebraska",149.6,3.1,University of Colorado Cancer Center,256.8,4.77,250.6,126.0,248.1,University of Colorado Cancer Center
31087,Hitchcock,31,0,0.9,1,"Adams, Colorado",228.0,4.49,"Buffalo, Nebraska",135.6,2.82,University of Colorado Cancer Center,236.4,4.73,250.1,129.4,246.5,University of Colorado Cancer Center
31089,Holt,31,0,0.3,1,"Minnehaha, South Dakota",179.8,3.66,"Hall, Nebraska",119.6,2.45,Fred & Pamela Buffett Cancer Center (UNMC),192.7,4.02,152.2,130.0,199.2,Fred & Pamela Buffett Cancer Center (UNMC)
31091,Hooker,31,0,0.2,1,"Douglas, Nebraska",292.0,6.07,"Buffalo, Nebraska",158.9,3.28,Fred & Pamela Buffett Cancer Center (UNMC),298.8,6.2,292.4,162.1,302.6,University of Colorado Cancer Center
31093,Howard,31,0,2.2,1,"Douglas, Nebraska",134.1,2.81,"Hall, Nebraska",28.8,0.64,Fred & Pamela Buffett Cancer Center (UNMC),140.9,2.95,151.0,23.7,157.5,Fred & Pamela Buffett Cancer Center (UNMC)
31095,Jefferson,31,0,0.1,1,"Douglas, Nebraska",114.6,2.41,"Lancaster, Nebraska",69.0,1.53,Fred & Pamela Buffett Cancer Center (UNMC),119.7,2.49,113.2,60.4,115.9,Fred & Pamela Buffett Cancer Center (UNMC)
31097,Johnson,31,0,1.4,1,"Douglas, Nebraska",64.8,1.31,"Lancaster, Nebraska",55.7,1.21,Fred & Pamela Buffett Cancer Center (UNMC),69.9,1.39,72.0,43.2,71.5,Fred & Pamela Buffett Cancer Center (UNMC)
31099,Kearney,31,0,0.7,1,"Douglas, Nebraska",182.1,3.75,"Buffalo, Nebraska",27.9,0.64,Fred & Pamela Buffett Cancer Center (UNMC),187.2,3.83,193.6,19.8,199.3,Fred & Pamela Buffett Cancer Center (UNMC)
31101,Keith,31,0,1.0,1,"Adams, Colorado",202.6,3.27,"Buffalo, Nebraska",153.8,2.89,University of Colorado Cancer Center,213.6,3.47,228.5,167.9,229.3,University of Colorado Cancer Center
31103,Keya Paha,31,0,1.6,1,"Minnehaha, South Dakota",200.8,4.09,"Buffalo, Nebraska",170.4,3.5,Fred & Pamela Buffett Cancer Center (UNMC),266.0,5.56,189.3,181.1,267.5,Fred & Pamela Buffett Cancer Center (UNMC)
31105,Kimball,31,0,0.3,1,"Adams, Colorado",155.0,3.1,"Larimer, Colorado",112.4,2.05,University of Colorado Cancer Center,166.7,3.08,137.5,104.2,143.7,University of Colorado Cancer Center
31107,Knox,31,0,1.9,1,"Minnehaha, South Dakota",127.5,2.42,"Minnehaha, South Dakota",127.5,2.42,Fred & Pamela Buffett Cancer Center (UNMC),173.2,3.59,100.2,100.2,160.4,Fred & Pamela Buffett Cancer Center (UNMC)
31109,Lancaster,31,39,1.0,1,"Douglas, Nebraska",51.7,1.02,"Lancaster, Nebraska",0.0,0.0,Fred & Pamela Buffett Cancer Center (UNMC),56.8,1.1,53.7,0.0,57.4,Fred & Pamela Buffett Cancer Center (UNMC)
31111,Lincoln,31,2,0.5,1,"Adams, Colorado",248.8,3.97,"Buffalo, Nebraska",105.0,2.03,University of Colorado Cancer Center,259.8,4.17,280.1,112.1,279.6,University of Colorado Cancer Center
31113,Logan,31,0,0.3,1,"Douglas, Nebraska",251.0,5.2,"Buffalo, Nebraska",108.5,2.24,Fred & Pamela Buffett Cancer Center (UNMC),257.8,5.33,276.8,109.6,283.4,Fred & Pamela Buffett Cancer Center (UNMC)
31115,Loup,31,0,1.9,1,"Douglas, Nebraska",205.0,4.24,"Buffalo, Nebraska",87.5,1.8,Fred & Pamela Buffett Cancer Center (UNMC),212.5,4.43,213.0,93.3,219.7,Fred & Pamela Buffett Cancer Center (UNMC)
31117,McPherson,31,0,0.5,1,"Adams, Colorado",275.1,4.79,"Buffalo, Nebraska",135.1,2.78,Fred & Pamela Buffett Cancer Center (UNMC),284.3,5.87,282.9,138.6,284.1,University of Colorado Cancer Center
31119,Madison,31,0,1.6,1,"Douglas, Nebraska",107.6,2.24,"Douglas, Nebraska",107.6,2.24,Fred & Pamela Buffett Cancer Center (UNMC),115.1,2.43,106.1,106.1,112.4,Fred & Pamela Buffett Cancer Center (UNMC)
31121,Merrick,31,0,1.8,1,"Douglas, Nebraska",110.0,2.31,"Hall, Nebraska",27.1,0.58,Fred & Pamela Buffett Cancer Center (UNMC),116.8,2.45,123.2,27.7,129.6,Fred & Pamela Buffett Cancer Center (UNMC)
31123,Morrill,31,0,2.3,1,"Adams, Colorado",201.9,3.86,"Larimer, Colorado",176.5,3.49,University of Colorado Cancer Center,212.9,4.05,187.7,154.2,193.7,University of Colorado Cancer Center
31125,Nance,31,0,0.8,1,"Douglas, Nebraska",108.7,2.26,"Hall, Nebraska",49.3,1.02,Fred & Pamela Buffett Cancer Center (UNMC),116.3,2.45,114.3,50.4,121.0,Fred & Pamela Buffett Cancer Center (UNMC)
31127,Nemaha,31,0,0.1,1,"Douglas, Nebraska",68.3,1.47,"Sarpy, Nebraska",60.1,1.27,Fred & Pamela Buffett Cancer Center (UNMC),61.5,1.33,72.7,61.9,70.0,Fred & Pamela Buffett Cancer Center (UNMC)
31129,Nuckolls,31,0,0.3,1,"Douglas, Nebraska",164.8,3.37,"Hall, Nebraska",77.1,1.63,Fred & Pamela Buffett Cancer Center (UNMC),169.9,3.45,157.3,69.4,161.6,Fred & Pamela Buffett Cancer Center (UNMC)
31131,Otoe,31,0,0.4,1,"Douglas, Nebraska",52.2,1.04,"Lancaster, Nebraska",43.1,0.95,Fred & Pamela Buffett Cancer Center (UNMC),48.5,1.06,49.0,40.0,47.5,Fred & Pamela Buffett Cancer Center (UNMC)
31133,Pawnee,31,0,1.3,1,"Douglas, Nebraska",83.7,1.71,"Lancaster, Nebraska",74.5,1.61,Fred & Pamela Buffett Cancer Center (UNMC),88.8,1.79,93.8,63.4,92.8,Fred & Pamela Buffett Cancer Center (UNMC)
31135,Perkins,31,0,0.3,1,"Adams, Colorado",200.1,3.62,"Buffalo, Nebraska",171.5,3.46,University of Colorado Cancer Center,211.1,3.81,220.2,163.6,219.7,University of Colorado Cancer Center
31137,Phelps,31,0,1.3,1,"Douglas, Nebraska",205.7,4.26,"Buffalo, Nebraska",43.2,0.91,Fred & Pamela Buffett Cancer Center (UNMC),210.8,4.31,219.2,30.7,225.0,Fred & Pamela Buffett Cancer Center (UNMC)
31139,Pierce,31,0,0.5,1,"Douglas, Nebraska",126.8,2.65,"Douglas, Nebraska",126.8,2.65,Fred & Pamela Buffett Cancer Center (UNMC),134.4,2.84,119.7,119.7,131.4,Fred & Pamela Buffett Cancer Center (UNMC)
31141,Platte,31,0,0.5,1,"Douglas, Nebraska",79.2,1.68,"Hall, Nebraska",70.5,1.49,Fred & Pamela Buffett Cancer Center (UNMC),86.8,1.87,83.6,71.1,90.4,Fred & Pamela Buffett Cancer Center (UNMC)
31143,Polk,31,0,0.3,1,"Douglas, Nebraska",81.9,1.72,"Hall, Nebraska",50.1,1.04,Fred & Pamela Buffett Cancer Center (UNMC),88.8,1.85,93.0,55.6,99.4,Fred & Pamela Buffett Cancer Center (UNMC)
31145,Red Willow,31,0,0.6,1,"Adams, Colorado",249.9,4.94,"Buffalo, Nebraska",110.1,2.28,University of Colorado Cancer Center,258.3,5.18,276.1,105.5,272.4,University of Colorado Cancer Center
31147,Richardson,31,0,2.2,1,"Douglas, Nebraska",103.4,2.22,"Buchanan, Missouri",63.7,1.38,Fred & Pamela Buffett Cancer Center (UNMC),96.7,2.08,99.6,61.3,96.4,Fred & Pamela Buffett Cancer Center (UNMC)
31149,Rock,31,0,2.0,1,"Minnehaha, South Dakota",217.8,4.46,"Buffalo, Nebraska",138.9,2.84,Fred & Pamela Buffett Cancer Center (UNMC),240.7,5.03,187.9,151.2,243.2,Fred & Pamela Buffett Cancer Center (UNMC)
31151,Saline,31,0,2.5,1,"Douglas, Nebraska",80.0,1.62,"Lancaster, Nebraska",35.5,0.79,Fred & Pamela Buffett Cancer Center (UNMC),85.1,1.7,82.0,28.4,85.8,Fred & Pamela Buffett Cancer Center (UNMC)
31153,Sarpy,31,36,0.0,1,"Douglas, Nebraska",10.9,0.23,"Sarpy, Nebraska",0.0,0.0,Fred & Pamela Buffett Cancer Center (UNMC),11.5,0.27,9.2,0.0,8.8,Fred & Pamela Buffett Cancer Center (UNMC)
31155,Saunders,31,0,2.5,1,"Douglas, Nebraska",43.8,0.87,"Lancaster, Nebraska",36.7,0.78,Fred & Pamela Buffett Cancer Center (UNMC),48.8,0.95,31.1,31.1,37.3,Fred & Pamela Buffett Cancer Center (UNMC)
31157,Scotts Bluff,31,0,0.8,1,"Adams, Colorado",198.2,3.76,"Larimer, Colorado",154.4,3.11,University of Colorado Cancer Center,210.9,3.96,182.3,143.0,190.0,University of Colorado Cancer Center
31159,Seward,31,0,0.1,1,"Douglas, Nebraska",70.5,1.39,"Lancaster, Nebraska",28.1,0.53,Fred & Pamela Buffett Cancer Center (UNMC),75.5,1.47,72.1,27.7,77.3,Fred & Pamela Buffett Cancer Center (UNMC)
31161,Sheridan,31,0,1.6,1,"Adams, Colorado",294.5,5.73,"Larimer, Colorado",259.3,5.24,University of Colorado Cancer Center,305.6,5.93,282.0,246.9,288.4,University of Colorado Cancer Center
31163,Sherman,31,0,0.4,1,"Douglas, Nebraska",161.8,3.38,"Buffalo, Nebraska",40.1,0.83,Fred & Pamela Buffett Cancer Center (UNMC),168.6,3.52,180.7,41.2,187.3,Fred & Pamela Buffett Cancer Center (UNMC)
31165,Sioux,31,0,2.1,1,"Adams, Colorado",232.5,4.4,"Larimer, Colorado",188.7,3.75,University of Colorado Cancer Center,245.2,4.6,220.6,176.1,229.5,University of Colorado Cancer Center
31167,Stanton,31,0,2.1,1,"Douglas, Nebraska",98.8,2.04,"Douglas, Nebraska",98.8,2.04,Fred & Pamela Buffett Cancer Center (UNMC),106.3,2.23,94.8,94.8,101.0,Fred & Pamela Buffett Cancer Center (UNMC)
31169,Thayer,31,0,2.2,1,"Douglas, Nebraska",142.9,2.99,"Lancaster, Nebraska",97.3,2.11,Fred & Pamela Buffett Cancer Center (UNMC),148.0,3.07,132.9,77.3,136.7,Fred & Pamela Buffett Cancer Center (UNMC)
31171,Thomas,31,0,0.3,1,"Douglas, Nebraska",264.6,5.5,"Buffalo, Nebraska",131.5,2.71,Fred & Pamela Buffett Cancer Center (UNMC),271.4,5.63,268.1,137.9,291.5,Fred & Pamela Buffett Cancer Center (UNMC)
31173,Thurston,31,0,2.1,1,"Douglas, Nebraska",74.3,1.57,"Douglas, Nebraska",74.3,1.57,Fred & Pamela Buffett Cancer Center (UNMC),79.8,1.73,79.7,79.7,83.8,Fred & Pamela Buffett Cancer Center (UNMC)
31175,Valley,31,0,1.1,1,"Douglas, Nebraska",174.5,3.64,"Buffalo, Nebraska",67.5,1.42,Fred & Pamela Buffett Cancer Center (UNMC),181.3,3.77,180.9,65.1,187.6,Fred & Pamela Buffett Cancer Center (UNMC)
31177,Washington,31,0,0.1,1,"Douglas, Nebraska",20.4,0.41,"Douglas, Nebraska",20.4,0.41,Fred & Pamela Buffett Cancer Center (UNMC),25.9,0.59,20.9,20.9,24.9,Fred & Pamela Buffett Cancer Center (UNMC)
31179,Wayne,31,0,0.8,1,"Douglas, Nebraska",102.2,2.08,"Douglas, Nebraska",102.2,2.08,Fred & Pamela Buffett Cancer Center (UNMC),109.7,2.27,100.4,100.4,105.8,Fred & Pamela Buffett Cancer Center (UNMC)
31181,Webster,31,0,1.4,1,"Douglas, Nebraska",185.1,3.84,"Hall, Nebraska",60.7,1.34,Fred & Pamela Buffett Cancer Center (UNMC),190.2,3.92,175.7,58.2,180.6,Fred & Pamela Buffett Cancer Center (UNMC)
31183,Wheeler,31,0,0.1,1,"Douglas, Nebraska",160.3,3.3,"Hall, Nebraska",72.6,1.5,Fred & Pamela Buffett Cancer Center (UNMC),167.8,3.49,162.0,81.0,168.8,Fred & Pamela Buffett Cancer Center (UNMC)
31185,York,31,0,0.1,1,"Douglas, Nebraska",98.0,1.95,"Hall, Nebraska",45.1,0.95,Fred & Pamela Buffett Cancer Center (UNMC),103.0,2.03,101.5,48.6,107.2,Fred & Pamela Buffett Cancer Center (UNMC)
32001,Churchill,32,0,0.1,1,"Sacramento, California",180.5,3.95,"Washoe, Nevada",59.2,1.12,UC Davis Comprehensive Cancer Center,184.6,4.02,182.7,64.0,187.8,UC Davis Comprehensive Cancer Center
32003,Clark,32,89,0.2,1,"Orange, California",265.5,4.29,"Clark, Nevada",0.0,0.0,City of Hope,247.6,3.98,271.2,0.0,252.3,City of Hope
32005,Douglas,32,0,0.4,1,"Sacramento, California",108.4,2.46,"Washoe, Nevada",45.4,0.92,UC Davis Comprehensive Cancer Center,112.5,2.53,109.9,47.9,115.0,UC Davis Comprehensive Cancer Center
32007,Elko,32,0,6.5,1,"Salt Lake, Utah",220.2,3.75,"Twin Falls, Idaho",154.1,3.01,Huntsman Cancer Institute (Utah),222.5,3.72,227.2,155.1,231.8,Huntsman Cancer Institute (Utah)
32009,Esmeralda,32,0,3.6,1,"Sacramento, California",314.3,6.74,"Washoe, Nevada",221.8,4.49,UC Davis Comprehensive Cancer Center,318.5,7.06,252.3,159.6,256.7,UC Davis Comprehensive Cancer Center
32011,Eureka,32,0,2.3,1,"Salt Lake, Utah",311.9,5.42,"Twin Falls, Idaho",245.8,4.68,Huntsman Cancer Institute (Utah),314.1,5.39,276.7,231.1,284.1,Huntsman Cancer Institute (Utah)
32013,Humboldt,32,0,0.8,1,"Sacramento, California",304.3,5.99,"Washoe, Nevada",167.1,2.76,UC Davis Comprehensive Cancer Center,300.4,4.96,308.0,178.7,312.7,UC Davis Comprehensive Cancer Center
32015,Lander,32,0,6.0,1,"Salt Lake, Utah",313.6,5.28,"Washoe, Nevada",230.4,3.84,Huntsman Cancer Institute (Utah),315.8,5.25,316.5,197.5,322.1,Huntsman Cancer Institute (Utah)
32017,Lincoln,32,0,6.2,1,"Salt Lake, Utah",347.9,6.17,"Clark, Nevada",154.2,3.18,Huntsman Cancer Institute (Utah),358.4,6.47,298.4,134.7,310.1,Huntsman Cancer Institute (Utah)
32019,Lyon,32,0,1.4,1,"Sacramento, California",149.6,3.32,"Washoe, Nevada",42.7,0.8,UC Davis Comprehensive Cancer Center,153.8,3.39,147.6,33.3,152.7,UC Davis Comprehensive Cancer Center
32021,Mineral,32,0,3.3,1,"Sacramento, California",219.5,4.8,"Washoe, Nevada",127.0,2.54,UC Davis Comprehensive Cancer Center,223.7,4.87,177.5,107.1,182.4,UC Davis Comprehensive Cancer Center
32023,Nye,32,9,2.6,1,"Orange, California",278.6,5.02,"Clark, Nevada",81.9,1.68,City of Hope,260.7,4.71,241.8,68.8,225.6,City of Hope
32027,Pershing,32,0,1.1,1,"Sacramento, California",243.8,5.01,"Washoe, Nevada",106.6,1.78,UC Davis Comprehensive Cancer Center,239.9,3.98,246.0,116.1,250.8,UC Davis Comprehensive Cancer Center
32029,Storey,32,0,2.7,1,"Sacramento, California",142.8,3.26,"Washoe, Nevada",17.7,0.44,UC Davis Comprehensive Cancer Center,145.3,2.77,132.2,16.2,137.2,UC Davis Comprehensive Cancer Center
32031,Washoe,32,62,0.1,1,"Sacramento, California",137.8,2.29,"Washoe, Nevada",0.0,0.0,UC Davis Comprehensive Cancer Center,133.6,2.22,129.9,0.0,134.6,UC Davis Comprehensive Cancer Center
32033,White Pine,32,0,1.3,1,"Salt Lake, Utah",240.3,4.5,"Salt Lake, Utah",240.3,4.5,Huntsman Cancer Institute (Utah),242.5,4.47,218.6,218.6,228.7,Huntsman Cancer Institute (Utah)
32510,Carson City,32,10,0.3,1,"Sacramento, California",120.6,2.72,"Washoe, Nevada",30.9,0.6,UC Davis Comprehensive Cancer Center,124.7,2.79,116.1,30.6,121.2,UC Davis Comprehensive Cancer Center
33001,Belknap,33,0,0.5,1,"Suffolk, Massachusetts",92.0,2.05,"Grafton, New Hampshire",42.6,0.99,Dartmouth Cancer Center,54.9,1.35,100.4,40.8,49.9,Dartmouth Cancer Center
33003,Carroll,33,0,0.7,1,"Suffolk, Massachusetts",112.2,2.5,"Grafton, New Hampshire",50.2,1.21,Dartmouth Cancer Center,74.6,1.79,122.3,47.1,66.5,Dartmouth Cancer Center
33005,Cheshire,33,0,0.1,1,"Suffolk, Massachusetts",81.3,1.86,"Worcester, Massachusetts",54.1,1.2,Dartmouth Cancer Center,61.4,1.4,85.9,56.7,61.1,Dartmouth Cancer Center
33007,Coos,33,0,4.0,1,"Suffolk, Massachusetts",178.4,4.12,"Caledonia, Vermont",62.0,1.51,Dartmouth Cancer Center,111.0,2.62,183.9,42.6,92.2,Dartmouth Cancer Center
33009,Grafton,33,84,2.4,1,"Suffolk, Massachusetts",125.8,2.81,"Grafton, New Hampshire",0.0,0.0,Dartmouth Cancer Center,34.0,0.83,135.4,0.0,24.4,Dartmouth Cancer Center
33011,Hillsborough,33,13,1.7,1,"Suffolk, Massachusetts",49.6,1.09,"Middlesex, Massachusetts",37.0,0.76,Dana-Farber/Harvard Cancer Center,47.8,1.06,52.9,39.1,51.3,Dana-Farber/Harvard Cancer Center
33013,Merrimack,33,11,0.8,1,"Suffolk, Massachusetts",72.5,1.6,"Grafton, New Hampshire",54.8,1.25,Dartmouth Cancer Center,50.2,1.16,81.4,54.0,51.6,Dartmouth Cancer Center
33015,Rockingham,33,9,0.6,1,"Suffolk, Massachusetts",46.2,1.05,"Essex, Massachusetts",27.9,0.64,Dana-Farber/Harvard Cancer Center,46.3,1.04,49.9,26.8,48.9,Dana-Farber/Harvard Cancer Center
33017,Strafford,33,0,0.9,1,"Suffolk, Massachusetts",71.9,1.39,"Essex, Massachusetts",50.5,0.87,Dana-Farber/Harvard Cancer Center,72.0,1.38,75.8,51.5,75.0,Dana-Farber/Harvard Cancer Center
33019,Sullivan,33,0,0.2,1,"Suffolk, Massachusetts",108.2,2.47,"Grafton, New Hampshire",55.5,1.32,Dartmouth Cancer Center,25.7,0.61,111.8,42.7,22.0,Dartmouth Cancer Center
34001,Atlantic,34,4,0.2,1,"Philadelphia, Pennsylvania",54.7,0.97,"Camden, New Jersey",41.3,0.78,Sidney Kimmel Cancer Center (Jefferson),50.4,0.9,59.4,43.8,56.8,Sidney Kimmel Cancer Center (Jefferson)
34003,Bergen,34,371,0.1,1,"Bergen, New Jersey",0.0,0.0,"Bergen, New Jersey",0.0,0.0,Herbert Irving Comprehensive Cancer Center (Columbia),9.1,0.21,0.0,0.0,9.6,Herbert Irving Comprehensive Cancer Center (Columbia)
34005,Burlington,34,8,0.5,1,"Philadelphia, Pennsylvania",19.9,0.44,"Camden, New Jersey",14.4,0.27,Sidney Kimmel Cancer Center (Jefferson),18.6,0.44,19.3,15.7,16.7,Fox Chase Cancer Center
34007,Camden,34,58,0.3,1,"Philadelphia, Pennsylvania",14.7,0.34,"Camden, New Jersey",0.0,0.0,Sidney Kimmel Cancer Center (Jefferson),10.8,0.26,13.7,0.0,11.2,Sidney Kimmel Cancer Center (Jefferson)
34009,Cape May,34,2,0.1,1,"Philadelphia, Pennsylvania",78.7,1.56,"Gloucester, New Jersey",61.1,1.14,Sidney Kimmel Cancer Center (Jefferson),74.4,1.49,78.1,49.5,74.4,Sidney Kimmel Cancer Center (Jefferson)
34011,Cumberland,34,1,1.6,1,"Philadelphia, Pennsylvania",46.4,0.83,"Gloucester, New Jersey",26.1,0.44,Sidney Kimmel Cancer Center (Jefferson),42.0,0.76,47.5,26.4,43.3,Sidney Kimmel Cancer Center (Jefferson)
34013,Essex,34,43,0.1,1,"New York, New York",16.2,0.34,"Essex, New Jersey",0.0,0.0,Perlmutter Cancer Center (NYU Langone),15.5,0.34,15.6,0.0,15.1,Perlmutter Cancer Center (NYU Langone)
34015,Gloucester,34,26,0.4,1,"Philadelphia, Pennsylvania",21.1,0.42,"Gloucester, New Jersey",0.0,0.0,Sidney Kimmel Cancer Center (Jefferson),16.8,0.35,21.1,0.0,16.9,Sidney Kimmel Cancer Center (Jefferson)
34017,Hudson,34,19,0.1,1,"New York, New York",7.8,0.18,"New York, New York",7.8,0.18,Perlmutter Cancer Center (NYU Langone),7.2,0.19,6.6,6.6,5.2,Perlmutter Cancer Center (NYU Langone)
34019,Hunterdon,34,5,1.8,1,"Somerset, New Jersey",24.0,0.52,"Somerset, New Jersey",24.0,0.52,Rutgers Cancer Institute of New Jersey,36.3,0.78,20.0,20.0,29.5,Rutgers Cancer Institute of New Jersey
34021,Mercer,34,23,0.2,1,"Middlesex, New Jersey",25.6,0.51,"Mercer, New Jersey",0.0,0.0,Rutgers Cancer Institute of New Jersey,21.9,0.47,26.4,0.0,24.9,Rutgers Cancer Institute of New Jersey
34023,Middlesex,34,204,0.5,1,"Middlesex, New Jersey",0.0,0.0,"Middlesex, New Jersey",0.0,0.0,Rutgers Cancer Institute of New Jersey,4.5,0.1,0.0,0.0,3.4,Rutgers Cancer Institute of New Jersey
34025,Monmouth,34,235,0.6,1,"Monmouth, New Jersey",0.0,0.0,"Monmouth, New Jersey",0.0,0.0,Rutgers Cancer Institute of New Jersey,25.0,0.46,0.0,0.0,24.5,Rutgers Cancer Institute of New Jersey
34027,Morris,34,62,0.3,1,"Bergen, New Jersey",26.6,0.53,"Morris, New Jersey",0.0,0.0,Perlmutter Cancer Center (NYU Langone),32.5,0.73,25.3,0.0,31.3,Rutgers Cancer Institute of New Jersey
34029,Ocean,34,36,0.2,1,"Monmouth, New Jersey",24.8,0.46,"Ocean, New Jersey",0.0,0.0,Rutgers Cancer Institute of New Jersey,40.3,0.84,26.3,0.0,44.3,Rutgers Cancer Institute of New Jersey
34031,Passaic,34,5,1.0,1,"Bergen, New Jersey",8.3,0.15,"Bergen, New Jersey",8.3,0.15,Herbert Irving Comprehensive Cancer Center (Columbia),16.5,0.42,8.4,8.4,17.0,Herbert Irving Comprehensive Cancer Center (Columbia)
34033,Salem,34,0,0.2,1,"Philadelphia, Pennsylvania",34.8,0.75,"Gloucester, New Jersey",18.3,0.38,Sidney Kimmel Cancer Center (Jefferson),30.5,0.69,34.7,17.0,29.7,Abramson Cancer Center (Penn)
34035,Somerset,34,224,0.7,1,"Somerset, New Jersey",0.0,0.0,"Somerset, New Jersey",0.0,0.0,Rutgers Cancer Institute of New Jersey,13.6,0.3,0.0,0.0,10.6,Rutgers Cancer Institute of New Jersey
34037,Sussex,34,2,0.3,1,"Bergen, New Jersey",45.9,0.87,"Morris, New Jersey",24.9,0.55,Perlmutter Cancer Center (NYU Langone),53.5,1.12,40.1,21.5,49.2,Herbert Irving Comprehensive Cancer Center (Columbia)
34039,Union,34,29,0.1,1,"Middlesex, New Jersey",15.0,0.28,"Union, New Jersey",0.0,0.0,Rutgers Cancer Institute of New Jersey,16.3,0.33,15.7,0.0,17.3,Rutgers Cancer Institute of New Jersey
34041,Warren,34,2,1.2,1,"Somerset, New Jersey",34.8,0.78,"Northampton, Pennsylvania",27.9,0.59,Rutgers Cancer Institute of New Jersey,46.6,1.04,33.6,20.8,44.3,Rutgers Cancer Institute of New Jersey
35001,Bernalillo,35,97,0.2,1,"Maricopa, Arizona",413.4,8.24,"Bernalillo, New Mexico",0.0,0.0,UNM Comprehensive Cancer Center,3.9,0.12,383.7,0.0,3.0,UNM Comprehensive Cancer Center
35003,Catron,35,0,3.7,1,"Pima, Arizona",274.2,5.37,"Bernalillo, New Mexico",187.6,3.66,UNM Comprehensive Cancer Center,184.8,3.65,222.0,161.8,158.9,UNM Comprehensive Cancer Center
35005,Chaves,35,0,0.1,1,"Tarrant, Texas",453.6,9.35,"Lubbock, Texas",172.2,3.54,UNM Comprehensive Cancer Center,203.3,4.08,459.0,181.9,204.0,UNM Comprehensive Cancer Center
35006,Cibola,35,0,0.5,1,"Maricopa, Arizona",342.4,6.53,"Bernalillo, New Mexico",73.9,1.19,UNM Comprehensive Cancer Center,74.5,1.24,318.9,81.5,79.5,UNM Comprehensive Cancer Center
35007,Colfax,35,0,3.0,1,"Denver, Colorado",239.4,4.23,"El Paso, Colorado",179.2,3.34,UNM Comprehensive Cancer Center,205.5,4.12,251.7,180.8,189.2,UNM Comprehensive Cancer Center
35009,Curry,35,0,0.7,1,"Oklahoma, Oklahoma",359.7,6.43,"Lubbock, Texas",101.8,2.15,UNM Comprehensive Cancer Center,222.9,4.24,397.9,115.8,240.2,UNM Comprehensive Cancer Center
35011,De Baca,35,0,0.6,1,"Oklahoma, Oklahoma",420.6,7.72,"Bernalillo, New Mexico",158.7,3.11,UNM Comprehensive Cancer Center,162.3,3.22,438.9,170.1,171.3,UNM Comprehensive Cancer Center
35013,Doña Ana,35,6,0.2,1,"Pima, Arizona",277.4,4.54,"El Paso, Texas",47.2,0.87,UNM Comprehensive Cancer Center,225.7,3.83,296.6,46.3,235.0,UNM Comprehensive Cancer Center
35015,Eddy,35,0,4.2,1,"Tarrant, Texas",435.1,9.04,"El Paso, Texas",168.0,3.49,UNM Comprehensive Cancer Center,274.5,5.61,467.7,158.7,266.2,UNM Comprehensive Cancer Center
35017,Grant,35,0,0.4,1,"Pima, Arizona",203.0,3.58,"El Paso, Texas",158.4,3.08,University of Arizona Cancer Center,205.3,3.65,195.5,155.5,194.3,University of Arizona Cancer Center
35019,Guadalupe,35,0,2.3,1,"Denver, Colorado",385.6,6.75,"Bernalillo, New Mexico",111.0,1.91,UNM Comprehensive Cancer Center,114.6,2.03,397.5,126.7,128.4,UNM Comprehensive Cancer Center
35021,Harding,35,0,3.3,1,"Denver, Colorado",319.2,5.74,"Bernalillo, New Mexico",214.7,3.85,UNM Comprehensive Cancer Center,216.8,3.96,327.3,188.5,191.2,UNM Comprehensive Cancer Center
35023,Hidalgo,35,0,1.2,1,"Pima, Arizona",160.9,2.75,"Pima, Arizona",160.9,2.75,University of Arizona Cancer Center,163.2,2.82,153.4,153.4,152.7,University of Arizona Cancer Center
35025,Lea,35,0,0.8,1,"Tarrant, Texas",358.7,7.43,"Lubbock, Texas",110.2,2.34,UNM Comprehensive Cancer Center,311.4,6.35,414.3,111.8,306.4,UNM Comprehensive Cancer Center
35027,Lincoln,35,0,0.3,1,"Pima, Arizona",398.6,7.09,"El Paso, Texas",148.0,3.08,UNM Comprehensive Cancer Center,176.8,3.47,384.3,145.1,154.4,UNM Comprehensive Cancer Center
35028,Los Alamos,35,0,0.7,1,"Denver, Colorado",346.7,6.7,"Bernalillo, New Mexico",91.4,1.67,UNM Comprehensive Cancer Center,93.4,1.78,331.2,67.2,70.0,UNM Comprehensive Cancer Center
35029,Luna,35,0,0.6,1,"Pima, Arizona",218.4,3.72,"El Paso, Texas",112.1,2.28,University of Arizona Cancer Center,220.7,3.8,225.6,103.4,224.9,University of Arizona Cancer Center
35031,McKinley,35,0,1.3,1,"Maricopa, Arizona",285.3,5.6,"Bernalillo, New Mexico",132.6,2.14,UNM Comprehensive Cancer Center,133.1,2.19,287.1,140.5,139.2,UNM Comprehensive Cancer Center
35033,Mora,35,0,1.3,1,"Denver, Colorado",321.9,5.64,"Bernalillo, New Mexico",150.5,2.71,UNM Comprehensive Cancer Center,152.6,2.82,309.1,119.1,122.0,UNM Comprehensive Cancer Center
35035,Otero,35,0,1.1,1,"Pima, Arizona",346.4,5.95,"El Paso, Texas",82.0,1.67,UNM Comprehensive Cancer Center,217.1,4.29,349.8,86.4,196.1,UNM Comprehensive Cancer Center
35037,Quay,35,0,0.4,1,"Oklahoma, Oklahoma",362.1,6.07,"Bernalillo, New Mexico",175.0,2.95,UNM Comprehensive Cancer Center,178.6,3.06,386.4,181.1,202.5,UNM Comprehensive Cancer Center
35039,Rio Arriba,35,0,1.6,1,"Denver, Colorado",334.7,6.83,"Bernalillo, New Mexico",102.7,1.9,UNM Comprehensive Cancer Center,104.8,2.01,303.2,94.9,97.6,UNM Comprehensive Cancer Center
35041,Roosevelt,35,0,0.6,1,"Oklahoma, Oklahoma",377.4,6.81,"Lubbock, Texas",119.2,2.49,UNM Comprehensive Cancer Center,231.4,4.42,412.6,112.3,237.5,UNM Comprehensive Cancer Center
35043,Sandoval,35,13,3.2,1,"Denver, Colorado",404.9,7.73,"Bernalillo, New Mexico",25.2,0.51,UNM Comprehensive Cancer Center,27.3,0.63,381.9,17.6,19.7,UNM Comprehensive Cancer Center
35045,San Juan,35,7,0.1,1,"Denver, Colorado",379.2,7.84,"Bernalillo, New Mexico",182.1,3.74,UNM Comprehensive Cancer Center,184.2,3.85,327.5,171.7,172.3,UNM Comprehensive Cancer Center
35047,San Miguel,35,0,0.0,1,"Denver, Colorado",330.5,5.66,"Bernalillo, New Mexico",122.4,2.07,UNM Comprehensive Cancer Center,124.5,2.18,344.8,96.7,99.4,UNM Comprehensive Cancer Center
35049,Santa Fe,35,13,0.8,1,"Denver, Colorado",359.2,6.91,"Bernalillo, New Mexico",55.8,0.93,UNM Comprehensive Cancer Center,57.9,1.04,346.3,60.0,63.0,UNM Comprehensive Cancer Center
35051,Sierra,35,0,0.9,1,"Pima, Arizona",285.1,5.26,"El Paso, Texas",123.9,2.57,UNM Comprehensive Cancer Center,150.8,2.64,267.0,127.1,169.5,UNM Comprehensive Cancer Center
35053,Socorro,35,0,2.4,1,"Pima, Arizona",367.8,6.6,"Bernalillo, New Mexico",72.9,1.34,UNM Comprehensive Cancer Center,70.1,1.33,320.6,82.5,79.8,UNM Comprehensive Cancer Center
35055,Taos,35,0,1.5,1,"Denver, Colorado",282.6,5.3,"Bernalillo, New Mexico",133.8,2.58,UNM Comprehensive Cancer Center,135.9,2.69,276.1,129.2,132.2,UNM Comprehensive Cancer Center
35057,Torrance,35,0,2.8,1,"Denver, Colorado",417.8,8.12,"Bernalillo, New Mexico",48.2,1.0,UNM Comprehensive Cancer Center,51.8,1.12,401.2,40.2,40.9,UNM Comprehensive Cancer Center
35059,Union,35,0,0.7,1,"Denver, Colorado",293.8,5.32,"El Paso, Colorado",233.6,4.43,UNM Comprehensive Cancer Center,276.7,5.04,291.5,222.3,254.8,UNM Comprehensive Cancer Center
35061,Valencia,35,0,0.0,1,"Pima, Arizona",411.1,7.34,"Bernalillo, New Mexico",26.5,0.51,UNM Comprehensive Cancer Center,24.8,0.5,360.6,30.2,27.6,UNM Comprehensive Cancer Center
36001,Albany,36,32,0.5,1,"New Haven, Connecticut",113.2,2.55,"Albany, New York",0.0,0.0,Yale Cancer Center,119.9,2.67,119.2,0.0,123.1,Dartmouth Cancer Center
36003,Allegany,36,0,0.4,1,"Erie, New York",70.9,1.53,"Erie, New York",70.9,1.53,Roswell Park Comprehensive Cancer Center,74.6,1.63,72.4,72.4,75.2,Roswell Park Comprehensive Cancer Center
36005,Bronx,36,151,0.5,1,"Bronx, New York",0.0,0.0,"Bronx, New York",0.0,0.0,Montefiore Einstein Cancer Center,2.1,0.05,0.0,0.0,2.2,Montefiore Einstein Cancer Center
36007,Broome,36,1,0.3,1,"Monroe, New York",134.8,2.8,"Lackawanna, Pennsylvania",58.6,1.14,Wilmot Cancer Institute (Rochester),134.3,2.79,134.0,59.3,132.4,Wilmot Cancer Institute (Rochester)
36009,Cattaraugus,36,0,0.8,1,"Erie, New York",54.8,1.09,"Erie, New York",54.8,1.09,Roswell Park Comprehensive Cancer Center,57.3,1.19,56.5,56.5,57.5,Roswell Park Comprehensive Cancer Center
36011,Cayuga,36,1,0.2,1,"Monroe, New York",62.1,1.19,"Onondaga, New York",26.0,0.54,Wilmot Cancer Institute (Rochester),61.6,1.18,66.7,26.1,66.3,Wilmot Cancer Institute (Rochester)
36013,Chautauqua,36,0,1.8,1,"Erie, New York",58.7,1.22,"Erie, Pennsylvania",58.6,1.13,Roswell Park Comprehensive Cancer Center,58.2,1.29,62.3,48.8,60.4,Roswell Park Comprehensive Cancer Center
36015,Chemung,36,0,0.5,1,"Monroe, New York",96.3,2.06,"Onondaga, New York",87.7,1.78,Wilmot Cancer Institute (Rochester),95.9,2.05,99.2,87.9,96.7,Wilmot Cancer Institute (Rochester)
36017,Chenango,36,0,1.3,1,"Monroe, New York",145.1,2.96,"Onondaga, New York",68.3,1.47,Wilmot Cancer Institute (Rochester),144.7,2.95,136.8,60.8,135.9,Wilmot Cancer Institute (Rochester)
36019,Clinton,36,0,0.1,1,"Suffolk, Massachusetts",262.5,5.72,"Chittenden, Vermont",76.6,1.53,Dartmouth Cancer Center,148.3,3.15,247.7,31.1,118.8,Dartmouth Cancer Center
36021,Columbia,36,0,1.2,1,"New Haven, Connecticut",93.2,2.2,"Albany, New York",36.1,0.74,Yale Cancer Center,99.8,2.31,85.9,34.6,92.8,Yale Cancer Center
36023,Cortland,36,2,0.0,1,"Monroe, New York",99.6,2.03,"Onondaga, New York",36.2,0.69,Wilmot Cancer Institute (Rochester),99.1,2.02,101.0,39.2,100.0,Wilmot Cancer Institute (Rochester)
36025,Delaware,36,0,1.6,1,"Bergen, New Jersey",137.0,2.75,"Lackawanna, Pennsylvania",84.7,1.99,Herbert Irving Comprehensive Cancer Center (Columbia),145.9,2.95,124.5,77.7,133.5,Montefiore Einstein Cancer Center
36027,Dutchess,36,8,0.3,1,"Westchester, New York",56.9,1.45,"Fairfield, Connecticut",50.2,1.2,Yale Cancer Center,67.3,1.67,53.1,40.5,64.6,Yale Cancer Center
36029,Erie,36,154,0.4,1,"Erie, New York",0.0,0.0,"Erie, New York",0.0,0.0,Roswell Park Comprehensive Cancer Center,7.1,0.18,0.0,0.0,4.1,Roswell Park Comprehensive Cancer Center
36031,Essex,36,0,2.7,1,"New Haven, Connecticut",225.0,4.59,"Chittenden, Vermont",75.8,1.68,Dartmouth Cancer Center,121.7,2.75,218.4,40.5,95.8,Dartmouth Cancer Center
36033,Franklin,36,0,1.9,1,"Monroe, New York",246.7,5.12,"Chittenden, Vermont",114.1,2.41,Dartmouth Cancer Center,184.2,4.12,233.9,73.6,153.7,Dartmouth Cancer Center
36035,Fulton,36,0,0.3,1,"New Haven, Connecticut",154.4,3.47,"Albany, New York",43.9,0.98,Dartmouth Cancer Center,144.8,3.35,162.0,44.4,134.0,Dartmouth Cancer Center
36037,Genesee,36,0,0.2,1,"Monroe, New York",31.6,0.68,"Monroe, New York",31.6,0.68,Wilmot Cancer Institute (Rochester),32.2,0.65,36.0,36.0,34.6,Wilmot Cancer Institute (Rochester)
36039,Greene,36,0,0.5,1,"Westchester, New York",99.8,2.36,"Albany, New York",37.8,0.81,Yale Cancer Center,107.2,2.46,98.4,33.3,104.9,Yale Cancer Center
36041,Hamilton,36,0,1.3,1,"Monroe, New York",197.0,3.67,"Albany, New York",92.4,2.0,Dartmouth Cancer Center,156.7,3.54,198.4,84.7,128.0,Dartmouth Cancer Center
36043,Herkimer,36,0,0.2,1,"Monroe, New York",149.2,2.52,"Onondaga, New York",67.8,1.17,Wilmot Cancer Institute (Rochester),148.7,2.5,159.0,71.0,159.3,Wilmot Cancer Institute (Rochester)
36045,Jefferson,36,0,0.3,1,"Monroe, New York",131.1,2.68,"Onondaga, New York",71.1,1.18,Wilmot Cancer Institute (Rochester),132.9,2.7,125.7,80.6,127.8,Wilmot Cancer Institute (Rochester)
36047,Kings,36,43,0.1,1,"New York, New York",12.6,0.32,"Kings, New York",0.0,0.0,Perlmutter Cancer Center (NYU Langone),9.6,0.22,10.4,0.0,7.9,Perlmutter Cancer Center (NYU Langone)
36049,Lewis,36,0,1.6,1,"Monroe, New York",148.1,3.14,"Onondaga, New York",85.3,1.69,Wilmot Cancer Institute (Rochester),149.9,3.16,140.5,73.8,142.1,Wilmot Cancer Institute (Rochester)
36051,Livingston,36,3,0.8,1,"Monroe, New York",30.0,0.62,"Monroe, New York",30.0,0.62,Wilmot Cancer Institute (Rochester),27.2,0.55,33.6,33.6,30.5,Wilmot Cancer Institute (Rochester)
36053,Madison,36,1,5.2,1,"Monroe, New York",113.8,2.33,"Onondaga, New York",33.0,0.75,Wilmot Cancer Institute (Rochester),113.4,2.32,115.9,27.9,116.0,Wilmot Cancer Institute (Rochester)
36055,Monroe,36,118,0.2,1,"Monroe, New York",0.0,0.0,"Monroe, New York",0.0,0.0,Wilmot Cancer Institute (Rochester),3.5,0.1,0.0,0.0,3.2,Wilmot Cancer Institute (Rochester)
36057,Montgomery,36,1,0.3,1,"New Haven, Connecticut",147.8,3.22,"Albany, New York",36.6,0.64,Dartmouth Cancer Center,149.4,3.43,153.8,38.6,139.0,Dartmouth Cancer Center
36059,Nassau,36,401,0.1,1,"Nassau, New York",0.0,0.0,"Nassau, New York",0.0,0.0,Memorial Sloan Kettering Cancer Center,21.1,0.48,0.0,0.0,21.4,Montefiore Einstein Cancer Center
36061,New York,36,954,1.1,1,"New York, New York",0.0,0.0,"New York, New York",0.0,0.0,Memorial Sloan Kettering Cancer Center,3.8,0.13,0.0,0.0,1.0,Memorial Sloan Kettering Cancer Center
36063,Niagara,36,0,0.6,1,"Erie, New York",20.6,0.42,"Erie, New York",20.6,0.42,Roswell Park Comprehensive Cancer Center,20.8,0.43,20.5,20.5,20.1,Roswell Park Comprehensive Cancer Center
36065,Oneida,36,14,1.3,1,"Monroe, New York",125.4,2.11,"Onondaga, New York",43.9,0.76,Wilmot Cancer Institute (Rochester),124.9,2.09,136.9,49.5,137.3,Wilmot Cancer Institute (Rochester)
36067,Onondaga,36,80,0.0,1,"Monroe, New York",83.8,1.45,"Onondaga, New York",0.0,0.0,Wilmot Cancer Institute (Rochester),83.4,1.44,88.2,0.0,88.4,Wilmot Cancer Institute (Rochester)
36069,Ontario,36,5,0.2,1,"Monroe, New York",28.4,0.59,"Monroe, New York",28.4,0.59,Wilmot Cancer Institute (Rochester),28.0,0.57,30.2,30.2,28.4,Wilmot Cancer Institute (Rochester)
36071,Orange,36,3,2.1,1,"Bergen, New Jersey",43.2,0.97,"Bergen, New Jersey",43.2,0.97,Herbert Irving Comprehensive Cancer Center (Columbia),52.1,1.17,41.6,41.6,50.6,Montefiore Einstein Cancer Center
36073,Orleans,36,0,0.7,1,"Monroe, New York",34.8,0.78,"Monroe, New York",34.8,0.78,Wilmot Cancer Institute (Rochester),37.0,0.81,37.3,37.3,37.7,Wilmot Cancer Institute (Rochester)
36075,Oswego,36,13,2.1,1,"Monroe, New York",81.3,1.77,"Onondaga, New York",29.2,0.54,Wilmot Cancer Institute (Rochester),83.1,1.78,81.2,28.3,82.4,Wilmot Cancer Institute (Rochester)
36077,Otsego,36,3,0.1,1,"Westchester, New York",165.1,3.87,"Albany, New York",83.0,1.51,Wilmot Cancer Institute (Rochester),169.3,3.46,148.4,76.8,158.2,Montefiore Einstein Cancer Center
36079,Putnam,36,0,0.8,1,"Westchester, New York",30.7,0.65,"Fairfield, Connecticut",28.9,0.74,Montefiore Einstein Cancer Center,43.5,0.83,31.3,27.7,45.4,Montefiore Einstein Cancer Center
36081,Queens,36,38,0.1,1,"New York, New York",11.2,0.31,"Queens, New York",0.0,0.0,Memorial Sloan Kettering Cancer Center,8.0,0.2,9.6,0.0,8.9,Memorial Sloan Kettering Cancer Center
36083,Rensselaer,36,0,0.4,1,"New Haven, Connecticut",113.3,2.56,"Albany, New York",14.6,0.33,Yale Cancer Center,120.0,2.67,116.1,11.1,113.9,Dartmouth Cancer Center
36085,Richmond,36,12,1.3,1,"New York, New York",20.2,0.48,"Kings, New York",14.6,0.31,Perlmutter Cancer Center (NYU Langone),18.5,0.41,18.1,11.5,16.3,Perlmutter Cancer Center (NYU Langone)
36087,Rockland,36,4,0.4,1,"Westchester, New York",14.6,0.32,"Westchester, New York",14.6,0.32,Herbert Irving Comprehensive Cancer Center (Columbia),23.5,0.4,15.4,15.4,22.9,Montefiore Einstein Cancer Center
36089,St. Lawrence,36,0,0.1,1,"Monroe, New York",192.0,3.97,"Onondaga, New York",132.0,2.48,Wilmot Cancer Institute (Rochester),193.9,3.99,192.6,118.9,191.7,Dartmouth Cancer Center
36091,Saratoga,36,5,0.3,1,"New Haven, Connecticut",135.6,3.05,"Albany, New York",27.2,0.54,Dartmouth Cancer Center,120.2,2.69,143.3,27.2,106.0,Dartmouth Cancer Center
36093,Schenectady,36,3,0.2,1,"New Haven, Connecticut",124.8,2.79,"Albany, New York",13.7,0.27,Yale Cancer Center,131.4,2.9,132.4,13.4,123.0,Dartmouth Cancer Center
36095,Schoharie,36,0,2.1,1,"Westchester, New York",138.9,3.24,"Albany, New York",37.4,0.72,Yale Cancer Center,148.3,3.32,138.4,38.2,144.8,Yale Cancer Center
36097,Schuyler,36,0,0.5,1,"Monroe, New York",76.0,1.61,"Monroe, New York",76.0,1.61,Wilmot Cancer Institute (Rochester),75.6,1.6,78.6,70.7,76.3,Wilmot Cancer Institute (Rochester)
36099,Seneca,36,0,1.0,1,"Monroe, New York",52.6,1.03,"Onondaga, New York",49.2,0.92,Wilmot Cancer Institute (Rochester),52.1,1.02,55.3,44.7,54.2,Wilmot Cancer Institute (Rochester)
36101,Steuben,36,0,4.0,1,"Monroe, New York",72.7,1.53,"Monroe, New York",72.7,1.53,Wilmot Cancer Institute (Rochester),69.8,1.45,76.5,76.5,73.5,Wilmot Cancer Institute (Rochester)
36103,Suffolk,36,303,0.6,1,"Suffolk, New York",0.0,0.0,"Suffolk, New York",0.0,0.0,Memorial Sloan Kettering Cancer Center,48.3,0.91,0.0,0.0,41.5,Yale Cancer Center
36105,Sullivan,36,0,1.5,1,"Bergen, New Jersey",77.9,1.53,"Lackawanna, Pennsylvania",70.4,1.66,Herbert Irving Comprehensive Cancer Center (Columbia),86.7,1.73,76.1,62.0,85.4,Herbert Irving Comprehensive Cancer Center (Columbia)
36107,Tioga,36,0,1.3,1,"Monroe, New York",115.5,2.37,"Onondaga, New York",75.5,1.52,Wilmot Cancer Institute (Rochester),115.0,2.35,117.9,69.7,115.9,Wilmot Cancer Institute (Rochester)
36109,Tompkins,36,5,1.0,1,"Monroe, New York",89.6,1.83,"Onondaga, New York",56.7,1.12,Wilmot Cancer Institute (Rochester),89.1,1.81,90.5,53.9,88.8,Wilmot Cancer Institute (Rochester)
36111,Ulster,36,0,0.1,1,"Westchester, New York",68.3,1.56,"Albany, New York",64.9,1.18,Montefiore Einstein Cancer Center,80.3,1.75,69.0,56.9,81.4,Montefiore Einstein Cancer Center
36113,Warren,36,16,0.1,1,"New Haven, Connecticut",163.8,3.49,"Albany, New York",55.4,0.99,Dartmouth Cancer Center,97.4,2.29,172.1,59.4,89.9,Dartmouth Cancer Center
36115,Washington,36,0,0.2,1,"New Haven, Connecticut",155.7,3.46,"Albany, New York",53.3,1.17,Dartmouth Cancer Center,93.5,2.23,160.1,54.8,78.1,Dartmouth Cancer Center
36117,Wayne,36,0,2.4,1,"Monroe, New York",40.7,0.89,"Monroe, New York",40.7,0.89,Wilmot Cancer Institute (Rochester),40.6,0.87,29.6,29.6,30.0,Wilmot Cancer Institute (Rochester)
36119,Westchester,36,244,0.0,1,"Westchester, New York",0.0,0.0,"Westchester, New York",0.0,0.0,Montefiore Einstein Cancer Center,13.2,0.21,0.0,0.0,14.2,Montefiore Einstein Cancer Center
36121,Wyoming,36,0,1.3,1,"Erie, New York",37.2,0.83,"Erie, New York",37.2,0.83,Roswell Park Comprehensive Cancer Center,40.8,0.93,38.1,38.1,42.0,Roswell Park Comprehensive Cancer Center
36123,Yates,36,0,0.4,1,"Monroe, New York",54.4,1.14,"Monroe, New York",54.4,1.14,Wilmot Cancer Institute (Rochester),53.9,1.13,54.6,54.6,52.4,Wilmot Cancer Institute (Rochester)
37001,Alamance,37,8,0.1,1,"Orange, North Carolina",23.7,0.42,"Orange, North Carolina",23.7,0.42,Duke Cancer Institute,26.3,0.47,23.4,23.4,27.9,UNC Lineberger Comprehensive Cancer Center
37003,Alexander,37,0,0.5,1,"Mecklenburg, North Carolina",58.7,1.25,"Mecklenburg, North Carolina",58.7,1.25,Wake Forest Baptist Comprehensive Cancer Center,65.0,1.17,60.5,56.2,65.0,Wake Forest Baptist Comprehensive Cancer Center
37005,Alleghany,37,0,0.1,1,"Forsyth, North Carolina",64.4,1.48,"Forsyth, North Carolina",64.4,1.48,Wake Forest Baptist Comprehensive Cancer Center,64.6,1.49,65.3,65.3,65.3,Wake Forest Baptist Comprehensive Cancer Center
37007,Anson,37,0,0.3,1,"Mecklenburg, North Carolina",48.4,0.94,"Mecklenburg, North Carolina",48.4,0.94,Wake Forest Baptist Comprehensive Cancer Center,93.1,2.06,52.4,49.2,94.1,Wake Forest Baptist Comprehensive Cancer Center
37009,Ashe,37,0,0.2,1,"Forsyth, North Carolina",85.9,1.63,"Forsyth, North Carolina",85.9,1.63,Wake Forest Baptist Comprehensive Cancer Center,86.1,1.64,86.1,86.1,86.0,Wake Forest Baptist Comprehensive Cancer Center
37011,Avery,37,0,0.7,1,"Mecklenburg, North Carolina",105.4,2.27,"Spartanburg, South Carolina",94.2,1.97,Wake Forest Baptist Comprehensive Cancer Center,108.6,2.09,103.3,92.3,112.5,Wake Forest Baptist Comprehensive Cancer Center
37013,Beaufort,37,1,0.2,1,"Durham, North Carolina",127.4,2.61,"Pitt, North Carolina",30.1,0.63,Duke Cancer Institute,134.1,2.75,136.1,28.8,142.2,Duke Cancer Institute
37015,Bertie,37,0,0.8,1,"Richmond, Virginia",124.2,2.62,"Pitt, North Carolina",55.0,1.25,VCU Massey Comprehensive Cancer Center,123.2,2.57,125.1,50.5,125.0,VCU Massey Comprehensive Cancer Center
37017,Bladen,37,0,0.3,1,"Durham, North Carolina",111.2,2.35,"Sampson, North Carolina",44.7,0.99,UNC Lineberger Comprehensive Cancer Center,107.4,2.39,115.5,39.2,110.9,UNC Lineberger Comprehensive Cancer Center
37019,Brunswick,37,2,0.1,1,"Charleston, South Carolina",147.0,3.13,"Horry, South Carolina",54.1,1.11,Hollings Cancer Center (MUSC),143.2,3.09,158.2,54.1,158.8,Hollings Cancer Center (MUSC)
37021,Buncombe,37,12,0.1,1,"Mecklenburg, North Carolina",111.0,2.61,"Spartanburg, South Carolina",60.3,1.14,Wake Forest Baptist Comprehensive Cancer Center,144.4,2.48,120.8,63.2,159.8,Wake Forest Baptist Comprehensive Cancer Center
37023,Burke,37,0,0.5,1,"Mecklenburg, North Carolina",68.5,1.32,"Mecklenburg, North Carolina",68.5,1.32,Wake Forest Baptist Comprehensive Cancer Center,88.1,1.46,69.5,68.3,97.7,Wake Forest Baptist Comprehensive Cancer Center
37025,Cabarrus,37,21,0.2,1,"Mecklenburg, North Carolina",19.6,0.43,"Cabarrus, North Carolina",0.0,0.0,Wake Forest Baptist Comprehensive Cancer Center,61.4,1.25,19.5,0.0,63.5,Wake Forest Baptist Comprehensive Cancer Center
37027,Caldwell,37,0,0.0,1,"Mecklenburg, North Carolina",65.7,1.44,"Mecklenburg, North Carolina",65.7,1.44,Wake Forest Baptist Comprehensive Cancer Center,84.8,1.48,70.7,70.7,85.5,Wake Forest Baptist Comprehensive Cancer Center
37029,Camden,37,0,0.8,1,"Richmond, Virginia",128.0,2.77,"Norfolk, Virginia",44.7,0.98,VCU Massey Comprehensive Cancer Center,126.6,2.35,128.1,43.9,126.9,VCU Massey Comprehensive Cancer Center
37031,Carteret,37,3,0.2,1,"Durham, North Carolina",161.0,3.48,"Onslow, North Carolina",39.3,0.84,UNC Lineberger Comprehensive Cancer Center,167.5,3.47,174.5,40.0,179.1,UNC Lineberger Comprehensive Cancer Center
37033,Caswell,37,0,1.1,1,"Orange, North Carolina",42.5,0.92,"Orange, North Carolina",42.5,0.92,Duke Cancer Institute,40.8,0.88,39.5,39.5,40.1,Duke Cancer Institute
37035,Catawba,37,2,0.1,1,"Mecklenburg, North Carolina",45.6,1.01,"Mecklenburg, North Carolina",45.6,1.01,Wake Forest Baptist Comprehensive Cancer Center,65.8,1.15,48.4,48.4,74.3,Wake Forest Baptist Comprehensive Cancer Center
37037,Chatham,37,1,0.7,1,"Orange, North Carolina",24.1,0.58,"Orange, North Carolina",24.1,0.58,UNC Lineberger Comprehensive Cancer Center,18.0,0.43,20.4,20.4,16.2,UNC Lineberger Comprehensive Cancer Center
37039,Cherokee,37,0,0.1,1,"Fulton, Georgia",110.8,2.58,"Hamilton, Tennessee",82.7,1.88,Winship Cancer Institute (Emory),113.3,2.73,108.3,72.2,110.3,Winship Cancer Institute (Emory)
37041,Chowan,37,0,0.9,1,"Richmond, Virginia",129.5,2.76,"Norfolk, Virginia",70.6,1.55,VCU Massey Comprehensive Cancer Center,128.5,2.69,130.1,67.8,129.6,VCU Massey Comprehensive Cancer Center
37043,Clay,37,0,0.1,1,"Fulton, Georgia",106.3,2.45,"Oconee, South Carolina",70.8,1.77,Winship Cancer Institute (Emory),108.9,2.6,107.6,61.1,108.9,Winship Cancer Institute (Emory)
37045,Cleveland,37,7,0.3,1,"Mecklenburg, North Carolina",42.7,0.96,"Spartanburg, South Carolina",41.4,0.76,Wake Forest Baptist Comprehensive Cancer Center,102.6,1.94,47.4,43.0,108.0,Wake Forest Baptist Comprehensive Cancer Center
37047,Columbus,37,0,0.5,1,"Durham, North Carolina",132.9,2.81,"Horry, South Carolina",52.6,1.17,UNC Lineberger Comprehensive Cancer Center,129.2,2.85,142.0,44.4,136.6,UNC Lineberger Comprehensive Cancer Center
37049,Craven,37,0,0.8,1,"Durham, North Carolina",134.5,2.89,"Onslow, North Carolina",40.7,0.88,UNC Lineberger Comprehensive Cancer Center,141.0,2.88,146.8,37.2,152.4,UNC Lineberger Comprehensive Cancer Center
37051,Cumberland,37,2,0.5,1,"Durham, North Carolina",73.1,1.56,"Moore, North Carolina",44.1,0.96,UNC Lineberger Comprehensive Cancer Center,68.9,1.58,77.3,36.7,70.9,UNC Lineberger Comprehensive Cancer Center
37053,Currituck,37,0,1.0,1,"Richmond, Virginia",135.8,2.92,"Norfolk, Virginia",47.2,1.04,VCU Massey Comprehensive Cancer Center,133.5,2.61,134.3,44.0,132.9,VCU Massey Comprehensive Cancer Center
37055,Dare,37,0,0.1,1,"Richmond, Virginia",182.5,3.9,"Norfolk, Virginia",93.8,2.02,VCU Massey Comprehensive Cancer Center,180.2,3.59,179.1,89.8,177.9,VCU Massey Comprehensive Cancer Center
37057,Davidson,37,7,0.4,1,"Forsyth, North Carolina",25.2,0.55,"Forsyth, North Carolina",25.2,0.55,Wake Forest Baptist Comprehensive Cancer Center,25.4,0.56,20.8,20.8,20.7,Wake Forest Baptist Comprehensive Cancer Center
37059,Davie,37,0,1.3,1,"Forsyth, North Carolina",22.9,0.49,"Forsyth, North Carolina",22.9,0.49,Wake Forest Baptist Comprehensive Cancer Center,23.1,0.49,22.7,22.7,22.5,Wake Forest Baptist Comprehensive Cancer Center
37061,Duplin,37,1,0.1,1,"Durham, North Carolina",102.8,2.12,"Sampson, North Carolina",32.1,0.73,UNC Lineberger Comprehensive Cancer Center,108.8,2.3,109.1,32.3,110.4,UNC Lineberger Comprehensive Cancer Center
37063,Durham,37,253,0.1,1,"Durham, North Carolina",0.0,0.0,"Durham, North Carolina",0.0,0.0,Duke Cancer Institute,7.6,0.15,0.0,0.0,6.3,Duke Cancer Institute
37065,Edgecombe,37,0,0.7,1,"Durham, North Carolina",76.5,1.51,"Pitt, North Carolina",35.3,0.71,Duke Cancer Institute,83.3,1.65,83.9,32.7,89.6,Duke Cancer Institute
37067,Forsyth,37,108,0.4,1,"Forsyth, North Carolina",0.0,0.0,"Forsyth, North Carolina",0.0,0.0,Wake Forest Baptist Comprehensive Cancer Center,1.0,0.03,0.0,0.0,0.2,Wake Forest Baptist Comprehensive Cancer Center
37069,Franklin,37,0,0.4,1,"Durham, North Carolina",35.7,0.74,"Wake, North Carolina",30.4,0.69,Duke Cancer Institute,42.4,0.88,37.0,30.1,42.1,Duke Cancer Institute
37071,Gaston,37,17,0.1,1,"Mecklenburg, North Carolina",20.2,0.47,"Mecklenburg, North Carolina",20.2,0.47,Wake Forest Baptist Comprehensive Cancer Center,95.2,1.78,22.8,22.8,91.2,Wake Forest Baptist Comprehensive Cancer Center
37073,Gates,37,0,1.1,1,"Richmond, Virginia",109.9,2.35,"Norfolk, Virginia",50.9,1.15,VCU Massey Comprehensive Cancer Center,108.9,2.29,102.0,46.5,101.3,VCU Massey Comprehensive Cancer Center
37075,Graham,37,0,0.6,1,"Fulton, Georgia",146.0,3.4,"Knox, Tennessee",71.0,1.81,Winship Cancer Institute (Emory),148.5,3.55,131.1,54.8,132.7,Winship Cancer Institute (Emory)
37077,Granville,37,0,0.6,1,"Durham, North Carolina",22.8,0.41,"Durham, North Carolina",22.8,0.41,Duke Cancer Institute,28.0,0.51,25.5,25.5,27.3,Duke Cancer Institute
37079,Greene,37,0,0.1,1,"Durham, North Carolina",89.6,1.84,"Pitt, North Carolina",19.4,0.44,Duke Cancer Institute,96.4,1.98,93.7,21.1,100.0,Duke Cancer Institute
37081,Guilford,37,17,0.1,1,"Forsyth, North Carolina",25.4,0.52,"Forsyth, North Carolina",25.4,0.52,Wake Forest Baptist Comprehensive Cancer Center,25.6,0.52,27.7,27.7,27.9,Wake Forest Baptist Comprehensive Cancer Center
37083,Halifax,37,1,0.1,1,"Durham, North Carolina",84.3,1.71,"Mecklenburg, Virginia",58.7,1.21,VCU Massey Comprehensive Cancer Center,89.2,1.56,87.9,50.9,91.9,Duke Cancer Institute
37085,Harnett,37,0,1.0,1,"Durham, North Carolina",50.3,1.1,"Wake, North Carolina",40.5,0.83,UNC Lineberger Comprehensive Cancer Center,54.8,1.19,52.5,38.7,47.3,UNC Lineberger Comprehensive Cancer Center
37087,Haywood,37,2,0.6,1,"Mecklenburg, North Carolina",133.1,3.05,"Pickens, South Carolina",70.0,1.96,Winship Cancer Institute (Emory),164.7,3.72,145.6,61.6,171.2,Winship Cancer Institute (Emory)
37089,Henderson,37,16,0.2,1,"Mecklenburg, North Carolina",103.0,2.15,"Greenville, South Carolina",43.2,1.0,Wake Forest Baptist Comprehensive Cancer Center,158.0,3.08,112.2,42.3,161.6,Wake Forest Baptist Comprehensive Cancer Center
37091,Hertford,37,0,0.1,1,"Richmond, Virginia",103.2,2.17,"Norfolk, Virginia",61.1,1.37,VCU Massey Comprehensive Cancer Center,102.2,2.11,102.6,67.3,102.4,VCU Massey Comprehensive Cancer Center
37093,Hoke,37,0,0.8,1,"Durham, North Carolina",86.7,1.86,"Moore, North Carolina",29.8,0.66,UNC Lineberger Comprehensive Cancer Center,82.6,1.88,82.1,27.3,76.0,UNC Lineberger Comprehensive Cancer Center
37095,Hyde,37,0,0.7,1,"Durham, North Carolina",182.3,3.64,"Pitt, North Carolina",86.1,1.79,Duke Cancer Institute,189.0,3.78,187.3,80.4,193.1,VCU Massey Comprehensive Cancer Center
37097,Iredell,37,12,0.3,1,"Mecklenburg, North Carolina",35.2,0.62,"Cabarrus, North Carolina",32.8,0.8,Wake Forest Baptist Comprehensive Cancer Center,51.8,0.96,39.1,29.8,52.9,Wake Forest Baptist Comprehensive Cancer Center
37099,Jackson,37,0,0.1,1,"DeKalb, Georgia",141.3,3.06,"Oconee, South Carolina",59.4,1.31,Winship Cancer Institute (Emory),143.6,3.14,146.6,53.5,148.9,Winship Cancer Institute (Emory)
37101,Johnston,37,0,1.2,1,"Durham, North Carolina",45.7,1.06,"Wake, North Carolina",30.6,0.67,UNC Lineberger Comprehensive Cancer Center,52.2,1.05,47.3,25.6,50.8,UNC Lineberger Comprehensive Cancer Center
37103,Jones,37,0,0.7,1,"Durham, North Carolina",121.4,2.7,"Onslow, North Carolina",31.5,0.66,UNC Lineberger Comprehensive Cancer Center,127.9,2.69,131.1,24.8,135.6,UNC Lineberger Comprehensive Cancer Center
37105,Lee,37,0,0.5,1,"Orange, North Carolina",44.1,1.06,"Moore, North Carolina",24.7,0.52,UNC Lineberger Comprehensive Cancer Center,38.0,0.91,44.1,25.4,38.2,UNC Lineberger Comprehensive Cancer Center
37107,Lenoir,37,3,0.3,1,"Durham, North Carolina",95.5,2.12,"Wayne, North Carolina",23.5,0.5,UNC Lineberger Comprehensive Cancer Center,102.0,2.11,104.5,25.6,109.5,UNC Lineberger Comprehensive Cancer Center
37109,Lincoln,37,5,1.0,1,"Mecklenburg, North Carolina",31.5,0.73,"Mecklenburg, North Carolina",31.5,0.73,Wake Forest Baptist Comprehensive Cancer Center,83.0,1.52,31.7,31.7,79.4,Wake Forest Baptist Comprehensive Cancer Center
37111,McDowell,37,0,0.5,1,"Mecklenburg, North Carolina",87.0,1.95,"Spartanburg, South Carolina",60.7,1.27,Wake Forest Baptist Comprehensive Cancer Center,111.0,1.83,89.0,58.3,123.6,Wake Forest Baptist Comprehensive Cancer Center
37113,Macon,37,0,0.5,1,"DeKalb, Georgia",121.6,2.58,"Oconee, South Carolina",50.0,1.32,Winship Cancer Institute (Emory),123.8,2.66,128.0,45.2,130.2,Winship Cancer Institute (Emory)
37115,Madison,37,0,1.1,1,"Mecklenburg, North Carolina",132.0,3.13,"Spartanburg, South Carolina",82.7,1.67,Wake Forest Baptist Comprehensive Cancer Center,160.8,3.23,132.7,84.1,160.9,Wake Forest Baptist Comprehensive Cancer Center
37117,Martin,37,0,0.1,1,"Durham, North Carolina",109.3,2.06,"Pitt, North Carolina",33.3,0.7,Duke Cancer Institute,116.0,2.19,121.9,28.5,127.6,Duke Cancer Institute
37119,Mecklenburg,37,159,0.5,1,"Mecklenburg, North Carolina",0.0,0.0,"Mecklenburg, North Carolina",0.0,0.0,Wake Forest Baptist Comprehensive Cancer Center,80.6,1.56,0.0,0.0,81.9,Wake Forest Baptist Comprehensive Cancer Center
37121,Mitchell,37,1,0.2,1,"Mecklenburg, North Carolina",109.7,2.45,"Spartanburg, South Carolina",83.5,1.78,Wake Forest Baptist Comprehensive Cancer Center,127.8,2.49,106.4,82.9,124.8,Wake Forest Baptist Comprehensive Cancer Center
37123,Montgomery,37,0,0.4,1,"Mecklenburg, North Carolina",59.4,1.38,"Moore, North Carolina",33.7,0.71,Wake Forest Baptist Comprehensive Cancer Center,67.0,1.45,63.5,31.9,67.9,Wake Forest Baptist Comprehensive Cancer Center
37125,Moore,37,41,0.4,1,"Orange, North Carolina",64.0,1.44,"Moore, North Carolina",0.0,0.0,UNC Lineberger Comprehensive Cancer Center,57.9,1.29,66.1,0.0,61.1,UNC Lineberger Comprehensive Cancer Center
37127,Nash,37,0,1.1,1,"Durham, North Carolina",59.9,1.27,"Wayne, North Carolina",44.1,0.82,Duke Cancer Institute,66.6,1.4,65.6,47.7,71.2,Duke Cancer Institute
37129,New Hanover,37,7,0.1,1,"Durham, North Carolina",149.5,3.21,"Onslow, North Carolina",51.4,1.12,UNC Lineberger Comprehensive Cancer Center,154.0,3.26,162.8,54.2,161.5,UNC Lineberger Comprehensive Cancer Center
37131,Northampton,37,0,0.9,1,"Richmond, Virginia",94.3,1.87,"Mecklenburg, Virginia",74.5,1.6,VCU Massey Comprehensive Cancer Center,93.3,1.82,90.8,61.4,91.3,VCU Massey Comprehensive Cancer Center
37133,Onslow,37,23,0.7,1,"Durham, North Carolina",140.1,3.08,"Onslow, North Carolina",0.0,0.0,UNC Lineberger Comprehensive Cancer Center,146.4,3.09,145.0,0.0,147.7,UNC Lineberger Comprehensive Cancer Center
37135,Orange,37,180,0.5,1,"Orange, North Carolina",0.0,0.0,"Orange, North Carolina",0.0,0.0,UNC Lineberger Comprehensive Cancer Center,6.4,0.16,0.0,0.0,6.6,UNC Lineberger Comprehensive Cancer Center
37137,Pamlico,37,0,2.8,1,"Durham, North Carolina",152.8,3.28,"Onslow, North Carolina",59.1,1.27,UNC Lineberger Comprehensive Cancer Center,159.3,3.27,160.7,52.2,166.9,Duke Cancer Institute
37139,Pasquotank,37,1,0.0,1,"Richmond, Virginia",131.4,2.79,"Norfolk, Virginia",49.3,1.08,VCU Massey Comprehensive Cancer Center,130.4,2.72,130.9,49.9,129.8,VCU Massey Comprehensive Cancer Center
37141,Pender,37,0,0.2,1,"Durham, North Carolina",137.0,2.62,"Onslow, North Carolina",45.0,0.97,UNC Lineberger Comprehensive Cancer Center,142.9,2.81,147.1,35.9,146.9,UNC Lineberger Comprehensive Cancer Center
37143,Perquimans,37,0,1.9,1,"Richmond, Virginia",130.7,2.81,"Norfolk, Virginia",60.8,1.29,VCU Massey Comprehensive Cancer Center,129.7,2.74,132.0,60.3,131.1,VCU Massey Comprehensive Cancer Center
37145,Person,37,0,0.3,1,"Durham, North Carolina",30.4,0.66,"Durham, North Carolina",30.4,0.66,Duke Cancer Institute,33.0,0.73,32.3,32.3,28.8,Duke Cancer Institute
37147,Pitt,37,32,0.1,1,"Durham, North Carolina",98.6,2.01,"Pitt, North Carolina",0.0,0.0,Duke Cancer Institute,105.4,2.15,107.6,0.0,113.8,Duke Cancer Institute
37149,Polk,37,0,0.2,1,"Mecklenburg, North Carolina",81.0,1.66,"Spartanburg, South Carolina",25.4,0.42,Wake Forest Baptist Comprehensive Cancer Center,138.5,2.5,91.9,27.0,146.8,Wake Forest Baptist Comprehensive Cancer Center
37151,Randolph,37,6,0.1,1,"Forsyth, North Carolina",37.9,0.79,"Forsyth, North Carolina",37.9,0.79,Wake Forest Baptist Comprehensive Cancer Center,38.1,0.79,40.2,40.2,40.2,Wake Forest Baptist Comprehensive Cancer Center
37153,Richmond,37,0,0.7,1,"Mecklenburg, North Carolina",71.5,1.49,"Moore, North Carolina",32.9,0.71,UNC Lineberger Comprehensive Cancer Center,87.4,1.95,77.2,31.7,92.1,UNC Lineberger Comprehensive Cancer Center
37155,Robeson,37,0,1.2,1,"Durham, North Carolina",110.9,2.3,"Moore, North Carolina",52.0,1.15,UNC Lineberger Comprehensive Cancer Center,106.4,2.39,108.0,52.1,101.8,UNC Lineberger Comprehensive Cancer Center
37157,Rockingham,37,7,0.1,1,"Forsyth, North Carolina",42.0,0.97,"Forsyth, North Carolina",42.0,0.97,Wake Forest Baptist Comprehensive Cancer Center,42.2,0.97,40.7,40.7,40.9,Wake Forest Baptist Comprehensive Cancer Center
37159,Rowan,37,11,0.4,1,"Mecklenburg, North Carolina",38.4,0.8,"Cabarrus, North Carolina",19.2,0.5,Wake Forest Baptist Comprehensive Cancer Center,43.2,0.94,38.5,19.8,43.7,Wake Forest Baptist Comprehensive Cancer Center
37161,Rutherford,37,7,0.1,1,"Mecklenburg, North Carolina",65.0,1.46,"Spartanburg, South Carolina",37.4,0.8,Wake Forest Baptist Comprehensive Cancer Center,124.2,2.19,73.7,32.9,126.6,Wake Forest Baptist Comprehensive Cancer Center
37163,Sampson,37,22,1.7,1,"Durham, North Carolina",81.3,1.79,"Sampson, North Carolina",0.0,0.0,UNC Lineberger Comprehensive Cancer Center,85.8,1.85,85.8,0.0,84.4,UNC Lineberger Comprehensive Cancer Center
37165,Scotland,37,0,0.3,1,"Mecklenburg, North Carolina",90.2,1.94,"Moore, North Carolina",33.6,0.71,UNC Lineberger Comprehensive Cancer Center,88.1,1.95,98.4,37.6,97.0,UNC Lineberger Comprehensive Cancer Center
37167,Stanly,37,2,0.1,1,"Mecklenburg, North Carolina",36.0,0.86,"Cabarrus, North Carolina",27.8,0.68,Wake Forest Baptist Comprehensive Cancer Center,67.5,1.5,39.2,25.7,64.9,Wake Forest Baptist Comprehensive Cancer Center
37169,Stokes,37,0,2.9,1,"Forsyth, North Carolina",23.3,0.61,"Forsyth, North Carolina",23.3,0.61,Wake Forest Baptist Comprehensive Cancer Center,23.5,0.61,20.3,20.3,20.5,Wake Forest Baptist Comprehensive Cancer Center
37171,Surry,37,8,0.8,1,"Forsyth, North Carolina",39.2,0.77,"Forsyth, North Carolina",39.2,0.77,Wake Forest Baptist Comprehensive Cancer Center,39.3,0.78,38.0,38.0,38.0,Wake Forest Baptist Comprehensive Cancer Center
37173,Swain,37,0,0.1,1,"DeKalb, Georgia",147.9,3.36,"Oconee, South Carolina",76.4,2.11,Winship Cancer Institute (Emory),150.2,3.44,148.0,59.0,149.8,Winship Cancer Institute (Emory)
37175,Transylvania,37,0,0.7,1,"Mecklenburg, North Carolina",123.4,2.6,"Pickens, South Carolina",36.5,0.93,Winship Cancer Institute (Emory),158.2,3.59,130.3,33.8,159.6,Winship Cancer Institute (Emory)
37177,Tyrrell,37,0,0.3,1,"Durham, North Carolina",162.9,3.15,"Pitt, North Carolina",85.7,1.72,VCU Massey Comprehensive Cancer Center,162.9,3.42,158.5,81.2,157.7,VCU Massey Comprehensive Cancer Center
37179,Union,37,14,1.0,1,"Mecklenburg, North Carolina",24.3,0.55,"Mecklenburg, North Carolina",24.3,0.55,Wake Forest Baptist Comprehensive Cancer Center,98.5,2.02,21.8,21.8,93.8,Wake Forest Baptist Comprehensive Cancer Center
37181,Vance,37,0,0.1,1,"Durham, North Carolina",39.8,0.7,"Mecklenburg, Virginia",35.9,0.69,Duke Cancer Institute,45.1,0.8,44.1,30.2,46.4,Duke Cancer Institute
37183,Wake,37,44,0.8,1,"Durham, North Carolina",21.0,0.4,"Wake, North Carolina",0.0,0.0,UNC Lineberger Comprehensive Cancer Center,25.8,0.48,21.7,0.0,26.6,UNC Lineberger Comprehensive Cancer Center
37185,Warren,37,0,0.4,1,"Durham, North Carolina",59.5,1.1,"Mecklenburg, Virginia",30.6,0.64,Duke Cancer Institute,64.7,1.2,62.3,26.2,65.1,Duke Cancer Institute
37187,Washington,37,0,0.5,1,"Durham, North Carolina",136.8,2.68,"Pitt, North Carolina",59.6,1.25,Duke Cancer Institute,143.5,2.82,148.9,54.7,148.5,VCU Massey Comprehensive Cancer Center
37189,Watauga,37,0,0.1,1,"Forsyth, North Carolina",86.8,1.62,"Forsyth, North Carolina",86.8,1.62,Wake Forest Baptist Comprehensive Cancer Center,86.9,1.62,96.0,96.0,95.9,Wake Forest Baptist Comprehensive Cancer Center
37191,Wayne,37,23,0.7,1,"Durham, North Carolina",73.4,1.66,"Wayne, North Carolina",0.0,0.0,UNC Lineberger Comprehensive Cancer Center,79.9,1.65,79.9,0.0,84.2,UNC Lineberger Comprehensive Cancer Center
37193,Wilkes,37,7,0.5,1,"Forsyth, North Carolina",55.9,1.32,"Forsyth, North Carolina",55.9,1.32,Wake Forest Baptist Comprehensive Cancer Center,56.1,1.32,59.0,59.0,58.9,Wake Forest Baptist Comprehensive Cancer Center
37195,Wilson,37,15,0.1,1,"Durham, North Carolina",62.5,1.21,"Wayne, North Carolina",27.2,0.59,Duke Cancer Institute,69.2,1.35,68.5,29.6,74.6,Duke Cancer Institute
37197,Yadkin,37,0,0.2,1,"Forsyth, North Carolina",29.3,0.54,"Forsyth, North Carolina",29.3,0.54,Wake Forest Baptist Comprehensive Cancer Center,29.4,0.54,28.3,28.3,28.1,Wake Forest Baptist Comprehensive Cancer Center
37199,Yancey,37,0,0.2,1,"Mecklenburg, North Carolina",118.4,2.64,"Spartanburg, South Carolina",92.2,1.96,Wake Forest Baptist Comprehensive Cancer Center,136.5,2.68,114.6,80.9,137.3,Wake Forest Baptist Comprehensive Cancer Center
38001,Adams,38,0,2.3,1,"Yellowstone, Montana",315.7,5.83,"Burleigh, North Dakota",146.6,3.06,Masonic Cancer Center (Minnesota),499.4,10.45,342.3,124.8,538.5,University of Colorado Cancer Center
38003,Barnes,38,0,0.7,1,"Minnehaha, South Dakota",290.6,5.46,"Cass, North Dakota",58.2,0.98,Masonic Cancer Center (Minnesota),297.1,5.02,289.4,66.3,320.2,Masonic Cancer Center (Minnesota)
38005,Benson,38,0,3.0,1,"Minnehaha, South Dakota",386.0,7.55,"Burleigh, North Dakota",161.3,3.32,Masonic Cancer Center (Minnesota),413.4,7.3,395.6,134.4,421.4,Masonic Cancer Center (Minnesota)
38007,Billings,38,0,5.0,1,"Yellowstone, Montana",313.7,5.07,"Burleigh, North Dakota",130.7,2.17,Masonic Cancer Center (Minnesota),558.6,9.24,316.0,144.9,603.5,Masonic Cancer Center (Minnesota)
38009,Bottineau,38,0,0.1,1,"Minnehaha, South Dakota",496.6,9.83,"Burleigh, North Dakota",179.1,3.77,Masonic Cancer Center (Minnesota),514.8,9.42,490.2,165.6,526.2,Masonic Cancer Center (Minnesota)
38011,Bowman,38,0,0.4,1,"Yellowstone, Montana",273.5,4.96,"Burleigh, North Dakota",173.8,3.13,University of Colorado Cancer Center,515.4,10.29,298.7,159.5,539.8,University of Colorado Cancer Center
38013,Burke,38,0,8.3,1,"Yellowstone, Montana",427.5,7.87,"Burleigh, North Dakota",204.1,4.37,Masonic Cancer Center (Minnesota),597.8,11.22,417.9,188.7,613.1,Masonic Cancer Center (Minnesota)
38015,Burleigh,38,43,0.6,1,"Minnehaha, South Dakota",397.8,7.59,"Burleigh, North Dakota",0.0,0.0,Masonic Cancer Center (Minnesota),429.0,7.1,358.7,0.0,460.3,Masonic Cancer Center (Minnesota)
38017,Cass,38,78,0.4,1,"Hennepin, Minnesota",233.6,3.9,"Cass, North Dakota",0.0,0.0,Masonic Cancer Center (Minnesota),239.7,4.07,255.1,0.0,260.9,Masonic Cancer Center (Minnesota)
38019,Cavalier,38,0,0.3,1,"Hennepin, Minnesota",416.7,7.37,"Cass, North Dakota",186.5,3.51,Masonic Cancer Center (Minnesota),422.7,7.54,424.2,179.6,429.1,Masonic Cancer Center (Minnesota)
38021,Dickey,38,0,5.6,1,"Minnehaha, South Dakota",234.9,4.37,"Cass, North Dakota",134.7,2.72,Masonic Cancer Center (Minnesota),293.0,6.21,229.7,104.2,309.2,Masonic Cancer Center (Minnesota)
38023,Divide,38,0,1.3,1,"Yellowstone, Montana",387.5,7.04,"Burleigh, North Dakota",233.3,4.92,Masonic Cancer Center (Minnesota),627.0,11.77,388.3,222.4,656.4,Masonic Cancer Center (Minnesota)
38025,Dunn,38,0,1.1,1,"Yellowstone, Montana",360.2,5.9,"Burleigh, North Dakota",118.7,2.58,Masonic Cancer Center (Minnesota),541.7,9.96,360.3,114.2,574.0,Masonic Cancer Center (Minnesota)
38027,Eddy,38,0,1.3,1,"Minnehaha, South Dakota",366.1,7.11,"Burleigh, North Dakota",141.3,2.89,Masonic Cancer Center (Minnesota),393.5,7.06,369.3,120.6,402.7,Masonic Cancer Center (Minnesota)
38029,Emmons,38,0,0.6,1,"Minnehaha, South Dakota",334.8,6.39,"Burleigh, North Dakota",65.2,1.25,Masonic Cancer Center (Minnesota),395.6,8.34,304.0,55.4,418.9,Masonic Cancer Center (Minnesota)
38031,Foster,38,0,0.2,1,"Minnehaha, South Dakota",350.1,6.76,"Burleigh, North Dakota",125.4,2.55,Masonic Cancer Center (Minnesota),376.3,6.68,350.0,110.9,391.1,Masonic Cancer Center (Minnesota)
38033,Golden Valley,38,0,1.3,1,"Yellowstone, Montana",265.8,4.27,"Burleigh, North Dakota",164.0,2.63,Masonic Cancer Center (Minnesota),591.9,9.69,277.9,181.4,594.7,University of Colorado Cancer Center
38035,Grand Forks,38,8,1.0,1,"Hennepin, Minnesota",308.1,5.11,"Cass, North Dakota",78.0,1.26,Masonic Cancer Center (Minnesota),314.1,5.28,323.8,88.2,328.7,Masonic Cancer Center (Minnesota)
38037,Grant,38,0,0.5,1,"Yellowstone, Montana",380.8,7.15,"Burleigh, North Dakota",74.5,1.54,Masonic Cancer Center (Minnesota),490.9,10.3,374.7,64.7,504.5,Masonic Cancer Center (Minnesota)
38039,Griggs,38,0,0.6,1,"Hennepin, Minnesota",330.4,5.72,"Cass, North Dakota",97.5,1.84,Masonic Cancer Center (Minnesota),336.4,5.89,333.6,89.4,350.3,Masonic Cancer Center (Minnesota)
38041,Hettinger,38,0,2.7,1,"Yellowstone, Montana",338.7,6.3,"Burleigh, North Dakota",121.1,2.52,Masonic Cancer Center (Minnesota),525.1,10.98,348.1,107.1,553.4,Masonic Cancer Center (Minnesota)
38043,Kidder,38,0,2.5,1,"Minnehaha, South Dakota",355.0,6.62,"Burleigh, North Dakota",50.0,0.84,Masonic Cancer Center (Minnesota),383.9,6.4,330.9,54.8,411.2,Masonic Cancer Center (Minnesota)
38045,LaMoure,38,0,3.4,1,"Minnehaha, South Dakota",274.4,5.18,"Cass, North Dakota",118.4,2.4,Masonic Cancer Center (Minnesota),313.2,6.67,258.5,101.8,328.7,Masonic Cancer Center (Minnesota)
38047,Logan,38,0,1.2,1,"Minnehaha, South Dakota",323.9,6.22,"Burleigh, North Dakota",84.9,1.64,Masonic Cancer Center (Minnesota),377.8,7.99,294.4,73.8,386.7,Masonic Cancer Center (Minnesota)
38049,McHenry,38,0,6.6,1,"Yellowstone, Montana",475.8,8.92,"Burleigh, North Dakota",125.5,2.73,Masonic Cancer Center (Minnesota),506.7,9.3,446.3,112.5,501.3,Masonic Cancer Center (Minnesota)
38051,McIntosh,38,0,2.5,1,"Minnehaha, South Dakota",299.5,5.74,"Burleigh, North Dakota",108.2,2.16,Masonic Cancer Center (Minnesota),359.2,7.57,269.0,91.6,375.9,Masonic Cancer Center (Minnesota)
38053,McKenzie,38,0,0.7,1,"Yellowstone, Montana",326.2,5.69,"Burleigh, North Dakota",180.4,3.94,Masonic Cancer Center (Minnesota),602.7,11.2,344.2,162.3,618.6,Masonic Cancer Center (Minnesota)
38055,McLean,38,0,1.1,1,"Yellowstone, Montana",445.8,7.69,"Burleigh, North Dakota",59.9,1.27,Masonic Cancer Center (Minnesota),478.8,8.64,419.7,63.8,504.3,Masonic Cancer Center (Minnesota)
38057,Mercer,38,0,0.1,1,"Yellowstone, Montana",403.4,6.54,"Burleigh, North Dakota",72.2,1.58,Masonic Cancer Center (Minnesota),495.3,8.95,409.2,66.7,523.4,Masonic Cancer Center (Minnesota)
38059,Morton,38,0,1.0,1,"Minnehaha, South Dakota",408.1,8.01,"Burleigh, North Dakota",13.8,0.29,Masonic Cancer Center (Minnesota),441.6,7.36,367.3,12.8,472.5,Masonic Cancer Center (Minnesota)
38061,Mountrail,38,0,1.5,1,"Yellowstone, Montana",392.6,7.09,"Burleigh, North Dakota",152.4,3.19,Masonic Cancer Center (Minnesota),559.6,10.3,399.0,141.8,583.2,Masonic Cancer Center (Minnesota)
38063,Nelson,38,0,4.9,1,"Hennepin, Minnesota",366.0,6.53,"Cass, North Dakota",134.4,2.67,Masonic Cancer Center (Minnesota),372.1,6.7,368.8,115.9,374.3,Masonic Cancer Center (Minnesota)
38065,Oliver,38,0,0.4,1,"Yellowstone, Montana",410.9,6.61,"Burleigh, North Dakota",42.1,0.93,Masonic Cancer Center (Minnesota),470.0,8.0,397.8,39.5,497.1,Masonic Cancer Center (Minnesota)
38067,Pembina,38,0,1.3,1,"Hennepin, Minnesota",382.6,6.69,"Cass, North Dakota",152.5,2.83,Masonic Cancer Center (Minnesota),388.6,6.86,396.1,165.2,400.5,Masonic Cancer Center (Minnesota)
38069,Pierce,38,0,0.6,1,"Minnehaha, South Dakota",440.6,8.69,"Burleigh, North Dakota",145.8,2.97,Masonic Cancer Center (Minnesota),462.3,8.35,437.6,132.1,473.9,Masonic Cancer Center (Minnesota)
38071,Ramsey,38,0,1.5,1,"Hennepin, Minnesota",399.1,7.02,"Cass, North Dakota",169.0,3.17,Masonic Cancer Center (Minnesota),405.2,7.19,398.0,152.9,412.5,Masonic Cancer Center (Minnesota)
38073,Ransom,38,0,1.2,1,"Minnehaha, South Dakota",239.7,4.19,"Cass, North Dakota",68.2,1.34,Masonic Cancer Center (Minnesota),274.0,5.04,247.7,54.8,284.3,Masonic Cancer Center (Minnesota)
38075,Renville,38,0,3.5,1,"Yellowstone, Montana",462.8,8.61,"Burleigh, North Dakota",158.0,3.37,Masonic Cancer Center (Minnesota),551.6,10.22,463.8,162.1,562.0,Masonic Cancer Center (Minnesota)
38077,Richland,38,0,0.3,1,"Minnehaha, South Dakota",201.9,3.2,"Cass, North Dakota",45.7,0.73,Masonic Cancer Center (Minnesota),214.3,3.81,224.4,49.1,230.9,Masonic Cancer Center (Minnesota)
38079,Rolette,38,0,1.5,1,"Minnehaha, South Dakota",473.1,9.39,"Burleigh, North Dakota",191.7,3.92,Masonic Cancer Center (Minnesota),490.9,9.01,472.1,175.1,491.1,Masonic Cancer Center (Minnesota)
38081,Sargent,38,0,2.2,1,"Minnehaha, South Dakota",218.2,3.74,"Cass, North Dakota",88.2,1.61,Masonic Cancer Center (Minnesota),254.1,5.39,222.0,70.3,271.2,Masonic Cancer Center (Minnesota)
38083,Sheridan,38,0,4.1,1,"Minnehaha, South Dakota",412.8,8.12,"Burleigh, North Dakota",79.3,1.56,Masonic Cancer Center (Minnesota),440.2,7.87,393.6,67.4,460.4,Masonic Cancer Center (Minnesota)
38085,Sioux,38,0,2.1,1,"Minnehaha, South Dakota",355.1,6.85,"Burleigh, North Dakota",63.8,1.33,Masonic Cancer Center (Minnesota),430.2,9.04,319.2,54.5,445.7,Masonic Cancer Center (Minnesota)
38087,Slope,38,0,2.5,1,"Yellowstone, Montana",293.2,5.38,"Burleigh, North Dakota",157.8,2.82,University of Colorado Cancer Center,535.1,10.71,299.4,154.9,559.8,University of Colorado Cancer Center
38089,Stark,38,0,0.2,1,"Yellowstone, Montana",321.4,5.11,"Burleigh, North Dakota",99.6,1.6,Masonic Cancer Center (Minnesota),527.4,8.67,341.9,114.9,572.6,Masonic Cancer Center (Minnesota)
38091,Steele,38,0,3.7,1,"Hennepin, Minnesota",315.4,5.44,"Cass, North Dakota",85.3,1.59,Masonic Cancer Center (Minnesota),321.5,5.62,325.2,70.8,330.9,Masonic Cancer Center (Minnesota)
38093,Stutsman,38,13,0.9,1,"Minnehaha, South Dakota",305.0,5.85,"Cass, North Dakota",93.5,1.56,Masonic Cancer Center (Minnesota),332.4,5.61,302.2,106.3,355.7,Masonic Cancer Center (Minnesota)
38095,Towner,38,0,1.1,1,"Minnehaha, South Dakota",433.8,8.5,"Burleigh, North Dakota",197.7,4.04,Masonic Cancer Center (Minnesota),445.4,8.0,440.1,168.5,452.6,Masonic Cancer Center (Minnesota)
38097,Traill,38,0,0.6,1,"Hennepin, Minnesota",285.9,4.78,"Cass, North Dakota",55.8,0.93,Masonic Cancer Center (Minnesota),291.9,4.95,303.9,56.4,309.3,Masonic Cancer Center (Minnesota)
38099,Walsh,38,0,1.4,1,"Hennepin, Minnesota",355.9,6.1,"Cass, North Dakota",125.8,2.25,Masonic Cancer Center (Minnesota),362.0,6.27,370.2,133.3,374.9,Masonic Cancer Center (Minnesota)
38101,Ward,38,0,0.7,1,"Yellowstone, Montana",442.9,8.16,"Burleigh, North Dakota",111.7,2.38,Masonic Cancer Center (Minnesota),505.4,9.24,456.1,122.5,534.4,Masonic Cancer Center (Minnesota)
38103,Wells,38,0,1.8,1,"Minnehaha, South Dakota",391.6,7.67,"Burleigh, North Dakota",113.5,2.28,Masonic Cancer Center (Minnesota),419.0,7.43,384.1,89.7,436.0,Masonic Cancer Center (Minnesota)
38105,Williams,38,0,2.1,1,"Yellowstone, Montana",322.7,5.68,"Burleigh, North Dakota",223.6,4.65,Masonic Cancer Center (Minnesota),624.5,11.72,344.4,194.8,646.6,Masonic Cancer Center (Minnesota)
39001,Adams,39,0,1.6,1,"Hamilton, Ohio",69.5,1.53,"Hamilton, Ohio",69.5,1.53,Markey Cancer Center (Kentucky),86.6,2.06,69.4,66.5,93.5,Markey Cancer Center (Kentucky)
39003,Allen,39,6,0.3,1,"Franklin, Ohio",90.5,1.73,"Miami, Ohio",54.2,0.89,OSU Comprehensive Cancer Center – James,88.8,1.68,95.1,59.8,93.4,OSU Comprehensive Cancer Center – James
39005,Ashland,39,0,0.2,1,"Cuyahoga, Ohio",58.6,1.22,"Richland, Ohio",15.9,0.33,Case Comprehensive Cancer Center,64.2,1.36,62.1,17.8,68.6,Case Comprehensive Cancer Center
39007,Ashtabula,39,1,0.3,1,"Cuyahoga, Ohio",61.8,1.22,"Lake, Ohio",37.2,0.75,Case Comprehensive Cancer Center,53.8,1.02,63.1,35.2,57.0,Case Comprehensive Cancer Center
39009,Athens,39,10,0.8,1,"Franklin, Ohio",75.0,1.46,"Franklin, Ohio",75.0,1.46,OSU Comprehensive Cancer Center – James,76.7,1.53,78.9,78.9,80.6,OSU Comprehensive Cancer Center – James
39011,Auglaize,39,0,1.3,1,"Franklin, Ohio",90.4,1.71,"Miami, Ohio",43.9,0.71,OSU Comprehensive Cancer Center – James,88.7,1.66,92.7,41.3,90.8,OSU Comprehensive Cancer Center – James
39013,Belmont,39,0,1.2,1,"Allegheny, Pennsylvania",68.5,1.75,"Washington, Pennsylvania",50.8,0.91,UPMC Hillman Cancer Center,71.0,1.82,67.3,49.3,69.7,UPMC Hillman Cancer Center
39015,Brown,39,0,0.8,1,"Hamilton, Ohio",43.6,0.92,"Hamilton, Ohio",43.6,0.92,Markey Cancer Center (Kentucky),91.3,2.14,44.0,42.6,86.1,Markey Cancer Center (Kentucky)
39017,Butler,39,46,0.1,1,"Hamilton, Ohio",19.1,0.42,"Butler, Ohio",0.0,0.0,OSU Comprehensive Cancer Center – James,96.5,1.74,19.0,0.0,106.3,OSU Comprehensive Cancer Center – James
39019,Carroll,39,0,0.5,1,"Allegheny, Pennsylvania",74.5,1.65,"Stark, Ohio",25.8,0.57,UPMC Hillman Cancer Center,77.0,1.72,73.2,25.7,75.6,UPMC Hillman Cancer Center
39021,Champaign,39,0,0.3,1,"Franklin, Ohio",46.7,0.94,"Miami, Ohio",30.6,0.65,OSU Comprehensive Cancer Center – James,46.3,0.93,49.5,30.8,47.6,OSU Comprehensive Cancer Center – James
39023,Clark,39,13,0.1,1,"Franklin, Ohio",47.0,1.04,"Montgomery, Ohio",25.8,0.52,OSU Comprehensive Cancer Center – James,46.7,1.02,53.7,26.9,51.9,OSU Comprehensive Cancer Center – James
39025,Clermont,39,10,1.0,1,"Hamilton, Ohio",24.5,0.53,"Hamilton, Ohio",24.5,0.53,Markey Cancer Center (Kentucky),98.0,1.95,20.0,20.0,91.0,Markey Cancer Center (Kentucky)
39027,Clinton,39,3,0.2,1,"Hamilton, Ohio",47.0,0.98,"Warren, Ohio",26.7,0.58,OSU Comprehensive Cancer Center – James,65.3,1.17,46.8,25.7,71.9,OSU Comprehensive Cancer Center – James
39029,Columbiana,39,0,0.3,1,"Allegheny, Pennsylvania",55.2,1.3,"Stark, Ohio",40.4,0.85,UPMC Hillman Cancer Center,57.7,1.38,55.2,41.6,57.1,UPMC Hillman Cancer Center
39031,Coshocton,39,0,0.2,1,"Franklin, Ohio",73.1,1.52,"Stark, Ohio",55.8,1.24,OSU Comprehensive Cancer Center – James,75.1,1.59,75.5,54.2,77.2,OSU Comprehensive Cancer Center – James
39033,Crawford,39,0,0.9,1,"Franklin, Ohio",62.1,1.19,"Richland, Ohio",20.1,0.39,OSU Comprehensive Cancer Center – James,64.5,1.33,66.3,21.1,66.2,OSU Comprehensive Cancer Center – James
39035,Cuyahoga,39,319,0.5,1,"Cuyahoga, Ohio",0.0,0.0,"Cuyahoga, Ohio",0.0,0.0,Case Comprehensive Cancer Center,8.3,0.21,0.0,0.0,6.5,Case Comprehensive Cancer Center
39037,Darke,39,41,0.0,1,"Hamilton, Ohio",73.3,1.6,"Darke, Ohio",0.0,0.0,OSU Comprehensive Cancer Center – James,92.3,1.92,77.8,0.0,100.9,OSU Comprehensive Cancer Center – James
39039,Defiance,39,1,0.3,1,"Washtenaw, Michigan",96.8,1.98,"Allen, Indiana",43.8,0.92,University of Michigan Rogel Cancer Center,97.4,1.99,91.5,45.2,92.7,University of Michigan Rogel Cancer Center
39041,Delaware,39,21,1.0,1,"Franklin, Ohio",17.0,0.35,"Delaware, Ohio",0.0,0.0,OSU Comprehensive Cancer Center – James,17.1,0.34,17.6,0.0,17.2,OSU Comprehensive Cancer Center – James
39043,Erie,39,9,0.1,1,"Cuyahoga, Ohio",53.9,1.1,"Lorain, Ohio",30.2,0.59,Case Comprehensive Cancer Center,56.3,1.18,59.2,32.2,64.0,Case Comprehensive Cancer Center
39045,Fairfield,39,17,1.3,1,"Franklin, Ohio",25.7,0.56,"Franklin, Ohio",25.7,0.56,OSU Comprehensive Cancer Center – James,27.4,0.63,26.3,26.3,28.1,OSU Comprehensive Cancer Center – James
39047,Fayette,39,0,0.2,1,"Franklin, Ohio",42.7,0.95,"Franklin, Ohio",42.7,0.95,OSU Comprehensive Cancer Center – James,42.4,0.93,47.3,47.3,46.5,OSU Comprehensive Cancer Center – James
39049,Franklin,39,400,0.3,1,"Franklin, Ohio",0.0,0.0,"Franklin, Ohio",0.0,0.0,OSU Comprehensive Cancer Center – James,6.5,0.16,0.0,0.0,1.9,OSU Comprehensive Cancer Center – James
39051,Fulton,39,0,0.3,1,"Washtenaw, Michigan",64.3,1.32,"Lucas, Ohio",27.9,0.6,University of Michigan Rogel Cancer Center,64.9,1.33,60.7,30.1,62.1,University of Michigan Rogel Cancer Center
39053,Gallia,39,0,0.1,1,"Franklin, Ohio",101.7,2.04,"Kanawha, West Virginia",59.8,1.26,OSU Comprehensive Cancer Center – James,103.0,2.09,107.3,55.7,108.5,OSU Comprehensive Cancer Center – James
39055,Geauga,39,10,1.5,1,"Cuyahoga, Ohio",32.0,0.71,"Lake, Ohio",23.1,0.48,Case Comprehensive Cancer Center,27.0,0.57,28.4,17.4,23.8,Case Comprehensive Cancer Center
39057,Greene,39,9,1.6,1,"Hamilton, Ohio",53.9,1.13,"Montgomery, Ohio",13.4,0.25,OSU Comprehensive Cancer Center – James,64.7,1.37,55.8,13.4,66.3,OSU Comprehensive Cancer Center – James
39059,Guernsey,39,0,0.5,1,"Franklin, Ohio",81.8,1.74,"Stark, Ohio",63.8,1.07,OSU Comprehensive Cancer Center – James,83.8,1.82,92.1,68.7,94.0,OSU Comprehensive Cancer Center – James
39061,Hamilton,39,209,0.8,1,"Hamilton, Ohio",0.0,0.0,"Hamilton, Ohio",0.0,0.0,Markey Cancer Center (Kentucky),87.4,1.64,0.0,0.0,95.3,Markey Cancer Center (Kentucky)
39063,Hancock,39,9,0.1,1,"Franklin, Ohio",89.6,1.9,"Marion, Ohio",46.5,0.99,OSU Comprehensive Cancer Center – James,88.7,1.88,95.3,49.8,94.1,OSU Comprehensive Cancer Center – James
39065,Hardin,39,0,0.5,1,"Franklin, Ohio",66.3,1.31,"Marion, Ohio",31.6,0.69,OSU Comprehensive Cancer Center – James,64.6,1.26,71.3,35.4,69.8,OSU Comprehensive Cancer Center – James
39067,Harrison,39,0,1.1,1,"Allegheny, Pennsylvania",66.3,1.38,"Stark, Ohio",55.8,1.23,UPMC Hillman Cancer Center,68.8,1.46,69.3,48.7,71.8,UPMC Hillman Cancer Center
39069,Henry,39,0,1.7,1,"Washtenaw, Michigan",80.7,1.68,"Lucas, Ohio",38.8,0.71,University of Michigan Rogel Cancer Center,81.3,1.69,77.5,37.3,78.9,University of Michigan Rogel Cancer Center
39071,Highland,39,0,0.3,1,"Hamilton, Ohio",55.6,1.25,"Warren, Ohio",44.0,0.97,OSU Comprehensive Cancer Center – James,68.4,1.49,59.6,45.7,74.4,OSU Comprehensive Cancer Center – James
39073,Hocking,39,0,0.3,1,"Franklin, Ohio",50.8,1.03,"Franklin, Ohio",50.8,1.03,OSU Comprehensive Cancer Center – James,52.5,1.1,52.5,52.5,54.1,OSU Comprehensive Cancer Center – James
39075,Holmes,39,0,1.0,1,"Cuyahoga, Ohio",73.2,1.53,"Stark, Ohio",37.6,0.87,Case Comprehensive Cancer Center,79.3,1.69,74.0,37.6,79.4,Case Comprehensive Cancer Center
39077,Huron,39,0,1.4,1,"Cuyahoga, Ohio",60.9,1.3,"Lorain, Ohio",36.2,0.77,Case Comprehensive Cancer Center,64.5,1.39,62.5,34.7,68.4,Case Comprehensive Cancer Center
39079,Jackson,39,0,0.4,1,"Franklin, Ohio",77.6,1.55,"Franklin, Ohio",77.6,1.55,OSU Comprehensive Cancer Center – James,78.9,1.59,83.7,83.1,84.7,OSU Comprehensive Cancer Center – James
39081,Jefferson,39,4,0.5,1,"Allegheny, Pennsylvania",43.4,0.96,"Washington, Pennsylvania",41.9,0.96,UPMC Hillman Cancer Center,45.9,1.03,46.0,36.9,48.5,UPMC Hillman Cancer Center
39083,Knox,39,10,0.1,1,"Franklin, Ohio",46.4,0.92,"Richland, Ohio",31.0,0.67,OSU Comprehensive Cancer Center – James,48.8,1.06,47.5,30.4,48.6,OSU Comprehensive Cancer Center – James
39085,Lake,39,24,0.7,1,"Cuyahoga, Ohio",28.7,0.64,"Lake, Ohio",0.0,0.0,Case Comprehensive Cancer Center,20.8,0.44,29.6,0.0,23.1,Case Comprehensive Cancer Center
39087,Lawrence,39,0,0.6,1,"Fayette, Kentucky",125.5,2.28,"Kanawha, West Virginia",56.3,1.17,Markey Cancer Center (Kentucky),125.4,2.29,127.7,58.3,128.6,OSU Comprehensive Cancer Center – James
39089,Licking,39,13,0.1,1,"Franklin, Ohio",29.6,0.66,"Franklin, Ohio",29.6,0.66,OSU Comprehensive Cancer Center – James,31.5,0.73,30.2,30.2,32.0,OSU Comprehensive Cancer Center – James
39091,Logan,39,0,0.4,1,"Franklin, Ohio",56.3,1.0,"Marion, Ohio",43.0,0.89,OSU Comprehensive Cancer Center – James,54.6,0.95,58.9,40.4,57.1,OSU Comprehensive Cancer Center – James
39093,Lorain,39,23,0.3,1,"Cuyahoga, Ohio",25.7,0.54,"Lorain, Ohio",0.0,0.0,Case Comprehensive Cancer Center,29.4,0.63,27.3,0.0,32.8,Case Comprehensive Cancer Center
39095,Lucas,39,65,0.1,1,"Washtenaw, Michigan",48.9,0.83,"Lucas, Ohio",0.0,0.0,University of Michigan Rogel Cancer Center,49.5,0.83,50.6,0.0,52.2,University of Michigan Rogel Cancer Center
39097,Madison,39,0,0.9,1,"Franklin, Ohio",24.1,0.52,"Franklin, Ohio",24.1,0.52,OSU Comprehensive Cancer Center – James,23.8,0.5,25.4,25.4,23.7,OSU Comprehensive Cancer Center – James
39099,Mahoning,39,10,0.1,1,"Allegheny, Pennsylvania",63.7,1.2,"Stark, Ohio",44.6,0.96,UPMC Hillman Cancer Center,66.2,1.28,67.5,46.7,68.1,Case Comprehensive Cancer Center
39101,Marion,39,20,0.0,1,"Franklin, Ohio",43.1,0.91,"Marion, Ohio",0.0,0.0,OSU Comprehensive Cancer Center – James,42.2,0.89,48.9,0.0,48.2,OSU Comprehensive Cancer Center – James
39103,Medina,39,6,0.4,1,"Cuyahoga, Ohio",26.8,0.56,"Cuyahoga, Ohio",26.8,0.56,Case Comprehensive Cancer Center,32.8,0.66,27.1,26.6,33.3,Case Comprehensive Cancer Center
39105,Meigs,39,0,0.3,1,"Franklin, Ohio",96.9,1.92,"Kanawha, West Virginia",67.3,1.2,OSU Comprehensive Cancer Center – James,98.6,1.99,100.0,62.2,101.6,OSU Comprehensive Cancer Center – James
39107,Mercer,39,0,1.2,1,"Hamilton, Ohio",102.9,2.25,"Darke, Ohio",31.9,0.67,OSU Comprehensive Cancer Center – James,108.2,2.04,110.7,33.1,108.8,OSU Comprehensive Cancer Center – James
39109,Miami,39,21,0.1,1,"Hamilton, Ohio",67.8,1.13,"Miami, Ohio",0.0,0.0,OSU Comprehensive Cancer Center – James,72.7,1.58,73.4,0.0,76.7,OSU Comprehensive Cancer Center – James
39111,Monroe,39,0,0.7,1,"Allegheny, Pennsylvania",96.2,2.15,"Washington, Pennsylvania",78.0,1.7,UPMC Hillman Cancer Center,98.7,2.23,90.7,70.0,92.9,UPMC Hillman Cancer Center
39113,Montgomery,39,77,0.1,1,"Hamilton, Ohio",46.0,0.78,"Montgomery, Ohio",0.0,0.0,OSU Comprehensive Cancer Center – James,72.4,1.54,50.6,0.0,78.4,OSU Comprehensive Cancer Center – James
39115,Morgan,39,0,0.6,1,"Franklin, Ohio",77.0,1.75,"Franklin, Ohio",77.0,1.75,OSU Comprehensive Cancer Center – James,78.8,1.75,78.5,78.5,80.4,OSU Comprehensive Cancer Center – James
39117,Morrow,39,0,1.2,1,"Franklin, Ohio",40.7,0.72,"Marion, Ohio",20.4,0.46,OSU Comprehensive Cancer Center – James,43.0,0.86,44.7,21.6,44.8,OSU Comprehensive Cancer Center – James
39119,Muskingum,39,15,0.3,1,"Franklin, Ohio",57.5,1.24,"Franklin, Ohio",57.5,1.24,OSU Comprehensive Cancer Center – James,59.4,1.31,63.3,63.3,65.2,OSU Comprehensive Cancer Center – James
39121,Noble,39,0,0.8,1,"Franklin, Ohio",90.4,2.03,"Stark, Ohio",83.2,1.45,OSU Comprehensive Cancer Center – James,92.4,2.1,97.6,88.5,99.6,OSU Comprehensive Cancer Center – James
39123,Ottawa,39,0,1.3,1,"Washtenaw, Michigan",79.3,1.5,"Lucas, Ohio",33.9,0.72,University of Michigan Rogel Cancer Center,79.9,1.51,66.7,34.9,67.5,Karmanos Cancer Institute (Wayne State)
39125,Paulding,39,0,0.2,1,"Washtenaw, Michigan",111.4,2.24,"Allen, Indiana",38.2,0.81,University of Michigan Rogel Cancer Center,112.0,2.25,107.4,33.6,108.7,University of Michigan Rogel Cancer Center
39127,Perry,39,0,0.5,1,"Franklin, Ohio",50.3,1.17,"Franklin, Ohio",50.3,1.17,OSU Comprehensive Cancer Center – James,52.0,1.16,52.0,52.0,54.0,OSU Comprehensive Cancer Center – James
39129,Pickaway,39,0,0.4,1,"Franklin, Ohio",24.7,0.55,"Franklin, Ohio",24.7,0.55,OSU Comprehensive Cancer Center – James,24.7,0.54,27.4,27.4,27.9,OSU Comprehensive Cancer Center – James
39131,Pike,39,0,0.2,1,"Franklin, Ohio",68.0,1.48,"Franklin, Ohio",68.0,1.48,OSU Comprehensive Cancer Center – James,69.3,1.52,76.1,76.1,76.5,OSU Comprehensive Cancer Center – James
39133,Portage,39,4,0.2,1,"Cuyahoga, Ohio",31.4,0.67,"Cuyahoga, Ohio",31.4,0.67,Case Comprehensive Cancer Center,33.7,0.73,33.4,29.3,33.8,Case Comprehensive Cancer Center
39135,Preble,39,0,0.1,1,"Hamilton, Ohio",47.0,1.03,"Montgomery, Ohio",23.3,0.5,IU Simon Comprehensive Cancer Center,84.7,1.82,47.2,26.7,98.0,IU Simon Comprehensive Cancer Center
39137,Putnam,39,0,0.1,1,"Washtenaw, Michigan",107.0,1.96,"Allen, Indiana",63.1,1.4,University of Michigan Rogel Cancer Center,107.6,1.97,106.3,61.6,107.8,University of Michigan Rogel Cancer Center
39139,Richland,39,22,0.2,1,"Franklin, Ohio",64.2,1.06,"Richland, Ohio",0.0,0.0,OSU Comprehensive Cancer Center – James,66.6,1.2,69.2,0.0,69.6,OSU Comprehensive Cancer Center – James
39141,Ross,39,12,0.4,1,"Franklin, Ohio",51.4,1.14,"Franklin, Ohio",51.4,1.14,OSU Comprehensive Cancer Center – James,51.9,1.11,54.7,54.7,55.1,OSU Comprehensive Cancer Center – James
39143,Sandusky,39,1,0.2,1,"Cuyahoga, Ohio",79.4,1.49,"Lucas, Ohio",38.0,0.82,Case Comprehensive Cancer Center,83.0,1.57,82.4,41.3,83.5,Karmanos Cancer Institute (Wayne State)
39145,Scioto,39,11,0.1,1,"Franklin, Ohio",97.0,2.1,"Kanawha, West Virginia",89.7,1.88,OSU Comprehensive Cancer Center – James,98.3,2.15,101.2,90.3,101.7,OSU Comprehensive Cancer Center – James
39147,Seneca,39,1,1.0,1,"Franklin, Ohio",85.6,1.8,"Marion, Ohio",42.5,0.9,OSU Comprehensive Cancer Center – James,84.7,1.78,94.3,45.5,93.7,OSU Comprehensive Cancer Center – James
39149,Shelby,39,0,0.6,1,"Franklin, Ohio",78.2,1.61,"Miami, Ohio",21.4,0.34,OSU Comprehensive Cancer Center – James,77.8,1.61,80.6,23.3,78.7,OSU Comprehensive Cancer Center – James
39151,Stark,39,88,0.5,1,"Cuyahoga, Ohio",53.0,0.96,"Stark, Ohio",0.0,0.0,Case Comprehensive Cancer Center,56.3,1.08,53.8,0.0,57.0,Case Comprehensive Cancer Center
39153,Summit,39,17,0.8,1,"Cuyahoga, Ohio",32.4,0.63,"Stark, Ohio",23.3,0.42,Case Comprehensive Cancer Center,34.7,0.69,29.4,24.3,32.8,Case Comprehensive Cancer Center
39155,Trumbull,39,8,0.1,1,"Cuyahoga, Ohio",56.5,1.23,"Lake, Ohio",54.2,1.12,Case Comprehensive Cancer Center,56.7,1.11,59.7,50.7,57.0,Case Comprehensive Cancer Center
39157,Tuscarawas,39,0,0.3,1,"Cuyahoga, Ohio",74.0,1.47,"Stark, Ohio",28.8,0.52,Case Comprehensive Cancer Center,78.7,1.62,81.3,29.9,85.3,Case Comprehensive Cancer Center
39159,Union,39,9,0.0,1,"Franklin, Ohio",29.8,0.53,"Delaware, Ohio",23.0,0.51,OSU Comprehensive Cancer Center – James,28.1,0.48,29.5,20.6,27.8,OSU Comprehensive Cancer Center – James
39161,Van Wert,39,0,0.3,1,"Franklin, Ohio",118.1,2.3,"Allen, Indiana",41.4,0.91,OSU Comprehensive Cancer Center – James,116.4,2.25,122.0,40.5,120.2,OSU Comprehensive Cancer Center – James
39163,Vinton,39,0,1.0,1,"Franklin, Ohio",73.4,1.57,"Franklin, Ohio",73.4,1.57,OSU Comprehensive Cancer Center – James,74.7,1.61,70.3,70.3,71.5,OSU Comprehensive Cancer Center – James
39165,Warren,39,41,0.5,1,"Hamilton, Ohio",24.4,0.5,"Warren, Ohio",0.0,0.0,OSU Comprehensive Cancer Center – James,82.6,1.43,26.3,0.0,91.7,OSU Comprehensive Cancer Center – James
39167,Washington,39,12,0.3,1,"Franklin, Ohio",108.1,2.4,"Kanawha, West Virginia",92.1,1.78,OSU Comprehensive Cancer Center – James,109.8,2.4,106.1,87.2,108.0,OSU Comprehensive Cancer Center – James
39169,Wayne,39,9,1.1,1,"Cuyahoga, Ohio",48.9,1.03,"Stark, Ohio",36.0,0.75,Case Comprehensive Cancer Center,55.0,1.18,52.1,29.8,57.8,Case Comprehensive Cancer Center
39171,Williams,39,0,0.8,1,"Washtenaw, Michigan",89.1,1.86,"Allen, Indiana",52.1,1.12,University of Michigan Rogel Cancer Center,89.7,1.86,79.6,49.7,80.6,University of Michigan Rogel Cancer Center
39173,Wood,39,13,0.3,1,"Washtenaw, Michigan",62.8,1.11,"Lucas, Ohio",18.5,0.38,University of Michigan Rogel Cancer Center,63.3,1.12,67.1,16.5,68.7,University of Michigan Rogel Cancer Center
39175,Wyandot,39,0,0.5,1,"Franklin, Ohio",66.4,1.41,"Marion, Ohio",23.3,0.5,OSU Comprehensive Cancer Center – James,65.5,1.39,74.3,25.9,73.4,OSU Comprehensive Cancer Center – James
40001,Adair,40,0,0.3,1,"Oklahoma, Oklahoma",186.1,3.69,"Washington, Arkansas",38.5,0.88,Stephenson Cancer Center (Oklahoma),187.7,3.34,196.0,35.6,196.2,Stephenson Cancer Center (Oklahoma)
40003,Alfalfa,40,0,0.6,1,"Oklahoma, Oklahoma",122.0,2.55,"Sedgwick, Kansas",113.2,2.36,Stephenson Cancer Center (Oklahoma),125.8,2.64,108.3,106.4,112.3,Stephenson Cancer Center (Oklahoma)
40005,Atoka,40,0,1.6,1,"Dallas, Texas",127.3,2.4,"Dallas, Texas",127.3,2.4,Harold C. Simmons Comprehensive Cancer Center (UTSW),132.2,2.76,134.8,134.8,134.8,Stephenson Cancer Center (Oklahoma)
40007,Beaver,40,0,5.4,1,"Oklahoma, Oklahoma",234.1,4.88,"Ellis, Kansas",194.7,4.07,Stephenson Cancer Center (Oklahoma),235.7,4.77,235.5,190.5,238.0,Stephenson Cancer Center (Oklahoma)
40009,Beckham,40,0,0.3,1,"Oklahoma, Oklahoma",118.9,2.06,"Comanche, Oklahoma",106.6,2.29,Stephenson Cancer Center (Oklahoma),120.6,1.95,135.7,95.6,136.0,Stephenson Cancer Center (Oklahoma)
40011,Blaine,40,1,0.5,1,"Oklahoma, Oklahoma",70.8,1.45,"Oklahoma, Oklahoma",70.8,1.45,Stephenson Cancer Center (Oklahoma),72.4,1.35,68.5,68.5,70.9,Stephenson Cancer Center (Oklahoma)
40013,Bryan,40,0,0.2,1,"Dallas, Texas",90.1,1.67,"Dallas, Texas",90.1,1.67,Harold C. Simmons Comprehensive Cancer Center (UTSW),94.9,2.03,101.0,101.0,101.8,Harold C. Simmons Comprehensive Cancer Center (UTSW)
40015,Caddo,40,0,4.5,1,"Oklahoma, Oklahoma",68.1,1.48,"Comanche, Oklahoma",53.7,1.18,Stephenson Cancer Center (Oklahoma),66.0,1.39,63.0,45.3,61.7,Stephenson Cancer Center (Oklahoma)
40017,Canadian,40,0,0.2,1,"Oklahoma, Oklahoma",17.2,0.39,"Oklahoma, Oklahoma",17.2,0.39,Stephenson Cancer Center (Oklahoma),17.2,0.29,17.3,17.3,17.8,Stephenson Cancer Center (Oklahoma)
40019,Carter,40,0,1.2,1,"Oklahoma, Oklahoma",103.4,1.74,"Comanche, Oklahoma",98.7,2.07,Stephenson Cancer Center (Oklahoma),99.7,1.66,112.8,91.3,108.6,Stephenson Cancer Center (Oklahoma)
40021,Cherokee,40,0,0.3,1,"Oklahoma, Oklahoma",160.1,3.1,"Tulsa, Oklahoma",59.0,1.12,Stephenson Cancer Center (Oklahoma),164.0,3.19,172.3,57.5,172.6,Stephenson Cancer Center (Oklahoma)
40023,Choctaw,40,0,0.2,1,"Dallas, Texas",131.6,2.58,"Smith, Texas",129.0,2.77,Harold C. Simmons Comprehensive Cancer Center (UTSW),134.7,2.66,132.8,132.8,135.1,Harold C. Simmons Comprehensive Cancer Center (UTSW)
40025,Cimarron,40,0,0.2,1,"Denver, Colorado",299.5,5.86,"Lubbock, Texas",244.8,4.77,University of Colorado Cancer Center,293.1,5.73,295.0,231.1,292.6,University of Colorado Cancer Center
40027,Cleveland,40,0,0.5,1,"Oklahoma, Oklahoma",21.1,0.42,"Oklahoma, Oklahoma",21.1,0.42,Stephenson Cancer Center (Oklahoma),17.5,0.34,21.7,21.7,17.4,Stephenson Cancer Center (Oklahoma)
40029,Coal,40,0,1.5,1,"Oklahoma, Oklahoma",122.3,2.5,"Oklahoma, Oklahoma",122.3,2.5,Stephenson Cancer Center (Oklahoma),118.6,2.42,116.6,116.6,113.3,Stephenson Cancer Center (Oklahoma)
40031,Comanche,40,23,0.7,1,"Oklahoma, Oklahoma",90.6,1.64,"Comanche, Oklahoma",0.0,0.0,Stephenson Cancer Center (Oklahoma),88.5,1.55,96.2,0.0,93.5,Stephenson Cancer Center (Oklahoma)
40033,Cotton,40,0,1.0,1,"Oklahoma, Oklahoma",116.9,2.16,"Comanche, Oklahoma",30.8,0.63,Stephenson Cancer Center (Oklahoma),114.8,2.08,115.0,27.2,111.6,Stephenson Cancer Center (Oklahoma)
40035,Craig,40,0,0.6,1,"Oklahoma, Oklahoma",165.1,2.76,"Newton, Missouri",56.1,1.12,Stephenson Cancer Center (Oklahoma),168.9,2.85,184.6,53.1,186.4,Stephenson Cancer Center (Oklahoma)
40037,Creek,40,0,0.6,1,"Oklahoma, Oklahoma",81.9,1.34,"Tulsa, Oklahoma",21.7,0.4,Stephenson Cancer Center (Oklahoma),85.7,1.43,94.3,23.6,95.5,Stephenson Cancer Center (Oklahoma)
40039,Custer,40,0,1.8,1,"Oklahoma, Oklahoma",77.5,1.42,"Oklahoma, Oklahoma",77.5,1.42,Stephenson Cancer Center (Oklahoma),79.1,1.31,88.8,80.8,89.6,Stephenson Cancer Center (Oklahoma)
40041,Delaware,40,0,0.6,1,"Johnson, Kansas",183.3,3.51,"Benton, Arkansas",45.7,1.01,Stephenson Cancer Center (Oklahoma),187.9,3.49,198.4,39.2,199.7,Stephenson Cancer Center (Oklahoma)
40043,Dewey,40,0,5.6,1,"Oklahoma, Oklahoma",118.6,2.46,"Oklahoma, Oklahoma",118.6,2.46,Stephenson Cancer Center (Oklahoma),120.3,2.36,113.9,113.9,116.1,Stephenson Cancer Center (Oklahoma)
40045,Ellis,40,0,0.6,1,"Oklahoma, Oklahoma",161.9,3.31,"Oklahoma, Oklahoma",161.9,3.31,Stephenson Cancer Center (Oklahoma),163.5,3.2,164.5,163.7,166.7,Stephenson Cancer Center (Oklahoma)
40047,Garfield,40,0,0.3,1,"Oklahoma, Oklahoma",79.1,1.69,"Oklahoma, Oklahoma",79.1,1.69,Stephenson Cancer Center (Oklahoma),82.9,1.79,76.6,76.6,80.7,Stephenson Cancer Center (Oklahoma)
40049,Garvin,40,0,0.7,1,"Oklahoma, Oklahoma",60.3,1.09,"Oklahoma, Oklahoma",60.3,1.09,Stephenson Cancer Center (Oklahoma),56.6,1.01,67.1,67.1,62.9,Stephenson Cancer Center (Oklahoma)
40051,Grady,40,0,0.2,1,"Oklahoma, Oklahoma",39.2,0.77,"Oklahoma, Oklahoma",39.2,0.77,Stephenson Cancer Center (Oklahoma),37.1,0.68,41.2,41.2,38.1,Stephenson Cancer Center (Oklahoma)
40053,Grant,40,0,0.8,1,"Oklahoma, Oklahoma",105.1,2.16,"Sedgwick, Kansas",79.4,1.67,Stephenson Cancer Center (Oklahoma),108.9,2.26,104.0,81.5,108.2,Stephenson Cancer Center (Oklahoma)
40055,Greer,40,0,2.1,1,"Oklahoma, Oklahoma",148.0,3.13,"Comanche, Oklahoma",83.3,1.81,Stephenson Cancer Center (Oklahoma),145.9,3.05,141.7,74.8,140.8,Stephenson Cancer Center (Oklahoma)
40057,Harmon,40,0,0.8,1,"Oklahoma, Oklahoma",176.1,3.44,"Comanche, Oklahoma",88.0,1.86,Stephenson Cancer Center (Oklahoma),174.0,3.36,175.8,100.9,174.8,Stephenson Cancer Center (Oklahoma)
40059,Harper,40,0,0.9,1,"Oklahoma, Oklahoma",175.9,3.6,"Ellis, Kansas",175.3,3.56,Stephenson Cancer Center (Oklahoma),177.5,3.5,182.5,176.6,185.4,Stephenson Cancer Center (Oklahoma)
40061,Haskell,40,0,0.1,1,"Oklahoma, Oklahoma",154.1,2.7,"Sebastian, Arkansas",48.4,1.08,Stephenson Cancer Center (Oklahoma),150.4,2.61,163.1,52.5,162.1,Stephenson Cancer Center (Oklahoma)
40063,Hughes,40,0,0.5,1,"Oklahoma, Oklahoma",82.5,1.68,"Oklahoma, Oklahoma",82.5,1.68,Stephenson Cancer Center (Oklahoma),78.8,1.6,88.4,88.4,86.2,Stephenson Cancer Center (Oklahoma)
40065,Jackson,40,0,0.2,1,"Oklahoma, Oklahoma",142.2,2.72,"Comanche, Oklahoma",54.1,1.14,Stephenson Cancer Center (Oklahoma),140.1,2.63,142.9,62.2,141.4,Stephenson Cancer Center (Oklahoma)
40067,Jefferson,40,0,1.8,1,"Oklahoma, Oklahoma",117.1,2.39,"Comanche, Oklahoma",65.5,1.37,Stephenson Cancer Center (Oklahoma),115.0,2.3,118.1,55.9,114.1,Stephenson Cancer Center (Oklahoma)
40069,Johnston,40,0,1.2,1,"Dallas, Texas",121.6,2.66,"Dallas, Texas",121.6,2.66,Stephenson Cancer Center (Oklahoma),118.2,2.28,120.0,120.0,116.1,Stephenson Cancer Center (Oklahoma)
40071,Kay,40,0,3.2,1,"Oklahoma, Oklahoma",104.8,2.03,"Sedgwick, Kansas",82.6,1.83,Stephenson Cancer Center (Oklahoma),108.7,2.13,104.3,78.9,108.2,Stephenson Cancer Center (Oklahoma)
40073,Kingfisher,40,0,1.2,1,"Oklahoma, Oklahoma",46.9,1.01,"Oklahoma, Oklahoma",46.9,1.01,Stephenson Cancer Center (Oklahoma),50.7,1.11,41.9,41.9,45.6,Stephenson Cancer Center (Oklahoma)
40075,Kiowa,40,0,2.0,1,"Oklahoma, Oklahoma",124.9,2.49,"Comanche, Oklahoma",54.7,1.18,Stephenson Cancer Center (Oklahoma),122.8,2.4,113.0,47.9,111.9,Stephenson Cancer Center (Oklahoma)
40077,Latimer,40,0,2.3,1,"Oklahoma, Oklahoma",160.9,3.37,"Sebastian, Arkansas",77.1,1.62,Stephenson Cancer Center (Oklahoma),157.2,3.29,162.0,71.0,160.1,Stephenson Cancer Center (Oklahoma)
40079,Le Flore,40,0,0.1,1,"Oklahoma, Oklahoma",192.6,3.37,"Sebastian, Arkansas",28.3,0.6,Stephenson Cancer Center (Oklahoma),188.9,3.29,198.1,28.5,196.9,Stephenson Cancer Center (Oklahoma)
40081,Lincoln,40,0,0.4,1,"Oklahoma, Oklahoma",42.8,0.81,"Oklahoma, Oklahoma",42.8,0.81,Stephenson Cancer Center (Oklahoma),46.6,0.9,43.8,43.8,44.5,Stephenson Cancer Center (Oklahoma)
40083,Logan,40,0,1.1,1,"Oklahoma, Oklahoma",25.3,0.49,"Oklahoma, Oklahoma",25.3,0.49,Stephenson Cancer Center (Oklahoma),29.1,0.58,25.0,25.0,29.1,Stephenson Cancer Center (Oklahoma)
40085,Love,40,0,1.2,1,"Tarrant, Texas",93.9,1.61,"Tarrant, Texas",93.9,1.61,Harold C. Simmons Comprehensive Cancer Center (UTSW),91.1,1.66,96.0,96.0,94.7,Harold C. Simmons Comprehensive Cancer Center (UTSW)
40087,McClain,40,0,0.3,1,"Oklahoma, Oklahoma",38.0,0.81,"Oklahoma, Oklahoma",38.0,0.81,Stephenson Cancer Center (Oklahoma),34.3,0.73,34.8,34.8,30.6,Stephenson Cancer Center (Oklahoma)
40089,McCurtain,40,0,3.6,1,"Dallas, Texas",180.0,3.67,"Sebastian, Arkansas",128.7,2.79,Harold C. Simmons Comprehensive Cancer Center (UTSW),183.1,3.75,168.5,113.8,171.4,Harold C. Simmons Comprehensive Cancer Center (UTSW)
40091,McIntosh,40,0,0.8,1,"Oklahoma, Oklahoma",122.3,2.09,"Tulsa, Oklahoma",67.8,1.46,Stephenson Cancer Center (Oklahoma),118.7,2.01,130.9,63.4,130.1,Stephenson Cancer Center (Oklahoma)
40093,Major,40,0,1.7,1,"Oklahoma, Oklahoma",101.5,2.15,"Oklahoma, Oklahoma",101.5,2.15,Stephenson Cancer Center (Oklahoma),105.3,2.25,89.0,89.0,92.5,Stephenson Cancer Center (Oklahoma)
40095,Marshall,40,0,0.7,1,"Dallas, Texas",101.5,2.2,"Dallas, Texas",101.5,2.2,Harold C. Simmons Comprehensive Cancer Center (UTSW),101.2,2.15,100.2,100.2,100.0,Harold C. Simmons Comprehensive Cancer Center (UTSW)
40097,Mayes,40,0,0.5,1,"Oklahoma, Oklahoma",146.7,2.57,"Tulsa, Oklahoma",44.4,0.87,Stephenson Cancer Center (Oklahoma),150.5,2.67,165.1,47.4,166.3,Stephenson Cancer Center (Oklahoma)
40099,Murray,40,0,0.1,1,"Oklahoma, Oklahoma",84.5,1.52,"Oklahoma, Oklahoma",84.5,1.52,Stephenson Cancer Center (Oklahoma),80.9,1.44,90.6,90.6,86.5,Stephenson Cancer Center (Oklahoma)
40101,Muskogee,40,0,0.0,1,"Oklahoma, Oklahoma",134.1,2.55,"Tulsa, Oklahoma",46.5,0.79,Stephenson Cancer Center (Oklahoma),135.2,2.28,145.4,48.9,145.4,Stephenson Cancer Center (Oklahoma)
40103,Noble,40,0,2.4,1,"Oklahoma, Oklahoma",64.4,1.18,"Oklahoma, Oklahoma",64.4,1.18,Stephenson Cancer Center (Oklahoma),68.2,1.27,68.8,68.8,72.7,Stephenson Cancer Center (Oklahoma)
40105,Nowata,40,0,0.3,1,"Oklahoma, Oklahoma",155.9,2.78,"Tulsa, Oklahoma",53.6,1.09,Stephenson Cancer Center (Oklahoma),159.7,2.88,162.9,58.7,165.1,Stephenson Cancer Center (Oklahoma)
40107,Okfuskee,40,0,0.4,1,"Oklahoma, Oklahoma",72.9,1.55,"Tulsa, Oklahoma",63.6,1.2,Stephenson Cancer Center (Oklahoma),70.8,1.5,79.5,61.2,78.8,Stephenson Cancer Center (Oklahoma)
40109,Oklahoma,40,188,0.1,1,"Oklahoma, Oklahoma",0.0,0.0,"Oklahoma, Oklahoma",0.0,0.0,Stephenson Cancer Center (Oklahoma),4.1,0.09,0.0,0.0,4.2,Stephenson Cancer Center (Oklahoma)
40111,Okmulgee,40,0,0.4,1,"Oklahoma, Oklahoma",104.9,1.98,"Tulsa, Oklahoma",39.6,0.8,Stephenson Cancer Center (Oklahoma),103.0,1.83,104.4,40.4,104.2,Stephenson Cancer Center (Oklahoma)
40113,Osage,40,0,2.9,1,"Oklahoma, Oklahoma",121.4,2.37,"Tulsa, Oklahoma",42.5,0.94,Stephenson Cancer Center (Oklahoma),125.2,2.47,113.4,33.5,115.8,Stephenson Cancer Center (Oklahoma)
40115,Ottawa,40,0,1.0,1,"Johnson, Kansas",153.6,2.87,"Newton, Missouri",34.8,0.75,University of Kansas Cancer Center,163.5,3.1,171.5,28.4,182.9,University of Kansas Cancer Center
40117,Pawnee,40,0,1.1,1,"Oklahoma, Oklahoma",95.8,1.82,"Tulsa, Oklahoma",46.2,0.96,Stephenson Cancer Center (Oklahoma),99.6,1.91,89.9,44.2,92.5,Stephenson Cancer Center (Oklahoma)
40119,Payne,40,0,1.7,1,"Oklahoma, Oklahoma",63.2,1.26,"Oklahoma, Oklahoma",63.2,1.26,Stephenson Cancer Center (Oklahoma),67.1,1.35,57.9,57.9,61.0,Stephenson Cancer Center (Oklahoma)
40121,Pittsburg,40,0,0.2,1,"Oklahoma, Oklahoma",128.4,2.67,"Sebastian, Arkansas",95.4,2.05,Stephenson Cancer Center (Oklahoma),124.7,2.59,130.1,95.9,128.2,Stephenson Cancer Center (Oklahoma)
40123,Pontotoc,40,0,0.0,1,"Oklahoma, Oklahoma",86.5,1.75,"Oklahoma, Oklahoma",86.5,1.75,Stephenson Cancer Center (Oklahoma),82.8,1.67,84.4,84.4,80.9,Stephenson Cancer Center (Oklahoma)
40125,Pottawatomie,40,0,0.3,1,"Oklahoma, Oklahoma",40.5,0.8,"Oklahoma, Oklahoma",40.5,0.8,Stephenson Cancer Center (Oklahoma),36.8,0.71,41.4,41.4,39.4,Stephenson Cancer Center (Oklahoma)
40127,Pushmataha,40,0,0.1,1,"Dallas, Texas",158.4,3.07,"Sebastian, Arkansas",116.6,2.42,Harold C. Simmons Comprehensive Cancer Center (UTSW),161.5,3.15,154.8,112.4,156.8,Harold C. Simmons Comprehensive Cancer Center (UTSW)
40129,Roger Mills,40,0,0.5,1,"Oklahoma, Oklahoma",137.0,2.65,"Comanche, Oklahoma",133.5,2.88,Stephenson Cancer Center (Oklahoma),138.7,2.55,145.0,117.8,146.0,Stephenson Cancer Center (Oklahoma)
40131,Rogers,40,0,0.5,1,"Oklahoma, Oklahoma",128.8,2.26,"Tulsa, Oklahoma",26.6,0.56,Stephenson Cancer Center (Oklahoma),132.7,2.35,141.1,24.8,142.6,Stephenson Cancer Center (Oklahoma)
40133,Seminole,40,0,1.3,1,"Oklahoma, Oklahoma",64.3,1.3,"Oklahoma, Oklahoma",64.3,1.3,Stephenson Cancer Center (Oklahoma),60.6,1.22,65.9,65.9,63.7,Stephenson Cancer Center (Oklahoma)
40135,Sequoyah,40,0,1.5,1,"Oklahoma, Oklahoma",164.6,2.72,"Sebastian, Arkansas",29.5,0.65,Stephenson Cancer Center (Oklahoma),160.9,2.63,187.9,28.1,187.3,Stephenson Cancer Center (Oklahoma)
40137,Stephens,40,0,1.1,1,"Oklahoma, Oklahoma",84.2,1.7,"Comanche, Oklahoma",34.1,0.74,Stephenson Cancer Center (Oklahoma),82.1,1.61,88.5,33.6,84.8,Stephenson Cancer Center (Oklahoma)
40139,Texas,40,0,0.5,1,"Oklahoma, Oklahoma",264.4,5.4,"Ellis, Kansas",224.6,4.65,Stephenson Cancer Center (Oklahoma),266.0,5.3,281.4,227.2,283.5,Stephenson Cancer Center (Oklahoma)
40141,Tillman,40,0,0.7,1,"Oklahoma, Oklahoma",132.9,2.53,"Comanche, Oklahoma",46.8,1.0,Stephenson Cancer Center (Oklahoma),130.8,2.44,137.1,43.0,134.7,Stephenson Cancer Center (Oklahoma)
40143,Tulsa,40,26,0.1,1,"Oklahoma, Oklahoma",102.4,1.7,"Tulsa, Oklahoma",0.0,0.0,Stephenson Cancer Center (Oklahoma),106.3,1.8,117.8,0.0,119.1,Stephenson Cancer Center (Oklahoma)
40145,Wagoner,40,0,1.3,1,"Oklahoma, Oklahoma",121.1,2.01,"Tulsa, Oklahoma",18.8,0.32,Stephenson Cancer Center (Oklahoma),124.9,2.11,133.2,20.3,134.0,Stephenson Cancer Center (Oklahoma)
40147,Washington,40,0,0.1,1,"Oklahoma, Oklahoma",142.7,2.58,"Tulsa, Oklahoma",48.6,1.0,Stephenson Cancer Center (Oklahoma),146.5,2.67,145.2,51.9,147.7,Stephenson Cancer Center (Oklahoma)
40149,Washita,40,0,1.6,1,"Oklahoma, Oklahoma",102.4,2.14,"Comanche, Oklahoma",84.5,1.82,Stephenson Cancer Center (Oklahoma),100.3,2.05,105.6,71.0,105.6,Stephenson Cancer Center (Oklahoma)
40151,Woods,40,0,2.1,1,"Oklahoma, Oklahoma",152.9,3.17,"Sedgwick, Kansas",116.4,2.45,Stephenson Cancer Center (Oklahoma),156.7,3.27,130.4,117.6,134.1,Stephenson Cancer Center (Oklahoma)
40153,Woodward,40,0,0.3,1,"Oklahoma, Oklahoma",138.4,2.83,"Oklahoma, Oklahoma",138.4,2.83,Stephenson Cancer Center (Oklahoma),140.1,2.72,146.0,146.0,148.7,Stephenson Cancer Center (Oklahoma)
41001,Baker,41,17,1.7,1,"Multnomah, Oregon",299.0,5.28,"Payette, Idaho",81.6,1.51,Knight Cancer Institute (OHSU),304.6,5.44,288.9,78.6,294.2,Knight Cancer Institute (OHSU)
41003,Benton,41,9,0.8,1,"Washington, Oregon",79.4,1.81,"Lane, Oregon",40.6,0.86,Knight Cancer Institute (OHSU),78.3,1.59,79.3,45.2,83.4,Knight Cancer Institute (OHSU)
41005,Clackamas,41,43,0.4,1,"Multnomah, Oregon",12.0,0.25,"Clackamas, Oregon",0.0,0.0,Knight Cancer Institute (OHSU),13.1,0.3,12.8,0.0,12.5,Knight Cancer Institute (OHSU)
41007,Clatsop,41,0,2.6,1,"Washington, Oregon",96.8,2.22,"Washington, Oregon",96.8,2.22,Knight Cancer Institute (OHSU),102.6,2.36,75.7,75.7,83.5,Knight Cancer Institute (OHSU)
41009,Columbia,41,0,5.0,1,"Multnomah, Oregon",45.6,1.0,"Multnomah, Oregon",45.6,1.0,Knight Cancer Institute (OHSU),41.8,0.92,33.7,27.4,35.9,Knight Cancer Institute (OHSU)
41011,Coos,41,17,1.0,1,"Washington, Oregon",214.2,4.9,"Lane, Oregon",114.0,2.51,Knight Cancer Institute (OHSU),213.6,4.8,198.0,90.3,202.8,Knight Cancer Institute (OHSU)
41013,Crook,41,0,0.1,1,"Multnomah, Oregon",141.8,3.08,"Deschutes, Oregon",33.7,0.74,Knight Cancer Institute (OHSU),145.7,3.19,144.9,31.8,147.6,Knight Cancer Institute (OHSU)
41015,Curry,41,0,3.2,1,"Washington, Oregon",302.5,6.83,"Lane, Oregon",202.2,4.44,Knight Cancer Institute (OHSU),301.8,6.73,281.9,165.3,285.7,Knight Cancer Institute (OHSU)
41017,Deschutes,41,31,0.1,1,"Multnomah, Oregon",152.1,3.3,"Deschutes, Oregon",0.0,0.0,Knight Cancer Institute (OHSU),156.0,3.4,140.4,0.0,141.7,Knight Cancer Institute (OHSU)
41019,Douglas,41,0,1.4,1,"Washington, Oregon",176.8,3.33,"Lane, Oregon",71.9,1.55,Knight Cancer Institute (OHSU),173.7,3.25,188.7,68.2,191.1,Knight Cancer Institute (OHSU)
41021,Gilliam,41,0,0.0,1,"Multnomah, Oregon",152.1,2.79,"Benton, Washington",99.8,1.91,Knight Cancer Institute (OHSU),157.7,2.95,139.3,83.7,145.0,Knight Cancer Institute (OHSU)
41023,Grant,41,0,1.7,1,"Multnomah, Oregon",254.1,5.64,"Malheur, Oregon",138.7,3.0,Knight Cancer Institute (OHSU),258.0,5.75,228.2,122.0,232.7,Knight Cancer Institute (OHSU)
41025,Harney,41,0,1.7,1,"Multnomah, Oregon",287.0,6.23,"Malheur, Oregon",127.5,2.82,Knight Cancer Institute (OHSU),290.9,6.34,269.8,121.3,273.1,Knight Cancer Institute (OHSU)
41027,Hood River,41,12,0.6,1,"Multnomah, Oregon",63.6,1.18,"Multnomah, Oregon",63.6,1.18,Knight Cancer Institute (OHSU),69.2,1.33,60.6,57.8,66.8,Knight Cancer Institute (OHSU)
41029,Jackson,41,9,0.7,1,"Washington, Oregon",271.6,5.19,"Lane, Oregon",166.7,3.41,Knight Cancer Institute (OHSU),268.5,5.11,260.2,141.2,260.7,Knight Cancer Institute (OHSU)
41031,Jefferson,41,0,0.7,1,"Multnomah, Oregon",116.7,2.55,"Deschutes, Oregon",37.9,0.83,Knight Cancer Institute (OHSU),120.6,2.66,112.4,42.1,115.2,Knight Cancer Institute (OHSU)
41033,Josephine,41,3,0.8,1,"Washington, Oregon",249.0,4.8,"Lane, Oregon",144.1,3.02,Knight Cancer Institute (OHSU),246.0,4.72,257.3,136.5,259.2,Knight Cancer Institute (OHSU)
41035,Klamath,41,0,4.1,1,"Washington, Oregon",282.4,5.5,"Deschutes, Oregon",142.0,3.02,Knight Cancer Institute (OHSU),279.3,5.43,272.9,151.8,271.8,Knight Cancer Institute (OHSU)
41037,Lake,41,0,9.1,1,"Multnomah, Oregon",305.0,6.56,"Deschutes, Oregon",153.1,3.27,Knight Cancer Institute (OHSU),308.9,6.66,281.8,142.8,282.4,Knight Cancer Institute (OHSU)
41039,Lane,41,74,0.6,1,"Washington, Oregon",113.3,1.97,"Lane, Oregon",0.0,0.0,Knight Cancer Institute (OHSU),110.3,1.9,120.8,0.0,122.9,Knight Cancer Institute (OHSU)
41041,Lincoln,41,0,2.8,1,"Washington, Oregon",114.2,2.76,"Yamhill, Oregon",83.4,2.0,Knight Cancer Institute (OHSU),113.5,2.66,92.1,66.9,100.2,Knight Cancer Institute (OHSU)
41043,Linn,41,2,0.8,1,"Washington, Oregon",79.9,1.47,"Lane, Oregon",45.5,0.77,Knight Cancer Institute (OHSU),76.9,1.4,77.3,43.9,79.0,Knight Cancer Institute (OHSU)
41045,Malheur,41,39,0.9,1,"Multnomah, Oregon",374.8,6.68,"Malheur, Oregon",0.0,0.0,Knight Cancer Institute (OHSU),380.5,6.83,349.8,0.0,354.5,Knight Cancer Institute (OHSU)
41047,Marion,41,12,0.7,1,"Washington, Oregon",49.1,0.91,"Yamhill, Oregon",34.9,0.78,Knight Cancer Institute (OHSU),46.1,0.83,43.9,25.5,46.6,Knight Cancer Institute (OHSU)
41049,Morrow,41,0,6.3,1,"Multnomah, Oregon",169.8,3.01,"Benton, Washington",57.2,1.19,Knight Cancer Institute (OHSU),175.4,3.16,173.4,45.2,179.4,Knight Cancer Institute (OHSU)
41051,Multnomah,41,282,0.6,1,"Multnomah, Oregon",0.0,0.0,"Multnomah, Oregon",0.0,0.0,Knight Cancer Institute (OHSU),8.1,0.2,0.0,0.0,6.2,Knight Cancer Institute (OHSU)
41053,Polk,41,0,0.9,1,"Washington, Oregon",54.6,1.28,"Yamhill, Oregon",25.7,0.57,Knight Cancer Institute (OHSU),53.2,1.04,50.8,26.7,56.0,Knight Cancer Institute (OHSU)
41055,Sherman,41,0,1.4,1,"Multnomah, Oregon",114.0,2.2,"Multnomah, Oregon",114.0,2.2,Knight Cancer Institute (OHSU),119.6,2.36,108.6,102.2,114.4,Knight Cancer Institute (OHSU)
41057,Tillamook,41,0,0.7,1,"Washington, Oregon",65.7,1.46,"Washington, Oregon",65.7,1.46,Knight Cancer Institute (OHSU),75.1,1.69,57.4,46.2,67.9,Knight Cancer Institute (OHSU)
41059,Umatilla,41,0,4.7,1,"Multnomah, Oregon",207.1,3.85,"Benton, Washington",62.4,1.31,Knight Cancer Institute (OHSU),212.7,4.0,211.3,39.7,217.3,Knight Cancer Institute (OHSU)
41061,Union,41,0,0.6,1,"Multnomah, Oregon",258.1,4.57,"Benton, Washington",121.9,2.39,Knight Cancer Institute (OHSU),263.7,4.73,266.5,103.5,272.2,Knight Cancer Institute (OHSU)
41063,Wallowa,41,0,1.0,1,"Multnomah, Oregon",308.8,5.9,"Benton, Washington",157.3,3.36,Knight Cancer Institute (OHSU),314.5,6.06,307.3,120.5,313.1,Knight Cancer Institute (OHSU)
41065,Wasco,41,0,4.1,1,"Multnomah, Oregon",83.6,1.59,"Multnomah, Oregon",83.6,1.59,Knight Cancer Institute (OHSU),89.2,1.75,80.6,79.6,86.5,Knight Cancer Institute (OHSU)
41067,Washington,41,107,0.6,1,"Washington, Oregon",0.0,0.0,"Washington, Oregon",0.0,0.0,Knight Cancer Institute (OHSU),10.9,0.26,0.0,0.0,10.5,Knight Cancer Institute (OHSU)
41069,Wheeler,41,0,2.3,1,"Multnomah, Oregon",182.9,4.01,"Deschutes, Oregon",107.2,2.4,Knight Cancer Institute (OHSU),186.8,4.12,156.8,95.0,161.4,Knight Cancer Institute (OHSU)
41071,Yamhill,41,35,0.1,1,"Washington, Oregon",32.0,0.81,"Yamhill, Oregon",0.0,0.0,Knight Cancer Institute (OHSU),31.3,0.72,25.7,0.0,33.3,Knight Cancer Institute (OHSU)
42001,Adams,42,17,0.2,1,"Baltimore, Maryland",54.9,1.18,"York, Pennsylvania",23.8,0.54,UM Greenebaum Comprehensive Cancer Center,54.8,1.17,56.3,26.7,57.4,UM Greenebaum Comprehensive Cancer Center
42003,Allegheny,42,328,0.3,1,"Allegheny, Pennsylvania",0.0,0.0,"Allegheny, Pennsylvania",0.0,0.0,UPMC Hillman Cancer Center,3.2,0.09,0.0,0.0,2.5,UPMC Hillman Cancer Center
42005,Armstrong,42,0,0.7,1,"Allegheny, Pennsylvania",41.5,0.81,"Westmoreland, Pennsylvania",34.9,0.82,UPMC Hillman Cancer Center,41.5,0.79,39.4,36.0,37.3,UPMC Hillman Cancer Center
42007,Beaver,42,18,0.2,1,"Allegheny, Pennsylvania",29.2,0.69,"Allegheny, Pennsylvania",29.2,0.69,UPMC Hillman Cancer Center,31.7,0.77,28.6,28.6,30.2,UPMC Hillman Cancer Center
42009,Bedford,42,0,1.7,1,"Allegheny, Pennsylvania",93.2,2.11,"Westmoreland, Pennsylvania",68.4,1.56,UPMC Hillman Cancer Center,90.9,2.05,100.1,74.6,97.8,UPMC Hillman Cancer Center
42011,Berks,42,26,0.5,1,"Philadelphia, Pennsylvania",56.2,1.22,"Berks, Pennsylvania",0.0,0.0,Abramson Cancer Center (Penn),54.9,1.25,57.2,0.0,56.1,Abramson Cancer Center (Penn)
42013,Blair,42,10,0.5,1,"Allegheny, Pennsylvania",93.4,2.1,"Westmoreland, Pennsylvania",75.1,1.69,UPMC Hillman Cancer Center,91.0,2.04,100.7,77.9,98.1,UPMC Hillman Cancer Center
42015,Bradford,42,17,0.9,1,"Monroe, New York",126.4,2.73,"Lackawanna, Pennsylvania",69.0,1.68,Wilmot Cancer Institute (Rochester),125.9,2.71,128.6,64.1,126.2,Wilmot Cancer Institute (Rochester)
42017,Bucks,42,18,0.9,1,"Philadelphia, Pennsylvania",21.2,0.48,"Philadelphia, Pennsylvania",21.2,0.48,Fox Chase Cancer Center,15.1,0.34,20.8,19.1,15.2,Fox Chase Cancer Center
42019,Butler,42,12,2.0,1,"Allegheny, Pennsylvania",31.7,0.76,"Allegheny, Pennsylvania",31.7,0.76,UPMC Hillman Cancer Center,31.8,0.73,31.0,31.0,30.7,UPMC Hillman Cancer Center
42021,Cambria,42,17,1.9,1,"Allegheny, Pennsylvania",74.1,1.7,"Westmoreland, Pennsylvania",55.8,1.29,UPMC Hillman Cancer Center,71.7,1.64,74.0,50.5,71.5,UPMC Hillman Cancer Center
42023,Cameron,42,0,0.6,1,"Erie, New York",118.4,2.6,"Union, Pennsylvania",111.0,2.73,Roswell Park Comprehensive Cancer Center,122.0,2.7,120.1,91.2,121.4,Roswell Park Comprehensive Cancer Center
42025,Carbon,42,0,0.9,1,"Somerset, New Jersey",71.3,1.61,"Lehigh, Pennsylvania",27.3,0.55,Fox Chase Cancer Center,70.1,1.28,75.6,26.0,78.1,Fox Chase Cancer Center
42027,Centre,42,0,0.2,1,"Allegheny, Pennsylvania",134.7,2.91,"Union, Pennsylvania",52.4,1.16,UPMC Hillman Cancer Center,132.4,2.85,138.2,56.0,135.7,UPMC Hillman Cancer Center
42029,Chester,42,33,0.8,1,"Philadelphia, Pennsylvania",32.6,0.69,"Chester, Pennsylvania",0.0,0.0,Abramson Cancer Center (Penn),29.0,0.6,34.2,0.0,30.6,Abramson Cancer Center (Penn)
42031,Clarion,42,0,0.7,1,"Allegheny, Pennsylvania",78.4,1.62,"Westmoreland, Pennsylvania",73.5,1.71,UPMC Hillman Cancer Center,78.5,1.61,69.8,69.8,68.2,UPMC Hillman Cancer Center
42033,Clearfield,42,0,0.0,1,"Allegheny, Pennsylvania",107.9,2.6,"Westmoreland, Pennsylvania",93.2,2.27,UPMC Hillman Cancer Center,105.5,2.54,102.9,87.5,100.5,UPMC Hillman Cancer Center
42035,Clinton,42,0,0.1,1,"Allegheny, Pennsylvania",161.9,3.49,"Union, Pennsylvania",40.8,0.96,UPMC Hillman Cancer Center,159.5,3.42,160.2,33.7,161.7,UM Greenebaum Comprehensive Cancer Center
42037,Columbia,42,0,0.5,1,"Somerset, New Jersey",113.6,2.6,"Montour, Pennsylvania",13.9,0.22,Fox Chase Cancer Center,112.4,2.26,116.5,15.5,115.7,Fox Chase Cancer Center
42039,Crawford,42,5,0.5,1,"Cuyahoga, Ohio",91.7,2.0,"Erie, Pennsylvania",37.4,0.87,Case Comprehensive Cancer Center,83.7,1.81,99.6,33.4,94.4,Case Comprehensive Cancer Center
42041,Cumberland,42,27,0.7,1,"Baltimore, Maryland",77.6,1.74,"Cumberland, Pennsylvania",0.0,0.0,UM Greenebaum Comprehensive Cancer Center,77.5,1.74,79.9,0.0,81.3,UM Greenebaum Comprehensive Cancer Center
42043,Dauphin,42,86,0.5,1,"Baltimore, Maryland",78.9,1.59,"Dauphin, Pennsylvania",0.0,0.0,UM Greenebaum Comprehensive Cancer Center,80.0,1.61,82.9,0.0,84.4,Sidney Kimmel Comprehensive Cancer Center (Johns Hopkins)
42045,Delaware,42,19,0.0,1,"Philadelphia, Pennsylvania",14.3,0.33,"Philadelphia, Pennsylvania",14.3,0.33,Abramson Cancer Center (Penn),10.7,0.25,14.9,14.9,10.0,Abramson Cancer Center (Penn)
42047,Elk,42,0,0.2,1,"Allegheny, Pennsylvania",121.8,2.6,"Erie, Pennsylvania",109.1,2.43,UPMC Hillman Cancer Center,121.9,2.58,116.9,104.8,114.8,UPMC Hillman Cancer Center
42049,Erie,42,41,0.9,1,"Erie, New York",92.1,1.82,"Erie, Pennsylvania",0.0,0.0,Roswell Park Comprehensive Cancer Center,91.5,1.89,103.8,0.0,100.8,Roswell Park Comprehensive Cancer Center
42051,Fayette,42,13,0.9,1,"Allegheny, Pennsylvania",45.2,1.14,"Monongalia, West Virginia",29.9,0.74,UPMC Hillman Cancer Center,47.6,1.15,44.4,30.1,43.9,UPMC Hillman Cancer Center
42053,Forest,42,0,3.8,1,"Allegheny, Pennsylvania",104.0,2.4,"Erie, Pennsylvania",83.4,1.86,UPMC Hillman Cancer Center,104.1,2.38,98.1,71.3,96.6,UPMC Hillman Cancer Center
42055,Franklin,42,17,0.9,1,"Montgomery, Maryland",72.0,1.47,"Cumberland, Pennsylvania",41.5,0.69,UM Greenebaum Comprehensive Cancer Center,79.6,1.7,74.3,44.6,82.1,UM Greenebaum Comprehensive Cancer Center
42057,Fulton,42,0,0.7,1,"Montgomery, Maryland",93.5,2.1,"Cumberland, Pennsylvania",64.9,1.3,UM Greenebaum Comprehensive Cancer Center,104.9,2.39,92.4,67.4,104.6,Georgetown Lombardi Comprehensive Cancer Center
42059,Greene,42,0,1.0,1,"Allegheny, Pennsylvania",51.0,1.05,"Monongalia, West Virginia",21.8,0.42,UPMC Hillman Cancer Center,53.5,1.13,48.2,22.3,49.1,UPMC Hillman Cancer Center
42061,Huntingdon,42,0,2.1,1,"Montgomery, Maryland",125.7,2.91,"Cumberland, Pennsylvania",74.1,1.66,UPMC Hillman Cancer Center,125.8,2.83,124.2,60.4,121.7,UPMC Hillman Cancer Center
42063,Indiana,42,17,0.5,1,"Allegheny, Pennsylvania",54.1,1.28,"Westmoreland, Pennsylvania",40.3,0.98,UPMC Hillman Cancer Center,51.7,1.22,54.8,37.2,52.3,UPMC Hillman Cancer Center
42065,Jefferson,42,0,2.5,1,"Allegheny, Pennsylvania",90.1,1.94,"Westmoreland, Pennsylvania",85.2,2.02,UPMC Hillman Cancer Center,90.2,1.92,82.5,73.4,80.3,UPMC Hillman Cancer Center
42067,Juniata,42,0,1.8,1,"Baltimore, Maryland",114.7,2.57,"Cumberland, Pennsylvania",47.3,1.12,UM Greenebaum Comprehensive Cancer Center,114.7,2.57,113.7,33.9,115.1,UM Greenebaum Comprehensive Cancer Center
42069,Lackawanna,42,24,0.4,1,"Somerset, New Jersey",95.7,2.06,"Lackawanna, Pennsylvania",0.0,0.0,Rutgers Cancer Institute of New Jersey,107.5,2.32,98.6,0.0,109.1,Rutgers Cancer Institute of New Jersey
42071,Lancaster,42,42,0.3,1,"Philadelphia, Pennsylvania",66.1,1.43,"Lancaster, Pennsylvania",0.0,0.0,Abramson Cancer Center (Penn),63.1,1.36,66.3,0.0,66.9,Sidney Kimmel Comprehensive Cancer Center (Johns Hopkins)
42073,Lawrence,42,15,0.4,1,"Allegheny, Pennsylvania",49.8,1.14,"Allegheny, Pennsylvania",49.8,1.14,UPMC Hillman Cancer Center,52.3,1.22,50.2,50.2,51.1,UPMC Hillman Cancer Center
42075,Lebanon,42,18,0.1,1,"Philadelphia, Pennsylvania",79.3,1.75,"Dauphin, Pennsylvania",23.7,0.58,Abramson Cancer Center (Penn),76.3,1.68,85.8,22.5,85.0,Abramson Cancer Center (Penn)
42077,Lehigh,42,46,0.4,1,"Philadelphia, Pennsylvania",51.4,0.92,"Lehigh, Pennsylvania",0.0,0.0,Fox Chase Cancer Center,48.9,1.11,54.5,0.0,52.2,Fox Chase Cancer Center
42079,Luzerne,42,54,0.4,1,"Somerset, New Jersey",103.9,2.18,"Luzerne, Pennsylvania",0.0,0.0,Fox Chase Cancer Center,105.3,1.98,99.7,0.0,108.2,Fox Chase Cancer Center
42081,Lycoming,42,11,0.1,1,"Philadelphia, Pennsylvania",155.7,3.58,"Union, Pennsylvania",28.1,0.61,Fox Chase Cancer Center,153.5,3.61,155.2,23.2,155.0,Fox Chase Cancer Center
42083,McKean,42,0,0.5,1,"Erie, New York",83.6,1.69,"Erie, New York",83.6,1.69,Roswell Park Comprehensive Cancer Center,86.0,1.8,86.0,86.0,86.8,Roswell Park Comprehensive Cancer Center
42085,Mercer,42,18,0.6,1,"Allegheny, Pennsylvania",66.0,1.44,"Allegheny, Pennsylvania",66.0,1.44,UPMC Hillman Cancer Center,68.5,1.52,71.4,68.7,71.9,UPMC Hillman Cancer Center
42087,Mifflin,42,4,0.1,1,"Baltimore, Maryland",126.9,2.83,"Union, Pennsylvania",57.6,1.22,UM Greenebaum Comprehensive Cancer Center,126.8,2.82,124.3,46.7,125.6,UM Greenebaum Comprehensive Cancer Center
42089,Monroe,42,25,0.0,1,"Somerset, New Jersey",61.5,1.39,"Monroe, Pennsylvania",0.0,0.0,Rutgers Cancer Institute of New Jersey,73.2,1.65,60.5,0.0,71.1,Rutgers Cancer Institute of New Jersey
42091,Montgomery,42,66,0.5,1,"Philadelphia, Pennsylvania",18.3,0.38,"Montgomery, Pennsylvania",0.0,0.0,Fox Chase Cancer Center,15.9,0.35,17.7,0.0,17.4,Fox Chase Cancer Center
42093,Montour,42,46,0.2,1,"Philadelphia, Pennsylvania",126.2,2.92,"Montour, Pennsylvania",0.0,0.0,Fox Chase Cancer Center,124.0,2.95,125.0,0.0,124.7,Abramson Cancer Center (Penn)
42095,Northampton,42,49,0.5,1,"Somerset, New Jersey",46.3,1.0,"Northampton, Pennsylvania",0.0,0.0,Fox Chase Cancer Center,56.0,1.23,48.1,0.0,55.1,Fox Chase Cancer Center
42097,Northumberland,42,0,1.1,1,"Philadelphia, Pennsylvania",121.9,2.81,"Montour, Pennsylvania",21.5,0.49,Fox Chase Cancer Center,119.6,2.84,121.3,10.7,120.7,Abramson Cancer Center (Penn)
42099,Perry,42,0,0.5,1,"Baltimore, Maryland",91.7,2.06,"Cumberland, Pennsylvania",24.1,0.58,UM Greenebaum Comprehensive Cancer Center,91.6,2.06,97.1,17.4,98.5,UM Greenebaum Comprehensive Cancer Center
42101,Philadelphia,42,405,0.3,1,"Philadelphia, Pennsylvania",0.0,0.0,"Philadelphia, Pennsylvania",0.0,0.0,Sidney Kimmel Cancer Center (Jefferson),4.7,0.11,0.0,0.0,4.5,Sidney Kimmel Cancer Center (Jefferson)
42103,Pike,42,0,0.5,1,"Somerset, New Jersey",67.9,1.5,"Lackawanna, Pennsylvania",41.4,0.77,Perlmutter Cancer Center (NYU Langone),77.1,1.67,66.1,29.7,75.5,Herbert Irving Comprehensive Cancer Center (Columbia)
42105,Potter,42,0,0.8,1,"Erie, New York",105.2,2.29,"Erie, New York",105.2,2.29,Wilmot Cancer Institute (Rochester),107.0,2.29,102.9,93.2,105.2,Roswell Park Comprehensive Cancer Center
42107,Schuylkill,42,9,0.4,1,"Philadelphia, Pennsylvania",88.7,2.0,"Berks, Pennsylvania",35.9,0.83,Fox Chase Cancer Center,86.3,1.97,88.9,34.2,88.8,Abramson Cancer Center (Penn)
42109,Snyder,42,1,0.9,1,"Baltimore, Maryland",122.6,2.58,"Union, Pennsylvania",24.6,0.54,UM Greenebaum Comprehensive Cancer Center,123.7,2.6,124.3,15.2,125.8,UM Greenebaum Comprehensive Cancer Center
42111,Somerset,42,1,0.9,1,"Allegheny, Pennsylvania",67.6,1.43,"Westmoreland, Pennsylvania",43.9,1.0,UPMC Hillman Cancer Center,65.2,1.37,69.9,45.0,68.0,UPMC Hillman Cancer Center
42113,Sullivan,42,0,1.3,1,"Somerset, New Jersey",153.0,3.49,"Montour, Pennsylvania",42.2,0.95,Fox Chase Cancer Center,151.8,3.15,141.5,40.1,146.7,Fox Chase Cancer Center
42115,Susquehanna,42,0,0.2,1,"Somerset, New Jersey",127.4,2.7,"Lackawanna, Pennsylvania",33.2,0.64,Rutgers Cancer Institute of New Jersey,139.2,2.97,128.4,32.7,138.5,Rutgers Cancer Institute of New Jersey
42117,Tioga,42,1,3.2,1,"Monroe, New York",115.0,2.34,"Union, Pennsylvania",90.0,1.82,Wilmot Cancer Institute (Rochester),112.1,2.27,114.3,71.8,111.4,Wilmot Cancer Institute (Rochester)
42119,Union,42,30,0.4,1,"Baltimore, Maryland",135.5,2.92,"Union, Pennsylvania",0.0,0.0,UM Greenebaum Comprehensive Cancer Center,136.6,2.95,139.0,0.0,139.2,Abramson Cancer Center (Penn)
42121,Venango,42,18,0.7,1,"Allegheny, Pennsylvania",80.5,1.88,"Erie, Pennsylvania",60.6,1.37,UPMC Hillman Cancer Center,80.7,1.85,80.3,58.3,79.6,UPMC Hillman Cancer Center
42123,Warren,42,0,0.4,1,"Erie, New York",94.7,2.03,"Erie, Pennsylvania",56.3,1.25,Roswell Park Comprehensive Cancer Center,94.1,2.1,90.2,54.7,89.2,Roswell Park Comprehensive Cancer Center
42125,Washington,42,20,0.7,1,"Allegheny, Pennsylvania",23.9,0.57,"Washington, Pennsylvania",0.0,0.0,UPMC Hillman Cancer Center,26.4,0.65,22.7,0.0,24.4,UPMC Hillman Cancer Center
42127,Wayne,42,0,2.4,1,"Somerset, New Jersey",99.1,2.25,"Lackawanna, Pennsylvania",27.8,0.65,Perlmutter Cancer Center (NYU Langone),110.8,2.5,93.2,22.0,102.9,Rutgers Cancer Institute of New Jersey
42129,Westmoreland,42,29,0.8,1,"Allegheny, Pennsylvania",27.9,0.63,"Westmoreland, Pennsylvania",0.0,0.0,UPMC Hillman Cancer Center,25.5,0.57,25.4,0.0,23.2,UPMC Hillman Cancer Center
42131,Wyoming,42,0,0.1,1,"Somerset, New Jersey",117.6,2.65,"Lackawanna, Pennsylvania",22.6,0.61,Fox Chase Cancer Center,128.2,2.42,117.6,20.4,128.1,Rutgers Cancer Institute of New Jersey
42133,York,42,42,0.4,1,"Baltimore, Maryland",48.9,1.02,"York, Pennsylvania",0.0,0.0,UM Greenebaum Comprehensive Cancer Center,50.0,1.05,52.7,0.0,54.3,UM Greenebaum Comprehensive Cancer Center
44001,Bristol,44,0,0.2,1,"Providence, Rhode Island",15.4,0.42,"Providence, Rhode Island",15.4,0.42,Dana-Farber/Harvard Cancer Center,53.8,1.22,15.7,15.7,53.8,Dana-Farber/Harvard Cancer Center
44003,Kent,44,3,0.1,1,"Providence, Rhode Island",13.8,0.31,"Providence, Rhode Island",13.8,0.31,Dana-Farber/Harvard Cancer Center,54.9,1.23,13.4,13.4,58.8,Dana-Farber/Harvard Cancer Center
44005,Newport,44,0,0.4,1,"Providence, Rhode Island",28.1,0.69,"Washington, Rhode Island",25.1,0.6,Dana-Farber/Harvard Cancer Center,62.5,1.38,28.0,21.2,67.0,Dana-Farber/Harvard Cancer Center
44007,Providence,44,117,0.2,1,"Providence, Rhode Island",0.0,0.0,"Providence, Rhode Island",0.0,0.0,Dana-Farber/Harvard Cancer Center,44.7,0.98,0.0,0.0,45.9,Dana-Farber/Harvard Cancer Center
44009,Washington,44,26,0.9,1,"Providence, Rhode Island",31.5,0.74,"Washington, Rhode Island",0.0,0.0,Dana-Farber/Harvard Cancer Center,72.7,1.66,33.5,0.0,78.9,Dana-Farber/Harvard Cancer Center
45001,Abbeville,45,0,0.7,1,"DeKalb, Georgia",131.0,2.83,"Pickens, South Carolina",51.1,1.13,Winship Cancer Institute (Emory),136.3,3.06,130.9,50.2,135.9,Winship Cancer Institute (Emory)
45003,Aiken,45,0,0.1,1,"Charleston, South Carolina",124.6,2.65,"Richmond, Georgia",20.7,0.53,Hollings Cancer Center (MUSC),126.0,2.68,137.9,21.2,141.2,Hollings Cancer Center (MUSC)
45005,Allendale,45,0,0.0,1,"Charleston, South Carolina",88.7,1.88,"Richmond, Georgia",61.4,1.32,Hollings Cancer Center (MUSC),89.2,1.9,92.5,63.7,95.1,Hollings Cancer Center (MUSC)
45007,Anderson,45,4,0.5,1,"DeKalb, Georgia",116.7,2.22,"Pickens, South Carolina",25.0,0.62,Winship Cancer Institute (Emory),119.3,2.11,129.0,20.6,133.5,Winship Cancer Institute (Emory)
45009,Bamberg,45,0,0.2,1,"Charleston, South Carolina",78.6,1.67,"Richmond, Georgia",67.7,1.48,Hollings Cancer Center (MUSC),80.0,1.7,84.4,69.1,87.8,Hollings Cancer Center (MUSC)
45011,Barnwell,45,0,1.1,1,"Charleston, South Carolina",97.1,2.07,"Richmond, Georgia",53.1,1.21,Hollings Cancer Center (MUSC),98.6,2.1,103.4,49.4,106.6,Hollings Cancer Center (MUSC)
45013,Beaufort,45,14,3.8,1,"Charleston, South Carolina",75.6,1.62,"Chatham, Georgia",39.9,0.89,Hollings Cancer Center (MUSC),76.1,1.65,70.5,33.5,70.3,Hollings Cancer Center (MUSC)
45015,Berkeley,45,0,0.0,1,"Charleston, South Carolina",17.9,0.41,"Charleston, South Carolina",17.9,0.41,Hollings Cancer Center (MUSC),21.3,0.49,19.8,19.8,23.5,Hollings Cancer Center (MUSC)
45017,Calhoun,45,0,0.3,1,"Charleston, South Carolina",81.5,1.74,"Richmond, Georgia",79.4,1.81,Hollings Cancer Center (MUSC),84.8,1.82,91.7,87.5,95.7,Hollings Cancer Center (MUSC)
45019,Charleston,45,128,0.7,1,"Charleston, South Carolina",0.0,0.0,"Charleston, South Carolina",0.0,0.0,Hollings Cancer Center (MUSC),6.4,0.16,0.0,0.0,3.9,Hollings Cancer Center (MUSC)
45021,Cherokee,45,14,0.2,1,"Mecklenburg, North Carolina",51.9,1.05,"Spartanburg, South Carolina",23.9,0.4,Wake Forest Baptist Comprehensive Cancer Center,120.7,2.33,57.4,26.3,126.2,Wake Forest Baptist Comprehensive Cancer Center
45023,Chester,45,0,1.9,1,"Mecklenburg, North Carolina",46.4,0.87,"Mecklenburg, North Carolina",46.4,0.87,Wake Forest Baptist Comprehensive Cancer Center,124.0,2.34,47.7,47.7,129.6,Wake Forest Baptist Comprehensive Cancer Center
45025,Chesterfield,45,0,0.6,1,"Mecklenburg, North Carolina",64.4,1.42,"Mecklenburg, North Carolina",64.4,1.42,Wake Forest Baptist Comprehensive Cancer Center,114.9,2.56,64.1,64.1,118.1,Wake Forest Baptist Comprehensive Cancer Center
45027,Clarendon,45,0,0.3,1,"Charleston, South Carolina",75.3,1.63,"Charleston, South Carolina",75.3,1.63,Hollings Cancer Center (MUSC),78.7,1.71,73.1,73.1,76.8,Hollings Cancer Center (MUSC)
45029,Colleton,45,0,0.1,1,"Charleston, South Carolina",45.8,0.96,"Charleston, South Carolina",45.8,0.96,Hollings Cancer Center (MUSC),46.7,1.01,47.1,47.1,49.7,Hollings Cancer Center (MUSC)
45031,Darlington,45,0,1.5,1,"Mecklenburg, North Carolina",86.4,1.84,"Horry, South Carolina",80.1,1.75,Hollings Cancer Center (MUSC),128.3,2.79,93.7,84.2,127.8,Hollings Cancer Center (MUSC)
45033,Dillon,45,0,0.2,1,"Mecklenburg, North Carolina",114.7,2.49,"Horry, South Carolina",58.0,1.24,UNC Lineberger Comprehensive Cancer Center,120.5,2.62,120.8,58.7,126.9,UNC Lineberger Comprehensive Cancer Center
45035,Dorchester,45,0,0.2,1,"Charleston, South Carolina",22.7,0.51,"Charleston, South Carolina",22.7,0.51,Hollings Cancer Center (MUSC),25.6,0.57,21.6,21.6,25.4,Hollings Cancer Center (MUSC)
45037,Edgefield,45,0,3.5,1,"Mecklenburg, North Carolina",141.8,3.03,"Richmond, Georgia",26.5,0.63,Hollings Cancer Center (MUSC),144.7,3.12,146.3,25.3,157.0,Hollings Cancer Center (MUSC)
45039,Fairfield,45,0,0.9,1,"Mecklenburg, North Carolina",69.0,1.24,"Mecklenburg, North Carolina",69.0,1.24,Hollings Cancer Center (MUSC),140.2,2.44,73.6,73.6,151.9,Hollings Cancer Center (MUSC)
45041,Florence,45,4,0.9,1,"Charleston, South Carolina",101.4,2.19,"Horry, South Carolina",64.6,1.42,Hollings Cancer Center (MUSC),104.8,2.28,107.2,63.0,110.2,Hollings Cancer Center (MUSC)
45043,Georgetown,45,7,1.7,1,"Charleston, South Carolina",71.5,1.49,"Horry, South Carolina",41.9,0.91,Hollings Cancer Center (MUSC),67.6,1.44,72.7,34.4,73.8,Hollings Cancer Center (MUSC)
45045,Greenville,45,80,0.4,1,"Mecklenburg, North Carolina",95.7,1.76,"Greenville, South Carolina",0.0,0.0,Winship Cancer Institute (Emory),144.4,2.45,107.4,0.0,161.9,Winship Cancer Institute (Emory)
45047,Greenwood,45,5,0.1,1,"Mecklenburg, North Carolina",119.0,2.51,"Greenville, South Carolina",54.2,1.14,Winship Cancer Institute (Emory),143.5,3.19,123.9,54.5,153.5,Winship Cancer Institute (Emory)
45049,Hampton,45,0,2.4,1,"Charleston, South Carolina",80.6,1.73,"Chatham, Georgia",63.4,1.35,Hollings Cancer Center (MUSC),81.1,1.75,79.3,62.9,81.4,Hollings Cancer Center (MUSC)
45051,Horry,45,51,2.3,1,"Charleston, South Carolina",105.9,2.21,"Horry, South Carolina",0.0,0.0,Hollings Cancer Center (MUSC),102.0,2.16,107.1,0.0,108.2,Hollings Cancer Center (MUSC)
45053,Jasper,45,0,0.7,1,"Charleston, South Carolina",79.0,1.6,"Chatham, Georgia",31.6,0.63,Hollings Cancer Center (MUSC),79.5,1.62,79.5,31.6,80.0,Hollings Cancer Center (MUSC)
45055,Kershaw,45,0,0.6,1,"Mecklenburg, North Carolina",83.0,1.84,"Mecklenburg, North Carolina",83.0,1.84,Hollings Cancer Center (MUSC),121.6,2.63,81.1,81.1,131.3,Hollings Cancer Center (MUSC)
45057,Lancaster,45,2,1.5,1,"Mecklenburg, North Carolina",36.7,0.81,"Mecklenburg, North Carolina",36.7,0.81,Wake Forest Baptist Comprehensive Cancer Center,115.0,2.37,35.0,35.0,113.0,Wake Forest Baptist Comprehensive Cancer Center
45059,Laurens,45,0,0.1,1,"Mecklenburg, North Carolina",97.6,2.12,"Greenville, South Carolina",30.9,0.65,Winship Cancer Institute (Emory),157.9,3.0,101.6,34.5,168.1,Winship Cancer Institute (Emory)
45061,Lee,45,0,0.6,1,"Mecklenburg, North Carolina",90.5,1.93,"Mecklenburg, North Carolina",90.5,1.93,Hollings Cancer Center (MUSC),116.8,2.52,94.2,94.2,118.0,Hollings Cancer Center (MUSC)
45063,Lexington,45,8,0.1,1,"Mecklenburg, North Carolina",102.2,1.78,"Richmond, Georgia",62.9,1.11,Hollings Cancer Center (MUSC),117.6,1.89,108.2,72.6,131.4,Hollings Cancer Center (MUSC)
45065,McCormick,45,0,0.7,1,"DeKalb, Georgia",130.4,2.59,"Richmond, Georgia",44.9,1.1,Winship Cancer Institute (Emory),137.2,2.8,134.5,41.1,139.8,Winship Cancer Institute (Emory)
45067,Marion,45,0,0.5,1,"Charleston, South Carolina",119.7,2.46,"Horry, South Carolina",41.9,0.92,Hollings Cancer Center (MUSC),115.8,2.42,119.6,42.3,122.0,Hollings Cancer Center (MUSC)
45069,Marlboro,45,0,0.1,1,"Mecklenburg, North Carolina",88.5,1.93,"Moore, North Carolina",52.2,1.12,UNC Lineberger Comprehensive Cancer Center,106.6,2.36,92.0,52.2,113.0,UNC Lineberger Comprehensive Cancer Center
45071,Newberry,45,0,0.5,1,"Mecklenburg, North Carolina",94.8,1.99,"Spartanburg, South Carolina",59.1,0.96,Hollings Cancer Center (MUSC),149.3,2.57,94.8,65.1,166.3,Hollings Cancer Center (MUSC)
45073,Oconee,45,29,0.4,1,"DeKalb, Georgia",109.7,2.11,"Oconee, South Carolina",0.0,0.0,Winship Cancer Institute (Emory),112.3,2.0,114.3,0.0,118.1,Winship Cancer Institute (Emory)
45075,Orangeburg,45,0,0.1,1,"Charleston, South Carolina",67.9,1.09,"Charleston, South Carolina",67.9,1.09,Hollings Cancer Center (MUSC),71.7,1.16,78.2,78.2,82.0,Hollings Cancer Center (MUSC)
45077,Pickens,45,26,0.1,1,"Mecklenburg, North Carolina",117.6,2.37,"Pickens, South Carolina",0.0,0.0,Winship Cancer Institute (Emory),129.3,2.34,131.7,0.0,139.9,Winship Cancer Institute (Emory)
45079,Richland,45,3,0.3,1,"Mecklenburg, North Carolina",87.6,1.52,"Richmond, Georgia",80.2,1.5,Hollings Cancer Center (MUSC),118.9,2.0,96.7,90.5,128.4,Hollings Cancer Center (MUSC)
45081,Saluda,45,0,0.3,1,"Mecklenburg, North Carolina",118.9,2.54,"Richmond, Georgia",50.4,1.13,Hollings Cancer Center (MUSC),141.0,2.62,118.2,53.1,157.7,Hollings Cancer Center (MUSC)
45083,Spartanburg,45,46,0.1,1,"Mecklenburg, North Carolina",74.1,1.4,"Spartanburg, South Carolina",0.0,0.0,Wake Forest Baptist Comprehensive Cancer Center,142.9,2.68,83.4,0.0,151.0,Wake Forest Baptist Comprehensive Cancer Center
45085,Sumter,45,0,0.6,1,"Charleston, South Carolina",94.1,2.02,"Horry, South Carolina",92.5,2.01,Hollings Cancer Center (MUSC),97.4,2.11,95.8,95.8,99.7,Hollings Cancer Center (MUSC)
45087,Union,45,13,0.3,1,"Mecklenburg, North Carolina",67.2,1.48,"Spartanburg, South Carolina",30.7,0.67,Wake Forest Baptist Comprehensive Cancer Center,144.8,2.95,68.4,32.2,146.4,Wake Forest Baptist Comprehensive Cancer Center
45089,Williamsburg,45,0,1.8,1,"Charleston, South Carolina",75.6,1.65,"Horry, South Carolina",73.8,1.56,Hollings Cancer Center (MUSC),78.9,1.74,70.6,55.9,73.4,Hollings Cancer Center (MUSC)
45091,York,45,11,1.6,1,"Mecklenburg, North Carolina",26.9,0.53,"Mecklenburg, North Carolina",26.9,0.53,Wake Forest Baptist Comprehensive Cancer Center,104.5,2.01,24.5,24.5,106.0,Wake Forest Baptist Comprehensive Cancer Center
46003,Aurora,46,0,1.0,1,"Minnehaha, South Dakota",95.2,1.78,"Minnehaha, South Dakota",95.2,1.78,Fred & Pamela Buffett Cancer Center (UNMC),267.5,5.05,108.5,108.5,256.8,Fred & Pamela Buffett Cancer Center (UNMC)
46005,Beadle,46,0,0.2,1,"Minnehaha, South Dakota",125.3,2.52,"Minnehaha, South Dakota",125.3,2.52,Masonic Cancer Center (Minnesota),280.2,5.88,111.7,111.7,293.5,Fred & Pamela Buffett Cancer Center (UNMC)
46007,Bennett,46,0,2.7,1,"Minnehaha, South Dakota",276.4,5.62,"Minnehaha, South Dakota",276.4,5.62,University of Colorado Cancer Center,361.9,7.09,305.9,264.6,344.0,University of Colorado Cancer Center
46009,Bon Homme,46,0,1.0,1,"Minnehaha, South Dakota",98.3,2.0,"Minnehaha, South Dakota",98.3,2.0,Fred & Pamela Buffett Cancer Center (UNMC),188.4,3.42,84.0,84.0,184.5,Fred & Pamela Buffett Cancer Center (UNMC)
46011,Brookings,46,0,0.0,1,"Minnehaha, South Dakota",57.4,0.92,"Minnehaha, South Dakota",57.4,0.92,Masonic Cancer Center (Minnesota),206.5,4.33,62.5,62.5,216.6,Masonic Cancer Center (Minnesota)
46013,Brown,46,16,1.1,1,"Minnehaha, South Dakota",199.3,3.61,"Cass, North Dakota",178.6,3.45,Masonic Cancer Center (Minnesota),274.4,5.8,188.7,146.1,307.4,Masonic Cancer Center (Minnesota)
46015,Brule,46,0,0.7,1,"Minnehaha, South Dakota",128.6,2.3,"Minnehaha, South Dakota",128.6,2.3,Fred & Pamela Buffett Cancer Center (UNMC),300.8,5.57,148.5,148.5,287.4,Fred & Pamela Buffett Cancer Center (UNMC)
46017,Buffalo,46,0,1.3,1,"Minnehaha, South Dakota",160.9,3.0,"Minnehaha, South Dakota",160.9,3.0,Fred & Pamela Buffett Cancer Center (UNMC),333.1,6.27,163.3,163.3,312.6,Fred & Pamela Buffett Cancer Center (UNMC)
46019,Butte,46,0,1.5,1,"Yellowstone, Montana",270.2,5.33,"Yellowstone, Montana",270.2,5.33,University of Colorado Cancer Center,405.4,8.07,294.1,249.2,413.4,University of Colorado Cancer Center
46021,Campbell,46,0,1.5,1,"Minnehaha, South Dakota",300.8,5.7,"Burleigh, North Dakota",100.1,1.98,Masonic Cancer Center (Minnesota),370.5,7.86,272.1,92.8,405.4,Masonic Cancer Center (Minnesota)
46023,Charles Mix,46,0,1.6,1,"Minnehaha, South Dakota",120.1,2.37,"Minnehaha, South Dakota",120.1,2.37,Fred & Pamela Buffett Cancer Center (UNMC),231.4,4.34,112.8,112.8,224.7,Fred & Pamela Buffett Cancer Center (UNMC)
46025,Clark,46,0,3.5,1,"Minnehaha, South Dakota",137.4,2.38,"Minnehaha, South Dakota",137.4,2.38,Masonic Cancer Center (Minnesota),233.7,4.86,120.1,120.1,263.0,Masonic Cancer Center (Minnesota)
46027,Clay,46,0,0.8,1,"Minnehaha, South Dakota",65.3,1.1,"Minnehaha, South Dakota",65.3,1.1,Fred & Pamela Buffett Cancer Center (UNMC),137.6,2.28,63.4,63.4,143.1,Fred & Pamela Buffett Cancer Center (UNMC)
46029,Codington,46,1,0.2,1,"Minnehaha, South Dakota",106.5,1.71,"Minnehaha, South Dakota",106.5,1.71,Masonic Cancer Center (Minnesota),202.9,4.19,114.9,114.9,228.6,Masonic Cancer Center (Minnesota)
46031,Corson,46,0,4.7,1,"Minnehaha, South Dakota",340.6,6.57,"Burleigh, North Dakota",95.2,1.98,Masonic Cancer Center (Minnesota),415.7,8.76,306.6,88.7,451.7,Masonic Cancer Center (Minnesota)
46033,Custer,46,0,1.5,1,"Adams, Colorado",352.2,6.91,"Larimer, Colorado",308.3,6.25,University of Colorado Cancer Center,364.8,7.1,331.9,285.2,341.1,University of Colorado Cancer Center
46035,Davison,46,12,0.3,1,"Minnehaha, South Dakota",70.2,1.4,"Minnehaha, South Dakota",70.2,1.4,Fred & Pamela Buffett Cancer Center (UNMC),244.0,4.59,79.5,79.5,240.6,Fred & Pamela Buffett Cancer Center (UNMC)
46037,Day,46,0,0.0,1,"Minnehaha, South Dakota",151.6,2.63,"Cass, North Dakota",135.2,2.25,Masonic Cancer Center (Minnesota),226.6,4.82,157.2,128.7,252.5,Masonic Cancer Center (Minnesota)
46039,Deuel,46,0,0.6,1,"Minnehaha, South Dakota",91.5,1.52,"Minnehaha, South Dakota",91.5,1.52,Masonic Cancer Center (Minnesota),184.1,3.89,98.0,98.0,202.3,Masonic Cancer Center (Minnesota)
46041,Dewey,46,0,2.6,1,"Minnehaha, South Dakota",321.7,6.11,"Burleigh, North Dakota",156.5,3.19,Masonic Cancer Center (Minnesota),440.1,9.07,290.0,142.9,447.1,Fred & Pamela Buffett Cancer Center (UNMC)
46043,Douglas,46,0,0.5,1,"Minnehaha, South Dakota",93.3,1.9,"Minnehaha, South Dakota",93.3,1.9,Fred & Pamela Buffett Cancer Center (UNMC),239.7,4.47,99.7,99.7,230.5,Fred & Pamela Buffett Cancer Center (UNMC)
46045,Edmunds,46,0,0.4,1,"Minnehaha, South Dakota",232.9,4.28,"Burleigh, North Dakota",167.1,3.39,Masonic Cancer Center (Minnesota),308.0,6.47,212.4,146.6,347.6,Masonic Cancer Center (Minnesota)
46047,Fall River,46,0,0.7,1,"Adams, Colorado",329.3,6.48,"Larimer, Colorado",285.4,5.83,University of Colorado Cancer Center,341.9,6.68,303.8,258.0,312.8,University of Colorado Cancer Center
46049,Faulk,46,0,1.8,1,"Minnehaha, South Dakota",210.3,4.29,"Burleigh, North Dakota",198.6,4.01,Masonic Cancer Center (Minnesota),310.2,6.44,187.8,174.7,343.7,Masonic Cancer Center (Minnesota)
46051,Grant,46,0,0.9,1,"Minnehaha, South Dakota",126.0,2.25,"Kandiyohi, Minnesota",90.1,1.88,Masonic Cancer Center (Minnesota),180.7,3.87,136.8,96.0,201.3,Masonic Cancer Center (Minnesota)
46053,Gregory,46,0,0.7,1,"Minnehaha, South Dakota",168.1,3.42,"Minnehaha, South Dakota",168.1,3.42,Fred & Pamela Buffett Cancer Center (UNMC),261.4,5.44,156.7,156.7,259.5,Fred & Pamela Buffett Cancer Center (UNMC)
46055,Haakon,46,0,4.7,1,"Minnehaha, South Dakota",279.3,4.93,"Burleigh, North Dakota",260.4,5.37,Fred & Pamela Buffett Cancer Center (UNMC),438.8,9.0,293.3,228.0,415.6,University of Colorado Cancer Center
46057,Hamlin,46,0,0.9,1,"Minnehaha, South Dakota",96.9,1.93,"Minnehaha, South Dakota",96.9,1.93,Masonic Cancer Center (Minnesota),213.7,4.57,93.6,93.6,231.8,Masonic Cancer Center (Minnesota)
46059,Hand,46,0,0.1,1,"Minnehaha, South Dakota",168.8,3.43,"Minnehaha, South Dakota",168.8,3.43,Masonic Cancer Center (Minnesota),316.5,6.58,156.8,156.8,328.6,Fred & Pamela Buffett Cancer Center (UNMC)
46061,Hanson,46,0,0.5,1,"Minnehaha, South Dakota",55.6,1.14,"Minnehaha, South Dakota",55.6,1.14,Fred & Pamela Buffett Cancer Center (UNMC),231.7,4.02,63.0,63.0,228.7,Fred & Pamela Buffett Cancer Center (UNMC)
46063,Harding,46,0,1.2,1,"Yellowstone, Montana",316.5,5.85,"Burleigh, North Dakota",218.0,4.05,University of Colorado Cancer Center,472.2,9.41,291.4,187.7,492.4,University of Colorado Cancer Center
46065,Hughes,46,18,0.5,1,"Minnehaha, South Dakota",222.6,4.24,"Burleigh, North Dakota",206.2,4.16,Masonic Cancer Center (Minnesota),385.3,8.01,223.9,204.1,370.8,Fred & Pamela Buffett Cancer Center (UNMC)
46067,Hutchinson,46,0,1.4,1,"Minnehaha, South Dakota",65.1,1.34,"Minnehaha, South Dakota",65.1,1.34,Fred & Pamela Buffett Cancer Center (UNMC),207.5,3.8,63.7,63.7,205.3,Fred & Pamela Buffett Cancer Center (UNMC)
46069,Hyde,46,0,0.5,1,"Minnehaha, South Dakota",192.0,3.92,"Minnehaha, South Dakota",192.0,3.92,Masonic Cancer Center (Minnesota),339.6,7.07,180.8,180.8,344.7,Fred & Pamela Buffett Cancer Center (UNMC)
46071,Jackson,46,0,5.0,1,"Minnehaha, South Dakota",273.8,5.6,"Minnehaha, South Dakota",273.8,5.6,Fred & Pamela Buffett Cancer Center (UNMC),399.6,8.26,296.3,268.4,378.5,University of Colorado Cancer Center
46073,Jerauld,46,0,1.5,1,"Minnehaha, South Dakota",121.1,2.45,"Minnehaha, South Dakota",121.1,2.45,Fred & Pamela Buffett Cancer Center (UNMC),294.3,5.63,116.7,116.7,283.6,Fred & Pamela Buffett Cancer Center (UNMC)
46075,Jones,46,0,0.4,1,"Minnehaha, South Dakota",207.0,3.54,"Minnehaha, South Dakota",207.0,3.54,Fred & Pamela Buffett Cancer Center (UNMC),372.9,7.55,239.1,239.1,363.0,Fred & Pamela Buffett Cancer Center (UNMC)
46077,Kingsbury,46,0,1.0,1,"Minnehaha, South Dakota",90.4,1.81,"Minnehaha, South Dakota",90.4,1.81,Masonic Cancer Center (Minnesota),240.7,5.06,79.0,79.0,251.0,Masonic Cancer Center (Minnesota)
46079,Lake,46,0,0.7,1,"Minnehaha, South Dakota",48.2,0.94,"Minnehaha, South Dakota",48.2,0.94,Fred & Pamela Buffett Cancer Center (UNMC),225.9,3.8,42.7,42.7,239.1,Fred & Pamela Buffett Cancer Center (UNMC)
46081,Lawrence,46,0,1.6,1,"Yellowstone, Montana",281.9,5.57,"Yellowstone, Montana",281.9,5.57,University of Colorado Cancer Center,390.5,7.76,298.6,264.1,395.4,University of Colorado Cancer Center
46083,Lincoln,46,0,0.9,1,"Minnehaha, South Dakota",10.7,0.29,"Minnehaha, South Dakota",10.7,0.29,Fred & Pamela Buffett Cancer Center (UNMC),184.7,3.07,9.7,9.7,188.6,Fred & Pamela Buffett Cancer Center (UNMC)
46085,Lyman,46,0,5.1,1,"Minnehaha, South Dakota",163.7,2.95,"Minnehaha, South Dakota",163.7,2.95,Fred & Pamela Buffett Cancer Center (UNMC),331.3,6.89,181.8,181.8,320.9,Fred & Pamela Buffett Cancer Center (UNMC)
46087,McCook,46,0,0.3,1,"Minnehaha, South Dakota",37.9,0.67,"Minnehaha, South Dakota",37.9,0.67,Fred & Pamela Buffett Cancer Center (UNMC),215.6,3.53,38.0,38.0,217.8,Fred & Pamela Buffett Cancer Center (UNMC)
46089,McPherson,46,0,0.1,1,"Minnehaha, South Dakota",257.0,4.78,"Burleigh, North Dakota",141.0,2.81,Masonic Cancer Center (Minnesota),326.7,6.94,235.5,123.5,355.9,Masonic Cancer Center (Minnesota)
46091,Marshall,46,0,2.3,1,"Minnehaha, South Dakota",192.4,3.22,"Cass, North Dakota",117.1,2.2,Masonic Cancer Center (Minnesota),245.0,5.25,189.9,100.8,264.0,Masonic Cancer Center (Minnesota)
46093,Meade,46,0,6.2,1,"Yellowstone, Montana",313.4,6.18,"Burleigh, North Dakota",304.1,6.26,University of Colorado Cancer Center,412.9,8.17,332.8,256.5,388.0,University of Colorado Cancer Center
46095,Mellette,46,0,1.7,1,"Minnehaha, South Dakota",227.2,4.63,"Minnehaha, South Dakota",227.2,4.63,Fred & Pamela Buffett Cancer Center (UNMC),352.9,7.3,245.0,245.0,352.9,Fred & Pamela Buffett Cancer Center (UNMC)
46097,Miner,46,0,0.1,1,"Minnehaha, South Dakota",69.1,1.4,"Minnehaha, South Dakota",69.1,1.4,Fred & Pamela Buffett Cancer Center (UNMC),246.8,4.26,61.8,61.8,249.3,Fred & Pamela Buffett Cancer Center (UNMC)
46099,Minnehaha,46,118,0.0,1,"Minnehaha, South Dakota",0.0,0.0,"Minnehaha, South Dakota",0.0,0.0,Fred & Pamela Buffett Cancer Center (UNMC),183.6,2.96,0.0,0.0,197.8,Fred & Pamela Buffett Cancer Center (UNMC)
46101,Moody,46,0,1.4,1,"Minnehaha, South Dakota",40.6,0.71,"Minnehaha, South Dakota",40.6,0.71,Masonic Cancer Center (Minnesota),208.9,4.43,38.4,38.4,217.7,Masonic Cancer Center (Minnesota)
46102,Oglala Lakota,46,0,8.7,1,"Adams, Colorado",326.3,6.42,"Larimer, Colorado",291.0,5.93,University of Colorado Cancer Center,337.3,6.62,313.2,274.4,320.4,University of Colorado Cancer Center
46103,Pennington,46,14,1.1,1,"Yellowstone, Montana",321.9,6.3,"Burleigh, North Dakota",312.6,6.38,University of Colorado Cancer Center,394.2,7.75,344.2,269.4,371.8,University of Colorado Cancer Center
46105,Perkins,46,0,7.8,1,"Yellowstone, Montana",363.9,6.87,"Burleigh, North Dakota",151.7,3.17,Masonic Cancer Center (Minnesota),497.5,10.44,359.5,128.9,517.4,University of Colorado Cancer Center
46107,Potter,46,0,3.3,1,"Minnehaha, South Dakota",252.7,5.16,"Burleigh, North Dakota",164.9,3.36,Masonic Cancer Center (Minnesota),352.7,7.31,228.5,152.6,393.6,Masonic Cancer Center (Minnesota)
46109,Roberts,46,0,1.5,1,"Minnehaha, South Dakota",153.4,2.42,"Cass, North Dakota",90.1,1.43,Masonic Cancer Center (Minnesota),212.7,4.55,170.7,103.1,223.5,Masonic Cancer Center (Minnesota)
46111,Sanborn,46,0,1.9,1,"Minnehaha, South Dakota",99.1,2.0,"Minnehaha, South Dakota",99.1,2.0,Fred & Pamela Buffett Cancer Center (UNMC),272.9,5.18,92.4,92.4,265.0,Fred & Pamela Buffett Cancer Center (UNMC)
46115,Spink,46,0,1.8,1,"Minnehaha, South Dakota",170.7,3.07,"Minnehaha, South Dakota",170.7,3.07,Masonic Cancer Center (Minnesota),267.0,5.55,149.8,149.8,303.9,Masonic Cancer Center (Minnesota)
46117,Stanley,46,0,1.0,1,"Minnehaha, South Dakota",224.1,4.05,"Burleigh, North Dakota",214.1,4.36,Fred & Pamela Buffett Cancer Center (UNMC),390.0,8.07,231.8,204.0,376.4,Fred & Pamela Buffett Cancer Center (UNMC)
46119,Sully,46,0,2.7,1,"Minnehaha, South Dakota",238.8,4.89,"Burleigh, North Dakota",179.1,3.64,Masonic Cancer Center (Minnesota),381.5,7.9,223.7,179.5,382.6,Fred & Pamela Buffett Cancer Center (UNMC)
46121,Todd,46,0,3.8,1,"Minnehaha, South Dakota",221.4,4.53,"Minnehaha, South Dakota",221.4,4.53,Fred & Pamela Buffett Cancer Center (UNMC),339.4,7.08,245.2,233.3,339.2,Fred & Pamela Buffett Cancer Center (UNMC)
46123,Tripp,46,0,1.2,1,"Minnehaha, South Dakota",171.2,3.49,"Minnehaha, South Dakota",171.2,3.49,Fred & Pamela Buffett Cancer Center (UNMC),294.2,6.11,188.3,188.3,295.4,Fred & Pamela Buffett Cancer Center (UNMC)
46125,Turner,46,0,1.5,1,"Minnehaha, South Dakota",39.4,0.83,"Minnehaha, South Dakota",39.4,0.83,Fred & Pamela Buffett Cancer Center (UNMC),179.3,3.13,31.1,31.1,185.0,Fred & Pamela Buffett Cancer Center (UNMC)
46127,Union,46,0,1.1,1,"Minnehaha, South Dakota",73.0,1.26,"Minnehaha, South Dakota",73.0,1.26,Fred & Pamela Buffett Cancer Center (UNMC),117.1,1.99,73.2,73.2,125.5,Fred & Pamela Buffett Cancer Center (UNMC)
46129,Walworth,46,0,0.7,1,"Minnehaha, South Dakota",297.8,5.7,"Burleigh, North Dakota",122.4,2.54,Masonic Cancer Center (Minnesota),372.9,7.89,266.8,111.2,415.4,Masonic Cancer Center (Minnesota)
46135,Yankton,46,17,0.1,1,"Minnehaha, South Dakota",90.6,1.64,"Minnehaha, South Dakota",90.6,1.64,Fred & Pamela Buffett Cancer Center (UNMC),162.9,2.83,67.7,67.7,163.5,Fred & Pamela Buffett Cancer Center (UNMC)
46137,Ziebach,46,0,7.6,1,"Minnehaha, South Dakota",323.2,6.18,"Burleigh, North Dakota",169.4,3.55,Masonic Cancer Center (Minnesota),441.6,9.14,306.8,163.1,454.9,Fred & Pamela Buffett Cancer Center (UNMC)
47001,Anderson,47,2,0.8,1,"Fayette, Kentucky",159.8,2.9,"Knox, Tennessee",18.6,0.52,Markey Cancer Center (Kentucky),160.6,2.83,162.1,15.5,163.2,Markey Cancer Center (Kentucky)
47003,Bedford,47,6,0.5,1,"Davidson, Tennessee",52.5,0.94,"Davidson, Tennessee",52.5,0.94,Vanderbilt-Ingram Cancer Center,56.1,1.03,55.2,55.2,57.1,Vanderbilt-Ingram Cancer Center
47005,Benton,47,0,0.5,1,"Davidson, Tennessee",86.1,1.82,"Davidson, Tennessee",86.1,1.82,Vanderbilt-Ingram Cancer Center,82.7,1.73,90.3,90.3,86.4,Vanderbilt-Ingram Cancer Center
47007,Bledsoe,47,0,0.7,1,"Davidson, Tennessee",110.4,2.42,"Hamilton, Tennessee",52.6,1.1,Vanderbilt-Ingram Cancer Center,114.2,2.52,112.2,43.8,116.1,Vanderbilt-Ingram Cancer Center
47009,Blount,47,1,0.0,1,"Fulton, Georgia",172.2,3.68,"Knox, Tennessee",18.9,0.45,Winship Cancer Institute (Emory),176.2,3.77,161.8,18.2,164.1,Winship Cancer Institute (Emory)
47011,Bradley,47,3,0.5,1,"Fulton, Georgia",116.1,2.45,"Hamilton, Tennessee",25.5,0.55,Winship Cancer Institute (Emory),120.2,2.55,115.1,24.0,119.5,Winship Cancer Institute (Emory)
47013,Campbell,47,0,0.2,1,"Fayette, Kentucky",135.7,2.54,"Knox, Tennessee",37.7,0.72,Markey Cancer Center (Kentucky),136.5,2.47,138.0,35.1,139.2,Markey Cancer Center (Kentucky)
47015,Cannon,47,0,0.4,1,"Davidson, Tennessee",51.2,1.08,"Davidson, Tennessee",51.2,1.08,Vanderbilt-Ingram Cancer Center,55.0,1.17,53.6,53.6,57.2,Vanderbilt-Ingram Cancer Center
47017,Carroll,47,0,0.6,1,"Davidson, Tennessee",106.6,2.26,"Davidson, Tennessee",106.6,2.26,Vanderbilt-Ingram Cancer Center,103.2,2.18,115.6,115.6,111.8,Vanderbilt-Ingram Cancer Center
47019,Carter,47,0,0.2,1,"Forsyth, North Carolina",126.8,2.65,"Knox, Tennessee",113.3,2.37,Wake Forest Baptist Comprehensive Cancer Center,127.0,2.65,129.9,113.1,131.2,Wake Forest Baptist Comprehensive Cancer Center
47021,Cheatham,47,0,0.1,1,"Davidson, Tennessee",23.3,0.61,"Davidson, Tennessee",23.3,0.61,Vanderbilt-Ingram Cancer Center,21.8,0.54,24.1,24.1,20.4,Vanderbilt-Ingram Cancer Center
47023,Chester,47,0,0.1,1,"Shelby, Tennessee",78.5,1.59,"Shelby, Tennessee",78.5,1.59,Vanderbilt-Ingram Cancer Center,128.7,2.39,89.3,83.5,135.6,Vanderbilt-Ingram Cancer Center
47025,Claiborne,47,0,2.4,1,"Fayette, Kentucky",137.9,2.94,"Knox, Tennessee",53.7,1.28,Markey Cancer Center (Kentucky),138.7,2.88,138.9,48.9,140.2,Markey Cancer Center (Kentucky)
47027,Clay,47,0,1.8,1,"Davidson, Tennessee",90.5,1.87,"Davidson, Tennessee",90.5,1.87,Vanderbilt-Ingram Cancer Center,92.9,2.07,86.1,86.1,89.5,Vanderbilt-Ingram Cancer Center
47029,Cocke,47,0,0.2,1,"Mecklenburg, North Carolina",168.3,4.11,"Knox, Tennessee",52.2,1.11,Markey Cancer Center (Kentucky),195.2,4.24,169.6,54.9,194.1,Markey Cancer Center (Kentucky)
47031,Coffee,47,0,1.6,1,"Davidson, Tennessee",64.6,1.13,"Davidson, Tennessee",64.6,1.13,Vanderbilt-Ingram Cancer Center,68.1,1.23,70.4,69.2,73.2,Vanderbilt-Ingram Cancer Center
47033,Crockett,47,0,0.1,1,"Shelby, Tennessee",70.8,1.52,"Shelby, Tennessee",70.8,1.52,Vanderbilt-Ingram Cancer Center,145.6,2.48,75.1,75.1,158.3,Vanderbilt-Ingram Cancer Center
47035,Cumberland,47,0,0.4,1,"Davidson, Tennessee",109.0,2.3,"Knox, Tennessee",68.3,1.18,Vanderbilt-Ingram Cancer Center,112.9,2.4,116.8,68.9,120.7,Vanderbilt-Ingram Cancer Center
47037,Davidson,47,547,0.3,1,"Davidson, Tennessee",0.0,0.0,"Davidson, Tennessee",0.0,0.0,Vanderbilt-Ingram Cancer Center,4.5,0.12,0.0,0.0,3.9,Vanderbilt-Ingram Cancer Center
47039,Decatur,47,0,0.2,1,"Davidson, Tennessee",101.9,1.84,"Davidson, Tennessee",101.9,1.84,Vanderbilt-Ingram Cancer Center,98.5,1.75,102.6,102.6,99.3,Vanderbilt-Ingram Cancer Center
47041,DeKalb,47,0,0.5,1,"Davidson, Tennessee",59.4,1.22,"Davidson, Tennessee",59.4,1.22,Vanderbilt-Ingram Cancer Center,63.2,1.32,62.5,62.5,66.4,Vanderbilt-Ingram Cancer Center
47043,Dickson,47,3,1.5,1,"Davidson, Tennessee",41.3,0.94,"Davidson, Tennessee",41.3,0.94,Vanderbilt-Ingram Cancer Center,37.9,0.85,40.2,40.2,36.4,Vanderbilt-Ingram Cancer Center
47045,Dyer,47,0,0.2,1,"Shelby, Tennessee",78.6,1.64,"Shelby, Tennessee",78.6,1.64,Vanderbilt-Ingram Cancer Center,160.0,3.39,84.8,84.8,171.3,Vanderbilt-Ingram Cancer Center
47047,Fayette,47,0,2.1,1,"Shelby, Tennessee",29.0,0.59,"Shelby, Tennessee",29.0,0.59,Vanderbilt-Ingram Cancer Center,185.3,3.2,28.2,28.2,196.5,Vanderbilt-Ingram Cancer Center
47049,Fentress,47,0,0.5,1,"Davidson, Tennessee",119.2,2.12,"Knox, Tennessee",81.5,1.98,Vanderbilt-Ingram Cancer Center,123.0,2.21,122.3,71.1,126.1,Vanderbilt-Ingram Cancer Center
47051,Franklin,47,0,0.7,1,"Davidson, Tennessee",84.9,1.65,"Hamilton, Tennessee",71.8,1.6,Vanderbilt-Ingram Cancer Center,86.9,1.87,87.9,62.7,90.3,Vanderbilt-Ingram Cancer Center
47053,Gibson,47,0,0.7,1,"Shelby, Tennessee",88.0,1.91,"Shelby, Tennessee",88.0,1.91,Vanderbilt-Ingram Cancer Center,132.2,2.82,95.4,95.4,139.8,Vanderbilt-Ingram Cancer Center
47055,Giles,47,0,0.2,1,"Davidson, Tennessee",75.3,1.32,"Davidson, Tennessee",75.3,1.32,Vanderbilt-Ingram Cancer Center,72.9,1.6,80.7,80.7,80.4,Vanderbilt-Ingram Cancer Center
47057,Grainger,47,0,1.6,1,"Fayette, Kentucky",162.9,3.57,"Knox, Tennessee",38.9,0.83,Markey Cancer Center (Kentucky),163.7,3.5,160.0,41.7,161.2,Markey Cancer Center (Kentucky)
47059,Greene,47,0,0.0,1,"Mecklenburg, North Carolina",165.9,3.99,"Knox, Tennessee",72.3,1.4,Wake Forest Baptist Comprehensive Cancer Center,167.8,3.62,156.8,79.5,172.3,Wake Forest Baptist Comprehensive Cancer Center
47061,Grundy,47,0,1.0,1,"Davidson, Tennessee",96.8,1.82,"Hamilton, Tennessee",56.1,1.29,Vanderbilt-Ingram Cancer Center,100.3,1.91,95.3,40.9,98.5,Vanderbilt-Ingram Cancer Center
47063,Hamblen,47,0,0.2,1,"Fayette, Kentucky",172.3,3.76,"Knox, Tennessee",45.0,0.99,Markey Cancer Center (Kentucky),173.0,3.7,169.3,50.7,170.5,Markey Cancer Center (Kentucky)
47065,Hamilton,47,39,0.7,1,"Fulton, Georgia",114.3,2.48,"Hamilton, Tennessee",0.0,0.0,Winship Cancer Institute (Emory),118.3,2.58,118.2,0.0,123.3,Winship Cancer Institute (Emory)
47067,Hancock,47,0,0.4,1,"Fayette, Kentucky",165.9,3.53,"Knox, Tennessee",65.8,1.41,Markey Cancer Center (Kentucky),166.7,3.47,149.9,68.0,151.2,Markey Cancer Center (Kentucky)
47069,Hardeman,47,0,1.0,1,"Shelby, Tennessee",59.1,1.23,"Shelby, Tennessee",59.1,1.23,Vanderbilt-Ingram Cancer Center,158.5,3.04,59.3,59.3,167.6,Vanderbilt-Ingram Cancer Center
47071,Hardin,47,0,0.6,1,"Shelby, Tennessee",106.1,2.23,"Union, Mississippi",86.8,1.89,Vanderbilt-Ingram Cancer Center,124.7,2.79,112.7,79.8,123.8,Vanderbilt-Ingram Cancer Center
47073,Hawkins,47,0,0.1,1,"Forsyth, North Carolina",177.7,3.83,"Knox, Tennessee",77.2,1.73,Wake Forest Baptist Comprehensive Cancer Center,177.8,3.84,167.7,85.1,169.0,Markey Cancer Center (Kentucky)
47075,Haywood,47,0,0.5,1,"Shelby, Tennessee",52.2,1.11,"Shelby, Tennessee",52.2,1.11,Vanderbilt-Ingram Cancer Center,153.1,2.57,56.3,56.3,171.9,Vanderbilt-Ingram Cancer Center
47077,Henderson,47,0,0.2,1,"Shelby, Tennessee",100.1,2.06,"Shelby, Tennessee",100.1,2.06,Vanderbilt-Ingram Cancer Center,107.5,1.93,109.0,105.0,115.1,Vanderbilt-Ingram Cancer Center
47079,Henry,47,0,0.4,1,"Davidson, Tennessee",107.2,2.29,"Davidson, Tennessee",107.2,2.29,Vanderbilt-Ingram Cancer Center,105.8,2.22,104.5,104.5,100.6,Vanderbilt-Ingram Cancer Center
47081,Hickman,47,0,0.6,1,"Davidson, Tennessee",49.1,1.07,"Davidson, Tennessee",49.1,1.07,Vanderbilt-Ingram Cancer Center,45.6,0.99,50.2,50.2,47.0,Vanderbilt-Ingram Cancer Center
47083,Houston,47,0,0.8,1,"Davidson, Tennessee",70.4,1.56,"Davidson, Tennessee",70.4,1.56,Vanderbilt-Ingram Cancer Center,67.0,1.47,65.6,65.6,61.7,Vanderbilt-Ingram Cancer Center
47085,Humphreys,47,0,0.6,1,"Davidson, Tennessee",67.5,1.42,"Davidson, Tennessee",67.5,1.42,Vanderbilt-Ingram Cancer Center,64.1,1.34,69.2,69.2,65.4,Vanderbilt-Ingram Cancer Center
47087,Jackson,47,0,1.5,1,"Davidson, Tennessee",75.8,1.56,"Davidson, Tennessee",75.8,1.56,Vanderbilt-Ingram Cancer Center,79.6,1.66,76.2,76.2,80.0,Vanderbilt-Ingram Cancer Center
47089,Jefferson,47,0,1.0,1,"Fayette, Kentucky",184.1,4.05,"Knox, Tennessee",35.6,0.76,Markey Cancer Center (Kentucky),184.8,3.99,176.2,36.9,177.4,Markey Cancer Center (Kentucky)
47091,Johnson,47,0,1.1,1,"Forsyth, North Carolina",113.4,2.33,"Forsyth, North Carolina",113.4,2.33,Wake Forest Baptist Comprehensive Cancer Center,113.6,2.33,109.8,109.8,109.7,Wake Forest Baptist Comprehensive Cancer Center
47093,Knox,47,65,0.2,1,"Fayette, Kentucky",169.9,2.95,"Knox, Tennessee",0.0,0.0,Markey Cancer Center (Kentucky),170.6,2.89,173.1,0.0,174.2,Markey Cancer Center (Kentucky)
47095,Lake,47,0,0.1,1,"Shelby, Tennessee",100.3,2.08,"Shelby, Tennessee",100.3,2.08,Vanderbilt-Ingram Cancer Center,175.8,3.72,105.4,83.3,179.0,Vanderbilt-Ingram Cancer Center
47097,Lauderdale,47,0,0.2,1,"Shelby, Tennessee",54.5,1.12,"Shelby, Tennessee",54.5,1.12,Vanderbilt-Ingram Cancer Center,172.2,3.06,57.6,57.6,186.2,Vanderbilt-Ingram Cancer Center
47099,Lawrence,47,0,0.4,1,"Davidson, Tennessee",80.1,1.79,"Davidson, Tennessee",80.1,1.79,Vanderbilt-Ingram Cancer Center,77.7,1.75,85.2,85.2,83.8,Vanderbilt-Ingram Cancer Center
47101,Lewis,47,0,0.2,1,"Davidson, Tennessee",77.0,1.7,"Davidson, Tennessee",77.0,1.7,Vanderbilt-Ingram Cancer Center,73.6,1.61,72.4,72.4,70.0,Vanderbilt-Ingram Cancer Center
47103,Lincoln,47,0,0.3,1,"Davidson, Tennessee",79.3,1.74,"Davidson, Tennessee",79.3,1.74,Vanderbilt-Ingram Cancer Center,80.6,1.77,86.4,86.4,87.5,Vanderbilt-Ingram Cancer Center
47105,Loudon,47,0,0.8,1,"Davidson, Tennessee",162.8,2.77,"Knox, Tennessee",28.4,0.64,Vanderbilt-Ingram Cancer Center,166.6,2.86,160.0,26.3,163.0,Winship Cancer Institute (Emory)
47107,McMinn,47,0,0.8,1,"Fulton, Georgia",137.8,2.92,"Hamilton, Tennessee",50.8,1.07,Winship Cancer Institute (Emory),141.8,3.02,132.8,49.3,136.5,Winship Cancer Institute (Emory)
47109,McNairy,47,0,0.0,1,"Shelby, Tennessee",85.4,1.77,"Union, Mississippi",71.1,1.52,Vanderbilt-Ingram Cancer Center,140.2,3.13,91.5,65.9,141.7,Vanderbilt-Ingram Cancer Center
47111,Macon,47,0,0.3,1,"Davidson, Tennessee",59.9,1.2,"Davidson, Tennessee",59.9,1.2,Vanderbilt-Ingram Cancer Center,60.7,1.35,58.3,58.3,61.2,Vanderbilt-Ingram Cancer Center
47113,Madison,47,0,0.2,1,"Shelby, Tennessee",74.7,1.22,"Shelby, Tennessee",74.7,1.22,Vanderbilt-Ingram Cancer Center,126.4,2.09,83.8,83.8,141.7,Vanderbilt-Ingram Cancer Center
47115,Marion,47,0,1.3,1,"Davidson, Tennessee",108.6,2.04,"Hamilton, Tennessee",35.2,0.85,Vanderbilt-Ingram Cancer Center,112.1,2.13,114.6,27.6,117.6,Vanderbilt-Ingram Cancer Center
47117,Marshall,47,0,0.0,1,"Davidson, Tennessee",52.1,1.02,"Davidson, Tennessee",52.1,1.02,Vanderbilt-Ingram Cancer Center,51.1,1.0,53.2,53.2,53.7,Vanderbilt-Ingram Cancer Center
47119,Maury,47,0,0.1,1,"Davidson, Tennessee",42.8,0.92,"Davidson, Tennessee",42.8,0.92,Vanderbilt-Ingram Cancer Center,40.4,0.89,45.8,45.8,44.8,Vanderbilt-Ingram Cancer Center
47121,Meigs,47,0,0.5,1,"Davidson, Tennessee",141.6,3.11,"Hamilton, Tennessee",41.6,0.87,Vanderbilt-Ingram Cancer Center,145.4,3.21,140.0,42.7,143.8,Vanderbilt-Ingram Cancer Center
47123,Monroe,47,0,0.1,1,"Fulton, Georgia",145.1,3.09,"Knox, Tennessee",45.5,1.05,Winship Cancer Institute (Emory),149.1,3.18,139.8,44.8,142.9,Winship Cancer Institute (Emory)
47125,Montgomery,47,0,1.0,1,"Davidson, Tennessee",49.5,0.92,"Davidson, Tennessee",49.5,0.92,Vanderbilt-Ingram Cancer Center,49.3,0.99,53.1,53.1,49.9,Vanderbilt-Ingram Cancer Center
47127,Moore,47,0,1.4,1,"Davidson, Tennessee",69.1,1.51,"Davidson, Tennessee",69.1,1.51,Vanderbilt-Ingram Cancer Center,70.3,1.54,74.9,74.9,76.9,Vanderbilt-Ingram Cancer Center
47129,Morgan,47,0,0.4,1,"Davidson, Tennessee",134.6,2.52,"Knox, Tennessee",39.0,0.94,Vanderbilt-Ingram Cancer Center,138.4,2.62,144.1,41.7,148.0,Vanderbilt-Ingram Cancer Center
47131,Obion,47,0,0.6,1,"Shelby, Tennessee",108.9,2.19,"Cape Girardeau, Missouri",92.9,2.03,Vanderbilt-Ingram Cancer Center,149.6,3.14,118.2,86.8,153.6,Vanderbilt-Ingram Cancer Center
47133,Overton,47,0,0.3,1,"Davidson, Tennessee",95.4,2.06,"Davidson, Tennessee",95.4,2.06,Vanderbilt-Ingram Cancer Center,99.2,2.16,96.5,94.5,100.2,Vanderbilt-Ingram Cancer Center
47135,Perry,47,0,1.8,1,"Davidson, Tennessee",87.1,1.92,"Davidson, Tennessee",87.1,1.92,Vanderbilt-Ingram Cancer Center,83.7,1.84,84.9,84.9,81.8,Vanderbilt-Ingram Cancer Center
47137,Pickett,47,0,0.4,1,"Davidson, Tennessee",113.6,2.48,"Knox, Tennessee",103.9,2.56,Vanderbilt-Ingram Cancer Center,117.4,2.58,112.8,91.3,116.3,Vanderbilt-Ingram Cancer Center
47139,Polk,47,0,0.3,1,"Fulton, Georgia",118.3,2.57,"Hamilton, Tennessee",43.5,0.91,Winship Cancer Institute (Emory),121.5,2.64,107.8,43.0,111.6,Winship Cancer Institute (Emory)
47141,Putnam,47,3,0.1,1,"Davidson, Tennessee",75.8,1.26,"Davidson, Tennessee",75.8,1.26,Vanderbilt-Ingram Cancer Center,79.6,1.36,83.1,83.1,87.0,Vanderbilt-Ingram Cancer Center
47143,Rhea,47,0,0.2,1,"Davidson, Tennessee",134.0,2.95,"Hamilton, Tennessee",40.8,0.86,Vanderbilt-Ingram Cancer Center,137.8,3.04,129.6,41.9,133.4,Vanderbilt-Ingram Cancer Center
47145,Roane,47,0,0.1,1,"Davidson, Tennessee",139.4,2.24,"Knox, Tennessee",35.8,0.63,Vanderbilt-Ingram Cancer Center,143.2,2.34,150.6,36.4,154.5,Vanderbilt-Ingram Cancer Center
47147,Robertson,47,0,1.0,1,"Davidson, Tennessee",34.7,0.77,"Davidson, Tennessee",34.7,0.77,Vanderbilt-Ingram Cancer Center,34.5,0.75,29.3,29.3,28.3,Vanderbilt-Ingram Cancer Center
47149,Rutherford,47,7,0.6,1,"Davidson, Tennessee",25.7,0.53,"Davidson, Tennessee",25.7,0.53,Vanderbilt-Ingram Cancer Center,29.5,0.63,28.6,28.6,31.8,Vanderbilt-Ingram Cancer Center
47151,Scott,47,0,1.7,1,"Fayette, Kentucky",125.2,2.79,"Knox, Tennessee",59.3,1.16,Markey Cancer Center (Kentucky),124.4,2.78,129.8,52.9,130.8,Markey Cancer Center (Kentucky)
47153,Sequatchie,47,0,0.2,1,"Davidson, Tennessee",106.1,2.31,"Hamilton, Tennessee",36.2,0.85,Vanderbilt-Ingram Cancer Center,109.9,2.41,111.8,25.2,115.3,Vanderbilt-Ingram Cancer Center
47155,Sevier,47,0,0.7,1,"Mecklenburg, North Carolina",193.5,4.69,"Knox, Tennessee",28.7,0.65,Markey Cancer Center (Kentucky),196.1,3.46,177.3,28.9,178.9,Winship Cancer Institute (Emory)
47157,Shelby,47,118,1.0,1,"Shelby, Tennessee",0.0,0.0,"Shelby, Tennessee",0.0,0.0,Vanderbilt-Ingram Cancer Center,199.0,3.24,0.0,0.0,224.1,Vanderbilt-Ingram Cancer Center
47159,Smith,47,0,0.8,1,"Davidson, Tennessee",48.8,0.91,"Davidson, Tennessee",48.8,0.91,Vanderbilt-Ingram Cancer Center,52.6,1.01,52.7,52.7,56.4,Vanderbilt-Ingram Cancer Center
47161,Stewart,47,1,1.1,1,"Davidson, Tennessee",81.3,1.74,"Davidson, Tennessee",81.3,1.74,Vanderbilt-Ingram Cancer Center,80.9,1.8,76.4,76.4,72.6,Vanderbilt-Ingram Cancer Center
47163,Sullivan,47,4,0.2,1,"Forsyth, North Carolina",150.4,3.22,"Knox, Tennessee",102.0,1.76,Wake Forest Baptist Comprehensive Cancer Center,150.6,3.23,147.2,116.2,147.0,Wake Forest Baptist Comprehensive Cancer Center
47165,Sumner,47,4,0.9,1,"Davidson, Tennessee",27.5,0.56,"Davidson, Tennessee",27.5,0.56,Vanderbilt-Ingram Cancer Center,27.5,0.58,25.6,25.6,27.5,Vanderbilt-Ingram Cancer Center
47167,Tipton,47,0,0.2,1,"Shelby, Tennessee",36.3,0.74,"Shelby, Tennessee",36.3,0.74,Vanderbilt-Ingram Cancer Center,183.1,3.22,30.0,30.0,205.8,Vanderbilt-Ingram Cancer Center
47169,Trousdale,47,0,0.4,1,"Davidson, Tennessee",45.5,0.86,"Davidson, Tennessee",45.5,0.86,Vanderbilt-Ingram Cancer Center,47.6,1.04,44.6,44.6,47.8,Vanderbilt-Ingram Cancer Center
47171,Unicoi,47,0,0.3,1,"Mecklenburg, North Carolina",136.4,3.2,"Knox, Tennessee",103.8,2.13,Wake Forest Baptist Comprehensive Cancer Center,139.8,2.92,130.9,101.9,143.0,Wake Forest Baptist Comprehensive Cancer Center
47173,Union,47,0,0.2,1,"Fayette, Kentucky",162.8,3.52,"Knox, Tennessee",24.4,0.57,Markey Cancer Center (Kentucky),163.6,3.46,153.8,25.5,155.0,Markey Cancer Center (Kentucky)
47175,Van Buren,47,0,1.0,1,"Davidson, Tennessee",91.3,1.99,"Hamilton, Tennessee",62.9,1.19,Vanderbilt-Ingram Cancer Center,95.1,2.09,93.6,54.0,97.4,Vanderbilt-Ingram Cancer Center
47177,Warren,47,0,0.3,1,"Davidson, Tennessee",67.8,1.46,"Davidson, Tennessee",67.8,1.46,Vanderbilt-Ingram Cancer Center,71.6,1.56,73.6,64.0,77.3,Vanderbilt-Ingram Cancer Center
47179,Washington,47,3,0.9,1,"Forsyth, North Carolina",142.9,3.04,"Knox, Tennessee",98.7,2.02,Wake Forest Baptist Comprehensive Cancer Center,143.1,3.04,141.8,108.3,146.5,Wake Forest Baptist Comprehensive Cancer Center
47181,Wayne,47,0,1.2,1,"Davidson, Tennessee",101.3,2.28,"Davidson, Tennessee",101.3,2.28,Vanderbilt-Ingram Cancer Center,98.8,2.25,101.4,101.4,99.1,Vanderbilt-Ingram Cancer Center
47183,Weakley,47,0,1.2,1,"Shelby, Tennessee",118.7,2.56,"Cape Girardeau, Missouri",102.0,2.23,Vanderbilt-Ingram Cancer Center,129.8,2.72,122.0,104.1,132.4,Vanderbilt-Ingram Cancer Center
47185,White,47,0,0.3,1,"Davidson, Tennessee",80.7,1.69,"Hamilton, Tennessee",78.2,1.54,Vanderbilt-Ingram Cancer Center,84.5,1.79,85.8,72.9,89.7,Vanderbilt-Ingram Cancer Center
47187,Williamson,47,10,0.1,1,"Davidson, Tennessee",20.8,0.44,"Davidson, Tennessee",20.8,0.44,Vanderbilt-Ingram Cancer Center,19.4,0.44,19.9,19.9,19.4,Vanderbilt-Ingram Cancer Center
47189,Wilson,47,6,0.3,1,"Davidson, Tennessee",21.2,0.36,"Davidson, Tennessee",21.2,0.36,Vanderbilt-Ingram Cancer Center,25.0,0.45,23.0,23.0,26.7,Vanderbilt-Ingram Cancer Center
48001,Anderson,48,9,1.0,1,"Dallas, Texas",106.3,2.16,"Smith, Texas",48.8,1.05,Harold C. Simmons Comprehensive Cancer Center (UTSW),109.3,2.24,115.5,53.0,118.4,Harold C. Simmons Comprehensive Cancer Center (UTSW)
48003,Andrews,48,0,0.1,1,"Tarrant, Texas",321.7,5.7,"Lubbock, Texas",106.3,2.24,Harold C. Simmons Comprehensive Cancer Center (UTSW),347.6,6.25,369.5,111.5,364.2,UNM Comprehensive Cancer Center
48005,Angelina,48,0,0.0,1,"Harris, Texas",118.7,2.43,"Smith, Texas",84.5,1.88,MD Anderson Cancer Center,123.5,2.56,134.0,93.5,142.0,Dan L Duncan Comprehensive Cancer Center (Baylor)
48007,Aransas,48,0,0.5,1,"Bexar, Texas",155.0,3.27,"Bexar, Texas",155.0,3.27,Mays Cancer Center (UT Health San Antonio),158.3,3.36,160.6,160.6,164.0,Mays Cancer Center (UT Health San Antonio)
48009,Archer,48,0,0.1,1,"Tarrant, Texas",130.0,2.72,"Comanche, Oklahoma",72.4,1.37,Harold C. Simmons Comprehensive Cancer Center (UTSW),144.7,3.06,122.8,77.4,143.2,Harold C. Simmons Comprehensive Cancer Center (UTSW)
48011,Armstrong,48,0,1.6,1,"Oklahoma, Oklahoma",238.0,4.11,"Lubbock, Texas",142.4,2.91,Stephenson Cancer Center (Oklahoma),239.6,4.01,264.9,132.2,265.1,Stephenson Cancer Center (Oklahoma)
48013,Atascosa,48,0,0.1,1,"Bexar, Texas",33.7,0.74,"Bexar, Texas",33.7,0.74,Mays Cancer Center (UT Health San Antonio),37.0,0.82,36.9,36.9,38.5,Mays Cancer Center (UT Health San Antonio)
48015,Austin,48,0,1.9,1,"Harris, Texas",55.1,1.05,"Fort Bend, Texas",47.3,1.04,MD Anderson Cancer Center,63.5,1.18,57.2,43.2,60.1,Dan L Duncan Comprehensive Cancer Center (Baylor)
48017,Bailey,48,0,0.7,1,"Oklahoma, Oklahoma",354.1,6.28,"Lubbock, Texas",70.7,1.49,UNM Comprehensive Cancer Center,253.8,4.89,372.0,80.4,275.6,UNM Comprehensive Cancer Center
48019,Bandera,48,0,1.6,1,"Bexar, Texas",46.2,0.99,"Bexar, Texas",46.2,0.99,Mays Cancer Center (UT Health San Antonio),45.5,1.0,40.3,40.3,36.7,Mays Cancer Center (UT Health San Antonio)
48021,Bastrop,48,0,2.2,1,"Travis, Texas",35.4,0.93,"Travis, Texas",35.4,0.93,Mays Cancer Center (UT Health San Antonio),92.2,1.78,30.8,30.8,101.8,Mays Cancer Center (UT Health San Antonio)
48023,Baylor,48,0,0.2,1,"Tarrant, Texas",150.5,3.13,"Taylor, Texas",103.2,2.21,Harold C. Simmons Comprehensive Cancer Center (UTSW),165.2,3.47,155.8,103.4,179.9,Harold C. Simmons Comprehensive Cancer Center (UTSW)
48025,Bee,48,0,0.5,1,"Bexar, Texas",96.5,2.07,"Bexar, Texas",96.5,2.07,Mays Cancer Center (UT Health San Antonio),99.7,2.15,107.3,107.3,110.5,Mays Cancer Center (UT Health San Antonio)
48027,Bell,48,22,0.6,1,"Travis, Texas",65.2,1.14,"Bell, Texas",0.0,0.0,Mays Cancer Center (UT Health San Antonio),147.2,2.47,64.6,0.0,148.5,Mays Cancer Center (UT Health San Antonio)
48029,Bexar,48,309,0.0,1,"Bexar, Texas",0.0,0.0,"Bexar, Texas",0.0,0.0,Mays Cancer Center (UT Health San Antonio),4.5,0.09,0.0,0.0,3.6,Mays Cancer Center (UT Health San Antonio)
48031,Blanco,48,0,0.7,1,"Travis, Texas",45.6,0.94,"Travis, Texas",45.6,0.94,Mays Cancer Center (UT Health San Antonio),54.0,1.1,47.5,47.5,57.3,Mays Cancer Center (UT Health San Antonio)
48033,Borden,48,0,0.9,1,"Tarrant, Texas",254.0,5.27,"Lubbock, Texas",94.9,1.98,Harold C. Simmons Comprehensive Cancer Center (UTSW),279.9,5.82,292.0,73.2,320.2,Harold C. Simmons Comprehensive Cancer Center (UTSW)
48035,Bosque,48,0,2.8,1,"Tarrant, Texas",80.7,1.65,"Tarrant, Texas",80.7,1.65,Harold C. Simmons Comprehensive Cancer Center (UTSW),97.8,1.97,78.2,64.7,94.0,Harold C. Simmons Comprehensive Cancer Center (UTSW)
48037,Bowie,48,0,1.4,1,"Dallas, Texas",170.3,2.92,"Caddo, Louisiana",84.5,1.82,Harold C. Simmons Comprehensive Cancer Center (UTSW),173.5,3.0,187.0,85.0,190.6,Harold C. Simmons Comprehensive Cancer Center (UTSW)
48039,Brazoria,48,8,2.5,1,"Harris, Texas",39.1,0.79,"Fort Bend, Texas",33.8,0.72,MD Anderson Cancer Center,29.5,0.58,38.4,27.1,29.1,Dan L Duncan Comprehensive Cancer Center (Baylor)
48041,Brazos,48,1,0.1,1,"Harris, Texas",87.6,1.75,"Montgomery, Texas",68.8,1.3,MD Anderson Cancer Center,97.6,1.98,93.1,70.1,101.1,Dan L Duncan Comprehensive Cancer Center (Baylor)
48043,Brewster,48,0,2.9,1,"Bexar, Texas",372.7,7.66,"El Paso, Texas",236.1,4.59,Mays Cancer Center (UT Health San Antonio),372.7,7.67,370.9,234.1,367.4,Mays Cancer Center (UT Health San Antonio)
48045,Briscoe,48,0,0.9,1,"Oklahoma, Oklahoma",266.7,5.29,"Lubbock, Texas",96.2,1.99,Stephenson Cancer Center (Oklahoma),264.6,5.21,268.3,86.7,267.5,Stephenson Cancer Center (Oklahoma)
48047,Brooks,48,0,0.1,1,"Bexar, Texas",166.1,3.32,"Bexar, Texas",166.1,3.32,Mays Cancer Center (UT Health San Antonio),169.4,3.4,190.8,190.8,193.0,Mays Cancer Center (UT Health San Antonio)
48049,Brown,48,0,0.0,1,"Tarrant, Texas",132.2,2.85,"Taylor, Texas",79.1,1.68,Harold C. Simmons Comprehensive Cancer Center (UTSW),158.1,3.4,146.9,78.9,175.2,Harold C. Simmons Comprehensive Cancer Center (UTSW)
48051,Burleson,48,0,1.2,1,"Travis, Texas",85.0,1.77,"Bell, Texas",81.2,1.72,MD Anderson Cancer Center,106.9,2.1,80.1,80.1,109.7,Dan L Duncan Comprehensive Cancer Center (Baylor)
48053,Burnet,48,0,0.8,1,"Travis, Texas",56.9,1.19,"Travis, Texas",56.9,1.19,Mays Cancer Center (UT Health San Antonio),90.9,1.88,46.1,46.1,99.7,Mays Cancer Center (UT Health San Antonio)
48055,Caldwell,48,0,0.4,1,"Travis, Texas",37.7,0.94,"Travis, Texas",37.7,0.94,Mays Cancer Center (UT Health San Antonio),69.8,1.31,37.6,37.6,71.5,Mays Cancer Center (UT Health San Antonio)
48057,Calhoun,48,0,1.0,1,"Harris, Texas",127.6,2.65,"Fort Bend, Texas",105.6,2.23,MD Anderson Cancer Center,124.1,2.63,133.8,109.5,128.2,Dan L Duncan Comprehensive Cancer Center (Baylor)
48059,Callahan,48,0,3.8,1,"Tarrant, Texas",140.1,2.4,"Taylor, Texas",26.9,0.53,Harold C. Simmons Comprehensive Cancer Center (UTSW),166.0,2.95,157.9,22.7,186.3,Harold C. Simmons Comprehensive Cancer Center (UTSW)
48061,Cameron,48,7,0.4,1,"Bexar, Texas",265.2,5.36,"Bexar, Texas",265.2,5.36,Mays Cancer Center (UT Health San Antonio),268.4,5.44,293.8,293.8,296.2,Mays Cancer Center (UT Health San Antonio)
48063,Camp,48,0,0.8,1,"Dallas, Texas",122.5,2.26,"Smith, Texas",58.4,1.29,Harold C. Simmons Comprehensive Cancer Center (UTSW),125.7,2.34,126.4,59.3,130.1,Harold C. Simmons Comprehensive Cancer Center (UTSW)
48065,Carson,48,0,1.1,1,"Oklahoma, Oklahoma",225.6,4.3,"Lubbock, Texas",158.9,3.07,Stephenson Cancer Center (Oklahoma),227.3,4.2,258.0,156.6,258.5,Stephenson Cancer Center (Oklahoma)
48067,Cass,48,1,1.7,1,"Dallas, Texas",164.0,3.0,"Caddo, Louisiana",65.3,1.47,Harold C. Simmons Comprehensive Cancer Center (UTSW),167.1,3.08,174.7,61.5,178.5,Harold C. Simmons Comprehensive Cancer Center (UTSW)
48069,Castro,48,0,0.6,1,"Oklahoma, Oklahoma",325.1,5.69,"Lubbock, Texas",83.6,1.75,UNM Comprehensive Cancer Center,279.3,5.41,333.6,84.7,301.4,UNM Comprehensive Cancer Center
48071,Chambers,48,0,2.1,1,"Harris, Texas",43.6,0.78,"Harris, Texas",43.6,0.78,MD Anderson Cancer Center,44.6,0.87,47.3,36.1,46.3,Dan L Duncan Comprehensive Cancer Center (Baylor)
48073,Cherokee,48,0,0.8,1,"Dallas, Texas",118.0,2.42,"Smith, Texas",31.3,0.71,Harold C. Simmons Comprehensive Cancer Center (UTSW),121.0,2.51,132.8,34.7,136.2,Harold C. Simmons Comprehensive Cancer Center (UTSW)
48075,Childress,48,0,0.2,1,"Oklahoma, Oklahoma",207.4,4.07,"Comanche, Oklahoma",119.4,2.49,Stephenson Cancer Center (Oklahoma),205.3,3.99,205.5,124.4,204.2,Stephenson Cancer Center (Oklahoma)
48077,Clay,48,0,0.1,1,"Tarrant, Texas",101.1,2.1,"Comanche, Oklahoma",71.4,1.46,Harold C. Simmons Comprehensive Cancer Center (UTSW),115.9,2.44,111.9,68.0,128.3,Harold C. Simmons Comprehensive Cancer Center (UTSW)
48079,Cochran,48,0,1.1,1,"Tarrant, Texas",364.9,7.52,"Lubbock, Texas",58.7,1.24,UNM Comprehensive Cancer Center,291.1,5.65,387.9,59.5,291.1,UNM Comprehensive Cancer Center
48081,Coke,48,0,0.2,1,"Tarrant, Texas",217.4,3.91,"Taylor, Texas",60.8,1.26,Mays Cancer Center (UT Health San Antonio),226.3,4.24,230.8,62.4,238.2,Mays Cancer Center (UT Health San Antonio)
48083,Coleman,48,0,0.1,1,"Tarrant, Texas",161.1,2.92,"Taylor, Texas",52.2,1.08,Mays Cancer Center (UT Health San Antonio),186.0,3.7,171.8,56.0,199.2,Harold C. Simmons Comprehensive Cancer Center (UTSW)
48085,Collin,48,12,0.9,1,"Dallas, Texas",23.4,0.39,"Dallas, Texas",23.4,0.39,Harold C. Simmons Comprehensive Cancer Center (UTSW),28.4,0.51,26.0,26.0,26.9,Harold C. Simmons Comprehensive Cancer Center (UTSW)
48087,Collingsworth,48,0,0.6,1,"Oklahoma, Oklahoma",185.0,3.35,"Comanche, Oklahoma",117.1,2.47,Stephenson Cancer Center (Oklahoma),186.6,3.85,191.6,124.2,191.1,Stephenson Cancer Center (Oklahoma)
48089,Colorado,48,0,0.4,1,"Harris, Texas",72.0,1.29,"Fort Bend, Texas",59.3,1.26,MD Anderson Cancer Center,77.9,1.65,81.1,61.9,82.0,Dan L Duncan Comprehensive Cancer Center (Baylor)
48091,Comal,48,5,0.6,1,"Bexar, Texas",38.7,0.7,"Bexar, Texas",38.7,0.7,Mays Cancer Center (UT Health San Antonio),39.8,0.74,32.3,32.3,33.4,Mays Cancer Center (UT Health San Antonio)
48093,Comanche,48,0,0.2,1,"Tarrant, Texas",106.0,2.28,"Taylor, Texas",93.2,1.91,Harold C. Simmons Comprehensive Cancer Center (UTSW),131.9,2.83,112.9,92.5,139.0,Harold C. Simmons Comprehensive Cancer Center (UTSW)
48095,Concho,48,0,0.4,1,"Bexar, Texas",165.5,2.98,"Taylor, Texas",86.1,1.75,Mays Cancer Center (UT Health San Antonio),163.1,2.95,170.6,93.6,174.1,Mays Cancer Center (UT Health San Antonio)
48097,Cooke,48,0,1.0,1,"Tarrant, Texas",68.0,1.16,"Tarrant, Texas",68.0,1.16,Harold C. Simmons Comprehensive Cancer Center (UTSW),65.2,1.21,70.3,70.3,68.8,Harold C. Simmons Comprehensive Cancer Center (UTSW)
48099,Coryell,48,0,7.4,1,"Travis, Texas",79.8,1.64,"Bell, Texas",26.5,0.59,Mays Cancer Center (UT Health San Antonio),147.2,3.1,76.7,21.4,148.2,Harold C. Simmons Comprehensive Cancer Center (UTSW)
48101,Cottle,48,0,0.1,1,"Oklahoma, Oklahoma",231.5,4.6,"Lubbock, Texas",117.6,2.43,Stephenson Cancer Center (Oklahoma),229.4,4.52,227.1,116.4,225.4,Stephenson Cancer Center (Oklahoma)
48103,Crane,48,0,0.1,1,"Bexar, Texas",302.1,5.34,"Lubbock, Texas",168.3,3.47,Mays Cancer Center (UT Health San Antonio),299.7,5.31,315.9,181.1,312.3,Mays Cancer Center (UT Health San Antonio)
48105,Crockett,48,0,0.1,1,"Bexar, Texas",200.2,3.27,"Taylor, Texas",168.8,3.47,Mays Cancer Center (UT Health San Antonio),197.7,3.24,217.5,175.1,213.8,Mays Cancer Center (UT Health San Antonio)
48107,Crosby,48,0,0.8,1,"Tarrant, Texas",275.7,5.67,"Lubbock, Texas",36.1,0.77,Harold C. Simmons Comprehensive Cancer Center (UTSW),291.1,6.06,294.6,38.1,303.1,Stephenson Cancer Center (Oklahoma)
48109,Culberson,48,0,0.5,1,"Bexar, Texas",426.0,6.85,"El Paso, Texas",122.4,2.24,UNM Comprehensive Cancer Center,385.2,7.13,443.6,124.6,356.5,UNM Comprehensive Cancer Center
48111,Dallam,48,0,0.4,1,"Oklahoma, Oklahoma",313.2,6.07,"Lubbock, Texas",201.9,4.17,UNM Comprehensive Cancer Center,272.3,5.0,338.1,216.5,287.7,UNM Comprehensive Cancer Center
48113,Dallas,48,434,0.3,1,"Dallas, Texas",0.0,0.0,"Dallas, Texas",0.0,0.0,Harold C. Simmons Comprehensive Cancer Center (UTSW),6.1,0.13,0.0,0.0,3.9,Harold C. Simmons Comprehensive Cancer Center (UTSW)
48115,Dawson,48,0,0.1,1,"Tarrant, Texas",285.0,5.9,"Lubbock, Texas",62.1,1.31,Harold C. Simmons Comprehensive Cancer Center (UTSW),310.9,6.45,327.8,67.9,356.0,Harold C. Simmons Comprehensive Cancer Center (UTSW)
48117,Deaf Smith,48,0,0.2,1,"Oklahoma, Oklahoma",302.4,5.23,"Lubbock, Texas",104.1,2.17,UNM Comprehensive Cancer Center,279.5,4.78,336.3,112.0,289.1,UNM Comprehensive Cancer Center
48119,Delta,48,0,0.1,1,"Dallas, Texas",80.9,1.51,"Dallas, Texas",80.9,1.51,Harold C. Simmons Comprehensive Cancer Center (UTSW),84.1,1.59,88.6,88.6,91.7,Harold C. Simmons Comprehensive Cancer Center (UTSW)
48121,Denton,48,16,0.8,1,"Dallas, Texas",31.5,0.63,"Dallas, Texas",31.5,0.63,Harold C. Simmons Comprehensive Cancer Center (UTSW),26.1,0.52,29.9,29.9,27.8,Harold C. Simmons Comprehensive Cancer Center (UTSW)
48123,DeWitt,48,0,0.8,1,"Bexar, Texas",90.5,1.92,"Bexar, Texas",90.5,1.92,Mays Cancer Center (UT Health San Antonio),93.7,2.0,93.9,93.9,97.5,Mays Cancer Center (UT Health San Antonio)
48125,Dickens,48,0,0.7,1,"Tarrant, Texas",246.5,5.15,"Lubbock, Texas",72.1,1.52,Harold C. Simmons Comprehensive Cancer Center (UTSW),265.3,5.52,258.7,71.8,279.3,Stephenson Cancer Center (Oklahoma)
48127,Dimmit,48,0,0.7,1,"Bexar, Texas",118.2,2.22,"Bexar, Texas",118.2,2.22,Mays Cancer Center (UT Health San Antonio),121.4,2.26,123.3,123.3,122.0,Mays Cancer Center (UT Health San Antonio)
48129,Donley,48,0,1.1,1,"Oklahoma, Oklahoma",221.6,3.84,"Lubbock, Texas",143.5,2.97,Stephenson Cancer Center (Oklahoma),223.2,3.74,231.9,135.3,231.7,Stephenson Cancer Center (Oklahoma)
48131,Duval,48,0,3.7,1,"Bexar, Texas",134.5,2.85,"Bexar, Texas",134.5,2.85,Mays Cancer Center (UT Health San Antonio),137.8,2.93,144.8,144.8,146.8,Mays Cancer Center (UT Health San Antonio)
48133,Eastland,48,0,1.0,1,"Tarrant, Texas",102.9,1.76,"Taylor, Texas",61.6,1.07,Harold C. Simmons Comprehensive Cancer Center (UTSW),128.7,2.31,116.6,64.7,144.9,Harold C. Simmons Comprehensive Cancer Center (UTSW)
48135,Ector,48,7,0.1,1,"Tarrant, Texas",321.1,5.63,"Lubbock, Texas",138.1,2.84,Mays Cancer Center (UT Health San Antonio),333.4,6.01,338.5,144.0,335.0,Mays Cancer Center (UT Health San Antonio)
48137,Edwards,48,0,0.7,1,"Bexar, Texas",135.5,2.5,"Bexar, Texas",135.5,2.5,Mays Cancer Center (UT Health San Antonio),133.1,2.47,127.2,127.2,123.6,Mays Cancer Center (UT Health San Antonio)
48139,Ellis,48,0,0.6,1,"Dallas, Texas",28.7,0.6,"Dallas, Texas",28.7,0.6,Harold C. Simmons Comprehensive Cancer Center (UTSW),29.2,0.61,31.7,31.7,31.9,Harold C. Simmons Comprehensive Cancer Center (UTSW)
48141,El Paso,48,23,0.7,1,"Pima, Arizona",323.6,5.56,"El Paso, Texas",0.0,0.0,UNM Comprehensive Cancer Center,272.2,5.08,324.9,0.0,274.3,UNM Comprehensive Cancer Center
48143,Erath,48,0,0.1,1,"Tarrant, Texas",72.9,1.56,"Tarrant, Texas",72.9,1.56,Harold C. Simmons Comprehensive Cancer Center (UTSW),98.8,2.11,82.3,82.3,108.8,Harold C. Simmons Comprehensive Cancer Center (UTSW)
48145,Falls,48,0,2.0,1,"Travis, Texas",99.0,1.87,"Bell, Texas",50.5,1.02,Harold C. Simmons Comprehensive Cancer Center (UTSW),125.8,2.36,96.9,47.8,129.0,Harold C. Simmons Comprehensive Cancer Center (UTSW)
48147,Fannin,48,0,0.3,1,"Dallas, Texas",69.9,1.39,"Dallas, Texas",69.9,1.39,Harold C. Simmons Comprehensive Cancer Center (UTSW),74.9,1.51,74.9,74.9,76.8,Harold C. Simmons Comprehensive Cancer Center (UTSW)
48149,Fayette,48,0,0.2,1,"Travis, Texas",72.4,1.74,"Travis, Texas",72.4,1.74,MD Anderson Cancer Center,108.7,2.03,71.7,71.7,108.6,Dan L Duncan Comprehensive Cancer Center (Baylor)
48151,Fisher,48,0,1.7,1,"Tarrant, Texas",194.6,4.07,"Taylor, Texas",59.4,1.22,Harold C. Simmons Comprehensive Cancer Center (UTSW),220.5,4.62,220.7,53.8,248.9,Harold C. Simmons Comprehensive Cancer Center (UTSW)
48153,Floyd,48,0,0.1,1,"Oklahoma, Oklahoma",296.8,5.94,"Lubbock, Texas",59.5,1.24,Stephenson Cancer Center (Oklahoma),294.7,5.85,290.4,54.0,289.2,Stephenson Cancer Center (Oklahoma)
48155,Foard,48,0,0.6,1,"Oklahoma, Oklahoma",193.6,3.82,"Comanche, Oklahoma",107.5,2.29,Stephenson Cancer Center (Oklahoma),191.5,3.73,196.2,102.9,194.0,Stephenson Cancer Center (Oklahoma)
48157,Fort Bend,48,43,0.8,1,"Harris, Texas",25.5,0.49,"Fort Bend, Texas",0.0,0.0,MD Anderson Cancer Center,22.1,0.47,24.6,0.0,21.3,Dan L Duncan Comprehensive Cancer Center (Baylor)
48159,Franklin,48,0,1.4,1,"Dallas, Texas",105.3,1.82,"Smith, Texas",66.3,1.5,Harold C. Simmons Comprehensive Cancer Center (UTSW),108.4,1.9,111.8,66.2,115.5,Harold C. Simmons Comprehensive Cancer Center (UTSW)
48161,Freestone,48,0,1.0,1,"Dallas, Texas",92.4,1.63,"Smith, Texas",85.4,1.82,Harold C. Simmons Comprehensive Cancer Center (UTSW),95.4,1.72,100.6,82.3,102.5,Harold C. Simmons Comprehensive Cancer Center (UTSW)
48163,Frio,48,0,0.2,1,"Bexar, Texas",62.7,1.12,"Bexar, Texas",62.7,1.12,Mays Cancer Center (UT Health San Antonio),65.8,1.16,67.8,67.8,67.3,Mays Cancer Center (UT Health San Antonio)
48165,Gaines,48,0,1.0,1,"Tarrant, Texas",329.2,6.83,"Lubbock, Texas",76.0,1.61,UNM Comprehensive Cancer Center,342.7,6.89,377.2,84.9,335.6,UNM Comprehensive Cancer Center
48167,Galveston,48,27,0.2,1,"Harris, Texas",39.5,0.83,"Galveston, Texas",0.0,0.0,MD Anderson Cancer Center,33.2,0.71,43.6,0.0,35.9,Dan L Duncan Comprehensive Cancer Center (Baylor)
48169,Garza,48,0,0.1,1,"Tarrant, Texas",266.5,5.51,"Lubbock, Texas",40.8,0.86,Harold C. Simmons Comprehensive Cancer Center (UTSW),292.4,6.06,289.7,46.2,317.1,Harold C. Simmons Comprehensive Cancer Center (UTSW)
48171,Gillespie,48,4,0.4,1,"Bexar, Texas",66.8,1.24,"Bexar, Texas",66.8,1.24,Mays Cancer Center (UT Health San Antonio),64.4,1.22,70.8,70.8,68.0,Mays Cancer Center (UT Health San Antonio)
48173,Glasscock,48,0,1.4,1,"Bexar, Texas",282.5,5.42,"Taylor, Texas",135.3,2.82,Mays Cancer Center (UT Health San Antonio),280.1,5.39,289.4,132.3,285.9,Mays Cancer Center (UT Health San Antonio)
48175,Goliad,48,0,1.5,1,"Bexar, Texas",101.0,2.16,"Bexar, Texas",101.0,2.16,Mays Cancer Center (UT Health San Antonio),104.3,2.24,106.4,106.4,109.9,Mays Cancer Center (UT Health San Antonio)
48177,Gonzales,48,0,1.8,1,"Bexar, Texas",69.6,1.38,"Bexar, Texas",69.6,1.38,Mays Cancer Center (UT Health San Antonio),72.9,1.47,71.6,71.6,77.5,Mays Cancer Center (UT Health San Antonio)
48179,Gray,48,0,0.2,1,"Oklahoma, Oklahoma",200.4,3.77,"Lubbock, Texas",182.3,3.56,Stephenson Cancer Center (Oklahoma),202.1,3.66,231.3,176.5,232.0,Stephenson Cancer Center (Oklahoma)
48181,Grayson,48,12,0.7,1,"Dallas, Texas",62.2,1.06,"Dallas, Texas",62.2,1.06,Harold C. Simmons Comprehensive Cancer Center (UTSW),67.1,1.4,70.1,70.1,70.5,Harold C. Simmons Comprehensive Cancer Center (UTSW)
48183,Gregg,48,10,0.1,1,"Dallas, Texas",122.8,2.51,"Smith, Texas",36.9,0.87,Harold C. Simmons Comprehensive Cancer Center (UTSW),125.9,2.59,141.7,38.5,145.6,Harold C. Simmons Comprehensive Cancer Center (UTSW)
48185,Grimes,48,1,1.3,1,"Harris, Texas",71.1,1.5,"Montgomery, Texas",52.3,1.05,MD Anderson Cancer Center,81.1,1.73,66.4,42.7,74.8,Dan L Duncan Comprehensive Cancer Center (Baylor)
48187,Guadalupe,48,0,0.2,1,"Bexar, Texas",37.6,0.68,"Bexar, Texas",37.6,0.68,Mays Cancer Center (UT Health San Antonio),38.7,0.71,32.2,32.2,34.8,Mays Cancer Center (UT Health San Antonio)
48189,Hale,48,0,0.3,1,"Oklahoma, Oklahoma",323.9,6.4,"Lubbock, Texas",47.5,0.86,UNM Comprehensive Cancer Center,312.3,6.08,309.8,50.1,308.9,Stephenson Cancer Center (Oklahoma)
48191,Hall,48,0,2.7,1,"Oklahoma, Oklahoma",220.4,4.36,"Comanche, Oklahoma",132.3,2.78,Stephenson Cancer Center (Oklahoma),218.3,4.28,220.8,128.4,220.1,Stephenson Cancer Center (Oklahoma)
48193,Hamilton,48,0,1.5,1,"Tarrant, Texas",101.6,2.09,"Bell, Texas",81.2,1.72,Harold C. Simmons Comprehensive Cancer Center (UTSW),121.1,2.54,102.1,66.8,123.7,Harold C. Simmons Comprehensive Cancer Center (UTSW)
48195,Hansford,48,0,1.1,1,"Oklahoma, Oklahoma",261.9,5.38,"Lubbock, Texas",222.5,4.35,Stephenson Cancer Center (Oklahoma),263.6,5.28,258.9,224.7,260.5,Stephenson Cancer Center (Oklahoma)
48197,Hardeman,48,0,0.1,1,"Oklahoma, Oklahoma",184.0,3.58,"Comanche, Oklahoma",95.9,1.99,Stephenson Cancer Center (Oklahoma),181.9,3.49,180.9,92.3,179.1,Stephenson Cancer Center (Oklahoma)
48199,Hardin,48,0,0.8,1,"Harris, Texas",100.0,2.06,"Montgomery, Texas",100.0,2.12,MD Anderson Cancer Center,102.8,2.2,92.9,86.5,95.8,Dan L Duncan Comprehensive Cancer Center (Baylor)
48201,Harris,48,1050,0.3,1,"Harris, Texas",0.0,0.0,"Harris, Texas",0.0,0.0,MD Anderson Cancer Center,14.1,0.31,0.0,0.0,9.4,Dan L Duncan Comprehensive Cancer Center (Baylor)
48203,Harrison,48,0,0.1,1,"Dallas, Texas",144.3,2.99,"Caddo, Louisiana",38.6,0.72,Harold C. Simmons Comprehensive Cancer Center (UTSW),147.4,3.07,166.3,44.3,170.2,Harold C. Simmons Comprehensive Cancer Center (UTSW)
48205,Hartley,48,0,2.1,1,"Oklahoma, Oklahoma",306.0,5.93,"Lubbock, Texas",194.7,4.03,UNM Comprehensive Cancer Center,275.4,5.07,337.9,206.7,289.6,UNM Comprehensive Cancer Center
48207,Haskell,48,0,1.1,1,"Tarrant, Texas",166.2,3.41,"Taylor, Texas",61.0,1.29,Harold C. Simmons Comprehensive Cancer Center (UTSW),192.1,3.96,178.4,63.0,205.4,Harold C. Simmons Comprehensive Cancer Center (UTSW)
48209,Hays,48,0,3.4,1,"Travis, Texas",30.7,0.56,"Travis, Texas",30.7,0.56,Mays Cancer Center (UT Health San Antonio),63.4,1.13,28.3,28.3,62.8,Mays Cancer Center (UT Health San Antonio)
48211,Hemphill,48,0,1.8,1,"Oklahoma, Oklahoma",188.8,3.71,"Comanche, Oklahoma",184.5,3.92,Stephenson Cancer Center (Oklahoma),190.5,3.6,194.2,167.9,195.5,Stephenson Cancer Center (Oklahoma)
48213,Henderson,48,0,0.6,1,"Dallas, Texas",70.4,1.4,"Smith, Texas",39.5,0.88,Harold C. Simmons Comprehensive Cancer Center (UTSW),73.4,1.49,78.5,41.8,81.8,Harold C. Simmons Comprehensive Cancer Center (UTSW)
48215,Hidalgo,48,17,0.4,1,"Bexar, Texas",234.5,4.71,"Bexar, Texas",234.5,4.71,Mays Cancer Center (UT Health San Antonio),237.7,4.79,270.6,270.6,272.6,Mays Cancer Center (UT Health San Antonio)
48217,Hill,48,0,0.1,1,"Tarrant, Texas",61.6,1.14,"Tarrant, Texas",61.6,1.14,Harold C. Simmons Comprehensive Cancer Center (UTSW),67.4,1.29,63.7,63.7,71.6,Harold C. Simmons Comprehensive Cancer Center (UTSW)
48219,Hockley,48,0,0.7,1,"Tarrant, Texas",334.0,6.87,"Lubbock, Texas",27.7,0.59,UNM Comprehensive Cancer Center,309.4,6.06,359.4,30.4,320.4,UNM Comprehensive Cancer Center
48221,Hood,48,0,0.3,1,"Tarrant, Texas",40.5,0.86,"Tarrant, Texas",40.5,0.86,Harold C. Simmons Comprehensive Cancer Center (UTSW),66.4,1.41,45.2,45.2,71.5,Harold C. Simmons Comprehensive Cancer Center (UTSW)
48223,Hopkins,48,0,0.3,1,"Dallas, Texas",81.2,1.38,"Smith, Texas",63.3,1.38,Harold C. Simmons Comprehensive Cancer Center (UTSW),84.3,1.46,87.3,69.2,90.9,Harold C. Simmons Comprehensive Cancer Center (UTSW)
48225,Houston,48,0,0.0,1,"Harris, Texas",110.7,2.05,"Montgomery, Texas",80.7,1.52,MD Anderson Cancer Center,120.7,2.28,122.8,86.0,132.1,Dan L Duncan Comprehensive Cancer Center (Baylor)
48227,Howard,48,0,0.6,1,"Tarrant, Texas",261.0,4.49,"Lubbock, Texas",107.8,2.25,Harold C. Simmons Comprehensive Cancer Center (UTSW),286.9,5.04,297.9,112.8,306.0,Mays Cancer Center (UT Health San Antonio)
48229,Hudspeth,48,0,11.0,1,"Pima, Arizona",403.8,7.22,"El Paso, Texas",89.6,1.84,UNM Comprehensive Cancer Center,352.4,6.73,387.8,67.3,317.3,UNM Comprehensive Cancer Center
48231,Hunt,48,0,0.2,1,"Dallas, Texas",49.9,0.85,"Dallas, Texas",49.9,0.85,Harold C. Simmons Comprehensive Cancer Center (UTSW),53.0,0.93,52.6,52.6,56.0,Harold C. Simmons Comprehensive Cancer Center (UTSW)
48233,Hutchinson,48,0,1.7,1,"Oklahoma, Oklahoma",234.3,4.48,"Lubbock, Texas",174.1,3.34,Stephenson Cancer Center (Oklahoma),235.9,4.38,265.5,178.9,266.4,Stephenson Cancer Center (Oklahoma)
48235,Irion,48,0,1.2,1,"Bexar, Texas",228.5,4.3,"Taylor, Texas",114.8,2.37,Mays Cancer Center (UT Health San Antonio),226.0,4.27,221.4,121.3,217.9,Mays Cancer Center (UT Health San Antonio)
48237,Jack,48,0,0.9,1,"Tarrant, Texas",77.6,1.66,"Tarrant, Texas",77.6,1.66,Harold C. Simmons Comprehensive Cancer Center (UTSW),92.4,2.01,73.5,73.5,97.6,Harold C. Simmons Comprehensive Cancer Center (UTSW)
48239,Jackson,48,0,0.4,1,"Harris, Texas",102.3,2.15,"Fort Bend, Texas",80.3,1.73,MD Anderson Cancer Center,98.8,2.13,110.4,85.8,106.1,Dan L Duncan Comprehensive Cancer Center (Baylor)
48241,Jasper,48,0,3.6,1,"Harris, Texas",143.6,3.03,"Montgomery, Texas",131.1,2.75,MD Anderson Cancer Center,146.3,3.17,127.6,112.9,132.0,Dan L Duncan Comprehensive Cancer Center (Baylor)
48243,Jeff Davis,48,0,0.2,1,"Bexar, Texas",389.0,7.99,"El Paso, Texas",200.0,3.63,Mays Cancer Center (UT Health San Antonio),389.0,8.0,403.0,194.2,399.5,Mays Cancer Center (UT Health San Antonio)
48245,Jefferson,48,8,0.5,1,"Harris, Texas",91.7,1.56,"Harris, Texas",91.7,1.56,MD Anderson Cancer Center,92.7,1.65,98.9,83.9,99.2,Dan L Duncan Comprehensive Cancer Center (Baylor)
48247,Jim Hogg,48,0,0.4,1,"Bexar, Texas",155.6,3.26,"Bexar, Texas",155.6,3.26,Mays Cancer Center (UT Health San Antonio),158.8,3.34,181.2,181.2,182.8,Mays Cancer Center (UT Health San Antonio)
48249,Jim Wells,48,0,0.2,1,"Bexar, Texas",130.3,2.61,"Bexar, Texas",130.3,2.61,Mays Cancer Center (UT Health San Antonio),133.5,2.7,147.4,147.4,149.8,Mays Cancer Center (UT Health San Antonio)
48251,Johnson,48,2,3.1,1,"Tarrant, Texas",38.9,0.7,"Tarrant, Texas",38.9,0.7,Harold C. Simmons Comprehensive Cancer Center (UTSW),52.4,1.08,27.3,27.3,45.6,Harold C. Simmons Comprehensive Cancer Center (UTSW)
48253,Jones,48,0,3.1,1,"Tarrant, Texas",159.9,3.35,"Taylor, Texas",35.4,0.78,Harold C. Simmons Comprehensive Cancer Center (UTSW),185.8,3.9,178.4,24.1,206.7,Harold C. Simmons Comprehensive Cancer Center (UTSW)
48255,Karnes,48,0,0.8,1,"Bexar, Texas",62.4,1.34,"Bexar, Texas",62.4,1.34,Mays Cancer Center (UT Health San Antonio),65.7,1.43,70.7,70.7,74.1,Mays Cancer Center (UT Health San Antonio)
48257,Kaufman,48,0,2.0,1,"Dallas, Texas",32.1,0.57,"Dallas, Texas",32.1,0.57,Harold C. Simmons Comprehensive Cancer Center (UTSW),35.1,0.66,32.1,32.1,35.8,Harold C. Simmons Comprehensive Cancer Center (UTSW)
48259,Kendall,48,0,2.2,1,"Bexar, Texas",29.0,0.53,"Bexar, Texas",29.0,0.53,Mays Cancer Center (UT Health San Antonio),26.6,0.51,31.7,31.7,28.9,Mays Cancer Center (UT Health San Antonio)
48261,Kenedy,48,0,0.1,1,"Bexar, Texas",187.1,3.79,"Bexar, Texas",187.1,3.79,Mays Cancer Center (UT Health San Antonio),190.3,3.87,204.7,204.7,207.2,Mays Cancer Center (UT Health San Antonio)
48263,Kent,48,0,2.7,1,"Tarrant, Texas",221.0,4.63,"Taylor, Texas",91.4,1.92,Harold C. Simmons Comprehensive Cancer Center (UTSW),246.9,5.18,238.3,91.3,265.4,Harold C. Simmons Comprehensive Cancer Center (UTSW)
48265,Kerr,48,0,0.5,1,"Bexar, Texas",60.8,1.07,"Bexar, Texas",60.8,1.07,Mays Cancer Center (UT Health San Antonio),58.4,1.04,64.5,64.5,61.0,Mays Cancer Center (UT Health San Antonio)
48267,Kimble,48,0,0.7,1,"Bexar, Texas",106.8,1.77,"Bexar, Texas",106.8,1.77,Mays Cancer Center (UT Health San Antonio),104.4,1.74,119.4,119.4,115.9,Mays Cancer Center (UT Health San Antonio)
48269,King,48,0,1.9,1,"Tarrant, Texas",216.4,4.45,"Lubbock, Texas",99.3,2.1,Harold C. Simmons Comprehensive Cancer Center (UTSW),231.7,4.83,223.7,108.1,243.7,Stephenson Cancer Center (Oklahoma)
48271,Kinney,48,0,0.3,1,"Bexar, Texas",124.1,2.53,"Bexar, Texas",124.1,2.53,Mays Cancer Center (UT Health San Antonio),124.1,2.54,137.0,137.0,134.0,Mays Cancer Center (UT Health San Antonio)
48273,Kleberg,48,0,0.5,1,"Bexar, Texas",159.6,3.22,"Bexar, Texas",159.6,3.22,Mays Cancer Center (UT Health San Antonio),162.9,3.3,172.5,172.5,175.0,Mays Cancer Center (UT Health San Antonio)
48275,Knox,48,0,1.0,1,"Tarrant, Texas",172.5,3.54,"Taylor, Texas",84.3,1.79,Harold C. Simmons Comprehensive Cancer Center (UTSW),192.8,4.06,180.1,86.5,205.7,Harold C. Simmons Comprehensive Cancer Center (UTSW)
48277,Lamar,48,4,0.2,1,"Dallas, Texas",107.4,2.05,"Smith, Texas",104.9,2.25,Harold C. Simmons Comprehensive Cancer Center (UTSW),110.6,2.13,112.7,112.7,115.5,Harold C. Simmons Comprehensive Cancer Center (UTSW)
48279,Lamb,48,0,0.1,1,"Tarrant, Texas",348.3,7.15,"Lubbock, Texas",45.4,0.98,UNM Comprehensive Cancer Center,290.2,5.64,350.4,49.3,307.8,UNM Comprehensive Cancer Center
48281,Lampasas,48,0,2.9,1,"Travis, Texas",68.8,1.4,"Bell, Texas",38.2,0.81,Mays Cancer Center (UT Health San Antonio),123.5,2.56,69.8,37.0,135.9,Mays Cancer Center (UT Health San Antonio)
48283,La Salle,48,0,1.5,1,"Bexar, Texas",99.2,1.78,"Bexar, Texas",99.2,1.78,Mays Cancer Center (UT Health San Antonio),102.3,1.82,107.1,107.1,107.2,Mays Cancer Center (UT Health San Antonio)
48285,Lavaca,48,0,0.8,1,"Travis, Texas",99.9,2.32,"Fort Bend, Texas",88.7,1.88,MD Anderson Cancer Center,107.3,2.27,90.7,90.7,111.0,Mays Cancer Center (UT Health San Antonio)
48287,Lee,48,0,0.4,1,"Travis, Texas",54.4,1.15,"Travis, Texas",54.4,1.15,Mays Cancer Center (UT Health San Antonio),118.8,2.32,55.7,55.7,122.2,Dan L Duncan Comprehensive Cancer Center (Baylor)
48289,Leon,48,0,2.9,1,"Harris, Texas",119.3,1.98,"Montgomery, Texas",89.3,1.45,Harold C. Simmons Comprehensive Cancer Center (UTSW),126.2,2.21,130.1,97.5,138.0,Harold C. Simmons Comprehensive Cancer Center (UTSW)
48291,Liberty,48,0,0.3,1,"Harris, Texas",47.8,0.97,"Montgomery, Texas",47.0,0.98,MD Anderson Cancer Center,50.6,1.11,45.8,38.9,50.9,Dan L Duncan Comprehensive Cancer Center (Baylor)
48293,Limestone,48,0,0.3,1,"Dallas, Texas",92.9,1.75,"Bell, Texas",90.4,1.67,Harold C. Simmons Comprehensive Cancer Center (UTSW),95.9,1.84,102.8,86.9,104.0,Harold C. Simmons Comprehensive Cancer Center (UTSW)
48295,Lipscomb,48,0,4.1,1,"Oklahoma, Oklahoma",208.4,4.31,"Oklahoma, Oklahoma",208.4,4.31,Stephenson Cancer Center (Oklahoma),210.0,4.2,204.2,195.8,206.3,Stephenson Cancer Center (Oklahoma)
48297,Live Oak,48,0,0.0,1,"Bexar, Texas",89.1,1.75,"Bexar, Texas",89.1,1.75,Mays Cancer Center (UT Health San Antonio),92.4,1.83,100.1,100.1,102.7,Mays Cancer Center (UT Health San Antonio)
48299,Llano,48,0,2.7,1,"Travis, Texas",68.0,1.39,"Travis, Texas",68.0,1.39,Mays Cancer Center (UT Health San Antonio),101.7,2.1,62.2,62.2,97.5,Mays Cancer Center (UT Health San Antonio)
48301,Loving,48,0,4.0,1,"Bexar, Texas",386.7,6.59,"Lubbock, Texas",186.1,3.89,UNM Comprehensive Cancer Center,357.4,7.32,409.0,189.7,345.3,UNM Comprehensive Cancer Center
48303,Lubbock,48,20,0.3,1,"Tarrant, Texas",307.1,6.36,"Lubbock, Texas",0.0,0.0,UNM Comprehensive Cancer Center,321.3,6.31,329.1,0.0,339.6,Stephenson Cancer Center (Oklahoma)
48305,Lynn,48,0,1.1,1,"Tarrant, Texas",293.6,6.08,"Lubbock, Texas",28.5,0.59,Harold C. Simmons Comprehensive Cancer Center (UTSW),319.5,6.63,319.8,29.8,347.3,Harold C. Simmons Comprehensive Cancer Center (UTSW)
48307,McCulloch,48,0,0.3,1,"Travis, Texas",130.4,2.66,"Taylor, Texas",103.9,2.16,Mays Cancer Center (UT Health San Antonio),133.3,2.61,132.8,109.5,146.7,Mays Cancer Center (UT Health San Antonio)
48309,McLennan,48,9,0.7,1,"Tarrant, Texas",94.4,1.61,"Bell, Texas",51.6,0.86,Harold C. Simmons Comprehensive Cancer Center (UTSW),99.6,1.82,101.7,48.1,108.2,Harold C. Simmons Comprehensive Cancer Center (UTSW)
48311,McMullen,48,0,1.4,1,"Bexar, Texas",76.8,1.66,"Bexar, Texas",76.8,1.66,Mays Cancer Center (UT Health San Antonio),80.0,1.74,86.7,86.7,88.5,Mays Cancer Center (UT Health San Antonio)
48313,Madison,48,0,0.1,1,"Harris, Texas",92.5,1.55,"Montgomery, Texas",62.5,1.02,MD Anderson Cancer Center,102.5,1.78,100.3,67.9,109.6,Dan L Duncan Comprehensive Cancer Center (Baylor)
48315,Marion,48,0,0.1,1,"Dallas, Texas",154.9,3.15,"Caddo, Louisiana",53.1,1.01,Harold C. Simmons Comprehensive Cancer Center (UTSW),158.0,3.23,164.8,51.0,168.6,Harold C. Simmons Comprehensive Cancer Center (UTSW)
48317,Martin,48,0,0.6,1,"Tarrant, Texas",283.9,4.87,"Lubbock, Texas",103.1,2.16,Harold C. Simmons Comprehensive Cancer Center (UTSW),309.8,5.42,323.6,114.4,320.1,Mays Cancer Center (UT Health San Antonio)
48319,Mason,48,0,0.5,1,"Bexar, Texas",106.5,2.04,"Bexar, Texas",106.5,2.04,Mays Cancer Center (UT Health San Antonio),104.1,2.01,111.3,111.3,113.4,Mays Cancer Center (UT Health San Antonio)
48321,Matagorda,48,0,2.5,1,"Harris, Texas",89.3,1.87,"Fort Bend, Texas",67.2,1.45,MD Anderson Cancer Center,82.5,1.71,85.3,62.6,78.3,Dan L Duncan Comprehensive Cancer Center (Baylor)
48323,Maverick,48,0,0.2,1,"Bexar, Texas",145.3,2.78,"Bexar, Texas",145.3,2.78,Mays Cancer Center (UT Health San Antonio),148.4,2.82,155.0,155.0,152.8,Mays Cancer Center (UT Health San Antonio)
48325,Medina,48,0,2.4,1,"Bexar, Texas",33.4,0.65,"Bexar, Texas",33.4,0.65,Mays Cancer Center (UT Health San Antonio),33.3,0.66,33.5,33.5,31.5,Mays Cancer Center (UT Health San Antonio)
48327,Menard,48,0,0.4,1,"Bexar, Texas",137.4,2.4,"Taylor, Texas",114.1,2.33,Mays Cancer Center (UT Health San Antonio),134.9,2.37,147.4,125.8,144.1,Mays Cancer Center (UT Health San Antonio)
48329,Midland,48,3,0.3,1,"Tarrant, Texas",301.4,5.22,"Lubbock, Texas",119.8,2.53,Mays Cancer Center (UT Health San Antonio),315.3,6.11,329.3,129.3,325.7,Mays Cancer Center (UT Health San Antonio)
48331,Milam,48,0,1.5,1,"Travis, Texas",68.5,1.47,"Bell, Texas",56.9,1.2,MD Anderson Cancer Center,142.0,2.82,63.7,50.0,143.8,Dan L Duncan Comprehensive Cancer Center (Baylor)
48333,Mills,48,0,0.4,1,"Travis, Texas",103.6,2.11,"Bell, Texas",78.0,1.62,Mays Cancer Center (UT Health San Antonio),156.4,3.1,113.6,77.5,164.0,Mays Cancer Center (UT Health San Antonio)
48335,Mitchell,48,0,0.1,1,"Tarrant, Texas",221.8,3.81,"Taylor, Texas",68.7,1.24,Harold C. Simmons Comprehensive Cancer Center (UTSW),247.7,4.36,254.5,76.8,283.0,Harold C. Simmons Comprehensive Cancer Center (UTSW)
48337,Montague,48,0,0.6,1,"Tarrant, Texas",78.9,1.69,"Tarrant, Texas",78.9,1.69,Harold C. Simmons Comprehensive Cancer Center (UTSW),93.7,2.03,80.3,80.3,93.1,Harold C. Simmons Comprehensive Cancer Center (UTSW)
48339,Montgomery,48,68,0.2,1,"Harris, Texas",30.5,0.54,"Montgomery, Texas",0.0,0.0,MD Anderson Cancer Center,40.4,0.77,34.3,0.0,43.6,Dan L Duncan Comprehensive Cancer Center (Baylor)
48341,Moore,48,0,1.2,1,"Oklahoma, Oklahoma",274.3,5.28,"Lubbock, Texas",177.8,3.42,Stephenson Cancer Center (Oklahoma),275.9,5.18,300.8,194.9,301.9,Stephenson Cancer Center (Oklahoma)
48343,Morris,48,0,0.3,1,"Dallas, Texas",135.6,2.38,"Smith, Texas",71.2,1.53,Harold C. Simmons Comprehensive Cancer Center (UTSW),138.7,2.46,145.3,73.9,149.1,Harold C. Simmons Comprehensive Cancer Center (UTSW)
48345,Motley,48,0,0.2,1,"Oklahoma, Oklahoma",262.6,5.23,"Lubbock, Texas",84.7,1.75,Stephenson Cancer Center (Oklahoma),260.5,5.14,259.2,81.9,257.7,Stephenson Cancer Center (Oklahoma)
48347,Nacogdoches,48,0,0.5,1,"Harris, Texas",141.9,2.92,"Smith, Texas",71.9,1.53,MD Anderson Cancer Center,146.6,3.06,160.0,74.2,168.1,Dan L Duncan Comprehensive Cancer Center (Baylor)
48349,Navarro,48,0,0.1,1,"Dallas, Texas",58.2,1.06,"Dallas, Texas",58.2,1.06,Harold C. Simmons Comprehensive Cancer Center (UTSW),61.2,1.15,64.0,64.0,65.7,Harold C. Simmons Comprehensive Cancer Center (UTSW)
48351,Newton,48,0,3.4,1,"Harris, Texas",144.8,2.98,"Harris, Texas",144.8,2.98,MD Anderson Cancer Center,147.5,3.12,139.7,127.8,143.3,Dan L Duncan Comprehensive Cancer Center (Baylor)
48353,Nolan,48,0,0.2,1,"Tarrant, Texas",195.1,3.32,"Taylor, Texas",42.0,0.75,Harold C. Simmons Comprehensive Cancer Center (UTSW),221.0,3.87,222.5,45.2,251.0,Harold C. Simmons Comprehensive Cancer Center (UTSW)
48355,Nueces,48,2,0.3,1,"Bexar, Texas",149.2,2.7,"Bexar, Texas",149.2,2.7,Mays Cancer Center (UT Health San Antonio),152.5,2.79,166.3,166.3,169.4,Mays Cancer Center (UT Health San Antonio)
48357,Ochiltree,48,0,0.3,1,"Oklahoma, Oklahoma",233.1,4.79,"Comanche, Oklahoma",229.1,4.83,Stephenson Cancer Center (Oklahoma),234.7,4.68,232.4,216.9,234.3,Stephenson Cancer Center (Oklahoma)
48359,Oldham,48,0,0.6,1,"Oklahoma, Oklahoma",293.0,4.98,"Lubbock, Texas",136.7,2.84,UNM Comprehensive Cancer Center,255.2,4.31,331.3,148.4,287.8,UNM Comprehensive Cancer Center
48361,Orange,48,0,0.8,1,"Harris, Texas",104.4,2.1,"Harris, Texas",104.4,2.1,MD Anderson Cancer Center,107.1,2.24,114.8,100.9,115.6,Dan L Duncan Comprehensive Cancer Center (Baylor)
48363,Palo Pinto,48,0,1.7,1,"Tarrant, Texas",57.5,1.19,"Tarrant, Texas",57.5,1.19,Harold C. Simmons Comprehensive Cancer Center (UTSW),83.4,1.74,63.9,63.9,92.1,Harold C. Simmons Comprehensive Cancer Center (UTSW)
48365,Panola,48,0,0.3,1,"Dallas, Texas",158.2,3.09,"Caddo, Louisiana",42.1,0.87,Harold C. Simmons Comprehensive Cancer Center (UTSW),161.3,3.17,179.7,45.3,183.5,Harold C. Simmons Comprehensive Cancer Center (UTSW)
48367,Parker,48,1,2.2,1,"Tarrant, Texas",31.4,0.63,"Tarrant, Texas",31.4,0.63,Harold C. Simmons Comprehensive Cancer Center (UTSW),57.3,1.18,33.5,33.5,61.7,Harold C. Simmons Comprehensive Cancer Center (UTSW)
48369,Parmer,48,0,1.1,1,"Oklahoma, Oklahoma",337.4,5.95,"Lubbock, Texas",96.2,2.01,UNM Comprehensive Cancer Center,248.4,4.79,369.1,103.5,264.6,UNM Comprehensive Cancer Center
48371,Pecos,48,0,0.4,1,"Bexar, Texas",300.6,4.81,"Lubbock, Texas",226.7,4.52,Mays Cancer Center (UT Health San Antonio),298.2,4.78,327.4,229.1,323.8,Mays Cancer Center (UT Health San Antonio)
48373,Polk,48,0,0.3,1,"Harris, Texas",75.8,1.49,"Montgomery, Texas",58.4,1.2,MD Anderson Cancer Center,80.6,1.63,83.9,56.4,91.7,Dan L Duncan Comprehensive Cancer Center (Baylor)
48375,Potter,48,19,0.1,1,"Oklahoma, Oklahoma",255.8,4.45,"Lubbock, Texas",127.3,2.36,Stephenson Cancer Center (Oklahoma),257.4,4.35,293.6,138.4,294.0,Stephenson Cancer Center (Oklahoma)
48377,Presidio,48,0,2.5,1,"Bexar, Texas",422.0,8.68,"El Paso, Texas",232.5,4.49,Mays Cancer Center (UT Health San Antonio),422.0,8.69,412.9,220.7,409.5,Mays Cancer Center (UT Health San Antonio)
48379,Rains,48,0,0.5,1,"Dallas, Texas",66.9,1.35,"Smith, Texas",51.8,1.14,Harold C. Simmons Comprehensive Cancer Center (UTSW),70.1,1.43,69.4,57.8,73.2,Harold C. Simmons Comprehensive Cancer Center (UTSW)
48381,Randall,48,0,0.2,1,"Oklahoma, Oklahoma",262.5,4.5,"Lubbock, Texas",119.1,2.21,Stephenson Cancer Center (Oklahoma),264.2,4.4,298.1,129.9,298.3,Stephenson Cancer Center (Oklahoma)
48383,Reagan,48,0,0.1,1,"Bexar, Texas",242.8,4.12,"Taylor, Texas",158.3,3.25,Mays Cancer Center (UT Health San Antonio),240.4,4.1,254.2,155.8,250.6,Mays Cancer Center (UT Health San Antonio)
48385,Real,48,0,3.6,1,"Bexar, Texas",103.8,2.13,"Bexar, Texas",103.8,2.13,Mays Cancer Center (UT Health San Antonio),103.8,2.14,95.1,95.1,91.7,Mays Cancer Center (UT Health San Antonio)
48387,Red River,48,0,0.5,1,"Dallas, Texas",134.7,2.66,"Smith, Texas",102.7,2.26,Harold C. Simmons Comprehensive Cancer Center (UTSW),137.8,2.74,135.2,106.1,138.4,Harold C. Simmons Comprehensive Cancer Center (UTSW)
48389,Reeves,48,0,0.1,1,"Bexar, Texas",359.7,6.0,"Lubbock, Texas",203.4,4.19,Mays Cancer Center (UT Health San Antonio),357.3,5.97,390.2,203.2,375.1,UNM Comprehensive Cancer Center
48391,Refugio,48,0,1.8,1,"Bexar, Texas",125.3,2.66,"Bexar, Texas",125.3,2.66,Mays Cancer Center (UT Health San Antonio),128.6,2.74,136.1,136.1,139.5,Mays Cancer Center (UT Health San Antonio)
48393,Roberts,48,0,3.4,1,"Oklahoma, Oklahoma",201.7,3.99,"Comanche, Oklahoma",197.3,4.2,Stephenson Cancer Center (Oklahoma),203.3,3.88,215.1,178.5,216.1,Stephenson Cancer Center (Oklahoma)
48395,Robertson,48,0,0.5,1,"Travis, Texas",97.3,2.06,"Bell, Texas",87.7,1.85,MD Anderson Cancer Center,130.2,2.68,101.5,75.1,132.6,Dan L Duncan Comprehensive Cancer Center (Baylor)
48397,Rockwall,48,0,0.1,1,"Dallas, Texas",25.9,0.48,"Dallas, Texas",25.9,0.48,Harold C. Simmons Comprehensive Cancer Center (UTSW),29.1,0.56,26.6,26.6,30.1,Harold C. Simmons Comprehensive Cancer Center (UTSW)
48399,Runnels,48,0,1.6,1,"Tarrant, Texas",197.1,4.23,"Taylor, Texas",60.4,1.24,Mays Cancer Center (UT Health San Antonio),201.2,3.75,201.5,53.7,215.3,Mays Cancer Center (UT Health San Antonio)
48401,Rusk,48,0,0.3,1,"Dallas, Texas",131.7,2.54,"Smith, Texas",34.4,0.75,Harold C. Simmons Comprehensive Cancer Center (UTSW),134.8,2.62,148.2,36.9,151.9,Harold C. Simmons Comprehensive Cancer Center (UTSW)
48403,Sabine,48,0,0.1,1,"Harris, Texas",175.3,3.65,"Caddo, Louisiana",97.2,2.03,MD Anderson Cancer Center,180.1,3.78,169.1,93.8,175.0,Dan L Duncan Comprehensive Cancer Center (Baylor)
48405,San Augustine,48,0,0.2,1,"Harris, Texas",157.1,3.24,"Caddo, Louisiana",84.9,1.78,MD Anderson Cancer Center,161.9,3.37,162.4,88.8,169.3,Dan L Duncan Comprehensive Cancer Center (Baylor)
48407,San Jacinto,48,0,1.6,1,"Harris, Texas",72.7,1.43,"Montgomery, Texas",44.7,0.95,MD Anderson Cancer Center,77.4,1.56,64.2,35.4,72.5,Dan L Duncan Comprehensive Cancer Center (Baylor)
48409,San Patricio,48,0,1.9,1,"Bexar, Texas",136.1,2.92,"Bexar, Texas",136.1,2.92,Mays Cancer Center (UT Health San Antonio),139.4,3.0,152.4,152.4,155.6,Mays Cancer Center (UT Health San Antonio)
48411,San Saba,48,0,0.9,1,"Travis, Texas",103.6,2.1,"Bell, Texas",77.9,1.6,Mays Cancer Center (UT Health San Antonio),135.1,2.66,102.2,83.4,140.1,Mays Cancer Center (UT Health San Antonio)
48413,Schleicher,48,0,0.1,1,"Bexar, Texas",185.7,3.11,"Taylor, Texas",130.3,2.71,Mays Cancer Center (UT Health San Antonio),183.3,3.08,187.0,141.0,183.5,Mays Cancer Center (UT Health San Antonio)
48415,Scurry,48,0,0.6,1,"Tarrant, Texas",224.1,4.67,"Taylor, Texas",80.1,1.58,Harold C. Simmons Comprehensive Cancer Center (UTSW),250.0,5.22,255.4,83.3,283.7,Harold C. Simmons Comprehensive Cancer Center (UTSW)
48417,Shackelford,48,0,0.3,1,"Tarrant, Texas",128.3,2.65,"Taylor, Texas",42.8,0.86,Harold C. Simmons Comprehensive Cancer Center (UTSW),154.2,3.2,143.7,39.4,172.1,Harold C. Simmons Comprehensive Cancer Center (UTSW)
48419,Shelby,48,0,0.6,1,"Harris, Texas",176.6,3.65,"Caddo, Louisiana",59.9,1.24,MD Anderson Cancer Center,181.4,3.79,188.5,59.9,195.9,Dan L Duncan Comprehensive Cancer Center (Baylor)
48421,Sherman,48,0,0.3,1,"Oklahoma, Oklahoma",305.7,6.28,"Lubbock, Texas",210.7,4.08,UNM Comprehensive Cancer Center,303.3,5.63,309.1,230.6,310.7,Stephenson Cancer Center (Oklahoma)
48423,Smith,48,74,0.1,1,"Dallas, Texas",98.4,1.86,"Smith, Texas",0.0,0.0,Harold C. Simmons Comprehensive Cancer Center (UTSW),101.5,1.94,111.4,0.0,115.1,Harold C. Simmons Comprehensive Cancer Center (UTSW)
48425,Somervell,48,0,0.1,1,"Tarrant, Texas",57.3,1.15,"Tarrant, Texas",57.3,1.15,Harold C. Simmons Comprehensive Cancer Center (UTSW),76.8,1.6,56.3,56.3,79.7,Harold C. Simmons Comprehensive Cancer Center (UTSW)
48427,Starr,48,0,0.8,1,"Bexar, Texas",260.2,5.52,"Bexar, Texas",260.2,5.52,Mays Cancer Center (UT Health San Antonio),263.4,5.6,257.8,257.8,259.2,Mays Cancer Center (UT Health San Antonio)
48429,Stephens,48,0,0.1,1,"Tarrant, Texas",102.1,2.1,"Taylor, Texas",65.0,1.31,Harold C. Simmons Comprehensive Cancer Center (UTSW),128.0,2.65,115.4,66.6,143.6,Harold C. Simmons Comprehensive Cancer Center (UTSW)
48431,Sterling,48,0,0.1,1,"Bexar, Texas",247.7,4.71,"Taylor, Texas",100.5,2.11,Mays Cancer Center (UT Health San Antonio),245.2,4.68,262.2,98.7,258.8,Mays Cancer Center (UT Health San Antonio)
48433,Stonewall,48,0,0.3,1,"Tarrant, Texas",193.7,4.05,"Taylor, Texas",64.1,1.34,Harold C. Simmons Comprehensive Cancer Center (UTSW),219.6,4.59,210.0,68.4,237.3,Harold C. Simmons Comprehensive Cancer Center (UTSW)
48435,Sutton,48,0,0.1,1,"Bexar, Texas",163.5,2.68,"Taylor, Texas",153.7,3.19,Mays Cancer Center (UT Health San Antonio),161.1,2.65,175.0,165.4,171.3,Mays Cancer Center (UT Health San Antonio)
48437,Swisher,48,0,0.3,1,"Oklahoma, Oklahoma",294.8,5.86,"Lubbock, Texas",76.5,1.4,Stephenson Cancer Center (Oklahoma),292.7,5.77,300.6,81.7,300.2,Stephenson Cancer Center (Oklahoma)
48439,Tarrant,48,119,0.3,1,"Tarrant, Texas",0.0,0.0,"Tarrant, Texas",0.0,0.0,Harold C. Simmons Comprehensive Cancer Center (UTSW),27.5,0.46,0.0,0.0,28.5,Harold C. Simmons Comprehensive Cancer Center (UTSW)
48441,Taylor,48,22,0.6,1,"Tarrant, Texas",159.5,2.71,"Taylor, Texas",0.0,0.0,Harold C. Simmons Comprehensive Cancer Center (UTSW),185.4,3.26,178.3,0.0,206.8,Harold C. Simmons Comprehensive Cancer Center (UTSW)
48443,Terrell,48,0,2.6,1,"Bexar, Texas",274.6,5.66,"Bexar, Texas",274.6,5.66,Mays Cancer Center (UT Health San Antonio),274.5,5.67,280.4,261.9,276.9,Mays Cancer Center (UT Health San Antonio)
48445,Terry,48,0,0.1,1,"Tarrant, Texas",317.8,6.59,"Lubbock, Texas",36.8,0.78,UNM Comprehensive Cancer Center,335.2,6.73,351.2,40.3,339.0,UNM Comprehensive Cancer Center
48447,Throckmorton,48,0,2.0,1,"Tarrant, Texas",135.1,2.78,"Taylor, Texas",74.1,1.54,Harold C. Simmons Comprehensive Cancer Center (UTSW),161.0,3.33,135.3,74.2,162.0,Harold C. Simmons Comprehensive Cancer Center (UTSW)
48449,Titus,48,0,0.2,1,"Dallas, Texas",117.5,2.0,"Smith, Texas",69.6,1.52,Harold C. Simmons Comprehensive Cancer Center (UTSW),120.6,2.08,130.2,74.2,133.9,Harold C. Simmons Comprehensive Cancer Center (UTSW)
48451,Tom Green,48,0,0.2,1,"Bexar, Texas",205.3,3.83,"Taylor, Texas",88.2,1.83,Mays Cancer Center (UT Health San Antonio),202.9,3.8,213.5,93.9,210.1,Mays Cancer Center (UT Health San Antonio)
48453,Travis,48,152,0.5,1,"Travis, Texas",0.0,0.0,"Travis, Texas",0.0,0.0,Mays Cancer Center (UT Health San Antonio),87.2,1.5,0.0,0.0,89.7,Mays Cancer Center (UT Health San Antonio)
48455,Trinity,48,0,2.7,1,"Harris, Texas",95.7,1.75,"Montgomery, Texas",65.7,1.22,MD Anderson Cancer Center,105.7,1.98,98.9,65.7,107.8,Dan L Duncan Comprehensive Cancer Center (Baylor)
48457,Tyler,48,0,3.3,1,"Harris, Texas",114.8,2.37,"Montgomery, Texas",97.4,2.08,MD Anderson Cancer Center,119.6,2.5,107.6,88.9,113.2,Dan L Duncan Comprehensive Cancer Center (Baylor)
48459,Upshur,48,0,0.2,1,"Dallas, Texas",118.7,2.4,"Smith, Texas",39.1,0.86,Harold C. Simmons Comprehensive Cancer Center (UTSW),121.8,2.48,130.4,40.6,134.3,Harold C. Simmons Comprehensive Cancer Center (UTSW)
48461,Upton,48,0,1.7,1,"Bexar, Texas",284.0,4.97,"Lubbock, Texas",186.7,3.92,Mays Cancer Center (UT Health San Antonio),281.6,4.94,293.0,195.2,289.4,Mays Cancer Center (UT Health San Antonio)
48463,Uvalde,48,0,0.7,1,"Bexar, Texas",82.0,1.66,"Bexar, Texas",82.0,1.66,Mays Cancer Center (UT Health San Antonio),82.0,1.67,90.7,90.7,88.0,Mays Cancer Center (UT Health San Antonio)
48465,Val Verde,48,0,0.4,1,"Bexar, Texas",155.7,3.17,"Bexar, Texas",155.7,3.17,Mays Cancer Center (UT Health San Antonio),155.6,3.19,171.0,171.0,167.9,Mays Cancer Center (UT Health San Antonio)
48467,Van Zandt,48,0,0.4,1,"Dallas, Texas",61.4,1.02,"Smith, Texas",38.9,0.77,Harold C. Simmons Comprehensive Cancer Center (UTSW),64.6,1.1,69.0,42.9,72.8,Harold C. Simmons Comprehensive Cancer Center (UTSW)
48469,Victoria,48,0,0.6,1,"Bexar, Texas",120.4,2.54,"Fort Bend, Texas",103.0,2.19,MD Anderson Cancer Center,121.6,2.58,124.3,115.5,127.9,Mays Cancer Center (UT Health San Antonio)
48471,Walker,48,0,0.1,1,"Harris, Texas",65.8,1.13,"Montgomery, Texas",35.8,0.6,MD Anderson Cancer Center,75.8,1.35,75.8,41.6,85.2,Dan L Duncan Comprehensive Cancer Center (Baylor)
48473,Waller,48,0,4.4,1,"Harris, Texas",40.7,0.8,"Harris, Texas",40.7,0.8,MD Anderson Cancer Center,51.9,1.01,40.8,36.9,46.5,Dan L Duncan Comprehensive Cancer Center (Baylor)
48475,Ward,48,0,0.2,1,"Bexar, Texas",348.8,6.28,"Lubbock, Texas",174.9,3.46,Mays Cancer Center (UT Health San Antonio),346.3,6.25,357.3,179.2,353.7,Mays Cancer Center (UT Health San Antonio)
48477,Washington,48,0,0.2,1,"Harris, Texas",67.8,1.32,"Harris, Texas",67.8,1.32,MD Anderson Cancer Center,79.1,1.53,76.1,67.2,81.7,Dan L Duncan Comprehensive Cancer Center (Baylor)
48479,Webb,48,5,0.5,1,"Bexar, Texas",158.9,2.73,"Bexar, Texas",158.9,2.73,Mays Cancer Center (UT Health San Antonio),162.1,2.77,176.6,176.6,176.9,Mays Cancer Center (UT Health San Antonio)
48481,Wharton,48,0,1.3,1,"Harris, Texas",64.4,1.34,"Fort Bend, Texas",42.4,0.92,MD Anderson Cancer Center,61.0,1.31,70.2,45.7,66.2,Dan L Duncan Comprehensive Cancer Center (Baylor)
48483,Wheeler,48,0,1.5,1,"Oklahoma, Oklahoma",168.6,3.13,"Comanche, Oklahoma",152.9,3.23,Stephenson Cancer Center (Oklahoma),170.3,3.03,186.4,138.7,186.7,Stephenson Cancer Center (Oklahoma)
48485,Wichita,48,5,0.8,1,"Tarrant, Texas",120.4,2.57,"Comanche, Oklahoma",55.8,1.03,Harold C. Simmons Comprehensive Cancer Center (UTSW),135.2,2.91,131.8,59.7,147.4,Stephenson Cancer Center (Oklahoma)
48487,Wilbarger,48,0,0.5,1,"Oklahoma, Oklahoma",164.9,3.23,"Comanche, Oklahoma",78.8,1.7,Stephenson Cancer Center (Oklahoma),162.8,3.15,166.9,72.4,164.5,Stephenson Cancer Center (Oklahoma)
48489,Willacy,48,0,0.1,1,"Bexar, Texas",231.9,4.66,"Bexar, Texas",231.9,4.66,Mays Cancer Center (UT Health San Antonio),235.2,4.74,257.4,257.4,259.8,Mays Cancer Center (UT Health San Antonio)
48491,Williamson,48,9,1.5,1,"Travis, Texas",21.4,0.43,"Travis, Texas",21.4,0.43,Mays Cancer Center (UT Health San Antonio),103.4,1.77,20.6,20.6,107.1,Mays Cancer Center (UT Health San Antonio)
48493,Wilson,48,0,3.7,1,"Bexar, Texas",42.9,0.94,"Bexar, Texas",42.9,0.94,Mays Cancer Center (UT Health San Antonio),46.1,1.02,35.1,35.1,38.7,Mays Cancer Center (UT Health San Antonio)
48495,Winkler,48,0,0.1,1,"Tarrant, Texas",363.7,6.52,"Lubbock, Texas",153.7,3.21,UNM Comprehensive Cancer Center,368.7,7.51,379.8,164.8,363.8,UNM Comprehensive Cancer Center
48497,Wise,48,0,3.3,1,"Tarrant, Texas",47.3,1.03,"Tarrant, Texas",47.3,1.03,Harold C. Simmons Comprehensive Cancer Center (UTSW),62.1,1.38,42.3,42.3,61.9,Harold C. Simmons Comprehensive Cancer Center (UTSW)
48499,Wood,48,0,1.5,1,"Dallas, Texas",90.8,1.86,"Smith, Texas",41.0,0.93,Harold C. Simmons Comprehensive Cancer Center (UTSW),93.9,1.94,96.8,37.9,100.6,Harold C. Simmons Comprehensive Cancer Center (UTSW)
48501,Yoakum,48,0,0.8,1,"Tarrant, Texas",348.8,7.2,"Lubbock, Texas",79.8,1.66,UNM Comprehensive Cancer Center,315.4,6.33,389.4,78.5,312.7,UNM Comprehensive Cancer Center
48503,Young,48,0,0.9,1,"Tarrant, Texas",96.5,1.96,"Tarrant, Texas",96.5,1.96,Harold C. Simmons Comprehensive Cancer Center (UTSW),122.4,2.51,101.3,100.9,127.2,Harold C. Simmons Comprehensive Cancer Center (UTSW)
48505,Zapata,48,0,0.2,1,"Bexar, Texas",207.0,4.36,"Bexar, Texas",207.0,4.36,Mays Cancer Center (UT Health San Antonio),210.3,4.44,220.6,220.6,221.5,Mays Cancer Center (UT Health San Antonio)
48507,Zavala,48,0,2.1,1,"Bexar, Texas",116.6,2.22,"Bexar, Texas",116.6,2.22,Mays Cancer Center (UT Health San Antonio),119.7,2.26,110.8,110.8,109.1,Mays Cancer Center (UT Health San Antonio)
49001,Beaver,49,0,2.5,1,"Salt Lake, Utah",197.1,3.31,"Salt Lake, Utah",197.1,3.31,Huntsman Cancer Institute (Utah),207.6,3.62,201.3,201.3,212.9,Huntsman Cancer Institute (Utah)
49003,Box Elder,49,0,1.1,1,"Salt Lake, Utah",72.2,1.36,"Salt Lake, Utah",72.2,1.36,Huntsman Cancer Institute (Utah),66.2,1.29,79.8,79.8,70.4,Huntsman Cancer Institute (Utah)
49005,Cache,49,3,0.3,1,"Salt Lake, Utah",89.2,1.87,"Salt Lake, Utah",89.2,1.87,Huntsman Cancer Institute (Utah),83.3,1.8,91.9,91.9,81.3,Huntsman Cancer Institute (Utah)
49007,Carbon,49,0,0.8,1,"Salt Lake, Utah",113.1,2.29,"Salt Lake, Utah",113.1,2.29,Huntsman Cancer Institute (Utah),123.6,2.6,112.7,112.7,117.6,Huntsman Cancer Institute (Utah)
49009,Daggett,49,0,2.6,1,"Salt Lake, Utah",173.7,3.41,"Salt Lake, Utah",173.7,3.41,Huntsman Cancer Institute (Utah),166.8,3.26,145.7,145.7,138.6,Huntsman Cancer Institute (Utah)
49011,Davis,49,11,0.5,1,"Salt Lake, Utah",30.7,0.6,"Salt Lake, Utah",30.7,0.6,Huntsman Cancer Institute (Utah),24.8,0.52,31.7,31.7,22.4,Huntsman Cancer Institute (Utah)
49013,Duchesne,49,0,2.2,1,"Salt Lake, Utah",136.9,2.86,"Salt Lake, Utah",136.9,2.86,Huntsman Cancer Institute (Utah),130.0,2.72,115.1,115.1,112.9,Huntsman Cancer Institute (Utah)
49015,Emery,49,0,3.5,1,"Salt Lake, Utah",141.8,2.9,"Salt Lake, Utah",141.8,2.9,Huntsman Cancer Institute (Utah),152.3,3.2,133.8,133.8,140.8,Huntsman Cancer Institute (Utah)
49017,Garfield,49,0,5.7,1,"Salt Lake, Utah",254.1,5.01,"Clark, Nevada",246.3,4.9,Huntsman Cancer Institute (Utah),264.7,5.32,238.5,238.5,249.3,Huntsman Cancer Institute (Utah)
49019,Grand,49,0,1.1,1,"Salt Lake, Utah",227.4,4.54,"Mesa, Colorado",108.6,2.06,Huntsman Cancer Institute (Utah),237.9,4.85,230.0,76.9,234.4,Huntsman Cancer Institute (Utah)
49021,Iron,49,4,0.3,1,"Salt Lake, Utah",240.3,3.93,"Clark, Nevada",174.3,3.0,Huntsman Cancer Institute (Utah),250.8,4.23,253.9,189.3,265.5,Huntsman Cancer Institute (Utah)
49023,Juab,49,0,2.1,1,"Salt Lake, Utah",75.1,1.36,"Salt Lake, Utah",75.1,1.36,Huntsman Cancer Institute (Utah),85.6,1.67,73.9,73.9,84.3,Huntsman Cancer Institute (Utah)
49025,Kane,49,0,5.1,1,"Salt Lake, Utah",294.4,5.84,"Clark, Nevada",200.1,3.95,Huntsman Cancer Institute (Utah),304.9,6.14,294.3,196.9,286.6,Mayo Clinic Cancer Center – Phoenix
49027,Millard,49,0,3.5,1,"Salt Lake, Utah",124.3,2.62,"Salt Lake, Utah",124.3,2.62,Huntsman Cancer Institute (Utah),136.7,2.94,123.7,123.7,135.4,Huntsman Cancer Institute (Utah)
49029,Morgan,49,0,0.2,1,"Salt Lake, Utah",48.7,0.95,"Salt Lake, Utah",48.7,0.95,Huntsman Cancer Institute (Utah),42.7,0.86,39.0,39.0,27.4,Huntsman Cancer Institute (Utah)
49031,Piute,49,0,0.5,1,"Salt Lake, Utah",190.2,3.65,"Salt Lake, Utah",190.2,3.65,Huntsman Cancer Institute (Utah),200.7,3.95,196.6,196.6,207.7,Huntsman Cancer Institute (Utah)
49033,Rich,49,0,2.6,1,"Salt Lake, Utah",131.4,2.8,"Salt Lake, Utah",131.4,2.8,Huntsman Cancer Institute (Utah),125.4,2.7,102.5,102.5,90.7,Huntsman Cancer Institute (Utah)
49035,Salt Lake,49,329,0.2,1,"Salt Lake, Utah",0.0,0.0,"Salt Lake, Utah",0.0,0.0,Huntsman Cancer Institute (Utah),13.8,0.32,0.0,0.0,11.8,Huntsman Cancer Institute (Utah)
49037,San Juan,49,0,2.8,1,"Salt Lake, Utah",309.9,6.25,"Mesa, Colorado",191.1,3.77,UNM Comprehensive Cancer Center,305.5,6.36,300.5,145.7,279.9,UNM Comprehensive Cancer Center
49039,Sanpete,49,0,1.1,1,"Salt Lake, Utah",107.0,2.14,"Salt Lake, Utah",107.0,2.14,Huntsman Cancer Institute (Utah),117.6,2.45,106.0,106.0,115.5,Huntsman Cancer Institute (Utah)
49041,Sevier,49,0,0.1,1,"Salt Lake, Utah",149.6,2.89,"Salt Lake, Utah",149.6,2.89,Huntsman Cancer Institute (Utah),160.1,3.2,155.0,155.0,165.8,Huntsman Cancer Institute (Utah)
49043,Summit,49,0,1.0,1,"Salt Lake, Utah",32.0,0.67,"Salt Lake, Utah",32.0,0.67,Huntsman Cancer Institute (Utah),25.1,0.53,29.6,29.6,23.5,Huntsman Cancer Institute (Utah)
49045,Tooele,49,0,0.2,1,"Salt Lake, Utah",37.9,0.82,"Salt Lake, Utah",37.9,0.82,Huntsman Cancer Institute (Utah),40.1,0.79,28.0,28.0,36.6,Huntsman Cancer Institute (Utah)
49047,Uintah,49,0,0.6,1,"Salt Lake, Utah",169.2,3.47,"Mesa, Colorado",143.9,3.07,Huntsman Cancer Institute (Utah),162.3,3.33,148.3,129.0,144.5,Huntsman Cancer Institute (Utah)
49049,Utah,49,4,1.0,1,"Salt Lake, Utah",31.3,0.57,"Salt Lake, Utah",31.3,0.57,Huntsman Cancer Institute (Utah),41.8,0.87,31.9,31.9,40.8,Huntsman Cancer Institute (Utah)
49051,Wasatch,49,0,0.1,1,"Salt Lake, Utah",46.7,0.91,"Salt Lake, Utah",46.7,0.91,Huntsman Cancer Institute (Utah),39.9,0.77,34.1,34.1,34.2,Huntsman Cancer Institute (Utah)
49053,Washington,49,8,0.0,1,"Salt Lake, Utah",289.9,4.71,"Clark, Nevada",124.1,2.21,Huntsman Cancer Institute (Utah),300.4,5.01,308.6,135.9,305.2,Mayo Clinic Cancer Center – Phoenix
49055,Wayne,49,0,3.9,1,"Salt Lake, Utah",196.3,3.91,"Salt Lake, Utah",196.3,3.91,Huntsman Cancer Institute (Utah),206.8,4.22,191.0,191.0,200.7,Huntsman Cancer Institute (Utah)
49057,Weber,49,10,0.2,1,"Salt Lake, Utah",45.9,0.97,"Salt Lake, Utah",45.9,0.97,Huntsman Cancer Institute (Utah),40.0,0.88,49.0,49.0,39.5,Huntsman Cancer Institute (Utah)
50001,Addison,50,0,0.1,1,"Suffolk, Massachusetts",188.2,4.23,"Chittenden, Vermont",34.9,0.74,Dartmouth Cancer Center,74.0,1.66,190.7,34.8,64.9,Dartmouth Cancer Center
50003,Bennington,50,0,0.3,1,"New Haven, Connecticut",128.0,2.92,"Albany, New York",47.5,1.01,Dartmouth Cancer Center,85.2,1.8,131.9,47.4,76.6,Dartmouth Cancer Center
50005,Caledonia,50,23,1.8,1,"Suffolk, Massachusetts",175.2,3.77,"Caledonia, Vermont",0.0,0.0,Dartmouth Cancer Center,65.6,1.27,186.6,0.0,69.7,Dartmouth Cancer Center
50007,Chittenden,50,51,1.1,1,"Suffolk, Massachusetts",214.0,4.54,"Chittenden, Vermont",0.0,0.0,Dartmouth Cancer Center,94.3,1.86,217.2,0.0,88.1,Dartmouth Cancer Center
50009,Essex,50,0,6.7,1,"Suffolk, Massachusetts",203.9,4.48,"Caledonia, Vermont",51.4,1.15,Dartmouth Cancer Center,109.3,2.22,197.1,25.7,90.5,Dartmouth Cancer Center
50011,Franklin,50,0,2.2,1,"Suffolk, Massachusetts",240.2,5.03,"Chittenden, Vermont",31.2,0.63,Dartmouth Cancer Center,120.5,2.35,237.2,30.9,108.9,Dartmouth Cancer Center
50013,Grand Isle,50,0,0.3,1,"Suffolk, Massachusetts",238.1,5.05,"Chittenden, Vermont",29.1,0.59,Dartmouth Cancer Center,118.4,2.36,243.7,27.6,114.5,Dartmouth Cancer Center
50015,Lamoille,50,0,1.5,1,"Suffolk, Massachusetts",209.1,4.45,"Washington, Vermont",33.2,0.75,Dartmouth Cancer Center,89.4,1.77,209.2,28.5,82.2,Dartmouth Cancer Center
50017,Orange,50,0,0.3,1,"Suffolk, Massachusetts",155.9,3.46,"Washington, Vermont",27.8,0.58,Dartmouth Cancer Center,36.4,0.71,159.0,23.5,31.0,Dartmouth Cancer Center
50019,Orleans,50,0,1.6,1,"Suffolk, Massachusetts",208.8,4.32,"Caledonia, Vermont",42.2,0.75,Dartmouth Cancer Center,100.1,1.83,220.5,34.0,101.8,Dartmouth Cancer Center
50021,Rutland,50,0,0.6,1,"Suffolk, Massachusetts",155.3,3.48,"Washington, Vermont",67.4,1.42,Dartmouth Cancer Center,53.3,1.3,158.8,59.6,47.3,Dartmouth Cancer Center
50023,Washington,50,20,0.1,1,"Suffolk, Massachusetts",176.0,3.72,"Washington, Vermont",0.0,0.0,Dartmouth Cancer Center,56.3,1.03,182.5,0.0,54.2,Dartmouth Cancer Center
50025,Windham,50,0,0.3,1,"Suffolk, Massachusetts",104.6,2.4,"Worcester, Massachusetts",75.0,1.72,Dartmouth Cancer Center,66.4,1.56,107.5,73.7,60.9,Dartmouth Cancer Center
50027,Windsor,50,3,2.1,1,"Suffolk, Massachusetts",138.7,3.18,"Washington, Vermont",56.1,1.16,Dartmouth Cancer Center,24.9,0.59,132.1,40.0,16.0,Dartmouth Cancer Center
51001,Accomack,51,0,1.0,1,"Baltimore, Maryland",156.5,3.52,"Sussex, Delaware",77.9,1.75,UM Greenebaum Comprehensive Cancer Center,155.2,3.49,122.4,74.9,119.9,VCU Massey Comprehensive Cancer Center
51003,Albemarle,51,5,0.1,1,"Charlottesville, Virginia",2.9,0.08,"Charlottesville, Virginia",2.9,0.08,University of Virginia Cancer Center,2.5,0.07,2.5,2.5,2.3,University of Virginia Cancer Center
51005,Alleghany,51,7,1.6,1,"Charlottesville, Virginia",98.5,1.88,"Roanoke, Virginia",53.9,1.28,University of Virginia Cancer Center,98.0,1.87,96.1,43.5,95.6,University of Virginia Cancer Center
51007,Amelia,51,0,0.3,1,"Richmond, Virginia",37.6,0.82,"Chesterfield, Virginia",27.6,0.58,VCU Massey Comprehensive Cancer Center,36.8,0.81,37.1,28.3,39.5,VCU Massey Comprehensive Cancer Center
51009,Amherst,51,0,0.6,1,"Charlottesville, Virginia",54.4,1.27,"Charlottesville, Virginia",54.4,1.27,University of Virginia Cancer Center,54.0,1.26,58.6,58.6,58.2,University of Virginia Cancer Center
51011,Appomattox,51,0,0.3,1,"Charlottesville, Virginia",68.4,1.48,"Mecklenburg, Virginia",65.2,1.4,University of Virginia Cancer Center,68.9,1.49,60.3,60.3,59.9,University of Virginia Cancer Center
51013,Arlington,51,10,0.2,1,"District of Columbia, District of Columbia",7.1,0.21,"District of Columbia, District of Columbia",7.1,0.21,Georgetown Lombardi Comprehensive Cancer Center,6.4,0.16,6.3,6.3,3.6,Georgetown Lombardi Comprehensive Cancer Center
51015,Augusta,51,5,0.1,1,"Charlottesville, Virginia",34.1,0.71,"Charlottesville, Virginia",34.1,0.71,University of Virginia Cancer Center,33.7,0.7,36.1,36.1,35.8,University of Virginia Cancer Center
51017,Bath,51,0,1.5,1,"Charlottesville, Virginia",87.0,1.95,"Roanoke, Virginia",74.6,1.83,University of Virginia Cancer Center,86.6,1.94,82.9,62.8,82.5,University of Virginia Cancer Center
51019,Bedford,51,0,0.1,1,"Charlottesville, Virginia",85.4,2.0,"Roanoke, Virginia",31.4,0.72,University of Virginia Cancer Center,85.0,1.99,88.1,31.5,87.7,University of Virginia Cancer Center
51021,Bland,51,0,2.1,1,"Forsyth, North Carolina",99.1,1.99,"Roanoke, Virginia",84.8,1.83,Wake Forest Baptist Comprehensive Cancer Center,99.2,1.99,102.7,75.2,102.8,Wake Forest Baptist Comprehensive Cancer Center
51023,Botetourt,51,0,0.2,1,"Charlottesville, Virginia",96.6,1.72,"Roanoke, Virginia",15.9,0.36,University of Virginia Cancer Center,96.2,1.71,101.7,15.6,101.3,University of Virginia Cancer Center
51025,Brunswick,51,0,0.6,1,"Richmond, Virginia",71.1,1.48,"Mecklenburg, Virginia",31.1,0.7,VCU Massey Comprehensive Cancer Center,70.2,1.47,69.6,30.8,71.0,VCU Massey Comprehensive Cancer Center
51027,Buchanan,51,0,1.4,1,"Forsyth, North Carolina",179.4,4.36,"Kanawha, West Virginia",127.3,3.16,Wake Forest Baptist Comprehensive Cancer Center,179.6,4.36,153.5,94.8,153.5,Wake Forest Baptist Comprehensive Cancer Center
51029,Buckingham,51,0,0.7,1,"Charlottesville, Virginia",37.6,0.83,"Charlottesville, Virginia",37.6,0.83,University of Virginia Cancer Center,38.1,0.84,37.6,37.6,37.4,University of Virginia Cancer Center
51031,Campbell,51,0,0.3,1,"Charlottesville, Virginia",76.8,1.82,"Roanoke, Virginia",50.0,1.11,University of Virginia Cancer Center,76.3,1.81,78.0,52.2,77.6,University of Virginia Cancer Center
51033,Caroline,51,0,1.3,1,"Richmond, Virginia",36.6,0.7,"Hanover, Virginia",26.3,0.48,VCU Massey Comprehensive Cancer Center,35.7,0.67,39.3,26.7,38.7,VCU Massey Comprehensive Cancer Center
51035,Carroll,51,0,0.9,1,"Forsyth, North Carolina",55.8,1.2,"Forsyth, North Carolina",55.8,1.2,Wake Forest Baptist Comprehensive Cancer Center,55.9,1.2,60.6,60.6,60.6,Wake Forest Baptist Comprehensive Cancer Center
51036,Charles City,51,0,2.0,1,"Richmond, Virginia",33.5,0.78,"Richmond, Virginia",33.5,0.78,VCU Massey Comprehensive Cancer Center,31.2,0.63,27.1,27.1,25.3,VCU Massey Comprehensive Cancer Center
51037,Charlotte,51,0,0.9,1,"Richmond, Virginia",84.0,1.87,"Mecklenburg, Virginia",35.1,0.76,VCU Massey Comprehensive Cancer Center,83.2,1.85,84.3,34.4,84.1,University of Virginia Cancer Center
51041,Chesterfield,51,65,0.7,1,"Richmond, Virginia",16.5,0.39,"Chesterfield, Virginia",0.0,0.0,VCU Massey Comprehensive Cancer Center,15.6,0.38,11.4,0.0,13.2,VCU Massey Comprehensive Cancer Center
51043,Clarke,51,0,0.4,1,"Fairfax, Virginia",52.4,1.14,"Fairfax, Virginia",52.4,1.14,Georgetown Lombardi Comprehensive Cancer Center,56.2,1.27,52.5,52.5,60.4,Georgetown Lombardi Comprehensive Cancer Center
51045,Craig,51,0,0.7,1,"Forsyth, North Carolina",132.4,3.21,"Roanoke, Virginia",30.2,0.74,Wake Forest Baptist Comprehensive Cancer Center,132.6,3.21,113.8,21.6,113.9,Wake Forest Baptist Comprehensive Cancer Center
51047,Culpeper,51,1,0.3,1,"Charlottesville, Virginia",48.2,1.03,"Charlottesville, Virginia",48.2,1.03,University of Virginia Cancer Center,47.8,1.02,50.1,50.1,50.5,University of Virginia Cancer Center
51049,Cumberland,51,0,0.4,1,"Richmond, Virginia",49.1,1.09,"Chesterfield, Virginia",46.2,0.94,VCU Massey Comprehensive Cancer Center,49.8,1.13,48.2,46.5,48.2,University of Virginia Cancer Center
51051,Dickenson,51,0,0.2,1,"Fayette, Kentucky",172.3,4.28,"Kanawha, West Virginia",149.5,3.64,Markey Cancer Center (Kentucky),172.2,4.29,156.9,111.6,158.1,Markey Cancer Center (Kentucky)
51053,Dinwiddie,51,0,1.1,1,"Richmond, Virginia",36.1,0.77,"Chesterfield, Virginia",31.4,0.68,VCU Massey Comprehensive Cancer Center,35.3,0.76,33.7,23.4,34.8,VCU Massey Comprehensive Cancer Center
51057,Essex,51,8,1.3,1,"Richmond, Virginia",44.4,0.97,"Richmond, Virginia",44.4,0.97,VCU Massey Comprehensive Cancer Center,42.2,0.92,48.3,38.5,46.1,VCU Massey Comprehensive Cancer Center
51059,Fairfax,51,384,0.4,1,"Fairfax, Virginia",0.0,0.0,"Fairfax, Virginia",0.0,0.0,Georgetown Lombardi Comprehensive Cancer Center,15.9,0.37,0.0,0.0,12.4,Georgetown Lombardi Comprehensive Cancer Center
51061,Fauquier,51,0,0.4,1,"Fairfax, Virginia",32.8,0.72,"Fairfax, Virginia",32.8,0.72,Georgetown Lombardi Comprehensive Cancer Center,44.8,0.96,35.5,35.5,47.8,Georgetown Lombardi Comprehensive Cancer Center
51063,Floyd,51,0,0.3,1,"Forsyth, North Carolina",73.9,1.91,"Roanoke, Virginia",43.8,1.02,Wake Forest Baptist Comprehensive Cancer Center,74.1,1.92,69.8,37.6,69.9,Wake Forest Baptist Comprehensive Cancer Center
51065,Fluvanna,51,0,1.1,1,"Charlottesville, Virginia",17.9,0.44,"Charlottesville, Virginia",17.9,0.44,University of Virginia Cancer Center,18.4,0.45,17.2,17.2,17.4,University of Virginia Cancer Center
51067,Franklin,51,0,0.1,1,"Forsyth, North Carolina",82.1,1.88,"Roanoke, Virginia",24.3,0.58,Wake Forest Baptist Comprehensive Cancer Center,82.3,1.89,80.5,22.4,80.7,Wake Forest Baptist Comprehensive Cancer Center
51069,Frederick,51,0,0.3,1,"Fairfax, Virginia",58.9,1.27,"Fairfax, Virginia",58.9,1.27,Georgetown Lombardi Comprehensive Cancer Center,66.9,1.52,65.5,65.5,73.6,Georgetown Lombardi Comprehensive Cancer Center
51071,Giles,51,1,0.5,1,"Forsyth, North Carolina",108.4,2.39,"Roanoke, Virginia",59.1,1.24,Wake Forest Baptist Comprehensive Cancer Center,108.5,2.4,105.2,50.1,105.3,Wake Forest Baptist Comprehensive Cancer Center
51073,Gloucester,51,1,0.3,1,"Richmond, Virginia",66.5,1.42,"Norfolk, Virginia",42.1,0.96,VCU Massey Comprehensive Cancer Center,63.9,1.25,63.1,43.6,60.8,VCU Massey Comprehensive Cancer Center
51075,Goochland,51,0,1.4,1,"Richmond, Virginia",26.4,0.55,"Henrico, Virginia",20.9,0.41,VCU Massey Comprehensive Cancer Center,26.7,0.55,27.9,23.6,29.8,VCU Massey Comprehensive Cancer Center
51077,Grayson,51,0,1.7,1,"Forsyth, North Carolina",77.1,1.63,"Forsyth, North Carolina",77.1,1.63,Wake Forest Baptist Comprehensive Cancer Center,77.3,1.64,72.7,72.7,72.6,Wake Forest Baptist Comprehensive Cancer Center
51079,Greene,51,0,1.0,1,"Charlottesville, Virginia",20.4,0.44,"Charlottesville, Virginia",20.4,0.44,University of Virginia Cancer Center,20.0,0.44,18.6,18.6,18.9,University of Virginia Cancer Center
51081,Greensville,51,0,0.3,1,"Richmond, Virginia",63.6,1.2,"Mecklenburg, Virginia",50.6,1.09,VCU Massey Comprehensive Cancer Center,62.6,1.15,67.5,52.0,68.2,VCU Massey Comprehensive Cancer Center
51083,Halifax,51,0,0.1,1,"Durham, North Carolina",58.5,1.29,"Mecklenburg, Virginia",39.8,0.88,Duke Cancer Institute,61.1,1.35,63.2,40.7,60.1,Duke Cancer Institute
51085,Hanover,51,21,1.8,1,"Richmond, Virginia",13.9,0.33,"Hanover, Virginia",0.0,0.0,VCU Massey Comprehensive Cancer Center,13.0,0.3,13.0,0.0,12.1,VCU Massey Comprehensive Cancer Center
51087,Henrico,51,48,0.2,1,"Richmond, Virginia",6.5,0.15,"Henrico, Virginia",0.0,0.0,VCU Massey Comprehensive Cancer Center,6.4,0.16,6.1,0.0,6.9,VCU Massey Comprehensive Cancer Center
51089,Henry,51,0,0.2,1,"Forsyth, North Carolina",56.1,1.26,"Roanoke, Virginia",51.6,1.23,Wake Forest Baptist Comprehensive Cancer Center,56.2,1.26,54.1,48.9,54.2,Wake Forest Baptist Comprehensive Cancer Center
51091,Highland,51,0,1.1,1,"Charlottesville, Virginia",75.6,1.68,"Charlottesville, Virginia",75.6,1.68,University of Virginia Cancer Center,75.1,1.68,76.2,76.2,75.9,University of Virginia Cancer Center
51093,Isle of Wight,51,0,2.4,1,"Richmond, Virginia",77.3,1.63,"Norfolk, Virginia",35.9,0.83,VCU Massey Comprehensive Cancer Center,75.3,1.6,74.2,25.6,72.8,VCU Massey Comprehensive Cancer Center
51095,James City,51,4,0.6,1,"Richmond, Virginia",49.2,1.1,"Norfolk, Virginia",44.6,0.9,VCU Massey Comprehensive Cancer Center,46.9,0.95,50.5,46.9,48.5,VCU Massey Comprehensive Cancer Center
51097,King and Queen,51,0,0.2,1,"Richmond, Virginia",46.2,1.0,"Richmond, Virginia",46.2,1.0,VCU Massey Comprehensive Cancer Center,44.0,0.95,40.1,34.6,37.7,VCU Massey Comprehensive Cancer Center
51099,King George,51,0,0.4,1,"District of Columbia, District of Columbia",59.2,1.34,"Hanover, Virginia",54.8,1.11,VCU Massey Comprehensive Cancer Center,63.1,1.39,46.4,46.4,52.2,Georgetown Lombardi Comprehensive Cancer Center
51101,King William,51,0,0.4,1,"Richmond, Virginia",30.1,0.65,"Richmond, Virginia",30.1,0.65,VCU Massey Comprehensive Cancer Center,27.9,0.61,30.0,23.4,27.7,VCU Massey Comprehensive Cancer Center
51103,Lancaster,51,0,1.4,1,"Richmond, Virginia",73.6,1.6,"Richmond, Virginia",73.6,1.6,VCU Massey Comprehensive Cancer Center,71.0,1.44,69.1,64.5,66.6,VCU Massey Comprehensive Cancer Center
51105,Lee,51,0,0.5,1,"Fayette, Kentucky",161.2,3.57,"Knox, Tennessee",91.3,2.07,Markey Cancer Center (Kentucky),162.0,3.51,141.9,85.5,143.2,Markey Cancer Center (Kentucky)
51107,Loudoun,51,7,0.1,1,"Fairfax, Virginia",22.9,0.46,"Fairfax, Virginia",22.9,0.46,Georgetown Lombardi Comprehensive Cancer Center,27.4,0.55,22.9,22.9,29.2,Georgetown Lombardi Comprehensive Cancer Center
51109,Louisa,51,0,1.1,1,"Charlottesville, Virginia",33.6,0.73,"Charlottesville, Virginia",33.6,0.73,University of Virginia Cancer Center,34.1,0.74,34.2,34.2,34.5,University of Virginia Cancer Center
51111,Lunenburg,51,0,0.7,1,"Richmond, Virginia",71.2,1.59,"Mecklenburg, Virginia",36.9,0.8,VCU Massey Comprehensive Cancer Center,70.4,1.58,68.2,24.1,70.3,VCU Massey Comprehensive Cancer Center
51113,Madison,51,0,0.9,1,"Charlottesville, Virginia",30.1,0.63,"Charlottesville, Virginia",30.1,0.63,University of Virginia Cancer Center,29.7,0.62,33.0,33.0,33.3,University of Virginia Cancer Center
51115,Mathews,51,0,0.8,1,"Richmond, Virginia",71.9,1.54,"Norfolk, Virginia",59.6,1.36,VCU Massey Comprehensive Cancer Center,69.3,1.37,74.3,45.8,72.0,VCU Massey Comprehensive Cancer Center
51117,Mecklenburg,51,21,0.8,1,"Durham, North Carolina",67.9,1.33,"Mecklenburg, Virginia",0.0,0.0,Duke Cancer Institute,73.1,1.44,70.2,0.0,70.8,Duke Cancer Institute
51119,Middlesex,51,0,0.4,1,"Richmond, Virginia",59.0,1.27,"Richmond, Virginia",59.0,1.27,VCU Massey Comprehensive Cancer Center,56.4,1.1,63.5,60.4,61.0,VCU Massey Comprehensive Cancer Center
51121,Montgomery,51,17,0.4,1,"Forsyth, North Carolina",96.5,2.41,"Roanoke, Virginia",33.6,0.64,Wake Forest Baptist Comprehensive Cancer Center,96.6,2.42,90.5,30.8,90.7,Wake Forest Baptist Comprehensive Cancer Center
51125,Nelson,51,0,0.8,1,"Charlottesville, Virginia",29.4,0.68,"Charlottesville, Virginia",29.4,0.68,University of Virginia Cancer Center,28.9,0.67,31.0,31.0,30.6,University of Virginia Cancer Center
51127,New Kent,51,1,0.1,1,"Richmond, Virginia",24.8,0.53,"Richmond, Virginia",24.8,0.53,VCU Massey Comprehensive Cancer Center,22.2,0.37,28.1,28.1,25.8,VCU Massey Comprehensive Cancer Center
51131,Northampton,51,0,0.2,1,"Richmond, Virginia",132.3,2.72,"Norfolk, Virginia",47.6,1.03,VCU Massey Comprehensive Cancer Center,129.9,2.41,102.6,46.6,100.2,VCU Massey Comprehensive Cancer Center
51133,Northumberland,51,0,0.1,1,"Richmond, Virginia",76.4,1.67,"Richmond, Virginia",76.4,1.67,VCU Massey Comprehensive Cancer Center,74.2,1.62,75.3,68.2,72.9,VCU Massey Comprehensive Cancer Center
51135,Nottoway,51,0,0.4,1,"Richmond, Virginia",57.8,1.29,"Chesterfield, Virginia",47.8,1.04,VCU Massey Comprehensive Cancer Center,56.9,1.27,51.7,41.0,53.9,VCU Massey Comprehensive Cancer Center
51137,Orange,51,1,0.1,1,"Charlottesville, Virginia",37.9,0.85,"Charlottesville, Virginia",37.9,0.85,University of Virginia Cancer Center,38.5,0.86,40.1,40.1,40.6,University of Virginia Cancer Center
51139,Page,51,0,1.0,1,"Charlottesville, Virginia",59.1,1.32,"Charlottesville, Virginia",59.1,1.32,University of Virginia Cancer Center,58.7,1.31,47.4,47.4,47.6,University of Virginia Cancer Center
51141,Patrick,51,0,0.1,1,"Forsyth, North Carolina",48.3,1.25,"Forsyth, North Carolina",48.3,1.25,Wake Forest Baptist Comprehensive Cancer Center,48.5,1.25,45.6,45.6,45.8,Wake Forest Baptist Comprehensive Cancer Center
51143,Pittsylvania,51,0,1.1,1,"Orange, North Carolina",67.7,1.46,"Orange, North Carolina",67.7,1.46,Duke Cancer Institute,66.0,1.43,69.1,55.7,68.1,Duke Cancer Institute
51145,Powhatan,51,0,0.5,1,"Richmond, Virginia",26.6,0.59,"Chesterfield, Virginia",23.7,0.44,VCU Massey Comprehensive Cancer Center,27.3,0.64,26.9,23.4,29.3,VCU Massey Comprehensive Cancer Center
51147,Prince Edward,51,0,0.3,1,"Charlottesville, Virginia",63.8,1.38,"Mecklenburg, Virginia",51.6,1.08,VCU Massey Comprehensive Cancer Center,63.1,1.39,64.4,47.5,64.3,University of Virginia Cancer Center
51149,Prince George,51,0,0.2,1,"Richmond, Virginia",28.7,0.53,"Chesterfield, Virginia",25.0,0.45,VCU Massey Comprehensive Cancer Center,26.7,0.5,28.4,23.6,28.1,VCU Massey Comprehensive Cancer Center
51153,Prince William,51,12,0.6,1,"Fairfax, Virginia",25.9,0.62,"Fairfax, Virginia",25.9,0.62,Georgetown Lombardi Comprehensive Cancer Center,34.3,0.75,16.1,16.1,27.9,Georgetown Lombardi Comprehensive Cancer Center
51155,Pulaski,51,0,0.5,1,"Forsyth, North Carolina",85.8,1.84,"Roanoke, Virginia",47.8,0.84,Wake Forest Baptist Comprehensive Cancer Center,85.9,1.85,86.3,51.7,86.4,Wake Forest Baptist Comprehensive Cancer Center
51157,Rappahannock,51,0,1.3,1,"Fairfax, Virginia",53.3,1.16,"Fairfax, Virginia",53.3,1.16,University of Virginia Cancer Center,58.4,1.26,57.2,57.2,60.2,University of Virginia Cancer Center
51159,Richmond,51,0,0.2,1,"Richmond, Virginia",56.0,1.21,"Richmond, Virginia",56.0,1.21,VCU Massey Comprehensive Cancer Center,53.8,1.16,59.9,50.8,57.6,VCU Massey Comprehensive Cancer Center
51161,Roanoke,51,0,0.7,1,"Forsyth, North Carolina",108.0,2.49,"Roanoke, Virginia",6.5,0.15,Wake Forest Baptist Comprehensive Cancer Center,108.2,2.5,98.3,2.1,98.5,Wake Forest Baptist Comprehensive Cancer Center
51163,Rockbridge,51,0,0.1,1,"Charlottesville, Virginia",61.8,1.18,"Roanoke, Virginia",51.3,1.05,University of Virginia Cancer Center,61.4,1.17,64.6,54.9,64.1,University of Virginia Cancer Center
51165,Rockingham,51,0,0.1,1,"Charlottesville, Virginia",53.4,1.15,"Charlottesville, Virginia",53.4,1.15,University of Virginia Cancer Center,53.0,1.15,41.5,41.5,41.4,University of Virginia Cancer Center
51167,Russell,51,0,1.7,1,"Forsyth, North Carolina",150.3,3.76,"Knox, Tennessee",140.0,3.35,Wake Forest Baptist Comprehensive Cancer Center,150.5,3.77,139.9,121.7,139.9,Wake Forest Baptist Comprehensive Cancer Center
51169,Scott,51,0,2.1,1,"Forsyth, North Carolina",170.5,3.83,"Knox, Tennessee",107.0,2.42,Wake Forest Baptist Comprehensive Cancer Center,170.7,3.84,163.2,110.3,163.1,Wake Forest Baptist Comprehensive Cancer Center
51171,Shenandoah,51,0,0.1,1,"Charlottesville, Virginia",78.0,1.7,"Charlottesville, Virginia",78.0,1.7,University of Virginia Cancer Center,77.6,1.69,69.5,69.5,69.7,University of Virginia Cancer Center
51173,Smyth,51,0,1.0,1,"Forsyth, North Carolina",112.6,2.62,"Roanoke, Virginia",102.4,1.99,Wake Forest Baptist Comprehensive Cancer Center,112.8,2.63,106.3,106.3,106.3,Wake Forest Baptist Comprehensive Cancer Center
51175,Southampton,51,0,0.1,1,"Richmond, Virginia",67.6,1.39,"Norfolk, Virginia",52.9,1.24,VCU Massey Comprehensive Cancer Center,66.6,1.34,72.8,55.6,72.4,VCU Massey Comprehensive Cancer Center
51177,Spotsylvania,51,13,0.6,1,"Fairfax, Virginia",53.8,1.15,"Hanover, Virginia",45.4,0.77,VCU Massey Comprehensive Cancer Center,54.8,0.96,54.1,46.8,58.5,VCU Massey Comprehensive Cancer Center
51179,Stafford,51,1,1.1,1,"Fairfax, Virginia",39.2,0.71,"Fairfax, Virginia",39.2,0.71,Georgetown Lombardi Comprehensive Cancer Center,45.7,0.86,37.7,37.7,47.7,Georgetown Lombardi Comprehensive Cancer Center
51181,Surry,51,0,0.7,1,"Richmond, Virginia",51.4,1.09,"Chesterfield, Virginia",47.8,0.97,VCU Massey Comprehensive Cancer Center,49.4,1.06,52.6,44.2,51.1,VCU Massey Comprehensive Cancer Center
51183,Sussex,51,0,0.2,1,"Richmond, Virginia",46.4,0.96,"Chesterfield, Virginia",41.7,0.87,VCU Massey Comprehensive Cancer Center,45.4,0.91,49.5,43.3,49.3,VCU Massey Comprehensive Cancer Center
51185,Tazewell,51,0,1.0,1,"Forsyth, North Carolina",135.3,2.79,"Roanoke, Virginia",112.8,2.54,Wake Forest Baptist Comprehensive Cancer Center,135.5,2.79,122.5,101.1,122.5,Wake Forest Baptist Comprehensive Cancer Center
51187,Warren,51,0,0.7,1,"Fairfax, Virginia",55.1,1.08,"Fairfax, Virginia",55.1,1.08,Georgetown Lombardi Comprehensive Cancer Center,67.1,1.32,59.7,59.7,70.2,Georgetown Lombardi Comprehensive Cancer Center
51191,Washington,51,0,0.1,1,"Forsyth, North Carolina",127.3,3.15,"Roanoke, Virginia",127.0,2.46,Wake Forest Baptist Comprehensive Cancer Center,127.5,3.15,124.7,124.7,124.6,Wake Forest Baptist Comprehensive Cancer Center
51193,Westmoreland,51,0,0.8,1,"Richmond, Virginia",72.8,1.58,"Hanover, Virginia",66.9,1.43,VCU Massey Comprehensive Cancer Center,70.6,1.53,62.5,53.9,63.7,VCU Massey Comprehensive Cancer Center
51195,Wise,51,2,0.1,1,"Fayette, Kentucky",169.0,4.13,"Knox, Tennessee",126.0,2.94,Markey Cancer Center (Kentucky),168.9,4.15,152.2,122.7,153.5,Markey Cancer Center (Kentucky)
51197,Wythe,51,12,1.5,1,"Forsyth, North Carolina",86.7,1.81,"Roanoke, Virginia",76.2,1.39,Wake Forest Baptist Comprehensive Cancer Center,86.9,1.82,86.5,79.1,86.5,Wake Forest Baptist Comprehensive Cancer Center
51199,York,51,0,0.7,1,"Richmond, Virginia",67.3,1.41,"Norfolk, Virginia",27.8,0.64,VCU Massey Comprehensive Cancer Center,65.0,1.1,70.7,27.8,68.7,VCU Massey Comprehensive Cancer Center
51510,Alexandria,51,9,0.1,1,"District of Columbia, District of Columbia",8.7,0.26,"District of Columbia, District of Columbia",8.7,0.26,Georgetown Lombardi Comprehensive Cancer Center,9.0,0.23,9.0,9.0,8.1,Georgetown Lombardi Comprehensive Cancer Center
51520,Bristol,51,3,0.3,1,"Forsyth, North Carolina",139.2,3.03,"Knox, Tennessee",116.1,2.03,Wake Forest Baptist Comprehensive Cancer Center,139.3,3.03,134.3,132.8,134.2,Wake Forest Baptist Comprehensive Cancer Center
51530,Buena Vista,51,0,0.1,1,"Charlottesville, Virginia",67.1,1.24,"Roanoke, Virginia",52.9,1.09,University of Virginia Cancer Center,66.7,1.24,61.6,55.0,61.2,University of Virginia Cancer Center
51540,Charlottesville,51,154,0.1,1,"Charlottesville, Virginia",0.0,0.0,"Charlottesville, Virginia",0.0,0.0,University of Virginia Cancer Center,0.8,0.02,0.0,0.0,0.4,University of Virginia Cancer Center
51550,Chesapeake,51,4,0.1,1,"Richmond, Virginia",98.1,2.11,"Norfolk, Virginia",10.9,0.24,VCU Massey Comprehensive Cancer Center,96.7,1.75,101.5,11.7,100.0,VCU Massey Comprehensive Cancer Center
51570,Colonial Heights,51,0,0.2,1,"Richmond, Virginia",21.7,0.46,"Chesterfield, Virginia",17.4,0.32,VCU Massey Comprehensive Cancer Center,20.7,0.39,22.9,16.3,23.1,VCU Massey Comprehensive Cancer Center
51580,Covington,51,0,0.1,1,"Charlottesville, Virginia",100.7,1.93,"Roanoke, Virginia",56.1,1.33,University of Virginia Cancer Center,100.3,1.93,100.3,41.7,99.8,University of Virginia Cancer Center
51590,Danville,51,0,0.1,1,"Orange, North Carolina",52.6,1.13,"Orange, North Carolina",52.6,1.13,Duke Cancer Institute,51.0,1.09,55.2,55.2,55.0,Duke Cancer Institute
51595,Emporia,51,0,0.1,1,"Richmond, Virginia",65.2,1.26,"Mecklenburg, Virginia",49.9,1.08,VCU Massey Comprehensive Cancer Center,64.2,1.21,70.1,51.7,70.8,VCU Massey Comprehensive Cancer Center
51600,Fairfax,51,0,0.3,1,"Fairfax, Virginia",3.3,0.08,"Fairfax, Virginia",3.3,0.08,Georgetown Lombardi Comprehensive Cancer Center,16.3,0.4,2.9,2.9,14.7,Georgetown Lombardi Comprehensive Cancer Center
51610,Falls Church,51,0,0.0,1,"Fairfax, Virginia",8.2,0.17,"Fairfax, Virginia",8.2,0.17,Georgetown Lombardi Comprehensive Cancer Center,8.0,0.2,6.4,6.4,6.1,Georgetown Lombardi Comprehensive Cancer Center
51620,Franklin,51,0,0.2,1,"Richmond, Virginia",76.3,1.58,"Norfolk, Virginia",45.1,1.04,VCU Massey Comprehensive Cancer Center,75.4,1.53,79.2,48.4,78.6,VCU Massey Comprehensive Cancer Center
51630,Fredericksburg,51,0,0.1,1,"Fairfax, Virginia",46.3,0.98,"Hanover, Virginia",45.1,0.75,Georgetown Lombardi Comprehensive Cancer Center,52.8,1.13,47.5,47.5,57.3,Georgetown Lombardi Comprehensive Cancer Center
51640,Galax,51,0,0.3,1,"Forsyth, North Carolina",63.4,1.27,"Forsyth, North Carolina",63.4,1.27,Wake Forest Baptist Comprehensive Cancer Center,63.5,1.28,64.1,64.1,64.1,Wake Forest Baptist Comprehensive Cancer Center
51650,Hampton,51,5,0.0,1,"Richmond, Virginia",75.6,1.55,"Norfolk, Virginia",14.3,0.29,VCU Massey Comprehensive Cancer Center,73.2,1.24,83.2,14.1,81.3,VCU Massey Comprehensive Cancer Center
51660,Harrisonburg,51,0,0.3,1,"Charlottesville, Virginia",54.4,1.19,"Charlottesville, Virginia",54.4,1.19,University of Virginia Cancer Center,54.0,1.18,41.8,41.8,41.7,University of Virginia Cancer Center
51670,Hopewell,51,0,0.4,1,"Richmond, Virginia",24.0,0.48,"Chesterfield, Virginia",20.3,0.4,VCU Massey Comprehensive Cancer Center,22.0,0.45,23.0,19.7,22.5,VCU Massey Comprehensive Cancer Center
51678,Lexington,51,0,0.0,1,"Charlottesville, Virginia",62.5,1.2,"Roanoke, Virginia",50.6,1.04,University of Virginia Cancer Center,62.1,1.19,65.7,54.0,65.2,University of Virginia Cancer Center
51680,Lynchburg,51,10,0.6,1,"Charlottesville, Virginia",66.3,1.57,"Roanoke, Virginia",50.1,1.09,University of Virginia Cancer Center,65.9,1.56,70.2,51.6,69.8,University of Virginia Cancer Center
51683,Manassas,51,4,0.0,1,"Fairfax, Virginia",17.0,0.38,"Fairfax, Virginia",17.0,0.38,Georgetown Lombardi Comprehensive Cancer Center,29.4,0.64,15.9,15.9,28.4,Georgetown Lombardi Comprehensive Cancer Center
51685,Manassas Park,51,0,0.2,1,"Fairfax, Virginia",14.8,0.32,"Fairfax, Virginia",14.8,0.32,Georgetown Lombardi Comprehensive Cancer Center,27.1,0.59,13.6,13.6,26.1,Georgetown Lombardi Comprehensive Cancer Center
51690,Martinsville,51,0,0.2,1,"Forsyth, North Carolina",54.5,1.21,"Roanoke, Virginia",53.4,1.3,Wake Forest Baptist Comprehensive Cancer Center,54.6,1.22,54.7,49.8,54.9,Wake Forest Baptist Comprehensive Cancer Center
51700,Newport News,51,7,0.3,1,"Richmond, Virginia",68.2,1.44,"Norfolk, Virginia",24.4,0.54,VCU Massey Comprehensive Cancer Center,65.8,1.12,73.9,22.4,72.0,VCU Massey Comprehensive Cancer Center
51710,Norfolk,51,66,0.2,1,"Richmond, Virginia",89.4,1.82,"Norfolk, Virginia",0.0,0.0,VCU Massey Comprehensive Cancer Center,87.1,1.5,95.6,0.0,93.9,VCU Massey Comprehensive Cancer Center
51720,Norton,51,0,0.1,1,"Fayette, Kentucky",170.3,4.18,"Knox, Tennessee",124.8,2.89,Markey Cancer Center (Kentucky),170.2,4.2,152.3,121.4,153.6,Markey Cancer Center (Kentucky)
51730,Petersburg,51,1,0.1,1,"Richmond, Virginia",25.1,0.55,"Chesterfield, Virginia",20.4,0.46,VCU Massey Comprehensive Cancer Center,24.3,0.53,27.4,20.3,27.6,VCU Massey Comprehensive Cancer Center
51735,Poquoson,51,0,0.5,1,"Richmond, Virginia",73.5,1.54,"Norfolk, Virginia",21.5,0.51,VCU Massey Comprehensive Cancer Center,71.1,1.23,79.0,21.1,77.0,VCU Massey Comprehensive Cancer Center
51740,Portsmouth,51,3,0.3,1,"Richmond, Virginia",89.9,1.84,"Norfolk, Virginia",8.8,0.24,VCU Massey Comprehensive Cancer Center,87.5,1.53,93.8,8.0,92.2,VCU Massey Comprehensive Cancer Center
51750,Radford,51,0,0.6,1,"Forsyth, North Carolina",97.3,2.1,"Roanoke, Virginia",39.8,0.8,Wake Forest Baptist Comprehensive Cancer Center,97.5,2.1,87.2,41.5,87.3,Wake Forest Baptist Comprehensive Cancer Center
51760,Richmond,51,153,0.7,1,"Richmond, Virginia",0.0,0.0,"Richmond, Virginia",0.0,0.0,VCU Massey Comprehensive Cancer Center,2.9,0.08,0.0,0.0,2.5,VCU Massey Comprehensive Cancer Center
51770,Roanoke,51,40,0.4,1,"Forsyth, North Carolina",106.1,2.45,"Roanoke, Virginia",0.0,0.0,Wake Forest Baptist Comprehensive Cancer Center,106.3,2.46,99.3,0.0,99.5,Wake Forest Baptist Comprehensive Cancer Center
51775,Salem,51,13,0.0,1,"Forsyth, North Carolina",108.6,2.49,"Roanoke, Virginia",6.4,0.17,Wake Forest Baptist Comprehensive Cancer Center,108.8,2.49,98.9,6.4,99.1,Wake Forest Baptist Comprehensive Cancer Center
51790,Staunton,51,0,0.0,1,"Charlottesville, Virginia",37.4,0.8,"Charlottesville, Virginia",37.4,0.8,University of Virginia Cancer Center,37.0,0.79,39.7,39.7,39.3,University of Virginia Cancer Center
51800,Suffolk,51,1,1.0,1,"Richmond, Virginia",85.5,1.86,"Norfolk, Virginia",21.4,0.5,VCU Massey Comprehensive Cancer Center,84.5,1.79,87.0,21.5,85.7,VCU Massey Comprehensive Cancer Center
51810,Virginia Beach,51,11,0.2,1,"Richmond, Virginia",100.5,2.07,"Norfolk, Virginia",13.3,0.28,VCU Massey Comprehensive Cancer Center,98.1,1.75,107.9,12.3,106.2,VCU Massey Comprehensive Cancer Center
51820,Waynesboro,51,0,0.0,1,"Charlottesville, Virginia",25.7,0.54,"Charlottesville, Virginia",25.7,0.54,University of Virginia Cancer Center,25.3,0.53,26.8,26.8,26.4,University of Virginia Cancer Center
51830,Williamsburg,51,0,0.2,1,"Richmond, Virginia",51.4,1.18,"Norfolk, Virginia",40.0,0.79,VCU Massey Comprehensive Cancer Center,49.1,1.03,54.3,43.3,52.3,VCU Massey Comprehensive Cancer Center
51840,Winchester,51,12,0.1,1,"Fairfax, Virginia",57.6,1.24,"Fairfax, Virginia",57.6,1.24,Georgetown Lombardi Comprehensive Cancer Center,65.5,1.49,64.8,64.8,72.7,Georgetown Lombardi Comprehensive Cancer Center
53001,Adams,53,0,4.6,1,"King, Washington",183.1,3.23,"Benton, Washington",63.1,1.37,Fred Hutch/UW/Seattle Children's Cancer Consortium,189.9,3.39,188.9,54.5,197.0,Fred Hutch/UW/Seattle Children's Cancer Consortium
53003,Asotin,53,0,0.9,1,"King, Washington",305.5,5.76,"Spokane, Washington",112.8,2.42,Fred Hutch/UW/Seattle Children's Cancer Consortium,312.3,5.93,307.5,108.5,315.6,Fred Hutch/UW/Seattle Children's Cancer Consortium
53005,Benton,53,27,1.7,1,"King, Washington",203.7,3.61,"Benton, Washington",0.0,0.0,Fred Hutch/UW/Seattle Children's Cancer Consortium,210.5,3.78,200.0,0.0,206.4,Knight Cancer Institute (OHSU)
53007,Chelan,53,3,1.9,1,"King, Washington",139.7,2.89,"Snohomish, Washington",127.7,2.7,Fred Hutch/UW/Seattle Children's Cancer Consortium,138.6,3.01,105.6,105.6,112.2,Fred Hutch/UW/Seattle Children's Cancer Consortium
53009,Clallam,53,0,0.9,1,"King, Washington",137.7,2.79,"Pierce, Washington",112.1,2.27,Fred Hutch/UW/Seattle Children's Cancer Consortium,140.1,2.91,80.9,70.6,71.9,Fred Hutch/UW/Seattle Children's Cancer Consortium
53011,Clark,53,47,0.5,1,"Multnomah, Oregon",13.7,0.27,"Clark, Washington",0.0,0.0,Knight Cancer Institute (OHSU),18.5,0.4,13.6,0.0,17.5,Knight Cancer Institute (OHSU)
53013,Columbia,53,0,0.1,1,"Multnomah, Oregon",262.2,4.85,"Benton, Washington",70.7,1.43,Knight Cancer Institute (OHSU),267.8,5.0,261.4,74.9,269.9,Fred Hutch/UW/Seattle Children's Cancer Consortium
53015,Cowlitz,53,17,0.2,1,"Multnomah, Oregon",49.1,0.81,"Clark, Washington",40.7,0.67,Knight Cancer Institute (OHSU),49.2,0.86,53.9,42.3,54.8,Knight Cancer Institute (OHSU)
53017,Douglas,53,0,4.7,1,"King, Washington",145.9,3.05,"Snohomish, Washington",133.9,2.86,Fred Hutch/UW/Seattle Children's Cancer Consortium,144.8,3.17,114.9,114.9,121.7,Fred Hutch/UW/Seattle Children's Cancer Consortium
53019,Ferry,53,0,1.1,1,"King, Washington",304.5,6.41,"Spokane, Washington",112.2,2.37,Fred Hutch/UW/Seattle Children's Cancer Consortium,303.4,6.52,223.7,100.5,226.9,Fred Hutch/UW/Seattle Children's Cancer Consortium
53021,Franklin,53,0,1.5,1,"Multnomah, Oregon",212.2,3.91,"Benton, Washington",15.9,0.39,Knight Cancer Institute (OHSU),217.8,4.06,203.9,10.6,212.8,Fred Hutch/UW/Seattle Children's Cancer Consortium
53023,Garfield,53,0,0.2,1,"King, Washington",273.1,5.06,"Benton, Washington",107.7,2.2,Fred Hutch/UW/Seattle Children's Cancer Consortium,279.9,5.23,277.8,99.3,285.9,Fred Hutch/UW/Seattle Children's Cancer Consortium
53025,Grant,53,0,2.8,1,"King, Washington",165.9,2.7,"Benton, Washington",90.4,1.88,Fred Hutch/UW/Seattle Children's Cancer Consortium,172.7,2.87,158.9,76.6,166.6,Fred Hutch/UW/Seattle Children's Cancer Consortium
53027,Grays Harbor,53,18,0.7,1,"King, Washington",106.0,2.04,"Thurston, Washington",51.9,1.07,Fred Hutch/UW/Seattle Children's Cancer Consortium,108.4,2.16,98.1,52.7,95.9,Fred Hutch/UW/Seattle Children's Cancer Consortium
53029,Island,53,0,2.5,1,"King, Washington",109.7,2.1,"Snohomish, Washington",80.4,1.57,Fred Hutch/UW/Seattle Children's Cancer Consortium,103.2,2.06,57.7,31.6,49.4,Fred Hutch/UW/Seattle Children's Cancer Consortium
53031,Jefferson,53,2,0.5,1,"King, Washington",105.6,2.06,"Pierce, Washington",80.0,1.55,Fred Hutch/UW/Seattle Children's Cancer Consortium,108.0,2.18,50.4,35.7,41.1,Fred Hutch/UW/Seattle Children's Cancer Consortium
53033,King,53,381,1.7,1,"King, Washington",0.0,0.0,"King, Washington",0.0,0.0,Fred Hutch/UW/Seattle Children's Cancer Consortium,15.0,0.34,0.0,0.0,9.3,Fred Hutch/UW/Seattle Children's Cancer Consortium
53035,Kitsap,53,18,0.2,1,"King, Washington",66.7,1.31,"Pierce, Washington",41.1,0.79,Fred Hutch/UW/Seattle Children's Cancer Consortium,69.1,1.43,23.1,23.1,16.1,Fred Hutch/UW/Seattle Children's Cancer Consortium
53037,Kittitas,53,0,0.2,1,"King, Washington",97.5,1.65,"King, Washington",97.5,1.65,Fred Hutch/UW/Seattle Children's Cancer Consortium,104.3,1.82,99.0,99.0,107.6,Fred Hutch/UW/Seattle Children's Cancer Consortium
53039,Klickitat,53,0,1.2,1,"Multnomah, Oregon",90.3,1.94,"Clark, Washington",89.6,1.91,Knight Cancer Institute (OHSU),95.1,2.08,86.9,82.5,93.1,Knight Cancer Institute (OHSU)
53041,Lewis,53,17,2.9,1,"Multnomah, Oregon",86.1,1.45,"Thurston, Washington",44.4,0.87,Knight Cancer Institute (OHSU),86.3,1.5,84.5,31.7,88.4,Fred Hutch/UW/Seattle Children's Cancer Consortium
53043,Lincoln,53,0,0.6,1,"King, Washington",247.5,4.45,"Spokane, Washington",48.7,1.05,Fred Hutch/UW/Seattle Children's Cancer Consortium,248.5,5.29,218.5,53.5,224.6,Fred Hutch/UW/Seattle Children's Cancer Consortium
53045,Mason,53,3,1.9,1,"King, Washington",80.9,1.65,"Thurston, Washington",33.2,0.71,Fred Hutch/UW/Seattle Children's Cancer Consortium,83.3,1.76,50.1,26.3,47.9,Fred Hutch/UW/Seattle Children's Cancer Consortium
53047,Okanogan,53,0,3.7,1,"King, Washington",229.0,4.86,"Spokane, Washington",148.0,3.14,Fred Hutch/UW/Seattle Children's Cancer Consortium,227.9,4.97,164.1,138.6,166.9,Fred Hutch/UW/Seattle Children's Cancer Consortium
53049,Pacific,53,0,0.8,1,"Washington, Oregon",118.0,2.61,"Thurston, Washington",91.3,1.9,Knight Cancer Institute (OHSU),119.6,2.34,104.7,72.4,110.7,Knight Cancer Institute (OHSU)
53051,Pend Oreille,53,0,1.9,1,"King, Washington",328.9,5.52,"Bonner, Idaho",40.3,0.85,Fred Hutch/UW/Seattle Children's Cancer Consortium,335.7,5.69,284.7,33.0,289.4,Fred Hutch/UW/Seattle Children's Cancer Consortium
53053,Pierce,53,60,1.3,1,"King, Washington",35.8,0.75,"Pierce, Washington",0.0,0.0,Fred Hutch/UW/Seattle Children's Cancer Consortium,38.2,0.87,32.5,0.0,37.7,Fred Hutch/UW/Seattle Children's Cancer Consortium
53055,San Juan,53,0,14.7,1,"King, Washington",100.2,2.0,"Snohomish, Washington",71.0,1.47,Fred Hutch/UW/Seattle Children's Cancer Consortium,93.7,1.97,94.6,69.2,85.8,Fred Hutch/UW/Seattle Children's Cancer Consortium
53057,Skagit,53,18,0.3,1,"King, Washington",69.2,1.2,"Snohomish, Washington",40.0,0.67,Fred Hutch/UW/Seattle Children's Cancer Consortium,62.8,1.17,76.2,45.4,69.3,Fred Hutch/UW/Seattle Children's Cancer Consortium
53059,Skamania,53,1,1.5,1,"Multnomah, Oregon",44.9,0.92,"Clark, Washington",44.2,0.89,Knight Cancer Institute (OHSU),49.7,1.05,40.7,36.4,46.9,Knight Cancer Institute (OHSU)
53061,Snohomish,53,57,0.4,1,"King, Washington",30.1,0.55,"Snohomish, Washington",0.0,0.0,Fred Hutch/UW/Seattle Children's Cancer Consortium,23.6,0.52,31.3,0.0,26.1,Fred Hutch/UW/Seattle Children's Cancer Consortium
53063,Spokane,53,59,0.9,1,"King, Washington",279.5,4.51,"Spokane, Washington",0.0,0.0,Fred Hutch/UW/Seattle Children's Cancer Consortium,286.3,4.67,271.9,0.0,277.9,Fred Hutch/UW/Seattle Children's Cancer Consortium
53065,Stevens,53,0,2.5,1,"King, Washington",318.4,6.01,"Spokane, Washington",59.8,1.28,Fred Hutch/UW/Seattle Children's Cancer Consortium,324.3,6.97,252.7,55.3,257.3,Fred Hutch/UW/Seattle Children's Cancer Consortium
53067,Thurston,53,43,2.9,1,"King, Washington",59.9,1.14,"Thurston, Washington",0.0,0.0,Fred Hutch/UW/Seattle Children's Cancer Consortium,62.3,1.26,56.9,0.0,59.1,Fred Hutch/UW/Seattle Children's Cancer Consortium
53069,Wahkiakum,53,0,1.4,1,"Multnomah, Oregon",80.1,1.47,"Clark, Washington",71.7,1.32,Knight Cancer Institute (OHSU),80.2,1.52,70.0,67.8,75.1,Knight Cancer Institute (OHSU)
53071,Walla Walla,53,17,0.4,1,"Multnomah, Oregon",229.8,4.18,"Benton, Washington",54.9,1.05,Knight Cancer Institute (OHSU),235.4,4.34,247.2,52.4,253.3,Knight Cancer Institute (OHSU)
53073,Whatcom,53,19,0.1,1,"King, Washington",97.7,1.82,"Snohomish, Washington",68.5,1.29,Fred Hutch/UW/Seattle Children's Cancer Consortium,91.2,1.78,106.5,76.1,99.2,Fred Hutch/UW/Seattle Children's Cancer Consortium
53075,Whitman,53,0,2.7,1,"King, Washington",280.2,5.29,"Spokane, Washington",77.0,1.63,Fred Hutch/UW/Seattle Children's Cancer Consortium,287.0,5.46,289.3,74.0,296.9,Fred Hutch/UW/Seattle Children's Cancer Consortium
53077,Yakima,53,16,1.6,1,"King, Washington",146.3,2.47,"Benton, Washington",71.5,1.29,Fred Hutch/UW/Seattle Children's Cancer Consortium,153.1,2.64,133.3,69.8,142.4,Fred Hutch/UW/Seattle Children's Cancer Consortium
54001,Barbour,54,0,0.5,1,"Allegheny, Pennsylvania",115.8,2.57,"Monongalia, West Virginia",45.3,1.15,UPMC Hillman Cancer Center,118.3,2.65,110.9,43.8,111.4,UPMC Hillman Cancer Center
54003,Berkeley,54,8,0.5,1,"Montgomery, Maryland",66.5,1.43,"Montgomery, Maryland",66.5,1.43,Georgetown Lombardi Comprehensive Cancer Center,68.1,1.47,63.1,63.1,72.7,Georgetown Lombardi Comprehensive Cancer Center
54005,Boone,54,0,1.9,1,"Fayette, Kentucky",182.1,3.55,"Kanawha, West Virginia",36.0,0.9,Markey Cancer Center (Kentucky),182.0,3.56,178.7,26.3,179.6,Markey Cancer Center (Kentucky)
54007,Braxton,54,0,1.1,1,"Allegheny, Pennsylvania",157.2,3.47,"Kanawha, West Virginia",67.4,1.22,UPMC Hillman Cancer Center,159.7,3.55,153.3,66.5,154.5,UPMC Hillman Cancer Center
54009,Brooke,54,0,0.7,1,"Allegheny, Pennsylvania",42.6,0.94,"Washington, Pennsylvania",34.0,0.8,UPMC Hillman Cancer Center,45.1,1.02,40.5,29.1,43.0,UPMC Hillman Cancer Center
54011,Cabell,54,18,0.2,1,"Fayette, Kentucky",129.6,2.16,"Kanawha, West Virginia",39.7,0.81,Markey Cancer Center (Kentucky),129.5,2.17,138.2,44.2,139.2,OSU Comprehensive Cancer Center – James
54013,Calhoun,54,0,0.7,1,"Franklin, Ohio",163.7,3.65,"Kanawha, West Virginia",67.2,1.41,OSU Comprehensive Cancer Center – James,165.4,3.72,150.7,54.2,152.3,UPMC Hillman Cancer Center
54015,Clay,54,0,0.5,1,"Franklin, Ohio",185.7,4.03,"Kanawha, West Virginia",41.7,1.08,OSU Comprehensive Cancer Center – James,187.3,4.09,173.7,37.4,173.4,University of Virginia Cancer Center
54017,Doddridge,54,0,0.1,1,"Allegheny, Pennsylvania",119.3,2.78,"Monongalia, West Virginia",60.0,1.52,UPMC Hillman Cancer Center,121.8,2.85,107.5,56.9,109.0,UPMC Hillman Cancer Center
54019,Fayette,54,0,0.3,1,"Forsyth, North Carolina",171.5,3.42,"Kanawha, West Virginia",53.6,1.29,Wake Forest Baptist Comprehensive Cancer Center,171.7,3.43,169.9,44.1,170.0,Wake Forest Baptist Comprehensive Cancer Center
54021,Gilmer,54,0,1.0,1,"Allegheny, Pennsylvania",150.0,3.61,"Monongalia, West Virginia",83.6,1.77,UPMC Hillman Cancer Center,152.5,3.69,137.7,71.1,139.1,UPMC Hillman Cancer Center
54023,Grant,54,0,2.0,1,"Charlottesville, Virginia",129.4,2.87,"Monongalia, West Virginia",82.0,2.09,University of Virginia Cancer Center,129.0,2.87,95.5,70.0,95.5,University of Virginia Cancer Center
54025,Greenbrier,54,0,0.3,1,"Charlottesville, Virginia",134.4,2.57,"Roanoke, Virginia",76.9,1.8,University of Virginia Cancer Center,133.9,2.56,131.6,59.1,131.2,University of Virginia Cancer Center
54027,Hampshire,54,0,1.4,1,"Fairfax, Virginia",91.5,2.06,"Fairfax, Virginia",91.5,2.06,Georgetown Lombardi Comprehensive Cancer Center,98.2,2.28,95.8,89.8,103.6,Georgetown Lombardi Comprehensive Cancer Center
54029,Hancock,54,0,1.2,1,"Allegheny, Pennsylvania",42.2,0.96,"Washington, Pennsylvania",40.6,0.96,UPMC Hillman Cancer Center,44.7,1.04,37.8,34.8,40.2,UPMC Hillman Cancer Center
54031,Hardy,54,0,3.1,1,"Fairfax, Virginia",108.3,2.19,"Monongalia, West Virginia",94.3,2.4,University of Virginia Cancer Center,118.4,2.67,87.2,84.9,87.2,University of Virginia Cancer Center
54033,Harrison,54,14,0.4,1,"Allegheny, Pennsylvania",100.1,2.37,"Monongalia, West Virginia",38.3,0.69,UPMC Hillman Cancer Center,102.6,2.45,99.0,37.9,100.0,UPMC Hillman Cancer Center
54035,Jackson,54,0,0.6,1,"Franklin, Ohio",124.1,2.46,"Kanawha, West Virginia",40.7,0.68,OSU Comprehensive Cancer Center – James,125.8,2.53,126.4,39.7,128.0,OSU Comprehensive Cancer Center – James
54037,Jefferson,54,0,0.1,1,"Fairfax, Virginia",53.0,1.11,"Fairfax, Virginia",53.0,1.11,Georgetown Lombardi Comprehensive Cancer Center,53.4,1.15,50.1,50.1,58.7,Georgetown Lombardi Comprehensive Cancer Center
54039,Kanawha,54,21,0.3,1,"Franklin, Ohio",159.6,3.17,"Kanawha, West Virginia",0.0,0.0,OSU Comprehensive Cancer Center – James,160.9,3.21,160.6,0.0,162.0,OSU Comprehensive Cancer Center – James
54041,Lewis,54,0,0.2,1,"Allegheny, Pennsylvania",123.1,2.89,"Monongalia, West Virginia",56.8,1.05,UPMC Hillman Cancer Center,125.6,2.97,121.4,59.7,122.5,UPMC Hillman Cancer Center
54043,Lincoln,54,0,3.8,1,"Fayette, Kentucky",157.8,2.91,"Kanawha, West Virginia",31.9,0.84,Markey Cancer Center (Kentucky),157.7,2.92,159.1,29.7,159.9,Markey Cancer Center (Kentucky)
54045,Logan,54,0,0.9,1,"Fayette, Kentucky",175.7,4.16,"Kanawha, West Virginia",57.4,1.37,Markey Cancer Center (Kentucky),175.6,4.17,165.5,46.8,166.4,Markey Cancer Center (Kentucky)
54047,McDowell,54,0,1.4,1,"Forsyth, North Carolina",153.0,3.34,"Kanawha, West Virginia",106.8,2.85,Wake Forest Baptist Comprehensive Cancer Center,153.2,3.34,141.7,80.2,141.8,Wake Forest Baptist Comprehensive Cancer Center
54049,Marion,54,0,0.5,1,"Allegheny, Pennsylvania",84.5,1.99,"Monongalia, West Virginia",20.4,0.59,UPMC Hillman Cancer Center,87.0,2.06,81.0,19.0,81.8,UPMC Hillman Cancer Center
54051,Marshall,54,0,0.6,1,"Allegheny, Pennsylvania",66.1,1.43,"Washington, Pennsylvania",47.9,0.98,UPMC Hillman Cancer Center,68.6,1.5,63.3,42.4,65.5,UPMC Hillman Cancer Center
54053,Mason,54,0,0.8,1,"Franklin, Ohio",114.7,2.33,"Kanawha, West Virginia",49.5,1.04,OSU Comprehensive Cancer Center – James,116.0,2.37,114.2,46.4,115.6,OSU Comprehensive Cancer Center – James
54055,Mercer,54,5,0.4,1,"Forsyth, North Carolina",119.4,2.46,"Roanoke, Virginia",87.8,1.9,Wake Forest Baptist Comprehensive Cancer Center,119.6,2.47,118.8,77.9,118.9,Wake Forest Baptist Comprehensive Cancer Center
54057,Mineral,54,0,1.9,1,"Allegheny, Pennsylvania",118.5,2.79,"Monongalia, West Virginia",75.8,1.89,UPMC Hillman Cancer Center,117.6,2.51,105.8,68.4,104.5,UPMC Hillman Cancer Center
54059,Mingo,54,0,1.7,1,"Fayette, Kentucky",164.4,3.93,"Kanawha, West Virginia",76.6,1.76,Markey Cancer Center (Kentucky),164.4,3.95,155.5,63.5,156.5,Markey Cancer Center (Kentucky)
54061,Monongalia,54,64,0.0,1,"Allegheny, Pennsylvania",70.7,1.41,"Monongalia, West Virginia",0.0,0.0,UPMC Hillman Cancer Center,73.2,1.49,67.3,0.0,67.7,UPMC Hillman Cancer Center
54063,Monroe,54,0,0.3,1,"Forsyth, North Carolina",134.4,3.12,"Roanoke, Virginia",74.1,1.89,Wake Forest Baptist Comprehensive Cancer Center,134.6,3.12,120.5,49.3,120.6,Wake Forest Baptist Comprehensive Cancer Center
54065,Morgan,54,0,1.4,1,"Montgomery, Maryland",87.0,1.93,"Montgomery, Maryland",87.0,1.93,Georgetown Lombardi Comprehensive Cancer Center,95.1,2.14,81.5,81.5,91.2,Georgetown Lombardi Comprehensive Cancer Center
54067,Nicholas,54,0,0.6,1,"Charlottesville, Virginia",170.4,4.17,"Kanawha, West Virginia",74.7,1.89,University of Virginia Cancer Center,170.0,4.17,150.2,58.1,149.8,University of Virginia Cancer Center
54069,Ohio,54,10,0.7,1,"Allegheny, Pennsylvania",55.9,1.48,"Washington, Pennsylvania",38.3,0.71,UPMC Hillman Cancer Center,58.4,1.56,53.9,35.0,56.2,UPMC Hillman Cancer Center
54071,Pendleton,54,0,0.4,1,"Charlottesville, Virginia",95.3,2.11,"Charlottesville, Virginia",95.3,2.11,University of Virginia Cancer Center,94.8,2.1,76.5,76.5,76.3,University of Virginia Cancer Center
54073,Pleasants,54,0,0.1,1,"Allegheny, Pennsylvania",119.3,2.65,"Monongalia, West Virginia",90.6,2.34,UPMC Hillman Cancer Center,121.8,2.72,117.6,81.8,119.5,UPMC Hillman Cancer Center
54075,Pocahontas,54,0,3.2,1,"Charlottesville, Virginia",109.3,2.55,"Charlottesville, Virginia",109.3,2.55,University of Virginia Cancer Center,108.9,2.55,102.0,83.7,101.7,University of Virginia Cancer Center
54077,Preston,54,0,1.4,1,"Allegheny, Pennsylvania",91.6,2.11,"Monongalia, West Virginia",28.1,0.78,UPMC Hillman Cancer Center,94.0,2.12,80.4,21.3,80.3,UPMC Hillman Cancer Center
54079,Putnam,54,0,0.2,1,"Franklin, Ohio",141.3,2.81,"Kanawha, West Virginia",19.7,0.39,OSU Comprehensive Cancer Center – James,142.7,2.85,143.8,19.9,145.1,OSU Comprehensive Cancer Center – James
54081,Raleigh,54,0,0.2,1,"Forsyth, North Carolina",152.0,2.93,"Kanawha, West Virginia",58.3,1.41,Wake Forest Baptist Comprehensive Cancer Center,152.1,2.93,151.6,57.5,151.6,Wake Forest Baptist Comprehensive Cancer Center
54083,Randolph,54,0,0.9,1,"Charlottesville, Virginia",133.4,3.18,"Monongalia, West Virginia",71.7,1.87,University of Virginia Cancer Center,133.0,3.18,113.5,63.7,113.3,University of Virginia Cancer Center
54085,Ritchie,54,0,0.2,1,"Allegheny, Pennsylvania",135.9,3.09,"Monongalia, West Virginia",81.4,2.05,UPMC Hillman Cancer Center,138.4,3.17,122.6,77.7,124.4,UPMC Hillman Cancer Center
54087,Roane,54,0,1.8,1,"Franklin, Ohio",157.2,3.27,"Kanawha, West Virginia",43.6,0.97,OSU Comprehensive Cancer Center – James,158.9,3.34,149.2,36.4,150.9,OSU Comprehensive Cancer Center – James
54089,Summers,54,0,0.8,1,"Forsyth, North Carolina",140.8,3.2,"Kanawha, West Virginia",83.5,2.06,Wake Forest Baptist Comprehensive Cancer Center,140.9,3.21,135.2,66.7,135.3,Wake Forest Baptist Comprehensive Cancer Center
54091,Taylor,54,0,0.2,1,"Allegheny, Pennsylvania",99.3,2.14,"Monongalia, West Virginia",28.8,0.72,UPMC Hillman Cancer Center,101.8,2.21,92.2,25.7,92.8,UPMC Hillman Cancer Center
54093,Tucker,54,0,0.3,1,"Allegheny, Pennsylvania",127.9,3.03,"Monongalia, West Virginia",63.1,1.64,UPMC Hillman Cancer Center,130.3,3.04,113.3,49.2,113.2,UPMC Hillman Cancer Center
54095,Tyler,54,0,1.2,1,"Allegheny, Pennsylvania",103.8,2.29,"Monongalia, West Virginia",75.0,1.98,UPMC Hillman Cancer Center,106.3,2.37,98.5,63.0,100.4,UPMC Hillman Cancer Center
54097,Upshur,54,0,0.9,1,"Allegheny, Pennsylvania",129.6,3.16,"Monongalia, West Virginia",63.2,1.31,UPMC Hillman Cancer Center,132.1,3.23,124.9,59.2,125.7,UPMC Hillman Cancer Center
54099,Wayne,54,0,1.9,1,"Fayette, Kentucky",134.4,2.37,"Kanawha, West Virginia",58.9,1.24,Markey Cancer Center (Kentucky),134.3,2.39,132.0,55.0,132.7,Markey Cancer Center (Kentucky)
54101,Webster,54,0,2.4,1,"Charlottesville, Virginia",164.5,3.98,"Kanawha, West Virginia",97.8,1.97,University of Virginia Cancer Center,164.1,3.97,134.3,77.3,133.9,University of Virginia Cancer Center
54103,Wetzel,54,0,1.2,1,"Allegheny, Pennsylvania",96.0,2.36,"Monongalia, West Virginia",56.5,1.49,UPMC Hillman Cancer Center,98.5,2.44,84.6,51.9,86.4,UPMC Hillman Cancer Center
54105,Wirt,54,0,0.1,1,"Franklin, Ohio",130.2,2.8,"Kanawha, West Virginia",71.7,1.73,OSU Comprehensive Cancer Center – James,131.9,2.87,128.9,59.8,130.6,OSU Comprehensive Cancer Center – James
54107,Wood,54,16,0.4,1,"Franklin, Ohio",113.3,2.36,"Kanawha, West Virginia",77.0,1.45,OSU Comprehensive Cancer Center – James,115.0,2.43,111.4,75.4,113.3,OSU Comprehensive Cancer Center – James
54109,Wyoming,54,0,1.0,1,"Forsyth, North Carolina",161.0,3.44,"Kanawha, West Virginia",79.4,2.05,Wake Forest Baptist Comprehensive Cancer Center,161.2,3.44,153.3,61.2,153.3,Wake Forest Baptist Comprehensive Cancer Center
55001,Adams,55,0,1.7,1,"Dane, Wisconsin",79.0,1.57,"Wood, Wisconsin",44.0,0.96,UW Carbone Cancer Center,80.6,1.61,75.8,45.4,75.1,UW Carbone Cancer Center
55003,Ashland,55,54,2.6,1,"Ramsey, Minnesota",193.5,4.11,"Ashland, Wisconsin",0.0,0.0,Masonic Cancer Center (Minnesota),201.2,4.22,182.1,0.0,188.6,Masonic Cancer Center (Minnesota)
55005,Barron,55,45,1.6,1,"Ramsey, Minnesota",85.9,1.81,"Barron, Wisconsin",0.0,0.0,Masonic Cancer Center (Minnesota),93.6,1.93,83.9,0.0,91.4,Masonic Cancer Center (Minnesota)
55007,Bayfield,55,0,4.4,1,"Ramsey, Minnesota",183.4,3.92,"Ashland, Wisconsin",26.7,0.63,Masonic Cancer Center (Minnesota),191.1,4.03,176.1,20.7,182.2,Masonic Cancer Center (Minnesota)
55009,Brown,55,61,0.3,1,"Milwaukee, Wisconsin",113.0,2.33,"Brown, Wisconsin",0.0,0.0,UW Carbone Cancer Center,134.2,2.7,121.6,0.0,144.4,UW Carbone Cancer Center
55011,Buffalo,55,0,0.5,1,"Olmsted, Minnesota",76.6,1.66,"Eau Claire, Wisconsin",41.8,0.9,Mayo Clinic Cancer Center – Rochester,75.4,1.65,52.7,38.0,53.3,Mayo Clinic Cancer Center – Rochester
55013,Burnett,55,0,1.9,1,"Ramsey, Minnesota",85.6,1.92,"Washburn, Wisconsin",31.5,0.69,Masonic Cancer Center (Minnesota),91.6,1.94,81.0,32.5,86.3,Masonic Cancer Center (Minnesota)
55015,Calumet,55,9,0.1,1,"Milwaukee, Wisconsin",90.8,1.87,"Outagamie, Wisconsin",18.0,0.41,UW Carbone Cancer Center,106.3,2.16,94.7,15.3,113.4,UW Carbone Cancer Center
55017,Chippewa,55,9,2.0,1,"Ramsey, Minnesota",95.6,1.77,"Eau Claire, Wisconsin",17.1,0.37,Masonic Cancer Center (Minnesota),101.9,1.89,104.2,17.8,105.4,Mayo Clinic Cancer Center – Rochester
55019,Clark,55,5,2.3,1,"Ramsey, Minnesota",142.7,2.61,"Wood, Wisconsin",52.5,1.15,Mayo Clinic Cancer Center – Rochester,142.8,3.09,130.4,43.2,131.0,Mayo Clinic Cancer Center – Rochester
55021,Columbia,55,0,2.0,1,"Dane, Wisconsin",33.5,0.74,"Dane, Wisconsin",33.5,0.74,UW Carbone Cancer Center,35.1,0.78,31.9,31.9,32.0,UW Carbone Cancer Center
55023,Crawford,55,0,0.5,1,"Dane, Wisconsin",104.0,2.21,"La Crosse, Wisconsin",63.5,1.38,UW Carbone Cancer Center,104.8,2.23,97.7,59.0,95.6,UW Carbone Cancer Center
55025,Dane,55,157,0.6,1,"Dane, Wisconsin",0.0,0.0,"Dane, Wisconsin",0.0,0.0,UW Carbone Cancer Center,2.8,0.08,0.0,0.0,2.1,UW Carbone Cancer Center
55027,Dodge,55,0,0.6,1,"Dane, Wisconsin",47.7,0.97,"Washington, Wisconsin",33.9,0.74,UW Carbone Cancer Center,49.3,1.01,50.9,30.8,52.5,UW Carbone Cancer Center
55029,Door,55,37,0.1,1,"Milwaukee, Wisconsin",149.5,2.9,"Door, Wisconsin",0.0,0.0,UW Carbone Cancer Center,186.5,3.79,160.6,0.0,197.0,UW Carbone Cancer Center
55031,Douglas,55,23,2.1,1,"Ramsey, Minnesota",154.5,2.81,"Douglas, Wisconsin",0.0,0.0,Masonic Cancer Center (Minnesota),160.2,2.92,149.6,0.0,154.1,Masonic Cancer Center (Minnesota)
55033,Dunn,55,0,0.5,1,"Ramsey, Minnesota",63.7,1.11,"Eau Claire, Wisconsin",25.6,0.48,Masonic Cancer Center (Minnesota),70.0,1.24,71.5,27.7,78.9,Masonic Cancer Center (Minnesota)
55035,Eau Claire,55,58,0.0,1,"Ramsey, Minnesota",88.4,1.56,"Eau Claire, Wisconsin",0.0,0.0,Masonic Cancer Center (Minnesota),94.7,1.69,87.7,0.0,88.4,Mayo Clinic Cancer Center – Rochester
55037,Florence,55,0,3.4,1,"Milwaukee, Wisconsin",234.4,4.86,"Delta, Michigan",79.0,1.72,UW Carbone Cancer Center,252.1,5.21,234.6,57.4,240.7,UW Carbone Cancer Center
55039,Fond du Lac,55,5,0.3,1,"Milwaukee, Wisconsin",61.2,1.08,"Winnebago, Wisconsin",25.6,0.55,UW Carbone Cancer Center,76.0,1.55,68.7,28.0,80.5,UW Carbone Cancer Center
55041,Forest,55,0,0.6,1,"Dane, Wisconsin",211.2,4.06,"Langlade, Wisconsin",39.2,0.88,UW Carbone Cancer Center,212.8,4.1,209.1,35.7,209.4,UW Carbone Cancer Center
55043,Grant,55,0,1.9,1,"Dane, Wisconsin",83.4,1.82,"Dane, Wisconsin",83.4,1.82,UW Carbone Cancer Center,84.2,1.85,76.7,76.7,74.7,UW Carbone Cancer Center
55045,Green,55,0,2.1,1,"Dane, Wisconsin",43.1,0.92,"Dane, Wisconsin",43.1,0.92,UW Carbone Cancer Center,43.9,0.94,35.1,35.1,34.6,UW Carbone Cancer Center
55047,Green Lake,55,5,0.6,1,"Dane, Wisconsin",70.5,1.43,"Winnebago, Wisconsin",36.3,0.77,UW Carbone Cancer Center,72.0,1.47,67.8,35.4,68.4,UW Carbone Cancer Center
55049,Iowa,55,0,0.6,1,"Dane, Wisconsin",46.2,1.0,"Dane, Wisconsin",46.2,1.0,UW Carbone Cancer Center,47.0,1.03,44.7,44.7,42.7,UW Carbone Cancer Center
55051,Iron,55,0,1.7,1,"Ramsey, Minnesota",224.3,4.82,"Ashland, Wisconsin",53.5,1.15,Masonic Cancer Center (Minnesota),232.0,4.94,202.6,35.8,209.7,Masonic Cancer Center (Minnesota)
55053,Jackson,55,0,0.8,1,"Olmsted, Minnesota",104.3,2.22,"Eau Claire, Wisconsin",44.7,0.71,Mayo Clinic Cancer Center – Rochester,103.1,2.2,96.7,42.2,97.1,Mayo Clinic Cancer Center – Rochester
55055,Jefferson,55,14,0.9,1,"Dane, Wisconsin",36.3,0.79,"Waukesha, Wisconsin",32.2,0.53,UW Carbone Cancer Center,37.1,0.81,37.1,33.3,39.2,UW Carbone Cancer Center
55057,Juneau,55,0,0.0,1,"Dane, Wisconsin",77.1,1.38,"Wood, Wisconsin",57.0,1.19,UW Carbone Cancer Center,78.7,1.42,76.4,53.3,75.1,UW Carbone Cancer Center
55059,Kenosha,55,33,0.4,1,"Lake, Illinois",20.7,0.44,"Kenosha, Wisconsin",0.0,0.0,Robert H. Lurie Comprehensive Cancer Center (Northwestern),55.2,1.27,21.8,0.0,59.3,Robert H. Lurie Comprehensive Cancer Center (Northwestern)
55061,Kewaunee,55,0,2.2,1,"Milwaukee, Wisconsin",133.5,2.56,"Brown, Wisconsin",27.0,0.58,UW Carbone Cancer Center,160.6,3.26,126.0,26.3,163.0,UW Carbone Cancer Center
55063,La Crosse,55,60,0.2,1,"Olmsted, Minnesota",73.8,1.36,"La Crosse, Wisconsin",0.0,0.0,Mayo Clinic Cancer Center – Rochester,72.6,1.34,76.9,0.0,76.9,Mayo Clinic Cancer Center – Rochester
55065,Lafayette,55,0,0.3,1,"Dane, Wisconsin",66.9,1.46,"Dane, Wisconsin",66.9,1.46,UW Carbone Cancer Center,67.7,1.48,56.7,56.7,55.1,UW Carbone Cancer Center
55067,Langlade,55,27,0.5,1,"Dane, Wisconsin",173.3,3.24,"Langlade, Wisconsin",0.0,0.0,UW Carbone Cancer Center,174.9,3.28,175.7,0.0,175.8,UW Carbone Cancer Center
55069,Lincoln,55,0,0.2,1,"Dane, Wisconsin",165.4,2.91,"Marathon, Wisconsin",29.5,0.54,UW Carbone Cancer Center,167.0,2.95,184.3,31.6,184.0,UW Carbone Cancer Center
55071,Manitowoc,55,33,0.3,1,"Milwaukee, Wisconsin",80.1,1.42,"Manitowoc, Wisconsin",0.0,0.0,UW Carbone Cancer Center,128.4,2.62,90.0,0.0,133.2,UW Carbone Cancer Center
55073,Marathon,55,71,2.6,1,"Dane, Wisconsin",141.2,2.52,"Marathon, Wisconsin",0.0,0.0,UW Carbone Cancer Center,142.8,2.56,153.0,0.0,152.7,UW Carbone Cancer Center
55075,Marinette,55,34,5.2,1,"Milwaukee, Wisconsin",180.9,3.73,"Marinette, Wisconsin",0.0,0.0,UW Carbone Cancer Center,201.2,4.05,181.5,0.0,201.0,UW Carbone Cancer Center
55077,Marquette,55,0,1.4,1,"Dane, Wisconsin",59.8,1.3,"Portage, Wisconsin",55.6,0.94,UW Carbone Cancer Center,61.3,1.34,61.0,57.1,60.9,UW Carbone Cancer Center
55078,Menominee,55,0,0.7,1,"Milwaukee, Wisconsin",152.7,2.85,"Oconto, Wisconsin",38.1,0.81,UW Carbone Cancer Center,157.5,3.2,158.9,28.8,159.4,UW Carbone Cancer Center
55079,Milwaukee,55,217,0.1,1,"Milwaukee, Wisconsin",0.0,0.0,"Milwaukee, Wisconsin",0.0,0.0,UW Carbone Cancer Center,77.6,1.39,0.0,0.0,89.2,UW Carbone Cancer Center
55081,Monroe,55,0,0.2,1,"Olmsted, Minnesota",102.2,1.8,"La Crosse, Wisconsin",30.3,0.51,Mayo Clinic Cancer Center – Rochester,101.0,1.78,103.9,34.4,102.3,UW Carbone Cancer Center
55083,Oconto,55,31,0.9,1,"Milwaukee, Wisconsin",147.3,2.99,"Oconto, Wisconsin",0.0,0.0,UW Carbone Cancer Center,164.0,3.36,154.9,0.0,169.1,UW Carbone Cancer Center
55085,Oneida,55,52,1.0,1,"Dane, Wisconsin",203.1,3.69,"Oneida, Wisconsin",0.0,0.0,UW Carbone Cancer Center,204.6,3.73,218.6,0.0,218.4,UW Carbone Cancer Center
55087,Outagamie,55,38,0.7,1,"Milwaukee, Wisconsin",104.2,2.0,"Outagamie, Wisconsin",0.0,0.0,UW Carbone Cancer Center,109.7,2.23,109.2,0.0,119.3,UW Carbone Cancer Center
55089,Ozaukee,55,38,0.1,1,"Milwaukee, Wisconsin",23.2,0.47,"Ozaukee, Wisconsin",0.0,0.0,UW Carbone Cancer Center,85.3,1.8,23.8,0.0,91.7,UW Carbone Cancer Center
55091,Pepin,55,0,0.7,1,"Olmsted, Minnesota",62.5,1.4,"Eau Claire, Wisconsin",34.4,0.75,Mayo Clinic Cancer Center – Rochester,63.1,1.37,55.3,35.4,56.1,Mayo Clinic Cancer Center – Rochester
55093,Pierce,55,0,0.8,1,"Ramsey, Minnesota",39.6,0.82,"St. Croix, Wisconsin",22.1,0.47,Masonic Cancer Center (Minnesota),45.9,0.95,37.5,20.4,43.7,Masonic Cancer Center (Minnesota)
55095,Polk,55,0,0.6,1,"Ramsey, Minnesota",53.6,1.19,"St. Croix, Wisconsin",35.0,0.75,Masonic Cancer Center (Minnesota),59.5,1.2,50.0,32.6,56.6,Masonic Cancer Center (Minnesota)
55097,Portage,55,66,0.4,1,"Dane, Wisconsin",106.2,1.84,"Portage, Wisconsin",0.0,0.0,UW Carbone Cancer Center,107.8,1.88,118.2,0.0,117.9,UW Carbone Cancer Center
55099,Price,55,0,1.4,1,"Ramsey, Minnesota",169.0,3.58,"Ashland, Wisconsin",67.6,1.5,Masonic Cancer Center (Minnesota),176.7,3.69,169.0,52.3,176.6,Masonic Cancer Center (Minnesota)
55101,Racine,55,37,0.2,1,"Milwaukee, Wisconsin",22.8,0.44,"Racine, Wisconsin",0.0,0.0,Robert H. Lurie Comprehensive Cancer Center (Northwestern),66.5,1.46,24.6,0.0,72.3,Robert H. Lurie Comprehensive Cancer Center (Northwestern)
55103,Richland,55,0,0.2,1,"Dane, Wisconsin",66.6,1.43,"Dane, Wisconsin",66.6,1.43,UW Carbone Cancer Center,67.4,1.45,64.3,64.3,62.3,UW Carbone Cancer Center
55105,Rock,55,10,0.3,1,"Dane, Wisconsin",41.4,0.85,"Winnebago, Illinois",26.2,0.57,UW Carbone Cancer Center,42.1,0.88,41.1,28.8,42.4,UW Carbone Cancer Center
55107,Rusk,55,8,0.9,1,"Ramsey, Minnesota",122.1,2.59,"Barron, Wisconsin",44.0,0.98,Masonic Cancer Center (Minnesota),129.8,2.71,121.3,39.8,129.0,Masonic Cancer Center (Minnesota)
55109,St. Croix,55,35,1.7,1,"Ramsey, Minnesota",32.2,0.66,"St. Croix, Wisconsin",0.0,0.0,Masonic Cancer Center (Minnesota),38.5,0.79,30.8,0.0,38.5,Masonic Cancer Center (Minnesota)
55111,Sauk,55,0,1.8,1,"Dane, Wisconsin",53.5,1.18,"Dane, Wisconsin",53.5,1.18,UW Carbone Cancer Center,54.5,1.18,42.1,42.1,40.6,UW Carbone Cancer Center
55113,Sawyer,55,18,6.2,1,"Ramsey, Minnesota",139.1,3.06,"Washburn, Wisconsin",35.0,0.82,Masonic Cancer Center (Minnesota),146.8,3.18,128.9,29.3,135.8,Masonic Cancer Center (Minnesota)
55115,Shawano,55,6,0.4,1,"Milwaukee, Wisconsin",144.5,2.67,"Oconto, Wisconsin",31.3,0.68,UW Carbone Cancer Center,149.3,3.02,148.2,32.7,148.6,UW Carbone Cancer Center
55117,Sheboygan,55,51,0.0,1,"Milwaukee, Wisconsin",53.9,1.09,"Sheboygan, Wisconsin",0.0,0.0,UW Carbone Cancer Center,107.2,2.3,58.8,0.0,111.3,UW Carbone Cancer Center
55119,Taylor,55,16,2.2,1,"Ramsey, Minnesota",148.2,3.1,"Marathon, Wisconsin",57.3,1.24,Masonic Cancer Center (Minnesota),155.9,3.21,154.8,46.6,155.4,Mayo Clinic Cancer Center – Rochester
55121,Trempealeau,55,0,2.0,1,"Olmsted, Minnesota",80.4,1.74,"La Crosse, Wisconsin",44.3,0.94,Mayo Clinic Cancer Center – Rochester,79.2,1.72,69.7,36.5,70.1,Mayo Clinic Cancer Center – Rochester
55123,Vernon,55,0,2.4,1,"Olmsted, Minnesota",103.6,2.12,"La Crosse, Wisconsin",35.1,0.85,Mayo Clinic Cancer Center – Rochester,102.4,2.1,97.3,30.8,95.4,UW Carbone Cancer Center
55125,Vilas,55,0,0.2,1,"Dane, Wisconsin",230.1,4.21,"Oneida, Wisconsin",38.6,0.81,UW Carbone Cancer Center,231.7,4.25,225.4,23.0,232.9,Masonic Cancer Center (Minnesota)
55127,Walworth,55,0,0.0,1,"Milwaukee, Wisconsin",43.0,0.77,"Racine, Wisconsin",34.7,0.77,UW Carbone Cancer Center,63.8,1.42,45.4,34.5,64.1,UW Carbone Cancer Center
55129,Washburn,55,20,0.9,1,"Ramsey, Minnesota",106.0,2.3,"Washburn, Wisconsin",0.0,0.0,Masonic Cancer Center (Minnesota),113.7,2.41,102.4,0.0,109.0,Masonic Cancer Center (Minnesota)
55131,Washington,55,53,1.3,1,"Milwaukee, Wisconsin",27.9,0.56,"Washington, Wisconsin",0.0,0.0,UW Carbone Cancer Center,76.0,1.61,30.3,0.0,76.7,UW Carbone Cancer Center
55133,Waukesha,55,73,0.8,1,"Milwaukee, Wisconsin",15.6,0.36,"Waukesha, Wisconsin",0.0,0.0,UW Carbone Cancer Center,63.7,1.07,16.8,0.0,72.4,UW Carbone Cancer Center
55135,Waupaca,55,6,0.2,1,"Dane, Wisconsin",114.4,2.44,"Outagamie, Wisconsin",35.0,0.74,UW Carbone Cancer Center,115.9,2.49,115.8,33.4,116.2,UW Carbone Cancer Center
55137,Waushara,55,0,1.1,1,"Dane, Wisconsin",82.4,1.77,"Portage, Wisconsin",42.9,0.83,UW Carbone Cancer Center,84.0,1.81,85.7,37.4,85.8,UW Carbone Cancer Center
55139,Winnebago,55,38,0.1,1,"Milwaukee, Wisconsin",86.1,1.62,"Winnebago, Wisconsin",0.0,0.0,UW Carbone Cancer Center,91.6,1.86,95.4,0.0,100.3,UW Carbone Cancer Center
55141,Wood,55,66,0.1,1,"Dane, Wisconsin",119.7,2.43,"Wood, Wisconsin",0.0,0.0,UW Carbone Cancer Center,121.2,2.48,121.2,0.0,120.5,UW Carbone Cancer Center
56001,Albany,56,0,0.1,1,"Adams, Colorado",122.0,2.35,"Larimer, Colorado",71.1,1.47,University of Colorado Cancer Center,134.6,2.54,126.5,74.2,138.4,University of Colorado Cancer Center
56003,Big Horn,56,0,0.3,1,"Yellowstone, Montana",111.4,2.29,"Yellowstone, Montana",111.4,2.29,Huntsman Cancer Institute (Utah),438.4,9.01,97.3,97.3,388.3,Huntsman Cancer Institute (Utah)
56005,Campbell,56,0,0.2,1,"Yellowstone, Montana",236.4,3.96,"Yellowstone, Montana",236.4,3.96,University of Colorado Cancer Center,346.0,6.2,219.3,219.3,376.2,University of Colorado Cancer Center
56007,Carbon,56,0,7.8,1,"Adams, Colorado",217.1,3.93,"Larimer, Colorado",166.3,3.05,University of Colorado Cancer Center,229.8,4.12,200.5,156.9,212.1,University of Colorado Cancer Center
56009,Converse,56,0,0.4,1,"Adams, Colorado",229.7,3.92,"Larimer, Colorado",185.9,3.26,University of Colorado Cancer Center,242.4,4.11,244.3,191.3,255.8,University of Colorado Cancer Center
56011,Crook,56,0,0.1,1,"Yellowstone, Montana",284.4,5.69,"Yellowstone, Montana",284.4,5.69,University of Colorado Cancer Center,385.3,7.5,255.7,255.7,388.9,University of Colorado Cancer Center
56013,Fremont,56,0,1.9,1,"Yellowstone, Montana",261.9,5.44,"Yellowstone, Montana",261.9,5.44,Huntsman Cancer Institute (Utah),299.5,6.13,230.5,230.5,272.8,Huntsman Cancer Institute (Utah)
56015,Goshen,56,0,0.3,1,"Adams, Colorado",177.6,3.28,"Larimer, Colorado",133.8,2.63,University of Colorado Cancer Center,190.2,3.48,185.4,139.1,194.9,University of Colorado Cancer Center
56017,Hot Springs,56,0,1.1,1,"Yellowstone, Montana",192.2,3.95,"Yellowstone, Montana",192.2,3.95,Huntsman Cancer Institute (Utah),355.5,7.31,177.4,177.4,326.7,Huntsman Cancer Institute (Utah)
56019,Johnson,56,0,0.6,1,"Yellowstone, Montana",171.9,3.03,"Yellowstone, Montana",171.9,3.03,University of Colorado Cancer Center,389.0,7.31,165.1,165.1,393.5,University of Colorado Cancer Center
56021,Laramie,56,17,0.5,1,"Adams, Colorado",97.6,2.09,"Larimer, Colorado",54.7,1.05,University of Colorado Cancer Center,111.1,2.31,106.3,57.4,116.8,University of Colorado Cancer Center
56023,Lincoln,56,0,2.5,1,"Salt Lake, Utah",197.8,4.18,"Salt Lake, Utah",197.8,4.18,Huntsman Cancer Institute (Utah),191.8,4.08,179.0,179.0,167.2,Huntsman Cancer Institute (Utah)
56025,Natrona,56,0,0.1,1,"Adams, Colorado",267.8,5.34,"Larimer, Colorado",216.9,4.46,University of Colorado Cancer Center,280.4,5.54,261.1,208.6,273.1,University of Colorado Cancer Center
56027,Niobrara,56,0,1.0,1,"Adams, Colorado",237.3,4.55,"Larimer, Colorado",193.5,3.9,University of Colorado Cancer Center,250.0,4.75,245.0,195.3,255.2,University of Colorado Cancer Center
56029,Park,56,17,0.6,1,"Yellowstone, Montana",103.4,2.12,"Yellowstone, Montana",103.4,2.12,Huntsman Cancer Institute (Utah),447.0,9.18,100.6,100.6,363.8,Huntsman Cancer Institute (Utah)
56031,Platte,56,0,0.8,1,"Adams, Colorado",168.7,2.88,"Larimer, Colorado",124.9,2.22,University of Colorado Cancer Center,181.4,3.07,184.9,133.2,195.7,University of Colorado Cancer Center
56033,Sheridan,56,3,0.3,1,"Yellowstone, Montana",134.5,2.4,"Yellowstone, Montana",134.5,2.4,University of Colorado Cancer Center,427.7,8.07,124.0,124.0,437.5,University of Colorado Cancer Center
56035,Sublette,56,0,4.3,1,"Salt Lake, Utah",240.0,4.91,"Salt Lake, Utah",240.0,4.91,Huntsman Cancer Institute (Utah),233.2,4.77,217.7,217.7,206.0,Huntsman Cancer Institute (Utah)
56037,Sweetwater,56,0,1.2,1,"Salt Lake, Utah",178.8,3.26,"Salt Lake, Utah",178.8,3.26,Huntsman Cancer Institute (Utah),171.9,3.12,181.6,181.6,172.3,Huntsman Cancer Institute (Utah)
56039,Teton,56,0,0.9,1,"Salt Lake, Utah",270.1,5.71,"Gallatin, Montana",210.6,4.5,Huntsman Cancer Institute (Utah),264.2,5.62,231.9,182.8,235.2,Huntsman Cancer Institute (Utah)
56041,Uinta,56,0,1.7,1,"Salt Lake, Utah",94.9,1.9,"Salt Lake, Utah",94.9,1.9,Huntsman Cancer Institute (Utah),88.0,1.75,90.0,90.0,79.6,Huntsman Cancer Institute (Utah)
56043,Washakie,56,0,0.5,1,"Yellowstone, Montana",167.2,3.5,"Yellowstone, Montana",167.2,3.5,Huntsman Cancer Institute (Utah),389.7,8.01,152.1,152.1,361.3,Huntsman Cancer Institute (Utah)
56045,Weston,56,0,1.4,1,"Yellowstone, Montana",304.6,5.37,"Larimer, Colorado",278.5,5.63,University of Colorado Cancer Center,335.0,6.48,294.1,286.3,346.6,University of Colorado Cancer Center
