county_fips,state_fips,county_name,state_name,lat,lon,pop2020,pop55,trials_in_county,oral_trials_in_county,oral_indeterminate_in_county,dist_to_limited_mi,dist_to_broad_mi,dist_to_nci_mi,nearest_nci,trials_within_60mi,oral_trials_within_60mi,oral_indeterminate_within_60mi,trials_within_120mi,oral_trials_within_120mi,oral_indeterminate_within_120mi
48201,48,Harris,Texas,29.816889,-95.425716,4731145,1054325,1020,479,112,0.0,0.0,9.386489471350943,Dan L Duncan Comprehensive Cancer Center (Baylor),1039,487,114,1041,489,114
36061,36,New York,New York,40.776422,-73.967437,1694251,480042,936,408,132,0.0,0.0,1.00602258140488,Memorial Sloan Kettering Cancer Center,1258,524,172,1502,623,199
06037,06,Los Angeles,California,34.067886,-118.24599,10014009,2666119,935,422,104,0.0,0.0,2.7482964386277,USC Norris Comprehensive Cancer Center,1063,481,128,1078,489,128
25025,25,Suffolk,Massachusetts,42.336102,-71.077148,797936,184975,626,327,75,0.0,0.0,1.8542831513808438,Dana-Farber/Harvard Cancer Center,740,385,86,774,399,89
47037,47,Davidson,Tennessee,36.137771,-86.744752,715884,167981,540,261,82,0.0,0.0,3.9342115680258543,Vanderbilt-Ingram Cancer Center,544,261,83,549,263,84
17031,17,Cook,Illinois,41.869515,-87.757998,5275541,1443548,527,244,55,0.0,0.0,9.064927677866052,Robert H. Lurie Comprehensive Cancer Center (Northwestern),590,273,65,681,322,82
48113,48,Dallas,Texas,32.809819,-96.787649,2613539,587582,431,211,50,0.0,0.0,3.858772048231593,Harold C. Simmons Comprehensive Cancer Center (UTSW),490,231,60,528,248,66
06059,06,Orange,California,33.732683,-117.858773,3186989,912728,415,194,58,0.0,0.0,4.742949442690185,Chao Family Comprehensive Cancer Center (UC Irvine),1073,486,128,1146,512,140
42101,42,Philadelphia,Pennsylvania,40.003523,-75.139476,1603797,409413,401,169,53,0.0,0.0,4.45904888959573,Sidney Kimmel Cancer Center (Jefferson),698,280,93,1529,628,206
39049,39,Franklin,Ohio,40.001224,-82.992171,1323807,314481,395,213,33,0.0,0.0,1.9486775732851287,OSU Comprehensive Cancer Center – James,397,214,33,545,283,51
36059,36,Nassau,New York,40.716432,-73.603664,1395774,453015,394,149,62,0.0,0.0,21.382123780685735,Montefiore Einstein Cancer Center,1258,524,172,1500,623,198
51059,51,Fairfax,Virginia,38.844726,-77.25911,1150309,310691,383,183,57,0.0,0.0,12.445902774367473,Georgetown Lombardi Comprehensive Cancer Center,886,410,106,1017,463,121
53033,53,King,Washington,47.550488,-122.230405,2269675,570475,377,207,47,0.0,0.0,9.252765328205818,Fred Hutch/UW/Seattle Children's Cancer Consortium,427,231,51,430,231,52
04013,04,Maricopa,Arizona,33.490147,-112.044016,4420568,1246376,369,169,57,0.0,0.0,17.24161945283083,Mayo Clinic Cancer Center – Phoenix,371,169,57,372,170,57
34003,34,Bergen,New Jersey,40.916918,-74.056816,955732,306758,365,139,53,0.0,0.0,9.63469689504662,Herbert Irving Comprehensive Cancer Center (Columbia),1238,518,170,1503,623,200
29510,29,St. Louis,Missouri,38.620558,-90.253332,301578,80630,361,187,49,0.0,0.0,0.9427424006928629,Siteman Cancer Center (WashU),454,226,60,472,236,60
12086,12,Miami-Dade,Florida,25.769326,-80.30118,2701767,807308,361,178,31,0.0,0.0,7.31036009455981,Sylvester Comprehensive Cancer Center (Miami),462,232,35,488,245,39
42003,42,Allegheny,Pennsylvania,40.447811,-79.971635,1250578,414106,327,147,47,0.0,0.0,2.5307827151206763,UPMC Hillman Cancer Center,329,149,47,420,191,56
49035,49,Salt Lake,Utah,40.638514,-111.927686,1185238,254541,323,166,37,0.0,0.0,11.82889842316216,Huntsman Cancer Institute (Utah),330,172,37,330,172,37
09009,09,New Haven,Connecticut,41.396593,-72.942327,864835,279557,318,148,42,0.0,0.0,7.558398488884085,Yale Cancer Center,592,247,81,1376,575,185
12057,12,Hillsborough,Florida,27.967264,-82.39857,1459762,402343,313,140,30,0.0,0.0,7.869321728457363,Moffitt Cancer Center,378,164,39,567,239,74
39035,39,Cuyahoga,Ohio,41.448408,-81.677451,1264817,410614,313,144,33,0.0,0.0,6.502606876636038,Case Comprehensive Cancer Center,372,172,41,394,179,45
24510,24,Baltimore,Maryland,39.314378,-76.618104,585708,158038,311,149,31,0.0,0.0,1.6290830356740695,UM Greenebaum Comprehensive Cancer Center,889,410,107,1144,493,145
48029,48,Bexar,Texas,29.484685,-98.532945,2009324,473757,308,131,59,0.0,0.0,3.617542954102821,Mays Cancer Center (UT Health San Antonio),310,132,59,404,173,74
13089,13,DeKalb,Georgia,33.790223,-84.247613,764382,190926,304,144,29,0.0,0.0,5.358470548102039,Winship Cancer Institute (Emory),422,197,44,458,216,46
26163,26,Wayne,Michigan,42.329477,-83.226321,1793561,516830,303,139,44,0.0,0.0,10.296452173649167,Karmanos Cancer Institute (Wayne State),451,215,64,490,232,68
36103,36,Suffolk,New York,40.823365,-73.103278,1525920,494965,299,108,44,0.0,0.0,41.528862718584385,Yale Cancer Center,1218,510,169,1345,561,181
27109,27,Olmsted,Minnesota,44.024514,-92.476238,162847,46923,294,133,36,0.0,0.0,0.8585021907359742,Mayo Clinic Cancer Center – Rochester,294,133,36,489,233,51
41051,41,Multnomah,Oregon,45.517904,-122.591156,815428,204850,282,137,32,0.0,0.0,6.2223615566071,Knight Cancer Institute (OHSU),308,151,34,314,154,34
06073,06,San Diego,California,32.884418,-117.112348,3298634,881580,255,125,24,0.0,0.0,8.645383290154234,Moores Comprehensive Cancer Center (UCSD),255,125,24,593,276,76
12031,12,Duval,Florida,30.298646,-81.620436,995567,277498,255,115,27,0.0,0.0,11.666792503748532,Mayo Clinic Cancer Center – Jacksonville,258,117,27,344,146,37
06075,06,San Francisco,California,37.760569,-122.436499,873965,244121,251,125,21,0.0,0.0,1.4236865790880437,UCSF Helen Diller Family Comprehensive Cancer Center,443,200,46,522,236,57
37063,37,Durham,North Carolina,35.986154,-78.901717,324833,83242,246,130,23,0.0,0.0,6.284583006806187,Duke Cancer Institute,399,192,38,520,255,51
36119,36,Westchester,New York,41.038581,-73.80547,1004457,314793,240,85,33,0.0,0.0,14.164549623047645,Montefiore Einstein Cancer Center,1257,524,172,1358,569,182
34025,34,Monmouth,New Jersey,40.29118,-74.14859,643615,220939,231,80,33,0.0,0.0,24.47561770887007,Rutgers Cancer Institute of New Jersey,1218,512,170,1510,625,202
26161,26,Washtenaw,Michigan,42.257602,-83.726939,372258,97989,229,122,25,0.0,0.0,1.5528596110613913,University of Michigan Rogel Cancer Center,480,231,68,487,232,68
26081,26,Kent,Michigan,42.961776,-85.625638,657974,174708,228,99,34,0.0,0.0,128.82289138274166,University of Michigan Rogel Cancer Center,232,101,34,292,140,37
34035,34,Somerset,New Jersey,40.559937,-74.578391,345361,109174,221,78,32,0.0,0.0,10.649701450786678,Rutgers Cancer Institute of New Jersey,1347,573,179,1440,599,194
06085,06,Santa Clara,California,37.315518,-121.91109,1936259,504615,216,90,23,0.0,0.0,19.931361674837177,Stanford Cancer Institute,410,186,40,522,236,57
55079,55,Milwaukee,Wisconsin,43.031416,-87.959526,939489,242092,215,110,29,0.0,0.0,89.19263089723455,UW Carbone Cancer Center,272,141,36,731,345,90
31055,31,Douglas,Nebraska,41.26173,-96.069741,584526,147235,210,93,35,0.0,0.0,6.763983743113086,Fred & Pamela Buffett Cancer Center (UNMC),235,102,36,245,105,36
27053,27,Hennepin,Minnesota,44.976697,-93.361233,1281565,348350,209,104,17,0.0,0.0,7.386980936656073,Masonic Cancer Center (Minnesota),240,123,19,487,232,52
11001,11,District of Columbia,District of Columbia,38.910168,-77.013993,689545,151648,208,94,20,0.0,0.0,4.981503982115626,Georgetown Lombardi Comprehensive Cancer Center,882,409,106,989,451,120
08031,08,Denver,Colorado,39.72486,-104.950033,715522,155586,208,96,42,0.0,0.0,7.41863505184035,University of Colorado Cancer Center,429,207,67,443,215,69
39061,39,Hamilton,Ohio,39.181054,-84.509096,830639,239668,204,104,22,0.0,0.0,95.27144115715484,Markey Cancer Center (Kentucky),272,137,27,729,353,78
34023,34,Middlesex,New Jersey,40.484409,-74.388583,863162,248522,203,99,23,0.0,0.0,3.4008025568658455,Rutgers Cancer Institute of New Jersey,1229,515,171,1510,625,202
08001,08,Adams,Colorado,39.876949,-104.920943,519572,113895,200,94,21,0.0,0.0,12.044594886164068,University of Colorado Cancer Center,434,211,67,443,215,69
12011,12,Broward,Florida,26.135399,-80.226976,1944375,611136,193,101,12,0.0,0.0,28.91537776681087,Sylvester Comprehensive Cancer Center (Miami),485,244,39,492,245,40
40109,40,Oklahoma,Oklahoma,35.52553,-97.512375,796292,204436,186,87,16,0.0,0.0,4.221170792838323,Stephenson Cancer Center (Oklahoma),186,87,16,204,94,17
24031,24,Montgomery,Maryland,39.087069,-77.124126,1062061,314205,186,94,15,0.0,0.0,14.208054388432085,Georgetown Lombardi Comprehensive Cancer Center,882,409,106,944,431,115
37135,37,Orange,North Carolina,35.980115,-79.082329,148696,40574,177,76,17,0.0,0.0,6.629122827198855,UNC Lineberger Comprehensive Cancer Center,402,192,41,522,256,51
01073,01,Jefferson,Alabama,33.517206,-86.811606,674721,193508,170,79,17,0.0,0.0,0.968715640222887,O'Neal Comprehensive Cancer Center (UAB),171,79,17,200,96,20
13121,13,Fulton,Georgia,33.832534,-84.396191,1066710,254771,165,72,17,0.0,0.0,5.8145484452693,Winship Cancer Institute (Emory),422,197,44,479,224,46
18097,18,Marion,Indiana,39.788896,-86.136268,977203,236556,162,80,16,0.0,0.0,1.6622456180195664,IU Simon Comprehensive Cancer Center,174,84,18,369,184,35
29189,29,St. Louis,Missouri,38.644521,-90.389519,1004125,321433,160,80,15,0.0,0.0,8.123715526043025,Siteman Cancer Center (WashU),454,226,60,469,236,60
12095,12,Orange,Florida,28.526077,-81.388371,1429908,349679,159,65,24,0.0,0.0,86.92595847932627,Moffitt Cancer Center,232,100,33,571,244,63
37119,37,Mecklenburg,North Carolina,35.225341,-80.819873,1115482,258035,158,83,19,0.0,0.0,81.92925046212602,Wake Forest Baptist Comprehensive Cancer Center,179,92,20,300,154,31
06067,06,Sacramento,California,38.568337,-121.381235,1585055,426644,157,82,18,0.0,0.0,5.127618413752989,UC Davis Comprehensive Cancer Center,171,91,18,521,236,57
55025,55,Dane,Wisconsin,43.07564,-89.395501,561504,146494,154,91,14,0.0,0.0,2.117548798815426,UW Carbone Cancer Center,157,93,14,384,199,49
20091,20,Johnson,Kansas,38.924919,-94.740299,609863,170213,153,76,15,0.0,0.0,13.717198538897375,University of Kansas Cancer Center,235,120,23,250,132,23
48453,48,Travis,Texas,30.314282,-97.748216,1290188,275627,153,68,26,0.0,0.0,89.69191837705507,Mays Cancer Center (UT Health San Antonio),165,72,28,422,184,77
51540,51,Charlottesville,Virginia,38.033197,-78.490351,46553,10619,153,74,16,0.0,0.0,0.4469160215295806,University of Virginia Cancer Center,161,78,17,633,301,87
51760,51,Richmond,Virginia,37.535453,-77.466456,226610,58051,151,66,16,0.0,0.0,2.4842763948281386,VCU Massey Comprehensive Cancer Center,187,86,20,751,347,98
36029,36,Erie,New York,42.891147,-78.792727,954236,313074,150,69,17,0.0,0.0,4.069842563762604,Roswell Park Comprehensive Cancer Center,150,69,17,255,119,30
21067,21,Fayette,Kentucky,38.020293,-84.49441,322570,82193,147,56,18,0.0,0.0,1.3153034420730583,Markey Cancer Center (Kentucky),148,56,18,410,182,49
36005,36,Bronx,New York,40.849395,-73.882271,1472654,367825,146,60,21,0.0,0.0,2.2423422407212557,Montefiore Einstein Cancer Center,1258,524,172,1498,621,198
21111,21,Jefferson,Kentucky,38.201451,-85.686227,782969,232122,139,56,18,0.0,0.0,78.13126725438556,Markey Cancer Center (Kentucky),158,65,20,406,179,49
19103,19,Johnson,Iowa,41.683586,-91.561276,152854,34825,135,69,21,0.0,0.0,2.0380552873052102,Holden Comprehensive Cancer Center (Iowa),164,87,22,194,100,24
17043,17,DuPage,Illinois,41.848928,-88.071268,932877,283160,132,57,13,0.0,0.0,28.418444362602933,Robert H. Lurie Comprehensive Cancer Center (Northwestern),590,273,65,679,320,82
45019,45,Charleston,South Carolina,32.825793,-79.978136,408235,126058,126,58,13,0.0,0.0,3.9454347255548496,Hollings Cancer Center (MUSC),126,58,13,188,91,18
48439,48,Tarrant,Texas,32.764453,-97.247663,2110640,502307,119,49,13,0.0,0.0,28.517299344606275,Harold C. Simmons Comprehensive Cancer Center (UTSW),490,231,60,495,234,61
46099,46,Minnehaha,South Dakota,43.558266,-96.731507,197214,51695,119,53,15,0.0,0.0,197.80312487283834,Fred & Pamela Buffett Cancer Center (UNMC),119,53,15,119,53,15
47157,47,Shelby,Tennessee,35.131029,-89.886356,929744,243075,117,60,8,0.0,0.0,224.09094370477354,Vanderbilt-Ingram Cancer Center,117,60,8,126,64,10
36055,36,Monroe,New York,43.160725,-77.618985,759443,240912,117,62,15,0.0,0.0,3.1661597756092235,Wilmot Cancer Institute (Rochester),119,63,15,283,133,32
26125,26,Oakland,Michigan,42.586862,-83.314039,1274395,408119,116,55,9,0.0,0.0,25.23754090566261,Karmanos Cancer Institute (Wayne State),454,216,64,487,232,68
44007,44,Providence,Rhode Island,41.857227,-71.449675,660741,191347,115,56,19,0.0,0.0,45.909010182516454,Dana-Farber/Harvard Cancer Center,753,389,86,911,453,112
04019,04,Pima,Arizona,32.216427,-110.95803,1043433,349554,115,63,11,0.0,0.0,2.552036433179745,University of Arizona Cancer Center,115,63,11,119,63,12
41067,41,Washington,Oregon,45.486067,-122.87092,600372,153892,107,53,8,0.0,0.0,10.492054840687521,Knight Cancer Institute (OHSU),308,151,34,314,154,34
17097,17,Lake,Illinois,42.311645,-87.970527,714342,204862,107,54,11,0.0,0.0,40.90408634594332,Robert H. Lurie Comprehensive Cancer Center (Northwestern),665,313,81,737,349,90
37067,37,Forsyth,North Carolina,36.104617,-80.258522,382590,114256,107,63,11,0.0,0.0,0.20869654229271764,Wake Forest Baptist Comprehensive Cancer Center,121,69,12,587,291,60
29095,29,Jackson,Missouri,39.00998,-94.444287,717204,201125,106,53,11,0.0,0.0,11.33488303459578,University of Kansas Cancer Center,235,120,23,250,132,23
30111,30,Yellowstone,Montana,45.789945,-108.546051,164731,50845,102,58,3,0.0,0.0,461.5555209253771,Huntsman Cancer Institute (Utah),102,58,3,102,58,3
27123,27,Ramsey,Minnesota,44.99291,-93.10565,552352,147662,101,57,4,0.0,0.0,7.739067144443276,Masonic Cancer Center (Minnesota),240,123,19,487,232,52
17163,17,St. Clair,Illinois,38.548186,-89.990225,257400,77746,97,49,6,0.0,18.07750597666032,19.015494694486414,Siteman Cancer Center (WashU),454,226,60,472,236,60
17143,17,Peoria,Illinois,40.746692,-89.639949,181830,54168,97,47,11,0.0,133.78777045539024,140.9587681858921,Holden Comprehensive Cancer Center (Iowa),104,49,11,190,95,17
35001,35,Bernalillo,New Mexico,35.109462,-106.617779,676444,206334,96,54,6,0.0,383.6551665292447,2.985052545348467,UNM Comprehensive Cancer Center,111,61,8,111,61,8
12115,12,Sarasota,Florida,27.201139,-82.416033,434006,237521,92,35,23,0.0,63.534617542934335,70.49100933793787,Moffitt Cancer Center,93,36,23,471,204,62
17019,17,Champaign,Illinois,40.126856,-88.23646,205865,48538,90,46,5,0.0,136.38190232830095,134.89453870650308,IU Simon Comprehensive Cancer Center,119,60,7,183,90,15
20209,20,Wyandotte,Kansas,39.106038,-94.712818,169245,40788,89,43,8,0.0,15.121097430322354,7.813901149232216,University of Kansas Cancer Center,250,132,23,250,132,23
05119,05,Pulaski,Arkansas,34.775246,-92.315081,399125,114103,87,33,9,0.0,167.66004274463913,347.03453654964477,Siteman Cancer Center (WashU),96,37,11,96,37,11
32003,32,Clark,Nevada,36.141141,-115.152976,2265461,634116,87,46,6,0.0,271.20387197507335,252.34564422786616,City of Hope,87,46,6,95,50,7
42043,42,Dauphin,Pennsylvania,40.304616,-76.796486,286401,89128,86,38,10,0.0,82.88582962403488,84.4100923736135,Sidney Kimmel Comprehensive Cancer Center (Johns Hopkins),150,73,18,961,413,109
10003,10,New Castle,Delaware,39.678852,-75.63529,570719,172703,85,41,9,0.0,41.484659111197566,36.19296767236734,Abramson Cancer Center (Penn),506,215,63,1199,499,144
17115,17,Macon,Illinois,39.850646,-88.946554,103998,35000,84,42,6,0.0,132.07542241191342,132.30392724779864,Siteman Cancer Center (WashU),133,68,8,162,80,14
39151,39,Stark,Ohio,40.837592,-81.38898,374853,127414,84,38,13,0.0,53.752088773109264,56.98549707399219,Case Comprehensive Cancer Center,374,173,41,606,275,74
33009,33,Grafton,New Hampshire,43.83744,-71.957176,91118,34647,83,39,6,0.0,135.40448634264493,24.421000385915104,Dartmouth Cancer Center,98,45,7,165,77,10
17167,17,Sangamon,Illinois,39.771106,-89.654882,196343,64022,81,45,3,0.0,102.8535360570628,102.80123646595662,Siteman Cancer Center (WashU),100,52,7,509,255,64
36067,36,Onondaga,New York,43.067977,-76.167376,476516,151400,81,37,6,0.0,88.19440382161659,88.37294050542127,Wilmot Cancer Institute (Rochester),84,39,6,183,91,20
19049,19,Dallas,Iowa,41.630722,-93.900543,99678,23637,80,40,6,0.0,138.23853451971453,132.32808728516054,Fred & Pamela Buffett Cancer Center (UNMC),114,59,12,116,59,12
17049,17,Effingham,Illinois,39.095854,-88.573292,34668,11223,80,39,4,0.0,115.40524780224419,116.06562796084887,Siteman Cancer Center (WashU),80,39,4,439,222,54
12103,12,Pinellas,Florida,27.900189,-82.727015,959107,403417,80,30,12,0.0,24.693881032236977,23.84490792668215,Moffitt Cancer Center,371,162,39,562,236,74
12001,12,Alachua,Florida,29.664721,-82.391582,278468,70793,80,28,8,0.0,76.35259030872314,3.9983324766205044,University of Florida Health Cancer Institute,99,34,9,479,201,54
19153,19,Polk,Iowa,41.630968,-93.640165,492401,125638,80,40,9,0.0,128.85179792617012,129.9268547084245,Holden Comprehensive Cancer Center (Iowa),114,59,12,116,59,12
45045,45,Greenville,South Carolina,34.844659,-82.331257,525534,155376,79,40,5,0.0,107.3502919617071,161.93150878700655,Winship Cancer Institute (Emory),95,50,7,282,145,30
06097,06,Sonoma,California,38.412281,-122.720368,488863,169546,78,33,12,0.0,57.122545284189655,56.49085965273462,UCSF Helen Diller Family Comprehensive Cancer Center,292,145,28,521,236,57
39113,39,Montgomery,Ohio,39.744183,-84.206384,537309,168203,77,40,5,0.0,50.551806139597076,78.42982835625223,OSU Comprehensive Cancer Center – James,253,128,23,561,291,53
38017,38,Cass,North Dakota,46.853248,-96.866085,184525,42690,77,34,7,0.0,255.07165993245144,260.92411589390076,Masonic Cancer Center (Minnesota),77,34,7,82,37,8
26093,26,Livingston,Michigan,42.575026,-83.856466,193866,68302,76,46,4,0.0,27.48685740403726,25.948904890773857,University of Michigan Rogel Cancer Center,458,218,65,619,288,93
09001,09,Fairfield,Connecticut,41.206021,-73.367214,957419,297730,75,34,5,0.0,30.692238389829345,28.69260610777327,Yale Cancer Center,1274,531,176,1345,561,181
09003,09,Hartford,Connecticut,41.761165,-72.717868,899498,278589,75,35,7,0.0,33.27943749196237,39.88504773055834,Yale Cancer Center,353,164,44,1573,686,201
12099,12,Palm Beach,Florida,26.616523,-80.143701,1492191,574731,73,35,7,0.0,40.368141634244004,68.91411150156438,Sylvester Comprehensive Cancer Center (Miami),240,125,16,491,245,40
22051,22,Jefferson,Louisiana,29.945816,-90.152287,440781,137282,73,31,12,0.0,378.3382124368304,378.0916325391914,Dan L Duncan Comprehensive Cancer Center (Baylor),115,48,15,164,77,20
55133,55,Waukesha,Wisconsin,43.03596,-88.236186,406978,143597,73,32,5,0.0,16.77131693905609,72.42896486498326,UW Carbone Cancer Center,227,116,29,728,343,89
48423,48,Smith,Texas,32.326145,-95.300981,233479,69085,72,27,10,0.0,111.3517253495851,115.07410564257923,Harold C. Simmons Comprehensive Cancer Center (UTSW),81,33,10,495,233,59
17183,17,Vermilion,Illinois,40.151056,-87.655499,74188,24707,71,33,4,0.0,101.0970215138157,99.68501684726385,IU Simon Comprehensive Cancer Center,93,47,5,286,145,25
41039,41,Lane,Oregon,44.039563,-123.119235,382971,125957,71,39,6,0.0,120.82129056564897,122.8712103713101,Knight Cancer Institute (OHSU),77,41,6,135,68,13
16055,16,Kootenai,Idaho,47.738595,-116.837402,171362,58659,71,37,2,0.0,301.5994121722344,307.52152650418435,Fred Hutch/UW/Seattle Children's Cancer Consortium,120,59,9,120,59,9
16001,16,Ada,Idaho,43.612091,-116.313143,494967,140659,71,37,4,0.0,365.2976699211725,362.0903490909925,Huntsman Cancer Institute (Utah),76,40,4,76,40,4
17029,17,Coles,Illinois,39.487996,-88.264625,46863,14461,70,32,4,0.0,138.16315531169627,136.50523638078894,IU Simon Comprehensive Cancer Center,114,59,7,137,70,8
27003,27,Anoka,Minnesota,45.195033,-93.269315,363887,105786,70,37,2,0.0,18.885658994564732,18.310716401837055,Masonic Cancer Center (Minnesota),240,123,19,487,232,52
08035,08,Douglas,Colorado,39.482023,-104.87357,357978,96465,70,35,8,0.0,20.71836160057158,22.067751957568614,University of Colorado Cancer Center,432,211,67,441,214,69
55073,55,Marathon,Wisconsin,44.907455,-89.707823,138013,45530,70,35,5,0.0,153.01911936300584,152.65110683117777,UW Carbone Cancer Center,75,38,6,104,51,9
48339,48,Montgomery,Texas,30.228848,-95.462136,620443,167117,69,33,6,0.0,34.25663813166935,43.59993967564666,Dan L Duncan Comprehensive Cancer Center (Baylor),1037,487,114,1041,489,114
26065,26,Ingham,Michigan,42.688382,-84.486253,284900,72047,68,36,5,0.0,58.58364361319612,57.46102054151349,University of Michigan Rogel Cancer Center,257,130,28,621,290,93
30013,30,Cascade,Montana,47.491558,-111.306586,84414,27194,67,34,3,0.0,211.1617414584672,558.5971755102255,Huntsman Cancer Institute (Utah),67,34,3,67,34,3
30063,30,Missoula,Montana,46.875546,-114.021512,117922,33541,67,34,3,0.0,326.0514279331031,472.3926891449018,Fred Hutch/UW/Seattle Children's Cancer Consortium,67,34,3,69,35,3
22033,22,East Baton Rouge,Louisiana,30.460289,-91.100064,456781,118373,67,38,6,0.0,314.70000044759485,314.88353004933725,Dan L Duncan Comprehensive Cancer Center (Baylor),69,38,6,167,77,20
47093,47,Knox,Tennessee,35.971886,-83.991621,478971,137718,67,27,9,0.0,173.07123880343343,174.1977153777842,Markey Cancer Center (Kentucky),67,27,9,123,58,11
55141,55,Wood,Wisconsin,44.478457,-89.962546,74207,27316,66,32,6,0.0,121.16338644385893,120.46996278068121,UW Carbone Cancer Center,75,38,6,113,57,9
51710,51,Norfolk,Virginia,36.896214,-76.260623,238005,55618,66,31,8,0.0,95.64595468693891,93.91608483275016,VCU Massey Comprehensive Cancer Center,86,38,13,249,111,32
16027,16,Canyon,Idaho,43.612485,-116.625046,231105,61108,65,35,3,0.0,379.68111818519054,376.8368632115272,Huntsman Cancer Institute (Utah),76,40,4,76,40,4
26049,26,Genesee,Michigan,43.002399,-83.693809,406211,130862,65,36,3,0.0,41.48365682363657,60.262043897291306,University of Michigan Rogel Cancer Center,137,66,12,618,288,93
55097,55,Portage,Wisconsin,44.498026,-89.526076,70377,21932,65,35,5,0.0,118.1928169377067,117.9439089265184,UW Carbone Cancer Center,75,38,6,228,124,20
30031,30,Gallatin,Montana,45.682956,-111.128767,118960,28748,65,35,2,0.0,149.71791988939148,409.9990144042281,Huntsman Cancer Institute (Utah),65,35,2,65,35,2
42091,42,Montgomery,Pennsylvania,40.169483,-75.314499,856553,277826,65,23,7,0.0,17.680744860364193,17.384285478859454,Fox Chase Cancer Center,695,278,92,1535,630,207
17113,17,McLean,Illinois,40.493799,-88.953797,170954,43815,65,32,4,0.0,125.13044889561894,136.13848532068644,University of Chicago Comprehensive Cancer Center,148,73,13,188,93,17
39095,39,Lucas,Ohio,41.651951,-83.620346,431279,130026,64,31,6,0.0,50.64456992948637,52.19690594302238,University of Michigan Rogel Cancer Center,259,139,28,522,244,71
51041,51,Chesterfield,Virginia,37.418312,-77.556155,364548,105973,64,27,7,0.0,11.365215347818301,13.195052572996866,VCU Massey Comprehensive Cancer Center,181,83,20,651,306,89
32031,32,Washoe,Nevada,39.534488,-119.793527,486492,148641,63,28,6,0.0,129.87325348330668,134.6432406532493,UC Davis Comprehensive Cancer Center,63,28,6,105,52,8
17089,17,Kane,Illinois,41.928443,-88.33542,516522,143974,63,29,6,0.0,17.586983607839066,44.53291605198675,Robert H. Lurie Comprehensive Cancer Center (Northwestern),588,274,64,737,349,90
29031,29,Cape Girardeau,Missouri,37.355235,-89.607695,81710,24233,63,33,4,0.0,113.07639612426216,113.77119791631402,Siteman Cancer Center (WashU),66,34,5,456,227,60
54061,54,Monongalia,West Virginia,39.636527,-79.956836,105822,25023,62,26,4,0.0,67.27247856740779,67.67306142401975,UPMC Hillman Cancer Center,78,33,5,361,163,48
18003,18,Allen,Indiana,41.100842,-85.125233,385410,105256,62,29,7,0.0,126.10216772493698,127.26033729716643,IU Simon Comprehensive Cancer Center,62,29,7,171,82,15
27137,27,St. Louis,Minnesota,47.078425,-92.307366,200231,69656,62,34,2,0.0,178.91406392984197,182.35549846408702,Masonic Cancer Center (Minnesota),62,34,2,62,34,2
16017,16,Bonner,Idaho,48.23649,-116.630197,47110,20863,61,32,1,0.0,316.41529333064386,321.3675640233441,Fred Hutch/UW/Seattle Children's Cancer Consortium,71,37,2,120,59,9
29183,29,St. Charles,Missouri,38.778572,-90.671284,405262,122917,61,36,4,0.0,21.350529517338014,29.10848158462776,Siteman Cancer Center (WashU),454,226,60,483,239,64
12071,12,Lee,Florida,26.576019,-81.851845,760822,342197,61,30,10,0.0,122.18595700108446,129.96528536418435,Moffitt Cancer Center,62,31,10,149,65,32
55009,55,Brown,Wisconsin,44.497155,-88.034145,268740,78446,61,32,4,0.0,121.61078316882411,144.37496764113988,UW Carbone Cancer Center,75,39,6,105,52,9
34027,34,Morris,New Jersey,40.859148,-74.50031,509285,167447,61,28,5,0.0,25.289165153341855,31.349283738884985,Rutgers Cancer Institute of New Jersey,1234,519,171,1503,622,201
53063,53,Spokane,Washington,47.680212,-117.368939,539339,160614,60,28,8,0.0,271.88499728574203,277.924902275194,Fred Hutch/UW/Seattle Children's Cancer Consortium,120,59,9,120,59,9
29077,29,Greene,Missouri,37.192242,-93.309507,298915,85880,60,32,5,0.0,167.91436414708494,176.26348338728187,University of Kansas Cancer Center,60,32,5,119,53,10
05143,05,Washington,Arkansas,36.09592,-94.172336,245871,55905,59,21,5,0.0,229.4920268731073,229.89703598985022,Stephenson Cancer Center (Oklahoma),61,21,5,133,57,11
06061,06,Placer,California,38.839708,-121.198379,404739,137511,59,31,4,0.0,25.421283408419526,29.23504187615922,UC Davis Comprehensive Cancer Center,164,88,18,251,128,30
55063,55,La Crosse,Wisconsin,43.861018,-91.208863,120784,35829,59,37,2,0.0,76.86631189623053,76.86698480064636,Mayo Clinic Cancer Center – Rochester,59,37,2,356,167,38
55035,55,Eau Claire,Wisconsin,44.790208,-91.454792,105710,30153,58,29,5,0.0,87.69649766869837,88.41100317911008,Mayo Clinic Cancer Center – Rochester,59,30,5,497,235,52
34007,34,Camden,New Jersey,39.863128,-75.026364,523485,154372,58,27,4,0.0,13.68274621755127,11.175573406206846,Sidney Kimmel Cancer Center (Jefferson),510,219,65,1527,628,206
53053,53,Pierce,Washington,47.177735,-122.407463,921130,244364,58,28,6,0.0,32.466230982067295,37.708496340624365,Fred Hutch/UW/Seattle Children's Cancer Consortium,423,228,51,430,231,52
06071,06,San Bernardino,California,34.190969,-117.359766,2181654,516445,57,22,3,0.0,51.199738114751234,41.29714580429035,City of Hope,442,207,59,1146,512,140
23005,23,Cumberland,Maine,43.746359,-70.305033,303069,104192,57,25,4,0.0,125.94060213767388,117.19223061476492,Dartmouth Cancer Center,58,26,4,142,67,9
53061,53,Snohomish,Washington,47.927544,-122.188806,827957,228175,56,28,6,0.0,31.34874132112912,26.12444064944236,Fred Hutch/UW/Seattle Children's Cancer Consortium,383,211,47,430,231,52
17099,17,LaSalle,Illinois,41.354304,-88.895139,109658,37439,56,30,4,0.0,65.50586812620102,87.6811251654283,University of Chicago Comprehensive Cancer Center,113,55,8,622,289,69
30029,30,Flathead,Montana,48.24738,-114.28093,104357,37590,56,29,1,0.0,382.73397761387514,450.6501539526337,Fred Hutch/UW/Seattle Children's Cancer Consortium,56,29,1,69,35,3
06001,06,Alameda,California,37.706599,-122.098766,1682353,448404,56,27,6,0.0,22.5936875728985,23.231518184847914,Stanford Cancer Institute,425,192,41,522,236,57
18089,18,Lake,Indiana,41.518998,-87.407505,498700,153668,56,25,7,0.0,36.26963784628593,24.97122483671534,University of Chicago Comprehensive Cancer Center,567,262,59,600,280,65
17179,17,Tazewell,Illinois,40.605153,-89.530221,131343,43046,56,30,4,0.0,137.51612682488295,153.2839828816968,Holden Comprehensive Cancer Center (Iowa),104,49,11,163,82,14
17197,17,Will,Illinois,41.565502,-88.058558,696355,189250,55,26,3,0.0,23.51284100603426,33.477382447179245,University of Chicago Comprehensive Cancer Center,572,266,59,622,289,69
26099,26,Macomb,Michigan,42.589118,-82.957895,881217,282743,55,28,6,0.0,21.741142022029575,21.02360187126736,Karmanos Cancer Institute (Wayne State),454,216,64,488,232,68
17095,17,Knox,Illinois,40.937986,-90.327754,49967,17627,55,29,4,0.0,98.60556047899486,96.67944447606756,Holden Comprehensive Cancer Center (Iowa),103,51,11,237,119,30
17037,17,DeKalb,Illinois,41.927566,-88.726804,100420,24631,54,26,6,0.0,40.98441148665647,68.64829284439124,Robert H. Lurie Comprehensive Cancer Center (Northwestern),588,274,64,756,356,93
55131,55,Washington,Wisconsin,43.345574,-88.216407,136761,48205,53,24,5,0.0,30.325476537849674,76.66071216417741,UW Carbone Cancer Center,229,117,29,385,200,50
09011,09,New London,Connecticut,41.443271,-72.097543,268555,92957,53,24,4,0.0,52.66647054248255,52.819255623685486,Yale Cancer Center,421,197,57,1179,539,153
42079,42,Luzerne,Pennsylvania,41.195284,-75.928422,325594,110730,53,27,6,0.0,99.68821364186537,108.16528322354196,Fox Chase Cancer Center,93,41,12,911,373,122
22071,22,Orleans,Louisiana,29.975765,-90.05295,383997,109827,53,20,6,0.0,372.03536700338026,371.9607502209065,O'Neal Comprehensive Cancer Center (UAB),115,48,15,164,77,20
55085,55,Oneida,Wisconsin,45.71099,-89.493946,37845,17637,52,28,5,0.0,218.58232064455112,218.40762976258014,UW Carbone Cancer Center,52,28,5,91,46,7
27061,27,Itasca,Minnesota,47.315009,-93.521135,45014,18401,52,28,2,0.0,194.00440708000556,194.6688087173759,Masonic Cancer Center (Minnesota),52,28,2,75,37,5
25027,25,Worcester,Massachusetts,42.303377,-71.802715,862111,266669,52,25,0,0.0,42.899518583512084,43.04283107423729,Dana-Farber/Harvard Cancer Center,735,382,86,912,453,113
50007,50,Chittenden,Vermont,44.480291,-73.149824,168323,48853,52,25,3,0.0,217.22136087355483,88.076666887921,Dartmouth Cancer Center,52,25,3,116,55,8
27115,27,Pine,Minnesota,46.030418,-92.894181,28876,11305,52,28,2,0.0,86.8957636152444,89.68421767594104,Masonic Cancer Center (Minnesota),58,34,2,263,134,23
08005,08,Arapahoe,Colorado,39.646582,-104.838574,655070,168856,52,24,6,0.0,9.628135827562533,8.301537848538603,University of Colorado Cancer Center,429,207,67,437,213,68
55003,55,Ashland,Wisconsin,46.475919,-90.785419,16027,5934,52,27,2,0.0,182.05496102772753,188.6205943055933,Masonic Cancer Center (Minnesota),52,27,2,84,45,6
06013,06,Contra Costa,California,37.93501,-122.024961,1165927,346627,51,26,4,0.0,30.580556195546485,31.73631852884239,UCSF Helen Diller Family Comprehensive Cancer Center,425,192,41,522,236,57
17109,17,McDonough,Illinois,40.469965,-90.667814,27238,8375,51,29,4,0.0,115.08011326325145,113.0456625848724,Holden Comprehensive Cancer Center (Iowa),57,30,4,236,118,30
17057,17,Fulton,Illinois,40.524812,-90.116575,33609,11747,51,30,4,0.0,131.81996735532755,129.81985239456944,Holden Comprehensive Cancer Center (Iowa),97,47,11,147,72,14
30023,30,Deer Lodge,Montana,46.135851,-112.955566,9421,4040,51,26,1,0.0,255.72066851319366,450.29632179156954,Huntsman Cancer Institute (Utah),52,27,1,72,38,3
06065,06,Riverside,California,33.799274,-117.076969,2418185,657706,51,21,7,0.0,54.169163068476735,55.085268356399446,Chao Family Comprehensive Cancer Center (UC Irvine),442,207,59,1145,511,140
08059,08,Jefferson,Colorado,39.72369,-105.130309,582910,180017,50,21,5,0.0,11.49673657355202,18.7859277863893,University of Colorado Cancer Center,429,207,67,441,214,69
55117,55,Sheboygan,Wisconsin,43.733622,-87.819076,118034,39750,50,26,3,0.0,58.83385279380069,111.2763016317623,UW Carbone Cancer Center,229,116,31,385,199,50
17203,17,Woodford,Illinois,40.76916,-89.29163,38467,12500,50,30,4,0.0,117.43576613868214,134.66132624579384,University of Chicago Comprehensive Cancer Center,104,49,11,231,113,23
17011,17,Bureau,Illinois,41.382406,-89.420549,33244,12284,50,29,4,0.0,92.14788772686464,117.51750611140503,University of Chicago Comprehensive Cancer Center,97,47,11,611,283,68
17067,17,Hancock,Illinois,40.425023,-91.202357,17620,6901,50,29,4,0.0,106.73651838191017,104.8292778928459,Holden Comprehensive Cancer Center (Iowa),56,31,5,234,117,30
17073,17,Henry,Illinois,41.350891,-90.1358,49284,17319,50,29,4,0.0,92.6939543233248,91.1528640569785,Holden Comprehensive Cancer Center (Iowa),103,51,11,240,120,31
45051,45,Horry,South Carolina,33.780221,-78.937681,351029,153784,50,25,8,0.0,107.05316229186258,108.22385300113501,Hollings Cancer Center (MUSC),59,28,9,190,93,19
24005,24,Baltimore,Maryland,39.368834,-76.620325,854535,264384,49,19,7,0.0,4.5173511506760935,6.123102217654648,UM Greenebaum Comprehensive Cancer Center,889,410,107,1142,493,145
02020,02,Anchorage,Alaska,61.191547,-149.792287,291247,69610,49,25,4,0.0,1723.847948849,1714.6329355047656,Fred Hutch/UW/Seattle Children's Cancer Consortium,49,25,4,49,25,4
42095,42,Northampton,Pennsylvania,40.699145,-75.320858,312951,107367,49,22,1,0.0,48.12460642150791,55.08230482266505,Fox Chase Cancer Center,678,272,90,1430,595,195
06095,06,Solano,California,38.236295,-122.067272,453491,135161,48,25,4,0.0,46.23627901135775,46.81522556609821,UCSF Helen Diller Family Comprehensive Cancer Center,406,201,43,521,236,57
08041,08,El Paso,Colorado,38.877314,-104.75212,730395,185219,48,24,5,0.0,71.41050289451897,72.28964630488238,University of Colorado Cancer Center,97,51,10,434,211,68
53011,53,Clark,Washington,45.680599,-122.56244,503311,146767,47,23,6,0.0,13.591989101454306,17.470492186782348,Knight Cancer Institute (OHSU),303,148,34,325,158,36
19169,19,Story,Iowa,42.025132,-93.604948,98537,21667,46,26,2,0.0,129.3457551528381,130.8201515960244,Holden Comprehensive Cancer Center (Iowa),114,59,12,116,59,12
39017,39,Butler,Ohio,39.41063,-84.498421,390357,110222,46,22,3,0.0,19.047135062214437,106.33508283679517,OSU Comprehensive Cancer Center – James,272,137,27,677,338,71
51087,51,Henrico,Virginia,37.604639,-77.498572,334389,98000,46,19,9,0.0,6.112363661160809,6.916301536152122,VCU Massey Comprehensive Cancer Center,187,86,20,752,347,98
19187,19,Webster,Iowa,42.481229,-94.179496,36999,12191,46,23,1,0.0,154.4065990257549,150.77249169314504,Fred & Pamela Buffett Cancer Center (UNMC),59,31,2,119,60,12
37183,37,Wake,North Carolina,35.795346,-78.679962,1129410,277545,46,17,3,0.0,21.729252537886193,26.582802750821166,UNC Lineberger Comprehensive Cancer Center,421,203,39,517,253,51
42077,42,Lehigh,Pennsylvania,40.597849,-75.509406,374557,114194,46,23,7,0.0,54.54755707514438,52.155699567644334,Fox Chase Cancer Center,659,263,90,1400,590,187
26077,26,Kalamazoo,Michigan,42.262549,-85.586372,261670,70600,45,14,4,0.0,58.02443605035285,113.8454721263322,University of Michigan Rogel Cancer Center,233,102,34,464,222,59
13245,13,Richmond,Georgia,33.427932,-82.051886,206607,56050,45,27,4,0.0,152.39960006997936,155.50163798612184,Hollings Cancer Center (MUSC),45,27,4,138,70,12
29071,29,Franklin,Missouri,38.436356,-90.998977,104682,35762,45,25,3,0.0,43.12850187613789,50.02749732008475,Siteman Cancer Center (WashU),442,222,59,468,229,64
42093,42,Montour,Pennsylvania,40.996765,-76.630209,18136,6628,45,21,5,0.0,124.95816112748841,124.73411888217174,Abramson Cancer Center (Penn),115,54,14,231,107,27
06081,06,San Mateo,California,37.563575,-122.339869,764442,226333,45,20,6,0.0,17.521542660577946,15.324106800918512,Stanford Cancer Institute,413,188,40,522,236,57
55005,55,Barron,Wisconsin,45.437002,-91.815142,46711,17959,45,27,5,0.0,83.8872509022929,91.35861837447403,Masonic Cancer Center (Minnesota),73,36,6,262,132,23
29186,29,Ste. Genevieve,Missouri,37.94083,-90.165655,18479,6799,44,24,3,0.0,56.64638482275476,57.13788969135977,Siteman Cancer Center (WashU),398,203,53,454,226,60
45083,45,Spartanburg,South Carolina,34.963891,-82.007751,327997,97461,44,26,2,0.0,83.44934279737409,151.0323632345641,Wake Forest Baptist Comprehensive Cancer Center,95,49,7,241,126,25
53067,53,Thurston,Washington,47.00087,-122.836576,294793,91090,43,22,5,0.0,56.91571860556372,59.057682234364634,Fred Hutch/UW/Seattle Children's Cancer Consortium,424,228,51,439,235,53
41005,41,Clackamas,Oregon,45.363411,-122.575016,421401,137667,43,19,6,0.0,12.843832004184865,12.455833598237895,Knight Cancer Institute (OHSU),308,151,34,351,176,37
26055,26,Grand Traverse,Michigan,44.713441,-85.613028,95238,34558,43,14,3,0.0,145.23760570009725,231.61859454090407,University of Michigan Rogel Cancer Center,43,14,3,71,30,4
48157,48,Fort Bend,Texas,29.620209,-95.681282,822779,202399,43,18,5,0.0,24.588320872780223,21.344373496604003,Dan L Duncan Comprehensive Cancer Center (Baylor),1039,487,114,1040,488,114
38015,38,Burleigh,North Dakota,46.823125,-100.761269,98458,29591,43,20,6,0.0,358.68106590189655,460.2572402539956,Masonic Cancer Center (Minnesota),43,20,6,49,24,6
15003,15,Honolulu,Hawaii,21.371521,-157.917219,1016508,311899,43,18,4,0.0,2872.761746737161,7.8813195784221355,University of Hawai'i Cancer Center,43,18,4,43,18,4
29187,29,St. Francois,Missouri,37.834497,-90.488054,66922,19931,43,23,3,0.0,66.94360783340213,67.14489339340004,Siteman Cancer Center (WashU),46,24,4,454,226,60
29165,29,Platte,Missouri,39.260346,-94.683735,106718,30757,43,16,6,0.0,25.846842388375432,17.60784743019847,University of Kansas Cancer Center,250,132,23,250,132,23
36047,36,Kings,New York,40.651666,-73.954985,2736074,694512,42,17,3,0.0,10.373442939997846,7.890122655191021,Perlmutter Cancer Center (NYU Langone),1263,526,173,1500,622,199
27037,27,Dakota,Minnesota,44.763244,-93.154642,439882,126790,42,23,3,0.0,19.2585978422223,18.225813020259537,Masonic Cancer Center (Minnesota),240,123,19,487,232,52
42133,42,York,Pennsylvania,39.941929,-76.75372,456438,149236,42,22,5,0.0,52.74786509315524,54.291505340137185,UM Greenebaum Comprehensive Cancer Center,415,196,42,1153,497,147
34013,34,Essex,New Jersey,40.767919,-74.216055,863728,223888,42,16,3,0.0,15.626872155862294,15.063176369013371,Perlmutter Cancer Center (NYU Langone),1226,513,171,1503,622,201
42071,42,Lancaster,Pennsylvania,40.07391,-76.29248,552984,177927,42,19,5,0.0,66.31293681595771,66.9491242419837,Sidney Kimmel Comprehensive Cancer Center (Johns Hopkins),194,93,23,1310,545,170
19113,19,Linn,Iowa,42.008474,-91.648394,230299,67751,42,22,2,0.0,27.469573257664035,29.376119239554527,Holden Comprehensive Cancer Center (Iowa),166,87,22,190,100,24
06019,06,Fresno,California,36.743848,-119.765291,1008654,233801,42,23,5,0.0,149.72908928343057,169.305113508931,Stanford Cancer Institute,46,24,6,67,36,7
27163,27,Washington,Minnesota,44.985726,-92.921431,267568,81413,41,22,2,0.0,10.81886424281573,18.427330601153617,Masonic Cancer Center (Minnesota),240,123,19,487,232,52
27007,27,Beltrami,Minnesota,47.585267,-94.86333,46228,13426,41,18,5,0.0,232.77020232776985,235.6234553908629,Masonic Cancer Center (Minnesota),47,22,5,67,33,5
42049,42,Erie,Pennsylvania,42.068563,-80.07268,270876,88748,41,14,5,0.0,103.81279880602864,100.83673879716167,Roswell Park Comprehensive Cancer Center,42,14,5,438,201,45
37125,37,Moore,North Carolina,35.23777,-79.439212,99727,37954,41,16,2,0.0,66.08422891700053,61.09765069669997,UNC Lineberger Comprehensive Cancer Center,47,20,2,568,276,59
39165,39,Warren,Ohio,39.423255,-84.24395,242337,70757,41,21,4,0.0,26.3184978994793,91.70828026143276,OSU Comprehensive Cancer Center – James,274,138,27,600,300,60
39037,39,Darke,Ohio,40.116114,-84.606299,51881,17685,41,21,4,0.0,77.77648438669355,100.93939808039265,OSU Comprehensive Cancer Center – James,107,54,5,652,334,66
51770,51,Roanoke,Virginia,37.27853,-79.96024,100011,29708,41,22,3,0.0,99.33209659879046,99.50194290857176,Wake Forest Baptist Comprehensive Cancer Center,69,38,7,299,158,31
08069,08,Larimer,Colorado,40.504402,-105.089155,359066,103660,40,20,3,0.0,53.10365339688364,64.8220944210398,University of Colorado Cancer Center,228,110,23,436,212,67
22017,22,Caddo,Louisiana,32.468933,-93.799166,237848,72920,40,14,4,0.0,210.5523664654063,214.40939673107917,Harold C. Simmons Comprehensive Cancer Center (UTSW),40,14,4,109,40,14
25017,25,Middlesex,Massachusetts,42.447845,-71.254598,1632002,471429,40,21,2,0.0,14.27982296030784,12.455125695161366,Dana-Farber/Harvard Cancer Center,740,385,86,774,399,89
24003,24,Anne Arundel,Maryland,39.071038,-76.604417,588261,170813,39,6,9,0.0,20.195189336490532,18.60487495864458,UM Greenebaum Comprehensive Cancer Center,882,408,106,947,430,115
41045,41,Malheur,Oregon,43.975358,-117.06114,31571,8948,39,23,1,0.0,349.76676527358933,354.4613315109857,Knight Cancer Institute (OHSU),76,40,4,76,40,4
55087,55,Outagamie,Wisconsin,44.308666,-88.401368,190705,56921,38,17,3,0.0,109.16497092321977,119.29157830619275,UW Carbone Cancer Center,76,40,6,348,182,42
55139,55,Winnebago,Wisconsin,44.101514,-88.540906,171730,52165,38,19,3,0.0,95.35145326281013,100.3296147444686,UW Carbone Cancer Center,76,40,6,348,182,42
55089,55,Ozaukee,Wisconsin,43.31881,-87.950093,91503,33279,38,18,3,0.0,23.835499088540953,91.68781279876812,UW Carbone Cancer Center,229,117,29,389,201,51
27035,27,Crow Wing,Minnesota,46.430863,-94.162322,66123,26391,38,19,2,0.0,129.18237058093302,132.06656276842193,Masonic Cancer Center (Minnesota),38,19,2,103,53,6
06099,06,Stanislaus,California,37.618447,-120.955882,552878,136600,38,16,4,0.0,67.69231103387605,81.62563536267393,Stanford Cancer Institute,51,25,4,508,233,54
47065,47,Hamilton,Tennessee,35.093764,-85.201806,366207,115106,38,18,1,0.0,118.18642783073975,123.26948415191475,Winship Cancer Institute (Emory),39,19,1,260,113,26
31109,31,Lancaster,Nebraska,40.799269,-96.671536,322608,83099,37,13,2,0.0,53.73080885926815,57.389685618880804,Fred & Pamela Buffett Cancer Center (UNMC),236,102,36,240,105,36
16075,16,Payette,Idaho,44.019562,-116.893339,25386,8289,37,20,2,0.0,357.56766536400943,362.34414585668156,Knight Cancer Institute (OHSU),76,40,4,76,40,4
26021,26,Berrien,Michigan,41.985704,-86.406377,154316,54048,37,12,2,0.0,83.93035875946909,74.92723628133193,Robert H. Lurie Comprehensive Cancer Center (Northwestern),56,22,4,743,345,90
36081,36,Queens,New York,40.721204,-73.834008,2405464,717498,37,15,2,0.0,9.550036014617193,8.886611036519731,Memorial Sloan Kettering Cancer Center,1258,524,172,1502,623,199
13077,13,Coweta,Georgia,33.377998,-84.73346,146158,42487,37,21,3,0.0,44.302776889741104,44.59031221716506,Winship Cancer Institute (Emory),418,195,43,447,206,46
55101,55,Racine,Wisconsin,42.735037,-87.928046,197727,63448,37,18,3,0.0,24.647957984720787,72.26817286618889,Robert H. Lurie Comprehensive Cancer Center (Northwestern),270,140,36,737,348,91
55029,55,Door,Wisconsin,44.915074,-87.335769,30066,14738,37,18,2,0.0,160.55170670712016,197.03840158872853,UW Carbone Cancer Center,61,32,4,91,43,7
31153,31,Sarpy,Nebraska,41.152889,-96.0437,190604,46159,36,17,3,0.0,9.169353942951343,8.785034047537529,Fred & Pamela Buffett Cancer Center (UNMC),235,102,36,245,105,36
28033,28,DeSoto,Mississippi,34.927389,-89.949653,185314,47734,36,20,4,0.0,17.422710381109006,235.03486306446376,Vanderbilt-Ingram Cancer Center,119,61,8,126,64,10
17121,17,Marion,Illinois,38.590624,-89.016141,37729,12603,36,21,3,0.0,80.19923329162143,81.06255869679389,Siteman Cancer Center (WashU),82,40,4,475,238,61
08013,08,Boulder,Colorado,40.062992,-105.180215,330758,91804,36,17,3,0.0,22.569075786715153,34.11316601059136,University of Colorado Cancer Center,434,211,67,443,215,69
26025,26,Calhoun,Michigan,42.289631,-85.106049,134310,42602,36,12,2,0.0,64.11337434170936,84.36045689241233,University of Michigan Rogel Cancer Center,89,42,6,650,301,95
29019,29,Boone,Missouri,38.956712,-92.321624,183610,43985,36,12,9,0.0,127.49851342317208,135.62081564872867,Siteman Cancer Center (WashU),39,15,9,119,61,14
20177,20,Shawnee,Kansas,39.034789,-95.706417,178909,57504,36,17,3,0.0,62.932448459498175,70.61748190453767,University of Kansas Cancer Center,38,19,3,250,132,23
55109,55,St. Croix,Wisconsin,45.017968,-92.580626,93536,28117,35,22,2,0.0,30.84832247497844,38.545657873795335,Masonic Cancer Center (Minnesota),250,129,22,487,232,52
26133,26,Osceola,Michigan,43.965434,-85.357843,22891,8587,35,12,1,0.0,84.76218249658102,171.20382724634277,University of Michigan Rogel Cancer Center,46,17,3,273,126,37
34029,34,Ocean,New Jersey,39.978586,-74.215904,637229,231758,35,16,2,0.0,26.266973359765906,44.26069190979742,Rutgers Cancer Institute of New Jersey,759,311,97,1440,599,194
41071,41,Yamhill,Oregon,45.239528,-123.136974,107722,33251,35,18,5,0.0,25.65285805142398,33.27752035190123,Knight Cancer Institute (OHSU),313,154,34,351,176,37
19127,19,Marshall,Iowa,42.030436,-92.938199,40105,12611,35,20,1,0.0,89.76152477994385,91.37282375278174,Holden Comprehensive Cancer Center (Iowa),97,49,9,217,112,28
06079,06,San Luis Obispo,California,35.341822,-120.665804,282424,96855,34,15,4,0.0,183.56731523572,184.50521413355946,Jonsson Comprehensive Cancer Center (UCLA),34,15,4,76,35,11
06083,06,Santa Barbara,California,34.645128,-120.1029,448229,121401,34,16,4,0.0,135.81159352765738,123.15022547689733,Jonsson Comprehensive Cancer Center (UCLA),34,16,4,82,38,11
20173,20,Sedgwick,Kansas,37.680269,-97.34439,523824,144426,34,16,8,0.0,179.00513300532674,183.14470816196447,Stephenson Cancer Center (Oklahoma),34,16,8,68,36,10
26145,26,Saginaw,Michigan,43.399088,-83.996446,190124,63898,34,20,3,0.0,79.04316120427228,94.49940093922207,University of Michigan Rogel Cancer Center,68,37,4,597,276,90
55075,55,Marinette,Wisconsin,45.219097,-87.848007,41872,17761,34,16,3,0.0,181.50834101741128,200.9901155725851,UW Carbone Cancer Center,51,26,3,95,47,8
06041,06,Marin,California,37.986474,-122.546657,262321,98989,34,16,3,0.0,20.07010558725262,19.416155777361723,UCSF Helen Diller Family Comprehensive Cancer Center,313,154,32,521,236,57
09005,09,Litchfield,Connecticut,41.726958,-73.190432,185186,71627,34,16,3,0.0,31.41991952064832,38.539956177698016,Yale Cancer Center,359,165,44,1339,559,182
55071,55,Manitowoc,Wisconsin,44.10361,-87.724344,81359,30911,33,15,3,0.0,90.01434508184705,133.18312669392216,UW Carbone Cancer Center,76,40,6,251,128,34
25009,25,Essex,Massachusetts,42.625306,-70.991432,809829,261036,33,15,2,0.0,24.54490866155273,24.016393053497797,Dana-Farber/Harvard Cancer Center,676,359,76,789,403,91
42029,42,Chester,Pennsylvania,39.993381,-75.678116,534413,169034,33,13,4,0.0,34.22276299849282,30.585119655807343,Abramson Cancer Center (Penn),519,221,67,1151,481,138
27139,27,Scott,Minnesota,44.714553,-93.466447,150928,38009,33,19,2,0.0,22.598029231391852,25.549034870302247,Masonic Cancer Center (Minnesota),244,124,19,487,232,52
08123,08,Weld,Colorado,40.322426,-104.807009,328981,80770,33,14,3,0.0,37.63597203269093,47.773580261574146,University of Colorado Cancer Center,417,201,64,439,214,68
01097,01,Mobile,Alabama,30.684049,-88.175178,414809,123874,33,20,2,0.0,253.67060065495684,253.32972520808718,O'Neal Comprehensive Cancer Center (UAB),43,24,5,72,38,8
55059,55,Kenosha,Wisconsin,42.572393,-87.924047,169151,50086,33,16,3,0.0,21.805628113404698,59.303961210989364,Robert H. Lurie Comprehensive Cancer Center (Northwestern),641,302,78,740,351,91
17103,17,Lee,Illinois,41.812143,-89.401894,34145,12075,33,20,1,0.0,82.2619741797058,104.90405885110613,UW Carbone Cancer Center,88,44,7,673,316,76
17111,17,McHenry,Illinois,42.270305,-88.351365,310229,95016,32,13,3,0.0,23.608352122483268,54.977699360010554,Robert H. Lurie Comprehensive Cancer Center (Northwestern),581,269,64,737,349,90
10005,10,Sussex,Delaware,38.661794,-75.331473,237378,113863,32,13,3,0.0,99.00906062782666,96.72014880354384,Sidney Kimmel Comprehensive Cancer Center (Johns Hopkins),36,14,4,791,340,93
17199,17,Williamson,Illinois,37.754392,-88.976636,67153,22175,32,15,3,0.0,109.90671151275053,110.81676968209311,Siteman Cancer Center (WashU),67,34,5,459,227,60
28049,28,Hinds,Mississippi,32.304046,-90.257,227742,62690,32,18,1,0.0,235.78243088262434,260.45412747634145,O'Neal Comprehensive Cancer Center (UAB),32,18,1,50,26,3
29047,29,Clay,Missouri,39.252956,-94.497328,253335,69190,32,12,3,0.0,20.432633723755814,17.882635799788904,University of Kansas Cancer Center,250,132,23,250,132,23
13051,13,Chatham,Georgia,32.043151,-81.136643,295291,84793,32,15,3,0.0,103.84166391522348,103.45759655785956,Hollings Cancer Center (MUSC),32,15,3,144,69,13
26075,26,Jackson,Michigan,42.241802,-84.406618,160366,52502,32,12,4,0.0,41.73502656849976,41.562677656607484,University of Michigan Rogel Cancer Center,252,128,28,651,301,96
26147,26,St. Clair,Michigan,42.912215,-82.563457,160383,57297,32,17,3,0.0,53.066968088355274,55.80044502463862,Karmanos Cancer Institute (Wayne State),119,56,10,458,218,65
24027,24,Howard,Maryland,39.217658,-76.854298,332317,92761,31,11,2,0.0,17.15202748550748,16.216366896264535,UM Greenebaum Comprehensive Cancer Center,885,409,106,947,430,115
55083,55,Oconto,Wisconsin,44.895367,-88.146318,38965,15591,31,15,1,0.0,154.9469999305279,169.09035700703032,UW Carbone Cancer Center,75,39,6,99,50,9
41017,41,Deschutes,Oregon,44.090954,-121.306213,198253,69417,31,13,3,0.0,140.39420674235546,141.72946351322122,Knight Cancer Institute (OHSU),31,13,3,102,52,9
26157,26,Tuscola,Michigan,43.429916,-83.433939,53323,19776,31,18,3,0.0,70.27703912559595,92.61645807325982,Karmanos Cancer Institute (Wayne State),68,37,4,459,218,65
27019,27,Carver,Minnesota,44.836919,-93.679267,106922,29693,31,20,2,0.0,21.97975051804954,28.49120522707163,Masonic Cancer Center (Minnesota),240,123,19,487,232,52
13059,13,Clarke,Georgia,33.950374,-83.381417,128671,27184,31,15,5,0.0,61.091594199102275,66.24196023517771,Winship Cancer Institute (Emory),41,18,7,492,229,49
17081,17,Jefferson,Illinois,38.311195,-88.911598,37113,12234,30,17,1,0.0,90.80125786588277,91.73195007769006,Siteman Cancer Center (WashU),49,28,4,459,227,60
20045,20,Douglas,Kansas,38.942493,-95.254186,118785,27827,30,14,2,0.0,33.175506004332526,42.55237152300772,University of Kansas Cancer Center,236,121,23,250,132,23
25021,25,Norfolk,Massachusetts,42.202442,-71.146359,725981,227638,30,14,1,0.0,11.867855371045184,12.32460230253696,Dana-Farber/Harvard Cancer Center,736,381,86,774,399,89
28071,28,Lafayette,Mississippi,34.359415,-89.52675,55813,13144,30,19,2,0.0,68.5071917832834,200.2858133316222,O'Neal Comprehensive Cancer Center (UAB),42,25,4,121,63,8
37147,37,Pitt,North Carolina,35.576487,-77.383372,170243,43543,30,15,3,0.0,107.62796136587227,113.76047331491857,Duke Cancer Institute,63,30,4,444,215,42
42119,42,Union,Pennsylvania,40.970242,-76.959238,42681,13587,30,11,3,0.0,138.98430337267757,139.16262176149993,Abramson Cancer Center (Penn),105,48,13,201,95,25
36001,36,Albany,New York,42.680589,-73.811637,314848,96982,30,16,2,0.0,119.15892217465574,123.06113128508602,Dartmouth Cancer Center,51,26,4,382,178,46
42129,42,Westmoreland,Pennsylvania,40.340199,-79.594629,354663,140031,29,10,2,0.0,25.42383867706707,23.249185321928486,UPMC Hillman Cancer Center,328,147,47,363,164,49
12127,12,Volusia,Florida,29.072351,-81.126278,553543,229096,29,12,4,0.0,49.13353562333641,99.78726594618234,University of Florida Health Cancer Institute,199,88,28,491,205,57
05031,05,Craighead,Arkansas,35.835762,-90.669235,111231,27654,29,12,5,0.0,78.79002228038605,232.81921913795668,Siteman Cancer Center (WashU),29,12,5,122,61,10
20169,20,Saline,Kansas,38.814764,-97.605554,54303,17481,29,13,3,0.0,185.18080072826447,194.21169125953037,University of Kansas Cancer Center,29,13,3,68,36,10
05007,05,Benton,Arkansas,36.335056,-94.230342,284333,71660,28,6,0,0.0,217.3271339122626,226.95576941243147,University of Kansas Cancer Center,82,34,7,135,58,11
45073,45,Oconee,South Carolina,34.707527,-83.002043,78607,31701,28,17,1,0.0,114.33065747496795,118.11890560937462,Winship Cancer Institute (Emory),80,41,5,448,209,44
34039,34,Union,New Jersey,40.659355,-74.293688,575345,160178,27,14,3,0.0,15.688256045765772,17.326045592664222,Rutgers Cancer Institute of New Jersey,1228,515,171,1510,625,202
48167,48,Galveston,Texas,29.428137,-95.019324,350682,101155,27,9,5,0.0,43.55348350438547,35.917143618470334,Dan L Duncan Comprehensive Cancer Center (Baylor),1025,480,113,1040,488,114
53005,53,Benton,Washington,46.229857,-119.276673,206873,57293,27,15,2,0.0,199.980762953048,206.42779331661754,Knight Cancer Institute (OHSU),27,15,2,33,19,2
08077,08,Mesa,Colorado,39.092942,-108.546673,155703,53209,27,14,2,0.0,236.26965131752738,243.68144555044037,University of Colorado Cancer Center,27,14,2,27,14,2
28145,28,Union,Mississippi,34.483103,-89.010519,27777,7965,27,16,2,0.0,80.25614605142287,171.9848924172011,O'Neal Comprehensive Cancer Center (UAB),34,22,2,121,63,8
28043,28,Grenada,Mississippi,33.76756,-89.803438,21629,6765,27,16,2,0.0,113.1912357986961,208.32479824657705,O'Neal Comprehensive Cancer Center (UAB),31,19,2,121,63,8
42041,42,Cumberland,Pennsylvania,40.205907,-77.092609,259469,83770,27,8,2,0.0,79.86667074774972,81.25849341241418,UM Greenebaum Comprehensive Cancer Center,134,62,15,961,436,118
42011,42,Berks,Pennsylvania,40.362681,-75.909878,428849,135574,27,11,3,0.0,57.16850900283287,56.14829469944032,Abramson Cancer Center (Penn),538,234,72,1029,424,131
55067,55,Langlade,Wisconsin,45.185054,-89.104985,19491,8295,27,11,3,0.0,175.74974210767158,175.837510162957,UW Carbone Cancer Center,70,35,5,98,49,9
40143,40,Tulsa,Oklahoma,36.1027,-95.91151,669279,177626,26,11,1,0.0,117.79191495490029,119.06330194597665,Stephenson Cancer Center (Oklahoma),26,11,1,249,111,22
29021,29,Buchanan,Missouri,39.750709,-94.819825,84793,25663,26,16,2,0.0,65.96314773310223,59.162824480156914,University of Kansas Cancer Center,117,60,10,253,133,23
44009,44,Washington,Rhode Island,41.467323,-71.590046,129839,50388,26,11,3,0.0,33.47692848043956,78.92900573630398,Dana-Farber/Harvard Cancer Center,156,76,20,1103,514,141
19027,19,Carroll,Iowa,42.039462,-94.867701,20760,7295,26,14,0,0.0,98.50724597760689,94.91017432176515,Fred & Pamela Buffett Cancer Center (UNMC),48,25,1,263,122,39
26121,26,Muskegon,Michigan,43.243847,-86.214941,175824,55859,26,6,2,0.0,42.65719714525569,140.78830101643248,Robert H. Lurie Comprehensive Cancer Center (Northwestern),230,101,34,412,199,60
34015,34,Gloucester,New Jersey,39.748752,-75.130305,302294,93014,26,13,1,0.0,21.131864641950738,16.932048147976715,Sidney Kimmel Cancer Center (Jefferson),502,214,65,1480,613,200
17201,17,Winnebago,Illinois,42.308321,-89.060442,285350,89395,26,11,2,0.0,66.81694545742107,67.61907350708834,UW Carbone Cancer Center,76,39,6,730,346,89
20051,20,Ellis,Kansas,38.882206,-99.330542,28934,7547,25,11,1,0.0,285.8401942332122,289.53218239240124,Fred & Pamela Buffett Cancer Center (UNMC),37,21,1,43,24,3
06077,06,San Joaquin,California,37.924541,-121.302289,779233,192662,25,12,3,0.0,53.625958213787655,52.87712512719633,UC Davis Comprehensive Cancer Center,189,100,20,523,237,57
42089,42,Monroe,Pennsylvania,41.038639,-75.305852,168327,59174,25,12,1,0.0,60.49847694881027,71.11618749528729,Rutgers Cancer Institute of New Jersey,140,64,15,1425,594,196
28087,28,Lowndes,Mississippi,33.520258,-88.389424,58879,17306,25,15,2,0.0,109.06581361977594,109.77989669533376,O'Neal Comprehensive Cancer Center (UAB),25,15,2,198,97,19
45077,45,Pickens,South Carolina,34.805302,-82.689713,131404,39051,25,15,1,0.0,131.65968127022091,139.89367368349238,Winship Cancer Institute (Emory),92,47,7,132,64,13
21117,21,Kenton,Kentucky,39.011065,-84.549073,169064,48224,25,11,5,0.0,14.327115014429216,81.22084088086437,Markey Cancer Center (Kentucky),254,129,26,426,190,50
24033,24,Prince George's,Maryland,38.909313,-76.888689,967201,265796,25,8,4,0.0,8.084617800872309,13.044658335906712,Georgetown Lombardi Comprehensive Cancer Center,882,409,106,990,452,120
04015,04,Mohave,Arizona,35.034511,-114.262415,213267,104784,25,12,3,0.0,198.7478404029455,194.30077017152146,Mayo Clinic Cancer Center – Phoenix,25,12,3,95,50,7
29029,29,Camden,Missouri,38.073064,-92.746042,42745,20447,24,11,1,0.0,134.76886346076472,145.74556570380844,University of Kansas Cancer Center,27,14,1,101,48,11
29145,29,Newton,Missouri,36.921726,-94.414367,58648,19167,24,14,2,0.0,167.45261496427415,177.40382248738626,University of Kansas Cancer Center,52,22,2,116,52,10
06113,06,Yolo,California,38.598163,-121.718874,216403,51162,24,12,2,0.0,22.02275704399418,17.42705835578422,UC Davis Comprehensive Cancer Center,188,101,20,521,236,57
39085,39,Lake,Ohio,41.685007,-81.319872,232603,84158,24,9,1,0.0,29.612043752244986,23.140119287850233,Case Comprehensive Cancer Center,317,146,34,392,179,45
42069,42,Lackawanna,Pennsylvania,41.441461,-75.636396,215896,73833,24,8,3,0.0,98.61419654768848,109.06209556786311,Rutgers Cancer Institute of New Jersey,55,27,6,1184,504,168
16083,16,Twin Falls,Idaho,42.56026,-114.499626,90046,25418,24,12,2,0.0,225.40708732423383,221.92496995311404,Huntsman Cancer Institute (Utah),24,12,2,24,12,2
37191,37,Wayne,North Carolina,35.372889,-77.986675,117333,34898,23,11,0,0.0,79.89568849432025,84.22126826389646,UNC Lineberger Comprehensive Cancer Center,99,44,6,461,224,43
48141,48,El Paso,Texas,31.783025,-106.365548,865657,201594,23,13,2,0.0,324.8848533259065,274.2516911599837,UNM Comprehensive Cancer Center,29,18,3,29,18,3
06029,06,Kern,California,35.369809,-118.941786,909235,200278,23,9,7,0.0,117.90127956191088,112.90094252477411,Jonsson Comprehensive Cancer Center (UCLA),23,9,7,950,429,107
40031,40,Comanche,Oklahoma,34.633044,-98.419449,121125,29950,23,9,1,0.0,96.24775892438056,93.47007621831405,Stephenson Cancer Center (Oklahoma),28,10,1,192,89,16
39093,39,Lorain,Ohio,41.391668,-82.110224,312964,105314,23,9,0,0.0,27.315673061108598,32.757605117484275,Case Comprehensive Cancer Center,321,147,35,576,265,71
34021,34,Mercer,New Jersey,40.255387,-74.69945,387340,110312,23,8,4,0.0,26.38245329964411,24.92981562669849,Rutgers Cancer Institute of New Jersey,812,337,101,1444,599,194
27145,27,Stearns,Minnesota,45.559158,-94.355044,158292,44395,23,11,2,0.0,75.46665962939392,81.30913207011297,Masonic Cancer Center (Minnesota),37,22,2,254,130,20
18127,18,Porter,Indiana,41.513979,-87.104333,173215,54473,23,8,3,0.0,50.068504272045125,38.066277825403446,University of Chicago Comprehensive Cancer Center,542,250,56,600,280,65
29161,29,Phelps,Missouri,37.943357,-91.747022,44638,13202,23,14,2,0.0,105.74894185526819,111.72192614227771,Siteman Cancer Center (WashU),23,14,2,456,225,63
37133,37,Onslow,North Carolina,34.734255,-77.405266,204576,37152,23,11,0,0.0,144.95424473668103,147.70842997095684,UNC Lineberger Comprehensive Cancer Center,34,17,2,74,37,5
31079,31,Hall,Nebraska,40.91634,-98.377793,62895,17045,22,11,3,0.0,147.04214066805983,153.1810091289688,Fred & Pamela Buffett Cancer Center (UNMC),34,17,4,65,28,5
37163,37,Sampson,North Carolina,35.036714,-78.397561,59036,18320,22,10,0,0.0,85.75938143464961,84.40561580956995,UNC Lineberger Comprehensive Cancer Center,27,15,0,489,238,49
12117,12,Seminole,Florida,28.699171,-81.310073,470856,138284,22,15,2,0.0,15.441886398533487,98.99690294816718,Moffitt Cancer Center,218,96,33,546,232,60
50005,50,Caledonia,Vermont,44.466488,-72.076449,30233,11482,22,11,3,0.0,186.60867653310595,69.7136274087819,Dartmouth Cancer Center,93,42,7,119,56,8
39139,39,Richland,Ohio,40.761551,-82.54039,124936,41313,22,11,4,0.0,69.19758075383793,69.61143339481754,OSU Comprehensive Cancer Center – James,50,22,4,683,343,68
48441,48,Taylor,Texas,32.417775,-99.767126,143208,36382,22,9,4,0.0,178.32949708314516,206.8466418794608,Harold C. Simmons Comprehensive Cancer Center (UTSW),22,9,4,22,9,4
55031,55,Douglas,Wisconsin,46.628582,-92.01483,44295,15600,22,11,2,0.0,149.55060893537248,154.1462700068564,Masonic Cancer Center (Minnesota),62,34,2,80,44,6
13067,13,Cobb,Georgia,33.941801,-84.557976,766149,196490,22,12,4,0.0,14.355373425252074,20.143713855973665,Winship Cancer Institute (Emory),422,197,44,467,215,46
18057,18,Hamilton,Indiana,40.001506,-86.057612,347467,90563,22,8,3,0.0,18.324444715886248,19.201257139108968,IU Simon Comprehensive Cancer Center,174,84,18,296,152,25
51117,51,Mecklenburg,Virginia,36.690417,-78.318472,30319,12974,21,6,2,0.0,70.19310906747351,70.75651931513072,Duke Cancer Institute,22,6,2,615,295,64
26041,26,Delta,Michigan,45.801912,-87.065752,36903,15200,21,10,1,0.0,235.72484363112278,265.7386793818118,UW Carbone Cancer Center,21,10,1,51,26,3
17119,17,Madison,Illinois,38.801004,-90.012645,265859,84451,21,12,1,0.0,21.594584349177648,21.94800055585317,Siteman Cancer Center (WashU),454,226,60,475,238,61
54039,54,Kanawha,West Virginia,38.363316,-81.658246,180745,63781,21,8,1,0.0,160.59478566229708,161.9885222871547,OSU Comprehensive Cancer Center – James,38,16,3,54,25,5
31019,31,Buffalo,Nebraska,40.737756,-99.072828,50084,13478,21,10,2,0.0,192.864773560993,198.91868371907043,Fred & Pamela Buffett Cancer Center (UNMC),34,17,4,37,20,4
23019,23,Penobscot,Maine,44.944506,-68.797457,152199,53425,21,9,1,0.0,255.87236054363402,232.0526638284915,Dartmouth Cancer Center,23,10,2,34,13,4
39109,39,Miami,Ohio,40.039896,-84.229494,108774,35899,21,14,4,0.0,73.4145024771099,76.71129804589411,OSU Comprehensive Cancer Center – James,106,54,5,584,301,57
48027,48,Bell,Texas,31.08149,-97.591674,370647,81312,21,11,4,0.0,64.583055941418,148.49233964957384,Mays Cancer Center (UT Health San Antonio),37,16,5,187,83,32
05131,05,Sebastian,Arkansas,35.318718,-94.354788,127799,37886,21,13,1,0.0,214.02439873963704,213.21839141648707,Stephenson Cancer Center (Oklahoma),21,13,1,88,37,8
37025,37,Cabarrus,North Carolina,35.395655,-80.621106,225804,58245,21,9,2,0.0,19.5005280087158,63.45415179210211,Wake Forest Baptist Comprehensive Cancer Center,172,88,20,394,192,40
27067,27,Kandiyohi,Minnesota,45.154628,-95.017492,43732,14527,20,13,1,0.0,98.10599952622306,105.4173365647272,Masonic Cancer Center (Minnesota),36,22,2,256,130,20
27171,27,Wright,Minnesota,45.199091,-93.818147,141337,37529,20,13,2,0.0,32.48697126881689,38.830257953657274,Masonic Cancer Center (Minnesota),246,127,19,263,133,23
17077,17,Jackson,Illinois,37.750199,-89.277101,52974,14418,20,11,2,0.0,96.20346609399253,97.07139841301077,Siteman Cancer Center (WashU),67,34,5,456,227,60
55129,55,Washburn,Wisconsin,45.848159,-91.835392,16623,7733,20,9,2,0.0,102.43383116520981,108.96720728280548,Masonic Cancer Center (Minnesota),52,30,6,267,135,23
12105,12,Polk,Florida,28.042479,-81.786864,725046,240842,20,7,2,0.0,45.21171518409262,48.50124825466545,Moffitt Cancer Center,460,195,53,581,246,76
51085,51,Hanover,Virginia,37.686944,-77.418063,109979,37477,20,6,4,0.0,12.956487496485268,12.066007525301469,VCU Massey Comprehensive Cancer Center,187,86,20,870,399,106
48303,48,Lubbock,Texas,33.552551,-101.894337,310639,72868,20,9,3,0.0,329.05325926517844,339.63267259354234,Stephenson Cancer Center (Oklahoma),20,9,3,20,9,3
48375,48,Potter,Texas,35.221526,-101.839818,118525,29025,20,11,3,0.0,293.62430071927685,293.9646613286207,Stephenson Cancer Center (Oklahoma),20,11,3,20,11,3
39041,39,Delaware,Ohio,40.213434,-83.012316,214124,59150,20,11,3,0.0,17.641265025201843,17.17700058616242,OSU Comprehensive Cancer Center – James,399,215,34,497,259,43
22103,22,St. Tammany,Louisiana,30.386943,-89.961836,264570,85206,20,6,3,0.0,341.24289209425956,341.2119305919449,O'Neal Comprehensive Cancer Center (UAB),115,48,15,176,83,20
50023,50,Washington,Vermont,44.243309,-72.587175,59807,21562,20,8,1,0.0,182.5047040493181,54.19090453305103,Dartmouth Cancer Center,115,54,8,120,57,8
42125,42,Washington,Pennsylvania,40.20836,-80.146146,209349,76731,20,7,1,0.0,22.712082622505772,24.35077108292854,UPMC Hillman Cancer Center,357,162,48,421,192,56
34017,34,Hudson,New Jersey,40.741644,-74.061448,724854,165828,19,8,2,6.570731506272193,6.570731506272193,5.244060509695818,Perlmutter Cancer Center (NYU Langone),1242,519,171,1503,623,200
12083,12,Marion,Florida,29.135817,-82.126125,375908,164928,19,5,1,47.8619498712372,73.67064736041311,44.71516080795441,University of Florida Health Cancer Institute,112,41,11,712,304,76
42045,42,Delaware,Pennsylvania,39.922639,-75.348866,576830,175964,19,8,4,14.90100573009499,14.90100573009499,9.986285800244803,Abramson Cancer Center (Penn),515,219,68,1482,614,200
17093,17,Kendall,Illinois,41.66076,-88.375603,131869,28709,19,11,1,21.181078305379526,24.448982539720305,48.88445667388964,University of Chicago Comprehensive Cancer Center,588,274,64,698,327,85
39101,39,Marion,Ohio,40.582108,-83.127065,65359,20613,19,10,3,31.41482756171909,48.91248513005173,48.1929609506689,OSU Comprehensive Cancer Center – James,400,217,34,696,352,68
54011,54,Cabell,West Virginia,38.413593,-82.335182,94350,29244,19,9,2,44.19013659064251,138.23549775025765,139.24101426740967,OSU Comprehensive Cancer Center – James,42,19,4,58,27,5
53073,53,Whatcom,Washington,48.82321,-122.487638,226847,69246,19,8,3,76.06396971632397,106.4786193392769,99.19346331151255,Fred Hutch/UW/Seattle Children's Cancer Consortium,20,8,3,383,211,47
08101,08,Pueblo,Colorado,38.265773,-104.646976,168162,54638,19,10,1,51.160682660719104,122.54300595276803,123.39802601928581,University of Colorado Cancer Center,48,24,5,132,69,15
55113,55,Sawyer,Wisconsin,45.938054,-91.345247,18074,8440,18,9,2,29.250461030966395,128.91366306181214,135.83382267769403,Masonic Cancer Center (Minnesota),71,38,6,96,50,6
53035,53,Kitsap,Washington,47.612218,-122.63287,275611,89590,18,9,2,23.083718696384,23.083718696384,16.126399294389547,Fred Hutch/UW/Seattle Children's Cancer Consortium,427,231,51,428,231,51
53057,53,Skagit,Washington,48.4668,-122.33534,129523,46282,18,8,3,45.43878147475337,76.19672877358326,69.33411014339603,Fred Hutch/UW/Seattle Children's Cancer Consortium,57,28,6,418,226,51
01003,01,Baldwin,Alabama,30.537396,-87.761478,231767,85844,18,10,3,31.92718960224176,255.92369480538403,255.4722171159305,O'Neal Comprehensive Cancer Center (UAB),54,28,6,57,31,6
46065,46,Hughes,South Dakota,44.38283,-100.305301,17765,5617,18,9,2,204.05239330785156,223.92427858693708,370.7978048442226,Fred & Pamela Buffett Cancer Center (UNMC),18,9,2,18,9,2
27015,27,Brown,Minnesota,44.285144,-94.59176,25912,9366,18,12,1,70.70187973700646,92.51559752522405,98.39736868583661,Masonic Cancer Center (Minnesota),25,14,2,252,129,19
42007,42,Beaver,Pennsylvania,40.684267,-80.302021,168215,63142,18,8,1,28.590176458534717,28.590176458534717,30.205912499633268,UPMC Hillman Cancer Center,332,151,47,621,283,74
42085,42,Mercer,Pennsylvania,41.263855,-80.336703,110652,41511,18,6,2,68.69542333621095,71.42873737196271,71.89952715010484,UPMC Hillman Cancer Center,41,14,3,600,273,73
24025,24,Harford,Maryland,39.520613,-76.309261,260924,82464,18,3,3,23.559547317664755,26.148409482144576,25.62310755121828,Sidney Kimmel Comprehensive Cancer Center (Johns Hopkins),437,206,43,1157,498,148
42075,42,Lebanon,Pennsylvania,40.340342,-76.443132,143257,48216,18,8,2,22.532459230002416,85.79211805677886,84.97139377119278,Abramson Cancer Center (Penn),160,78,18,1051,437,126
42017,42,Bucks,Pennsylvania,40.239408,-75.026366,646538,230774,18,6,3,19.144810467975294,20.83123725353603,15.212993553105898,Fox Chase Cancer Center,786,323,101,1429,595,195
28035,28,Forrest,Mississippi,31.309279,-89.287954,78158,18992,18,8,2,90.27252181053123,252.08690946677984,252.10321242444496,O'Neal Comprehensive Cancer Center (UAB),18,8,2,85,44,8
56021,56,Laramie,Wyoming,41.153937,-104.771336,100512,29952,18,9,1,57.42729813410566,106.29786298796395,116.75208805322107,University of Colorado Cancer Center,54,27,4,379,180,60
53027,53,Grays Harbor,Washington,46.991256,-123.767517,75636,28949,18,8,2,52.65103151103252,98.12058199838845,95.91257119150931,Fred Hutch/UW/Seattle Children's Cancer Consortium,44,22,5,428,231,51
30041,30,Hill,Montana,48.511678,-109.767061,16309,4529,18,8,1,120.19817382561935,235.92701190932556,653.7608431423085,Huntsman Cancer Institute (Utah),18,8,1,18,8,1
42121,42,Venango,Pennsylvania,41.404235,-79.765355,50454,20438,18,6,1,58.27086213283174,80.34582774778202,79.5985744850492,UPMC Hillman Cancer Center,41,14,5,601,272,74
12101,12,Pasco,Florida,28.258217,-82.51024,561891,209045,18,3,1,25.46856816506283,25.46856816506283,17.759688564800484,Moffitt Cancer Center,376,164,39,611,256,77
39153,39,Summit,Ohio,41.11615,-81.511871,540428,178213,17,6,5,24.343455595352022,29.416864198783998,32.787125370356975,Case Comprehensive Cancer Center,373,173,41,605,274,74
20055,20,Finney,Kansas,37.977246,-100.863047,38470,8471,17,11,1,124.64768451302352,301.0178258731057,295.5147261040989,University of Colorado Cancer Center,20,12,1,21,13,1
20037,20,Crawford,Kansas,37.438265,-94.729385,38972,10675,17,11,1,47.61585206174954,123.26486625797644,134.33923206495896,University of Kansas Cancer Center,30,18,2,117,53,10
21235,21,Whitley,Kentucky,36.814087,-84.141533,36712,10155,17,8,1,70.54247411946754,102.67397832087272,103.82358277903974,Markey Cancer Center (Kentucky),17,8,1,199,77,25
53071,53,Walla Walla,Washington,46.077907,-118.391181,62584,19442,17,8,2,52.395801036264565,247.15307238021887,253.29135561631358,Knight Cancer Institute (OHSU),27,15,2,37,24,2
53041,53,Lewis,Washington,46.61892,-122.839231,82149,29671,17,8,2,31.668945626972615,84.54112327792735,88.38262413469047,Fred Hutch/UW/Seattle Children's Cancer Consortium,87,43,9,592,304,70
41011,41,Coos,Oregon,43.305461,-124.232445,64929,27739,17,8,2,90.34018428748807,197.96924964842447,202.8395854565822,Knight Cancer Institute (OHSU),18,8,3,99,49,9
42055,42,Franklin,Pennsylvania,39.883461,-77.654852,155932,52767,17,8,2,44.590780833476366,74.25268119788129,82.055749600749,UM Greenebaum Comprehensive Cancer Center,72,31,9,931,424,114
37071,37,Gaston,North Carolina,35.273689,-81.150823,227943,68628,17,7,2,22.764518866511153,22.764518866511153,91.2086619861299,Wake Forest Baptist Comprehensive Cancer Center,178,92,20,304,156,32
37081,37,Guilford,North Carolina,36.066734,-79.847354,541299,151689,17,7,4,27.72876570076412,27.72876570076412,27.86504727641628,Wake Forest Baptist Comprehensive Cancer Center,267,129,27,591,292,60
23031,23,York,Maine,43.422532,-70.64015,211972,80789,17,8,3,33.55550377787838,93.91015083986366,93.45766802215711,Dana-Farber/Harvard Cancer Center,68,31,4,734,382,83
39045,39,Fairfield,Ohio,39.799356,-82.672891,158921,47507,17,9,2,26.31695169433689,26.31695169433689,28.07208754241697,OSU Comprehensive Cancer Center – James,398,215,33,483,253,43
42063,42,Indiana,Pennsylvania,40.617473,-79.1305,83246,28089,17,6,1,37.22000130004855,54.840255664759226,52.32542516097214,UPMC Hillman Cancer Center,330,147,48,365,165,49
41001,41,Baker,Oregon,44.780021,-117.762087,16668,7064,17,11,1,78.59096526937488,288.88574842945883,294.159482206933,Knight Cancer Institute (OHSU),17,11,1,65,35,3
12069,12,Lake,Florida,28.716853,-81.750668,383956,160652,17,8,2,30.748901122107878,30.748901122107878,75.15998794808566,Moffitt Cancer Center,235,98,32,573,245,63
42015,42,Bradford,Pennsylvania,41.833895,-76.527899,59967,22367,17,5,3,64.11247853589025,128.64961865956224,126.18052437718472,Wilmot Cancer Institute (Rochester),30,14,3,134,62,11
48215,48,Hidalgo,Texas,26.235916,-98.184508,870781,177581,17,9,3,270.5725155083762,270.5725155083762,272.6121100781188,Mays Cancer Center (UT Health San Antonio),17,9,3,17,9,3
29167,29,Polk,Missouri,37.602027,-93.404435,31519,10121,17,11,1,34.54704734886192,134.9229758161975,143.7969837034114,University of Kansas Cancer Center,68,34,5,90,42,5
46135,46,Yankton,South Dakota,42.90126,-97.396931,23310,8070,17,9,2,67.70044763366663,67.70044763366663,163.47031151681696,Fred & Pamela Buffett Cancer Center (UNMC),17,9,2,119,53,15
53015,53,Cowlitz,Washington,46.135463,-122.894833,110730,36904,17,8,2,42.3093041104676,53.8610464781979,54.81255610069275,Knight Cancer Institute (OHSU),301,148,33,350,169,40
51121,51,Montgomery,Virginia,37.189478,-80.413551,99721,23233,17,10,1,30.821772390576005,90.53822667298681,90.66256727320115,Wake Forest Baptist Comprehensive Cancer Center,68,38,7,177,103,17
42001,42,Adams,Pennsylvania,39.851137,-77.157037,103852,38300,17,8,2,26.7370248125737,56.27267350340567,57.394537347889035,UM Greenebaum Comprehensive Cancer Center,428,201,42,952,433,115
42021,42,Cambria,Pennsylvania,40.408084,-78.800185,133472,50715,17,6,1,50.49603199285564,74.00902069361986,71.52654489580381,UPMC Hillman Cancer Center,34,10,3,369,164,51
56029,56,Park,Wyoming,44.614008,-108.97254,29624,11765,17,8,1,100.63319103335927,100.63319103335927,363.80611813558573,Huntsman Cancer Institute (Utah),17,8,1,102,58,3
54107,54,Wood,West Virginia,39.266981,-81.530587,84296,29781,16,6,1,75.37799779323558,111.42586106850612,113.25993202140585,OSU Comprehensive Cancer Center – James,28,14,2,429,228,36
02090,02,Fairbanks North Star,Alaska,64.831239,-147.623249,95655,21617,16,9,1,312.5728007558901,1824.7778278319292,1815.8400386016813,Fred Hutch/UW/Seattle Children's Cancer Consortium,16,9,1,16,9,1
06087,06,Santa Cruz,California,36.986338,-121.938739,270861,83337,16,8,2,27.354366570176094,27.354366570176094,40.18603765123737,Stanford Cancer Institute,222,91,26,426,192,41
19175,19,Union,Iowa,41.054759,-94.318334,12138,4090,16,7,2,54.37700110703581,110.66760027670537,103.9507858231353,Fred & Pamela Buffett Cancer Center (UNMC),80,40,6,265,124,39
19163,19,Scott,Iowa,41.5647,-90.562678,174669,52373,16,9,1,31.904036105026748,62.67167714750538,61.34243559189929,Holden Comprehensive Cancer Center (Iowa),62,34,4,238,120,31
46013,46,Brown,South Dakota,45.475353,-98.451669,38301,11745,16,10,2,146.08378764341123,188.6892920677002,307.3710711065714,Masonic Cancer Center (Minnesota),16,10,2,17,10,3
48121,48,Denton,Texas,33.116408,-97.014655,906422,215125,16,7,3,29.926012931157484,29.926012931157484,27.77771247540911,Harold C. Simmons Comprehensive Cancer Center (UTSW),492,232,60,492,232,60
36113,36,Warren,New York,43.392942,-73.711242,65737,26121,16,8,2,59.37578998622,172.0868291318441,89.9090850873918,Dartmouth Cancer Center,50,26,4,150,70,11
55119,55,Taylor,Wisconsin,45.172334,-90.408593,19913,7442,16,6,2,46.560969330311465,154.77492742823424,155.41503731208488,Mayo Clinic Cancer Center – Rochester,71,36,5,104,53,7
08037,08,Eagle,Colorado,39.600516,-106.733421,55731,14884,16,6,5,102.83069246997259,114.29343652160517,121.61531416026396,University of Colorado Cancer Center,16,6,5,402,189,65
06055,06,Napa,California,38.325108,-122.319983,138019,46416,16,6,3,18.020943949290615,47.42186588869328,47.46932012476375,UCSF Helen Diller Family Comprehensive Cancer Center,312,155,30,521,236,57
53077,53,Yakima,Washington,46.519342,-120.42159,256728,63911,16,8,1,69.75365838291164,133.25045662350888,142.44453659442453,Fred Hutch/UW/Seattle Children's Cancer Consortium,16,8,1,37,19,3
37089,37,Henderson,North Carolina,35.341636,-82.471646,116281,47445,16,7,1,42.29215242141448,112.20926843005519,161.64607801925834,Wake Forest Baptist Comprehensive Cancer Center,101,52,8,270,133,28
26073,26,Isabella,Michigan,43.608534,-84.80345,64394,15730,16,8,3,44.461418701014836,73.06203086714913,128.22668147336165,University of Michigan Rogel Cancer Center,62,28,4,291,138,37
27005,27,Becker,Minnesota,46.846984,-95.781108,35183,13002,16,10,1,61.525221681898906,208.62806865057547,213.6278945002223,Masonic Cancer Center (Minnesota),16,10,1,86,37,9
27095,27,Mille Lacs,Minnesota,45.790781,-93.623033,26459,9000,16,11,1,46.50474578595926,69.19831470391225,71.26850908392369,Masonic Cancer Center (Minnesota),89,48,3,259,132,23
29213,29,Taney,Missouri,36.657085,-93.195143,56066,19950,15,10,1,45.01426630803317,211.5341404176086,219.38871692194894,University of Kansas Cancer Center,60,32,5,113,50,10
42073,42,Lawrence,Pennsylvania,40.986789,-80.336455,86070,32185,15,6,2,50.225898561339704,50.225898561339704,51.07257942455153,UPMC Hillman Cancer Center,330,149,47,621,283,74
46103,46,Pennington,South Dakota,44.064853,-103.210935,109222,37984,15,9,0,269.4278340867726,344.206472434712,371.8064159415495,University of Colorado Cancer Center,15,9,0,15,9,0
08014,08,Broomfield,Colorado,39.939871,-105.058131,74112,20085,15,7,2,10.16592895992275,10.16592895992275,21.31515573591632,University of Colorado Cancer Center,434,211,67,443,215,69
20009,20,Barton,Kansas,38.396456,-98.75829,25493,8738,15,10,1,54.7314013166096,251.93449311332816,256.0811774199358,Stephenson Cancer Center (Oklahoma),37,21,1,68,36,10
39119,39,Muskingum,Ohio,39.963489,-81.996844,86410,27599,15,8,1,63.31152564170762,63.31152564170762,65.23020453512797,OSU Comprehensive Cancer Center – James,25,14,3,468,241,45
12009,12,Brevard,Florida,28.225111,-80.690892,606612,250536,15,8,3,56.67133284559089,56.67133284559089,129.39432125894254,Moffitt Cancer Center,190,82,29,238,102,34
24021,24,Frederick,Maryland,39.427679,-77.400605,271717,79253,15,5,3,33.35586761085187,33.35586761085187,46.74376127020411,Georgetown Lombardi Comprehensive Cancer Center,890,410,108,943,430,115
45021,45,Cherokee,South Carolina,35.080959,-81.648305,56216,17224,14,6,1,26.2655601365077,57.421687604466534,126.2158586264708,Wake Forest Baptist Comprehensive Cancer Center,224,115,23,242,126,25
27119,27,Polk,Minnesota,47.783873,-96.562798,31192,10060,14,8,1,79.02135517959137,296.09951091908266,300.6807500472505,Masonic Cancer Center (Minnesota),27,14,2,83,37,9
25013,25,Hampden,Massachusetts,42.125554,-72.574333,465825,145876,14,6,1,31.482610037977572,64.58321643004281,71.34752041848273,Yale Cancer Center,112,51,7,1127,527,142
37195,37,Wilson,North Carolina,35.727699,-77.93379,78784,25603,14,5,1,29.633855734121013,68.48286097443514,74.61996375615534,Duke Cancer Institute,99,44,6,459,223,42
54033,54,Harrison,West Virginia,39.287852,-80.338827,65921,22334,14,6,1,37.863844333894534,98.97329510331062,99.97412678763968,UPMC Hillman Cancer Center,62,26,4,370,168,50
37179,37,Union,North Carolina,35.01249,-80.631967,238267,62961,14,7,2,21.76823693362121,21.76823693362121,93.81126561098417,Wake Forest Baptist Comprehensive Cancer Center,170,87,20,293,150,31
55055,55,Jefferson,Wisconsin,43.040342,-88.785594,84900,28063,14,6,2,33.296597383480204,37.06466451970079,39.18201475613143,UW Carbone Cancer Center,329,174,38,728,343,89
45013,45,Beaufort,South Carolina,32.317957,-80.786927,187117,80485,14,6,2,33.487814518584,70.47315052638974,70.25455905888887,Hollings Cancer Center (MUSC),32,15,3,144,69,13
36065,36,Oneida,New York,43.146277,-75.355941,232125,76741,14,4,2,49.54543432151103,136.88571861934216,137.30669917183963,Wilmot Cancer Institute (Rochester),83,37,6,122,57,9
27057,27,Hubbard,Minnesota,47.058441,-94.933356,21344,9203,13,7,1,43.85763056195593,194.88883620051368,198.4456648003058,Masonic Cancer Center (Minnesota),49,24,5,90,42,8
36075,36,Oswego,New York,43.392222,-76.31179,117525,38539,13,4,2,28.264212811626155,81.20886257448672,82.38794156371918,Wilmot Cancer Institute (Rochester),81,37,6,177,89,19
39089,39,Licking,Ohio,40.051058,-82.52159,178519,55776,13,8,0,30.1618125276823,30.1618125276823,31.99145848462478,OSU Comprehensive Cancer Center – James,400,216,34,485,252,46
12033,12,Escambia,Florida,30.485666,-87.277106,321905,100062,13,6,1,66.17884362976338,253.47484080346237,252.91066687265823,O'Neal Comprehensive Cancer Center (UAB),30,15,4,54,28,6
24001,24,Allegany,Maryland,39.628458,-78.820665,68106,23335,13,5,0,72.55338599997019,99.76471868265584,98.20556568114962,UPMC Hillman Cancer Center,30,10,4,805,367,105
12097,12,Osceola,Florida,28.269056,-81.39037,388656,100012,13,7,2,21.3108586406377,21.3108586406377,79.51471265562056,Moffitt Cancer Center,217,93,30,586,247,77
39023,39,Clark,Ohio,39.927551,-83.83172,136001,45733,13,8,0,26.932682309569056,53.70007953975162,51.86138025018619,OSU Comprehensive Cancer Center – James,424,231,34,559,290,53
06017,06,El Dorado,California,38.741021,-120.761446,191185,74722,13,5,2,29.398796648528155,42.60809337130236,47.72863914996402,UC Davis Comprehensive Cancer Center,163,87,18,225,117,23
38093,38,Stutsman,North Dakota,46.917429,-98.73948,21593,7322,13,7,1,106.29174876171592,302.1580614480704,355.7244655598343,Masonic Cancer Center (Minnesota),13,7,1,78,34,8
21125,21,Laurel,Kentucky,37.091997,-84.087505,62613,18829,13,7,1,81.48203523904168,81.48203523904168,82.6930427032698,Markey Cancer Center (Kentucky),18,8,1,198,75,25
45087,45,Union,South Carolina,34.733128,-81.627678,27244,9727,13,6,1,32.16986513919901,68.38951954940279,146.38179451793113,Wake Forest Baptist Comprehensive Cancer Center,93,48,7,268,140,27
42051,42,Fayette,Pennsylvania,39.949204,-79.71596,128804,47237,13,6,0,30.126190711121183,44.398723292539465,43.91521247127056,UPMC Hillman Cancer Center,357,161,48,371,166,51
51775,51,Salem,Virginia,37.286907,-80.056262,25346,8340,13,7,1,6.372552034015244,98.94495902786839,99.10668575444947,Wake Forest Baptist Comprehensive Cancer Center,69,38,7,291,155,31
51177,51,Spotsylvania,Virginia,38.238583,-77.569152,140032,40264,13,6,1,46.79219421465728,54.129778578359925,58.49869823496084,VCU Massey Comprehensive Cancer Center,523,249,71,1008,460,120
35049,35,Santa Fe,New Mexico,35.632632,-106.004765,154823,65600,13,6,1,59.994001086105484,346.2776574914173,62.97687056769477,UNM Comprehensive Cancer Center,111,61,8,111,61,8
33011,33,Hillsborough,New Hampshire,42.879412,-71.531546,422937,134475,13,7,0,39.05384483312583,52.89767419600786,51.261463341533165,Dana-Farber/Harvard Cancer Center,668,354,76,798,407,93
35043,35,Sandoval,New Mexico,35.319674,-106.649224,148834,49720,13,7,2,17.558967344440145,381.9335867903813,19.67376405842861,UNM Comprehensive Cancer Center,111,61,8,111,61,8
21179,21,Nelson,Kentucky,37.820783,-85.4595,46738,14497,13,7,1,34.8647252143194,34.8647252143194,64.64668992616708,Markey Cancer Center (Kentucky),157,65,20,279,108,37
08067,08,La Plata,Colorado,37.266021,-107.803947,55638,19345,13,7,1,159.02052934878267,275.3958149210227,196.91457877856536,UNM Comprehensive Cancer Center,20,13,1,20,13,1
48181,48,Grayson,Texas,33.644861,-96.626605,135543,43773,12,6,1,70.13090665977649,70.13090665977649,70.50196836601809,Harold C. Simmons Comprehensive Cancer Center (UTSW),30,16,5,492,232,60
51197,51,Wythe,Virginia,36.919638,-81.06853,28290,10485,12,6,1,79.10177646260824,86.48718798973279,86.504297820015,Wake Forest Baptist Comprehensive Cancer Center,34,17,5,181,105,18
46035,46,Davison,South Dakota,43.706382,-98.040431,19956,6563,12,6,1,79.50307359461573,79.50307359461573,240.6163857607323,Fred & Pamela Buffett Cancer Center (UNMC),12,6,1,119,53,15
51153,51,Prince William,Virginia,38.691881,-77.411563,482204,109139,12,6,1,16.053985144406646,16.053985144406646,27.939911147314156,Georgetown Lombardi Comprehensive Cancer Center,704,327,86,1008,459,120
51840,51,Winchester,Virginia,39.174971,-78.170677,28120,8133,12,4,3,64.79809904514778,64.79809904514778,72.74672332521271,Georgetown Lombardi Comprehensive Cancer Center,49,16,8,962,436,117
42019,42,Butler,Pennsylvania,40.821598,-79.966512,193763,69236,12,6,1,30.99344539412004,30.99344539412004,30.6799305502693,UPMC Hillman Cancer Center,330,149,47,623,283,75
26047,26,Emmet,Michigan,45.432042,-84.910442,34112,13589,12,4,3,72.40342508384923,209.18021754851898,270.9964779967041,University of Michigan Rogel Cancer Center,12,4,3,55,21,4
37097,37,Iredell,North Carolina,35.694772,-80.866837,186693,58559,12,4,3,29.8310284817367,39.050903463080644,52.93259989183445,Wake Forest Baptist Comprehensive Cancer Center,214,110,26,288,148,31
39173,39,Wood,Ohio,41.453257,-83.602769,132248,37059,12,6,0,16.510358464082206,67.12997281537426,68.68149855462362,University of Michigan Rogel Cancer Center,72,36,6,686,321,87
41027,41,Hood River,Oregon,45.658959,-121.565661,23977,7451,12,5,2,57.77980678121443,60.64039667008185,66.77017866519658,Knight Cancer Institute (OHSU),49,23,7,309,152,34
39141,39,Ross,Ohio,39.341679,-83.023023,77093,24192,12,7,0,54.720231559864615,54.720231559864615,55.11398612611413,OSU Comprehensive Cancer Center – James,395,213,33,559,289,53
33013,33,Merrimack,New Hampshire,43.244048,-71.586768,153808,53420,12,6,0,54.0020571766229,81.4160327038896,51.628053188451894,Dartmouth Cancer Center,100,48,8,780,400,91
48085,48,Collin,Texas,33.112899,-96.690642,1064465,253065,12,5,1,26.019625088792196,26.019625088792196,26.94841087812426,Harold C. Simmons Comprehensive Cancer Center (UTSW),492,232,60,523,244,65
27059,27,Isanti,Minnesota,45.542718,-93.259775,41135,13231,12,9,0,28.83293175268213,46.46487985024446,47.0513837516012,Masonic Cancer Center (Minnesota),243,123,19,259,132,23
37021,37,Buncombe,North Carolina,35.585308,-82.551811,269452,92611,12,6,2,63.200566699271015,120.78809137842389,159.8433935066586,Wake Forest Baptist Comprehensive Cancer Center,31,15,3,161,77,14
36085,36,Richmond,New York,40.589259,-74.136701,495747,151851,12,3,2,11.462010108682804,18.09666285939045,16.329771897162914,Perlmutter Cancer Center (NYU Langone),1226,514,171,1503,622,201
27017,27,Carlton,Minnesota,46.644206,-92.532283,36207,11848,12,6,1,29.48709289934242,140.86438974588341,144.19790207100357,Masonic Cancer Center (Minnesota),62,34,2,80,44,6
39167,39,Washington,Ohio,39.409803,-81.517688,59771,21793,12,7,0,87.24016152280609,106.0677356355742,107.95684920829821,OSU Comprehensive Cancer Center – James,31,15,3,482,250,45
23011,23,Kennebec,Maine,44.395615,-69.748924,123642,45462,12,6,1,63.20816161578634,188.58967503993256,162.10455934864262,Dartmouth Cancer Center,20,9,3,70,31,5
21173,21,Montgomery,Kentucky,38.037988,-83.918227,28114,8402,12,6,1,37.659211825086615,37.659211825086615,38.51830704669302,Markey Cancer Center (Kentucky),148,56,18,405,178,49
42013,42,Blair,Pennsylvania,40.487156,-78.376585,122822,43149,12,5,1,77.85207208087822,100.66409915042162,98.1498749730347,UPMC Hillman Cancer Center,30,11,3,405,180,58
37159,37,Rowan,North Carolina,35.620923,-80.522841,146875,46777,11,3,4,19.82020652489252,38.451615504684675,43.669258547252404,Wake Forest Baptist Comprehensive Cancer Center,218,113,26,558,272,59
23023,23,Sagadahoc,Maine,43.956844,-69.871506,36699,14852,11,4,3,31.24861933857666,152.89241237449582,145.0376078207946,Dartmouth Cancer Center,58,26,4,74,32,5
26017,26,Bay,Michigan,43.629992,-83.929196,103856,37452,11,4,3,19.567294115864964,94.16338312347153,112.89817172343878,University of Michigan Rogel Cancer Center,68,37,4,597,276,90
26057,26,Gratiot,Michigan,43.34413,-84.631259,41761,12633,11,6,1,38.530882659665444,67.99008938427323,104.11812824388895,University of Michigan Rogel Cancer Center,74,38,5,599,278,90
51680,51,Lynchburg,Virginia,37.39283,-79.190579,79009,19040,11,4,2,51.61621562881755,70.20274226311783,69.7975329805847,University of Virginia Cancer Center,58,30,6,598,292,62
41047,41,Marion,Oregon,44.960149,-122.955907,345920,97222,11,8,0,25.47302622542038,43.88693447099149,46.57749582116761,Knight Cancer Institute (OHSU),305,149,33,351,176,37
30049,30,Lewis and Clark,Montana,46.646621,-112.019644,70973,24706,11,5,1,68.25012585337193,211.53287829926248,487.75408977173305,Huntsman Cancer Institute (Utah),11,5,1,76,39,4
06047,06,Merced,California,37.274812,-120.628944,281202,61811,11,6,1,35.70622728351798,84.63607377118258,102.73645749808544,Stanford Cancer Institute,47,22,4,347,157,41
49011,49,Davis,Utah,41.019939,-111.960883,362679,73220,11,3,1,31.693560841660126,31.693560841660126,22.40168027895236,Huntsman Cancer Institute (Utah),329,171,37,330,172,37
42081,42,Lycoming,Pennsylvania,41.24927,-76.981292,114188,38958,11,6,1,23.176011016448943,155.24104476429264,154.95452092308486,Fox Chase Cancer Center,60,29,6,194,93,25
39145,39,Scioto,Ohio,38.780894,-82.944686,74008,23333,11,7,0,90.29192585435115,101.22685073457025,101.73126173210215,OSU Comprehensive Cancer Center – James,28,15,3,605,302,61
27105,27,Nobles,Minnesota,43.635008,-95.663888,22290,6295,11,4,1,64.42138613597122,64.42138613597122,181.96875609666938,Masonic Cancer Center (Minnesota),11,4,1,132,61,16
27001,27,Aitkin,Minnesota,46.570797,-93.52998,15697,8368,11,5,1,37.90844125319394,132.53115955512752,133.36375542634826,Masonic Cancer Center (Minnesota),53,29,2,103,53,6
45091,45,York,South Carolina,34.998556,-81.051363,282090,79673,11,4,2,24.496616808748787,24.496616808748787,105.96163227966356,Wake Forest Baptist Comprehensive Cancer Center,172,90,19,302,155,32
27071,27,Koochiching,Minnesota,48.510977,-93.489801,12062,5302,11,5,1,99.17647667510916,292.5072653739533,293.4926373349929,Masonic Cancer Center (Minnesota),11,5,1,66,32,5
49057,49,Weber,Utah,41.227609,-111.992699,262223,60011,10,7,1,49.01304876885017,49.01304876885017,39.483387551100094,Huntsman Cancer Institute (Utah),329,171,37,330,172,37
01089,01,Madison,Alabama,34.742996,-86.61533,388153,116895,10,7,1,100.40307145716267,102.52259335708546,103.09164776282704,O'Neal Comprehensive Cancer Center (UAB),11,7,1,661,311,93
21093,21,Hardin,Kentucky,37.743564,-85.915853,110702,30821,10,2,1,40.8236977014128,40.8236977014128,95.17684070003669,Markey Cancer Center (Kentucky),158,65,20,266,103,34
39099,39,Mahoning,Ohio,41.048246,-80.697024,228614,82806,10,7,0,46.723820420266065,67.48682900577612,68.11631424302033,Case Comprehensive Cancer Center,117,50,17,601,273,74
47187,47,Williamson,Tennessee,35.912269,-86.846241,247726,68976,10,3,1,19.897077975433945,19.897077975433945,19.43103850483337,Vanderbilt-Ingram Cancer Center,544,261,83,549,263,84
13135,13,Gwinnett,Georgia,33.954137,-84.053177,957062,220426,10,4,2,19.075308958558345,19.075308958558345,22.92662697583704,Winship Cancer Institute (Emory),415,190,44,458,216,46
19155,19,Pottawattamie,Iowa,41.278446,-95.79385,93667,30068,10,4,0,17.248756951171615,17.248756951171615,11.111082781680329,Fred & Pamela Buffett Cancer Center (UNMC),210,93,35,245,105,36
48183,48,Gregg,Texas,32.49989,-94.790846,124239,34501,10,4,0,38.50355801097222,141.73806549883446,145.5840091045377,Harold C. Simmons Comprehensive Cancer Center (UTSW),77,30,10,111,42,14
32510,32,Carson City,Nevada,39.166096,-119.75408,58639,20462,10,4,1,30.648983957560347,116.14566053529882,121.21111519106614,UC Davis Comprehensive Cancer Center,63,28,6,200,103,21
51810,51,Virginia Beach,Virginia,36.821388,-76.100566,459470,127695,10,3,2,12.29779319765131,107.92022269749275,106.17504245777052,VCU Massey Comprehensive Cancer Center,86,38,13,249,111,32
18177,18,Wayne,Indiana,39.843304,-84.948672,66553,21879,10,7,1,31.381500283848972,61.68959686757238,77.40408101047973,IU Simon Comprehensive Cancer Center,105,53,5,399,199,43
54069,54,Ohio,West Virginia,40.078539,-80.672291,42425,15193,10,6,1,35.041827738856746,53.87538996533322,56.16919725340286,UPMC Hillman Cancer Center,357,162,48,422,194,56
06115,06,Yuba,California,39.131905,-121.510607,81575,19995,10,5,2,31.49378078784796,47.46790916408431,48.32185903884914,UC Davis Comprehensive Cancer Center,164,88,18,249,128,29
27153,27,Todd,Minnesota,46.065805,-94.889142,25262,9553,10,4,1,51.50551092636099,126.6152575800964,131.9147843872636,Masonic Cancer Center (Minnesota),48,23,3,89,48,3
27113,27,Pennington,Minnesota,48.102851,-96.147968,13992,4614,10,3,1,83.37662384488598,303.99592808671713,307.89136128308047,Masonic Cancer Center (Minnesota),27,14,2,83,37,9
26087,26,Lapeer,Michigan,43.058194,-83.249396,88619,32038,10,4,2,27.329664943329714,39.27673381499733,60.085736998402645,Karmanos Cancer Institute (Wayne State),132,64,11,483,232,68
39083,39,Knox,Ohio,40.400283,-82.454323,62721,20430,10,6,0,30.440146571716006,47.485534975780595,48.572275015935034,OSU Comprehensive Cancer Center – James,401,216,34,660,331,65
06057,06,Nevada,California,39.220021,-120.915206,102241,45555,10,4,3,36.42755040527832,61.83817849504726,65.59968489458169,UC Davis Comprehensive Cancer Center,61,32,5,211,109,22
55017,55,Chippewa,Wisconsin,44.984928,-91.328087,66297,22535,10,7,1,17.777895148267817,104.23563160002348,105.38242819463302,Mayo Clinic Cancer Center – Rochester,60,31,5,497,235,52
55105,55,Rock,Wisconsin,42.65481,-89.037935,163687,51714,10,6,1,28.761358376422,41.10529798205995,42.3714793906127,UW Carbone Cancer Center,203,113,16,730,346,89
51013,51,Arlington,Virginia,38.874744,-77.099874,238643,50972,10,3,3,6.272349103940971,6.272349103940971,3.6115352967110685,Georgetown Lombardi Comprehensive Cancer Center,882,409,106,1026,468,123
39025,39,Clermont,Ohio,39.104936,-84.213831,208601,67227,10,3,0,20.008428738505145,20.008428738505145,90.98109005060824,Markey Cancer Center (Kentucky),272,137,27,603,303,60
39055,39,Geauga,Ohio,41.487507,-81.223418,95397,35362,10,3,0,17.433593598752573,28.394167223529976,23.767484225271925,Case Comprehensive Cancer Center,378,174,42,602,272,74
39009,39,Athens,Ohio,39.342729,-82.09958,62431,16173,10,5,2,78.90316839772964,78.90316839772964,80.5837449047046,OSU Comprehensive Cancer Center – James,32,15,3,405,217,34
26007,26,Alpena,Michigan,45.050588,-83.502895,28907,11830,10,5,1,127.0764847265313,204.58672663987602,225.7279953190218,Karmanos Cancer Institute (Wayne State),10,5,1,22,11,3
26051,26,Gladwin,Michigan,43.968003,-84.439806,25386,11324,10,5,1,54.14535561595038,109.78266271560231,146.69254053155765,University of Michigan Rogel Cancer Center,60,28,4,279,130,37
12111,12,St. Lucie,Florida,27.333592,-80.357144,329226,133504,10,3,1,61.51061070977481,99.81214737729233,128.70939396669522,Sylvester Comprehensive Cancer Center (Miami),14,5,1,263,134,20
24013,24,Carroll,Maryland,39.526206,-76.993056,172891,56997,10,2,1,27.08446453106414,29.75290968472798,30.52169974412192,UM Greenebaum Comprehensive Cancer Center,893,410,108,950,431,115
27021,27,Cass,Minnesota,46.817725,-94.417932,30066,13477,10,4,1,35.2237101975285,164.36854923244246,167.29027296594276,Masonic Cancer Center (Minnesota),38,19,2,78,40,6
39043,39,Erie,Ohio,41.40534,-82.62729,75622,28555,9,3,3,32.17901318548326,59.15732364727494,64.03937320746232,Case Comprehensive Cancer Center,320,147,34,882,432,99
39063,39,Hancock,Ohio,41.038819,-83.642078,74920,23610,9,6,1,50.85455435037422,95.28357198936837,94.09684237175392,OSU Comprehensive Cancer Center – James,79,41,7,741,369,85
39057,39,Greene,Ohio,39.725798,-83.997172,167966,53048,9,6,1,13.426336006535255,55.80393247983978,66.27059577528428,OSU Comprehensive Cancer Center – James,253,128,23,556,289,52
06111,06,Ventura,California,34.242809,-119.025486,843843,252868,9,4,0,55.41419499879577,55.41419499879577,42.39613267347716,Jonsson Comprehensive Cancer Center (UCLA),936,423,104,1076,488,128
51510,51,Alexandria,Virginia,38.819775,-77.091035,159467,37180,9,4,2,8.994935021359757,8.994935021359757,8.119295597306317,Georgetown Lombardi Comprehensive Cancer Center,886,410,106,1026,468,123
32023,32,Nye,Nevada,36.414296,-116.125667,51591,25242,9,3,1,68.84697031221313,241.77869254394827,225.6442548281839,City of Hope,9,3,1,87,46,6
33015,33,Rockingham,New Hampshire,42.937487,-71.105861,314176,114870,9,4,0,26.804147044762825,49.89332957966438,48.90953957560307,Dana-Farber/Harvard Cancer Center,653,345,78,777,399,91
48001,48,Anderson,Texas,31.775312,-95.683934,57922,15423,9,4,0,53.010414201864286,115.50345575657887,118.37767869044478,Harold C. Simmons Comprehensive Cancer Center (UTSW),77,30,10,480,232,57
13021,13,Bibb,Georgia,32.834626,-83.690072,157346,44819,9,5,1,85.3284194832766,88.14718116916168,90.94891654220145,Winship Cancer Institute (Emory),11,5,1,448,208,46
42107,42,Schuylkill,Pennsylvania,40.712667,-76.195872,143049,50779,9,3,2,34.15875551687408,88.9472284577562,88.76996164770371,Abramson Cancer Center (Penn),168,76,22,1014,420,129
17161,17,Rock Island,Illinois,41.489119,-90.502512,144672,47254,9,2,1,25.51863185305403,67.60975231534248,66.15515557896605,Holden Comprehensive Cancer Center (Iowa),62,34,4,238,120,31
55015,55,Calumet,Wisconsin,44.152617,-88.262936,52442,16535,9,4,0,15.331103566431583,94.73053509753194,113.40759574437044,UW Carbone Cancer Center,76,40,6,348,182,42
41029,41,Jackson,Oregon,42.347769,-122.858631,223259,80389,9,4,0,141.15309869180768,260.2064642201788,260.7164966119746,Knight Cancer Institute (OHSU),9,4,0,25,10,3
41003,41,Benton,Oregon,44.573123,-123.275062,95184,27094,9,4,0,45.19483156140913,79.31263436373946,83.37317751746947,Knight Cancer Institute (OHSU),119,63,11,350,176,37
39169,39,Wayne,Ohio,40.836466,-81.864476,116894,37025,9,3,3,29.827801891060147,52.064387494382984,57.764184397628235,Case Comprehensive Cancer Center,374,172,42,662,331,65
24015,24,Cecil,Maryland,39.614177,-75.936285,103725,33125,9,3,2,19.95045783480859,50.22569929348161,49.23682411353376,Sidney Kimmel Comprehensive Cancer Center (Johns Hopkins),421,204,41,1309,544,170
39159,39,Union,Ohio,40.241874,-83.334873,62784,16511,9,4,0,20.554430010272316,29.499515148906763,27.82788772035413,OSU Comprehensive Cancer Center – James,401,217,33,562,292,54
05051,05,Garland,Arkansas,34.505767,-93.080729,100180,38659,9,4,2,56.807205574654986,223.52005522531095,295.06477434261393,Harold C. Simmons Comprehensive Cancer Center (UTSW),96,37,11,103,42,11
48491,48,Williamson,Texas,30.560987,-97.716991,609017,148935,9,2,1,20.57646071964639,20.57646071964639,107.09443008872721,Mays Cancer Center (UT Health San Antonio),177,78,31,422,184,77
21145,21,McCracken,Kentucky,37.0493,-88.649871,67875,22708,9,6,1,62.29703301045622,147.62983777896096,144.0388499684311,Vanderbilt-Ingram Cancer Center,9,6,1,81,45,5
48309,48,McLennan,Texas,31.53998,-97.174773,260579,68778,9,3,1,48.13797307328342,101.65346705451736,108.17107205731347,Harold C. Simmons Comprehensive Cancer Center (UTSW),30,14,5,563,267,70
55107,55,Rusk,Wisconsin,45.44497,-91.130594,14188,5942,8,5,1,39.82915079996151,121.28371872538017,128.95203758497132,Masonic Cancer Center (Minnesota),67,34,6,104,51,7
39155,39,Trumbull,Ohio,41.240483,-80.759943,201977,73658,8,6,0,50.683115170158565,59.65703017272098,57.002292535964465,Case Comprehensive Cancer Center,381,175,42,602,273,74
54003,54,Berkeley,West Virginia,39.458843,-77.98117,122076,35638,8,4,1,63.05755100319686,63.05755100319686,72.7216090960446,Georgetown Lombardi Comprehensive Cancer Center,52,18,8,927,420,114
13095,13,Dougherty,Georgia,31.574147,-84.171202,85790,24587,8,6,1,154.6459290568927,183.8186564637498,184.41752768891845,Winship Cancer Institute (Emory),9,6,1,36,17,3
34005,34,Burlington,New Jersey,39.983738,-74.836627,461860,151738,8,4,1,15.670288239487338,19.307048018816516,16.727072936046937,Fox Chase Cancer Center,788,327,102,1417,590,192
48039,48,Brazoria,Texas,29.355331,-95.385044,372031,91382,8,2,0,27.10073134935809,38.381312506311424,29.066969448982828,Dan L Duncan Comprehensive Cancer Center (Baylor),1025,480,113,1040,488,114
06007,06,Butte,California,39.658926,-121.72651,211632,62581,8,4,2,75.91752029136116,93.11186408237218,93.5161066277828,UC Davis Comprehensive Cancer Center,11,6,2,172,92,19
19125,19,Marion,Iowa,41.357267,-93.041728,33414,10878,8,4,0,43.5456547707744,95.80260605917778,96.4110259463889,Holden Comprehensive Cancer Center (Iowa),109,56,12,216,111,28
18019,18,Clark,Indiana,38.373412,-85.732548,121093,36436,8,5,2,14.572986776742766,14.572986776742766,84.6577306577382,Markey Cancer Center (Kentucky),157,65,20,408,180,49
18039,18,Elkhart,Indiana,41.637245,-85.905688,207047,55293,8,4,2,42.33341325575778,111.15528878285205,105.7254073775068,University of Chicago Comprehensive Cancer Center,50,18,4,703,328,82
06053,06,Monterey,California,36.614681,-121.646692,439035,111128,8,2,2,60.69086161775693,60.69086161775693,76.33154116290706,Stanford Cancer Institute,21,9,3,421,191,40
49053,49,Washington,Utah,37.13018,-113.524041,180279,61898,8,5,2,135.90234320661796,308.5771330766449,305.2299808182854,Mayo Clinic Cancer Center – Phoenix,9,6,2,9,6,2
51057,51,Essex,Virginia,37.908781,-76.901329,10599,4245,8,4,0,38.52811970240657,48.28833223281272,46.10948867195408,VCU Massey Comprehensive Cancer Center,187,86,20,1023,464,125
48245,48,Jefferson,Texas,30.01146,-94.067627,256526,69679,8,2,1,83.87618258536911,98.92500768773995,99.2306173466607,Dan L Duncan Comprehensive Cancer Center (Baylor),8,2,1,1037,487,113
38035,38,Grand Forks,North Dakota,47.904107,-97.114067,73170,17429,8,4,1,88.2350200414039,323.78697003824624,328.6647283715053,Masonic Cancer Center (Minnesota),27,14,2,82,37,8
37171,37,Surry,North Carolina,36.431129,-80.657197,71359,25148,8,2,3,37.98915061091727,37.98915061091727,37.984542776544174,Wake Forest Baptist Comprehensive Cancer Center,122,69,12,399,198,41
45063,45,Lexington,South Carolina,33.962205,-81.218934,293991,90055,8,4,0,72.55284247797758,108.21384084287538,131.37890241681296,Hollings Cancer Center (MUSC),11,6,0,246,130,25
27013,27,Blue Earth,Minnesota,44.133623,-93.994417,69112,17295,8,2,1,57.422942893978494,79.28191497006024,82.96858629882794,Masonic Cancer Center (Minnesota),39,22,2,473,226,49
37129,37,New Hanover,North Carolina,34.210212,-77.878389,225702,73314,8,4,1,54.163883083187564,162.78867034648957,161.45321678889638,UNC Lineberger Comprehensive Cancer Center,30,15,1,112,57,12
36027,36,Dutchess,New York,41.678068,-73.84154,295911,100639,8,2,2,40.50910802842142,53.069225537666036,64.64851865950789,Yale Cancer Center,293,111,34,1348,564,181
37001,37,Alamance,North Carolina,36.071544,-79.413154,171415,52377,8,2,1,23.4432539917421,23.4432539917421,27.923183031293295,UNC Lineberger Comprehensive Cancer Center,462,226,48,597,294,60
12081,12,Manatee,Florida,27.478313,-82.520478,399710,179393,8,0,2,24.234584396993316,41.51597737773425,47.75055553305057,Moffitt Cancer Center,434,187,56,481,208,63
48135,48,Ector,Texas,31.866684,-102.389586,165171,31563,7,1,2,143.98630041643224,338.54384237352645,334.9632258024689,Mays Cancer Center (UT Health San Antonio),8,2,2,8,2,2
15007,15,Kauai,Hawaii,22.019834,-159.438951,73298,26009,7,2,3,128.968080887626,2936.9951156694583,136.21232247702082,University of Hawai'i Cancer Center,7,2,3,7,2,3
51005,51,Alleghany,Virginia,37.802458,-79.929858,15223,6226,7,3,0,43.48629312314734,96.08013457914959,95.64474250283479,University of Virginia Cancer Center,68,37,7,216,109,24
21059,21,Daviess,Kentucky,37.747426,-87.095079,103312,31456,7,4,0,99.47749664433245,99.47749664433245,134.34592455472483,Vanderbilt-Ingram Cancer Center,9,5,0,171,73,20
51107,51,Loudoun,Virginia,39.034341,-77.51754,420959,91699,7,1,1,22.911355896293312,22.911355896293312,29.169222794981643,Georgetown Lombardi Comprehensive Cancer Center,716,330,92,990,448,122
37157,37,Rockingham,North Carolina,36.40032,-79.773426,91096,33297,7,1,1,40.65855299826002,40.65855299826002,40.86619324810803,Wake Forest Baptist Comprehensive Cancer Center,261,127,27,530,263,51
24041,24,Talbot,Maryland,38.7685,-76.098027,37526,16797,7,1,2,41.186258708597855,56.3042375105397,54.158798830173126,Sidney Kimmel Comprehensive Cancer Center (Johns Hopkins),351,161,38,1124,488,140
48061,48,Cameron,Texas,26.047418,-97.561196,421017,100955,7,2,0,293.7710173706329,293.7710173706329,296.2398281120007,Mays Cancer Center (UT Health San Antonio),17,9,3,17,9,3
47149,47,Rutherford,Tennessee,35.888267,-86.450266,341486,76270,7,2,0,28.601171777168258,28.601171777168258,31.76770023513886,Vanderbilt-Ingram Cancer Center,544,261,83,555,265,84
51700,51,Newport News,Virginia,37.090511,-76.496261,186247,47030,7,3,1,22.428280189223912,73.85184020035099,72.01652441709571,VCU Massey Comprehensive Cancer Center,85,37,13,255,114,32
30093,30,Silver Bow,Montana,45.98746,-112.525517,35133,11729,7,3,1,27.63183433271435,230.22145434175124,434.93799667484427,Huntsman Cancer Institute (Utah),52,27,1,72,38,3
35045,35,San Juan,New Mexico,36.723982,-108.220154,121661,35302,7,6,0,171.74019633345787,327.47923694464134,172.30421745527224,UNM Comprehensive Cancer Center,20,13,1,20,13,1
37045,37,Cleveland,North Carolina,35.291366,-81.515786,99519,32818,7,2,2,43.013801740205395,47.43236525914522,108.01861421967999,Wake Forest Baptist Comprehensive Cancer Center,186,100,20,283,148,31
12073,12,Leon,Florida,30.466102,-84.269682,292198,73011,7,3,0,150.25368227281206,189.99462981216297,154.24662798834063,University of Florida Health Cancer Institute,11,5,0,26,13,1
37057,37,Davidson,North Carolina,35.857903,-80.200515,168930,56683,7,1,3,20.8227216456611,20.8227216456611,20.71219849286131,Wake Forest Baptist Comprehensive Cancer Center,130,72,12,586,290,60
45043,45,Georgetown,South Carolina,33.457552,-79.250947,63404,29487,7,2,1,34.403096215868004,72.74905085075497,73.83984447083837,Hollings Cancer Center (MUSC),57,27,9,176,84,19
37161,37,Rutherford,North Carolina,35.350767,-81.897864,64444,23914,7,3,2,32.93055454039696,73.69369713994723,126.60994396680651,Wake Forest Baptist Comprehensive Cancer Center,108,55,8,240,124,25
37193,37,Wilkes,North Carolina,36.191877,-81.133714,65969,24596,7,3,3,59.04029745905899,59.04029745905899,58.9072294155829,Wake Forest Baptist Comprehensive Cancer Center,110,65,11,303,162,33
35013,35,Doña Ana,New Mexico,32.24837,-106.728836,219561,61138,6,5,1,46.27023747437164,296.6086387677525,235.04583526560998,UNM Comprehensive Cancer Center,29,18,3,29,18,3
13139,13,Hall,Georgia,34.26936,-83.847644,203136,59037,6,4,0,41.51955632458113,48.30664239145779,51.246808144217766,Winship Cancer Institute (Emory),415,190,44,494,231,47
47189,47,Wilson,Tennessee,36.200347,-86.409498,147737,44490,6,3,0,23.031828391081387,23.031828391081387,26.748695709754326,Vanderbilt-Ingram Cancer Center,544,261,83,546,262,83
18063,18,Hendricks,Indiana,39.773147,-86.41108,174788,48272,6,1,1,17.559139796619522,17.559139796619522,15.92288429488545,IU Simon Comprehensive Cancer Center,173,84,18,241,121,21
18081,18,Johnson,Indiana,39.555913,-86.115187,161765,45210,6,3,1,19.364091524602053,19.364091524602053,19.150123374651645,IU Simon Comprehensive Cancer Center,173,84,18,455,215,50
47003,47,Bedford,Tennessee,35.512233,-86.465018,50237,13864,6,2,0,55.16915464165038,55.16915464165038,57.09677347387689,Vanderbilt-Ingram Cancer Center,544,261,83,555,265,84
27083,27,Lyon,Minnesota,44.428528,-95.796682,25269,7546,6,4,0,75.67272865638934,91.18976656679867,157.60576682077905,Masonic Cancer Center (Minnesota),6,4,0,135,63,16
23013,23,Knox,Maine,44.132937,-69.161632,40607,17424,6,2,1,70.64740383126122,188.62529090870476,188.83568758025575,Dana-Farber/Harvard Cancer Center,21,10,3,70,31,5
37151,37,Randolph,North Carolina,35.766153,-79.829145,144171,46813,6,1,1,40.22965390097191,40.22965390097191,40.24069034678444,Wake Forest Baptist Comprehensive Cancer Center,296,143,28,561,274,58
25023,25,Plymouth,Massachusetts,42.023677,-70.855576,530819,182270,6,4,0,23.228544653951253,29.263529103372967,30.86371090123169,Dana-Farber/Harvard Cancer Center,718,372,86,774,399,89
39003,39,Allen,Ohio,40.757218,-84.123687,102206,32455,6,4,0,59.84930484120175,95.05940737328902,93.35792662799318,OSU Comprehensive Cancer Center – James,25,15,4,502,268,43
22055,22,Lafayette,Louisiana,30.198103,-92.042199,241753,65198,6,2,1,70.84169600626977,244.97195010021332,244.7721926478989,Dan L Duncan Comprehensive Cancer Center (Baylor),9,3,2,80,42,8
39103,39,Medina,Ohio,41.14417,-81.837739,182470,62077,6,2,2,26.635789021833652,27.129497893229875,33.25401210990206,Case Comprehensive Cancer Center,374,172,42,685,344,68
55135,55,Waupaca,Wisconsin,44.432697,-88.937028,51812,19394,6,2,1,33.3718115581096,115.81874548008469,116.20667984577379,UW Carbone Cancer Center,91,47,8,220,119,20
55115,55,Shawano,Wisconsin,44.786908,-88.681002,40881,15569,6,3,1,32.69533022901131,148.15998553100718,148.6497344189546,UW Carbone Cancer Center,91,47,8,99,50,9
36091,36,Saratoga,New York,43.007918,-73.784353,235509,81385,5,1,0,27.19043768666062,143.258202836665,105.97071721414297,Dartmouth Cancer Center,51,26,4,92,43,6
48479,48,Webb,Texas,27.522979,-99.475549,267114,50830,5,3,0,176.5542521635246,176.5542521635246,176.9304902570615,Mays Cancer Center (UT Health San Antonio),5,3,0,5,3,0
34031,34,Passaic,New Jersey,40.923998,-74.189868,524118,147080,5,1,1,8.356434359426256,8.356434359426256,17.016073805618824,Herbert Irving Comprehensive Cancer Center (Columbia),1238,518,170,1505,623,201
17001,17,Adams,Illinois,39.943853,-91.327397,65737,22217,5,2,1,40.67381689074002,123.39874144288247,128.78220560225716,Siteman Cancer Center (WashU),55,31,5,146,73,15
51015,51,Augusta,Virginia,38.127146,-79.03105,77487,28882,5,1,1,36.138048893031765,36.138048893031765,35.780560499831815,University of Virginia Cancer Center,160,77,17,335,164,38
27047,27,Freeborn,Minnesota,43.662772,-93.361666,30895,11560,5,2,1,60.85253616173547,60.85253616173547,60.31989757742277,Mayo Clinic Cancer Center – Rochester,8,2,1,479,228,49
55019,55,Clark,Wisconsin,44.78814,-90.550998,34659,10629,5,3,1,43.18283771048388,130.42932033694225,130.9730643532943,Mayo Clinic Cancer Center – Rochester,82,41,6,101,53,7
45047,45,Greenwood,South Carolina,34.205171,-82.147907,69351,22178,5,2,0,54.480973886835365,123.87969705835953,153.48197156028436,Winship Cancer Institute (Emory),81,42,5,163,82,15
36069,36,Ontario,New York,42.902312,-77.266946,112458,41221,5,2,1,30.237306624387998,30.237306624387998,28.384522441088038,Wilmot Cancer Institute (Rochester),120,63,15,289,135,33
55047,55,Green Lake,Wisconsin,43.845067,-89.014675,19018,7505,5,2,1,35.37320160126841,67.78723038479485,68.40530196895598,UW Carbone Cancer Center,56,28,5,349,183,42
48485,48,Wichita,Texas,33.920901,-98.552501,129350,35017,5,1,0,59.745355961694614,131.76354196585962,147.36152438681768,Stephenson Cancer Center (Oklahoma),28,10,1,28,10,1
55039,55,Fond du Lac,Wisconsin,43.765547,-88.487004,104154,35239,5,3,1,28.04131262605591,68.66420845224718,80.52814996699688,UW Carbone Cancer Center,83,40,7,349,183,42
20151,20,Pratt,Kansas,37.6448,-98.730599,9157,3063,5,1,0,91.03160419600395,193.52444903445206,197.5747714532199,Stephenson Cancer Center (Oklahoma),5,1,0,66,35,9
54055,54,Mercer,West Virginia,37.352588,-81.138228,59664,21054,5,1,1,77.91995132799083,118.84319817154528,118.89317990668738,Wake Forest Baptist Comprehensive Cancer Center,28,15,3,188,108,17
37109,37,Lincoln,North Carolina,35.485544,-81.162521,86810,30916,5,2,1,31.659375620939212,31.659375620939212,79.35709345878477,Wake Forest Baptist Comprehensive Cancer Center,177,91,20,311,157,33
49021,49,Iron,Utah,37.708874,-113.076161,57289,13612,5,3,1,189.31858695394735,253.8674272495748,265.52477586036684,Huntsman Cancer Institute (Utah),9,6,2,9,6,2
51003,51,Albemarle,Virginia,38.052435,-78.519241,112395,36890,5,3,1,2.47042816870662,2.47042816870662,2.3117851250439463,University of Virginia Cancer Center,161,78,17,633,301,87
51650,51,Hampton,Virginia,37.043069,-76.367924,137148,40533,5,1,1,14.099040666511566,83.17193430206413,81.31650483963242,VCU Massey Comprehensive Cancer Center,85,37,13,249,111,32
18043,18,Floyd,Indiana,38.32223,-85.857888,80484,24824,5,1,1,15.0058390968596,15.0058390968596,91.2136459949906,Markey Cancer Center (Kentucky),158,65,20,406,179,49
51550,51,Chesapeake,Virginia,36.755679,-76.282736,249422,67609,5,2,0,11.74422595942652,101.48896829922026,99.95305297519782,VCU Massey Comprehensive Cancer Center,86,38,13,250,112,32
10001,10,Kent,Delaware,39.127081,-75.55913,181851,56918,5,2,1,41.2808465713978,69.77175600756883,67.63702453494368,Sidney Kimmel Comprehensive Cancer Center (Johns Hopkins),107,51,11,1134,492,142
08117,08,Summit,Colorado,39.572383,-106.055673,31055,8832,5,3,2,60.39336643009577,71.70748152160989,79.10663351075767,University of Colorado Cancer Center,16,6,5,441,214,69
48091,48,Comal,Texas,29.764473,-98.22166,161501,57406,5,3,0,32.27246137362756,32.27246137362756,33.41920762200032,Mays Cancer Center (UT Health San Antonio),398,171,74,418,181,76
22073,22,Ouachita,Louisiana,32.516411,-92.131922,160368,43901,5,1,0,116.6618467199137,266.2887465160387,328.887022153511,Dan L Duncan Comprehensive Cancer Center (Baylor),5,1,0,41,15,4
28047,28,Harrison,Mississippi,30.434161,-89.063779,208621,61132,5,4,1,64.33533483887713,300.70047402706945,300.51940526606694,O'Neal Comprehensive Cancer Center (UAB),5,4,1,162,75,20
42039,42,Crawford,Pennsylvania,41.666386,-80.098406,83938,30585,5,0,2,33.38347780302376,99.6203201144734,94.40558346357557,Case Comprehensive Cancer Center,46,18,5,599,272,73
31001,31,Adams,Nebraska,40.585501,-98.41518,31205,9916,4,1,1,27.531159077220284,157.26338200200905,162.8490718562924,Fred & Pamela Buffett Cancer Center (UNMC),34,17,4,65,28,5
13215,13,Muscogee,Georgia,32.495642,-84.928926,206922,52752,4,2,1,74.41233887163322,116.84945745838829,115.56731225011976,Winship Cancer Institute (Emory),4,2,1,417,195,41
15009,15,Maui,Hawaii,20.862853,-156.491993,164754,56201,4,1,1,118.02577948655268,2809.766335258905,111.13606427362689,University of Hawai'i Cancer Center,4,1,1,43,18,4
19015,19,Boone,Iowa,42.026222,-93.892211,26715,9130,4,3,0,17.69316239580833,146.72207567398254,144.0077031328358,Fred & Pamela Buffett Cancer Center (UNMC),114,59,12,116,59,12
20133,20,Neosho,Kansas,37.623786,-95.396134,15904,5295,4,1,0,87.0868710655981,116.01884009000041,129.26718219360413,University of Kansas Cancer Center,20,12,1,168,88,15
20035,20,Cowley,Kansas,37.17461,-96.99836,34549,10840,4,1,0,47.716325131452045,140.97203824813488,144.89915695181645,Stephenson Cancer Center (Oklahoma),34,16,8,55,24,9
45007,45,Anderson,South Carolina,34.564685,-82.61662,203718,65633,4,3,0,20.563238777780256,128.99181126281772,133.45689268527107,Winship Cancer Institute (Emory),85,45,6,164,82,16
51683,51,Manassas,Virginia,38.75274,-77.475101,42772,9474,4,2,0,15.904889407587527,15.904889407587527,28.350466472165582,Georgetown Lombardi Comprehensive Cancer Center,707,328,88,1008,459,120
48171,48,Gillespie,Texas,30.273641,-98.908076,26725,12320,4,2,0,70.75573059628807,70.75573059628807,67.99007136490755,Mays Cancer Center (UT Health San Antonio),4,2,0,418,181,76
20057,20,Ford,Kansas,37.753005,-99.995523,34287,7597,4,1,0,103.13498306041592,247.77158452731334,251.31455917291896,Stephenson Cancer Center (Oklahoma),20,12,1,41,23,1
13185,13,Lowndes,Georgia,30.860299,-83.281437,118251,27414,4,2,1,117.84406518815602,127.3805913450608,121.39646620317735,University of Florida Health Cancer Institute,7,3,1,97,38,9
20079,20,Harvey,Kansas,38.046143,-97.385867,34024,11297,4,1,0,30.456930038494455,186.5110340191728,198.49058440069936,University of Kansas Cancer Center,34,16,8,68,36,10
45041,45,Florence,South Carolina,34.106046,-79.764677,137059,41687,4,1,1,62.97275981306479,107.17127597897787,110.24201800526473,Hollings Cancer Center (MUSC),4,1,1,324,161,33
39133,39,Portage,Ohio,41.18075,-81.276935,161791,51355,4,2,1,29.303116082969982,33.38585013378557,33.795958279333355,Case Comprehensive Cancer Center,378,174,42,604,273,74
18109,18,Morgan,Indiana,39.512934,-86.399124,71780,23758,4,1,2,28.374449563912457,28.374449563912457,27.1187957061782,IU Simon Comprehensive Cancer Center,173,84,18,328,153,35
04021,04,Pinal,Arizona,33.069323,-111.602135,425264,148058,4,0,1,46.42807203203868,46.42807203203868,55.99411175737424,Mayo Clinic Cancer Center – Phoenix,371,169,57,434,205,63
13275,13,Thomas,Georgia,30.86927,-83.947978,45798,14706,4,2,0,149.6514907800415,172.7375555843632,153.55709974942883,University of Florida Health Cancer Institute,14,6,1,25,13,1
34001,34,Atlantic,New Jersey,39.428157,-74.584723,274534,94385,4,2,1,43.838583950017274,59.393556661947684,56.79867099378451,Sidney Kimmel Cancer Center (Jefferson),444,186,55,1294,553,170
34019,34,Hunterdon,New Jersey,40.572604,-74.895969,128947,48537,4,3,0,20.030240211056245,20.030240211056245,29.51547740220875,Rutgers Cancer Institute of New Jersey,892,366,113,1441,600,194
19073,19,Greene,Iowa,42.029106,-94.379863,8771,3394,4,3,0,30.054800682265924,122.5146726595265,117.9829744238975,Fred & Pamela Buffett Cancer Center (UNMC),114,59,12,117,60,12
23027,23,Waldo,Maine,44.490051,-69.086158,39607,16017,4,2,1,41.34136598663842,215.09862354404868,201.57412219446468,Dartmouth Cancer Center,28,12,2,69,30,5
51095,51,James City,Virginia,37.297936,-76.75988,78254,32501,4,1,0,46.89921211043704,50.5255379838981,48.505538203502404,VCU Massey Comprehensive Cancer Center,247,110,32,256,115,32
20015,20,Butler,Kansas,37.725409,-96.99849,67380,19645,4,1,0,22.997662674964246,177.3786786909053,189.58618252739407,Stephenson Cancer Center (Oklahoma),34,16,8,57,27,10
39081,39,Jefferson,Ohio,40.365484,-80.692361,65249,23920,4,2,0,36.92128621196363,46.01212602272348,48.542797434101836,UPMC Hillman Cancer Center,387,178,52,624,284,74
23015,23,Lincoln,Maine,44.034295,-69.553445,35237,16222,4,2,1,50.860343763777124,168.25029598175993,164.84719637659796,Dartmouth Cancer Center,58,26,4,70,31,5
49049,49,Utah,Utah,40.278299,-111.74994,659399,98897,4,2,1,31.902114307913664,31.902114307913664,40.78805394201991,Huntsman Cancer Institute (Utah),324,167,37,330,172,37
12015,12,Charlotte,Florida,26.953831,-82.117344,186847,112729,4,1,0,30.111264547829467,86.5363638942365,94.17787297025048,Moffitt Cancer Center,149,65,32,461,200,60
42087,42,Mifflin,Pennsylvania,40.60427,-77.615882,46143,16503,4,3,0,46.71631707473191,124.33215390007145,125.58703267750627,UM Greenebaum Comprehensive Cancer Center,103,45,12,171,82,21
20095,20,Kingman,Kansas,37.610273,-98.098011,7470,2620,4,1,0,49.815088289044176,177.19560789223019,181.403169373703,Stephenson Cancer Center (Oklahoma),34,16,8,68,36,10
13047,13,Catoosa,Georgia,34.928524,-85.172189,67872,21484,4,2,0,13.847371002596022,105.24779447658952,110.45167835463252,Winship Cancer Institute (Emory),40,19,1,461,211,46
47163,47,Sullivan,Tennessee,36.529913,-82.397127,158163,58201,4,3,0,116.21862102864195,147.15749615546974,147.0454894301589,Wake Forest Baptist Comprehensive Cancer Center,6,3,1,116,55,12
48277,48,Lamar,Texas,33.675491,-95.534041,50088,16124,4,1,0,112.73113274025606,112.73113274025606,115.48930210340932,Harold C. Simmons Comprehensive Cancer Center (UTSW),4,1,0,482,230,59
36087,36,Rockland,New York,41.127445,-74.02214,338329,92983,4,1,0,15.415817815468543,15.415817815468543,22.920003806173018,Montefiore Einstein Cancer Center,1236,518,170,1493,620,200
47165,47,Sumner,Tennessee,36.396228,-86.536038,196281,59315,4,2,0,25.57133269661431,25.57133269661431,27.49218759200208,Vanderbilt-Ingram Cancer Center,545,261,83,557,265,84
20129,20,Morton,Kansas,37.043232,-101.840026,2701,892,4,1,0,151.0429523028541,300.4429629042996,296.9074171811998,University of Colorado Cancer Center,4,1,0,20,12,1
12085,12,Martin,Florida,27.145869,-80.245706,158431,76237,4,2,0,44.533187208894056,83.7925092137079,112.69111604946893,Sylvester Comprehensive Cancer Center (Miami),84,38,8,497,248,41
26151,26,Sanilac,Michigan,43.365189,-82.782963,40611,15569,4,2,1,39.58334414541885,72.127551200827,86.08376325941238,Karmanos Cancer Institute (Wayne State),42,22,4,458,218,65
01069,01,Houston,Alabama,31.204793,-85.39632,107202,34046,4,1,0,186.07846827198046,215.8282403210084,214.9126911426258,O'Neal Comprehensive Cancer Center (UAB),4,1,0,26,12,2
20125,20,Montgomery,Kansas,37.143443,-95.693873,31486,10691,4,1,0,86.66044505252992,160.29530971247473,173.60872849923547,University of Kansas Cancer Center,4,1,0,97,42,10
12109,12,St. Johns,Florida,29.991793,-81.434924,273425,102186,4,2,0,28.709188662363783,28.709188662363783,23.142041341256185,Mayo Clinic Cancer Center – Jacksonville,258,117,27,366,162,38
20191,20,Sumner,Kansas,37.303365,-97.406786,22382,7616,4,1,0,31.518642853053638,147.57371339940627,151.72498268383487,Stephenson Cancer Center (Oklahoma),34,16,8,34,16,8
48329,48,Midland,Texas,32.003156,-102.10655,169983,34930,4,1,0,129.3137258821736,329.2811689406765,325.7402404148568,Mays Cancer Center (UT Health San Antonio),8,2,2,8,2,2
20099,20,Labette,Kansas,37.259841,-95.262384,20184,6939,4,1,0,62.70188198027724,142.19699880681017,154.86017693135997,University of Kansas Cancer Center,20,12,1,75,31,3
36109,36,Tompkins,New York,42.459082,-76.478989,105740,27768,4,2,0,53.930950987511736,90.51129016229517,88.83152942189001,Wilmot Cancer Institute (Rochester),92,41,8,203,101,22
31111,31,Lincoln,Nebraska,41.119294,-100.789525,34676,11628,3,3,0,112.09311283187168,280.072704178335,279.6163801207175,University of Colorado Cancer Center,3,3,0,24,13,2
28081,28,Lee,Mississippi,34.278226,-88.703819,83343,23245,3,3,0,27.00015408989473,107.22140945288962,145.62842197486742,O'Neal Comprehensive Cancer Center (UAB),34,22,2,121,63,8
20113,20,McPherson,Kansas,38.382645,-97.646719,30223,9820,3,1,0,35.92740481453485,193.47623707031389,204.2032106068856,University of Kansas Cancer Center,29,13,3,68,36,10
22113,22,Vermilion,Louisiana,29.998731,-92.161801,57359,16936,3,1,1,85.1449410329867,235.0577657790874,234.24896934942944,Dan L Duncan Comprehensive Cancer Center (Baylor),9,3,2,78,42,8
44003,44,Kent,Rhode Island,41.698511,-71.488956,170363,60394,3,0,2,13.381860541645798,13.381860541645798,58.83181365347541,Dana-Farber/Harvard Cancer Center,741,380,85,911,453,112
53045,53,Mason,Washington,47.288559,-123.034441,65726,26141,3,2,0,26.333946820294624,50.06261440757295,47.91006022220448,Fred Hutch/UW/Seattle Children's Cancer Consortium,424,228,51,428,231,51
50027,50,Windsor,Vermont,43.547294,-72.490571,57753,23836,3,2,0,40.01603404601243,132.07394573233273,15.98534449681396,Dartmouth Cancer Center,98,45,7,197,99,11
39027,39,Clinton,Ohio,39.411451,-83.84298,42018,13485,3,1,0,25.70221127392969,46.81574196310707,71.93604775902898,OSU Comprehensive Cancer Center – James,274,138,27,556,289,52
47179,47,Washington,Tennessee,36.325615,-82.433815,133001,42967,3,1,1,108.34071979334662,141.80275687704375,146.52930318391446,Wake Forest Baptist Comprehensive Cancer Center,6,3,1,133,67,12
06039,06,Madera,California,37.037074,-120.009796,156255,39902,3,2,0,29.22272265317245,127.70750756484594,146.64692169452795,Stanford Cancer Institute,53,29,5,76,41,8
18157,18,Tippecanoe,Indiana,40.418699,-86.886959,186251,40058,3,1,0,53.43503150508413,70.66256791761866,69.89032445260084,IU Simon Comprehensive Cancer Center,74,34,4,257,133,23
12019,12,Clay,Florida,30.087758,-81.800487,218245,68546,3,0,0,21.73087306831701,21.73087306831701,28.64867076688599,Mayo Clinic Cancer Center – Jacksonville,320,137,33,351,151,38
12021,12,Collier,Florida,26.203653,-81.69257,375752,184816,3,0,0,33.062718657273,109.2065061598721,116.09106223895091,Sylvester Comprehensive Cancer Center (Miami),61,30,10,563,272,62
22019,22,Calcasieu,Louisiana,30.225067,-93.257749,216785,59105,3,1,1,142.90049136722874,159.2714607027215,159.9128146156068,Dan L Duncan Comprehensive Cancer Center (Baylor),3,1,1,23,8,4
41033,41,Josephine,Oregon,42.404433,-123.38517,88090,36511,3,0,0,136.52196471487454,257.3432539004547,259.16121422589913,Knight Cancer Institute (OHSU),9,4,0,25,10,3
56033,56,Sheridan,Wyoming,44.780986,-106.977846,30921,11331,3,2,0,123.96001780345036,123.96001780345036,437.5411646911903,University of Colorado Cancer Center,3,2,0,17,8,1
47043,47,Dickson,Tennessee,36.104233,-87.343938,54315,16714,3,2,0,40.22657434596573,40.22657434596573,36.377508274033886,Vanderbilt-Ingram Cancer Center,544,262,83,552,265,84
51520,51,Bristol,Virginia,36.610521,-82.169169,17219,6095,3,2,0,132.80286937268872,134.29437784096694,134.19580615772875,Wake Forest Baptist Comprehensive Cancer Center,6,3,1,59,30,6
47011,47,Bradley,Tennessee,35.167425,-84.859688,108620,33436,3,1,0,23.989376805052125,115.12142503732636,119.54252324225548,Winship Cancer Institute (Emory),39,19,1,257,111,26
51740,51,Portsmouth,Virginia,36.833211,-76.35284,97915,26707,3,1,1,8.04411622730592,93.81456029672326,92.23969354725658,VCU Massey Comprehensive Cancer Center,86,38,13,250,112,32
26139,26,Ottawa,Michigan,42.911054,-86.015862,296200,84182,3,1,0,24.057547358828963,24.057547358828963,129.17817650416274,Robert H. Lurie Comprehensive Cancer Center (Northwestern),232,101,34,414,201,60
37107,37,Lenoir,North Carolina,35.260621,-77.633969,55122,19480,3,3,0,25.613390524907476,104.49293960488296,109.49739186315655,UNC Lineberger Comprehensive Cancer Center,63,30,4,438,212,42
47141,47,Putnam,Tennessee,36.163157,-85.503795,79854,22877,3,2,0,83.10784252757037,83.10784252757037,86.99183782348759,Vanderbilt-Ingram Cancer Center,3,2,0,591,278,87
13313,13,Whitfield,Georgia,34.793647,-84.966305,102864,27325,3,2,0,29.58677063850155,88.73885760831818,93.75427085733968,Winship Cancer Institute (Emory),39,19,1,480,220,47
22079,22,Rapides,Louisiana,31.286365,-92.455373,130023,38272,3,2,0,118.29340899924526,244.57878717454295,247.95379511978962,Dan L Duncan Comprehensive Cancer Center (Baylor),3,2,0,80,42,8
36051,36,Livingston,New York,42.769037,-77.762787,61834,21331,3,2,0,33.62757342052097,33.62757342052097,30.498662597264392,Wilmot Cancer Institute (Rochester),119,63,15,289,135,33
18141,18,St. Joseph,Indiana,41.67642,-86.227079,272912,77775,3,1,0,27.93374603960606,96.00828412674674,85.57235986155503,University of Chicago Comprehensive Cancer Center,51,21,4,744,345,90
49005,49,Cache,Utah,41.745425,-111.839724,133154,23493,3,1,1,91.94114590082368,91.94114590082368,81.26508630476184,Huntsman Cancer Institute (Utah),10,7,1,329,171,37
36093,36,Schenectady,New York,42.809147,-73.945253,158061,49455,3,3,0,13.409284081243095,132.37300743861618,123.02904685039928,Dartmouth Cancer Center,51,26,4,131,60,10
53007,53,Chelan,Washington,47.530181,-120.344656,79074,26822,3,0,1,105.56017396939117,105.56017396939117,112.21758956453037,Fred Hutch/UW/Seattle Children's Cancer Consortium,3,0,1,420,225,52
37031,37,Carteret,North Carolina,34.744126,-76.818665,67686,29828,3,1,1,39.97582760115604,174.46780842206445,179.08941460357997,UNC Lineberger Comprehensive Cancer Center,26,12,1,72,35,5
36077,36,Otsego,New York,42.564145,-75.060236,58524,21098,3,0,1,76.78572742423579,148.36747216603194,158.15737451530978,Montefiore Einstein Cancer Center,18,5,2,141,63,11
45079,45,Richland,South Carolina,34.067968,-80.988835,416147,105057,3,2,0,90.48253911637104,96.65070583782999,128.4259253724702,Hollings Cancer Center (MUSC),11,6,0,247,130,25
36071,36,Orange,New York,41.41957,-74.239375,401310,109454,3,1,0,41.592488917715706,41.592488917715706,50.62155495266909,Montefiore Einstein Cancer Center,1131,481,154,1359,568,184
26043,26,Dickinson,Michigan,45.832994,-88.014029,25947,10435,3,1,1,51.805484517191736,232.30938962511937,243.37079642852436,UW Carbone Cancer Center,42,21,3,80,43,6
29051,29,Cole,Missouri,38.55255,-92.220619,77279,23524,3,3,0,34.14070526418419,118.89708038757978,126.78427443587213,Siteman Cancer Center (WashU),59,25,9,183,87,21
53031,53,Jefferson,Washington,48.010517,-122.820477,32977,18877,2,1,0,35.734228791735845,50.355105446385366,41.123932353984074,Fred Hutch/UW/Seattle Children's Cancer Consortium,383,211,47,428,231,51
13113,13,Fayette,Georgia,33.428121,-84.513188,119194,41196,2,0,2,15.802856610574885,34.49012405638834,33.04235551473975,Winship Cancer Institute (Emory),419,195,44,446,206,46
06107,06,Tulare,California,36.254134,-119.23454,473117,103252,2,0,1,53.85189123858097,193.25337933237,188.76828782250647,Jonsson Comprehensive Cancer Center (UCLA),44,23,6,66,31,12
37051,37,Cumberland,North Carolina,35.054571,-78.937283,334728,77919,2,2,0,36.6663922949999,77.27753945701161,70.85398052594552,UNC Lineberger Comprehensive Cancer Center,58,27,2,500,243,51
16045,16,Gem,Idaho,43.883064,-116.507732,19123,7352,2,1,0,23.509126168613193,383.1661645910029,385.43347958257965,Huntsman Cancer Institute (Utah),76,40,4,76,40,4
34041,34,Warren,New Jersey,40.794655,-75.014893,109632,39035,2,0,0,20.786669788569473,33.646633361526895,44.29524622553881,Rutgers Cancer Institute of New Jersey,503,208,64,1450,603,197
34037,34,Sussex,New Jersey,41.090477,-74.655456,144221,50956,2,0,0,21.49886086293745,40.12686589477725,49.24970243447281,Herbert Irving Comprehensive Cancer Center (Columbia),1186,507,161,1503,622,201
45057,45,Lancaster,South Carolina,34.804751,-80.771843,96016,34353,2,2,0,35.02452874958609,35.02452874958609,113.03151884161515,Wake Forest Baptist Comprehensive Cancer Center,170,88,19,291,149,31
22105,22,Tangipahoa,Louisiana,30.561076,-90.449002,133157,36316,2,0,0,37.68766776074732,354.11079212442746,354.17856194385246,O'Neal Comprehensive Cancer Center (UAB),161,74,20,180,84,20
51195,51,Wise,Virginia,36.951164,-82.612989,36130,11932,2,1,0,122.65125240416735,152.2436575798129,153.5278938381143,Markey Cancer Center (Kentucky),6,4,1,52,27,6
01125,01,Tuscaloosa,Alabama,33.214817,-87.518474,227036,57345,2,0,0,54.995606938234424,54.995606938234424,55.331588082402774,O'Neal Comprehensive Cancer Center (UAB),171,79,17,190,90,19
41043,41,Linn,Oregon,44.556336,-122.959471,128610,41930,2,1,0,43.883493530616995,77.26118388430152,78.99307870809017,Knight Cancer Institute (OHSU),119,63,11,353,177,37
34009,34,Cape May,New Jersey,39.096879,-74.806953,95263,43331,2,1,0,49.47224571653886,78.12045581076796,74.36789433934443,Sidney Kimmel Cancer Center (Jefferson),50,23,4,970,402,123
13153,13,Houston,Georgia,32.565757,-83.663692,163633,42761,2,0,0,100.36053322759975,109.31147864039626,111.74979356984734,Winship Cancer Institute (Emory),11,5,1,433,200,44
13151,13,Henry,Georgia,33.470292,-84.174632,240712,60941,2,0,2,27.00064334261822,27.00064334261822,28.828395620832225,Winship Cancer Institute (Emory),419,195,44,444,205,46
36023,36,Cortland,New York,42.595471,-76.146202,46809,13956,2,1,0,39.197998096812356,101.01264983246496,99.9515880900377,Wilmot Cancer Institute (Rochester),84,39,6,201,100,22
37019,37,Brunswick,North Carolina,34.041766,-78.216619,136693,75110,2,1,0,54.14798166792159,158.1732007786037,158.79664682072806,Hollings Cancer Center (MUSC),58,29,9,91,47,10
37087,37,Haywood,North Carolina,35.518934,-82.943122,62089,25348,2,1,0,61.61204837740102,145.59480741152203,171.241201290095,Winship Cancer Institute (Emory),25,12,2,151,72,13
26107,26,Mecosta,Michigan,43.650863,-85.382191,39714,13978,2,0,0,26.122654090850286,58.99203493408548,151.7531310846462,University of Michigan Rogel Cancer Center,233,102,35,282,132,37
37035,37,Catawba,North Carolina,35.695474,-81.245331,160610,52716,2,1,0,48.4253244006732,48.4253244006732,74.25316407348163,Wake Forest Baptist Comprehensive Cancer Center,177,91,20,293,150,32
37167,37,Stanly,North Carolina,35.320568,-80.251909,62504,20849,2,1,0,25.729539790514508,39.24833265075854,64.86818682610216,Wake Forest Baptist Comprehensive Cancer Center,201,101,21,556,271,58
19013,19,Black Hawk,Iowa,42.490207,-92.37179,131144,37686,2,0,0,51.587030911223636,83.4263649586488,85.46018284875406,Holden Comprehensive Cancer Center (Iowa),58,31,2,220,113,28
26129,26,Ogemaw,Michigan,44.286618,-84.127345,20770,9332,2,2,0,74.00283181057132,141.95562885132483,168.40604875790052,University of Michigan Rogel Cancer Center,22,11,3,85,40,5
47001,47,Anderson,Tennessee,36.081238,-84.178765,77123,26602,2,1,0,15.48167742025,162.1234750216694,163.20345072404623,Markey Cancer Center (Kentucky),67,27,9,115,53,11
48355,48,Nueces,Texas,27.728576,-97.428318,353178,96880,2,1,0,166.32774554959482,166.32774554959482,169.3958920906333,Mays Cancer Center (UT Health San Antonio),2,1,0,2,1,0
25005,25,Bristol,Massachusetts,41.794278,-71.109451,579200,183401,2,0,1,21.65890142238414,21.65890142238414,45.87920418197147,Dana-Farber/Harvard Cancer Center,726,377,86,911,453,112
24045,24,Wicomico,Maryland,38.372255,-75.593756,103588,30136,2,1,1,29.42488884756607,102.21722317887047,100.16134709180282,Sidney Kimmel Comprehensive Cancer Center (Johns Hopkins),35,13,4,911,419,109
48041,48,Brazos,Texas,30.624157,-96.328757,233849,42940,2,1,1,70.09323117802913,93.08968484082045,101.07243201489702,Dan L Duncan Comprehensive Cancer Center (Baylor),3,1,1,1097,518,123
48251,48,Johnson,Texas,32.441328,-97.322751,179927,49325,2,0,0,27.299769716323244,27.299769716323244,45.58471498404407,Harold C. Simmons Comprehensive Cancer Center (UTSW),488,230,60,501,237,63
24047,24,Worcester,Maryland,38.30361,-75.234513,52460,23732,2,1,1,30.357509797979883,122.53019849900336,120.27230261494228,Sidney Kimmel Comprehensive Cancer Center (Johns Hopkins),33,13,4,132,53,20
26153,26,Schoolcraft,Michigan,46.006087,-86.226826,8047,3775,2,1,1,51.27737669803865,254.90332705544859,307.8606508424151,UW Carbone Cancer Center,21,10,1,74,33,5
22005,22,Ascension,Louisiana,30.254386,-90.934071,126500,31546,2,0,0,20.79641987029166,324.41737257724446,324.0561714190478,Dan L Duncan Comprehensive Cancer Center (Baylor),69,38,6,165,75,20
51730,51,Petersburg,Virginia,37.209954,-77.395423,33458,10137,1,0,0,20.267847196834424,27.390918161952243,27.597514198874105,VCU Massey Comprehensive Cancer Center,181,83,20,358,168,43
04005,04,Coconino,Arizona,35.476113,-111.601825,145101,36304,1,1,0,167.41193417194805,167.41193417194805,150.66908285261795,Mayo Clinic Cancer Center – Phoenix,1,1,0,2,2,0
51800,51,Suffolk,Virginia,36.781867,-76.551079,94324,27651,1,1,0,21.479431232785426,86.96266388388732,85.66083322217855,VCU Massey Comprehensive Cancer Center,86,38,13,259,116,33
48185,48,Grimes,Texas,30.439295,-96.007289,29268,9709,1,0,0,42.73637276208622,66.3509705408201,74.75329719078404,Dan L Duncan Comprehensive Cancer Center (Baylor),72,34,7,1041,489,114
05125,05,Saline,Arkansas,34.596991,-92.546119,123416,38566,1,0,0,21.599815091768324,186.27839081231016,331.1458263874594,Harold C. Simmons Comprehensive Cancer Center (UTSW),96,37,11,96,37,11
51179,51,Stafford,Virginia,38.415146,-77.45027,156927,37273,1,1,0,37.708428807810364,37.708428807810364,47.73249343394414,Georgetown Lombardi Comprehensive Cancer Center,697,325,85,1007,459,120
48367,48,Parker,Texas,32.789424,-97.727364,148222,46459,1,0,0,33.50486961348987,33.50486961348987,61.680948530274364,Harold C. Simmons Comprehensive Cancer Center (UTSW),129,54,15,496,235,61
21027,21,Breckinridge,Kentucky,37.769799,-86.408122,20432,7234,1,0,0,59.214404357206554,59.214404357206554,126.19863215077649,Markey Cancer Center (Kentucky),147,59,18,168,70,20
19105,19,Jones,Iowa,42.138136,-91.200472,20646,7502,1,1,0,29.589520206410924,43.7721438001872,44.72957524063286,Holden Comprehensive Cancer Center (Iowa),164,87,22,193,100,24
48371,48,Pecos,Texas,30.89706,-102.79926,15193,3581,1,1,0,229.13739952991142,327.3778971484821,323.78375346478697,Mays Cancer Center (UT Health San Antonio),1,1,0,8,2,2
08119,08,Teller,Colorado,38.944782,-105.139899,24710,10966,1,0,1,25.63583909886663,65.81459874626388,69.26413461008299,University of Colorado Cancer Center,97,51,10,438,212,69
48067,48,Cass,Texas,33.080612,-94.297274,28454,10460,1,0,0,61.46472399541378,174.72388713510233,178.48245748642395,Harold C. Simmons Comprehensive Cancer Center (UTSW),11,4,0,109,40,14
51137,51,Orange,Virginia,38.271901,-77.954737,36254,13001,1,1,0,40.14042657685341,40.14042657685341,40.585191240179896,University of Virginia Cancer Center,188,90,20,861,391,106
21073,21,Franklin,Kentucky,38.195361,-84.867165,51541,16414,1,0,0,28.32114812835952,28.32114812835952,27.063382717571415,Markey Cancer Center (Kentucky),254,98,34,411,182,49
13117,13,Forsyth,Georgia,34.190488,-84.150182,251283,62523,1,0,1,33.85629002177819,33.85629002177819,34.95974539866443,Winship Cancer Institute (Emory),415,190,44,477,224,46
42109,42,Snyder,Pennsylvania,40.787382,-76.980927,39736,13237,1,1,0,15.22230161653127,124.28261595057593,125.81397280901241,UM Greenebaum Comprehensive Cancer Center,110,50,13,252,109,30
31067,31,Gage,Nebraska,40.280866,-96.713556,21704,7950,1,0,0,43.06377113971184,90.81913488442679,92.43269720030183,Fred & Pamela Buffett Cancer Center (UNMC),38,13,2,240,105,36
30017,30,Custer,Montana,46.401678,-105.814642,11867,4214,1,1,0,165.0230416264894,165.0230416264894,554.9372697236349,University of Colorado Cancer Center,1,1,0,1,1,0
21019,21,Boyd,Kentucky,38.432179,-82.666251,48261,16371,1,0,1,65.7485452493633,123.87351821874536,124.45304098832699,Markey Cancer Center (Kentucky),28,15,3,68,30,5
06023,06,Humboldt,California,40.757636,-124.088127,136463,42652,1,1,0,213.18993455590348,250.5739816669511,248.36197083852684,UC Davis Comprehensive Cancer Center,1,1,0,1,1,0
40011,40,Blaine,Oklahoma,35.885203,-98.428177,8735,2957,1,1,0,68.49142351515998,68.49142351515998,70.9359658388725,Stephenson Cancer Center (Oklahoma),1,1,0,187,88,16
13179,13,Liberty,Georgia,31.828772,-81.5777,65256,12381,1,1,0,35.76394566669547,126.90350274173448,129.50832274407398,Mayo Clinic Cancer Center – Jacksonville,32,15,3,32,15,3
20193,20,Thomas,Kansas,39.384656,-101.050191,7930,2364,1,1,0,118.18051357822338,250.50128157383418,243.89007023018743,University of Colorado Cancer Center,1,1,0,40,23,1
20103,20,Leavenworth,Kansas,39.23513,-94.959527,81881,23198,1,1,0,17.83137578923239,29.336603144823496,26.94327073060509,University of Kansas Cancer Center,250,132,23,250,132,23
21227,21,Warren,Kentucky,36.966984,-86.435814,134554,33158,1,0,0,71.76549963010045,71.76549963010045,72.48580784286732,Vanderbilt-Ingram Cancer Center,5,2,0,635,292,93
05069,05,Jefferson,Arkansas,34.234814,-92.045118,67260,20777,1,0,0,48.456820487869436,164.87345899962355,351.8741011533579,Harold C. Simmons Comprehensive Cancer Center (UTSW),87,33,9,96,37,11
21195,21,Pike,Kentucky,37.463914,-82.427235,58669,19591,1,1,0,89.95064878410354,143.1666210940881,144.31395921351435,Markey Cancer Center (Kentucky),3,2,0,68,33,5
20161,20,Riley,Kansas,39.190165,-96.632706,71959,12290,1,0,0,60.967156467612625,123.80529224482503,130.57401658900622,University of Kansas Cancer Center,1,0,0,40,20,3
05045,05,Faulkner,Arkansas,35.105697,-92.406071,123498,30899,1,0,0,28.087943273168396,170.89514898483839,324.4831874542137,Siteman Cancer Center (WashU),87,33,9,96,37,11
21211,21,Shelby,Kentucky,38.212966,-85.232221,48065,14915,1,0,0,29.59442538810028,29.59442538810028,49.56426489281318,Markey Cancer Center (Kentucky),256,99,34,411,182,49
21205,21,Rowan,Kentucky,38.194754,-83.444323,24662,6161,1,0,0,70.01807543366758,70.01807543366758,70.68864991683543,Markey Cancer Center (Kentucky),23,12,1,337,157,38
42117,42,Tioga,Pennsylvania,41.814804,-77.211057,41045,15677,1,1,0,71.75542747880219,114.34704242478931,111.36653536404533,Wilmot Cancer Institute (Rochester),26,12,3,160,82,19
23017,23,Oxford,Maine,44.279251,-70.614092,57777,24023,1,1,0,47.872901381122794,163.51569809099553,111.47644398228024,Dartmouth Cancer Center,58,26,4,138,62,9
04025,04,Yavapai,Arizona,34.628734,-112.273841,236209,120697,1,1,0,95.71432102283532,95.71432102283532,81.75616461981345,Mayo Clinic Cancer Center – Phoenix,1,1,0,370,170,57
21151,21,Madison,Kentucky,37.70685,-84.286707,92701,24419,1,0,0,29.32991014754541,29.32991014754541,30.603663761469644,Markey Cancer Center (Kentucky),147,56,18,282,109,37
08021,08,Conejos,Colorado,37.199613,-105.987323,7461,2537,1,0,0,160.79329048108343,219.93426584286826,181.0112400623058,UNM Comprehensive Cancer Center,1,0,0,1,0,0
51127,51,New Kent,Virginia,37.497961,-77.041127,22945,8149,1,0,0,28.143733586490978,28.143733586490978,25.796260508229107,VCU Massey Comprehensive Cancer Center,186,85,21,752,348,98
51047,51,Culpeper,Virginia,38.498243,-77.999051,52552,15930,1,0,1,50.09631939315875,50.09631939315875,50.496931042911605,University of Virginia Cancer Center,514,242,72,1007,459,120
22109,22,Terrebonne,Louisiana,29.596256,-90.725647,109580,30752,1,0,0,50.42587917287271,338.9507136530014,337.0434930321751,Dan L Duncan Comprehensive Cancer Center (Baylor),105,44,14,165,75,20
41019,41,Douglas,Oregon,43.239963,-123.388771,111201,45576,1,0,1,68.24124406677673,188.74266062990858,191.08298941446986,Knight Cancer Institute (OHSU),18,8,3,100,50,9
29093,29,Iron,Missouri,37.578019,-90.713802,9537,3584,1,0,1,25.913368634313656,90.92196839563336,91.61383273094806,Siteman Cancer Center (WashU),45,24,4,454,226,60
51073,51,Gloucester,Virginia,37.37631,-76.529483,38711,14483,1,1,0,43.592895334874406,63.06528608269881,60.80121487586021,VCU Massey Comprehensive Cancer Center,94,41,13,257,115,32
51071,51,Giles,Virginia,37.318524,-80.717789,16787,6118,1,1,0,50.074920336098714,105.17555376579077,105.2681072093973,Wake Forest Baptist Comprehensive Cancer Center,68,38,7,187,108,17
29037,29,Cass,Missouri,38.751052,-94.424307,107824,34330,1,1,0,21.507172021649428,21.507172021649428,27.96711156171688,University of Kansas Cancer Center,235,120,23,250,132,23
29099,29,Jefferson,Missouri,38.340859,-90.475056,226739,70444,1,0,0,25.782145259130726,25.782145259130726,27.19946493021409,Siteman Cancer Center (WashU),454,226,60,454,226,60
31053,31,Dodge,Nebraska,41.471288,-96.528637,37167,11948,1,0,0,33.4258764391641,33.4258764391641,39.95564992542062,Fred & Pamela Buffett Cancer Center (UNMC),235,102,36,244,105,36
16069,16,Nez Perce,Idaho,46.393945,-116.952097,42090,14531,1,1,0,109.21785462992723,313.5681512723704,321.60967706071636,Fred Hutch/UW/Seattle Children's Cancer Consortium,1,1,0,121,60,9
42111,42,Somerset,Pennsylvania,40.029001,-79.012353,74129,28501,1,0,0,45.012286696428035,69.94351319689903,67.97566737305334,UPMC Hillman Cancer Center,34,10,3,372,166,51
48209,48,Hays,Texas,30.009405,-97.925385,241067,56548,1,0,1,28.289540911635438,28.289540911635438,62.81274083931457,Mays Cancer Center (UT Health San Antonio),165,72,28,418,181,76
23009,23,Hancock,Maine,44.471045,-68.468176,55478,23679,1,1,0,43.78947990543421,236.68814873030715,235.9559674875579,Dartmouth Cancer Center,24,10,2,34,13,4
56039,56,Teton,Wyoming,43.491744,-110.785815,23331,6930,1,1,0,182.80438923030374,231.85907606915458,235.18593885745,Huntsman Cancer Institute (Utah),1,1,0,1,1,0
18163,18,Vanderburgh,Indiana,37.998233,-87.549603,180136,55800,1,1,0,92.51217441578842,122.7398957166645,161.47721957288402,Vanderbilt-Ingram Cancer Center,8,5,0,103,52,5
37013,37,Beaufort,North Carolina,35.521622,-76.961773,44652,18066,1,1,0,28.80231191720465,136.09323291776158,142.17104733549695,Duke Cancer Institute,31,16,3,107,47,7
18035,18,Delaware,Indiana,40.20524,-85.402908,111903,33037,1,0,0,44.825028695750454,57.977843017402925,59.51211214265126,IU Simon Comprehensive Cancer Center,197,98,20,401,200,43
47161,47,Stewart,Tennessee,36.493716,-87.800108,13657,5095,1,1,0,76.43347194532444,76.43347194532444,72.64926859731331,Vanderbilt-Ingram Cancer Center,4,3,0,556,267,84
53059,53,Skamania,Washington,45.688621,-121.93421,12036,5028,1,0,0,36.395317279774396,40.651667623135985,46.87271707262283,Knight Cancer Institute (OHSU),303,148,34,310,153,34
36011,36,Cayuga,New York,42.938915,-76.560652,76248,27330,1,0,0,26.13729178265131,66.70846689162383,66.29085710552944,Wilmot Cancer Institute (Rochester),86,40,6,183,91,20
37139,37,Pasquotank,North Carolina,36.294076,-76.247331,40568,12809,1,1,0,49.93285587492696,130.86054424260413,129.77262115011962,VCU Massey Comprehensive Cancer Center,77,35,11,110,49,16
18053,18,Grant,Indiana,40.525256,-85.644184,66674,21747,1,0,1,50.69491566529866,68.55564410966042,69.65163324739662,IU Simon Comprehensive Cancer Center,80,35,9,278,144,25
36007,36,Broome,New York,42.120758,-75.936264,198683,66577,1,0,1,59.29542566500876,134.041468927164,132.35540445030287,Wilmot Cancer Institute (Rochester),39,15,4,137,62,11
18091,18,LaPorte,Indiana,41.632279,-86.791226,112417,36825,1,1,0,21.757703659633712,62.952965017542084,51.75028390640154,University of Chicago Comprehensive Cancer Center,78,37,7,619,289,67
35005,35,Chaves,New Mexico,33.365668,-104.514733,65157,18251,1,1,0,181.91558201816514,459.01604834656126,204.01084770233294,UNM Comprehensive Cancer Center,1,1,0,1,1,0
01101,01,Montgomery,Alabama,32.346473,-86.233787,228954,63977,1,1,0,105.06725863983036,105.06725863983036,104.18365755948248,O'Neal Comprehensive Cancer Center (UAB),1,1,0,178,81,18
46029,46,Codington,South Dakota,44.91407,-97.129856,28325,9289,1,0,1,114.87690739412936,114.87690739412936,228.58581185254877,Masonic Cancer Center (Minnesota),1,0,1,120,54,15
37083,37,Halifax,North Carolina,36.36143,-77.67408,48622,17628,1,0,0,50.86642670330617,87.85885408439559,91.85790277890372,Duke Cancer Institute,35,11,3,576,273,62
25003,25,Berkshire,Massachusetts,42.456888,-73.218336,129026,52412,1,0,0,40.700231487230326,89.5455709172345,97.09153571222933,Yale Cancer Center,48,25,3,473,222,58
13277,13,Tift,Georgia,31.455071,-83.513873,41344,11421,1,0,0,165.36853443314732,165.36853443314732,172.08161947191797,University of Florida Health Cancer Institute,13,8,1,29,15,2
17063,17,Grundy,Illinois,41.34999,-88.344624,52533,14662,1,0,0,25.2045008409015,44.705704543654406,58.345805407173685,University of Chicago Comprehensive Cancer Center,572,266,59,624,290,69
12005,12,Bay,Florida,30.21282,-85.670601,175216,59883,1,0,0,183.2315986864999,285.5077240181471,243.73329295215663,University of Florida Health Cancer Institute,1,0,0,23,9,1
26103,26,Marquette,Michigan,46.486717,-87.492759,66017,21943,1,0,1,61.85103841461377,287.8024748478776,304.7996737945252,UW Carbone Cancer Center,1,0,1,42,21,3
13057,13,Cherokee,Georgia,34.170504,-84.494745,266620,77933,1,0,1,19.45352647517791,28.82927873061277,33.275736307525904,Winship Cancer Institute (Emory),399,184,43,473,222,45
12053,12,Hernando,Florida,28.504446,-82.497025,194515,82855,1,0,0,45.11621866701903,45.11621866701903,37.77218104491006,Moffitt Cancer Center,390,171,40,621,261,78
12055,12,Highlands,Florida,27.462632,-81.444816,101235,51016,1,0,0,54.233477783059264,81.5560525373315,88.39238653406845,Moffitt Cancer Center,21,7,2,597,256,79
13029,13,Bryan,Georgia,31.958731,-81.353407,44738,9729,1,1,0,16.771814185432447,120.16053795464585,119.9028068359473,Hollings Cancer Center (MUSC),32,15,3,32,15,3
13031,13,Bulloch,Georgia,32.415313,-81.762378,81099,18039,1,1,0,53.64945416506083,129.16355350492142,130.36496064806244,Hollings Cancer Center (MUSC),32,15,3,71,39,6
36057,36,Montgomery,New York,42.93271,-74.344144,49532,16269,1,0,0,38.55138572013084,153.7590627739319,138.96510575894587,Dartmouth Cancer Center,52,26,4,122,56,10
36053,36,Madison,New York,42.98686,-75.719961,68016,23893,1,1,0,27.940065849258932,115.91317182078633,115.96839879275757,Wilmot Cancer Institute (Rochester),84,38,6,206,103,22
12023,12,Columbia,Florida,30.122022,-82.664496,69698,23852,1,1,0,42.6904925421399,76.22859049434484,46.09579369696248,University of Florida Health Cancer Institute,81,29,8,331,142,34
12017,12,Citrus,Florida,28.865585,-82.455213,153843,83424,1,0,0,66.41834451182108,74.59685351023582,64.78224581192136,University of Florida Health Cancer Institute,54,16,5,569,243,62
47009,47,Blount,Tennessee,35.753197,-83.973461,135280,48883,1,1,0,18.173155912609456,161.82754479652235,164.14993668214143,Winship Cancer Institute (Emory),67,27,9,136,67,11
26111,26,Midland,Michigan,43.643318,-84.296349,83494,28507,1,0,0,27.113820484788892,98.11309571406996,118.43776425299998,University of Michigan Rogel Cancer Center,41,23,4,448,210,59
34011,34,Cumberland,New Jersey,39.431713,-75.0896,154152,42700,1,0,0,26.41497696507753,47.51702057269315,43.3466993633934,Sidney Kimmel Cancer Center (Jefferson),473,201,60,1000,414,127
09015,09,Windham,Connecticut,41.80508,-71.993508,116418,38906,1,1,0,30.683777262905767,33.87474831262004,70.89474539393758,Dana-Farber/Harvard Cancer Center,215,102,23,1104,515,141
39007,39,Ashtabula,Ohio,41.792138,-80.769023,97574,33500,1,0,0,35.21882850858812,63.10800718350702,57.014679753138395,Case Comprehensive Cancer Center,60,23,5,391,179,44
01117,01,Shelby,Alabama,33.290336,-86.73899,223024,66083,1,0,0,19.47039067287646,19.47039067287646,18.65377753422817,O'Neal Comprehensive Cancer Center (UAB),171,79,17,191,90,19
12119,12,Sumter,Florida,28.83348,-82.024754,129752,98781,1,0,1,52.84376887493914,52.84376887493914,70.7959830863081,University of Florida Health Cancer Institute,211,85,29,573,245,63
37061,37,Duplin,North Carolina,34.92845,-77.940295,48715,16299,1,1,0,32.33427569074007,109.11707429225815,110.39011513106742,UNC Lineberger Comprehensive Cancer Center,32,17,1,487,237,49
01049,01,DeKalb,Alabama,34.452725,-85.817465,71608,21900,1,0,0,67.69818922024832,103.38107540973446,103.42184059253358,O'Neal Comprehensive Cancer Center (UAB),14,8,1,379,174,38
38101,38,Ward,North Dakota,48.251003,-101.324255,69919,16896,1,1,0,122.51097484774637,456.1155902947341,534.3827692641308,Masonic Cancer Center (Minnesota),1,1,0,1,1,0
37121,37,Mitchell,North Carolina,35.960065,-82.113979,14903,6107,1,0,0,82.906626345376,106.41228268561893,124.81895532524364,Wake Forest Baptist Comprehensive Cancer Center,33,16,4,249,128,26
37037,37,Chatham,North Carolina,35.756012,-79.208387,76285,31296,1,0,0,20.420398382040194,20.420398382040194,16.153354531342448,UNC Lineberger Comprehensive Cancer Center,423,202,42,572,278,59
41031,41,Jefferson,Oregon,44.591478,-121.190361,24502,8302,0,0,0,42.06465994818509,112.38891768034246,115.20563648070532,Knight Cancer Institute (OHSU),31,13,3,293,143,33
45005,45,Allendale,South Carolina,32.997052,-81.291327,8039,2703,0,0,0,63.71639134676765,92.50211793980345,95.13102308264014,Hollings Cancer Center (MUSC),1,1,0,179,89,16
45003,45,Aiken,South Carolina,33.535704,-81.774519,168808,59055,0,0,0,21.16040596714418,137.8526132807529,141.1945349906953,Hollings Cancer Center (MUSC),51,30,4,142,73,13
45001,45,Abbeville,South Carolina,34.241575,-82.422103,24295,9052,0,0,0,50.18797713604192,130.91845655965284,135.93381969277974,Winship Cancer Institute (Emory),81,42,5,161,81,16
42009,42,Bedford,Pennsylvania,40.054295,-78.476925,47577,18717,0,0,0,74.64860827294075,100.0541981912378,97.81421169972786,UPMC Hillman Cancer Center,37,12,3,553,248,66
42005,42,Armstrong,Pennsylvania,40.769635,-79.51099,65558,25706,0,0,0,35.99351676600521,39.40463430653018,37.33132875382121,UPMC Hillman Cancer Center,327,147,47,415,189,54
47075,47,Haywood,Tennessee,35.586198,-89.267733,17864,6186,0,0,0,56.338732339182634,56.338732339182634,171.9423321881064,Vanderbilt-Ingram Cancer Center,117,60,8,126,64,10
41035,41,Klamath,Oregon,42.285893,-121.726802,69413,24804,0,0,0,151.8065834262425,272.9002934072728,271.8173032421544,Knight Cancer Institute (OHSU),0,0,0,9,4,0
46119,46,Sully,South Dakota,44.703108,-100.135851,1446,639,0,0,0,179.45897159712288,223.7058184563729,382.567750191662,Fred & Pamela Buffett Cancer Center (UNMC),18,9,2,20,11,2
41037,41,Lake,Oregon,42.478434,-120.476422,8160,3198,0,0,0,142.7693806502966,281.78706725563944,282.4462600004867,Knight Cancer Institute (OHSU),0,0,0,0,0,0
41041,41,Lincoln,Oregon,44.713731,-124.002001,50395,23959,0,0,0,66.89225074665458,92.10035661059733,100.16098715072962,Knight Cancer Institute (OHSU),9,4,0,350,176,37
41069,41,Wheeler,Oregon,44.837096,-120.088844,1451,760,0,0,0,94.95351682067047,156.75776922691878,161.4292863942477,Knight Cancer Institute (OHSU),0,0,0,32,14,3
41025,41,Harney,Oregon,43.521602,-118.986891,7495,3023,0,0,0,121.31969326656375,269.7638779867305,273.0719707631799,Knight Cancer Institute (OHSU),0,0,0,0,0,0
46123,46,Tripp,South Dakota,43.350237,-99.846955,5624,2178,0,0,0,188.29435012280314,188.29435012280314,295.3720341962772,Fred & Pamela Buffett Cancer Center (UNMC),0,0,0,18,9,2
41065,41,Wasco,Oregon,45.541482,-121.204066,26670,9141,0,0,0,79.6241734417547,80.5901317010131,86.4637800512565,Knight Cancer Institute (OHSU),13,5,2,309,152,34
47091,47,Johnson,Tennessee,36.450066,-81.844689,17948,6892,0,0,0,109.82064659703482,109.82064659703482,109.71204912278264,Wake Forest Baptist Comprehensive Cancer Center,13,6,4,170,95,14
47073,47,Hawkins,Tennessee,36.463,-82.874023,56721,21317,0,0,0,85.12838655597425,167.65791600162376,168.97216164387325,Markey Cancer Center (Kentucky),5,3,1,102,48,11
47071,47,Hardin,Tennessee,35.198544,-88.225953,26831,10304,0,0,0,79.80693728452856,112.68195918613475,123.81704359576077,Vanderbilt-Ingram Cancer Center,0,0,0,138,70,10
41063,41,Wallowa,Oregon,45.443336,-117.305634,7391,3352,0,0,0,120.52084653908068,307.2775084675583,313.0890843109796,Knight Cancer Institute (OHSU),0,0,0,27,17,2
46125,46,Turner,South Dakota,43.304408,-97.112768,8673,2972,0,0,0,31.144918756888508,31.144918756888508,185.02840647594704,Fred & Pamela Buffett Cancer Center (UNMC),119,53,15,119,53,15
08019,08,Clear Creek,Colorado,39.713458,-105.532527,9397,3754,0,0,0,25.66585283555427,37.16077577137857,44.42323847339161,University of Colorado Cancer Center,423,205,66,441,214,69
46121,46,Todd,South Dakota,43.24927,-100.780183,9319,1496,0,0,0,233.293081133614,245.20392393022547,339.16480850703897,Fred & Pamela Buffett Cancer Center (UNMC),0,0,0,18,9,2
47097,47,Lauderdale,Tennessee,35.765131,-89.537383,25143,7376,0,0,0,57.61718315426572,57.61718315426572,186.18471883923746,Vanderbilt-Ingram Cancer Center,117,60,8,124,62,10
44001,44,Bristol,Rhode Island,41.712608,-71.284716,50793,18156,0,0,0,15.741250613566466,15.741250613566466,53.82402392994108,Dana-Farber/Harvard Cancer Center,741,380,85,911,453,112
47005,47,Benton,Tennessee,36.070898,-88.090044,15864,6275,0,0,0,90.28957464082235,90.28957464082235,86.42664977379034,Vanderbilt-Ingram Cancer Center,4,3,0,551,265,84
42131,42,Wyoming,Pennsylvania,41.538722,-75.938649,26069,9795,0,0,0,20.431015240127433,117.55648451550267,128.11854694360736,Rutgers Cancer Institute of New Jersey,66,32,7,379,149,49
47007,47,Bledsoe,Tennessee,35.621511,-85.200314,14913,5375,0,0,0,43.757157568772456,112.23660221842779,116.05126518773713,Vanderbilt-Ingram Cancer Center,38,18,1,582,274,87
42127,42,Wayne,Pennsylvania,41.539728,-75.307606,51155,21313,0,0,0,21.985612201627823,93.15761850478498,102.94218026115752,Rutgers Cancer Institute of New Jersey,56,27,6,1211,516,168
42123,42,Warren,Pennsylvania,41.853111,-79.233295,38587,15473,0,0,0,54.74770765301032,90.19798464093435,89.16510321718003,Roswell Park Comprehensive Cancer Center,41,14,5,182,83,19
06093,06,Siskiyou,California,41.572743,-122.493725,44076,18387,0,0,0,208.03842657277244,258.9047800237534,259.06091325669905,UC Davis Comprehensive Cancer Center,0,0,0,9,4,0
06101,06,Sutter,California,39.137197,-121.643973,99633,27821,0,0,0,37.85550335624084,50.12398708055965,50.11276168449761,UC Davis Comprehensive Cancer Center,164,88,18,219,114,26
47081,47,Hickman,Tennessee,35.85471,-87.405499,24925,8035,0,0,0,50.15359680308276,50.15359680308276,46.99636870742466,Vanderbilt-Ingram Cancer Center,544,262,83,549,263,84
45009,45,Bamberg,South Carolina,33.267569,-81.072226,13311,5000,0,0,0,69.14265869811288,84.40081491124988,87.7614354876269,Hollings Cancer Center (MUSC),8,4,0,180,90,16
47015,47,Cannon,Tennessee,35.799353,-86.063976,14506,4729,0,0,0,53.61208898260321,53.61208898260321,57.233808335182125,Vanderbilt-Ingram Cancer Center,544,261,83,556,265,84
46115,46,Spink,South Dakota,44.904738,-98.412881,6361,2496,0,0,0,149.7973275253314,149.7973275253314,303.8747304216305,Masonic Cancer Center (Minnesota),16,10,2,21,11,3
06033,06,Lake,California,38.976233,-122.732922,68163,26118,0,0,0,46.765960114330596,93.69174044107488,89.71965286656838,UC Davis Comprehensive Cancer Center,78,33,12,404,201,43
42115,42,Susquehanna,Pennsylvania,41.823092,-75.76923,38434,16017,0,0,0,32.69537743398533,128.40728839168554,138.54140838292602,Rutgers Cancer Institute of New Jersey,64,32,7,205,91,20
47095,47,Lake,Tennessee,36.356402,-89.467221,7005,1968,0,0,0,83.33883079244481,105.4414314084107,179.00433093535403,Vanderbilt-Ingram Cancer Center,0,0,0,164,85,12
45017,45,Calhoun,South Carolina,33.677921,-80.822118,14119,5710,0,0,0,87.4648164198847,91.73951860581309,95.650739401451,Hollings Cancer Center (MUSC),11,6,0,174,85,16
06031,06,Kings,California,36.252657,-119.726922,152486,30636,0,0,0,40.80628989869801,169.70511680250354,189.63196536532112,Stanford Cancer Institute,44,23,6,89,42,13
47077,47,Henderson,Tennessee,35.647965,-88.402891,27842,9157,0,0,0,105.01598621154797,109.04699456564701,115.05840691644094,Vanderbilt-Ingram Cancer Center,0,0,0,621,301,88
45015,45,Berkeley,South Carolina,33.059268,-80.035006,229861,63849,0,0,0,19.758403375297767,19.758403375297767,23.501593905994195,Hollings Cancer Center (MUSC),126,58,13,190,93,18
46117,46,Stanley,South Dakota,44.372239,-100.448102,2980,1140,0,0,0,204.02011974628374,231.8128816701847,376.4341274167353,Fred & Pamela Buffett Cancer Center (UNMC),18,9,2,18,9,2
45011,45,Barnwell,South Carolina,33.294536,-81.356749,20589,6715,0,0,0,49.39275003207714,103.3809089835884,106.60390760490328,Hollings Cancer Center (MUSC),51,30,4,179,89,16
47013,47,Campbell,Tennessee,36.381486,-84.125957,39272,13841,0,0,0,35.1310549966014,138.03949261287462,139.15459996352013,Markey Cancer Center (Kentucky),79,33,9,89,39,10
42031,42,Clarion,Pennsylvania,41.182373,-79.429465,37241,12792,0,0,0,69.76230212176745,69.76230212176745,68.23831265215935,UPMC Hillman Cancer Center,28,8,3,336,150,48
42027,42,Centre,Pennsylvania,40.839811,-77.836167,158172,42702,0,0,0,56.00670979274014,138.21839906842823,135.6992455005002,UPMC Hillman Cancer Center,40,16,4,160,76,19
47099,47,Lawrence,Tennessee,35.237607,-87.353601,44159,13869,0,0,0,85.15540932454685,85.15540932454685,83.79998148806906,Vanderbilt-Ingram Cancer Center,0,0,0,548,263,84
42025,42,Carbon,Pennsylvania,40.871955,-75.708895,64749,24707,0,0,0,25.953642678912434,75.60835850547475,78.09050488924125,Fox Chase Cancer Center,104,46,13,1401,590,188
46109,46,Roberts,South Dakota,45.611156,-96.959096,10280,3444,0,0,0,103.12351298829873,170.74062244894057,223.47900371908636,Masonic Cancer Center (Minnesota),1,0,1,92,45,9
42023,42,Cameron,Pennsylvania,41.502354,-78.23879,4547,2101,0,0,0,91.16543562088334,120.0700575234599,121.40617610941808,Roswell Park Comprehensive Cancer Center,0,0,0,70,31,8
06027,06,Inyo,California,37.171422,-118.268567,19016,7352,0,0,0,105.30901290659584,234.33151118896188,237.96617607059386,UC Davis Comprehensive Cancer Center,0,0,0,46,24,6
06025,06,Imperial,California,32.841599,-115.540049,179702,42395,0,0,0,109.55832693505958,109.55832693505958,118.15093253893224,Moores Comprehensive Cancer Center (UCSD),0,0,0,255,125,24
46111,46,Sanborn,South Dakota,44.005619,-98.14513,2330,860,0,0,0,92.39171823350658,92.39171823350658,265.01709005863034,Fred & Pamela Buffett Cancer Center (UNMC),12,6,1,119,53,15
06021,06,Glenn,California,39.665777,-122.179287,28917,8233,0,0,0,93.04415420043061,104.47406897468807,103.48207292952814,UC Davis Comprehensive Cancer Center,8,4,2,200,104,25
46127,46,Union,South Dakota,42.681007,-96.592222,16811,5393,0,0,0,73.22290033290362,73.22290033290362,125.52603109704077,Fred & Pamela Buffett Cancer Center (UNMC),17,9,2,132,60,15
41021,41,Gilliam,Oregon,45.449592,-120.197022,1995,910,0,0,0,83.73346579457487,139.2839121700868,145.01758110081224,Knight Cancer Institute (OHSU),0,0,0,34,19,2
06015,06,Del Norte,California,41.790833,-124.164236,27743,9194,0,0,0,196.946053682393,316.0458296581232,318.69840806655395,UC Davis Comprehensive Cancer Center,0,0,0,10,5,0
41023,41,Grant,Oregon,44.451525,-119.003559,7233,3326,0,0,0,121.99436914748054,228.18726908211875,232.74795720172494,Knight Cancer Institute (OHSU),0,0,0,17,11,1
06011,06,Colusa,California,39.153446,-122.083801,21839,5936,0,0,0,51.71594861599125,66.41458932481007,64.314436598458,UC Davis Comprehensive Cancer Center,30,16,3,401,200,41
42053,42,Forest,Pennsylvania,41.487078,-79.223165,6973,2760,0,0,0,71.29775566061961,98.0845093156207,96.57749731612363,UPMC Hillman Cancer Center,21,6,3,437,199,55
42047,42,Elk,Pennsylvania,41.419129,-78.619743,30990,12356,0,0,0,104.77645721721545,116.85841724397098,114.79848485372278,UPMC Hillman Cancer Center,0,0,0,338,151,48
06051,06,Mono,California,37.773016,-118.970627,13195,4274,0,0,0,100.15626560703309,170.40133457826548,174.4346756856988,UC Davis Comprehensive Cancer Center,0,0,0,53,29,5
06049,06,Modoc,California,41.521665,-120.631201,8700,3836,0,0,0,173.0107368014352,249.45077065101506,251.8520194042157,UC Davis Comprehensive Cancer Center,0,0,0,0,0,0
06045,06,Mendocino,California,39.285646,-123.394154,91601,33919,0,0,0,84.47795908901136,140.88124936563514,139.0304633803072,UC Davis Comprehensive Cancer Center,0,0,0,82,36,13
06043,06,Mariposa,California,37.532076,-119.971401,17131,7871,0,0,0,65.08792540210275,125.91491845855491,128.61334996692847,UC Davis Comprehensive Cancer Center,14,8,1,75,41,7
47087,47,Jackson,Tennessee,36.327984,-85.629403,11617,4712,0,0,0,76.24228309254511,76.24228309254511,79.95439682061773,Vanderbilt-Ingram Cancer Center,6,3,0,593,278,87
47085,47,Humphreys,Tennessee,36.071211,-87.77509,18990,6698,0,0,0,69.24122031063165,69.24122031063165,65.39551741186847,Vanderbilt-Ingram Cancer Center,4,3,0,552,265,84
06035,06,Lassen,California,40.393749,-120.584467,32730,8522,0,0,0,87.1887699481815,159.7063211285315,162.70227586085778,UC Davis Comprehensive Cancer Center,0,0,0,71,33,7
46129,46,Walworth,South Dakota,45.518483,-100.311806,5315,2013,0,0,0,111.20702729432952,266.7615356216524,415.3991202629188,Masonic Cancer Center (Minnesota),0,0,0,54,26,7
46095,46,Mellette,South Dakota,43.54937,-100.809211,1918,546,0,0,0,245.0027953482816,245.0027953482816,352.93623216626764,Fred & Pamela Buffett Cancer Center (UNMC),0,0,0,18,9,2
47089,47,Jefferson,Tennessee,36.064823,-83.453077,54683,20080,0,0,0,36.928855665243006,176.16865915295895,177.41212613347832,Markey Cancer Center (Kentucky),69,28,9,108,53,10
41049,41,Morrow,Oregon,45.739056,-119.617276,12186,3470,0,0,0,45.17775416242218,173.39246959335307,179.41695578641432,Knight Cancer Institute (OHSU),27,15,2,33,19,2
46097,46,Miner,South Dakota,44.01131,-97.551535,2298,961,0,0,0,61.808784406191734,61.808784406191734,249.26594460247094,Fred & Pamela Buffett Cancer Center (UNMC),12,6,1,119,53,15
46101,46,Moody,South Dakota,44.018445,-96.663373,6336,2174,0,0,0,38.3721039059686,38.3721039059686,217.69253991797387,Masonic Cancer Center (Minnesota),119,53,15,119,53,15
08017,08,Cheyenne,Colorado,38.817655,-102.470052,1748,621,0,0,0,147.4416373382592,176.05210308520495,170.32279835214504,University of Colorado Cancer Center,0,0,0,1,1,0
08015,08,Chaffee,Colorado,38.676811,-106.085131,19476,8206,0,0,0,87.75134503555523,113.44463631286351,119.5640915742046,University of Colorado Cancer Center,0,0,0,313,151,53
41053,41,Polk,Oregon,44.920857,-123.20811,87433,26678,0,0,0,26.748155947764165,50.83482709839351,56.038626705262416,Knight Cancer Institute (OHSU),126,64,9,351,176,37
42033,42,Clearfield,Pennsylvania,40.991528,-78.499291,80562,29162,0,0,0,87.53065975874051,102.91936142049208,100.51004671669267,UPMC Hillman Cancer Center,25,8,3,348,157,50
47069,47,Hardeman,Tennessee,35.222929,-89.018519,25462,8067,0,0,0,59.305566468446955,59.305566468446955,167.60864005532318,Vanderbilt-Ingram Cancer Center,117,60,8,121,63,8
41007,41,Clatsop,Oregon,46.098894,-123.841041,41072,16079,0,0,0,75.6775076698164,75.6775076698164,83.50604211832892,Knight Cancer Institute (OHSU),17,8,2,320,155,36
42037,42,Columbia,Pennsylvania,41.038653,-76.389553,64727,22051,0,0,0,15.450445680792493,116.50395036812381,115.6724134980904,Fox Chase Cancer Center,63,32,6,553,240,73
41009,41,Columbia,Oregon,45.889969,-122.929381,52589,18384,0,0,0,27.4130997124255,33.65943691184491,35.940591569972526,Knight Cancer Institute (OHSU),303,148,34,355,171,40
41013,41,Crook,Oregon,44.283564,-120.843605,24738,10364,0,0,0,31.804022810605957,144.9330640171233,147.55645212038107,Knight Cancer Institute (OHSU),31,13,3,31,13,3
42035,42,Clinton,Pennsylvania,41.140123,-77.448809,37450,12437,0,0,0,33.69454871047216,160.24918423016837,161.68403178588937,UM Greenebaum Comprehensive Cancer Center,49,24,5,168,83,20
46105,46,Perkins,South Dakota,45.70961,-102.331006,2835,1186,0,0,0,128.91056611952916,359.5491657035087,517.3556023738981,University of Colorado Cancer Center,0,0,0,0,0,0
47101,47,Lewis,Tennessee,35.533225,-87.521716,12582,4332,0,0,0,72.38730965646137,72.38730965646137,69.9868958707192,Vanderbilt-Ingram Cancer Center,10,3,1,548,263,84
46137,46,Ziebach,South Dakota,44.929817,-101.530161,2413,600,0,0,0,163.13121274338536,306.81073842220036,454.912933860638,Fred & Pamela Buffett Cancer Center (UNMC),0,0,0,18,9,2
41015,41,Curry,Oregon,42.251867,-124.327962,23446,12529,0,0,0,165.27301905847256,281.931929530048,285.7415188157863,Knight Cancer Institute (OHSU),3,0,0,25,10,3
46107,46,Potter,South Dakota,45.070399,-99.951949,2472,1012,0,0,0,152.62778764642545,228.49090242882855,393.5934628824454,Masonic Cancer Center (Minnesota),0,0,0,20,11,2
46102,46,Oglala Lakota,South Dakota,43.183372,-102.47964,13672,2151,0,0,0,274.4075796959004,313.1994707105865,320.35391081500376,University of Colorado Cancer Center,0,0,0,15,9,0
46025,46,Clark,South Dakota,44.825614,-97.709207,3837,1415,0,0,0,120.08115760187988,120.08115760187988,263.0125366669662,Masonic Cancer Center (Minnesota),1,0,1,18,10,3
46023,46,Charles Mix,South Dakota,43.175337,-98.527816,9373,2896,0,0,0,112.82968392250446,112.82968392250446,224.71088911841156,Fred & Pamela Buffett Cancer Center (UNMC),12,6,1,119,53,15
46021,46,Campbell,South Dakota,45.801272,-100.100553,1377,707,0,0,0,92.78977970808756,272.0510029669717,405.44776610173847,Masonic Cancer Center (Minnesota),0,0,0,54,26,7
46019,46,Butte,South Dakota,44.669688,-103.766262,10243,3563,0,0,0,249.18039624610716,294.09849271182026,413.43299855680715,University of Colorado Cancer Center,15,9,0,15,9,0
46017,46,Buffalo,South Dakota,44.059088,-99.371007,1948,339,0,0,0,163.2927094103528,163.2927094103528,312.59472516297393,Fred & Pamela Buffett Cancer Center (UNMC),0,0,0,18,9,2
46015,46,Brule,South Dakota,43.762674,-99.191362,5247,1834,0,0,0,148.51355251803264,148.51355251803264,287.3961320239121,Fred & Pamela Buffett Cancer Center (UNMC),0,0,0,18,9,2
06009,06,Calaveras,California,38.157342,-120.645222,45292,21179,0,0,0,47.04798973956091,58.74314957696719,62.040330256156444,UC Davis Comprehensive Cancer Center,161,83,18,335,150,38
46089,46,McPherson,South Dakota,45.766155,-99.243067,2411,1029,0,0,0,123.46573263231349,235.45112546441163,355.9345322546264,Masonic Cancer Center (Minnesota),16,10,2,25,15,2
46091,46,Marshall,South Dakota,45.757886,-97.628902,4306,1656,0,0,0,100.78165370048428,189.89758046220572,263.98992401546536,Masonic Cancer Center (Minnesota),16,10,2,85,39,9
06005,06,Amador,California,38.395906,-120.778038,40474,17755,0,0,0,41.67880758310323,41.67880758310323,45.901328935031465,UC Davis Comprehensive Cancer Center,167,88,18,364,163,41
46093,46,Meade,South Dakota,44.281372,-103.280064,29852,8945,0,0,0,256.48342166760864,332.8492018355156,388.0048116346376,University of Colorado Cancer Center,15,9,0,15,9,0
45037,45,Edgefield,South Carolina,33.713128,-81.923002,25657,9155,0,0,0,25.26717758062287,146.3070798693112,157.04490867595888,Hollings Cancer Center (MUSC),55,32,4,142,73,13
46061,46,Hanson,South Dakota,43.656069,-97.771709,3461,1036,0,0,0,62.97346978612766,62.97346978612766,228.73278533338953,Fred & Pamela Buffett Cancer Center (UNMC),12,6,1,119,53,15
06091,06,Sierra,California,39.607184,-120.421856,3236,1432,0,0,0,40.607738631993875,105.97486921363064,110.05943069724138,UC Davis Comprehensive Cancer Center,69,31,7,201,104,21
45035,45,Dorchester,South Carolina,32.995941,-80.212663,161540,45186,0,0,0,21.57579498548711,21.57579498548711,25.367943590155715,Hollings Cancer Center (MUSC),126,58,13,190,93,18
45033,45,Dillon,South Carolina,34.39479,-79.361598,28292,8502,0,0,0,58.68393682258865,120.81671234800939,126.87967913288261,UNC Lineberger Comprehensive Cancer Center,54,26,9,131,64,12
46067,46,Hutchinson,South Dakota,43.336978,-97.745451,7427,2612,0,0,0,63.73203259597309,63.73203259597309,205.2595997857788,Fred & Pamela Buffett Cancer Center (UNMC),17,9,2,119,53,15
46069,46,Hyde,South Dakota,44.519687,-99.455271,1262,593,0,0,0,180.84707510507036,180.84707510507036,344.72311136741206,Fred & Pamela Buffett Cancer Center (UNMC),18,9,2,20,11,2
46071,46,Jackson,South Dakota,43.649678,-101.665063,2806,732,0,0,0,268.35355496551256,296.26023553288616,378.45983845046686,University of Colorado Cancer Center,0,0,0,31,17,2
46073,46,Jerauld,South Dakota,44.09101,-98.537954,1663,747,0,0,0,116.73512113916631,116.73512113916631,283.6190031482309,Fred & Pamela Buffett Cancer Center (UNMC),12,6,1,120,54,15
45031,45,Darlington,South Carolina,34.326094,-79.985464,62905,20779,0,0,0,84.24667950963091,93.74511083525509,127.77738200921078,Hollings Cancer Center (MUSC),4,1,1,257,131,27
46075,46,Jones,South Dakota,43.89534,-100.695148,917,328,0,0,0,239.10258918001836,239.10258918001836,363.04605338726134,Fred & Pamela Buffett Cancer Center (UNMC),18,9,2,18,9,2
46077,46,Kingsbury,South Dakota,44.377105,-97.408777,5187,1971,0,0,0,79.0108562368144,79.0108562368144,250.98374787628543,Masonic Cancer Center (Minnesota),1,0,1,120,54,15
45029,45,Colleton,South Carolina,32.90881,-80.646921,38604,13462,0,0,0,47.080659851810424,47.080659851810424,49.72267730831529,Hollings Cancer Center (MUSC),131,62,13,180,89,16
46045,46,Edmunds,South Dakota,45.453421,-99.148719,3986,1567,0,0,0,146.554442476134,212.39607194332453,347.5783477536824,Masonic Cancer Center (Minnesota),16,10,2,20,11,2
45027,45,Clarendon,South Carolina,33.686186,-80.207955,31144,12344,0,0,0,73.09553496557584,73.09553496557584,76.83324236860177,Hollings Cancer Center (MUSC),4,1,1,179,86,18
45025,45,Chesterfield,South Carolina,34.681114,-80.149834,43273,14535,0,0,0,64.1047175921199,64.1047175921199,118.12275031557829,Wake Forest Baptist Comprehensive Cancer Center,17,8,2,305,157,33
46063,46,Harding,South Dakota,45.605864,-103.520304,1311,459,0,0,0,187.71309657986785,291.3917558563508,492.36761051794883,University of Colorado Cancer Center,0,0,0,0,0,0
05101,05,Newton,Arkansas,35.982591,-93.165658,7225,3086,0,0,0,68.14290583582137,232.17903759202756,271.9271687680756,University of Kansas Cancer Center,15,10,1,168,70,17
05099,05,Nevada,Arkansas,33.725543,-93.359433,8310,2920,0,0,0,108.57359712124601,249.47833047142046,253.01315934771355,Harold C. Simmons Comprehensive Cancer Center (UTSW),0,0,0,127,47,13
05103,05,Ouachita,Arkansas,33.573847,-92.838686,22650,8055,0,0,0,105.88858764767544,239.79461368968376,284.85175044415683,Harold C. Simmons Comprehensive Cancer Center (UTSW),0,0,0,127,47,13
05133,05,Sevier,Arkansas,34.015316,-94.30378,15839,4135,0,0,0,108.12481658493321,198.84316003766,201.97678274372848,Harold C. Simmons Comprehensive Cancer Center (UTSW),0,0,0,35,18,3
05129,05,Searcy,Arkansas,35.923072,-92.660663,7828,3273,0,0,0,97.99692726100692,198.3795509202857,274.11615411110097,Siteman Cancer Center (WashU),0,0,0,167,70,17
05127,05,Scott,Arkansas,34.904224,-94.097007,9836,3547,0,0,0,38.55874082016085,237.00706988261868,235.63520877879947,Stephenson Cancer Center (Oklahoma),21,13,1,89,37,8
05105,05,Perry,Arkansas,34.998711,-92.777667,10019,3562,0,0,0,36.51171594646264,196.5165644697704,322.454570168083,Stephenson Cancer Center (Oklahoma),96,37,11,103,42,11
05123,05,St. Francis,Arkansas,35.016355,-90.774948,23090,6885,0,0,0,56.55482348993251,61.04204607306458,283.6634506692375,Vanderbilt-Ingram Cancer Center,36,20,4,185,84,16
05121,05,Randolph,Arkansas,36.302137,-90.989599,18571,6106,0,0,0,44.229306089536095,122.24419604306429,198.41745699902805,Siteman Cancer Center (WashU),29,12,5,30,12,6
05107,05,Phillips,Arkansas,34.530919,-90.703802,16568,5405,0,0,0,61.00360454606637,74.63777949905543,281.21790761636805,O'Neal Comprehensive Cancer Center (UAB),0,0,0,185,84,16
05117,05,Prairie,Arkansas,34.863817,-91.540516,8282,3134,0,0,0,53.23173282664982,114.5133859411192,323.15504045727255,Siteman Cancer Center (WashU),87,33,9,189,85,18
05109,05,Pike,Arkansas,34.186355,-93.626194,10171,3458,0,0,0,102.04751290426186,246.5719883411596,249.79494111105137,Harold C. Simmons Comprehensive Cancer Center (UTSW),9,4,2,104,42,11
05115,05,Pope,Arkansas,35.309054,-93.096833,63381,18283,0,0,0,69.10170831408665,217.95282847074893,298.16557031423633,Stephenson Cancer Center (Oklahoma),1,0,0,152,61,16
05135,05,Sharp,Arkansas,36.178093,-91.51953,17271,7175,0,0,0,63.70342258535174,140.14941287096482,219.0487542830525,Siteman Cancer Center (WashU),0,0,0,41,21,5
06003,06,Alpine,California,38.728485,-119.847822,1204,649,0,0,0,66.91922539178113,100.17790852088451,105.25132673669088,UC Davis Comprehensive Cancer Center,18,7,2,204,104,21
05149,05,Yell,Arkansas,35.127752,-93.28293,20263,6513,0,0,0,71.97452026169533,230.31309213289256,287.04001878115173,Stephenson Cancer Center (Oklahoma),10,4,2,152,61,16
05113,05,Polk,Arkansas,34.522847,-94.25793,19221,7247,0,0,0,66.31569714827314,225.03378004821954,227.77879510401775,Harold C. Simmons Comprehensive Cancer Center (UTSW),0,0,0,36,18,3
05147,05,Woodruff,Arkansas,35.233161,-91.251021,6269,2346,0,0,0,63.53885276824399,92.86511215693739,288.72471546725666,Siteman Cancer Center (WashU),0,0,0,183,83,16
46079,46,Lake,South Dakota,44.001466,-97.095038,11059,4281,0,0,0,42.70744815681559,42.70744815681559,239.05562406336085,Fred & Pamela Buffett Cancer Center (UNMC),119,53,15,119,53,15
46081,46,Lawrence,South Dakota,44.453405,-103.805876,25768,10311,0,0,0,264.0736290481745,298.5786652593416,395.3606040926301,University of Colorado Cancer Center,15,9,0,15,9,0
46083,46,Lincoln,South Dakota,43.441142,-96.744487,65161,16829,0,0,0,9.742419422072402,9.742419422072402,188.59440960484915,Fred & Pamela Buffett Cancer Center (UNMC),119,53,15,119,53,15
46085,46,Lyman,South Dakota,43.953669,-99.716961,3718,1171,0,0,0,181.7609132398778,181.7609132398778,320.933897551285,Fred & Pamela Buffett Cancer Center (UNMC),18,9,2,18,9,2
05145,05,White,Arkansas,35.239408,-91.773595,76822,23037,0,0,0,53.2293732347562,128.20057689545285,297.9683863054711,Siteman Cancer Center (WashU),87,33,9,113,44,15
05141,05,Van Buren,Arkansas,35.568095,-92.42013,15796,6897,0,0,0,66.12183620125083,175.1356717452132,290.7375896170289,Siteman Cancer Center (WashU),1,0,0,115,46,15
05139,05,Union,Arkansas,33.207421,-92.65198,39054,12381,0,0,0,100.6760674783825,247.8356296525855,293.17980536163344,Harold C. Simmons Comprehensive Cancer Center (UTSW),0,0,0,49,16,6
05137,05,Stone,Arkansas,35.855715,-92.133812,12359,5405,0,0,0,90.42030991577276,163.17686643974687,260.61308267612435,Siteman Cancer Center (WashU),0,0,0,107,42,13
06089,06,Shasta,California,40.578348,-122.300147,182155,63733,0,0,0,160.36947378814935,176.69752971759476,176.55019871429096,UC Davis Comprehensive Cancer Center,0,0,0,9,5,2
46087,46,McCook,South Dakota,43.661486,-97.348311,5682,1799,0,0,0,38.00485181410389,38.00485181410389,217.8193146533835,Fred & Pamela Buffett Cancer Center (UNMC),119,53,15,119,53,15
05111,05,Poinsett,Arkansas,35.604751,-90.558401,22965,7208,0,0,0,20.555564476209344,60.06087562737165,251.19284682912104,Siteman Cancer Center (WashU),29,12,5,122,61,10
46043,46,Douglas,South Dakota,43.377636,-98.369735,2835,1102,0,0,0,99.70950133121157,99.70950133121157,230.48934700574682,Fred & Pamela Buffett Cancer Center (UNMC),12,6,1,119,53,15
46005,46,Beadle,South Dakota,44.367306,-98.2277,19149,6005,0,0,0,111.67891193405823,111.67891193405823,293.48409021627816,Fred & Pamela Buffett Cancer Center (UNMC),12,6,1,120,54,15
46003,46,Aurora,South Dakota,43.693726,-98.529708,2747,917,0,0,0,108.50373061649887,108.50373061649887,256.8250542126396,Fred & Pamela Buffett Cancer Center (UNMC),12,6,1,119,53,15
47017,47,Carroll,Tennessee,36.018877,-88.464218,28440,9620,0,0,0,115.64297692306415,115.64297692306415,111.79690057776676,Vanderbilt-Ingram Cancer Center,1,1,0,550,265,84
45089,45,Williamsburg,South Carolina,33.651948,-79.733224,31026,11093,0,0,0,55.88722345360056,70.57300980146469,73.38997151701147,Hollings Cancer Center (MUSC),59,28,9,175,84,18
47019,47,Carter,Tennessee,36.31899,-82.203404,56356,21016,0,0,0,113.1259215798134,129.9383623605829,131.18335659546727,Wake Forest Baptist Comprehensive Cancer Center,6,3,1,90,48,7
45085,45,Sumter,South Carolina,33.929496,-80.389604,105556,31427,0,0,0,95.84294414915446,95.84294414915446,99.66738959129177,Hollings Cancer Center (MUSC),14,7,1,303,153,32
47021,47,Cheatham,Tennessee,36.272282,-87.063519,41072,12946,0,0,0,24.066612256092075,24.066612256092075,20.41797178714073,Vanderbilt-Ingram Cancer Center,545,262,83,546,262,83
42083,42,McKean,Pennsylvania,41.865244,-78.58325,40432,14265,0,0,0,86.02270333611422,86.02270333611422,86.83933724303664,Roswell Park Comprehensive Cancer Center,0,0,0,180,80,20
42067,42,Juniata,Pennsylvania,40.573028,-77.327685,23509,8346,0,0,0,33.86618796375045,113.68800945894544,115.06285708206566,UM Greenebaum Comprehensive Cancer Center,110,50,13,466,218,51
42065,42,Jefferson,Pennsylvania,41.085869,-78.964273,44492,16219,0,0,0,73.42855748331765,82.46326690604386,80.31356834484997,UPMC Hillman Cancer Center,22,7,2,334,149,48
42061,42,Huntingdon,Pennsylvania,40.428603,-78.002926,44092,15620,0,0,0,60.43844579060697,124.24402257180519,121.74465819698631,UPMC Hillman Cancer Center,37,15,3,171,77,21
42059,42,Greene,Pennsylvania,39.876907,-80.113513,35954,12044,0,0,0,22.292662356419385,48.181411275206145,49.09029477833254,UPMC Hillman Cancer Center,357,162,48,415,190,53
46047,46,Fall River,South Dakota,43.387361,-103.513072,6973,3489,0,0,0,258.0257273230029,303.8403666262684,312.8217813965319,University of Colorado Cancer Center,15,9,0,15,9,0
06069,06,San Benito,California,36.843074,-121.402614,64209,16751,0,0,0,51.63038141987382,51.63038141987382,70.70137699013156,Stanford Cancer Institute,218,90,24,432,199,42
06063,06,Plumas,California,39.981152,-120.821957,19790,9304,0,0,0,75.28915677564756,122.51658739643752,125.41989244134241,UC Davis Comprehensive Cancer Center,0,0,0,106,53,8
42113,42,Sullivan,Pennsylvania,41.469615,-76.492908,5840,3002,0,0,0,40.12920741382674,141.53842707979518,146.6869461070815,Fox Chase Cancer Center,72,37,7,180,82,23
47023,47,Chester,Tennessee,35.438266,-88.62251,17341,5213,0,0,0,83.46858801913827,89.25036584064613,135.6384889700284,Vanderbilt-Ingram Cancer Center,0,0,0,124,65,8
47025,47,Claiborne,Tennessee,36.4887,-83.639849,32043,10998,0,0,0,48.88437048511735,138.94678817649392,140.1966743681896,Markey Cancer Center (Kentucky),79,33,9,91,42,10
47027,47,Clay,Tennessee,36.552828,-85.562901,7581,3077,0,0,0,86.10290846929256,86.10290846929256,89.48209838788354,Vanderbilt-Ingram Cancer Center,3,2,0,588,276,87
47029,47,Cocke,Tennessee,35.947274,-83.174047,35999,13666,0,0,0,54.90706035659927,169.64215001101707,194.11166558642938,Markey Cancer Center (Kentucky),76,33,10,152,71,13
47031,47,Coffee,Tennessee,35.454229,-86.124582,57889,18176,0,0,0,69.24437875896122,70.36630198531581,73.1583531752576,Vanderbilt-Ingram Cancer Center,7,2,0,555,265,84
42105,42,Potter,Pennsylvania,41.823262,-77.935838,16396,6729,0,0,0,93.2281869793575,102.93509890163419,105.18122415650338,Roswell Park Comprehensive Cancer Center,1,1,0,266,122,32
42103,42,Pike,Pennsylvania,41.302389,-74.983463,58535,24874,0,0,0,29.71673446946253,66.12475148191265,75.54809495339538,Herbert Irving Comprehensive Cancer Center (Columbia),129,59,9,1417,591,192
42099,42,Perry,Pennsylvania,40.410783,-77.154446,45842,16250,0,0,0,17.43100594011682,97.10281040636926,98.51809497921163,UM Greenebaum Comprehensive Cancer Center,126,61,16,641,295,64
42097,42,Northumberland,Pennsylvania,40.874558,-76.684501,91647,33322,0,0,0,10.68797024015303,121.32949379506833,120.67609081094459,Abramson Cancer Center (Penn),115,54,14,269,124,34
44005,44,Newport,Rhode Island,41.548629,-71.266556,85643,33824,0,0,0,21.186731945013186,27.985315047991538,67.00744529198921,Dana-Farber/Harvard Cancer Center,180,87,20,911,453,112
42057,42,Fulton,Pennsylvania,39.918305,-78.08615,14556,5446,0,0,0,67.40565670773886,92.39925647301463,104.63688560501504,Georgetown Lombardi Comprehensive Cancer Center,42,16,5,926,420,114
46049,46,Faulk,South Dakota,45.061037,-99.099318,2125,796,0,0,0,174.7102503758682,187.76244588499722,343.6856439319368,Masonic Cancer Center (Minnesota),16,10,2,21,11,3
45023,45,Chester,South Carolina,34.704401,-81.118573,32294,10770,0,0,0,47.723384112166436,47.723384112166436,129.63518642813233,Wake Forest Baptist Comprehensive Cancer Center,170,89,19,235,122,24
45059,45,Laurens,South Carolina,34.509505,-82.032019,67539,22360,0,0,0,34.47477616963565,101.59736135177404,168.13505483211173,Winship Cancer Institute (Emory),85,45,6,279,144,30
46051,46,Grant,South Dakota,45.206943,-96.658721,7556,2865,0,0,0,96.01471395542956,136.764620804484,201.29077541883217,Masonic Cancer Center (Minnesota),1,0,1,32,20,3
45055,45,Kershaw,South Carolina,34.257249,-80.650865,65403,21860,0,0,0,81.08902088944576,81.08902088944576,131.34706740371954,Hollings Cancer Center (MUSC),12,7,0,246,128,24
46053,46,Gregory,South Dakota,43.183504,-99.27955,3994,1577,0,0,0,156.67911832148206,156.67911832148206,259.5443690881757,Fred & Pamela Buffett Cancer Center (UNMC),0,0,0,22,12,2
45053,45,Jasper,South Carolina,32.407305,-81.002142,28791,11637,0,0,0,31.632601126899893,79.48639737543036,80.0009734377512,Hollings Cancer Center (MUSC),32,15,3,175,86,16
45049,45,Hampton,South Carolina,32.801597,-81.116415,18561,5899,0,0,0,62.900900956350426,79.34377804965216,81.42023121689587,Hollings Cancer Center (MUSC),14,6,2,177,88,16
46055,46,Haakon,South Dakota,44.133291,-101.572693,1872,738,0,0,0,227.95276252507117,293.34466264691713,415.6260676846238,University of Colorado Cancer Center,0,0,0,31,17,2
45039,45,Fairfield,South Carolina,34.361268,-81.069334,20948,8375,0,0,0,73.62873740213114,73.62873740213114,151.88642722092095,Hollings Cancer Center (MUSC),29,15,2,255,134,26
45081,45,Saluda,South Carolina,33.99882,-81.702809,18862,6696,0,0,0,53.10483842857082,118.20113776667698,157.70963873949256,Hollings Cancer Center (MUSC),56,33,4,266,138,29
46057,46,Hamlin,South Dakota,44.646162,-97.148245,6164,1619,0,0,0,93.55073151921614,93.55073151921614,231.7562330021957,Masonic Cancer Center (Minnesota),1,0,1,120,54,15
46059,46,Hand,South Dakota,44.525472,-98.991594,3145,1154,0,0,0,156.75766369285753,156.75766369285753,328.55869229950844,Fred & Pamela Buffett Cancer Center (UNMC),0,0,0,21,11,3
46041,46,Dewey,South Dakota,45.116562,-101.110107,5239,1092,0,0,0,142.91654979892834,289.9745636529197,447.0834961785168,Fred & Pamela Buffett Cancer Center (UNMC),0,0,0,18,9,2
45071,45,Newberry,South Carolina,34.264651,-81.573551,37719,12926,0,0,0,65.10789205218244,94.76868005087552,166.31608324228517,Hollings Cancer Center (MUSC),23,13,1,253,133,25
45069,45,Marlboro,South Carolina,34.637958,-79.671661,26667,8658,0,0,0,52.18147898379144,91.99675220648912,113.03854566771962,UNC Lineberger Comprehensive Cancer Center,43,16,3,417,198,41
45067,45,Marion,South Carolina,34.166085,-79.340476,29183,10094,0,0,0,42.31573802832804,119.55344135257042,121.96005835553598,Hollings Cancer Center (MUSC),59,28,9,217,105,20
46027,46,Clay,South Dakota,42.808955,-96.936772,14967,3183,0,0,0,63.354770439318116,63.354770439318116,143.1426614309009,Fred & Pamela Buffett Cancer Center (UNMC),17,9,2,120,53,15
46031,46,Corson,South Dakota,45.758065,-100.912373,3902,963,0,0,0,88.73051370494646,306.63221308149986,451.70384465727784,Masonic Cancer Center (Minnesota),0,0,0,53,25,7
45065,45,McCormick,South Carolina,33.879301,-82.297749,9526,5384,0,0,0,41.0915243994896,134.49066922616157,139.80391708551903,Winship Cancer Institute (Emory),50,29,4,143,73,13
46033,46,Custer,South Dakota,43.740721,-103.514861,8318,4508,0,0,0,285.2484865373355,331.91806001527715,341.0967291772326,University of Colorado Cancer Center,15,9,0,15,9,0
45061,45,Lee,South Carolina,34.183585,-80.266874,16531,5638,0,0,0,94.24105027440442,94.24105027440442,118.00887694800785,Hollings Cancer Center (MUSC),7,3,1,326,163,33
46037,46,Day,South Dakota,45.369062,-97.519215,5449,2276,0,0,0,128.65607718185734,157.20531566814014,252.48841729816075,Masonic Cancer Center (Minnesota),17,10,3,17,10,3
46039,46,Deuel,South Dakota,44.738673,-96.660949,4295,1565,0,0,0,97.96095032986383,97.96095032986383,202.2800841784962,Masonic Cancer Center (Minnesota),7,4,1,130,62,15
05097,05,Montgomery,Arkansas,34.514568,-93.622447,8484,3807,0,0,0,83.21302198090419,259.36566459212247,263.16361534995514,Harold C. Simmons Comprehensive Cancer Center (UTSW),9,4,2,103,42,11
46011,46,Brookings,South Dakota,44.31091,-96.785884,34375,7846,0,0,0,62.48830635250012,62.48830635250012,216.56333052340338,Masonic Cancer Center (Minnesota),7,4,1,119,53,15
46009,46,Bon Homme,South Dakota,42.966147,-97.859901,7003,2450,0,0,0,83.97584899751952,83.97584899751952,184.5314366997397,Fred & Pamela Buffett Cancer Center (UNMC),17,9,2,119,53,15
46007,46,Bennett,South Dakota,43.210572,-101.785879,3381,845,0,0,0,264.55113760544185,305.8791022619534,344.0496655483864,University of Colorado Cancer Center,0,0,0,15,9,0
45075,45,Orangeburg,South Carolina,33.47176,-80.798783,84223,28996,0,0,0,78.19138966643759,78.19138966643759,82.0112644985311,Hollings Cancer Center (MUSC),11,6,0,169,84,16
37199,37,Yancey,North Carolina,35.910934,-82.294631,18470,7678,0,0,0,80.87811355050623,114.55844466039945,137.33605003406825,Wake Forest Baptist Comprehensive Cancer Center,33,16,4,280,138,29
38001,38,Adams,North Dakota,46.035876,-102.621818,2200,918,0,0,0,124.75747121977821,342.2779270141845,538.4777766972909,University of Colorado Cancer Center,0,0,0,0,0,0
38003,38,Barnes,North Dakota,46.926891,-98.030382,10853,3983,0,0,0,66.25356315294403,289.40093546002527,320.2072307491952,Masonic Cancer Center (Minnesota),13,7,1,82,37,8
38005,38,Benson,North Dakota,48.022233,-99.148961,5964,1595,0,0,0,134.4008103394566,395.57573166784545,421.38345854483725,Masonic Cancer Center (Minnesota),0,0,0,21,11,2
38007,38,Billings,North Dakota,47.00341,-103.306329,945,374,0,0,0,144.91403603803866,315.98390333968115,603.5423968267186,Masonic Cancer Center (Minnesota),0,0,0,0,0,0
38009,38,Bottineau,North Dakota,48.818996,-100.635057,6379,2505,0,0,0,165.63251343452382,490.20237266381577,526.202767097494,Masonic Cancer Center (Minnesota),0,0,0,1,1,0
39013,39,Belmont,Ohio,40.042452,-80.892944,66497,23950,0,0,0,49.303304026490025,67.29895143131729,69.67039715362837,UPMC Hillman Cancer Center,27,11,2,422,194,56
39015,39,Brown,Ohio,38.952078,-83.892764,43676,14681,0,0,0,42.58226955428196,43.984359212594256,86.10221016657773,Markey Cancer Center (Kentucky),254,129,26,600,300,60
47079,47,Henry,Tennessee,36.319829,-88.291369,32199,12687,0,0,0,104.53646601526852,104.53646601526852,100.60314873072937,Vanderbilt-Ingram Cancer Center,1,1,0,550,265,84
39021,39,Champaign,Ohio,40.121157,-83.756495,38714,13042,0,0,0,30.754124834785618,49.511184196137584,47.562756944216105,OSU Comprehensive Cancer Center – James,424,231,34,581,300,56
39029,39,Columbiana,Ohio,40.780285,-80.730613,101877,37003,0,0,0,41.58883532595417,55.15308795401105,57.139821633591765,UPMC Hillman Cancer Center,391,180,54,623,283,75
39031,39,Coshocton,Ohio,40.291486,-81.863132,36612,12364,0,0,0,54.24133433375205,75.49495705245646,77.15997538832818,OSU Comprehensive Cancer Center – James,102,49,14,665,332,65
39033,39,Crawford,Ohio,40.796314,-82.873456,42025,14539,0,0,0,21.109100969538375,66.34801144727449,66.16309038984,OSU Comprehensive Cancer Center – James,35,18,4,684,343,68
38099,38,Walsh,North Dakota,48.392384,-97.55615,10563,3864,0,0,0,133.31213482092085,370.20234852584366,374.9275410586686,Masonic Cancer Center (Minnesota),8,4,1,27,14,2
38103,38,Wells,North Dakota,47.673531,-99.776162,3982,1665,0,0,0,89.6964363052736,384.1125873508464,436.0176448205831,Masonic Cancer Center (Minnesota),0,0,0,50,25,6
38105,38,Williams,North Dakota,48.198161,-103.581969,40950,7632,0,0,0,194.79258139711433,344.3860852731994,646.6057549226758,Masonic Cancer Center (Minnesota),0,0,0,0,0,0
39001,39,Adams,Ohio,38.851155,-83.519185,27477,9000,0,0,0,66.50144921225406,69.3889415559135,93.46760261530461,Markey Cancer Center (Kentucky),23,10,0,601,301,60
39019,39,Carroll,Ohio,40.608768,-81.114233,26721,10152,0,0,0,25.651715428866343,73.23319655516269,75.6203741085642,UPMC Hillman Cancer Center,114,52,17,625,284,75
38031,38,Foster,North Dakota,47.460553,-99.032312,3397,1280,0,0,0,110.90506945952755,350.03907850758037,391.06479663817,Masonic Cancer Center (Minnesota),13,7,1,55,26,7
38033,38,Golden Valley,North Dakota,46.891037,-103.959283,1736,713,0,0,0,181.3944024141915,277.9185944975432,594.7091762843583,University of Colorado Cancer Center,0,0,0,1,1,0
38037,38,Grant,North Dakota,46.39358,-101.709905,2301,1009,0,0,0,64.71468902955463,374.74098287279475,504.49143013543414,Masonic Cancer Center (Minnesota),0,0,0,43,20,6
38039,38,Griggs,North Dakota,47.45152,-98.184378,2306,1050,0,0,0,89.3615454514795,333.641568682183,350.2731231340392,Masonic Cancer Center (Minnesota),13,7,1,82,37,8
38041,38,Hettinger,North Dakota,46.452752,-102.563748,2489,1024,0,0,0,107.10613766332645,348.07746101175456,553.4083083539582,Masonic Cancer Center (Minnesota),0,0,0,43,20,6
38043,38,Kidder,North Dakota,46.913782,-99.803211,2394,1016,0,0,0,54.825391110209,330.9494754982999,411.18801539662695,Masonic Cancer Center (Minnesota),43,20,6,49,24,6
38045,38,LaMoure,North Dakota,46.405038,-98.531088,4093,1708,0,0,0,101.82262789454079,258.5367029852819,328.7419797089148,Masonic Cancer Center (Minnesota),13,7,1,84,39,8
38047,38,Logan,North Dakota,46.497157,-99.553732,1876,818,0,0,0,73.83814509244677,294.44951370484887,386.6699851053241,Masonic Cancer Center (Minnesota),13,7,1,57,29,7
37197,37,Yadkin,North Carolina,36.164018,-80.673979,37214,13442,0,0,0,28.253027973865688,28.253027973865688,28.128429662082258,Wake Forest Baptist Comprehensive Cancer Center,121,69,12,579,288,59
38013,38,Burke,North Dakota,48.760535,-102.539257,2201,775,0,0,0,188.70095011264354,417.94082650344296,613.0828844799175,Masonic Cancer Center (Minnesota),0,0,0,1,1,0
38019,38,Cavalier,North Dakota,48.756287,-98.408736,3704,1539,0,0,0,179.6483741244295,424.16569166703084,429.0772413234899,Masonic Cancer Center (Minnesota),0,0,0,8,4,1
38021,38,Dickey,North Dakota,46.090319,-98.316828,4999,1625,0,0,0,104.22839078216361,229.6966838861539,309.2079539479752,Masonic Cancer Center (Minnesota),16,10,2,85,39,9
38023,38,Divide,North Dakota,48.873168,-103.340573,2195,877,0,0,0,222.43464330874448,388.32175665222496,656.4045630069452,Masonic Cancer Center (Minnesota),0,0,0,0,0,0
38025,38,Dunn,North Dakota,47.337232,-102.638185,4095,1381,0,0,0,114.22133998067594,360.2797503575017,573.9937565987227,Masonic Cancer Center (Minnesota),0,0,0,44,21,6
38027,38,Eddy,North Dakota,47.705809,-99.056923,2347,983,0,0,0,120.62820358613295,369.32360326522553,402.67946912088274,Masonic Cancer Center (Minnesota),0,0,0,21,11,2
38029,38,Emmons,North Dakota,46.26697,-100.221494,3301,1491,0,0,0,55.44194380736216,303.9658585066575,418.8776571612528,Masonic Cancer Center (Minnesota),43,20,6,49,24,6
37189,37,Watauga,North Carolina,36.218213,-81.686035,54086,15264,0,0,0,96.02042650127534,96.02042650127534,95.88380623710275,Wake Forest Baptist Comprehensive Cancer Center,15,7,4,270,143,30
38011,38,Bowman,North Dakota,46.17101,-103.389737,2993,1106,0,0,0,159.45995199991648,298.71007986227954,539.8238427854296,University of Colorado Cancer Center,0,0,0,0,0,0
08125,08,Yuma,Colorado,40.065848,-102.480825,9988,2954,0,0,0,148.8500607341435,155.83295161162997,152.1835901428404,University of Colorado Cancer Center,0,0,0,1,1,0
09007,09,Middlesex,Connecticut,41.479018,-72.571631,164245,61817,0,0,0,24.033718194249836,24.033718194249836,26.32136807527238,Yale Cancer Center,363,168,44,1576,686,200
09013,09,Tolland,Connecticut,41.842288,-72.372969,149788,47895,0,0,0,22.353423549022803,51.097955345028,56.168333380906454,Yale Cancer Center,441,205,57,1126,526,142
08099,08,Prowers,Colorado,38.083029,-102.548624,11999,3712,0,0,0,157.44846089425616,206.23537209409298,202.03979312781175,University of Colorado Cancer Center,0,0,0,20,12,1
08103,08,Rio Blanco,Colorado,40.05108,-108.268744,6529,2091,0,0,0,81.40348898883866,212.84583867772625,219.71681102233842,University of Colorado Cancer Center,0,0,0,39,18,5
08105,08,Rio Grande,Colorado,37.61185,-106.242067,11539,4107,0,0,0,142.90162436213214,194.13155218679253,198.99005732146966,University of Colorado Cancer Center,1,0,0,21,11,1
08107,08,Routt,Colorado,40.455504,-106.89741,24829,8126,0,0,0,113.4193951365865,134.0983178834419,143.26356626545245,University of Colorado Cancer Center,0,0,0,70,33,7
08109,08,Saguache,Colorado,37.925349,-106.006105,6368,2873,0,0,0,113.43930186610264,164.05407115355385,168.82774362688716,University of Colorado Cancer Center,0,0,0,50,24,6
39005,39,Ashland,Ohio,40.854406,-82.284305,52447,17695,0,0,0,17.820057781850814,62.13657508301192,68.61003938846633,Case Comprehensive Cancer Center,121,53,17,683,343,68
08113,08,San Miguel,Colorado,37.971818,-107.958108,8072,2573,0,0,0,100.48808322831353,242.57826071976143,249.48658975899997,University of Colorado Cancer Center,13,7,1,41,23,2
08115,08,Sedgwick,Colorado,40.962161,-102.325673,2404,955,0,0,0,164.8674632928224,186.89298268921974,187.9719469275159,University of Colorado Cancer Center,0,0,0,3,3,0
39071,39,Highland,Ohio,39.21912,-83.582063,43317,14069,0,0,0,45.704028579971045,59.647786966885874,74.43199150403075,OSU Comprehensive Cancer Center – James,249,126,23,602,301,60
08085,08,Montrose,Colorado,38.481301,-107.922349,42679,17122,0,0,0,64.80601851738449,217.2497842951534,224.47812754540143,University of Colorado Cancer Center,0,0,0,34,17,2
08087,08,Morgan,Colorado,40.254229,-103.789071,29111,8274,0,0,0,64.62794958026981,78.33745556927589,78.75532243651553,University of Colorado Cancer Center,0,0,0,436,212,67
08089,08,Otero,Colorado,38.023236,-103.655776,18690,6303,0,0,0,100.41005692806739,163.96171529125786,161.96368618873194,University of Colorado Cancer Center,0,0,0,48,24,5
08091,08,Ouray,Colorado,38.146044,-107.751894,4874,2552,0,0,0,93.88540257122078,223.11672053353323,230.06383924353264,University of Colorado Cancer Center,0,0,0,34,17,2
08093,08,Park,Colorado,39.305737,-105.625362,17390,7753,0,0,0,46.942244296452394,55.43925188255111,62.268993053495905,University of Colorado Cancer Center,296,143,51,441,214,69
08111,08,San Juan,Colorado,37.801877,-107.673598,705,254,0,0,0,121.1304967387795,237.51699297719097,235.64649054063324,UNM Comprehensive Cancer Center,13,7,1,20,13,1
39011,39,Auglaize,Ohio,40.543994,-84.27252,46422,15332,0,0,0,41.27570728650787,92.65679084469332,90.79240854824032,OSU Comprehensive Cancer Center – James,46,24,4,586,303,57
38081,38,Sargent,North Dakota,46.166223,-97.587859,3862,1446,0,0,0,70.2926890263277,222.008768799898,271.187463513719,Masonic Cancer Center (Minnesota),0,0,0,86,40,9
38083,38,Sheridan,North Dakota,47.581765,-100.333635,1265,596,0,0,0,67.35579370153862,393.5987622153551,460.3562140528455,Masonic Cancer Center (Minnesota),0,0,0,50,25,6
38085,38,Sioux,North Dakota,46.166774,-100.727458,3898,780,0,0,0,54.45418096860083,319.1804548826031,445.7428072937936,Masonic Cancer Center (Minnesota),43,20,6,43,20,6
38087,38,Slope,North Dakota,46.418394,-103.416249,706,391,0,0,0,154.86306502411674,299.4115705049878,559.7950086296261,University of Colorado Cancer Center,0,0,0,0,0,0
38089,38,Stark,North Dakota,46.883324,-102.784958,33646,8232,0,0,0,114.85176242611313,341.93442876958386,572.5725154324962,Masonic Cancer Center (Minnesota),0,0,0,43,20,6
38091,38,Steele,North Dakota,47.459852,-97.75048,1798,732,0,0,0,70.82214164717573,325.17061362525726,330.85402749136637,Masonic Cancer Center (Minnesota),8,4,1,82,37,8
38095,38,Towner,North Dakota,48.575593,-99.232995,2162,942,0,0,0,168.47170485492822,440.1215288976093,452.6180510481865,Masonic Cancer Center (Minnesota),0,0,0,1,1,0
08121,08,Washington,Colorado,40.098312,-103.157119,4817,1717,0,0,0,106.10719759323665,113.54075627516876,110.73567315361812,University of Colorado Cancer Center,0,0,0,390,187,62
38065,38,Oliver,North Dakota,47.120347,-101.30705,1877,776,0,0,0,39.50646701675215,397.77369009792943,497.0846127294522,Masonic Cancer Center (Minnesota),43,20,6,44,21,6
38067,38,Pembina,North Dakota,48.786353,-97.583136,6844,2762,0,0,0,165.17385377294866,396.12265415406654,400.544481932161,Masonic Cancer Center (Minnesota),0,0,0,27,14,2
38069,38,Pierce,North Dakota,48.327982,-99.985438,3990,1526,0,0,0,132.10127440411176,437.61073330442076,473.9008928148206,Masonic Cancer Center (Minnesota),0,0,0,1,1,0
38071,38,Ramsey,North Dakota,48.129972,-98.834617,11605,4093,0,0,0,152.85799997896447,397.9991611419781,412.5293155567479,Masonic Cancer Center (Minnesota),0,0,0,21,11,2
38073,38,Ransom,North Dakota,46.473332,-97.654107,5703,2029,0,0,0,54.797944643290215,247.6668326005643,284.2705239512075,Masonic Cancer Center (Minnesota),77,34,7,85,40,8
38075,38,Renville,North Dakota,48.71223,-101.513019,2282,802,0,0,0,162.13484568058803,463.8118036357213,561.9762568424502,Masonic Cancer Center (Minnesota),1,1,0,1,1,0
38077,38,Richland,North Dakota,46.265439,-96.76508,16529,5440,0,0,0,49.075951218032365,224.42495429335153,230.9188293450436,Masonic Cancer Center (Minnesota),77,34,7,86,40,9
38079,38,Rolette,North Dakota,48.837585,-99.815657,12187,3018,0,0,0,175.11791994956076,472.0509811693422,491.0846767622498,Masonic Cancer Center (Minnesota),0,0,0,1,1,0
38097,38,Traill,North Dakota,47.489414,-97.221419,7997,2733,0,0,0,56.42070822773827,303.9342905569914,309.29796813488275,Masonic Cancer Center (Minnesota),82,37,8,82,37,8
37149,37,Polk,North Carolina,35.258428,-82.17688,19328,9557,0,0,0,26.980954644282072,91.9325403415637,146.81223438072618,Wake Forest Baptist Comprehensive Cancer Center,102,52,8,239,124,25
37153,37,Richmond,North Carolina,34.942668,-79.735374,42946,13358,0,0,0,31.660419004902355,77.22355468083003,92.1102261416731,UNC Lineberger Comprehensive Cancer Center,45,19,2,592,290,63
37155,37,Robeson,North Carolina,34.677173,-79.091794,116530,32922,0,0,0,52.13250604527655,108.03261413965204,101.75526318422028,UNC Lineberger Comprehensive Cancer Center,58,27,2,485,237,48
37165,37,Scotland,North Carolina,34.785743,-79.473966,34174,10514,0,0,0,37.55311002807792,98.40335366469328,97.0081290919746,UNC Lineberger Comprehensive Cancer Center,45,18,3,561,274,58
37115,37,Madison,North Carolina,35.839031,-82.636142,21193,8100,0,0,0,84.07447384503247,132.69077387538675,160.88195928226884,Wake Forest Baptist Comprehensive Cancer Center,28,13,3,160,77,14
37117,37,Martin,North Carolina,35.830325,-77.097262,22031,8681,0,0,0,28.531338856026956,121.86486078959348,127.57106177629764,Duke Cancer Institute,44,21,4,178,79,18
37123,37,Montgomery,North Carolina,35.340612,-79.892912,25751,9400,0,0,0,31.867182417987983,63.46265732492991,67.88161984802069,Wake Forest Baptist Comprehensive Cancer Center,67,27,5,561,274,58
37127,37,Nash,North Carolina,35.945971,-77.925858,94970,31698,0,0,0,47.651271670324284,65.57120560167695,71.16625241980591,Duke Cancer Institute,98,43,6,460,224,42
38063,38,Nelson,North Dakota,47.914125,-98.211495,3015,1378,0,0,0,115.93512721261591,368.78741995441356,374.2817538624858,Masonic Cancer Center (Minnesota),0,0,0,82,37,8
37137,37,Pamlico,North Carolina,35.102112,-76.782234,12276,5948,0,0,0,52.1957394720959,160.6748249283953,166.94141563835763,Duke Cancer Institute,51,25,3,73,36,5
37099,37,Jackson,North Carolina,35.332904,-83.199035,43109,14039,0,0,0,53.54929025980032,146.5805318970591,148.92739192236274,Winship Cancer Institute (Emory),44,25,3,172,81,17
37101,37,Johnston,North Carolina,35.570579,-78.419098,215999,58809,0,0,0,25.61147759727576,47.34067425120111,50.78491712683522,UNC Lineberger Comprehensive Cancer Center,421,204,39,463,224,45
37103,37,Jones,North Carolina,35.030718,-77.354076,9172,3756,0,0,0,24.825969538518883,131.09406157420813,135.6083580169587,UNC Lineberger Comprehensive Cancer Center,52,26,3,108,50,7
37105,37,Lee,North Carolina,35.453843,-79.173582,63285,19475,0,0,0,25.370853928458704,44.06502235503703,38.2100686485732,UNC Lineberger Comprehensive Cancer Center,421,203,39,572,278,59
37111,37,McDowell,North Carolina,35.667381,-82.019915,44578,15928,0,0,0,58.3342104998798,88.95770748857446,123.56138207403703,Wake Forest Baptist Comprehensive Cancer Center,65,36,4,239,124,25
37113,37,Macon,North Carolina,35.156852,-83.377321,37014,16598,0,0,0,45.15131217292815,127.97518173339174,130.20869075684226,Winship Cancer Institute (Emory),28,17,1,172,81,18
37077,37,Granville,North Carolina,36.216579,-78.649713,60992,19895,0,0,0,25.49539374015854,25.49539374015854,27.34279277621097,Duke Cancer Institute,407,195,39,515,252,51
37131,37,Northampton,North Carolina,36.44074,-77.450044,17471,7829,0,0,0,61.424965479830604,90.77235131238344,91.29393847329928,VCU Massey Comprehensive Cancer Center,1,0,0,574,272,62
12113,12,Santa Rosa,Florida,30.547226,-87.035767,188000,58996,0,0,0,82.09005211057756,246.7530083652782,246.137563528986,O'Neal Comprehensive Cancer Center (UAB),30,15,4,54,28,6
12121,12,Suwannee,Florida,30.213664,-82.985113,43474,15996,0,0,0,62.37050040468254,97.98935357680993,66.19891287423393,University of Florida Health Cancer Institute,5,3,1,332,142,34
37055,37,Dare,North Carolina,35.920369,-75.676005,36915,15553,0,0,0,89.8231925416611,179.1254889605679,177.892018989675,VCU Massey Comprehensive Cancer Center,1,1,0,106,49,16
12065,12,Jefferson,Florida,30.502892,-83.89133,14510,5879,0,0,0,128.08710493899608,163.27603589879763,132.07818505865998,University of Florida Health Cancer Institute,13,6,1,21,12,1
12067,12,Lafayette,Florida,30.063591,-83.176369,8226,2622,0,0,0,65.4052355052162,113.20797142225645,69.40316136136282,University of Florida Health Cancer Institute,1,1,0,330,140,34
12075,12,Levy,Florida,29.380119,-82.662921,42915,17935,0,0,0,30.660470627372185,106.86978613662508,31.602351762689665,University of Florida Health Cancer Institute,96,33,9,675,288,72
12077,12,Liberty,Florida,30.399108,-84.907135,7974,2076,0,0,0,190.55463799806418,235.30554893692624,194.48781050985434,University of Florida Health Cancer Institute,8,3,0,23,11,1
12079,12,Madison,Florida,30.472359,-83.425943,17968,6693,0,0,0,99.96302510158594,129.93659199301257,103.86889062065346,University of Florida Health Cancer Institute,6,3,1,97,38,9
37145,37,Person,North Carolina,36.37201,-78.97044,39097,14230,0,0,0,32.32135461259625,32.32135461259625,28.773896903050712,Duke Cancer Institute,407,195,39,531,264,51
37039,37,Cherokee,North Carolina,35.101433,-84.022596,28774,13929,0,0,0,72.20204464391506,108.26300031388503,110.31081822975939,Winship Cancer Institute (Emory),4,2,0,501,234,47
37041,37,Chowan,North Carolina,36.117035,-76.626616,13708,5742,0,0,0,67.7892148525812,130.14350034493418,129.58328307667995,VCU Massey Comprehensive Cancer Center,7,4,0,144,65,17
37043,37,Clay,North Carolina,35.036306,-83.805739,11089,5632,0,0,0,61.089986591175716,107.64632623399723,108.91167186436775,Winship Cancer Institute (Emory),0,0,0,501,234,47
37047,37,Columbus,North Carolina,34.280555,-78.706901,50623,17309,0,0,0,44.411666920255584,142.03171380089213,136.62626834161014,UNC Lineberger Comprehensive Cancer Center,58,29,9,120,59,12
37049,37,Craven,North Carolina,35.069158,-77.04141,100720,33703,0,0,0,37.19163241333404,146.75433344663205,152.3703119558697,UNC Lineberger Comprehensive Cancer Center,51,25,3,73,36,5
37053,37,Currituck,North Carolina,36.403222,-76.016801,28100,9880,0,0,0,43.97566790803464,134.28974118794238,132.9149628995095,VCU Massey Comprehensive Cancer Center,80,36,12,110,49,16
37141,37,Pender,North Carolina,34.453784,-77.806662,60203,20586,0,0,0,35.93541685723697,147.11697948146883,146.90412065945287,UNC Lineberger Comprehensive Cancer Center,30,15,1,122,60,13
37143,37,Perquimans,North Carolina,36.180608,-76.422879,13005,5864,0,0,0,60.30947719013403,131.95196666703208,131.12657856164134,VCU Massey Comprehensive Cancer Center,16,6,3,123,55,17
12087,12,Monroe,Florida,24.747427,-81.244796,82874,33745,0,0,0,110.38736006353966,110.38736006353966,116.21908541496919,Sylvester Comprehensive Cancer Center (Miami),0,0,0,361,178,31
12007,12,Bradford,Florida,29.949896,-82.128265,28303,8714,0,0,0,30.297605524051168,46.502079213817176,29.94009663694309,University of Florida Health Cancer Institute,321,138,33,367,163,38
12013,12,Calhoun,Florida,30.464333,-85.125841,13648,4366,0,0,0,207.09586268793592,251.09724930274433,211.03005008473124,University of Florida Health Cancer Institute,1,0,0,23,11,1
12027,12,DeSoto,Florida,27.1868,-81.87051,33976,12352,0,0,0,40.24881084889058,75.45548861324885,83.31661627968683,Moffitt Cancer Center,149,65,32,569,241,77
37169,37,Stokes,North Carolina,36.349476,-80.275236,44520,17322,0,0,0,20.33272766843362,20.33272766843362,20.467122452325917,Wake Forest Baptist Comprehensive Cancer Center,114,66,12,587,292,60
37173,37,Swain,North Carolina,35.437811,-83.411997,14117,4666,0,0,0,59.023619759908854,148.02704910155876,149.8147718281792,Winship Cancer Institute (Emory),73,32,9,151,73,13
37175,37,Transylvania,North Carolina,35.210116,-82.743077,32986,15381,0,0,0,33.75938948916917,130.27628994135472,159.55986566996103,Winship Cancer Institute (Emory),101,53,8,176,82,17
37177,37,Tyrrell,North Carolina,35.895302,-76.242529,3245,1202,0,0,0,81.2031360663809,158.4591445228058,157.65919984278528,VCU Massey Comprehensive Cancer Center,2,2,0,122,56,17
37181,37,Vance,North Carolina,36.332774,-78.402975,42578,13755,0,0,0,30.183187411147028,44.052401347180826,46.39990237626287,Duke Cancer Institute,416,198,40,545,261,54
37079,37,Greene,North Carolina,35.466704,-77.665166,20451,6207,0,0,0,21.082422824923118,93.71402949682961,99.98466050020778,Duke Cancer Institute,63,30,4,444,215,42
12003,12,Baker,Florida,30.286374,-82.184536,28259,7533,0,0,0,40.39788272288069,40.39788272288069,51.83188578378546,Mayo Clinic Cancer Center – Jacksonville,321,138,33,330,141,34
38049,38,McHenry,North Dakota,48.179669,-100.700743,5345,1940,0,0,0,112.52608843625127,446.32224906979224,501.2620946607865,Masonic Cancer Center (Minnesota),1,1,0,44,21,6
38051,38,McIntosh,North Dakota,46.146072,-99.492968,2530,1212,0,0,0,91.6170069008791,269.00472365960695,375.8957368124763,Masonic Cancer Center (Minnesota),0,0,0,57,29,7
38053,38,McKenzie,North Dakota,47.815379,-103.249949,14704,2667,0,0,0,162.2709007262037,344.2017999502089,618.5994309568086,Masonic Cancer Center (Minnesota),0,0,0,1,1,0
38055,38,McLean,North Dakota,47.524037,-101.227016,9771,4047,0,0,0,63.768096187414706,419.69325420521164,504.26294769695903,Masonic Cancer Center (Minnesota),0,0,0,44,21,6
38057,38,Mercer,North Dakota,47.300979,-101.712049,8350,3155,0,0,0,66.73402037468783,409.1943778069207,523.4394847974233,Masonic Cancer Center (Minnesota),0,0,0,44,21,6
38059,38,Morton,North Dakota,46.82084,-100.987436,33291,9853,0,0,0,12.832888757667897,367.34282605245335,472.51427798539845,Masonic Cancer Center (Minnesota),43,20,6,43,20,6
38061,38,Mountrail,North Dakota,48.134813,-102.385064,9809,2419,0,0,0,141.79461880906388,399.0014438875686,583.2331718729464,Masonic Cancer Center (Minnesota),1,1,0,1,1,0
37185,37,Warren,North Carolina,36.4113,-78.134476,18642,8050,0,0,0,26.187062860884584,62.27199853669731,65.11593061727802,Duke Cancer Institute,35,11,3,535,255,54
37085,37,Harnett,North Carolina,35.354081,-78.867419,133568,33624,0,0,0,38.709008050263506,52.45790793265546,47.263516854620434,UNC Lineberger Comprehensive Cancer Center,428,209,39,523,256,52
37091,37,Hertford,North Carolina,36.352235,-77.011325,21552,7395,0,0,0,67.3023640049768,102.63491661897469,102.44047635229494,VCU Massey Comprehensive Cancer Center,10,4,1,278,125,34
37093,37,Hoke,North Carolina,34.992582,-79.170107,52082,11895,0,0,0,27.3201409314338,82.09339725932004,75.98749609477439,UNC Lineberger Comprehensive Cancer Center,58,27,2,599,293,64
37095,37,Hyde,North Carolina,35.430458,-76.205134,4589,1872,0,0,0,80.4442970517435,187.29598344644072,193.13668645896928,VCU Massey Comprehensive Cancer Center,1,1,0,77,34,7
12049,12,Hardee,Florida,27.548142,-81.816969,25327,6971,0,0,0,41.0463554202687,55.03251686011445,62.36852612424574,Moffitt Cancer Center,394,169,50,583,248,78
12051,12,Hendry,Florida,26.726562,-81.216144,39619,10118,0,0,0,48.7333057206155,88.29539364369312,108.23830040946366,Sylvester Comprehensive Cancer Center (Miami),61,30,10,582,279,63
12059,12,Holmes,Florida,30.847037,-85.754664,19653,6669,0,0,0,172.97326100200607,233.4805236277266,232.62519015947248,O'Neal Comprehensive Cancer Center (UAB),5,1,0,23,9,1
12061,12,Indian River,Florida,27.671332,-80.440738,159788,81928,0,0,0,90.16125540705846,99.12728596054113,150.5750934100234,Moffitt Cancer Center,26,11,4,254,110,32
12047,12,Hamilton,Florida,30.501436,-82.999025,14004,4484,0,0,0,81.9269373441213,100.01051864495149,85.46877769945534,University of Florida Health Cancer Institute,5,3,1,324,140,33
37187,37,Washington,North Carolina,35.863224,-76.651708,11003,4693,0,0,0,54.68981562982963,148.85126478302283,148.4598658137416,VCU Massey Comprehensive Cancer Center,31,16,3,143,65,17
12029,12,Dixie,Florida,29.634593,-83.058664,16759,6600,0,0,0,48.132615792462005,117.06086251767412,51.54827144096413,University of Florida Health Cancer Institute,81,29,8,329,139,34
12035,12,Flagler,Florida,29.521471,-81.222102,115378,57446,0,0,0,37.87698050917807,70.51085016270237,64.39257123952696,Mayo Clinic Cancer Center – Jacksonville,32,14,4,481,202,57
12037,12,Franklin,Florida,29.785968,-84.813247,12451,5267,0,0,0,174.65246075939413,231.23145173383648,178.259914299325,University of Florida Health Cancer Institute,0,0,0,12,5,0
12039,12,Gadsden,Florida,30.593632,-84.571737,43826,14677,0,0,0,174.27744900289179,212.3648082411672,178.2705796044608,University of Florida Health Cancer Institute,11,5,0,25,12,1
12041,12,Gilchrist,Florida,29.705263,-82.808104,17864,6519,0,0,0,30.19041726695783,98.45187656232561,33.901273690764086,University of Florida Health Cancer Institute,81,29,8,344,148,36
12043,12,Glades,Florida,26.897019,-81.189563,12126,4806,0,0,0,55.79737802825724,95.32940599431271,117.53992544910942,Sylvester Comprehensive Cancer Center (Miami),61,30,10,593,283,66
12045,12,Gulf,Florida,29.955584,-85.259724,14192,5796,0,0,0,207.73771007806124,262.5162928647385,211.4411721995311,University of Florida Health Cancer Institute,1,0,0,12,4,0
12063,12,Jackson,Florida,30.797248,-85.218988,47319,16138,0,0,0,210.869200278162,251.6962551040449,227.23191617445326,University of Florida Health Cancer Institute,5,1,0,23,11,1
40097,40,Mayes,Oklahoma,36.292233,-95.243222,39046,12702,0,0,0,47.39578737843967,165.10782579356655,166.28018618178882,Stephenson Cancer Center (Oklahoma),26,11,1,109,46,8
40099,40,Murray,Oklahoma,34.507083,-97.027691,13904,4683,0,0,0,90.62929953658883,90.62929953658883,86.53126340061586,Stephenson Cancer Center (Oklahoma),0,0,0,216,103,21
40101,40,Muskogee,Oklahoma,35.71185,-95.366561,66339,19605,0,0,0,48.88256770928158,145.4492814365641,145.42484895544533,Stephenson Cancer Center (Oklahoma),26,11,1,105,43,8
40071,40,Kay,Oklahoma,36.744254,-97.125201,43700,13868,0,0,0,78.94572925262922,104.32065136120107,108.24172484463286,Stephenson Cancer Center (Oklahoma),4,1,0,223,103,24
40073,40,Kingfisher,Oklahoma,35.913869,-97.91096,15184,4458,0,0,0,41.91211031726953,41.91211031726953,45.5538285593892,Stephenson Cancer Center (Oklahoma),187,88,16,187,88,16
40075,40,Kiowa,Oklahoma,34.936853,-99.017988,8509,3033,0,0,0,47.91392689774609,113.04662726673186,111.86686193094035,Stephenson Cancer Center (Oklahoma),23,9,1,192,89,16
40077,40,Latimer,Oklahoma,34.88202,-95.255214,9444,3338,0,0,0,71.00523003847441,161.95561417711787,160.1190123796399,Stephenson Cancer Center (Oklahoma),0,0,0,49,23,2
40079,40,Le Flore,Oklahoma,35.065249,-94.639064,48129,14997,0,0,0,28.5077878210848,198.1450641107635,196.8705943974988,Stephenson Cancer Center (Oklahoma),21,13,1,88,37,8
08095,08,Phillips,Colorado,40.599356,-102.385877,4530,1345,0,0,0,154.44626578952673,171.25873064993155,170.62609035003825,University of Colorado Cancer Center,0,0,0,3,3,0
40083,40,Logan,Oklahoma,35.822271,-97.442909,49555,15609,0,0,0,25.04458921350842,25.04458921350842,29.075844860039794,Stephenson Cancer Center (Oklahoma),186,87,16,204,94,17
40085,40,Love,Oklahoma,33.922696,-97.170128,10146,3173,0,0,0,95.99750403694794,95.99750403694794,94.6781164451756,Harold C. Simmons Comprehensive Cancer Center (UTSW),12,6,1,507,238,61
08065,08,Lake,Colorado,39.244814,-106.30747,7436,1660,0,0,0,85.15146233276833,95.5477655708822,102.86132620579426,University of Colorado Cancer Center,16,6,5,436,212,68
08071,08,Las Animas,Colorado,37.192053,-104.501324,14555,5801,0,0,0,140.68631471339688,212.01256376725922,212.93194906986494,University of Colorado Cancer Center,0,0,0,20,10,1
08073,08,Lincoln,Colorado,39.180049,-103.614219,5675,1725,0,0,0,77.46977878041223,96.71597750978701,91.29958584367093,University of Colorado Cancer Center,0,0,0,428,208,66
08075,08,Logan,Colorado,40.64034,-103.185977,21528,6674,0,0,0,105.57209509478585,126.71413223971993,128.16332116931378,University of Colorado Cancer Center,0,0,0,47,21,4
08079,08,Mineral,Colorado,37.779142,-106.942063,865,384,0,0,0,150.74689293153094,206.42544060536952,212.42702323635342,University of Colorado Cancer Center,0,0,0,14,7,1
08081,08,Moffat,Colorado,40.51606,-107.613977,13292,3964,0,0,0,132.10479070368694,178.58818547777813,187.21836959862753,University of Colorado Cancer Center,0,0,0,16,6,5
40081,40,Lincoln,Oklahoma,35.656322,-96.882274,33458,11309,0,0,0,43.846168232735415,43.846168232735415,44.53055326146721,Stephenson Cancer Center (Oklahoma),186,87,16,204,94,17
40127,40,Pushmataha,Oklahoma,34.327826,-95.482036,10812,4068,0,0,0,112.41135112949496,154.84130057664137,156.811971759259,Harold C. Simmons Comprehensive Cancer Center (UTSW),4,1,0,33,19,2
40129,40,Roger Mills,Oklahoma,35.628485,-99.659405,3442,1208,0,0,0,117.81796588394198,145.03544494847586,145.96302651162196,Stephenson Cancer Center (Oklahoma),0,0,0,24,10,1
40131,40,Rogers,Oklahoma,36.31533,-95.650597,95240,29717,0,0,0,24.8089720069985,141.11931983415616,142.6392194907019,Stephenson Cancer Center (Oklahoma),26,11,1,107,45,8
40133,40,Seminole,Oklahoma,35.186227,-96.631163,23556,7421,0,0,0,65.89565292266937,65.89565292266937,63.70142606011988,Stephenson Cancer Center (Oklahoma),0,0,0,203,93,17
40135,40,Sequoyah,Oklahoma,35.466206,-94.729702,39281,12745,0,0,0,28.137058392362498,187.90015192525308,187.31720503054996,Stephenson Cancer Center (Oklahoma),21,13,1,100,41,7
40103,40,Noble,Oklahoma,36.324096,-97.233088,10924,3827,0,0,0,68.81548349911039,68.81548349911039,72.70283593985769,Stephenson Cancer Center (Oklahoma),0,0,0,223,103,24
40105,40,Nowata,Oklahoma,36.774995,-95.635237,9320,3260,0,0,0,58.709029049034875,162.86247360379244,165.14839399218206,Stephenson Cancer Center (Oklahoma),29,12,1,107,45,8
40107,40,Okfuskee,Oklahoma,35.451094,-96.337952,11310,3531,0,0,0,61.16948585131994,79.52525866786122,78.75637859057741,Stephenson Cancer Center (Oklahoma),0,0,0,203,93,17
40095,40,Marshall,Oklahoma,34.01809,-96.749333,15312,5675,0,0,0,100.21635599810578,100.21635599810578,100.04393047536243,Harold C. Simmons Comprehensive Cancer Center (UTSW),12,6,1,492,232,60
40113,40,Osage,Oklahoma,36.415208,-96.228583,45818,16438,0,0,0,33.47764289207077,113.41127823586044,115.76833627224141,Stephenson Cancer Center (Oklahoma),26,11,1,203,93,17
40115,40,Ottawa,Oklahoma,36.857439,-94.834841,30285,9238,0,0,0,28.387867029682255,171.53234192179474,182.86350646204477,University of Kansas Cancer Center,54,23,2,135,58,11
40117,40,Pawnee,Oklahoma,36.270375,-96.539216,15553,5234,0,0,0,44.2461632046437,89.92188835962062,92.4531223011365,Stephenson Cancer Center (Oklahoma),26,11,1,203,93,17
40119,40,Payne,Oklahoma,36.0913,-97.007049,81646,17928,0,0,0,57.922524461215545,57.922524461215545,61.046235772091585,Stephenson Cancer Center (Oklahoma),186,87,16,204,94,17
40087,40,McClain,Oklahoma,35.106328,-97.527577,41662,12349,0,0,0,34.772472481602456,34.772472481602456,30.61827355727572,Stephenson Cancer Center (Oklahoma),186,87,16,187,88,16
40089,40,McCurtain,Oklahoma,33.999674,-94.814678,30814,9365,0,0,0,113.7738853433231,168.4620614737836,171.36879774931714,Harold C. Simmons Comprehensive Cancer Center (UTSW),4,1,0,26,14,1
40091,40,McIntosh,Oklahoma,35.385902,-95.581367,18941,7874,0,0,0,63.448513544374016,130.92687357897083,130.08605154403475,Stephenson Cancer Center (Oklahoma),0,0,0,98,41,7
40093,40,Major,Oklahoma,36.298864,-98.432369,7782,2626,0,0,0,89.03864073870794,89.03864073870794,92.49595999990936,Stephenson Cancer Center (Oklahoma),1,1,0,187,88,16
40111,40,Okmulgee,Oklahoma,35.617922,-95.969216,36706,11663,0,0,0,40.38096310707137,104.35166865186996,104.19942029744985,Stephenson Cancer Center (Oklahoma),26,11,1,203,93,17
40139,40,Texas,Oklahoma,36.712185,-101.448408,21384,4677,0,0,0,126.35464611337443,281.3561770342331,283.45876046480817,Stephenson Cancer Center (Oklahoma),4,1,0,20,12,1
40141,40,Tillman,Oklahoma,34.382478,-98.971119,6968,2418,0,0,0,43.038609501506954,137.1424595169524,134.74059586593495,Stephenson Cancer Center (Oklahoma),28,10,1,28,10,1
40145,40,Wagoner,Oklahoma,36.015963,-95.627565,80981,24941,0,0,0,20.345519046742236,133.1537008146401,133.98337897345147,Stephenson Cancer Center (Oklahoma),26,11,1,107,44,8
40147,40,Washington,Oklahoma,36.728457,-95.937432,52455,17137,0,0,0,51.91215593108062,145.15879054848378,147.67807600655408,Stephenson Cancer Center (Oklahoma),29,12,1,75,31,3
40149,40,Washita,Oklahoma,35.314336,-99.05353,10924,3700,0,0,0,71.0399148234077,105.59344878945468,105.58834499457183,Stephenson Cancer Center (Oklahoma),0,0,0,187,88,16
40151,40,Woods,Oklahoma,36.767497,-98.708062,8624,2408,0,0,0,117.6124876298697,130.42981290416517,134.11533800338736,Stephenson Cancer Center (Oklahoma),0,0,0,35,17,8
06103,06,Tehama,California,40.114795,-122.219057,65829,22077,0,0,0,124.27124775340086,139.01947672849687,138.5929034644713,UC Davis Comprehensive Cancer Center,8,4,2,12,6,3
06105,06,Trinity,California,40.629982,-123.096608,16112,7886,0,0,0,185.4433592616114,203.03900406012903,201.73114036382086,UC Davis Comprehensive Cancer Center,0,0,0,9,5,2
08083,08,Montezuma,Colorado,37.371913,-108.554458,25849,10120,0,0,0,142.69642887527687,304.40009008148087,228.71181109995766,UNM Comprehensive Cancer Center,20,13,1,20,13,1
08003,08,Alamosa,Colorado,37.481888,-105.877629,16376,4170,0,0,0,136.9909214397416,195.43903668485618,199.50870975365777,University of Colorado Cancer Center,1,0,0,20,10,1
08007,08,Archuleta,Colorado,37.240274,-107.089808,13359,6326,0,0,0,179.47343225636433,248.42663194420112,181.35588059043027,UNM Comprehensive Cancer Center,13,7,1,21,13,1
08009,08,Baca,Colorado,37.368105,-102.53204,3506,1342,0,0,0,183.8906296185153,250.51441251509482,247.4300926415693,University of Colorado Cancer Center,4,1,0,4,1,0
08011,08,Bent,Colorado,38.072919,-103.166006,5650,1715,0,0,0,122.66752814980136,178.91113931330497,175.73275854613527,University of Colorado Cancer Center,0,0,0,19,10,1
41055,41,Sherman,Oregon,45.518367,-120.72146,1870,790,0,0,0,102.15462501059545,108.61886557130437,114.44270657564027,Knight Cancer Institute (OHSU),12,5,2,296,146,34
41057,41,Tillamook,Oregon,45.469525,-123.858484,27390,11824,0,0,0,46.16118403619756,57.43036428583888,67.9215891910895,Knight Cancer Institute (OHSU),107,53,8,314,154,34
41059,41,Umatilla,Oregon,45.801243,-118.967455,80075,22020,0,0,0,39.74828773197349,211.28299188766027,217.32065286338113,Knight Cancer Institute (OHSU),27,15,2,40,26,2
41061,41,Union,Oregon,45.341591,-118.018208,26196,8711,0,0,0,103.52790623577451,266.4506918504942,272.17298751705,Knight Cancer Institute (OHSU),17,11,1,37,24,2
06109,06,Tuolumne,California,37.972006,-120.325224,55620,23280,0,0,0,50.661982865875665,84.67465237657221,87.9215792090411,UC Davis Comprehensive Cancer Center,38,16,4,347,159,39
40153,40,Woodward,Oklahoma,36.423748,-99.383574,20470,5600,0,0,0,145.97770267750766,145.97770267750766,148.676271880486,Stephenson Cancer Center (Oklahoma),0,0,0,6,2,0
08047,08,Gilpin,Colorado,39.856062,-105.483217,5808,2471,0,0,0,25.019528520885178,35.66815246968558,42.13792031957717,University of Colorado Cancer Center,434,211,67,443,215,69
08049,08,Grand,Colorado,40.051143,-105.978501,15717,5914,0,0,0,50.67007099138339,68.74007616322163,76.85942526712601,University of Colorado Cancer Center,38,18,3,440,213,68
08051,08,Gunnison,Colorado,38.660002,-106.944384,16918,4456,0,0,0,109.47459107377345,155.6189511135056,162.61981666215425,University of Colorado Cancer Center,0,0,0,40,18,6
08053,08,Hinsdale,Colorado,38.002552,-107.29875,788,460,0,0,0,121.33088414265302,208.274074712699,214.8302621597537,University of Colorado Cancer Center,0,0,0,14,7,1
08055,08,Huerfano,Colorado,37.612538,-104.887584,6820,3484,0,0,0,105.23656838633984,175.18540778724253,176.97962767840258,University of Colorado Cancer Center,19,10,1,50,24,6
08057,08,Jackson,Colorado,40.690192,-106.295485,1379,639,0,0,0,77.49147823789706,110.02117007509544,121.0076517704446,University of Colorado Cancer Center,0,0,0,398,186,63
08061,08,Kiowa,Colorado,38.470085,-102.700966,1446,543,0,0,0,136.9968128969471,178.22444139767512,173.4640811273633,University of Colorado Cancer Center,0,0,0,0,0,0
40137,40,Stephens,Oklahoma,34.518536,-97.946619,42848,14884,0,0,0,33.64664838606335,88.5458458143183,84.82256960739907,Stephenson Cancer Center (Oklahoma),23,9,1,201,95,17
08023,08,Costilla,Colorado,37.29223,-105.444296,3499,1592,0,0,0,138.96894766340193,204.22871036801587,200.10995503734674,UNM Comprehensive Cancer Center,1,0,0,20,10,1
08025,08,Crowley,Colorado,38.193783,-103.856387,5922,1452,0,0,0,81.15818535690245,145.21030450117115,143.44007731571426,University of Colorado Cancer Center,19,10,1,49,24,6
08027,08,Custer,Colorado,38.133198,-105.382527,4704,2832,0,0,0,74.02354007432814,134.88489587109802,138.32456294433354,University of Colorado Cancer Center,19,10,1,98,51,10
08029,08,Delta,Colorado,38.798198,-107.913769,31196,13440,0,0,0,47.569811162444005,205.17583969244563,212.5428626406578,University of Colorado Cancer Center,27,14,2,39,18,5
08033,08,Dolores,Colorado,37.746934,-108.758724,2326,1249,0,0,0,112.44823438802982,295.881199930912,262.01973837555,UNM Comprehensive Cancer Center,0,0,0,41,23,2
08039,08,Elbert,Colorado,39.388552,-104.52311,26062,9617,0,0,0,23.74289501239858,39.017126516853324,35.844200968229025,University of Colorado Cancer Center,428,208,66,437,213,68
08043,08,Fremont,Colorado,38.426941,-105.214303,48939,18226,0,0,0,47.85400140284798,108.9501321683775,112.08366574358983,University of Colorado Cancer Center,49,24,6,310,150,52
08045,08,Garfield,Colorado,39.507103,-107.549019,61685,16469,0,0,0,72.63934798894955,166.97211795416132,174.30737236388129,University of Colorado Cancer Center,16,6,5,39,18,5
08063,08,Kit Carson,Colorado,39.310418,-102.462031,7087,2330,0,0,0,151.67423442377122,162.79784557589343,156.1377810951239,University of Colorado Cancer Center,0,0,0,1,1,0
39129,39,Pickaway,Ohio,39.671077,-82.992679,58539,17298,0,0,0,27.373468698815632,27.373468698815632,27.865630157529466,OSU Comprehensive Cancer Center – James,397,214,33,558,290,53
39131,39,Pike,Ohio,39.084195,-83.036586,27088,8730,0,0,0,76.08655708236078,76.08655708236078,76.46831192955882,OSU Comprehensive Cancer Center – James,13,7,1,559,289,53
39135,39,Preble,Ohio,39.743238,-84.625367,40999,14079,0,0,0,26.711403040619018,47.20277084690501,97.9680764794094,IU Simon Comprehensive Cancer Center,253,128,23,652,334,66
39137,39,Putnam,Ohio,41.008256,-84.115516,34451,11176,0,0,0,61.63485557819529,106.34863282777826,107.78778274778854,University of Michigan Rogel Cancer Center,18,9,1,605,317,61
39143,39,Sandusky,Ohio,41.340365,-83.100451,58896,20131,0,0,0,41.34999278586048,82.37792674634218,83.50042728111305,Karmanos Cancer Institute (Wayne State),80,41,8,882,432,99
39147,39,Seneca,Ohio,41.127755,-83.202108,55069,17828,0,0,0,50.65382215825294,94.33524114608083,93.66346894554607,OSU Comprehensive Cancer Center – James,81,42,8,872,427,97
39105,39,Meigs,Ohio,39.061474,-82.011139,22210,7893,0,0,0,62.22586589893426,100.03297210457984,101.57325933492167,OSU Comprehensive Cancer Center – James,39,21,4,406,217,34
39107,39,Mercer,Ohio,40.515597,-84.606448,42528,13679,0,0,0,33.12230068868922,110.68552022673234,108.76974155706117,OSU Comprehensive Cancer Center – James,101,51,10,657,337,67
40125,40,Pottawatomie,Oklahoma,35.321377,-96.952883,72454,21329,0,0,0,41.418692371454895,41.418692371454895,39.35531106410823,Stephenson Cancer Center (Oklahoma),186,87,16,204,94,17
39115,39,Morgan,Ohio,39.615975,-81.865949,13802,5121,0,0,0,78.52172636443139,78.52172636443139,80.43602919465542,OSU Comprehensive Cancer Center – James,33,16,3,462,241,43
39117,39,Morrow,Ohio,40.51851,-82.793839,34950,11937,0,0,0,25.697144404827295,44.6877941486734,44.84938088500068,OSU Comprehensive Cancer Center – James,398,215,34,696,352,68
39121,39,Noble,Ohio,39.77294,-81.487122,14115,6387,0,0,0,88.49123164281771,97.60259355186048,99.55006790727438,OSU Comprehensive Cancer Center – James,33,17,3,665,329,76
39123,39,Ottawa,Ohio,41.532537,-83.080376,40364,17640,0,0,0,34.91641305031327,66.68700678822965,67.54119145537443,Karmanos Cancer Institute (Wayne State),73,36,7,654,309,84
39125,39,Paulding,Ohio,41.132652,-84.588497,18806,6376,0,0,0,33.63031266298368,107.4458526538674,108.65613098187637,University of Michigan Rogel Cancer Center,73,35,8,339,176,36
39073,39,Hocking,Ohio,39.524899,-82.449693,28050,9725,0,0,0,52.48927491243818,52.48927491243818,54.07998508048981,OSU Comprehensive Cancer Center – James,398,215,33,441,236,36
39075,39,Holmes,Ohio,40.568212,-81.869548,44223,11223,0,0,0,37.56723318704258,73.96263146732905,79.43338761601784,Case Comprehensive Cancer Center,107,50,17,665,332,65
39077,39,Huron,Ohio,41.176384,-82.613754,58565,18656,0,0,0,34.70031055646254,62.520291136289174,68.43818805247093,Case Comprehensive Cancer Center,44,18,4,874,428,98
39111,39,Monroe,Ohio,39.743928,-81.066658,13385,5102,0,0,0,70.02448427405011,90.71615099262267,92.89821154476714,UPMC Hillman Cancer Center,28,13,1,421,194,56
08097,08,Pitkin,Colorado,39.231757,-106.908716,17358,6348,0,0,0,105.9255238922988,131.8465623778503,139.25372101181927,University of Colorado Cancer Center,16,6,5,40,18,6
39039,39,Defiance,Ohio,41.29476,-84.448702,38286,12506,0,0,0,45.1653259622283,91.45863393010119,92.67977926470233,University of Michigan Rogel Cancer Center,124,61,12,498,237,67
39047,39,Fayette,Ohio,39.548507,-83.443856,28951,9101,0,0,0,47.301281919756384,47.301281919756384,46.5146018373107,OSU Comprehensive Cancer Center – James,424,231,34,559,290,53
39051,39,Fulton,Ohio,41.57813,-84.095238,42713,14145,0,0,0,30.066988673420727,60.7465883557037,62.081542646005204,University of Michigan Rogel Cancer Center,87,42,7,518,245,71
39053,39,Gallia,Ohio,38.83179,-82.275222,29220,9674,0,0,0,55.741658248235986,107.285736304397,108.5043701262121,OSU Comprehensive Cancer Center – James,47,23,5,407,218,34
39059,39,Guernsey,Ohio,40.017747,-81.541964,38438,13238,0,0,0,68.65804621269548,92.10623849523209,93.99780587120014,OSU Comprehensive Cancer Center – James,22,12,2,825,401,90
39065,39,Hardin,Ohio,40.687272,-83.673001,30696,8636,0,0,0,57.28104703219958,71.32029255907973,69.84737879892872,OSU Comprehensive Cancer Center – James,32,17,3,505,269,43
39067,39,Harrison,Ohio,40.308308,-81.052878,14483,5685,0,0,0,48.722604819648666,69.26549675195746,71.79621615609403,UPMC Hillman Cancer Center,103,45,14,624,284,75
39127,39,Perry,Ohio,39.758487,-82.237977,35408,11421,0,0,0,52.03619202543163,52.03619202543163,53.95756920702293,OSU Comprehensive Cancer Center – James,398,215,33,458,241,42
39149,39,Shelby,Ohio,40.319534,-84.194302,48230,15147,0,0,0,23.29253023836109,80.61534303440475,78.68056585674962,OSU Comprehensive Cancer Center – James,80,42,5,597,308,59
39157,39,Tuscarawas,Ohio,40.481355,-81.467009,93263,31171,0,0,0,29.941609315359813,81.25639076354706,85.33883375703614,Case Comprehensive Cancer Center,101,46,16,826,401,90
39161,39,Van Wert,Ohio,40.856227,-84.565846,28931,9609,0,0,0,40.46477985185716,122.0222756033319,120.23490166230174,OSU Comprehensive Cancer Center – James,73,35,8,213,108,17
39163,39,Vinton,Ohio,39.241186,-82.504249,12800,4327,0,0,0,70.30033348464906,70.30033348464906,71.54789781796146,OSU Comprehensive Cancer Center – James,21,12,2,440,235,35
39171,39,Williams,Ohio,41.532546,-84.57175,37102,12688,0,0,0,49.69078774945399,79.57647263481837,80.57886649699128,University of Michigan Rogel Cancer Center,135,64,13,517,244,70
39175,39,Wyandot,Ohio,40.865997,-83.299297,21900,7457,0,0,0,48.4034672819761,74.27433273113928,73.38696684405605,OSU Comprehensive Cancer Center – James,35,18,4,810,407,86
40001,40,Adair,Oklahoma,35.887468,-94.635683,19495,5696,0,0,0,35.56547349293932,195.98168249294108,196.15679435647928,Stephenson Cancer Center (Oklahoma),79,33,6,105,43,8
40003,40,Alfalfa,Oklahoma,36.658546,-98.317631,5699,1949,0,0,0,106.35226862693295,108.3308394003901,112.2624242983038,Stephenson Cancer Center (Oklahoma),0,0,0,207,98,23
39069,39,Henry,Ohio,41.360177,-84.078123,27662,9165,0,0,0,37.325389311893275,77.5085683940229,78.91434590685763,University of Michigan Rogel Cancer Center,72,36,6,519,245,70
40021,40,Cherokee,Oklahoma,35.902314,-94.995607,47078,14100,0,0,0,57.50947956805651,172.2806683282291,172.57482010744812,Stephenson Cancer Center (Oklahoma),59,21,5,107,44,8
40023,40,Choctaw,Oklahoma,34.019064,-95.528308,14204,4933,0,0,0,132.8458396300559,132.8458396300559,135.12238876548358,Harold C. Simmons Comprehensive Cancer Center (UTSW),4,1,0,21,10,2
40025,40,Cimarron,Oklahoma,36.734437,-102.496037,2296,825,0,0,0,132.94175859980172,294.96542365232375,292.58367622714616,University of Colorado Cancer Center,4,1,0,4,1,0
40027,40,Cleveland,Oklahoma,35.269308,-97.450434,295528,75921,0,0,0,21.652670204180588,21.652670204180588,17.440097429061346,Stephenson Cancer Center (Oklahoma),186,87,16,187,88,16
40029,40,Coal,Oklahoma,34.548037,-96.278199,5266,1817,0,0,0,116.56786698757855,116.56786698757855,113.29122155236387,Stephenson Cancer Center (Oklahoma),0,0,0,198,93,17
40033,40,Cotton,Oklahoma,34.31257,-98.331491,5527,2004,0,0,0,27.243114193960924,114.95728702212699,111.61929030259203,Stephenson Cancer Center (Oklahoma),28,10,1,191,88,16
40035,40,Craig,Oklahoma,36.679216,-95.154588,14107,4706,0,0,0,53.097837318140314,184.64764120675338,186.40483382336927,Stephenson Cancer Center (Oklahoma),27,15,2,107,45,8
40037,40,Creek,Oklahoma,35.9754,-96.226043,71754,23181,0,0,0,23.581722515571872,94.25048372618251,95.48650136189131,Stephenson Cancer Center (Oklahoma),26,11,1,203,93,17
39079,39,Jackson,Ohio,39.035842,-82.610925,32653,10181,0,0,0,83.12266338153971,83.67433258845,84.65957183106251,OSU Comprehensive Cancer Center – James,33,19,4,441,235,35
40007,40,Beaver,Oklahoma,36.829383,-100.638158,5049,1675,0,0,0,155.76870069492298,235.46166533491686,237.97487148644979,Stephenson Cancer Center (Oklahoma),0,0,0,20,12,1
40009,40,Beckham,Oklahoma,35.361158,-99.511022,22410,5914,0,0,0,95.60911695197937,135.68888137638268,135.95307825642087,Stephenson Cancer Center (Oklahoma),0,0,0,24,10,1
40013,40,Bryan,Oklahoma,33.980731,-96.386125,46067,13685,0,0,0,100.9838677711589,100.9838677711589,101.77076157946478,Harold C. Simmons Comprehensive Cancer Center (UTSW),12,6,1,492,232,60
40015,40,Caddo,Oklahoma,35.175959,-98.339383,26945,7303,0,0,0,45.342691667791655,62.99105268475868,61.72660124635959,Stephenson Cancer Center (Oklahoma),24,10,1,192,89,16
40017,40,Canadian,Oklahoma,35.493359,-97.766177,154405,39894,0,0,0,17.336224686800715,17.336224686800715,17.778673573373847,Stephenson Cancer Center (Oklahoma),187,88,16,187,88,16
40019,40,Carter,Oklahoma,34.189514,-97.19745,48003,14272,0,0,0,91.31963217814015,112.82592569527718,108.61139595087351,Stephenson Cancer Center (Oklahoma),12,6,1,613,285,73
40121,40,Pittsburg,Oklahoma,34.956346,-95.721263,43773,14466,0,0,0,95.9104449293824,130.14495718867107,128.17619246192564,Stephenson Cancer Center (Oklahoma),0,0,0,49,23,2
40123,40,Pontotoc,Oklahoma,34.774213,-96.67319,38065,11097,0,0,0,84.3624704749046,84.3624704749046,80.93050233832327,Stephenson Cancer Center (Oklahoma),0,0,0,198,93,17
40005,40,Atoka,Oklahoma,34.329959,-96.097526,14143,4479,0,0,0,134.7539152856676,134.7539152856676,134.75250028265862,Stephenson Cancer Center (Oklahoma),0,0,0,30,16,5
39087,39,Lawrence,Ohio,38.50139,-82.538753,58240,18984,0,0,0,58.32259174695964,127.71721165885182,128.58495836215178,OSU Comprehensive Cancer Center – James,42,19,4,68,30,5
39091,39,Logan,Ohio,40.382633,-83.776776,46150,15593,0,0,0,40.363711101677794,58.90238446622177,57.075022782994786,OSU Comprehensive Cancer Center – James,424,231,34,586,303,57
39097,39,Madison,Ohio,39.923532,-83.378429,43824,13223,0,0,0,25.37781253446392,25.37781253446392,23.663275566482753,OSU Comprehensive Cancer Center – James,425,232,34,558,290,53
40055,40,Greer,Oklahoma,34.912036,-99.464241,5491,1687,0,0,0,74.82221813385124,141.65604397689762,140.79585954918863,Stephenson Cancer Center (Oklahoma),0,0,0,29,11,1
40057,40,Harmon,Oklahoma,34.694548,-99.897391,2488,836,0,0,0,100.91798964752329,175.8226555035099,174.81373957564915,Stephenson Cancer Center (Oklahoma),0,0,0,28,10,1
40059,40,Harper,Oklahoma,36.768589,-99.761804,3272,1134,0,0,0,176.5881511940231,182.48598312087074,185.38673608133678,Stephenson Cancer Center (Oklahoma),0,0,0,6,2,0
40061,40,Haskell,Oklahoma,35.239002,-95.124795,11561,3937,0,0,0,52.535990367917435,163.13393834157432,162.05228939452982,Stephenson Cancer Center (Oklahoma),21,13,1,100,41,7
40063,40,Hughes,Oklahoma,35.079245,-96.326231,13367,4092,0,0,0,88.3800999083725,88.3800999083725,86.19894077392509,Stephenson Cancer Center (Oklahoma),0,0,0,203,93,17
40053,40,Grant,Oklahoma,36.761056,-97.779663,4169,1525,0,0,0,81.45263871272653,103.9924179638878,108.21124651889495,Stephenson Cancer Center (Oklahoma),4,1,0,207,98,23
40067,40,Jefferson,Oklahoma,34.132097,-97.871654,5337,1874,0,0,0,55.94791630852996,118.09261093216944,114.13349748204202,Stephenson Cancer Center (Oklahoma),28,10,1,216,103,21
40069,40,Johnston,Oklahoma,34.262325,-96.650068,10272,3252,0,0,0,120.03407176874045,120.03407176874045,116.11995930639604,Stephenson Cancer Center (Oklahoma),12,6,1,30,16,5
40039,40,Custer,Oklahoma,35.547694,-98.828737,28513,7129,0,0,0,80.7597102535689,88.83317329883675,89.62312451310866,Stephenson Cancer Center (Oklahoma),1,1,0,187,88,16
40041,40,Delaware,Oklahoma,36.468532,-94.793251,40397,16594,0,0,0,39.16165730039797,198.4412499863666,199.65399525643514,Stephenson Cancer Center (Oklahoma),82,34,7,135,58,11
40043,40,Dewey,Oklahoma,36.057055,-99.074156,4484,1438,0,0,0,113.90635899570476,113.90635899570476,116.14301117413328,Stephenson Cancer Center (Oklahoma),1,1,0,187,88,16
40045,40,Ellis,Oklahoma,36.262513,-99.786963,3749,1355,0,0,0,162.88992111052897,164.54045955365342,166.71295271487682,Stephenson Cancer Center (Oklahoma),0,0,0,1,1,0
40047,40,Garfield,Oklahoma,36.398481,-97.885455,62846,17693,0,0,0,76.58688419290178,76.58688419290178,80.73333276843714,Stephenson Cancer Center (Oklahoma),1,1,0,207,98,23
40049,40,Garvin,Oklahoma,34.737491,-97.28949,25656,7912,0,0,0,67.0637430865879,67.0637430865879,62.86114140124558,Stephenson Cancer Center (Oklahoma),0,0,0,200,94,17
40051,40,Grady,Oklahoma,35.112409,-97.850428,54795,16965,0,0,0,41.18627037600556,41.18627037600556,38.138731575006496,Stephenson Cancer Center (Oklahoma),186,87,16,192,89,16
40065,40,Jackson,Oklahoma,34.657239,-99.331416,24785,6695,0,0,0,62.238779433406094,142.86817518158196,141.3515151018648,Stephenson Cancer Center (Oklahoma),0,0,0,29,11,1
04003,04,Cochise,Arizona,31.603486,-110.072835,125447,46567,0,0,0,80.40074241534653,80.40074241534653,81.4832513026389,University of Arizona Cancer Center,0,0,0,115,63,11
04007,04,Gila,Arizona,33.844439,-111.015003,53272,24657,0,0,0,76.84385871799975,76.84385871799975,65.51373958134937,Mayo Clinic Cancer Center – Phoenix,0,0,0,372,170,57
04009,04,Graham,Arizona,32.867145,-109.808107,38533,9461,0,0,0,96.80267767547812,96.80267767547812,94.89520917664485,University of Arizona Cancer Center,0,0,0,115,63,11
04011,04,Greenlee,Arizona,32.985155,-109.259546,9563,2364,0,0,0,134.67278673634962,134.67278673634962,132.9324366757794,University of Arizona Cancer Center,0,0,0,0,0,0
51191,51,Washington,Virginia,36.702853,-81.972673,53935,21225,0,0,0,124.6786968565756,124.6786968565756,124.59716736171515,Wake Forest Baptist Comprehensive Cancer Center,5,3,1,67,36,7
51193,51,Westmoreland,Virginia,38.160791,-76.854228,18477,8008,0,0,0,53.883607473453246,62.496679845031245,63.66502476219773,VCU Massey Comprehensive Cancer Center,53,23,5,1028,466,126
51199,51,York,Virginia,37.174598,-76.495318,70045,21583,0,0,0,27.821809035259307,70.65186911836544,68.67887137112324,VCU Massey Comprehensive Cancer Center,86,37,13,256,115,32
51530,51,Buena Vista,Virginia,37.733971,-79.352679,6641,2036,0,0,0,54.980551487886764,61.64326792395582,61.19637530990185,University of Virginia Cancer Center,59,30,6,222,111,24
48053,48,Burnet,Texas,30.672177,-98.241706,49130,19770,0,0,0,46.08288397675124,46.08288397675124,99.67824715679758,Mays Cancer Center (UT Health San Antonio),180,79,31,421,183,77
51171,51,Shenandoah,Virginia,38.870724,-78.526715,44186,16218,0,0,0,69.48193236585473,69.48193236585473,69.6514164845553,University of Virginia Cancer Center,13,4,4,801,365,98
51173,51,Smyth,Virginia,36.828217,-81.574516,29800,11052,0,0,0,106.29686051847305,106.29686051847305,106.25281745678537,Wake Forest Baptist Comprehensive Cancer Center,20,9,2,172,102,17
51175,51,Southampton,Virginia,36.717292,-77.067406,17996,6845,0,0,0,55.57474917276971,72.7846742218384,72.42362190673798,VCU Massey Comprehensive Cancer Center,81,36,11,270,120,34
51181,51,Surry,Virginia,37.116405,-76.868309,6561,2886,0,0,0,44.18398991187223,52.55899303024841,51.11114975421942,VCU Massey Comprehensive Cancer Center,247,110,32,255,114,32
51183,51,Sussex,Virginia,36.973226,-77.212078,10829,3556,0,0,0,43.339105420921555,49.5465459690213,49.269300694128766,VCU Massey Comprehensive Cancer Center,187,84,22,274,122,34
51185,51,Tazewell,Virginia,37.146681,-81.564501,40429,14838,0,0,0,101.06174874657697,122.54133381814108,122.5350761301411,Wake Forest Baptist Comprehensive Cancer Center,21,10,2,107,55,11
51187,51,Warren,Virginia,38.927717,-78.178302,40727,13039,0,0,0,59.72113601907121,59.72113601907121,70.16754983816627,Georgetown Lombardi Comprehensive Cancer Center,402,192,60,966,439,117
51155,51,Pulaski,Virginia,37.082088,-80.703764,33800,12839,0,0,0,51.74701556030363,86.294469380096,86.37641107983671,Wake Forest Baptist Comprehensive Cancer Center,74,40,9,176,104,17
51570,51,Colonial Heights,Virginia,37.264114,-77.401819,18170,5548,0,0,0,16.338892437658824,22.896807605158124,23.087564221215377,VCU Massey Comprehensive Cancer Center,181,83,20,360,169,43
51131,51,Northampton,Virginia,37.388365,-75.919193,12282,5541,0,0,0,46.62966224596618,102.55615164557388,100.20200277148318,VCU Massey Comprehensive Cancer Center,85,37,13,255,114,33
51133,51,Northumberland,Virginia,37.888285,-76.408327,11839,6723,0,0,0,68.23611895003519,75.31778657387146,72.88184009452297,VCU Massey Comprehensive Cancer Center,12,5,0,971,441,119
05005,05,Baxter,Arkansas,36.331791,-92.383935,41627,19391,0,0,0,94.17713982762935,195.36067211379424,235.72763739808363,Siteman Cancer Center (WashU),0,0,0,61,32,5
05009,05,Boone,Arkansas,36.266608,-93.098769,37373,13042,0,0,0,73.22694504044597,235.88877935140107,251.6268090270508,University of Kansas Cancer Center,15,10,1,114,50,10
05011,05,Bradley,Arkansas,33.574422,-92.101277,10545,3192,0,0,0,100.63811353708674,199.09722102001106,334.9358728919071,Harold C. Simmons Comprehensive Cancer Center (UTSW),1,0,0,97,37,11
05013,05,Calhoun,Arkansas,33.585989,-92.500683,4739,1789,0,0,0,99.42311669623543,220.05496203001792,307.94858067212584,Harold C. Simmons Comprehensive Cancer Center (UTSW),0,0,0,97,37,11
05015,05,Carroll,Arkansas,36.375744,-93.574712,28260,10844,0,0,0,43.908981740088336,224.7774529186248,232.35140661062889,University of Kansas Cancer Center,74,30,6,114,51,10
05017,05,Chicot,Arkansas,33.325951,-91.318357,10208,3601,0,0,0,110.90193707688329,178.9808236493731,312.94319286909933,O'Neal Comprehensive Cancer Center (UAB),0,0,0,54,32,3
04001,04,Apache,Arizona,35.543654,-109.419015,66021,19211,0,0,0,192.87482359838748,247.26299971065816,191.4130490758364,UNM Comprehensive Cancer Center,0,0,0,0,0,0
05021,05,Clay,Arkansas,36.370287,-90.366417,14552,5150,0,0,0,48.740982098621956,107.70813575471028,187.09343280217018,Siteman Cancer Center (WashU),29,12,5,159,80,13
04012,04,La Paz,Arizona,33.954185,-114.183775,16557,9006,0,0,0,89.73402175674029,152.49186759937325,155.87638906975906,Mayo Clinic Cancer Center – Phoenix,0,0,0,25,12,3
04017,04,Navajo,Arizona,34.862151,-110.205157,106717,35468,0,0,0,169.84942727084373,169.84942727084373,154.2677157255737,Mayo Clinic Cancer Center – Phoenix,0,0,0,1,1,0
04023,04,Santa Cruz,Arizona,31.439234,-110.945948,47669,14814,0,0,0,64.44495632617273,64.44495632617273,66.90820354562133,University of Arizona Cancer Center,0,0,0,115,63,11
04027,04,Yuma,Arizona,32.641391,-114.605444,203881,62334,0,0,0,175.94188772617872,175.94188772617872,184.43455735965426,Moores Comprehensive Cancer Center (UCSD),0,0,0,0,0,0
05001,05,Arkansas,Arkansas,34.403488,-91.460834,17149,5723,0,0,0,65.95407831994638,123.03830476105908,328.8767304379944,O'Neal Comprehensive Cancer Center (UAB),1,0,0,114,48,13
05003,05,Ashley,Arkansas,33.17959,-91.877908,19062,6596,0,0,0,134.34050056098386,211.76841758114452,346.5491938175225,Harold C. Simmons Comprehensive Cancer Center (UTSW),5,1,0,6,1,0
51119,51,Middlesex,Virginia,37.601288,-76.503852,10625,5460,0,0,0,60.43831341470527,63.49611078611827,61.030128067188194,VCU Massey Comprehensive Cancer Center,20,8,2,689,317,92
02290,02,Yukon-Koyukuk,Alaska,64.966051,-152.827744,5343,1597,0,0,0,332.9624907198221,1979.9862304166809,1970.9343414069838,Fred Hutch/UW/Seattle Children's Cancer Consortium,0,0,0,0,0,0
05019,05,Clark,Arkansas,34.099325,-93.123962,21446,5848,0,0,0,78.74129663330675,236.88902543062906,278.4252465869789,Harold C. Simmons Comprehensive Cancer Center (UTSW),10,4,2,97,37,11
53021,53,Franklin,Washington,46.303471,-119.125303,96749,18322,0,0,0,10.608016055023983,203.94691482738486,212.83024945293565,Fred Hutch/UW/Seattle Children's Cancer Consortium,27,15,2,33,19,2
51735,51,Poquoson,Virginia,37.131572,-76.381528,12460,4197,0,0,0,21.092104784925773,78.97482866626392,77.00008072634671,VCU Massey Comprehensive Cancer Center,85,37,13,250,112,32
51750,51,Radford,Virginia,37.128256,-80.559565,16070,2902,0,0,0,41.493967362768934,87.20523896269081,87.30920303630425,Wake Forest Baptist Comprehensive Cancer Center,74,40,9,177,104,17
51790,51,Staunton,Virginia,38.157632,-79.07724,25750,8778,0,0,0,39.660576911147764,39.660576911147764,39.31580905329063,University of Virginia Cancer Center,160,77,17,335,164,38
51820,51,Waynesboro,Virginia,38.072102,-78.898326,22196,7009,0,0,0,26.83100322016021,26.83100322016021,26.44925962246537,University of Virginia Cancer Center,165,79,18,332,159,37
51830,51,Williamsburg,Virginia,37.275238,-76.710426,15425,4082,0,0,0,43.274805266197056,54.26703379547882,52.25773340304113,VCU Massey Comprehensive Cancer Center,247,110,32,256,115,32
51660,51,Harrisonburg,Virginia,38.4408,-78.868276,51814,9131,0,0,0,41.807793135760186,41.807793135760186,41.71795936789928,University of Virginia Cancer Center,160,77,17,620,294,84
51670,51,Hopewell,Virginia,37.289394,-77.305511,23033,6373,0,0,0,19.675967161358805,22.990506375153615,22.45642892893557,VCU Massey Comprehensive Cancer Center,183,84,20,360,169,43
51157,51,Rappahannock,Virginia,38.695715,-78.123809,7348,3272,0,0,0,57.24661467955201,57.24661467955201,60.206625787128296,University of Virginia Cancer Center,514,242,72,1007,459,120
51685,51,Manassas Park,Virginia,38.772165,-77.448688,17219,3438,0,0,0,13.64631484789938,13.64631484789938,26.083054051572905,Georgetown Lombardi Comprehensive Cancer Center,719,331,92,1008,459,120
51690,51,Martinsville,Virginia,36.682806,-79.863773,13485,4184,0,0,0,49.80474715565279,54.701757020707355,54.89992192614031,Wake Forest Baptist Comprehensive Cancer Center,165,97,16,512,256,50
51720,51,Norton,Virginia,36.937981,-82.623258,3687,1148,0,0,0,121.42089223304177,152.3449283071282,153.6315046511492,Markey Cancer Center (Kentucky),6,4,1,52,27,6
51580,51,Covington,Virginia,37.781159,-79.989386,5737,1932,0,0,0,41.718475118684594,100.26576556033046,99.82946202915313,University of Virginia Cancer Center,57,33,5,224,111,25
51590,51,Danville,Virginia,36.591483,-79.409217,42590,14604,0,0,0,55.19779298513839,55.19779298513839,54.9515053147395,Duke Cancer Institute,188,80,20,526,261,51
51595,51,Emporia,Virginia,36.692193,-77.541334,5766,1708,0,0,0,51.66814538574487,70.09219595651132,70.82210670735773,VCU Massey Comprehensive Cancer Center,23,6,2,574,272,62
51600,51,Fairfax,Virginia,38.851844,-77.302407,24146,6626,0,0,0,2.857444640374454,2.857444640374454,14.720252243567483,Georgetown Lombardi Comprehensive Cancer Center,876,405,106,1008,460,121
51610,51,Falls Church,Virginia,38.883587,-77.174338,14658,3964,0,0,0,6.350846036638609,6.350846036638609,6.098782047601117,Georgetown Lombardi Comprehensive Cancer Center,886,410,106,1026,468,123
51678,51,Lexington,Virginia,37.784392,-79.443722,7320,1730,0,0,0,53.9680972115212,65.68991373898639,65.24549762903014,University of Virginia Cancer Center,59,30,6,222,111,24
51159,51,Richmond,Virginia,37.947361,-76.716497,8923,3140,0,0,0,50.77160077902901,59.86832946263758,57.58911962458768,VCU Massey Comprehensive Cancer Center,168,76,18,1029,466,125
51161,51,Roanoke,Virginia,37.270592,-79.990218,96929,34487,0,0,0,2.0845001698190178,98.3063551612084,98.47394854085253,Wake Forest Baptist Comprehensive Cancer Center,69,38,7,291,155,31
51163,51,Rockbridge,Virginia,37.787711,-79.427154,22650,9722,0,0,0,54.871117110228084,64.57324446362502,64.12876648587354,University of Virginia Cancer Center,59,30,6,222,111,24
51165,51,Rockingham,Virginia,38.452246,-78.83815,83757,28187,0,0,0,41.47446949119414,41.47446949119414,41.40737766904591,University of Virginia Cancer Center,161,78,17,623,294,85
51167,51,Russell,Virginia,36.935321,-82.086825,25781,9948,0,0,0,121.6957129667262,139.9433957017919,139.88264333998495,Wake Forest Baptist Comprehensive Cancer Center,6,4,1,54,29,7
51169,51,Scott,Virginia,36.683147,-82.596616,21576,8649,0,0,0,110.27504155102484,163.24824751784084,163.1465003425258,Wake Forest Baptist Comprehensive Cancer Center,5,3,1,112,53,12
51135,51,Nottoway,Virginia,37.1463,-78.078841,15642,5106,0,0,0,41.00065460629921,51.67811253936569,53.91455589320989,VCU Massey Comprehensive Cancer Center,178,82,20,596,285,63
51139,51,Page,Virginia,38.60454,-78.500572,23709,8891,0,0,0,47.3763783244613,47.3763783244613,47.554574261806486,University of Virginia Cancer Center,171,81,20,852,390,102
53019,53,Ferry,Washington,48.617553,-118.520753,7178,3491,0,0,0,100.49603454060085,223.6814384522643,226.92404499410202,Fred Hutch/UW/Seattle Children's Cancer Consortium,0,0,0,120,59,9
51143,51,Pittsylvania,Virginia,36.76981,-79.411183,60501,24237,0,0,0,55.67828618546361,69.0581695136084,68.06306994491484,Duke Cancer Institute,58,28,5,504,252,50
51145,51,Powhatan,Virginia,37.54288,-77.875784,30333,11078,0,0,0,23.429705622540006,26.91817716700734,29.339722173310967,VCU Massey Comprehensive Cancer Center,287,138,32,647,306,88
51147,51,Prince Edward,Virginia,37.257792,-78.422205,21849,6089,0,0,0,47.541875748270954,64.44655427335161,64.29470207955433,University of Virginia Cancer Center,68,28,8,594,288,60
51149,51,Prince George,Virginia,37.219071,-77.300134,43010,10040,0,0,0,23.6196706503624,28.429097056412047,28.075130795601765,VCU Massey Comprehensive Cancer Center,183,84,20,358,168,43
53001,53,Adams,Washington,46.864934,-119.031492,20613,4401,0,0,0,54.48051380646008,188.91929782557432,197.0181819036999,Fred Hutch/UW/Seattle Children's Cancer Consortium,27,15,2,80,39,9
53003,53,Asotin,Washington,46.388404,-117.06785,22285,8834,0,0,0,108.45031806165336,307.501331654416,315.5823313552881,Fred Hutch/UW/Seattle Children's Cancer Consortium,1,1,0,121,60,9
53009,53,Clallam,Washington,48.094969,-123.436581,77155,36356,0,0,0,70.58846321318991,80.91104346496682,71.86997070353104,Fred Hutch/UW/Seattle Children's Cancer Consortium,2,1,0,428,231,51
53013,53,Columbia,Washington,46.323102,-117.976206,3952,1850,0,0,0,74.92581054798501,261.41594251554295,269.8576493753869,Fred Hutch/UW/Seattle Children's Cancer Consortium,18,9,2,73,37,8
53017,53,Douglas,Washington,47.504279,-120.178914,42938,13190,0,0,0,114.91516599566876,114.91516599566876,121.65889452522117,Fred Hutch/UW/Seattle Children's Cancer Consortium,3,0,1,388,212,48
51141,51,Patrick,Virginia,36.654401,-80.284499,17608,7768,0,0,0,45.61716309008769,45.61716309008769,45.75391251364695,Wake Forest Baptist Comprehensive Cancer Center,166,97,17,501,253,49
51033,51,Caroline,Virginia,38.0087,-77.438652,30887,9635,0,0,0,26.711761701205265,39.280576813476,38.72497556995774,VCU Massey Comprehensive Cancer Center,190,89,20,863,392,107
51035,51,Carroll,Virginia,36.713036,-80.762136,29155,12166,0,0,0,60.61411633293089,60.61411633293089,60.64887360922512,Wake Forest Baptist Comprehensive Cancer Center,36,19,5,194,110,18
51036,51,Charles City,Virginia,37.383394,-77.101446,6773,3091,0,0,0,27.13045566454023,27.13045566454023,25.266713328071205,VCU Massey Comprehensive Cancer Center,186,85,21,364,171,43
51007,51,Amelia,Virginia,37.34151,-77.973985,13265,4980,0,0,0,28.25555846729888,37.0804327783389,39.50032270695179,VCU Massey Comprehensive Cancer Center,179,83,20,351,166,41
51009,51,Amherst,Virginia,37.518911,-79.1035,31307,11464,0,0,0,58.590780928666675,58.590780928666675,58.17801555553542,University of Virginia Cancer Center,194,95,21,328,162,36
51011,51,Appomattox,Virginia,37.36019,-78.83702,16119,5703,0,0,0,60.25773207822441,60.25773207822441,59.93524401170917,University of Virginia Cancer Center,11,4,2,601,293,61
51017,51,Bath,Virginia,38.018911,-79.758923,4209,1857,0,0,0,62.793622478277484,82.86212801633343,82.45285871542535,University of Virginia Cancer Center,12,4,1,214,110,23
51019,51,Bedford,Virginia,37.320204,-79.485385,79462,31311,0,0,0,31.509329383484754,88.08117825665016,87.65576052146861,University of Virginia Cancer Center,58,30,6,575,286,60
51125,51,Nelson,Virginia,37.812328,-78.87302,14775,6748,0,0,0,31.01263388583083,31.01263388583083,30.57566276477931,University of Virginia Cancer Center,165,79,18,331,163,36
50013,50,Grand Isle,Vermont,44.796249,-73.298725,7293,3083,0,0,0,27.630667132522508,243.73927643314465,114.53887713458151,Dartmouth Cancer Center,52,25,3,116,55,8
50015,50,Lamoille,Vermont,44.583725,-72.655635,25945,8439,0,0,0,28.51461546330008,209.16251194799972,82.18663222094595,Dartmouth Cancer Center,66,32,5,116,55,8
50017,50,Orange,Vermont,43.996141,-72.392814,29277,11638,0,0,0,23.533291489597854,158.97522608263844,31.044846256159015,Dartmouth Cancer Center,94,43,7,131,61,9
50019,50,Orleans,Vermont,44.862555,-72.225524,27393,10484,0,0,0,33.99537499161154,220.52569806606803,101.76085228863374,Dartmouth Cancer Center,37,16,4,116,55,8
50021,50,Rutland,Vermont,43.602602,-73.041302,60572,24421,0,0,0,59.64501979778879,158.82078346282864,47.34718240015746,Dartmouth Cancer Center,27,12,2,149,72,10
50025,50,Windham,Vermont,42.952898,-72.627862,45905,18887,0,0,0,73.71550057695941,107.51419051931565,60.924363766834965,Dartmouth Cancer Center,4,2,0,806,415,93
51001,51,Accomack,Virginia,37.789059,-75.629449,33413,13526,0,0,0,74.91854793314373,122.39145125638436,119.90815423876161,VCU Massey Comprehensive Cancer Center,2,1,1,134,55,19
49047,49,Uintah,Utah,40.426449,-109.59027,35620,7855,0,0,0,129.02875131531968,148.33797784874105,144.4784991925605,Huntsman Cancer Institute (Utah),0,0,0,0,0,0
51021,51,Bland,Virginia,37.150078,-81.087264,6270,2397,0,0,0,75.17528278576094,102.7351407440015,102.77442931398416,Wake Forest Baptist Comprehensive Cancer Center,28,15,3,182,104,17
48503,48,Young,Texas,33.164283,-98.624184,17867,6072,0,0,0,100.88164131428007,101.33227965359707,127.24356971715746,Harold C. Simmons Comprehensive Cancer Center (UTSW),0,0,0,144,62,18
48505,48,Zapata,Texas,26.903441,-99.266007,13889,3047,0,0,0,220.61870365376652,220.61870365376652,221.53862533025077,Mays Cancer Center (UT Health San Antonio),5,3,0,22,12,3
48507,48,Zavala,Texas,28.74941,-99.810168,9670,2341,0,0,0,110.79448688505359,110.79448688505359,109.11896415286691,Mays Cancer Center (UT Health San Antonio),0,0,0,312,133,59
49001,49,Beaver,Utah,38.29808,-112.762542,7072,1802,0,0,0,201.27217467275634,201.27217467275634,212.87273720547168,Huntsman Cancer Institute (Utah),5,3,1,9,6,2
49003,49,Box Elder,Utah,41.592632,-112.09841,57666,13851,0,0,0,79.82422026145552,79.82422026145552,70.44647335632962,Huntsman Cancer Institute (Utah),19,9,2,330,172,37
49007,49,Carbon,Utah,39.602446,-110.777569,20412,6223,0,0,0,112.67778534704046,112.67778534704046,117.62831746330903,Huntsman Cancer Institute (Utah),0,0,0,324,167,37
49009,49,Daggett,Utah,40.967095,-109.647096,935,258,0,0,0,145.69948418297528,145.69948418297528,138.59709574054122,Huntsman Cancer Institute (Utah),0,0,0,0,0,0
48487,48,Wilbarger,Texas,34.144872,-99.296953,12887,4033,0,0,0,72.40884163973689,166.88954943971967,164.5102257342242,Stephenson Cancer Center (Oklahoma),5,1,0,28,10,1
51031,51,Campbell,Virginia,37.261518,-79.169047,55696,19548,0,0,0,52.22284340604694,77.96696658287959,77.58377426318299,University of Virginia Cancer Center,58,30,6,597,291,62
48493,48,Wilson,Texas,29.231356,-98.142982,49753,15777,0,0,0,35.14709790083222,35.14709790083222,38.73192233199508,Mays Cancer Center (UT Health San Antonio),310,132,59,404,173,74
48495,48,Winkler,Texas,31.842332,-103.0992,7791,1925,0,0,0,164.84309080853785,379.76852789001174,363.7874535769076,UNM Comprehensive Cancer Center,7,1,2,8,2,2
48497,48,Wise,Texas,33.161791,-97.629879,68632,21324,0,0,0,42.33568922699001,42.33568922699001,61.869095204260596,Harold C. Simmons Comprehensive Cancer Center (UTSW),129,54,15,493,233,60
48499,48,Wood,Texas,32.776047,-95.400092,44843,19659,0,0,0,37.940333938067745,96.75167425169063,100.60191190745721,Harold C. Simmons Comprehensive Cancer Center (UTSW),77,30,10,502,236,62
48501,48,Yoakum,Texas,33.022609,-102.833127,7694,1776,0,0,0,78.51250788750747,389.40484464815023,312.69141943533805,UNM Comprehensive Cancer Center,0,0,0,27,11,5
51023,51,Botetourt,Virginia,37.446422,-79.853138,33596,13524,0,0,0,15.607492320942129,101.73895563472105,101.29318677593625,University of Virginia Cancer Center,69,38,7,299,158,31
51025,51,Brunswick,Virginia,36.758266,-77.863297,15849,5855,0,0,0,30.76795798721648,69.57141806592367,71.00145558939724,VCU Massey Comprehensive Cancer Center,67,27,7,643,305,72
51027,51,Buchanan,Virginia,37.264124,-82.059132,20355,7759,0,0,0,94.8443712676272,153.54075060581317,153.51296452658468,Wake Forest Baptist Comprehensive Cancer Center,4,3,0,72,34,7
51029,51,Buckingham,Virginia,37.580161,-78.485095,16824,5862,0,0,0,37.564112573237296,37.564112573237296,37.38797210682667,University of Virginia Cancer Center,165,79,18,324,157,35
48489,48,Willacy,Texas,26.452376,-97.777449,20164,4922,0,0,0,257.43008160922085,257.43008160922085,259.82217765102024,Mays Cancer Center (UT Health San Antonio),17,9,3,19,10,3
51097,51,King and Queen,Virginia,37.69798,-76.891199,6608,2755,0,0,0,34.57925093423327,40.11195105880065,37.65192064533678,VCU Massey Comprehensive Cancer Center,183,84,20,885,402,110
51063,51,Floyd,Virginia,36.943205,-80.342366,15476,6260,0,0,0,37.568308351926014,69.75383031450221,69.88377309821972,Wake Forest Baptist Comprehensive Cancer Center,76,40,9,318,161,31
51065,51,Fluvanna,Virginia,37.888642,-78.301835,27249,9825,0,0,0,17.19069021802954,17.19069021802954,17.361640725950902,University of Virginia Cancer Center,201,99,24,716,330,93
51067,51,Franklin,Virginia,37.02094,-79.857581,54477,22382,0,0,0,22.409194799059907,80.5301714078566,80.71493309485678,Wake Forest Baptist Comprehensive Cancer Center,72,38,7,496,249,49
51069,51,Frederick,Virginia,39.166263,-78.188362,91419,29901,0,0,0,65.5388651382453,65.5388651382453,73.63504617356503,Georgetown Lombardi Comprehensive Cancer Center,49,16,8,973,439,118
51075,51,Goochland,Virginia,37.70005,-77.83757,24727,10609,0,0,0,23.617710087995366,27.933672698681992,29.84229493552813,VCU Massey Comprehensive Cancer Center,293,141,32,719,331,93
51077,51,Grayson,Virginia,36.645604,-81.114627,15333,6339,0,0,0,72.65088000140189,72.65088000140189,72.61993119808852,Wake Forest Baptist Comprehensive Cancer Center,25,11,4,272,146,31
51037,51,Charlotte,Virginia,37.02206,-78.630278,11529,4395,0,0,0,34.40950980365067,84.3396572854673,84.11467248692031,University of Virginia Cancer Center,25,8,3,614,297,64
49051,49,Wasatch,Utah,40.511436,-111.412185,34788,8812,0,0,0,34.1316160705611,34.1316160705611,34.23901196983155,Huntsman Cancer Institute (Utah),324,167,37,330,172,37
51045,51,Craig,Virginia,37.47542,-80.173756,4892,1860,0,0,0,21.55006670275695,113.79653014923079,113.94629201481595,Wake Forest Baptist Comprehensive Cancer Center,58,34,5,290,155,31
51049,51,Cumberland,Virginia,37.481359,-78.258673,9675,3811,0,0,0,46.53653955037014,48.20904427523683,48.16734202130954,University of Virginia Cancer Center,287,138,32,324,157,35
51051,51,Dickenson,Virginia,37.143369,-82.378751,14124,5371,0,0,0,111.63289271945295,156.87404654252646,158.1059207303945,Markey Cancer Center (Kentucky),5,4,0,71,33,6
51053,51,Dinwiddie,Virginia,37.135652,-77.56051,27947,9756,0,0,0,23.437925252324288,33.72356100823673,34.756678115365425,VCU Massey Comprehensive Cancer Center,181,83,20,366,171,44
51061,51,Fauquier,Virginia,38.695515,-77.774094,72972,23581,0,0,0,35.51513180452285,35.51513180452285,47.84955337385173,Georgetown Lombardi Comprehensive Cancer Center,695,324,87,1007,459,120
05023,05,Cleburne,Arkansas,35.507218,-92.037753,24711,10809,0,0,0,63.535904313928356,148.84824049804845,283.83870622724316,Siteman Cancer Center (WashU),1,0,0,113,44,15
05025,05,Cleveland,Arkansas,33.912967,-92.136375,7550,2709,0,0,0,72.53318259739572,183.90659985127698,338.3740154467642,Harold C. Simmons Comprehensive Cancer Center (UTSW),1,0,0,97,37,11
05027,05,Columbia,Arkansas,33.258766,-93.247178,22801,6556,0,0,0,75.93657669243451,248.88294493764437,252.61675398534737,Harold C. Simmons Comprehensive Cancer Center (UTSW),0,0,0,49,16,6
05029,05,Conway,Arkansas,35.21299,-92.705923,20715,7217,0,0,0,44.96716578317292,191.21108645421012,325.18214924155046,Stephenson Cancer Center (Oklahoma),87,33,9,103,42,11
51043,51,Clarke,Virginia,39.129417,-77.987382,14783,5939,0,0,0,52.536210530131406,52.536210530131406,60.37330863013196,Georgetown Lombardi Comprehensive Cancer Center,555,266,71,962,436,117
49055,49,Wayne,Utah,38.361712,-111.473883,2486,974,0,0,0,190.9949587005757,190.9949587005757,200.66762772294834,Huntsman Cancer Institute (Utah),0,0,0,5,3,1
50001,50,Addison,Vermont,44.060543,-73.165381,37363,13863,0,0,0,34.81478308822232,190.7056604180761,64.91230940129317,Dartmouth Cancer Center,54,26,3,127,59,8
50003,50,Bennington,Vermont,42.980347,-73.148622,37347,14843,0,0,0,47.36029530215719,131.9236780540537,76.57941495177157,Dartmouth Cancer Center,50,26,4,200,96,13
50009,50,Essex,Vermont,44.663681,-71.741708,5920,2631,0,0,0,25.657637325197545,197.07968910448588,90.53689728542955,Dartmouth Cancer Center,22,11,3,153,68,10
50011,50,Franklin,Vermont,44.836315,-72.997625,49946,16127,0,0,0,30.853559354977094,237.20809890555194,108.93415205212283,Dartmouth Cancer Center,52,25,3,115,54,8
51099,51,King George,Virginia,38.290179,-77.163647,26723,7555,0,0,0,46.393712576269586,46.393712576269586,52.2444235118599,Georgetown Lombardi Comprehensive Cancer Center,565,260,76,1009,460,121
51101,51,King William,Virginia,37.705655,-77.062634,17810,5588,0,0,0,23.36978376822994,30.041025374356593,27.662714269781674,VCU Massey Comprehensive Cancer Center,187,86,20,885,402,110
51103,51,Lancaster,Virginia,37.703954,-76.435886,10919,6080,0,0,0,64.45250440145387,69.10779551970404,66.62352093147976,VCU Massey Comprehensive Cancer Center,20,8,2,702,319,96
51093,51,Isle of Wight,Virginia,36.92455,-76.644703,38606,14227,0,0,0,25.570788366057236,74.21909532562508,72.81653691227837,VCU Massey Comprehensive Cancer Center,87,38,13,250,112,32
51109,51,Louisa,Virginia,37.982264,-77.971413,37596,14525,0,0,0,34.16385835704047,34.16385835704047,34.547736953996605,University of Virginia Cancer Center,293,141,32,840,385,102
51111,51,Lunenburg,Virginia,36.970037,-78.216617,11936,4496,0,0,0,24.14942257112364,68.1816092612494,70.31909839041313,VCU Massey Comprehensive Cancer Center,66,27,7,604,289,62
51113,51,Madison,Virginia,38.376095,-78.234462,13837,5503,0,0,0,32.95843615718257,32.95843615718257,33.32266229847753,University of Virginia Cancer Center,179,87,17,848,388,102
51115,51,Mathews,Virginia,37.445239,-76.342339,8533,4154,0,0,0,45.84028880408373,74.32997003823905,71.96426232314539,VCU Massey Comprehensive Cancer Center,93,41,13,256,115,32
51079,51,Greene,Virginia,38.250643,-78.419667,20552,6718,0,0,0,18.608953152715685,18.608953152715685,18.889626029039658,University of Virginia Cancer Center,173,84,17,841,386,102
51081,51,Greensville,Virginia,36.723794,-77.536797,11391,3272,0,0,0,52.032537354990794,67.45745186591903,68.18483002894325,VCU Massey Comprehensive Cancer Center,67,27,7,460,222,51
51083,51,Halifax,Virginia,36.748512,-78.926925,34022,13544,0,0,0,40.72402000360849,63.23172329667661,60.0931479031462,Duke Cancer Institute,25,8,3,653,318,69
51089,51,Henry,Virginia,36.6901,-79.902329,50948,20247,0,0,0,48.93897316379196,54.05193444940053,54.24681589640212,Wake Forest Baptist Comprehensive Cancer Center,163,96,16,512,256,50
51091,51,Highland,Virginia,38.386566,-79.570507,2232,1176,0,0,0,76.22589403921968,76.22589403921968,75.92174175877793,University of Virginia Cancer Center,12,4,1,250,125,27
51105,51,Lee,Virginia,36.714437,-83.102612,22173,8137,0,0,0,85.53025781734456,141.89137286770114,143.20607166843288,Markey Cancer Center (Kentucky),5,3,1,91,42,10
01091,01,Marengo,Alabama,32.342372,-87.803475,19323,6502,0,0,0,105.8321937739355,119.38458632204016,119.2593501994401,O'Neal Comprehensive Cancer Center (UAB),0,0,0,190,90,19
01093,01,Marion,Alabama,34.110448,-87.876476,29341,10322,0,0,0,60.35840936678547,88.3203801171727,89.27699931606763,O'Neal Comprehensive Cancer Center (UAB),3,3,0,206,102,20
01095,01,Marshall,Alabama,34.311249,-86.291329,97612,29463,0,0,0,74.93957013220223,74.93957013220223,75.19385029861412,O'Neal Comprehensive Cancer Center (UAB),11,7,1,209,96,19
01099,01,Monroe,Alabama,31.4988,-87.364576,19772,7036,0,0,0,88.74589013643698,171.75935467477464,171.27568695695274,O'Neal Comprehensive Cancer Center (UAB),0,0,0,54,28,6
01103,01,Morgan,Alabama,34.513887,-86.931981,123421,39107,0,0,0,83.05076150355478,83.05076150355478,83.78355233188373,O'Neal Comprehensive Cancer Center (UAB),10,7,1,188,86,19
01105,01,Perry,Alabama,32.584881,-87.369738,8511,2811,0,0,0,86.48703190327454,86.48703190327454,86.21767718739677,O'Neal Comprehensive Cancer Center (UAB),2,0,0,190,90,19
01017,01,Chambers,Alabama,32.85644,-85.25964,34772,11913,0,0,0,56.61438623766132,100.62956513737099,101.1989825780627,Winship Cancer Institute (Emory),41,23,4,426,198,44
01071,01,Jackson,Alabama,34.727289,-85.943552,52579,18600,0,0,0,58.87909410841713,116.68811881182431,116.90638660289109,O'Neal Comprehensive Cancer Center (UAB),46,22,2,232,106,25
51620,51,Franklin,Virginia,36.679019,-76.937037,8180,2708,0,0,0,48.390535550076955,79.16927957418265,78.59009861127123,VCU Massey Comprehensive Cancer Center,88,38,13,270,120,34
01077,01,Lauderdale,Alabama,34.865524,-87.608858,93564,31857,0,0,0,100.6969373597605,120.53566290046987,119.14152976789558,Vanderbilt-Ingram Cancer Center,0,0,0,50,27,4
01079,01,Lawrence,Alabama,34.540863,-87.27158,33073,11191,0,0,0,90.56814631530126,90.56814631530126,91.43646506387736,O'Neal Comprehensive Cancer Center (UAB),10,7,1,211,100,21
01081,01,Lee,Alabama,32.592265,-85.359778,174241,42806,0,0,0,78.36792413265017,122.64757738865045,122.84229847193474,Winship Cancer Institute (Emory),4,2,1,63,34,5
01083,01,Limestone,Alabama,34.803982,-86.922366,103570,31430,0,0,0,106.96059540773966,106.96059540773966,107.67445970968346,O'Neal Comprehensive Cancer Center (UAB),10,7,1,661,311,93
01085,01,Lowndes,Alabama,32.164241,-86.615186,10311,3542,0,0,0,113.00959571483261,113.00959571483261,112.26641437775943,O'Neal Comprehensive Cancer Center (UAB),1,1,0,175,80,17
01087,01,Macon,Alabama,32.429073,-85.711764,19532,6438,0,0,0,104.05715384861753,118.28732164422306,117.32422975501223,O'Neal Comprehensive Cancer Center (UAB),5,3,1,205,95,21
55041,55,Forest,Wisconsin,45.563411,-88.812092,9179,3928,0,0,0,35.70902326803758,209.1497448431017,209.3746078919538,UW Carbone Cancer Center,52,28,5,98,49,9
55043,55,Grant,Wisconsin,42.827213,-90.612643,51938,16043,0,0,0,76.68156185250149,76.68156185250149,74.67864390474686,UW Carbone Cancer Center,0,0,0,294,164,30
01075,01,Lamar,Alabama,33.761275,-88.108771,13972,4992,0,0,0,27.83230947383954,91.79886897089862,92.6377426882196,O'Neal Comprehensive Cancer Center (UAB),28,18,2,198,97,19
54089,54,Summers,West Virginia,37.665228,-80.849424,11959,5197,0,0,0,66.72005273614761,135.19754937740922,135.29027254322895,Wake Forest Baptist Comprehensive Cancer Center,23,12,2,106,54,12
54091,54,Taylor,West Virginia,39.33862,-80.066874,16705,5838,0,0,0,25.684338406594726,92.16558453213318,92.75265561234298,UPMC Hillman Cancer Center,70,29,4,361,163,48
54093,54,Tucker,West Virginia,39.110662,-79.602086,6762,3005,0,0,0,49.17336504910445,113.33969000688795,113.2239594031901,UPMC Hillman Cancer Center,62,26,4,463,208,61
54095,54,Tyler,West Virginia,39.51456,-80.930534,8313,3238,0,0,0,63.04316236659667,98.48119751012801,100.35791146250698,UPMC Hillman Cancer Center,27,13,1,419,193,55
54063,54,Monroe,West Virginia,37.524766,-80.641965,12376,4969,0,0,0,49.325679712885865,120.4677650924645,120.57516028259042,Wake Forest Baptist Comprehensive Cancer Center,68,38,7,103,52,11
54065,54,Morgan,West Virginia,39.580983,-78.223029,17063,7230,0,0,0,81.50654715624816,81.50654715624816,91.16481084424194,Georgetown Lombardi Comprehensive Cancer Center,45,17,7,932,419,116
54067,54,Nicholas,West Virginia,38.278413,-80.77232,24604,9403,0,0,0,58.057060802728365,150.15678492659842,149.78020934914554,University of Virginia Cancer Center,21,8,1,107,56,10
54071,54,Pendleton,West Virginia,38.672348,-79.337977,6143,2770,0,0,0,76.45724702412609,76.45724702412609,76.29233962172306,University of Virginia Cancer Center,5,1,1,221,103,22
54059,54,Mingo,West Virginia,37.704029,-82.153272,23568,8200,0,0,0,63.507254877061314,155.4710531089472,156.50151856002552,Markey Cancer Center (Kentucky),1,1,0,68,33,5
54075,54,Pocahontas,West Virginia,38.286975,-80.021443,7869,3422,0,0,0,83.70923684263381,102.00940704339216,101.65016212985624,University of Virginia Cancer Center,7,3,0,247,123,26
54077,54,Preston,West Virginia,39.50551,-79.669791,34216,11533,0,0,0,21.32060460102453,80.44814630232202,80.26544844102261,UPMC Hillman Cancer Center,71,29,4,371,165,51
54079,54,Putnam,West Virginia,38.474402,-81.929372,57440,18911,0,0,0,19.875606976552685,143.81652417437965,145.11258003479136,OSU Comprehensive Cancer Center – James,39,16,4,53,25,5
54045,54,Logan,West Virginia,37.856159,-81.972493,32567,11250,0,0,0,46.78111213062386,165.46673134508063,166.42136124172873,Markey Cancer Center (Kentucky),39,17,3,71,36,6
54047,54,McDowell,West Virginia,37.396396,-81.656256,19111,6610,0,0,0,80.17025991117602,141.7490055384865,141.7582722107203,Wake Forest Baptist Comprehensive Cancer Center,18,8,2,106,55,11
54049,54,Marion,West Virginia,39.484338,-80.178811,56205,18197,0,0,0,18.988270943797648,80.96185915710112,81.79075590513416,UPMC Hillman Cancer Center,72,31,4,361,163,48
54051,54,Marshall,West Virginia,39.928298,-80.704828,30591,11569,0,0,0,42.3772711964187,63.34062636428028,65.45976070886191,UPMC Hillman Cancer Center,77,33,5,422,194,56
54053,54,Mason,West Virginia,38.827547,-82.058308,25453,9243,0,0,0,46.407190151391035,114.2270692889369,115.60388901573255,OSU Comprehensive Cancer Center – James,51,24,5,407,218,34
54057,54,Mineral,West Virginia,39.46477,-78.909653,26938,9813,0,0,0,68.44489109062067,105.8230630916349,104.53750979226338,UPMC Hillman Cancer Center,30,10,4,807,371,105
54073,54,Pleasants,West Virginia,39.383391,-81.192758,7653,2535,0,0,0,81.79772613396584,117.55221739765008,119.51829086816483,UPMC Hillman Cancer Center,29,14,2,371,170,50
55091,55,Pepin,Wisconsin,44.591768,-91.987424,7318,2931,0,0,0,35.44522762269377,55.25555714274223,56.05220947211808,Mayo Clinic Cancer Center – Rochester,333,154,38,491,234,52
55093,55,Pierce,Wisconsin,44.77335,-92.547747,42212,12692,0,0,0,20.37371994669865,37.49167410364804,43.73708167720784,Masonic Cancer Center (Minnesota),240,123,19,491,233,52
55095,55,Polk,Wisconsin,45.404946,-92.481404,44977,17644,0,0,0,32.60471281984603,49.97234380357807,56.64287887684199,Masonic Cancer Center (Minnesota),122,67,8,487,232,52
55099,55,Price,Wisconsin,45.724359,-90.39805,14054,6563,0,0,0,52.34944012692911,168.99064136705815,176.58656580476415,Masonic Cancer Center (Minnesota),58,31,6,95,47,7
01127,01,Walker,Alabama,33.834217,-87.250515,65342,21808,0,0,0,40.09989882068235,40.09989882068235,41.0679331758821,O'Neal Comprehensive Cancer Center (UAB),171,79,17,202,98,20
55049,55,Iowa,Wisconsin,42.981998,-90.12223,23709,8538,0,0,0,44.72610033545731,44.72610033545731,42.667793715677696,UW Carbone Cancer Center,154,91,14,224,125,16
55051,55,Iron,Wisconsin,46.343183,-90.189954,6137,3118,0,0,0,35.77645913369542,202.64553017051279,209.74627214302353,Masonic Cancer Center (Minnesota),52,27,2,76,40,6
55053,55,Jackson,Wisconsin,44.320677,-90.903038,21145,7387,0,0,0,42.23952445429716,96.72343691961102,97.08525912827547,Mayo Clinic Cancer Center – Rochester,97,51,6,360,169,38
55045,55,Green,Wisconsin,42.673838,-89.575106,37093,13079,0,0,0,35.05647836542517,35.05647836542517,34.58038760062104,UW Carbone Cancer Center,165,97,14,424,216,53
55061,55,Kewaunee,Wisconsin,44.527818,-87.591703,20563,7654,0,0,0,26.282605113122184,126.00939427454583,163.0015722191213,UW Carbone Cancer Center,75,39,6,108,51,10
55065,55,Lafayette,Wisconsin,42.663323,-90.140565,16611,5779,0,0,0,56.73217672347196,56.73217672347196,55.13458300660007,UW Carbone Cancer Center,154,91,14,320,172,36
01109,01,Pike,Alabama,31.786041,-85.946994,33009,8684,0,0,0,155.70829089629936,155.70829089629936,154.82180979390776,O'Neal Comprehensive Cancer Center (UAB),1,1,0,9,4,1
01111,01,Randolph,Alabama,33.264692,-85.427378,21967,7950,0,0,0,48.98539230818284,85.40465854472646,87.93966647853836,Winship Cancer Institute (Emory),37,21,3,537,249,59
01113,01,Russell,Alabama,32.414904,-85.054594,59183,16727,0,0,0,82.92338293594936,126.11729666451679,125.1087488465524,Winship Cancer Institute (Emory),4,2,1,62,34,5
01115,01,St. Clair,Alabama,33.660943,-86.374875,91103,28867,0,0,0,32.433330468556015,32.433330468556015,32.03489081527478,O'Neal Comprehensive Cancer Center (UAB),170,79,17,208,99,21
01119,01,Sumter,Alabama,32.571003,-88.230925,12345,3827,0,0,0,79.47261446857853,126.03581987093672,126.18501361722912,O'Neal Comprehensive Cancer Center (UAB),0,0,0,28,15,2
01121,01,Talladega,Alabama,33.376936,-86.165876,82149,26828,0,0,0,46.16198234015,46.16198234015,45.31580158639893,O'Neal Comprehensive Cancer Center (UAB),170,79,17,211,100,22
55057,55,Juneau,Wisconsin,43.843115,-90.09764,26718,10124,0,0,0,53.28737254825704,76.38576463104629,75.13463800928774,UW Carbone Cancer Center,66,32,6,223,123,19
01065,01,Hale,Alabama,32.783251,-87.627964,14785,5002,0,0,0,80.79599036791895,83.15416594552596,83.15867911208403,O'Neal Comprehensive Cancer Center (UAB),2,0,0,190,90,19
01067,01,Henry,Alabama,31.469275,-85.271132,17146,6477,0,0,0,162.66920097634957,201.08435565729786,200.14429954110878,O'Neal Comprehensive Cancer Center (UAB),4,1,0,26,12,2
55011,55,Buffalo,Wisconsin,44.380158,-91.74144,13317,5273,0,0,0,37.97906193421927,52.697485170643304,53.294473132932836,Mayo Clinic Cancer Center – Rochester,346,163,38,495,235,51
55013,55,Burnett,Wisconsin,45.836891,-92.403811,16526,8423,0,0,0,32.512595277578676,81.02618024268119,86.27529379901002,Masonic Cancer Center (Minnesota),72,40,6,268,135,23
55021,55,Columbia,Wisconsin,43.460151,-89.366154,58490,20138,0,0,0,31.93012208963375,31.93012208963375,31.987610712881263,UW Carbone Cancer Center,159,94,14,360,189,42
55023,55,Crawford,Wisconsin,43.165384,-91.005118,16113,6559,0,0,0,58.96375626219809,97.69561746797216,95.57871854523601,UW Carbone Cancer Center,59,37,2,440,219,45
55027,55,Dodge,Wisconsin,43.435904,-88.713062,89396,30327,0,0,0,30.84723270473498,50.89639567336662,52.54342400040959,UW Carbone Cancer Center,331,175,38,383,199,49
55033,55,Dunn,Wisconsin,44.914658,-91.892915,45440,13043,0,0,0,27.742724607164458,71.45239370947095,78.93757233622392,Masonic Cancer Center (Minnesota),69,35,5,497,235,52
55081,55,Monroe,Wisconsin,43.942578,-90.644211,46274,14703,0,0,0,34.40404925591703,103.94588102233726,102.3489194170861,UW Carbone Cancer Center,59,37,2,449,220,47
55103,55,Richland,Wisconsin,43.350268,-90.390394,17304,6809,0,0,0,64.2865888528119,64.2865888528119,62.27111181073536,UW Carbone Cancer Center,0,0,0,214,121,17
56035,56,Sublette,Wyoming,42.807278,-109.943507,8728,3275,0,0,0,217.7269381910997,217.7269381910997,205.97616799589989,Huntsman Cancer Institute (Utah),0,0,0,1,1,0
56037,56,Sweetwater,Wyoming,41.580564,-109.302521,42272,11064,0,0,0,181.63649697695132,181.63649697695132,172.25985475509444,Huntsman Cancer Institute (Utah),0,0,0,0,0,0
56041,56,Uinta,Wyoming,41.271502,-110.760395,20450,5883,0,0,0,89.98234440378336,89.98234440378336,79.58987322310233,Huntsman Cancer Institute (Utah),0,0,0,330,172,37
56043,56,Washakie,Wyoming,44.012223,-107.905059,7685,2920,0,0,0,152.1259536455677,152.1259536455677,361.2726296292577,Huntsman Cancer Institute (Utah),0,0,0,17,8,1
01021,01,Chilton,Alabama,32.879146,-86.688861,45014,13754,0,0,0,53.584443049933206,53.584443049933206,52.81993462453044,O'Neal Comprehensive Cancer Center (UAB),170,79,17,171,79,17
55069,55,Lincoln,Wisconsin,45.288548,-89.686454,28415,11782,0,0,0,31.6222728817109,184.29204013440665,183.98001138717163,UW Carbone Cancer Center,70,35,5,110,53,10
55077,55,Marquette,Wisconsin,43.810948,-89.407897,15592,6957,0,0,0,57.08052262368541,60.97109500141441,60.85226352631632,UW Carbone Cancer Center,70,39,5,360,189,42
55078,55,Menominee,Wisconsin,44.912634,-88.635691,4255,1315,0,0,0,28.774724144540958,158.9083091250936,159.39060594504284,UW Carbone Cancer Center,80,42,6,99,50,9
01023,01,Choctaw,Alabama,32.016121,-88.262482,12665,4987,0,0,0,110.61882125314132,160.3776344127996,160.3171252345111,O'Neal Comprehensive Cancer Center (UAB),0,0,0,50,27,4
53049,53,Pacific,Washington,46.524578,-123.904809,23365,11849,0,0,0,72.39148796475179,104.68554997983095,110.67615419535058,Knight Cancer Institute (OHSU),18,8,2,351,169,39
53051,53,Pend Oreille,Washington,48.281535,-117.224181,13401,6056,0,0,0,33.0001292086992,284.6654085435964,289.3938244905788,Fred Hutch/UW/Seattle Children's Cancer Consortium,120,59,9,120,59,9
53055,53,San Juan,Washington,48.575232,-122.979166,17788,9522,0,0,0,69.19356622779597,94.5525391013817,85.81852127388552,Fred Hutch/UW/Seattle Children's Cancer Consortium,20,8,3,383,211,47
53065,53,Stevens,Washington,48.277695,-117.812987,46445,19279,0,0,0,55.33080637623256,252.74052178114127,257.304277621768,Fred Hutch/UW/Seattle Children's Cancer Consortium,60,28,8,120,59,9
53069,53,Wahkiakum,Washington,46.236473,-123.426151,4422,2271,0,0,0,67.84186273312665,69.99180685797383,75.07136446011829,Knight Cancer Institute (OHSU),17,8,2,350,169,40
53075,53,Whitman,Washington,46.793601,-117.21808,47973,9479,0,0,0,74.000400761659,289.34513655540314,296.94981178697464,Fred Hutch/UW/Seattle Children's Cancer Consortium,1,1,0,121,60,9
53023,53,Garfield,Washington,46.472066,-117.577877,2286,1071,0,0,0,99.27195952781413,277.75820127712313,285.8967442031327,Fred Hutch/UW/Seattle Children's Cancer Consortium,18,9,2,124,63,9
53025,53,Grant,Washington,47.14473,-119.466088,99123,25301,0,0,0,76.61593289431349,158.88551558053175,166.57439930996267,Fred Hutch/UW/Seattle Children's Cancer Consortium,3,0,1,36,19,3
54087,54,Roane,West Virginia,38.728527,-81.345745,14028,5301,0,0,0,36.435918900905456,149.2376750898266,150.8984190665682,OSU Comprehensive Cancer Center – James,37,15,2,99,46,8
53037,53,Kittitas,Washington,47.051833,-120.630456,44337,13687,0,0,0,99.00373055803668,99.00373055803668,107.64809044369387,Fred Hutch/UW/Seattle Children's Cancer Consortium,19,8,2,421,226,52
53039,53,Klickitat,Washington,45.79839,-121.146148,22735,9271,0,0,0,82.53492242744902,86.90750341163968,93.09974408915798,Knight Cancer Institute (OHSU),13,5,2,306,151,34
53043,53,Lincoln,Washington,47.638472,-118.324539,10876,4639,0,0,0,53.477173148770255,218.49231902994293,224.63831890997483,Fred Hutch/UW/Seattle Children's Cancer Consortium,60,28,8,123,59,10
02240,02,Southeast Fairbanks,Alaska,63.861551,-144.698751,6808,1974,0,0,0,294.7285302616326,1692.808864379036,1683.8823595773426,Fred Hutch/UW/Seattle Children's Cancer Consortium,0,0,0,0,0,0
02275,02,Wrangell,Alaska,56.426145,-132.355422,2127,782,0,0,0,842.973054094282,897.3472853992015,888.3303226128643,Fred Hutch/UW/Seattle Children's Cancer Consortium,0,0,0,0,0,0
02282,02,Yakutat,Alaska,59.545059,-139.714907,662,216,0,0,0,434.5634760596483,1307.515260359213,1298.404001853199,Fred Hutch/UW/Seattle Children's Cancer Consortium,0,0,0,0,0,0
54031,54,Hardy,West Virginia,39.039184,-78.88137,14299,5592,0,0,0,84.90638053534784,87.1790382347538,87.2366571393354,University of Virginia Cancer Center,25,9,3,696,326,88
54035,54,Jackson,West Virginia,38.83984,-81.713096,27791,9970,0,0,0,39.669521902616715,126.42583802088843,127.99815722735062,OSU Comprehensive Cancer Center – James,51,24,5,55,26,5
53029,53,Island,Washington,48.2063,-122.576951,86857,34520,0,0,0,31.570498028616264,57.68918938960493,49.4337323030885,Fred Hutch/UW/Seattle Children's Cancer Consortium,383,211,47,427,231,51
51630,51,Fredericksburg,Virginia,38.299101,-77.483494,27982,6134,0,0,0,47.520123097667245,47.520123097667245,57.259302106269026,Georgetown Lombardi Comprehensive Cancer Center,570,263,78,1008,460,120
51640,51,Galax,Virginia,36.666194,-80.918852,6720,2346,0,0,0,64.1145385040516,64.1145385040516,64.11406708314466,Wake Forest Baptist Comprehensive Cancer Center,36,19,5,273,147,31
54021,54,Gilmer,West Virginia,38.923122,-80.826516,7408,2271,0,0,0,71.10135797401385,137.68052489089257,139.0553324867364,UPMC Hillman Cancer Center,17,6,1,107,48,9
54023,54,Grant,West Virginia,39.058737,-79.16103,10976,4349,0,0,0,69.98927801330122,95.50674608779346,95.4857340325721,University of Virginia Cancer Center,13,5,0,237,106,26
54025,54,Greenbrier,West Virginia,37.854476,-80.490891,32977,12816,0,0,0,59.132029642758674,131.6418624950367,131.21738986063875,University of Virginia Cancer Center,63,35,6,99,49,11
54027,54,Hampshire,West Virginia,39.329412,-78.610531,23093,9229,0,0,0,89.83771174165484,95.80632989172446,103.55269112301883,Georgetown Lombardi Comprehensive Cancer Center,29,10,4,806,366,100
54029,54,Hancock,West Virginia,40.477168,-80.568865,29095,11200,0,0,0,34.79019227523585,37.7533636232499,40.2257126557229,UPMC Hillman Cancer Center,387,178,52,623,283,74
01129,01,Washington,Alabama,31.413666,-88.195263,15388,5604,0,0,0,60.51149215800338,199.4632936411456,199.23364794890162,O'Neal Comprehensive Cancer Center (UAB),0,0,0,72,38,8
53047,53,Okanogan,Washington,48.446072,-119.591995,42104,15834,0,0,0,138.57915180100096,164.1268938372543,166.94560272836864,Fred Hutch/UW/Seattle Children's Cancer Consortium,0,0,0,3,0,1
01133,01,Winston,Alabama,34.164369,-87.415624,23540,8819,0,0,0,67.89276954752813,67.89276954752813,68.84937627989426,O'Neal Comprehensive Cancer Center (UAB),0,0,0,204,99,20
54001,54,Barbour,West Virginia,39.110076,-80.004391,15465,5295,0,0,0,43.75587328338866,110.93514030501048,111.39980673941875,UPMC Hillman Cancer Center,62,26,4,375,168,50
54005,54,Boone,West Virginia,38.05644,-81.757507,21809,7679,0,0,0,26.252899052028546,178.74410090229972,179.6034095050166,Markey Cancer Center (Kentucky),38,16,3,76,39,7
54007,54,Braxton,West Virginia,38.691905,-80.723592,12447,4840,0,0,0,66.46476505600448,153.31294862685434,154.4923414732241,UPMC Hillman Cancer Center,14,6,1,98,46,8
54009,54,Brooke,West Virginia,40.309452,-80.585926,22559,8709,0,0,0,29.061357901877397,40.45975883266849,42.97057869648463,UPMC Hillman Cancer Center,329,149,47,623,283,74
54013,54,Calhoun,West Virginia,38.852608,-81.104396,6229,2643,0,0,0,54.161625540220776,150.73741144979616,152.30443858139841,UPMC Hillman Cancer Center,37,15,2,99,46,8
54015,54,Clay,West Virginia,38.471941,-81.09932,8051,2968,0,0,0,37.40947575181597,173.71632294908855,173.3593481936564,University of Virginia Cancer Center,21,8,1,75,38,7
54017,54,Doddridge,West Virginia,39.285261,-80.721305,7808,2862,0,0,0,56.94710616056335,107.54965942058568,109.03604633697388,UPMC Hillman Cancer Center,69,31,4,369,168,50
54019,54,Fayette,West Virginia,38.032534,-81.129034,40488,14553,0,0,0,44.05984687026682,169.90469058350695,169.98787850928574,Wake Forest Baptist Comprehensive Cancer Center,26,9,2,107,56,10
01131,01,Wilcox,Alabama,32.007448,-87.376912,10600,3575,0,0,0,123.42967350071817,131.23634879916884,130.82038729821036,O'Neal Comprehensive Cancer Center (UAB),0,0,0,4,1,0
02016,02,Aleutians West,Alaska,54.024627,-168.148047,5232,1060,0,0,0,1003.2327922553358,2420.5992363196533,2411.698016210681,Fred Hutch/UW/Seattle Children's Cancer Consortium,0,0,0,0,0,0
02050,02,Bethel,Alaska,60.667568,-162.178288,18666,3507,0,0,0,500.11298742187563,2177.8120092194613,2168.561346322255,Fred Hutch/UW/Seattle Children's Cancer Consortium,0,0,0,0,0,0
02060,02,Bristol Bay,Alaska,58.733456,-156.833611,844,297,0,0,0,355.991721966428,1924.668065927769,1915.4417288508607,Fred Hutch/UW/Seattle Children's Cancer Consortium,0,0,0,0,0,0
02063,02,Chugach,Alaska,60.881369,-146.199156,7102,2013,0,0,0,146.5218482915721,1586.7754742379038,1577.5919543614457,Fred Hutch/UW/Seattle Children's Cancer Consortium,0,0,0,0,0,0
02066,02,Copper River,Alaska,62.060769,-145.032939,2617,1012,0,0,0,200.8422907160702,1606.1466268826857,1597.061292351598,Fred Hutch/UW/Seattle Children's Cancer Consortium,0,0,0,0,0,0
02068,02,Denali,Alaska,63.86431,-149.027498,1619,487,0,0,0,223.5246964566157,1816.1395100018008,1807.087050375391,Fred Hutch/UW/Seattle Children's Cancer Consortium,0,0,0,16,9,1
02070,02,Dillingham,Alaska,59.128804,-158.75132,4857,1191,0,0,0,406.8212206967461,2011.9560111734208,2002.724886889899,Fred Hutch/UW/Seattle Children's Cancer Consortium,0,0,0,0,0,0
54097,54,Upshur,West Virginia,38.954081,-80.228505,23816,8369,0,0,0,59.207765117297456,124.92863926815087,125.66953183810784,UPMC Hillman Cancer Center,62,26,4,100,44,6
54037,54,Jefferson,West Virginia,39.313836,-77.847631,57701,18524,0,0,0,50.14511989852783,50.14511989852783,58.74010587353224,Georgetown Lombardi Comprehensive Cancer Center,565,269,72,982,443,121
54101,54,Webster,West Virginia,38.469754,-80.476189,8378,3298,0,0,0,77.29538198391948,134.26861346481311,133.92809656782967,University of Virginia Cancer Center,0,0,0,128,65,10
54103,54,Wetzel,West Virginia,39.630012,-80.768843,14442,5357,0,0,0,51.853180465187094,84.60767857900048,86.44129114689186,UPMC Hillman Cancer Center,71,33,4,422,194,55
54105,54,Wirt,West Virginia,39.05422,-81.394474,5194,1961,0,0,0,59.77284903367548,128.85717262803715,130.63568767498913,OSU Comprehensive Cancer Center – James,41,18,3,94,44,8
54109,54,Wyoming,West Virginia,37.628585,-81.567271,21382,7765,0,0,0,61.208004244291836,153.30123586030186,153.33369975088706,Wake Forest Baptist Comprehensive Cancer Center,6,2,1,105,54,11
55001,55,Adams,Wisconsin,43.946194,-89.78312,20654,10598,0,0,0,45.4013738557789,75.84994795343175,75.10746502994108,UW Carbone Cancer Center,73,38,6,237,128,20
55007,55,Bayfield,Wisconsin,46.594106,-91.104441,16220,8018,0,0,0,20.66681376800112,176.08329051393218,182.1677346105952,Masonic Cancer Center (Minnesota),52,27,2,84,45,6
54081,54,Raleigh,West Virginia,37.77054,-81.200033,74591,25287,0,0,0,57.53452578427481,151.5630184457294,151.6310319630318,Wake Forest Baptist Comprehensive Cancer Center,26,9,2,105,54,11
54083,54,Randolph,West Virginia,38.870878,-79.872452,27932,10163,0,0,0,63.71294421153348,113.4767830521577,113.26915849714946,University of Virginia Cancer Center,14,6,1,226,105,22
54085,54,Ritchie,West Virginia,39.217711,-81.041532,8444,3304,0,0,0,77.66377853528365,122.64588921992066,124.38350676458937,UPMC Hillman Cancer Center,25,11,1,102,47,9
54099,54,Wayne,West Virginia,38.267338,-82.494193,38982,13870,0,0,0,54.96094101860445,132.0258194776456,132.74474959413206,Markey Cancer Center (Kentucky),42,19,4,59,28,5
54041,54,Lewis,West Virginia,39.034218,-80.4678,17033,5871,0,0,0,59.72942142638312,121.39824552209886,122.45393698277213,UPMC Hillman Cancer Center,62,26,4,102,46,7
54043,54,Lincoln,West Virginia,38.201811,-82.066388,20463,7084,0,0,0,29.7477194510901,159.10608075629008,159.88754056921988,Markey Cancer Center (Kentucky),39,16,4,54,26,5
02170,02,Matanuska-Susitna,Alaska,61.607247,-149.432649,107081,28763,0,0,0,37.305626779642424,1728.1549477732285,1718.9605376304823,Fred Hutch/UW/Seattle Children's Cancer Consortium,49,25,4,49,25,4
02180,02,Nome,Alaska,64.431631,-165.269108,10046,1825,0,0,0,642.7833030729723,2365.9806162590276,2356.778886320238,Fred Hutch/UW/Seattle Children's Cancer Consortium,0,0,0,0,0,0
02185,02,North Slope,Alaska,70.480816,-155.295377,11031,2336,0,0,0,791.7412856860439,2306.230596544975,2297.599377139273,Fred Hutch/UW/Seattle Children's Cancer Consortium,0,0,0,0,0,0
02188,02,Northwest Arctic,Alaska,66.897051,-161.582978,7793,1413,0,0,0,635.8260066882091,2316.1403637997932,2307.0904487828316,Fred Hutch/UW/Seattle Children's Cancer Consortium,0,0,0,0,0,0
02195,02,Petersburg,Alaska,56.79507,-132.943575,3398,1309,0,0,0,803.5262943504075,938.0197705720278,928.9998082106537,Fred Hutch/UW/Seattle Children's Cancer Consortium,0,0,0,0,0,0
02198,02,Prince of Wales-Hyder,Alaska,55.59077,-132.668824,5753,2117,0,0,0,830.6421417052296,854.7279192369043,845.594921354992,Fred Hutch/UW/Seattle Children's Cancer Consortium,0,0,0,0,0,0
02013,02,Aleutians East,Alaska,54.672887,-163.763729,3420,933,0,0,0,815.7880138879087,2205.469872112113,2196.5262495424668,Fred Hutch/UW/Seattle Children's Cancer Consortium,0,0,0,0,0,0
02230,02,Skagway,Alaska,59.465893,-135.310551,1240,392,0,0,0,609.9781106844162,1175.205654512207,1166.3173261355128,Fred Hutch/UW/Seattle Children's Cancer Consortium,0,0,0,0,0,0
02100,02,Haines,Alaska,59.234185,-135.497336,2080,924,0,0,0,609.3670547561173,1165.2794060017752,1156.351563672003,Fred Hutch/UW/Seattle Children's Cancer Consortium,0,0,0,0,0,0
02105,02,Hoonah-Angoon,Alaska,58.123876,-135.423534,2365,1015,0,0,0,651.6424115493353,1093.7348940370305,1084.6927385452884,Fred Hutch/UW/Seattle Children's Cancer Consortium,0,0,0,0,0,0
02110,02,Juneau,Alaska,58.360173,-134.533023,32255,9364,0,0,0,676.8477506850413,1083.0331090420702,1074.07499458487,Fred Hutch/UW/Seattle Children's Cancer Consortium,0,0,0,0,0,0
02122,02,Kenai Peninsula,Alaska,60.283998,-151.068103,58799,20219,0,0,0,91.29684783625946,1736.7204262117293,1727.4739289096897,Fred Hutch/UW/Seattle Children's Cancer Consortium,0,0,0,49,25,4
02130,02,Ketchikan Gateway,Alaska,55.369105,-131.678418,13948,4414,0,0,0,785.3399751734001,809.952960355548,800.8636513174729,Fred Hutch/UW/Seattle Children's Cancer Consortium,0,0,0,0,0,0
02150,02,Kodiak Island,Alaska,57.774607,-152.454785,13101,3318,0,0,0,304.6179291635257,1719.6453108906446,1710.4309635365012,Fred Hutch/UW/Seattle Children's Cancer Consortium,0,0,0,0,0,0
02158,02,Kusilvak,Alaska,62.076819,-164.34049,8368,1298,0,0,0,576.5152818648024,2285.94521196465,2276.695045752578,Fred Hutch/UW/Seattle Children's Cancer Consortium,0,0,0,0,0,0
02164,02,Lake and Peninsula,Alaska,58.617154,-156.27339,1476,214,0,0,0,343.49760309328207,1898.9248234405668,1889.6998852430995,Fred Hutch/UW/Seattle Children's Cancer Consortium,0,0,0,0,0,0
02220,02,Sitka,Alaska,57.062777,-135.335988,8458,2665,0,0,0,701.756680524091,1027.6878366539227,1018.5505816446184,Fred Hutch/UW/Seattle Children's Cancer Consortium,0,0,0,0,0,0
48083,48,Coleman,Texas,31.808131,-99.425034,7684,3295,0,0,0,55.96594229036023,171.82224988703044,199.23493490340863,Harold C. Simmons Comprehensive Cancer Center (UTSW),22,9,4,22,9,4
48087,48,Collingsworth,Texas,34.861822,-100.221748,2652,910,0,0,0,113.81589663195439,191.64199395695587,191.098832195102,Stephenson Cancer Center (Oklahoma),0,0,0,20,11,3
48089,48,Colorado,Texas,29.664806,-96.538931,20557,7656,0,0,0,61.91423412972739,81.12756978947542,81.97858352666287,Dan L Duncan Comprehensive Cancer Center (Baylor),0,0,0,1096,515,123
48057,48,Calhoun,Texas,28.589157,-96.625881,20106,6623,0,0,0,109.50135720040134,133.8149138316491,128.1611277590467,Dan L Duncan Comprehensive Cancer Center (Baylor),0,0,0,47,20,5
48059,48,Callahan,Texas,32.351779,-99.452875,13708,5069,0,0,0,22.67325222364155,157.85578757293882,186.3272233004534,Harold C. Simmons Comprehensive Cancer Center (UTSW),22,9,4,22,9,4
48063,48,Camp,Texas,32.990171,-94.985027,12464,3979,0,0,0,59.309482508439956,126.37629433885374,130.14693347591654,Harold C. Simmons Comprehensive Cancer Center (UTSW),77,30,10,117,44,15
48065,48,Carson,Texas,35.382121,-101.328264,5807,2011,0,0,0,37.08786279179577,257.981083384137,258.48198310723546,Stephenson Cancer Center (Oklahoma),20,11,3,20,11,3
48069,48,Castro,Texas,34.525081,-102.272214,7371,2044,0,0,0,64.80354135509735,333.6161440653466,301.3625505206438,UNM Comprehensive Cancer Center,0,0,0,38,20,5
49027,49,Millard,Utah,39.209257,-112.485634,12975,3631,0,0,0,123.69969111090988,123.69969111090988,135.35052237859966,Huntsman Cancer Institute (Utah),0,0,0,4,2,1
48073,48,Cherokee,Texas,31.913488,-95.216202,50412,15325,0,0,0,34.7286711966486,132.79624816533303,136.20178574351482,Harold C. Simmons Comprehensive Cancer Center (UTSW),81,33,10,111,42,14
48189,48,Hale,Texas,34.143518,-101.742413,32522,8083,0,0,0,50.103138078428096,309.8079331775201,308.91434647326287,Stephenson Cancer Center (Oklahoma),20,9,3,38,20,5
48191,48,Hall,Texas,34.664744,-100.592641,2825,1091,0,0,0,96.51951485816899,220.80234271544163,220.1024994140664,Stephenson Cancer Center (Oklahoma),0,0,0,20,11,3
48193,48,Hamilton,Texas,31.763001,-98.095686,8222,3274,0,0,0,66.81754418688264,102.12401371218682,123.71312356094026,Harold C. Simmons Comprehensive Cancer Center (UTSW),0,0,0,142,59,18
48195,48,Hansford,Texas,36.213672,-101.271246,5285,1429,0,0,0,90.72954010131517,258.89938226206294,260.49040583537135,Stephenson Cancer Center (Oklahoma),0,0,0,24,12,3
48197,48,Hardeman,Texas,34.285182,-99.701429,3549,1306,0,0,0,92.2645908696565,180.9119203780975,179.09316460797461,Stephenson Cancer Center (Oklahoma),0,0,0,28,10,1
48199,48,Hardin,Texas,30.29938,-94.25717,56231,17322,0,0,0,86.48854291279814,92.91059900248347,95.80417585419269,Dan L Duncan Comprehensive Cancer Center (Baylor),8,2,1,1040,488,114
48203,48,Harrison,Texas,32.534326,-94.427274,68839,21027,0,0,0,44.25488943467065,166.31217581203433,170.16844731208803,Harold C. Simmons Comprehensive Cancer Center (UTSW),51,18,4,111,42,14
48071,48,Chambers,Texas,29.805419,-94.768972,46571,11127,0,0,0,36.113316635930374,47.256286127384236,46.297241157284354,Dan L Duncan Comprehensive Cancer Center (Baylor),1023,480,112,1040,488,114
48111,48,Dallam,Texas,36.104995,-102.568672,7115,1500,0,0,0,88.18267278536557,338.1127325287677,287.7030713249712,UNM Comprehensive Cancer Center,0,0,0,24,12,3
48115,48,Dawson,Texas,32.734655,-101.949301,12456,3008,0,0,0,67.92140458885395,327.84330878054675,356.02050211097327,Harold C. Simmons Comprehensive Cancer Center (UTSW),0,0,0,27,11,5
48117,48,Deaf Smith,Texas,34.835619,-102.402802,18583,4266,0,0,0,49.847862081160784,336.27731045811356,289.0921861702355,UNM Comprehensive Cancer Center,20,11,3,38,20,5
48119,48,Delta,Texas,33.374802,-95.70459,5230,1831,0,0,0,88.62449740716583,88.62449740716583,91.72099122411107,Harold C. Simmons Comprehensive Cancer Center (UTSW),4,1,0,525,245,65
48123,48,DeWitt,Texas,29.099569,-97.31152,19824,6708,0,0,0,93.91701603527711,93.91701603527711,97.49234072230061,Mays Cancer Center (UT Health San Antonio),0,0,0,398,171,74
48125,48,Dickens,Texas,33.5467,-100.855931,1770,639,0,0,0,71.75544431909456,258.7085209291104,279.284028693311,Stephenson Cancer Center (Oklahoma),0,0,0,20,9,3
48127,48,Dimmit,Texas,28.520685,-99.826991,8615,2295,0,0,0,123.26240909050281,123.26240909050281,121.98972888736826,Mays Cancer Center (UT Health San Antonio),0,0,0,5,3,0
48093,48,Comanche,Texas,31.972232,-98.559029,13594,5171,0,0,0,92.46422741932248,112.90649958256112,138.9512623047392,Harold C. Simmons Comprehensive Cancer Center (UTSW),0,0,0,149,64,20
48081,48,Coke,Texas,31.904116,-100.416634,3285,1396,0,0,0,62.3872027954394,230.76434650138992,238.2132169721577,Mays Cancer Center (UT Health San Antonio),0,0,0,23,10,4
48097,48,Cooke,Texas,33.607384,-97.13379,41668,13886,0,0,0,70.33509918028605,70.33509918028605,68.80917103642714,Harold C. Simmons Comprehensive Cancer Center (UTSW),30,16,5,493,233,60
48099,48,Coryell,Texas,31.236375,-97.83252,83093,16469,0,0,0,21.375888365268185,76.6889190308481,148.15419433141537,Harold C. Simmons Comprehensive Cancer Center (UTSW),37,16,5,185,82,32
48101,48,Cottle,Texas,34.02779,-100.30428,1380,506,0,0,0,116.43471203838509,227.08164362768113,225.36636042235807,Stephenson Cancer Center (Oklahoma),0,0,0,20,9,3
48103,48,Crane,Texas,31.402296,-102.352663,4675,1089,0,0,0,181.14245855961974,315.92525295980334,312.3116685490072,Mays Cancer Center (UT Health San Antonio),8,2,2,8,2,2
48105,48,Crockett,Texas,30.704747,-101.216615,3098,936,0,0,0,175.09409320392479,217.46489809591887,213.84736281668128,Mays Cancer Center (UT Health San Antonio),0,0,0,1,1,0
48107,48,Crosby,Texas,33.660414,-101.357576,5133,1597,0,0,0,38.12948381175875,294.59451381297333,303.06205683387526,Stephenson Cancer Center (Oklahoma),20,9,3,20,9,3
48075,48,Childress,Texas,34.428092,-100.223958,6664,1703,0,0,0,124.42224051026523,205.45369315874112,204.21549971439072,Stephenson Cancer Center (Oklahoma),0,0,0,0,0,0
48077,48,Clay,Texas,33.825391,-98.244798,10218,4177,0,0,0,68.02669823491081,111.8616688361011,128.3224297378017,Harold C. Simmons Comprehensive Cancer Center (UTSW),5,1,0,153,66,16
48079,48,Cochran,Texas,33.689389,-102.741038,2547,692,0,0,0,59.549492234343106,387.86645617492485,291.10866586097313,UNM Comprehensive Cancer Center,20,9,3,20,9,3
48095,48,Concho,Texas,31.291192,-99.857069,3303,1077,0,0,0,93.6227901499926,170.63042152451902,174.06794967292856,Mays Cancer Center (UT Health San Antonio),0,0,0,26,11,4
48143,48,Erath,Texas,32.21206,-98.225168,42545,11086,0,0,0,82.28731124680019,82.28731124680019,108.77596188493045,Harold C. Simmons Comprehensive Cancer Center (UTSW),1,0,0,505,240,64
48145,48,Falls,Texas,31.260935,-96.951052,16968,5465,0,0,0,47.82053290188603,96.87360265062435,128.9936992722347,Harold C. Simmons Comprehensive Cancer Center (UTSW),30,14,5,185,82,31
48147,48,Fannin,Texas,33.556926,-96.181312,35662,11573,0,0,0,74.88247650197225,74.88247650197225,76.81883717794912,Harold C. Simmons Comprehensive Cancer Center (UTSW),20,10,2,523,244,65
48259,48,Kendall,Texas,29.831401,-98.717572,44279,15972,0,0,0,31.67585230026462,31.67585230026462,28.85684340073016,Mays Cancer Center (UT Health San Antonio),313,133,60,404,173,74
48261,48,Kenedy,Texas,27.104123,-97.788911,350,31,0,0,0,204.71543275421524,204.71543275421524,207.24785556528494,Mays Cancer Center (UT Health San Antonio),2,1,0,19,10,3
48263,48,Kent,Texas,33.25047,-100.625144,753,406,0,0,0,91.32164942349075,238.25953022031476,265.37872870457255,Harold C. Simmons Comprehensive Cancer Center (UTSW),0,0,0,39,16,7
05033,05,Crawford,Arkansas,35.494096,-94.285922,60133,18802,0,0,0,15.267693814372473,217.767073456311,217.24670806763132,Stephenson Cancer Center (Oklahoma),77,33,6,93,39,9
05035,05,Crittenden,Arkansas,35.176704,-90.213521,48163,13011,0,0,0,22.49961055879614,22.49961055879614,243.3305768456761,Vanderbilt-Ingram Cancer Center,117,60,8,124,62,10
48205,48,Hartley,Texas,35.994603,-102.50231,5382,1467,0,0,0,78.1207575690175,337.9368771596805,289.6429687466623,UNM Comprehensive Cancer Center,0,0,0,24,12,3
05039,05,Dallas,Arkansas,33.864882,-92.525216,6482,2532,0,0,0,76.84022953966803,208.64059149622216,311.47416498984734,Harold C. Simmons Comprehensive Cancer Center (UTSW),1,0,0,97,37,11
05041,05,Desha,Arkansas,33.768029,-91.415165,11395,3691,0,0,0,103.80661957760621,153.93485145891376,319.17874868950156,O'Neal Comprehensive Cancer Center (UAB),1,0,0,102,43,10
48241,48,Jasper,Texas,30.731569,-93.993279,32980,11364,0,0,0,112.92925360669521,127.56016298969413,131.982490217454,Dan L Duncan Comprehensive Cancer Center (Baylor),8,2,1,75,36,8
48243,48,Jeff Davis,Texas,30.608875,-103.99692,1996,1055,0,0,0,194.15361414526507,403.0306161692294,399.5180631888015,Mays Cancer Center (UT Health San Antonio),0,0,0,1,1,0
48247,48,Jim Hogg,Texas,27.303139,-98.685247,4838,937,0,0,0,181.21905619636996,181.21905619636996,182.77470234333856,Mays Cancer Center (UT Health San Antonio),0,0,0,24,13,3
48249,48,Jim Wells,Texas,27.755632,-98.062817,38891,10583,0,0,0,147.3870880314866,147.3870880314866,149.83376828808377,Mays Cancer Center (UT Health San Antonio),2,1,0,7,4,0
48253,48,Jones,Texas,32.706551,-99.80506,19663,5371,0,0,0,24.08955088657969,178.4242234060363,206.7286765596328,Harold C. Simmons Comprehensive Cancer Center (UTSW),22,9,4,22,9,4
48255,48,Karnes,Texas,28.85811,-97.870329,14710,3926,0,0,0,70.71145131525554,70.71145131525554,74.14875856036049,Mays Cancer Center (UT Health San Antonio),0,0,0,311,132,60
05037,05,Cross,Arkansas,35.251667,-90.777424,16833,5325,0,0,0,48.97593199556821,61.200636023421396,277.62873552102246,Vanderbilt-Ingram Cancer Center,29,12,5,185,84,16
48169,48,Garza,Texas,33.197542,-101.380565,5816,1407,0,0,0,46.17206577724469,289.66424995519765,317.0930222776927,Harold C. Simmons Comprehensive Cancer Center (UTSW),20,9,3,23,10,3
48173,48,Glasscock,Texas,31.8426,-101.525278,1116,296,0,0,0,132.3361294338727,289.3955528846935,285.8985674777307,Mays Cancer Center (UT Health San Antonio),4,1,0,8,2,2
48175,48,Goliad,Texas,28.710579,-97.362276,7012,2788,0,0,0,106.36047546095973,106.36047546095973,109.94113893788996,Mays Cancer Center (UT Health San Antonio),0,0,0,311,132,60
48177,48,Gonzales,Texas,29.477178,-97.504312,19653,6405,0,0,0,71.58664806586462,71.58664806586462,77.45111411564426,Mays Cancer Center (UT Health San Antonio),6,3,1,403,173,74
48179,48,Gray,Texas,35.530415,-100.939889,21227,5914,0,0,0,66.00993920228058,231.2676689683092,231.96401085468108,Stephenson Cancer Center (Oklahoma),0,0,0,20,11,3
48187,48,Guadalupe,Texas,29.601993,-98.107377,172706,47162,0,0,0,32.20142563431074,32.20142563431074,34.80375325476268,Mays Cancer Center (UT Health San Antonio),311,132,60,404,173,74
48149,48,Fayette,Texas,29.856137,-96.901177,24435,10407,0,0,0,71.66429738017979,71.66429738017979,108.61793660956235,Dan L Duncan Comprehensive Cancer Center (Baylor),0,0,0,1098,518,123
48151,48,Fisher,Texas,32.770889,-100.413975,3672,1254,0,0,0,53.84126786400092,220.7450203704082,248.92382863781572,Harold C. Simmons Comprehensive Cancer Center (UTSW),22,9,4,22,9,4
48139,48,Ellis,Texas,32.429032,-96.828008,192455,50749,0,0,0,31.697712482882405,31.697712482882405,31.935528783420907,Harold C. Simmons Comprehensive Cancer Center (UTSW),490,231,60,528,248,66
48155,48,Foard,Texas,33.99161,-99.705226,1095,439,0,0,0,102.8683512485787,196.17157938239913,193.9741008498373,Stephenson Cancer Center (Oklahoma),0,0,0,28,10,1
48159,48,Franklin,Texas,33.122067,-95.223923,10359,3875,0,0,0,66.21074007742725,111.81533097678879,115.4711031921801,Harold C. Simmons Comprehensive Cancer Center (UTSW),10,4,0,498,234,60
48161,48,Freestone,Texas,31.700054,-96.20929,19435,6569,0,0,0,82.29499570828989,100.55349521968297,102.48611672930058,Harold C. Simmons Comprehensive Cancer Center (UTSW),9,4,0,528,249,66
48163,48,Frio,Texas,28.839468,-99.108503,18385,3921,0,0,0,67.81187169335783,67.81187169335783,67.3061177521598,Mays Cancer Center (UT Health San Antonio),0,0,0,316,135,59
48165,48,Gaines,Texas,32.751995,-102.658045,21598,4376,0,0,0,84.94810168878674,377.2076544457891,335.59011318289697,UNM Comprehensive Cancer Center,0,0,0,27,11,5
48129,48,Donley,Texas,34.943929,-100.862317,3258,1336,0,0,0,70.2028287246554,231.92318640135628,231.72981083421772,Stephenson Cancer Center (Oklahoma),0,0,0,20,11,3
48131,48,Duval,Texas,27.742533,-98.391035,9831,2748,0,0,0,144.8156837123136,144.8156837123136,146.7978902387757,Mays Cancer Center (UT Health San Antonio),0,0,0,7,4,0
48133,48,Eastland,Texas,32.357306,-98.845399,17725,6416,0,0,0,64.72929066276005,116.6411100283062,144.935248082355,Harold C. Simmons Comprehensive Cancer Center (UTSW),0,0,0,134,56,17
48137,48,Edwards,Texas,29.985934,-100.202797,1422,450,0,0,0,127.20088363392688,127.20088363392688,123.62940170951069,Mays Cancer Center (UT Health San Antonio),0,0,0,4,2,0
48153,48,Floyd,Texas,34.039808,-101.374427,5402,1672,0,0,0,53.99465003903735,290.38766505387724,289.24525127568273,Stephenson Cancer Center (Oklahoma),20,9,3,38,20,5
47167,47,Tipton,Tennessee,35.47587,-89.750299,60970,17851,0,0,0,30.037407098459553,30.037407098459553,205.7612348757436,Vanderbilt-Ingram Cancer Center,117,60,8,124,62,10
47169,47,Trousdale,Tennessee,36.386235,-86.153351,11615,2817,0,0,0,44.582722084133565,44.582722084133565,47.84922194331308,Vanderbilt-Ingram Cancer Center,542,261,82,553,263,84
47135,47,Perry,Tennessee,35.653842,-87.859297,8366,3040,0,0,0,84.93417256525774,84.93417256525774,81.76002887973586,Vanderbilt-Ingram Cancer Center,3,2,0,548,263,84
47137,47,Pickett,Tennessee,36.565622,-85.141318,5001,2266,0,0,0,91.26893325867611,112.79511843041861,116.33322262576199,Vanderbilt-Ingram Cancer Center,3,2,0,584,276,86
47139,47,Polk,Tennessee,35.125195,-84.568406,17544,6454,0,0,0,43.04069822195891,107.82262034620206,111.56919091241276,Winship Cancer Institute (Emory),39,19,1,468,219,45
47143,47,Rhea,Tennessee,35.556758,-84.954393,32870,11056,0,0,0,41.878025154436195,129.60809126777386,133.43310656135728,Vanderbilt-Ingram Cancer Center,38,18,1,110,47,10
47145,47,Roane,Tennessee,35.881148,-84.52216,53404,21282,0,0,0,36.4063782479219,150.57638051870188,154.51058718230183,Vanderbilt-Ingram Cancer Center,67,27,9,109,48,10
47147,47,Robertson,Tennessee,36.48456,-86.830273,72803,21427,0,0,0,29.315513644478393,29.315513644478393,28.295549506403983,Vanderbilt-Ingram Cancer Center,545,261,83,552,264,83
48109,48,Culberson,Texas,31.064217,-104.819502,2188,691,0,0,0,124.56686000305183,443.6451870636932,356.5082271843135,UNM Comprehensive Cancer Center,0,0,0,0,0,0
47119,47,Maury,Tennessee,35.635591,-87.029196,100974,31493,0,0,0,45.81200389311693,45.81200389311693,44.80830099730946,Vanderbilt-Ingram Cancer Center,544,261,83,549,263,84
47121,47,Meigs,Tennessee,35.502098,-84.816211,12758,4748,0,0,0,42.744460649622624,139.95680227337593,143.77738378951634,Vanderbilt-Ingram Cancer Center,39,19,1,110,47,10
47123,47,Monroe,Tennessee,35.518372,-84.354235,46250,17385,0,0,0,44.825896676025025,139.8070081587669,142.93667378276675,Winship Cancer Institute (Emory),69,28,9,128,62,10
47125,47,Montgomery,Tennessee,36.557126,-87.345978,220069,44150,0,0,0,53.11303654183461,53.11303654183461,49.880024970047145,Vanderbilt-Ingram Cancer Center,541,262,82,557,267,84
47127,47,Moore,Tennessee,35.296438,-86.340442,6461,2453,0,0,0,74.87879619556392,74.87879619556392,76.86278194443537,Vanderbilt-Ingram Cancer Center,16,8,1,555,265,84
47129,47,Morgan,Tennessee,36.098366,-84.593205,21035,6920,0,0,0,41.67592059955611,144.13907797509677,148.04558190498668,Vanderbilt-Ingram Cancer Center,67,27,9,108,47,10
47131,47,Obion,Tennessee,36.397163,-89.07991,30787,10433,0,0,0,86.80698558784523,118.16921456928942,153.6415130027518,Vanderbilt-Ingram Cancer Center,0,0,0,167,86,13
47133,47,Overton,Tennessee,36.344912,-85.324939,22511,7883,0,0,0,94.46197670320525,96.48573099032946,100.22997258677754,Vanderbilt-Ingram Cancer Center,3,2,0,591,278,87
47151,47,Scott,Tennessee,36.45447,-84.508258,21850,6715,0,0,0,52.8719173030419,129.830164160003,130.79760924788246,Markey Cancer Center (Kentucky),79,33,9,84,35,9
47083,47,Houston,Tennessee,36.304161,-87.704274,8283,2857,0,0,0,65.64760681843163,65.64760681843163,61.728401888136126,Vanderbilt-Ingram Cancer Center,4,3,0,552,265,84
47051,47,Franklin,Tennessee,35.208173,-86.116159,42774,15113,0,0,0,62.707887724172025,87.93825280291776,90.33512257270134,Vanderbilt-Ingram Cancer Center,15,8,1,555,265,84
47053,47,Gibson,Tennessee,35.932264,-88.870969,50429,15535,0,0,0,95.43064939573523,95.43064939573523,139.75227293631795,Vanderbilt-Ingram Cancer Center,0,0,0,127,68,8
47055,47,Giles,Tennessee,35.192203,-87.030448,30346,11011,0,0,0,80.72717094542433,80.72717094542433,80.38959178537475,Vanderbilt-Ingram Cancer Center,15,8,1,549,263,84
47057,47,Grainger,Tennessee,36.266188,-83.48663,23527,8729,0,0,0,41.705953405484586,159.96134616393758,161.21609072714782,Markey Cancer Center (Kentucky),67,27,9,95,44,10
47059,47,Greene,Tennessee,36.17748,-82.832594,70152,26109,0,0,0,79.51948657332072,156.83051892285522,172.30942952411255,Wake Forest Baptist Comprehensive Cancer Center,18,9,3,160,75,14
47061,47,Grundy,Tennessee,35.343196,-85.722272,13529,4769,0,0,0,40.872759980706654,95.2624941653181,98.4766402837633,Vanderbilt-Ingram Cancer Center,38,18,1,555,265,84
47063,47,Hamblen,Tennessee,36.215549,-83.297502,64499,20024,0,0,0,50.70327448424657,169.26788749691815,170.54329523348522,Markey Cancer Center (Kentucky),70,28,10,98,46,10
47159,47,Smith,Tennessee,36.241313,-85.968175,19904,6369,0,0,0,52.66992092718505,52.66992092718505,56.44073971519337,Vanderbilt-Ingram Cancer Center,541,261,82,551,263,83
47033,47,Crockett,Tennessee,35.787543,-89.120017,13911,4561,0,0,0,75.10963774169815,75.10963774169815,158.2679134312847,Vanderbilt-Ingram Cancer Center,0,0,0,131,69,10
47035,47,Cumberland,Tennessee,35.955637,-85.017779,61145,29827,0,0,0,68.87705709635415,116.75228262295575,120.6862585642038,Vanderbilt-Ingram Cancer Center,5,3,0,587,278,86
47039,47,Decatur,Tennessee,35.606176,-88.123327,11435,4419,0,0,0,102.57297503108035,102.57297503108035,99.28136119812713,Vanderbilt-Ingram Cancer Center,0,0,0,569,276,85
47041,47,DeKalb,Tennessee,35.967047,-85.836916,20080,6962,0,0,0,62.479616705770965,62.479616705770965,66.39820182624229,Vanderbilt-Ingram Cancer Center,8,3,0,556,265,84
47045,47,Dyer,Tennessee,36.059417,-89.358361,36801,11431,0,0,0,84.80760522723466,84.80760522723466,171.32568216804745,Vanderbilt-Ingram Cancer Center,0,0,0,164,85,12
47047,47,Fayette,Tennessee,35.201116,-89.479763,41990,16764,0,0,0,28.16492027148607,28.16492027148607,196.5041189326373,Vanderbilt-Ingram Cancer Center,117,60,8,126,64,10
47049,47,Fentress,Tennessee,36.363232,-84.936669,18489,7296,0,0,0,71.09300750310243,122.33088465445448,126.10068429352509,Vanderbilt-Ingram Cancer Center,5,3,0,111,47,10
47153,47,Sequatchie,Tennessee,35.355415,-85.391417,15826,5927,0,0,0,25.210556560257967,111.80796957229347,115.31183185601091,Vanderbilt-Ingram Cancer Center,39,19,1,583,274,88
47155,47,Sevier,Tennessee,35.864247,-83.58249,98380,34725,0,0,0,28.88541664600252,177.3186687309207,178.8887317459955,Winship Cancer Institute (Emory),69,28,9,150,69,13
47067,47,Hancock,Tennessee,36.517225,-83.231102,6662,2558,0,0,0,68.04896473400993,149.92706498950713,151.22879235864255,Markey Cancer Center (Kentucky),5,3,1,96,45,10
48033,48,Borden,Texas,32.757641,-101.436493,631,173,0,0,0,73.17026621651493,292.0449218850957,320.21200209899854,Harold C. Simmons Comprehensive Cancer Center (UTSW),0,0,0,44,18,9
48035,48,Bosque,Texas,31.862115,-97.570902,18235,7468,0,0,0,64.7405588852761,78.16883162769255,93.970319785205,Harold C. Simmons Comprehensive Cancer Center (UTSW),10,3,1,501,237,63
48037,48,Bowie,Texas,33.436613,-94.20082,92893,27140,0,0,0,84.96010320533439,186.9881190548211,190.57115727641502,Harold C. Simmons Comprehensive Cancer Center (UTSW),1,0,0,113,42,15
48003,48,Andrews,Texas,32.321401,-102.539607,18610,3860,0,0,0,111.51666484864514,369.49407097780824,364.17222669679916,UNM Comprehensive Cancer Center,8,2,2,27,11,5
48005,48,Angelina,Texas,31.313526,-94.716132,86395,25084,0,0,0,93.5243051898335,134.0315895660282,142.0292202079091,Dan L Duncan Comprehensive Cancer Center (Baylor),0,0,0,159,69,19
48007,48,Aransas,Texas,28.030687,-97.072506,23830,10861,0,0,0,160.62695048266104,160.62695048266104,164.03571124161064,Mays Cancer Center (UT Health San Antonio),2,1,0,2,1,0
48009,48,Archer,Texas,33.712813,-98.607348,8560,3164,0,0,0,77.38004528565153,122.7727540649903,143.2411673007401,Harold C. Simmons Comprehensive Cancer Center (UTSW),5,1,0,28,10,1
48011,48,Armstrong,Texas,35.092208,-101.392108,1848,727,0,0,0,32.18758781616598,264.93541733932926,265.05848270248606,Stephenson Cancer Center (Oklahoma),20,11,3,20,11,3
47103,47,Lincoln,Tennessee,35.105199,-86.57174,35319,12327,0,0,0,86.40395764513089,86.40395764513089,87.52876643296617,Vanderbilt-Ingram Cancer Center,15,8,1,555,265,84
48015,48,Austin,Texas,29.850973,-96.219899,30167,10631,0,0,0,43.24117659831905,57.19100156622572,60.095163865987914,Dan L Duncan Comprehensive Cancer Center (Baylor),1023,480,113,1095,515,123
48017,48,Bailey,Texas,34.218733,-102.744103,6904,1805,0,0,0,80.44778631424657,371.9559150999663,275.6331736159904,UNM Comprehensive Cancer Center,0,0,0,38,20,5
47171,47,Unicoi,Tennessee,36.151274,-82.394706,17928,6882,0,0,0,101.85028375664729,130.92053026464322,142.96042059362932,Wake Forest Baptist Comprehensive Cancer Center,18,9,3,170,82,15
47173,47,Union,Tennessee,36.245311,-83.815954,19802,6850,0,0,0,25.542409082148502,153.84891583242612,155.039239144104,Markey Cancer Center (Kentucky),79,33,9,99,46,10
47175,47,Van Buren,Tennessee,35.711516,-85.454611,6168,2424,0,0,0,53.99393528471099,93.55396137573409,97.37184485293214,Vanderbilt-Ingram Cancer Center,38,18,1,583,274,88
47177,47,Warren,Tennessee,35.695188,-85.794787,40953,12943,0,0,0,63.97573979258062,73.59044771021202,77.25050799099415,Vanderbilt-Ingram Cancer Center,8,3,0,557,265,84
47181,47,Wayne,Tennessee,35.258132,-87.790328,16232,5470,0,0,0,101.36832894608615,101.36832894608615,99.06544255258848,Vanderbilt-Ingram Cancer Center,0,0,0,572,277,86
47183,47,Weakley,Tennessee,36.292493,-88.773817,32902,10205,0,0,0,104.05307298078661,121.99598092761897,132.40287632954397,Vanderbilt-Ingram Cancer Center,0,0,0,72,40,4
47185,47,White,Tennessee,35.941573,-85.488902,27351,9651,0,0,0,72.9154326676547,85.75384238059225,89.68288228741889,Vanderbilt-Ingram Cancer Center,3,2,0,591,278,87
48013,48,Atascosa,Texas,29.041628,-98.578427,48981,13236,0,0,0,36.88215921414489,36.88215921414489,38.46111739701193,Mays Cancer Center (UT Health San Antonio),308,131,59,313,133,60
47105,47,Loudon,Tennessee,35.760641,-84.284282,54886,24319,0,0,0,26.333588923835247,160.0464049357677,163.03399770895945,Winship Cancer Institute (Emory),67,27,9,113,52,10
47107,47,McMinn,Tennessee,35.426045,-84.598722,53276,18647,0,0,0,49.255337238122685,132.84309389787873,136.5493501410494,Winship Cancer Institute (Emory),40,20,1,115,52,10
47109,47,McNairy,Tennessee,35.176963,-88.537496,25866,8989,0,0,0,65.9248369085728,91.51808582490776,141.70552347567872,Vanderbilt-Ingram Cancer Center,0,0,0,124,65,8
47111,47,Macon,Tennessee,36.535265,-86.025628,25216,7433,0,0,0,58.25034080993325,58.25034080993325,61.22056693657911,Vanderbilt-Ingram Cancer Center,541,261,82,560,267,84
47113,47,Madison,Tennessee,35.653504,-88.824487,98823,30695,0,0,0,83.83212567857207,83.83212567857207,141.72778902079986,Vanderbilt-Ingram Cancer Center,0,0,0,131,71,8
47115,47,Marion,Tennessee,35.10952,-85.608797,28837,10332,0,0,0,27.638621920549834,114.58342690073795,117.61648826749136,Vanderbilt-Ingram Cancer Center,40,19,1,555,265,84
47117,47,Marshall,Tennessee,35.496732,-86.770825,34318,10561,0,0,0,53.17930994680062,53.17930994680062,53.71045127066027,Vanderbilt-Ingram Cancer Center,544,261,83,555,265,84
48043,48,Brewster,Texas,30.222448,-103.620129,9546,3434,0,0,0,234.10283080030058,370.8660866855132,367.4224418888778,Mays Cancer Center (UT Health San Antonio),0,0,0,1,1,0
48031,48,Blanco,Texas,30.177148,-98.39208,11374,5318,0,0,0,47.49844701139367,47.49844701139367,57.25428634778158,Mays Cancer Center (UT Health San Antonio),404,173,74,418,181,76
48047,48,Brooks,Texas,27.208714,-98.144842,7076,2062,0,0,0,190.82010919315547,190.82010919315547,193.02543418874487,Mays Cancer Center (UT Health San Antonio),0,0,0,24,13,3
48049,48,Brown,Texas,31.731619,-98.989268,38095,13199,0,0,0,78.88674846676751,146.91772271404122,175.19917449384351,Harold C. Simmons Comprehensive Cancer Center (UTSW),0,0,0,40,20,6
48051,48,Burleson,Texas,30.475618,-96.644593,17642,6741,0,0,0,80.05322488805838,80.05322488805838,109.65730306275454,Dan L Duncan Comprehensive Cancer Center (Baylor),3,1,1,1097,518,123
12107,12,Putnam,Florida,29.60923,-81.721195,73321,28923,0,0,0,48.53056668227392,57.6179477729914,44.92136821349368,University of Florida Health Cancer Institute,328,139,34,477,200,56
48055,48,Caldwell,Texas,29.865312,-97.674628,45883,13015,0,0,0,37.59788040088802,37.59788040088802,71.51802741501346,Mays Cancer Center (UT Health San Antonio),165,72,28,419,182,76
48019,48,Bandera,Texas,29.703518,-99.031596,20851,10235,0,0,0,40.27007651302526,40.27007651302526,36.65408842430227,Mays Cancer Center (UT Health San Antonio),312,133,59,404,173,74
48021,48,Bastrop,Texas,30.142585,-97.366668,97216,29150,0,0,0,30.818624908632515,30.818624908632515,101.83148454832752,Mays Cancer Center (UT Health San Antonio),161,70,28,423,184,77
48023,48,Baylor,Texas,33.591163,-99.264553,3465,1448,0,0,0,103.37426616396858,155.8430553083804,179.9393195377119,Harold C. Simmons Comprehensive Cancer Center (UTSW),5,1,0,46,19,5
48025,48,Bee,Texas,28.395559,-97.733787,31047,7090,0,0,0,107.3161907290215,107.3161907290215,110.50605416549928,Mays Cancer Center (UT Health San Antonio),2,1,0,310,132,59
48045,48,Briscoe,Texas,34.443465,-101.234309,1435,533,0,0,0,76.54954288992255,268.25873327869857,267.51589888616434,Stephenson Cancer Center (Oklahoma),0,0,0,38,20,5
48373,48,Polk,Texas,30.736484,-94.936813,50123,18671,0,0,0,56.395496381219424,83.8984519879156,91.73587963250694,Dan L Duncan Comprehensive Cancer Center (Baylor),69,33,6,1042,490,114
48377,48,Presidio,Texas,29.838522,-104.249357,6131,2119,0,0,0,220.67478364493445,412.8581968350435,409.5311328768508,Mays Cancer Center (UT Health San Antonio),0,0,0,0,0,0
48379,48,Rains,Texas,32.885663,-95.795059,12164,5076,0,0,0,57.818758822194376,69.4253434822689,73.22129451473945,Harold C. Simmons Comprehensive Cancer Center (UTSW),72,27,10,527,247,65
48347,48,Nacogdoches,Texas,31.625667,-94.644584,64653,17144,0,0,0,74.19149542166278,159.97088977078153,168.10681023933185,Dan L Duncan Comprehensive Cancer Center (Baylor),0,0,0,111,42,14
48349,48,Navarro,Texas,32.081317,-96.485996,52624,15594,0,0,0,63.98367244337683,63.98367244337683,65.67849183734188,Harold C. Simmons Comprehensive Cancer Center (UTSW),0,0,0,530,249,68
48351,48,Newton,Texas,30.685761,-93.754831,12217,4767,0,0,0,127.76749551708667,139.680099282869,143.29602240780306,Dan L Duncan Comprehensive Cancer Center (Baylor),3,1,1,14,5,2
48353,48,Nolan,Texas,32.451081,-100.411741,14738,4672,0,0,0,45.19387769233055,222.50572835499915,250.99817045410452,Harold C. Simmons Comprehensive Cancer Center (UTSW),22,9,4,22,9,4
48357,48,Ochiltree,Texas,36.381051,-100.810093,10015,2343,0,0,0,118.47909035457523,232.4087457103455,234.33030256856514,Stephenson Cancer Center (Oklahoma),0,0,0,24,12,3
48257,48,Kaufman,Texas,32.671244,-96.358092,145310,34624,0,0,0,32.08520835829556,32.08520835829556,35.815273145788225,Harold C. Simmons Comprehensive Cancer Center (UTSW),439,214,53,530,249,66
48361,48,Orange,Texas,30.120218,-93.865826,84808,24421,0,0,0,100.91537226199027,114.82976384701273,115.61465530552951,Dan L Duncan Comprehensive Cancer Center (Baylor),11,3,2,1036,487,113
48469,48,Victoria,Texas,28.825017,-96.991571,91319,26341,0,0,0,115.48229827915127,124.28807878031884,127.90150096039255,Mays Cancer Center (UT Health San Antonio),0,0,0,50,22,6
48471,48,Walker,Texas,30.725832,-95.538696,76400,19669,0,0,0,41.567959223932334,75.7960919454282,85.15712170746892,Dan L Duncan Comprehensive Cancer Center (Baylor),72,34,7,1041,489,114
48473,48,Waller,Texas,29.996824,-95.953615,56794,13095,0,0,0,36.863776769739665,40.768868770742515,46.45111250398244,Dan L Duncan Comprehensive Cancer Center (Baylor),1038,488,114,1040,488,114
48475,48,Ward,Texas,31.56929,-102.912603,11644,2754,0,0,0,179.17032432323035,357.32525724176077,353.7089968412529,Mays Cancer Center (UT Health San Antonio),8,2,2,8,2,2
48477,48,Washington,Texas,30.181502,-96.397834,35805,12986,0,0,0,67.16279399830663,76.06802976735659,81.71774420590285,Dan L Duncan Comprehensive Cancer Center (Baylor),3,1,1,1099,518,123
48481,48,Wharton,Texas,29.276712,-96.175435,41570,12673,0,0,0,45.651329695866735,70.21578431781256,66.195555668712,Dan L Duncan Comprehensive Cancer Center (Baylor),45,19,5,1040,488,114
48483,48,Wheeler,Texas,35.352532,-100.263458,4990,1655,0,0,0,107.23711796291913,186.38740797207862,186.74904253839173,Stephenson Cancer Center (Oklahoma),0,0,0,20,11,3
48359,48,Oldham,Texas,35.291939,-102.40757,1758,439,0,0,0,38.88013091194895,331.336218284296,287.763867874258,UNM Comprehensive Cancer Center,20,11,3,20,11,3
48397,48,Rockwall,Texas,32.916866,-96.427986,107819,28506,0,0,0,26.574386823494596,26.574386823494596,30.121365279893396,Harold C. Simmons Comprehensive Cancer Center (UTSW),490,231,60,527,247,65
48399,48,Runnels,Texas,31.79918,-99.99361,9900,3332,0,0,0,53.69929824060315,201.46882770993753,215.34565663874545,Mays Cancer Center (UT Health San Antonio),22,9,4,22,9,4
48401,48,Rusk,Texas,32.194387,-94.798485,52214,15689,0,0,0,36.886691449387534,148.15617390756051,151.89609025339286,Harold C. Simmons Comprehensive Cancer Center (UTSW),77,30,10,111,42,14
48403,48,Sabine,Texas,31.339019,-93.84941,9894,4839,0,0,0,93.7511850646018,169.0763308161356,175.02468964521546,Dan L Duncan Comprehensive Cancer Center (Baylor),0,0,0,57,21,6
48405,48,San Augustine,Texas,31.441095,-94.152849,7918,3349,0,0,0,88.77870923814244,162.4227871578105,169.27364587098103,Dan L Duncan Comprehensive Cancer Center (Baylor),0,0,0,116,43,16
48407,48,San Jacinto,Texas,30.549124,-95.13469,27402,10514,0,0,0,35.406730540519256,64.19482251062291,72.5146340456082,Dan L Duncan Comprehensive Cancer Center (Baylor),69,33,6,1042,490,114
48409,48,San Patricio,Texas,27.942669,-97.39104,68755,18811,0,0,0,152.44855737179003,152.44855737179003,155.6456156112493,Mays Cancer Center (UT Health San Antonio),2,1,0,2,1,0
48411,48,San Saba,Texas,31.188156,-98.760354,5730,2047,0,0,0,83.41047928770512,102.22927442449013,140.12931716968345,Mays Cancer Center (UT Health San Antonio),0,0,0,183,81,32
48369,48,Parmer,Texas,34.540661,-102.815696,9869,2641,0,0,0,87.13502809744737,369.13860354640207,264.6216956717923,UNM Comprehensive Cancer Center,0,0,0,38,20,5
48383,48,Reagan,Texas,31.214335,-101.466333,3385,552,0,0,0,155.8428920414508,254.1832148456038,250.58979382331628,Mays Cancer Center (UT Health San Antonio),0,0,0,8,2,2
48385,48,Real,Texas,29.723692,-99.823692,2758,1443,0,0,0,95.1353285129498,95.1353285129498,91.66632677064527,Mays Cancer Center (UT Health San Antonio),0,0,0,312,133,59
48387,48,Red River,Texas,33.591924,-95.078313,11587,4679,0,0,0,106.08639572448821,135.15873105614904,138.36333175443193,Harold C. Simmons Comprehensive Cancer Center (UTSW),4,1,0,90,37,12
48389,48,Reeves,Texas,31.387128,-103.526322,14748,2745,0,0,0,203.19822616584696,390.20347393297436,375.05220595223034,UNM Comprehensive Cancer Center,0,0,0,8,2,2
48391,48,Refugio,Texas,28.290523,-97.247591,6741,2437,0,0,0,136.05007072410646,136.05007072410646,139.4973105004176,Mays Cancer Center (UT Health San Antonio),2,1,0,2,1,0
48393,48,Roberts,Texas,35.716278,-100.695549,827,246,0,0,0,87.48178320413267,215.11510979930807,216.1056375495392,Stephenson Cancer Center (Oklahoma),0,0,0,20,11,3
48395,48,Robertson,Texas,30.966033,-96.543247,16757,5777,0,0,0,75.10565212701506,101.53259277072114,132.63848458927492,Dan L Duncan Comprehensive Cancer Center (Baylor),3,1,1,230,105,35
48363,48,Palo Pinto,Texas,32.779308,-98.163963,28409,9948,0,0,0,63.89231598148318,63.89231598148318,92.1246838353091,Harold C. Simmons Comprehensive Cancer Center (UTSW),1,0,0,499,237,61
48365,48,Panola,Texas,32.163354,-94.335132,22491,7522,0,0,0,45.302749222707476,179.69954738941757,183.48216038564013,Harold C. Simmons Comprehensive Cancer Center (UTSW),50,18,4,111,42,14
48381,48,Randall,Texas,35.119788,-101.891409,140753,38982,0,0,0,9.131397244838205,298.11753961139266,298.3442678930171,Stephenson Cancer Center (Oklahoma),20,11,3,20,11,3
48421,48,Sherman,Texas,36.33275,-102.008261,2782,852,0,0,0,92.82886605455273,309.1444051352133,310.7298278051078,Stephenson Cancer Center (Oklahoma),4,1,0,24,12,3
48425,48,Somervell,Texas,32.234974,-97.752235,9205,3315,0,0,0,56.322237680069804,56.322237680069804,79.66718205604322,Harold C. Simmons Comprehensive Cancer Center (UTSW),119,49,13,499,236,63
48427,48,Starr,Texas,26.387766,-98.843415,65920,13102,0,0,0,257.7792867070571,257.7792867070571,259.2355234689065,Mays Cancer Center (UT Health San Antonio),17,9,3,22,12,3
48429,48,Stephens,Texas,32.75621,-98.902179,9101,3111,0,0,0,66.62276992654186,115.36182262241692,143.6277101393033,Harold C. Simmons Comprehensive Cancer Center (UTSW),0,0,0,136,57,17
49029,49,Morgan,Utah,41.083677,-111.724978,12295,2762,0,0,0,39.03718632329285,39.03718632329285,27.38659553337807,Huntsman Cancer Institute (Utah),329,171,37,330,172,37
49031,49,Piute,Utah,38.277169,-112.21441,1438,709,0,0,0,196.64414054080802,196.64414054080802,207.6724032797538,Huntsman Cancer Institute (Utah),0,0,0,5,3,1
49033,49,Rich,Utah,41.776494,-111.285765,2510,857,0,0,0,102.49722587270143,102.49722587270143,90.70914858616071,Huntsman Cancer Institute (Utah),3,1,1,329,171,37
49037,49,San Juan,Utah,37.52052,-109.545503,14518,4075,0,0,0,145.6700808217727,300.53840515798447,279.9368998171083,UNM Comprehensive Cancer Center,0,0,0,20,13,1
48451,48,Tom Green,Texas,31.451021,-100.461171,120003,33395,0,0,0,93.86094475206264,213.45822657969342,210.10308303845355,Mays Cancer Center (UT Health San Antonio),0,0,0,22,9,4
49041,49,Sevier,Utah,38.771786,-112.044688,21522,6110,0,0,0,154.95564729018707,154.95564729018707,165.7948529395956,Huntsman Cancer Institute (Utah),0,0,0,5,3,1
49043,49,Summit,Utah,40.726848,-111.470958,42357,12633,0,0,0,29.636199476700643,29.636199476700643,23.486918869863537,Huntsman Cancer Institute (Utah),330,172,37,330,172,37
49045,49,Tooele,Utah,40.568237,-112.363002,72698,13855,0,0,0,28.015852203980916,28.015852203980916,36.64761507149269,Huntsman Cancer Institute (Utah),330,172,37,330,172,37
49013,49,Duchesne,Utah,40.289458,-110.162356,19596,4629,0,0,0,115.05633436041319,115.05633436041319,112.92968123196768,Huntsman Cancer Institute (Utah),0,0,0,324,167,37
49015,49,Emery,Utah,39.217578,-110.929942,9825,3012,0,0,0,133.80536691638406,133.80536691638406,140.7805742813831,Huntsman Cancer Institute (Utah),0,0,0,4,2,1
49017,49,Garfield,Utah,37.765439,-112.100464,5083,1848,0,0,0,238.47338153725514,238.47338153725514,249.28216576447397,Huntsman Cancer Institute (Utah),0,0,0,9,6,2
49019,49,Grand,Utah,38.569056,-109.528693,9669,3223,0,0,0,76.87472921803831,230.04015526894153,234.38681657578675,Huntsman Cancer Institute (Utah),0,0,0,27,14,2
49023,49,Juab,Utah,39.748396,-111.878638,11786,2560,0,0,0,73.86762063993349,73.86762063993349,84.34738790817019,Huntsman Cancer Institute (Utah),4,2,1,324,167,37
49025,49,Kane,Utah,37.112169,-112.452998,7667,2993,0,0,0,196.86334518259267,294.337374718637,286.55185531146157,Mayo Clinic Cancer Center – Phoenix,0,0,0,9,6,2
49039,49,Sanpete,Utah,39.384535,-111.605199,28437,7136,0,0,0,105.9685268665071,105.9685268665071,115.45975578559637,Huntsman Cancer Institute (Utah),0,0,0,324,167,37
48455,48,Trinity,Texas,30.998905,-95.244685,13602,5921,0,0,0,65.70601046361989,98.85557357645985,107.8192519130359,Dan L Duncan Comprehensive Cancer Center (Baylor),0,0,0,1067,500,120
48457,48,Tyler,Texas,30.738682,-94.367741,19798,7161,0,0,0,88.89049715908453,107.60903010394912,113.24730970455727,Dan L Duncan Comprehensive Cancer Center (Baylor),0,0,0,1036,487,113
48459,48,Upshur,Texas,32.697929,-94.92227,40892,13742,0,0,0,40.63684653460971,130.401497455188,134.25881812993168,Harold C. Simmons Comprehensive Cancer Center (UTSW),77,30,10,111,42,14
48461,48,Upton,Texas,31.180959,-102.124982,3308,1048,0,0,0,195.24167983055204,292.98943167560947,289.3725366488327,Mays Cancer Center (UT Health San Antonio),8,2,2,8,2,2
48463,48,Uvalde,Texas,29.243318,-99.757846,24564,6614,0,0,0,90.74555611851257,90.74555611851257,88.04499276742956,Mays Cancer Center (UT Health San Antonio),0,0,0,312,133,59
48465,48,Val Verde,Texas,29.380944,-100.898072,47586,11094,0,0,0,171.00298239545734,171.00298239545734,167.9060960336839,Mays Cancer Center (UT Health San Antonio),0,0,0,0,0,0
48467,48,Van Zandt,Texas,32.577505,-95.837646,59541,21120,0,0,0,42.944065918963794,69.02992146716286,72.82421411954999,Harold C. Simmons Comprehensive Cancer Center (UTSW),72,27,10,527,247,65
48431,48,Sterling,Texas,31.83476,-100.993285,1372,275,0,0,0,98.73825696877277,262.2012660022777,258.8072675718127,Mays Cancer Center (UT Health San Antonio),0,0,0,27,11,6
48419,48,Shelby,Texas,31.823503,-94.181492,24022,7372,0,0,0,59.86790589864438,188.4873058797354,195.940743214258,Dan L Duncan Comprehensive Cancer Center (Baylor),40,14,4,111,42,14
48435,48,Sutton,Texas,30.563302,-100.627673,3372,916,0,0,0,165.3576665323183,174.95313847397554,171.33986977451187,Mays Cancer Center (UT Health San Antonio),0,0,0,0,0,0
48437,48,Swisher,Texas,34.532201,-101.771575,6971,2025,0,0,0,57.34213123148019,300.6454946149887,300.1761145386196,Stephenson Cancer Center (Oklahoma),20,11,3,38,20,5
48443,48,Terrell,Texas,30.160108,-102.352197,760,550,0,0,0,261.8737192077084,280.3638545388818,276.88891462360874,Mays Cancer Center (UT Health San Antonio),0,0,0,1,1,0
48445,48,Terry,Texas,33.182705,-102.271846,11831,3097,0,0,0,40.29487439234682,351.1509127406932,339.0116292700361,UNM Comprehensive Cancer Center,20,9,3,27,11,5
48447,48,Throckmorton,Texas,33.141356,-99.139569,1440,618,0,0,0,74.24980470205557,135.28344926722156,162.03569567380381,Harold C. Simmons Comprehensive Cancer Center (UTSW),0,0,0,24,10,4
48449,48,Titus,Texas,33.175862,-94.966537,31247,8145,0,0,0,74.2120400860894,130.22805186679201,133.87948013232008,Harold C. Simmons Comprehensive Cancer Center (UTSW),11,4,0,115,42,15
48413,48,Schleicher,Texas,30.869698,-100.592817,2451,808,0,0,0,140.9663458576628,187.03771174803364,183.4749156735064,Mays Cancer Center (UT Health San Antonio),0,0,0,0,0,0
48415,48,Scurry,Texas,32.704112,-100.909103,16932,4553,0,0,0,83.25812008723749,255.40448932712573,283.655493388502,Harold C. Simmons Comprehensive Cancer Center (UTSW),0,0,0,40,17,7
48417,48,Shackelford,Texas,32.690986,-99.306244,3105,1175,0,0,0,39.37720388676886,143.71378414100556,172.07711220595772,Harold C. Simmons Comprehensive Cancer Center (UTSW),22,9,4,24,10,4
48433,48,Stonewall,Texas,33.144536,-100.232471,1245,493,0,0,0,68.43418017430862,210.0303203583024,237.3382987332512,Harold C. Simmons Comprehensive Cancer Center (UTSW),0,0,0,39,16,7
48269,48,King,Texas,33.644368,-100.29575,265,76,0,0,0,108.13465385823417,223.68127959777715,243.66794344189464,Stephenson Cancer Center (Oklahoma),0,0,0,39,16,7
48271,48,Kinney,Texas,29.303419,-100.41821,3129,1290,0,0,0,137.01503844154956,137.01503844154956,134.04352527473011,Mays Cancer Center (UT Health San Antonio),0,0,0,0,0,0
48273,48,Kleberg,Texas,27.491433,-97.856967,31040,6791,0,0,0,172.45036718840757,172.45036718840757,175.0386795946048,Mays Cancer Center (UT Health San Antonio),2,1,0,24,13,3
48275,48,Knox,Texas,33.459835,-99.703999,3353,1122,0,0,0,86.51181572476962,180.0619601557072,205.7312117075595,Harold C. Simmons Comprehensive Cancer Center (UTSW),0,0,0,24,10,4
05077,05,Lee,Arkansas,34.787429,-90.769631,8600,2800,0,0,0,56.98232686430123,66.43804682050049,290.4900183404608,Vanderbilt-Ingram Cancer Center,36,20,4,185,84,16
05079,05,Lincoln,Arkansas,33.973433,-91.745899,12941,3460,0,0,0,77.05066279207344,159.17067010517565,343.0376034221835,O'Neal Comprehensive Cancer Center (UAB),1,0,0,96,37,11
05081,05,Little River,Arkansas,33.700349,-94.198663,12026,4176,0,0,0,105.80467366192053,194.091388144812,197.49947839329562,Harold C. Simmons Comprehensive Cancer Center (UTSW),1,0,0,58,20,6
05083,05,Logan,Arkansas,35.227664,-93.768311,21131,7526,0,0,0,40.41047642136393,254.30084711014894,253.4300370266605,Stephenson Cancer Center (Oklahoma),21,13,1,152,61,16
48291,48,Liberty,Texas,30.159245,-94.925523,91628,22289,0,0,0,38.886337051545844,45.78235420531423,50.85158855799949,Dan L Duncan Comprehensive Cancer Center (Baylor),1034,486,113,1041,489,114
05087,05,Madison,Arkansas,36.062896,-93.757685,16521,5740,0,0,0,27.920471568040043,245.94035377306815,254.39260111196717,University of Kansas Cancer Center,61,21,5,113,50,10
05089,05,Marion,Arkansas,36.284395,-92.660219,16826,7908,0,0,0,86.75824124204382,209.7998497216328,249.972834640991,Siteman Cancer Center (WashU),15,10,1,113,50,10
05091,05,Miller,Arkansas,33.402394,-93.987198,42600,12717,0,0,0,78.49417444663402,200.60148297846786,204.22935254962945,Harold C. Simmons Comprehensive Cancer Center (UTSW),1,0,0,58,20,6
05061,05,Howard,Arkansas,33.981466,-93.908938,12785,3962,0,0,0,114.96977657170073,221.6782802603645,224.96191088999862,Harold C. Simmons Comprehensive Cancer Center (UTSW),0,0,0,36,18,3
05063,05,Independence,Arkansas,35.750729,-91.607338,37938,11696,0,0,0,63.483057344019116,127.09872684627477,254.26139184883814,Siteman Cancer Center (WashU),0,0,0,105,40,13
05065,05,Izard,Arkansas,36.1215,-91.911716,13577,5577,0,0,0,86.66593152088795,159.2922384714837,234.19251164131992,Siteman Cancer Center (WashU),0,0,0,107,42,13
05067,05,Jackson,Arkansas,35.623062,-91.246504,16755,5146,0,0,0,42.66935079773102,100.5936057628386,257.2200083430357,Siteman Cancer Center (WashU),29,12,5,183,83,16
05071,05,Johnson,Arkansas,35.476548,-93.473125,25749,7970,0,0,0,61.0083624603339,244.37023818578797,272.13632275478403,Stephenson Cancer Center (Oklahoma),0,0,0,152,61,16
05085,05,Lonoke,Arkansas,34.916983,-91.973917,74015,19900,0,0,0,26.019792563998532,142.8459050483864,327.70171838694756,Siteman Cancer Center (WashU),87,33,9,113,44,15
48225,48,Houston,Texas,31.297879,-95.466359,22066,7892,0,0,0,86.0490645129993,122.82747457492769,132.10101414401433,Dan L Duncan Comprehensive Cancer Center (Baylor),9,4,0,139,63,16
48227,48,Howard,Texas,32.241408,-101.463071,34860,8050,0,0,0,112.78009009259083,297.9174815922979,305.97641054520295,Mays Cancer Center (UT Health San Antonio),4,1,0,44,18,9
48229,48,Hudspeth,Texas,31.368286,-105.546009,3202,623,0,0,0,67.33289279168885,387.7834658434418,317.2640121375252,UNM Comprehensive Cancer Center,0,0,0,29,18,3
48231,48,Hunt,Texas,33.082058,-96.104497,99956,29847,0,0,0,52.62020077618278,52.62020077618278,55.9710319276895,Harold C. Simmons Comprehensive Cancer Center (UTSW),437,213,51,527,247,65
48233,48,Hutchinson,Texas,35.679194,-101.44712,20617,6234,0,0,0,46.297330440583096,265.54706371194277,266.44072121389695,Stephenson Cancer Center (Oklahoma),20,11,3,24,12,3
48235,48,Irion,Texas,31.270407,-100.834684,1513,603,0,0,0,121.25747893853081,221.4127718828862,217.90500252528815,Mays Cancer Center (UT Health San Antonio),0,0,0,4,1,0
48237,48,Jack,Texas,33.200241,-98.168766,8472,2628,0,0,0,73.549826547147,73.549826547147,97.5983156321162,Harold C. Simmons Comprehensive Cancer Center (UTSW),1,0,0,493,233,60
48239,48,Jackson,Texas,28.959201,-96.594369,14988,4836,0,0,0,85.80972221654127,110.38472858825362,106.11529468294476,Dan L Duncan Comprehensive Cancer Center (Baylor),0,0,0,1024,480,113
48267,48,Kimble,Texas,30.486259,-99.727741,4286,1932,0,0,0,119.40763048402485,119.40763048402485,115.93192606949856,Mays Cancer Center (UT Health San Antonio),0,0,0,310,132,59
48211,48,Hemphill,Texas,35.893039,-100.360755,3382,1027,0,0,0,114.24895370113111,194.1637424789872,195.49139553946594,Stephenson Cancer Center (Oklahoma),0,0,0,20,11,3
48213,48,Henderson,Texas,32.241331,-95.889359,82150,30958,0,0,0,41.83792667201375,78.51863052611385,81.83428964444735,Harold C. Simmons Comprehensive Cancer Center (UTSW),77,30,10,528,248,66
48217,48,Hill,Texas,31.998194,-97.17713,35874,12569,0,0,0,63.72442730581846,63.72442730581846,71.57502433968352,Harold C. Simmons Comprehensive Cancer Center (UTSW),10,3,1,501,238,63
48219,48,Hockley,Texas,33.583536,-102.333262,21537,5806,0,0,0,30.43196604105427,359.370044675762,320.3792381687108,UNM Comprehensive Cancer Center,20,9,3,20,9,3
48221,48,Hood,Texas,32.434349,-97.76226,61598,25899,0,0,0,45.17895993193025,45.17895993193025,71.50773863455932,Harold C. Simmons Comprehensive Cancer Center (UTSW),119,49,13,499,236,63
48223,48,Hopkins,Texas,33.124495,-95.589265,36787,11729,0,0,0,69.18033333796205,87.34947041065887,90.91717811310961,Harold C. Simmons Comprehensive Cancer Center (UTSW),4,1,0,527,247,65
05093,05,Mississippi,Arkansas,35.843368,-90.001606,40685,11271,0,0,0,44.87846408731715,59.5723852830904,216.00589306695971,Vanderbilt-Ingram Cancer Center,122,61,10,122,61,10
05095,05,Monroe,Arkansas,34.777063,-91.221516,6799,2612,0,0,0,74.47545512549361,95.36014184880587,319.15807865543815,Vanderbilt-Ingram Cancer Center,0,0,0,183,83,16
48265,48,Kerr,Texas,30.040273,-99.159357,52598,22844,0,0,0,64.45763440748226,64.45763440748226,61.012538001920795,Mays Cancer Center (UT Health San Antonio),4,2,0,404,173,74
48207,48,Haskell,Texas,33.177505,-99.764733,5416,2018,0,0,0,62.991648417206676,178.39915633119261,205.4070128069462,Harold C. Simmons Comprehensive Cancer Center (UTSW),0,0,0,24,10,4
48321,48,Matagorda,Texas,28.918149,-95.998903,36255,11336,0,0,0,62.578914419744834,85.25331362791295,78.27046677223608,Dan L Duncan Comprehensive Cancer Center (Baylor),8,2,0,1039,487,114
48323,48,Maverick,Texas,28.706412,-100.478172,57887,12084,0,0,0,154.99920108025879,154.99920108025879,152.83062151124997,Mays Cancer Center (UT Health San Antonio),0,0,0,0,0,0
48325,48,Medina,Texas,29.313933,-98.953359,50748,16106,0,0,0,33.5066457189671,33.5066457189671,31.483811523080476,Mays Cancer Center (UT Health San Antonio),308,131,59,399,171,74
48327,48,Menard,Texas,30.901087,-99.776701,1962,1010,0,0,0,125.75483602412706,147.42984990194267,144.14872463162342,Mays Cancer Center (UT Health San Antonio),0,0,0,4,2,0
48293,48,Limestone,Texas,31.59043,-96.519096,22146,7681,0,0,0,86.89196269854415,102.84365563515617,103.96048216371345,Harold C. Simmons Comprehensive Cancer Center (UTSW),9,3,1,526,248,66
48295,48,Lipscomb,Texas,36.386639,-100.363063,3059,905,0,0,0,138.5358991276721,204.2016649544432,206.29268541744312,Stephenson Cancer Center (Oklahoma),0,0,0,4,1,0
48297,48,Live Oak,Texas,28.336604,-98.108137,11335,3767,0,0,0,100.05927612429211,100.05927612429211,102.71588570468082,Mays Cancer Center (UT Health San Antonio),0,0,0,310,132,59
48299,48,Llano,Texas,30.680229,-98.508665,21243,11765,0,0,0,62.22649639552917,62.22649639552917,97.52348087710632,Mays Cancer Center (UT Health San Antonio),13,4,1,421,183,77
05073,05,Lafayette,Arkansas,33.278875,-93.557713,6308,2589,0,0,0,69.22744854081928,227.81965125658172,231.53363959417345,Harold C. Simmons Comprehensive Cancer Center (UTSW),1,0,0,58,20,6
48305,48,Lynn,Texas,33.199122,-101.817174,5596,1583,0,0,0,29.78688268476501,319.82429776737655,347.3126989425055,Harold C. Simmons Comprehensive Cancer Center (UTSW),20,9,3,27,11,5
48307,48,McCulloch,Texas,31.148033,-99.338842,7630,2869,0,0,0,109.51959786506995,132.7757981159105,146.6944648479952,Mays Cancer Center (UT Health San Antonio),0,0,0,26,11,4
48311,48,McMullen,Texas,28.438706,-98.523036,600,151,0,0,0,86.72814507183323,86.72814507183323,88.53756619414749,Mays Cancer Center (UT Health San Antonio),0,0,0,314,134,59
48279,48,Lamb,Texas,34.028312,-102.324682,13045,3783,0,0,0,49.34956356820149,350.4044888090668,307.7742631214636,UNM Comprehensive Cancer Center,20,9,3,38,20,5
48281,48,Lampasas,Texas,31.095229,-98.1132,21627,7999,0,0,0,37.0480703799558,69.78273179015794,135.92586662005255,Mays Cancer Center (UT Health San Antonio),29,13,4,185,82,32
48283,48,La Salle,Texas,28.353424,-99.246365,6664,2002,0,0,0,107.13668071197566,107.13668071197566,107.16195727090185,Mays Cancer Center (UT Health San Antonio),0,0,0,312,133,59
48285,48,Lavaca,Texas,29.407088,-97.04381,20337,7644,0,0,0,90.68142975760775,90.68142975760775,110.98794294822135,Mays Cancer Center (UT Health San Antonio),0,0,0,430,185,75
48287,48,Lee,Texas,30.274826,-96.971427,17478,6199,0,0,0,55.7068332335721,55.7068332335721,122.19799791870132,Dan L Duncan Comprehensive Cancer Center (Baylor),162,71,28,1097,518,123
48289,48,Leon,Texas,31.291285,-96.04831,15719,6285,0,0,0,97.48808500493394,130.07721733002776,138.0453847365964,Harold C. Simmons Comprehensive Cancer Center (UTSW),11,5,1,152,69,20
48301,48,Loving,Texas,31.777896,-103.608978,64,52,0,0,0,189.66106389741446,408.9509097601158,345.2863885551227,UNM Comprehensive Cancer Center,0,0,0,8,2,2
05075,05,Lawrence,Arkansas,36.070844,-91.064441,16216,5317,0,0,0,32.91656240307485,111.26231701660556,218.23509102738538,Siteman Cancer Center (WashU),29,12,5,122,61,10
05043,05,Drew,Arkansas,33.627329,-91.784085,17350,5263,0,0,0,101.90424412116538,180.01430719353212,344.3364435105045,O'Neal Comprehensive Cancer Center (UAB),1,0,0,97,37,11
05047,05,Franklin,Arkansas,35.442155,-93.891039,17097,5890,0,0,0,32.97816134889455,244.5757808399486,243.99107536278956,Stephenson Cancer Center (Oklahoma),77,33,6,89,37,8
05049,05,Fulton,Arkansas,36.375654,-91.766807,12075,5141,0,0,0,86.07813663613432,163.26999604666568,211.0219915538428,Siteman Cancer Center (WashU),0,0,0,41,21,5
05053,05,Grant,Arkansas,34.311672,-92.412583,17958,5853,0,0,0,39.00881115714137,185.07084500981708,330.27179043689756,Harold C. Simmons Comprehensive Cancer Center (UTSW),96,37,11,96,37,11
05055,05,Greene,Arkansas,36.071536,-90.522562,45736,13059,0,0,0,21.88748482423266,88.99640220620452,212.4195635201258,Siteman Cancer Center (WashU),29,12,5,122,61,10
05057,05,Hempstead,Arkansas,33.698177,-93.620782,20065,6419,0,0,0,102.67077019043076,231.58897980432445,235.10363626486824,Harold C. Simmons Comprehensive Cancer Center (UTSW),0,0,0,49,16,6
05059,05,Hot Spring,Arkansas,34.353569,-92.895511,33040,11061,0,0,0,52.84818893567518,214.90239460338685,301.0209223805967,Harold C. Simmons Comprehensive Cancer Center (UTSW),96,37,11,96,37,11
48319,48,Mason,Texas,30.754424,-99.220235,3953,1702,0,0,0,111.27709092560644,111.27709092560644,113.36003554372661,Mays Cancer Center (UT Health San Antonio),4,2,0,418,181,76
48333,48,Mills,Texas,31.483977,-98.578378,4456,2018,0,0,0,77.47187896834158,113.5505848256693,164.04132153035158,Mays Cancer Center (UT Health San Antonio),0,0,0,195,88,32
48335,48,Mitchell,Texas,32.392285,-100.864009,8990,2356,0,0,0,76.8125132737301,254.52767054475933,283.0223717768004,Harold C. Simmons Comprehensive Cancer Center (UTSW),0,0,0,44,18,9
48337,48,Montague,Texas,33.632783,-97.760712,19965,7422,0,0,0,80.31406364534746,80.31406364534746,93.0696748726811,Harold C. Simmons Comprehensive Cancer Center (UTSW),5,1,0,507,238,61
48341,48,Moore,Texas,35.902872,-101.956502,21358,4593,0,0,0,57.03793967082144,300.7842322007574,301.91476541153406,Stephenson Cancer Center (Oklahoma),20,11,3,24,12,3
48343,48,Morris,Texas,33.073156,-94.72288,11973,4291,0,0,0,73.91258471921721,145.31924967046257,149.06035497888797,Harold C. Simmons Comprehensive Cancer Center (UTSW),11,4,0,109,40,14
48345,48,Motley,Texas,34.013578,-100.842931,1063,602,0,0,0,81.91976090564451,259.15242195399077,257.73325538195604,Stephenson Cancer Center (Oklahoma),0,0,0,20,9,3
48313,48,Madison,Texas,30.955832,-95.899678,13455,3434,0,0,0,67.88536341993422,100.33294296439793,109.61242593416299,Dan L Duncan Comprehensive Cancer Center (Baylor),3,1,1,1040,489,114
48315,48,Marion,Texas,32.789481,-94.423174,9725,4357,0,0,0,51.03865752141592,164.79515185790288,168.6382651395133,Harold C. Simmons Comprehensive Cancer Center (UTSW),51,18,4,109,40,14
48317,48,Martin,Texas,32.173602,-101.8275,5237,1339,0,0,0,114.42738502926501,323.57373282027663,320.0956744065794,Mays Cancer Center (UT Health San Antonio),8,2,2,27,11,5
48331,48,Milam,Texas,30.744263,-97.008624,24754,8903,0,0,0,50.01975136261341,63.72581696721323,143.76001749416787,Dan L Duncan Comprehensive Cancer Center (Baylor),30,14,4,233,106,36
21041,21,Carroll,Kentucky,38.669245,-85.140741,10810,3233,0,0,0,47.573553865114924,52.53041644262273,66.96472962398812,Markey Cancer Center (Kentucky),323,151,38,510,230,61
21043,21,Carter,Kentucky,38.314087,-83.034886,26627,8877,0,0,0,89.61970031776424,98.20967914757843,98.82644008003749,Markey Cancer Center (Kentucky),28,15,3,333,155,39
21045,21,Casey,Kentucky,37.301616,-84.925995,15941,5403,0,0,0,65.97824476665373,65.97824476665373,66.48225384140132,Markey Cancer Center (Kentucky),14,7,1,261,101,34
21047,21,Christian,Kentucky,36.80904,-87.477832,72748,15529,0,0,0,74.07111101340683,74.07111101340683,71.16607200879224,Vanderbilt-Ingram Cancer Center,4,3,0,557,267,84
21049,21,Clark,Kentucky,37.986421,-84.182808,36972,11689,0,0,0,20.550770516094072,20.550770516094072,21.57766031719501,Markey Cancer Center (Kentucky),148,56,18,410,182,49
21051,21,Clay,Kentucky,37.168974,-83.750091,20345,5924,0,0,0,85.86751465282624,85.86751465282624,87.17174549163316,Markey Cancer Center (Kentucky),18,8,1,198,76,25
21053,21,Clinton,Kentucky,36.715915,-85.13447,9253,3212,0,0,0,98.1362487933582,116.08207942937364,116.66596135626259,Markey Cancer Center (Kentucky),3,2,0,655,298,97
21055,21,Crittenden,Kentucky,37.33223,-88.095012,8990,3123,0,0,0,67.70786497174551,133.63048690491007,130.67148328332266,Vanderbilt-Ingram Cancer Center,9,6,1,83,45,5
36017,36,Chenango,New York,42.480979,-75.568857,47220,17518,0,0,0,60.79121119881033,136.82041498701443,135.9330396476467,Wilmot Cancer Institute (Rochester),23,8,2,153,73,13
21029,21,Bullitt,Kentucky,38.023787,-85.651771,82217,25906,0,0,0,14.90114711806462,14.90114711806462,74.70392784169208,Markey Cancer Center (Kentucky),158,65,20,279,108,37
21031,21,Butler,Kentucky,37.217537,-86.677714,12371,4059,0,0,0,89.63745191190195,89.63745191190195,89.39905494867027,Vanderbilt-Ingram Cancer Center,9,4,0,638,294,94
21033,21,Caldwell,Kentucky,37.125484,-87.878812,12649,4467,0,0,0,89.11850204274,111.35484753166259,108.37599319804188,Vanderbilt-Ingram Cancer Center,10,7,1,598,290,86
21035,21,Calloway,Kentucky,36.621007,-88.30609,37103,10950,0,0,0,103.8863202814767,111.65937357603241,107.84500982683824,Vanderbilt-Ingram Cancer Center,10,7,1,595,288,87
21037,21,Campbell,Kentucky,39.032376,-84.439251,93076,28903,0,0,0,7.291585653018692,13.120832693360285,83.06384989444982,Markey Cancer Center (Kentucky),254,129,26,426,190,50
21039,21,Carlisle,Kentucky,36.855639,-88.946346,4826,1575,0,0,0,60.23535390196166,156.27701074776675,154.55541902067912,Vanderbilt-Ingram Cancer Center,9,6,1,72,39,5
21153,21,Magoffin,Kentucky,37.733397,-83.057067,11637,3861,0,0,0,97.02795134384988,97.02795134384988,98.12349551046559,Markey Cancer Center (Kentucky),2,1,0,167,67,19
21155,21,Marion,Kentucky,37.570127,-85.28442,19581,6081,0,0,0,58.57740244058836,58.57740244058836,63.66937480862017,Markey Cancer Center (Kentucky),149,60,18,265,103,34
21025,21,Breathitt,Kentucky,37.518699,-83.377385,13718,4514,0,0,0,84.19804723210865,84.19804723210865,85.44777821002195,Markey Cancer Center (Kentucky),14,7,1,159,65,18
20175,20,Seward,Kansas,37.051086,-100.918735,21964,4446,0,0,0,163.75087144810018,260.40739370659975,263.023860232473,Stephenson Cancer Center (Oklahoma),0,0,0,20,12,1
20179,20,Sheridan,Kansas,39.368138,-100.463405,2447,912,0,0,0,83.26315706754563,287.7564961627582,281.3211755990101,University of Colorado Cancer Center,1,1,0,40,23,1
20181,20,Sherman,Kansas,39.350878,-101.726045,5927,2039,0,0,0,158.9190914416271,208.45769348304944,201.58293098024927,University of Colorado Cancer Center,1,1,0,1,1,0
20183,20,Smith,Kansas,39.770601,-98.805608,3570,1615,0,0,0,80.98862000501033,212.16945268845245,216.61036286801328,Fred & Pamela Buffett Cancer Center (UNMC),0,0,0,63,33,5
21077,21,Gallatin,Kentucky,38.764935,-84.841609,8690,2744,0,0,0,27.80095755489411,40.617288862391185,64.52033822148606,Markey Cancer Center (Kentucky),234,118,26,510,230,61
21079,21,Garrard,Kentucky,37.650333,-84.575237,16953,5868,0,0,0,31.127732681893445,31.127732681893445,31.949893820192056,Markey Cancer Center (Kentucky),147,56,18,275,107,37
21081,21,Grant,Kentucky,38.689224,-84.602905,24941,6729,0,0,0,26.910218425566026,41.22542134094393,54.84055212355576,Markey Cancer Center (Kentucky),319,149,37,425,189,50
21083,21,Graves,Kentucky,36.742207,-88.650736,36649,11832,0,0,0,81.20091904607783,136.65029740523173,132.84537078212418,Vanderbilt-Ingram Cancer Center,9,6,1,75,41,5
21075,21,Fulton,Kentucky,36.538105,-89.037115,6515,2237,0,0,0,77.58592200578772,129.88025761645622,152.74123493378977,Vanderbilt-Ingram Cancer Center,9,6,1,75,41,5
21087,21,Green,Kentucky,37.265986,-85.538884,11107,4256,0,0,0,78.16153951250925,78.16153951250925,92.80911423388038,Markey Cancer Center (Kentucky),21,9,1,267,104,34
21089,21,Greenup,Kentucky,38.55436,-82.809161,35962,12707,0,0,0,76.3834731226092,118.27449069625202,118.729271957728,Markey Cancer Center (Kentucky),28,15,3,203,82,26
21091,21,Hancock,Kentucky,37.868547,-86.805118,9095,2884,0,0,0,78.10814461755801,78.10814461755801,142.98728467137312,Vanderbilt-Ingram Cancer Center,18,7,1,164,68,20
21057,21,Cumberland,Kentucky,36.782421,-85.389733,5888,2310,0,0,0,104.98196842988085,104.98196842988085,108.0858613022118,Vanderbilt-Ingram Cancer Center,3,2,0,711,314,105
21061,21,Edmonson,Kentucky,37.192292,-86.253259,12126,4543,0,0,0,91.56865940528449,91.56865940528449,94.29277740160671,Vanderbilt-Ingram Cancer Center,12,2,1,638,294,94
21063,21,Elliott,Kentucky,38.122978,-83.108689,7354,2551,0,0,0,90.84827846002933,90.84827846002933,91.63916712148959,Markey Cancer Center (Kentucky),38,20,3,195,78,24
21065,21,Estill,Kentucky,37.707053,-83.991846,14163,4879,0,0,0,41.913033985752854,41.913033985752854,43.211111350255784,Markey Cancer Center (Kentucky),148,56,18,277,107,36
21069,21,Fleming,Kentucky,38.388852,-83.709683,15082,4909,0,0,0,59.56356712271891,59.56356712271891,59.835830834590226,Markey Cancer Center (Kentucky),151,58,18,350,164,38
21071,21,Floyd,Kentucky,37.558551,-82.7396,35942,11920,0,0,0,97.20577571987546,121.18488424930149,122.32928390634554,Markey Cancer Center (Kentucky),3,2,0,58,28,4
21085,21,Grayson,Kentucky,37.471252,-86.30457,26420,8521,0,0,0,72.83429743926462,72.83429743926462,114.91246200106629,Vanderbilt-Ingram Cancer Center,18,6,1,633,293,93
21131,21,Leslie,Kentucky,37.115702,-83.376004,10513,3478,0,0,0,103.32259481172915,105.01114496498344,106.32537780641549,Markey Cancer Center (Kentucky),18,9,1,198,76,25
21095,21,Harlan,Kentucky,36.866097,-83.2338,26831,8688,0,0,0,89.74025388633089,126.6642249961881,127.97927915761903,Markey Cancer Center (Kentucky),15,8,1,92,42,10
21097,21,Harrison,Kentucky,38.414072,-84.314294,18692,6311,0,0,0,34.69361170618444,34.69361170618444,34.09894793204245,Markey Cancer Center (Kentucky),179,69,23,424,189,50
21099,21,Hart,Kentucky,37.280435,-85.88777,19288,6194,0,0,0,77.4989668252651,77.4989668252651,109.93424787763001,Markey Cancer Center (Kentucky),23,9,1,696,311,103
21101,21,Henderson,Kentucky,37.817983,-87.564508,44793,14602,0,0,0,92.68073025244789,126.75327090843317,147.67342501735325,Vanderbilt-Ingram Cancer Center,8,5,0,70,40,4
21103,21,Henry,Kentucky,38.4314,-85.180752,15678,5124,0,0,0,38.010226173517125,38.010226173517125,54.92204232017774,Markey Cancer Center (Kentucky),254,98,34,413,183,49
21105,21,Hickman,Kentucky,36.664413,-88.956556,4521,1827,0,0,0,71.6886968368132,141.644839385479,150.04591908575966,Vanderbilt-Ingram Cancer Center,9,6,1,75,41,5
21107,21,Hopkins,Kentucky,37.308856,-87.52201,45423,14692,0,0,0,102.52810339003189,109.98165053968106,107.75372755276167,Vanderbilt-Ingram Cancer Center,8,5,0,574,276,84
21157,21,Marshall,Kentucky,36.897003,-88.34,31659,11803,0,0,0,82.55540511078134,123.5379497589312,119.94160369739666,Vanderbilt-Ingram Cancer Center,10,7,1,80,45,5
21219,21,Todd,Kentucky,36.812095,-87.173233,12243,3605,0,0,0,62.7855518856925,62.7855518856925,60.64401931548345,Vanderbilt-Ingram Cancer Center,6,3,0,561,268,84
21221,21,Trigg,Kentucky,36.845549,-87.834907,14061,5480,0,0,0,93.40252460056315,93.40252460056315,90.0784596911863,Vanderbilt-Ingram Cancer Center,10,7,1,573,275,85
21223,21,Trimble,Kentucky,38.61932,-85.33207,8474,2814,0,0,0,41.5910197798799,41.5910197798799,72.41816668519198,Markey Cancer Center (Kentucky),148,61,20,509,230,61
21225,21,Union,Kentucky,37.652277,-87.929907,13668,4581,0,0,0,69.18474094125675,148.13184644387457,145.67473915870931,Vanderbilt-Ingram Cancer Center,8,5,0,83,44,6
21229,21,Washington,Kentucky,37.738166,-85.192752,12027,4042,0,0,0,50.158523210706434,50.158523210706434,51.003695645328726,Markey Cancer Center (Kentucky),249,94,33,276,107,37
21231,21,Wayne,Kentucky,36.838184,-84.845965,19555,6867,0,0,0,91.70240156217535,100.70798715657777,101.45253675559165,Markey Cancer Center (Kentucky),17,8,1,200,75,25
21233,21,Webster,Kentucky,37.502386,-87.68192,13017,4041,0,0,0,87.54786228268412,129.11361311601306,126.83647356058796,Vanderbilt-Ingram Cancer Center,8,5,0,64,34,3
21203,21,Rockcastle,Kentucky,37.380897,-84.351176,16037,5509,0,0,0,53.84045506544276,53.84045506544276,54.956222761818324,Markey Cancer Center (Kentucky),147,56,18,286,107,37
21207,21,Russell,Kentucky,37.030799,-85.058512,17991,6333,0,0,0,90.03716369948746,90.03716369948746,90.56049008538577,Markey Cancer Center (Kentucky),0,0,0,297,114,38
21109,21,Jackson,Kentucky,37.400575,-83.992381,12955,4173,0,0,0,61.02879206101496,61.02879206101496,62.32595693337145,Markey Cancer Center (Kentucky),18,8,1,198,75,25
21159,21,Martin,Kentucky,37.835468,-82.516965,11287,3383,0,0,0,71.09582476575407,130.2280255103348,131.21731838017726,Markey Cancer Center (Kentucky),21,10,3,57,27,4
21161,21,Mason,Kentucky,38.616511,-83.789096,17120,5738,0,0,0,58.99796152357206,65.95021662726782,67.34491423336377,Markey Cancer Center (Kentucky),58,26,6,351,164,38
21163,21,Meade,Kentucky,37.934417,-86.134606,30003,8797,0,0,0,36.69917169104702,36.69917169104702,106.60677667447302,Markey Cancer Center (Kentucky),157,65,20,262,101,34
21165,21,Menifee,Kentucky,37.945275,-83.595979,6113,2334,0,0,0,59.04220930703103,59.04220930703103,60.02924625907113,Markey Cancer Center (Kentucky),148,56,18,326,153,37
21133,21,Letcher,Kentucky,37.146816,-82.807202,21548,7497,0,0,0,125.3459993728094,132.4150162093042,133.68638046917675,Markey Cancer Center (Kentucky),5,4,0,52,27,4
21135,21,Lewis,Kentucky,38.564104,-83.350474,13080,4416,0,0,0,85.87076663984833,87.0310080904514,87.2888317491835,Markey Cancer Center (Kentucky),23,12,1,358,167,40
21137,21,Lincoln,Kentucky,37.473364,-84.670402,24275,7955,0,0,0,46.79232693904684,46.79232693904684,47.52592728650414,Markey Cancer Center (Kentucky),147,56,18,258,99,34
21139,21,Livingston,Kentucky,37.133064,-88.351386,8888,3364,0,0,0,65.93904601698155,135.03868652278464,131.66703011327178,Vanderbilt-Ingram Cancer Center,9,6,1,81,45,5
21129,21,Lee,Kentucky,37.590698,-83.702693,7395,2507,0,0,0,62.91748668348326,62.91748668348326,64.19808757218841,Markey Cancer Center (Kentucky),15,7,1,159,64,18
21143,21,Lyon,Kentucky,37.065485,-88.079475,8680,3625,0,0,0,82.18021284747935,117.51177530612709,114.26039314770469,Vanderbilt-Ingram Cancer Center,10,7,1,597,290,86
21147,21,McCreary,Kentucky,36.713019,-84.447417,16888,4890,0,0,0,68.57574039588654,108.43411720948912,109.4333806858829,Markey Cancer Center (Kentucky),17,8,1,197,75,25
21149,21,McLean,Kentucky,37.51554,-87.221398,9152,3117,0,0,0,115.46900372704734,115.46900372704734,117.058866704685,Vanderbilt-Ingram Cancer Center,9,5,0,643,299,93
21113,21,Jessamine,Kentucky,37.886869,-84.585371,52991,15603,0,0,0,12.55965910042829,12.55965910042829,13.053019180289715,Markey Cancer Center (Kentucky),148,56,18,403,178,49
21115,21,Johnson,Kentucky,37.830575,-82.817074,22680,7456,0,0,0,87.56863785237778,110.82262593873877,111.83457774591244,Markey Cancer Center (Kentucky),22,10,3,167,67,19
21119,21,Knott,Kentucky,37.328988,-82.942351,14251,4971,0,0,0,116.87179113104094,116.87179113104094,118.11862488297578,Markey Cancer Center (Kentucky),3,2,0,156,63,18
21121,21,Knox,Kentucky,36.902733,-83.921054,30193,9160,0,0,0,77.32263643641782,100.0482712945025,101.28444321346043,Markey Cancer Center (Kentucky),17,8,1,198,76,25
21123,21,Larue,Kentucky,37.542807,-85.723159,14867,4990,0,0,0,54.66356117892084,54.66356117892084,89.35805829807276,Markey Cancer Center (Kentucky),149,60,18,266,103,34
21127,21,Lawrence,Kentucky,38.081027,-82.677508,16293,5445,0,0,0,70.39680428201004,118.73247229196211,119.57246676910485,Markey Cancer Center (Kentucky),22,10,3,168,67,20
21141,21,Logan,Kentucky,36.859958,-86.862831,27432,8976,0,0,0,60.39359498398868,60.39359498398868,59.495942718630246,Vanderbilt-Ingram Cancer Center,5,2,0,561,268,84
20025,20,Clark,Kansas,37.295814,-99.886429,1991,784,0,0,0,136.4420511798181,215.94548808215535,219.26023798407178,Stephenson Cancer Center (Oklahoma),4,1,0,22,13,1
20027,20,Clay,Kansas,39.354338,-97.122448,8117,3030,0,0,0,54.480647957592524,157.26924341720974,163.29522872060045,University of Kansas Cancer Center,29,13,3,38,18,3
20029,20,Cloud,Kansas,39.53486,-97.635801,9032,3045,0,0,0,59.736900883663125,174.00066503013417,176.45442553538408,Fred & Pamela Buffett Cancer Center (UNMC),29,13,3,44,24,3
20031,20,Coffey,Kansas,38.249077,-95.741609,8360,3073,0,0,0,65.18552173092081,85.73905084562809,99.20465213617011,University of Kansas Cancer Center,4,1,0,262,134,30
20033,20,Comanche,Kansas,37.233664,-99.373213,1689,786,0,0,0,136.7137994588114,188.37348665294613,191.93444946239464,Stephenson Cancer Center (Oklahoma),5,1,0,22,13,1
20039,20,Decatur,Kansas,39.804239,-100.484373,2764,1270,0,0,0,106.38517494093074,282.4806941039908,277.39036394639317,University of Colorado Cancer Center,1,1,0,45,23,2
20041,20,Dickinson,Kansas,38.886002,-97.152074,18402,6545,0,0,0,29.87161182801968,155.6401174088499,164.45874896036167,University of Kansas Cancer Center,29,13,3,76,41,10
20147,20,Phillips,Kansas,39.759487,-99.348621,4981,1936,0,0,0,72.7471660785386,241.29454343123342,246.13160997305,Fred & Pamela Buffett Cancer Center (UNMC),0,0,0,61,32,4
20171,20,Scott,Kansas,38.481574,-100.913143,5151,1611,0,0,0,107.68210759450689,279.4131251282722,273.33368490333294,University of Colorado Cancer Center,17,11,1,40,23,1
20153,20,Rawlins,Kansas,39.807173,-101.050348,2561,1059,0,0,0,134.31656536718012,246.45707933733286,241.33979478545317,University of Colorado Cancer Center,1,1,0,3,3,0
20155,20,Reno,Kansas,38.051646,-97.931942,61898,20781,0,0,0,49.266440127988034,211.29158190639117,215.51263497560754,Stephenson Cancer Center (Oklahoma),34,16,8,68,36,10
20157,20,Republic,Kansas,39.817924,-97.659071,4674,1936,0,0,0,83.24572687586215,156.0683252950084,159.1004837977155,Fred & Pamela Buffett Cancer Center (UNMC),0,0,0,89,40,6
20159,20,Rice,Kansas,38.320405,-98.199874,9427,3089,0,0,0,56.253611059584536,229.6239690079889,240.1740509455109,University of Kansas Cancer Center,41,23,3,68,36,10
20131,20,Nemaha,Kansas,39.829395,-95.96626,10273,3384,0,0,0,67.95197591383729,108.61432967582947,107.95364817135446,University of Kansas Cancer Center,0,0,0,410,193,52
20135,20,Ness,Kansas,38.488254,-99.897744,2687,1102,0,0,0,49.13774870928481,292.0121433626785,295.86909681261267,Stephenson Cancer Center (Oklahoma),25,11,1,42,24,1
20137,20,Norton,Kansas,39.82351,-99.876765,5459,1817,0,0,0,85.54254137535581,267.8417406829022,273.05106430985387,Fred & Pamela Buffett Cancer Center (UNMC),0,0,0,45,22,2
20139,20,Osage,Kansas,38.699173,-95.713137,15766,5703,0,0,0,27.830281681525815,65.57884313241513,77.09286312173434,University of Kansas Cancer Center,38,19,3,250,132,23
20149,20,Pottawatomie,Kansas,39.251723,-96.332282,25348,7018,0,0,0,44.082374453670774,105.97290389996778,111.91143750539385,University of Kansas Cancer Center,36,17,3,202,103,18
20085,20,Jackson,Kansas,39.402317,-95.752834,13232,4428,0,0,0,30.618338781207495,76.18150406743354,78.8159553309907,University of Kansas Cancer Center,38,19,3,250,132,23
20087,20,Jefferson,Kansas,39.210953,-95.397523,18368,6603,0,0,0,24.095062586655793,48.501314982808864,52.2503127024029,University of Kansas Cancer Center,201,103,18,250,132,23
20089,20,Jewell,Kansas,39.777617,-98.198892,2932,1320,0,0,0,88.44560990008632,182.0629019883757,185.8597970031006,Fred & Pamela Buffett Cancer Center (UNMC),0,0,0,58,29,5
20093,20,Kearny,Kansas,37.951539,-101.24168,3983,1114,0,0,0,146.17420480766614,280.9885822836147,275.74970048840356,University of Colorado Cancer Center,17,11,1,21,13,1
20097,20,Kiowa,Kansas,37.595999,-99.252339,2460,849,0,0,0,106.76468974430418,207.1075153001096,210.92152943852827,Stephenson Cancer Center (Oklahoma),5,1,0,41,23,1
20065,20,Graham,Kansas,39.358244,-99.855627,2415,1010,0,0,0,51.94889100188974,286.66819716301785,291.3174906231942,Fred & Pamela Buffett Cancer Center (UNMC),25,11,1,38,22,1
20067,20,Grant,Kansas,37.580299,-101.351338,7352,1846,0,0,0,170.21012583576967,293.0680233368178,288.39333442040777,University of Colorado Cancer Center,20,12,1,20,12,1
20069,20,Gray,Kansas,37.724149,-100.412286,5653,1595,0,0,0,119.04953256150787,265.42886352067563,268.7727565703204,Stephenson Cancer Center (Oklahoma),20,12,1,40,22,1
20063,20,Gove,Kansas,39.047079,-100.377754,2718,1053,0,0,0,68.88093757505752,298.30762962225367,291.52270125780353,University of Colorado Cancer Center,1,1,0,41,24,1
20073,20,Greenwood,Kansas,37.861919,-96.224613,6016,2499,0,0,0,74.91880864121654,130.65607767679137,144.17022060366142,University of Kansas Cancer Center,4,1,0,75,41,10
20075,20,Hamilton,Kansas,37.98058,-101.760582,2518,602,0,0,0,174.63193849774615,251.62183789950402,246.7423718376426,University of Colorado Cancer Center,17,11,1,20,12,1
20077,20,Harper,Kansas,37.215327,-98.049879,5485,1933,0,0,0,60.35406003899533,144.62759809945032,148.82381356464884,Stephenson Cancer Center (Oklahoma),5,1,0,48,26,9
20043,20,Doniphan,Kansas,39.787452,-95.071424,7510,2489,0,0,0,16.321057014654155,74.59912977182144,67.4764789696775,University of Kansas Cancer Center,65,32,6,253,133,23
20047,20,Edwards,Kansas,37.913198,-99.352782,2907,1075,0,0,0,80.35627169817151,232.69343225355163,236.57681902408706,Stephenson Cancer Center (Oklahoma),19,11,1,41,23,1
20049,20,Elk,Kansas,37.423675,-96.239085,2483,1081,0,0,0,75.7057316281694,158.22561611805367,171.94118105045726,University of Kansas Cancer Center,4,1,0,68,33,10
20053,20,Ellsworth,Kansas,38.725437,-98.268058,6376,2369,0,0,0,43.4626886680137,228.45828464739176,237.63323900986464,University of Kansas Cancer Center,41,23,3,68,36,10
20059,20,Franklin,Kansas,38.603542,-95.260357,25996,8353,0,0,0,28.106245758530342,42.9001387968154,56.30355879577136,University of Kansas Cancer Center,185,90,18,250,132,23
20061,20,Geary,Kansas,39.040483,-96.838824,36739,5190,0,0,0,52.87752912732795,135.588351749418,143.5130664681951,University of Kansas Cancer Center,29,13,3,67,34,10
20071,20,Greeley,Kansas,38.483553,-101.758084,1284,399,0,0,0,160.55214126609496,229.69706962101762,224.045055463898,University of Colorado Cancer Center,0,0,0,21,13,1
21023,21,Bracken,Kentucky,38.701217,-84.072685,8400,2751,0,0,0,40.07590549466886,48.7326832433916,62.286341078751384,Markey Cancer Center (Kentucky),230,116,26,424,189,50
20201,20,Washington,Kansas,39.779332,-97.048861,5530,2093,0,0,0,87.5889503017219,137.5300853992221,139.10247576118547,Fred & Pamela Buffett Cancer Center (UNMC),2,0,0,76,32,4
20203,20,Wichita,Kansas,38.494575,-101.349645,2152,759,0,0,0,134.56397745292628,253.0725605207255,247.1712441581666,University of Colorado Cancer Center,17,11,1,21,13,1
20205,20,Wilson,Kansas,37.511463,-95.739717,8624,3157,0,0,0,100.24294238178148,134.06037661568035,147.6469587472146,University of Kansas Cancer Center,4,1,0,73,37,10
20207,20,Woodson,Kansas,37.876071,-95.735035,3115,1321,0,0,0,93.77645877402684,108.35120209356812,122.06738928463984,University of Kansas Cancer Center,4,1,0,190,98,22
21001,21,Adair,Kentucky,37.107461,-85.27965,18903,6385,0,0,0,91.60538015650778,91.60538015650778,91.91095499228408,Markey Cancer Center (Kentucky),0,0,0,263,102,34
21003,21,Allen,Kentucky,36.750241,-86.210149,20588,6799,0,0,0,62.04975325345218,62.04975325345218,63.953132722959495,Vanderbilt-Ingram Cancer Center,7,3,0,564,269,84
21005,21,Anderson,Kentucky,38.02799,-84.925693,23852,7355,0,0,0,28.17634558877403,28.17634558877403,27.28133873916818,Markey Cancer Center (Kentucky),254,98,34,404,178,49
20141,20,Osborne,Kansas,39.425897,-98.705316,3500,1477,0,0,0,60.398853508472044,225.60892857125276,229.41450564214475,Fred & Pamela Buffett Cancer Center (UNMC),0,0,0,52,27,3
20185,20,Stafford,Kansas,38.005058,-98.733831,4072,1484,0,0,0,82.40547813946834,221.00780237219712,225.11803973065332,Stephenson Cancer Center (Oklahoma),19,11,1,68,36,10
20187,20,Stanton,Kansas,37.565287,-101.757372,2084,617,0,0,0,192.10806002848355,273.4722837148339,269.1841428849174,University of Colorado Cancer Center,4,1,0,20,12,1
20189,20,Stevens,Kansas,37.187133,-101.322543,5250,1487,0,0,0,166.607231138777,289.2898270807474,291.87519901401913,Stephenson Cancer Center (Oklahoma),4,1,0,20,12,1
20195,20,Trego,Kansas,39.003748,-99.881416,2808,1188,0,0,0,36.92602697392509,305.6155267117412,309.87753870227374,Fred & Pamela Buffett Cancer Center (UNMC),25,11,1,41,24,1
20197,20,Wabaunsee,Kansas,38.989695,-96.178582,6877,2568,0,0,0,30.647773294641837,92.88671009918045,101.18061412090532,University of Kansas Cancer Center,38,19,3,250,132,23
20199,20,Wallace,Kansas,38.885844,-101.761616,1512,621,0,0,0,156.89940657151706,216.04746165464562,209.78807307821663,University of Colorado Cancer Center,0,0,0,18,12,1
20163,20,Rooks,Kansas,39.321747,-99.314061,4919,1966,0,0,0,36.45904938746723,260.67982375847,264.90316531378636,Fred & Pamela Buffett Cancer Center (UNMC),25,11,1,53,28,3
20165,20,Rush,Kansas,38.527826,-99.281206,2956,1119,0,0,0,29.555571599165603,275.0744020800621,279.1185363540163,Stephenson Cancer Center (Oklahoma),37,21,1,45,25,3
20167,20,Russell,Kansas,38.904218,-98.830652,6691,2695,0,0,0,32.31073402499482,262.426982243497,265.654496362927,Fred & Pamela Buffett Cancer Center (UNMC),37,21,1,42,23,3
21007,21,Ballard,Kentucky,37.043623,-88.976992,7728,2782,0,0,0,49.01567625115976,155.17632657075166,155.97826835182295,Siteman Cancer Center (WashU),71,38,5,74,40,5
20143,20,Ottawa,Kansas,39.096393,-97.682422,5735,2060,0,0,0,23.87084802893196,190.0724368320966,197.77253190632737,University of Kansas Cancer Center,29,13,3,69,36,10
20145,20,Pawnee,Kansas,38.179763,-99.146958,6253,2352,0,0,0,59.44630184372944,245.32771011677042,249.34875502216994,Stephenson Cancer Center (Oklahoma),38,21,1,45,25,3
20115,20,Marion,Kansas,38.324754,-97.127529,11823,4540,0,0,0,51.09691829853451,162.4378305955326,173.8215797158012,University of Kansas Cancer Center,57,27,10,75,41,10
20117,20,Marshall,Kansas,39.800328,-96.573926,10038,3721,0,0,0,83.05476491726472,125.26487429391474,125.44182736307631,Fred & Pamela Buffett Cancer Center (UNMC),2,0,0,113,59,5
20119,20,Meade,Kansas,37.292243,-100.396872,4055,1164,0,0,0,149.06431024204383,241.85672430469197,244.91100921097356,Stephenson Cancer Center (Oklahoma),4,1,0,21,12,1
20121,20,Miami,Kansas,38.595195,-94.83105,34191,11237,0,0,0,27.96091027963968,27.96091027963968,40.76974600686747,University of Kansas Cancer Center,235,120,23,250,132,23
20123,20,Mitchell,Kansas,39.45426,-98.175033,5796,2132,0,0,0,64.44152773701111,200.36471119838703,203.5632920430049,Fred & Pamela Buffett Cancer Center (UNMC),0,0,0,44,24,3
20127,20,Morris,Kansas,38.694354,-96.58085,5386,2318,0,0,0,63.11519133907825,120.43972641049402,130.68940430117226,University of Kansas Cancer Center,1,0,0,66,34,10
21021,21,Boyle,Kentucky,37.637853,-84.796823,30614,9629,0,0,0,37.38566727630412,37.38566727630412,37.75807447397407,Markey Cancer Center (Kentucky),148,56,18,276,107,37
20105,20,Lincoln,Kansas,39.035019,-98.186201,2939,1190,0,0,0,41.66877543015646,222.27522869326066,230.27127452999753,University of Kansas Cancer Center,29,13,3,41,23,3
20107,20,Linn,Kansas,38.239619,-94.800976,9591,3735,0,0,0,56.95615115471706,56.95615115471706,68.79141385193398,University of Kansas Cancer Center,153,76,15,246,128,23
20109,20,Logan,Kansas,39.095504,-100.926327,2762,960,0,0,0,104.34936623226042,262.96368198500477,256.2219278386171,University of Colorado Cancer Center,1,1,0,40,23,1
20111,20,Lyon,Kansas,38.416221,-96.17907,32179,8771,0,0,0,59.70836674214216,102.24130903628394,114.49190729362874,University of Kansas Cancer Center,36,17,3,206,99,25
21009,21,Barren,Kentucky,36.995285,-85.932182,44485,14040,0,0,0,89.34728652035425,89.34728652035425,91.34713252134611,Vanderbilt-Ingram Cancer Center,1,0,0,639,294,94
21011,21,Bath,Kentucky,38.138475,-83.7406,12750,3949,0,0,0,50.16394827411816,50.16394827411816,50.85271303419792,Markey Cancer Center (Kentucky),148,56,18,335,157,37
21013,21,Bell,Kentucky,36.680825,-83.70439,24097,7957,0,0,0,61.832299356574026,122.65867912239139,123.91659884279392,Markey Cancer Center (Kentucky),17,8,1,90,42,10
21015,21,Boone,Kentucky,38.984893,-84.678985,135968,36984,0,0,0,8.647858028291108,19.597940646962424,79.78212626275634,Markey Cancer Center (Kentucky),254,129,26,509,230,61
21017,21,Bourbon,Kentucky,38.203999,-84.246703,20252,6814,0,0,0,22.206515289842645,22.206515289842645,22.223729130992982,Markey Cancer Center (Kentucky),148,56,18,410,182,49
20101,20,Lane,Kansas,38.504038,-100.483419,1574,580,0,0,0,80.92742148864836,304.60694458236463,298.3520586364314,University of Colorado Cancer Center,17,11,1,41,24,1
13319,13,Wilkinson,Georgia,32.843967,-83.239243,8877,3171,0,0,0,92.26179056265174,105.05417458232867,108.96403711212587,Winship Cancer Institute (Emory),11,5,1,451,208,46
13321,13,Worth,Georgia,31.545333,-83.85916,20784,7159,0,0,0,163.7974695295596,188.09416982295403,189.30789350276913,Winship Cancer Institute (Emory),12,7,1,36,17,3
15001,15,Hawaii,Hawaii,19.672735,-155.428067,200629,75788,0,0,0,239.15188487984057,2806.227176736497,231.48409491656074,University of Hawai'i Cancer Center,0,0,0,0,0,0
15005,15,Kalawao,Hawaii,21.189607,-156.982059,82,16,0,0,0,73.80738593751504,2823.6533627469603,67.69447566519096,University of Hawai'i Cancer Center,4,1,1,43,18,4
16003,16,Adams,Idaho,44.843883,-116.383254,4379,2226,0,0,0,74.72149249045368,366.98998320118403,372.47418269740007,Knight Cancer Institute (OHSU),0,0,0,76,40,4
16005,16,Bannock,Idaho,42.871117,-112.425092,87018,22824,0,0,0,128.9753398774392,187.64982640265805,178.2843804933427,Huntsman Cancer Institute (Utah),0,0,0,4,2,1
26011,26,Arenac,Michigan,44.044452,-83.884489,15002,6610,0,0,0,53.92789720177598,125.65618845223854,146.91309327848123,University of Michigan Rogel Cancer Center,41,23,4,98,47,6
26013,26,Baraga,Michigan,46.766517,-88.450012,8158,3160,0,0,0,106.03169031035296,306.2611272765906,311.25248989344976,UW Carbone Cancer Center,1,0,1,60,33,5
21209,21,Scott,Kentucky,38.230636,-84.568282,57155,14243,0,0,0,18.0934888608589,18.0934888608589,16.932248167432014,Markey Cancer Center (Kentucky),148,56,18,410,182,49
26019,26,Benzie,Michigan,44.651834,-86.011382,17970,8065,0,0,0,24.032895894365367,142.01536806239304,240.04891744146738,University of Michigan Rogel Cancer Center,43,14,3,80,35,6
26023,26,Branch,Michigan,41.929177,-85.030705,44862,14978,0,0,0,30.243480083306903,84.71014114630577,84.9751754415836,University of Michigan Rogel Cancer Center,59,24,4,646,299,95
26027,26,Cass,Michigan,41.892277,-86.040504,51589,19373,0,0,0,23.857887053264427,92.23829557866246,96.92924638879747,University of Chicago Comprehensive Cancer Center,50,18,4,711,330,84
26029,26,Charlevoix,Michigan,45.244536,-85.11101,26054,11357,0,0,0,52.970992702530836,191.73312531547523,259.6154867494723,University of Michigan Rogel Cancer Center,51,17,4,55,21,4
26031,26,Cheboygan,Michigan,45.511041,-84.52108,25579,11756,0,0,0,91.95328389815595,221.3111296731014,272.3378357397006,University of Michigan Rogel Cancer Center,12,4,3,55,21,4
25007,25,Dukes,Massachusetts,41.419712,-70.60331,20600,9130,0,0,0,61.45442376652287,63.76791293423159,82.8888593732539,Dana-Farber/Harvard Cancer Center,11,4,3,753,389,86
25011,25,Franklin,Massachusetts,42.578152,-72.559152,71029,28297,0,0,0,51.58755909800664,90.63117606238653,89.58688545174199,Dartmouth Cancer Center,58,28,1,948,470,116
25015,25,Hampshire,Massachusetts,42.312741,-72.572165,162308,51156,0,0,0,46.604608137594305,78.7216740980399,86.2816980973726,Yale Cancer Center,108,50,7,933,464,113
26015,26,Barry,Michigan,42.618511,-85.349392,62423,21742,0,0,0,31.0671724095101,33.053738585538355,103.00901281607796,University of Michigan Rogel Cancer Center,265,123,36,427,206,54
23021,23,Piscataquis,Maine,45.242664,-69.256031,16800,7686,0,0,0,36.49096487053715,264.4769558547954,221.9048779807397,Dartmouth Cancer Center,21,9,1,34,13,4
23025,23,Somerset,Maine,44.820189,-69.685098,50477,19793,0,0,0,53.15625268614405,222.27841514267948,181.48303415675366,Dartmouth Cancer Center,27,11,2,69,30,5
16025,16,Camas,Idaho,43.352907,-114.754454,1077,287,0,0,0,67.51524153086365,284.5522705266546,279.58086739823557,Huntsman Cancer Institute (Utah),0,0,0,76,40,4
16029,16,Caribou,Idaho,42.646162,-111.652123,7027,2112,0,0,0,167.33303086465065,167.33303086465065,156.38711798659344,Huntsman Cancer Institute (Utah),0,0,0,11,8,1
16031,16,Cassia,Idaho,42.487358,-113.747762,24655,6171,0,0,0,46.33955219954252,190.3785575549118,185.31524925008756,Huntsman Cancer Institute (Utah),24,12,2,24,12,2
16033,16,Clark,Idaho,44.194725,-112.262134,790,158,0,0,0,140.17698279255006,254.8573082987717,285.50395208888847,Huntsman Cancer Institute (Utah),0,0,0,1,1,0
16035,16,Clearwater,Idaho,46.489093,-116.190755,8734,4029,0,0,0,109.83638657216567,352.4515285597554,360.1867800812582,Fred Hutch/UW/Seattle Children's Cancer Consortium,1,1,0,120,59,9
16037,16,Custer,Idaho,44.280306,-114.096283,4275,2492,0,0,0,143.46212738361803,329.77193853932295,322.3367473517154,Huntsman Cancer Institute (Utah),0,0,0,0,0,0
13317,13,Wilkes,Georgia,33.757224,-82.752748,9565,3716,0,0,0,46.15493138987207,103.06224437463696,108.41463632768371,Winship Cancer Institute (Emory),79,43,8,464,217,46
16041,16,Franklin,Idaho,42.098212,-111.871828,14194,3641,0,0,0,121.07770287681328,121.07770287681328,110.53180040137498,Huntsman Cancer Institute (Utah),3,1,1,19,9,2
16007,16,Bear Lake,Idaho,42.307481,-111.34121,6372,2188,0,0,0,143.09387960222656,143.09387960222656,131.58036374843883,Huntsman Cancer Institute (Utah),3,1,1,20,10,2
16009,16,Benewah,Idaho,47.273057,-116.644633,9530,3915,0,0,0,40.080656713307825,314.187775886294,320.93157403576294,Fred Hutch/UW/Seattle Children's Cancer Consortium,120,59,9,120,59,9
16011,16,Bingham,Idaho,43.223106,-112.346259,47992,12704,0,0,0,141.87797050870995,215.8449165196868,206.14364759537338,Huntsman Cancer Institute (Utah),0,0,0,1,1,0
16013,16,Blaine,Idaho,43.548124,-114.299016,24272,9328,0,0,0,82.8034461977425,281.9005200990958,275.7499075238634,Huntsman Cancer Institute (Utah),0,0,0,24,12,2
16015,16,Boise,Idaho,43.90651,-115.985316,7610,3833,0,0,0,31.32569619369023,367.860116052341,363.6887974580903,Huntsman Cancer Institute (Utah),76,40,4,76,40,4
16019,16,Bonneville,Idaho,43.494825,-111.994434,123964,30230,0,0,0,170.4616380739755,236.8606750677217,226.50829332037458,Huntsman Cancer Institute (Utah),0,0,0,1,1,0
16021,16,Boundary,Idaho,48.710599,-116.302645,12056,4696,0,0,0,43.23688645648699,341.74476749037746,345.8348905497683,Fred Hutch/UW/Seattle Children's Cancer Consortium,61,32,1,121,59,9
16023,16,Butte,Idaho,43.697316,-113.30219,2574,946,0,0,0,118.9016690154703,267.2994180362093,259.1040117163499,Huntsman Cancer Institute (Utah),0,0,0,24,12,2
16039,16,Elmore,Idaho,43.117658,-115.685056,28666,7415,0,0,0,55.802112676891475,309.87007707134575,306.9152880794408,Huntsman Cancer Institute (Utah),71,37,4,76,40,4
13307,13,Webster,Georgia,32.05245,-84.561824,2348,712,0,0,0,110.55526356437349,145.73366697395892,145.3823075284256,Winship Cancer Institute (Emory),11,7,2,65,35,5
13309,13,Wheeler,Georgia,32.147523,-82.756158,7471,1989,0,0,0,114.08382792065024,171.2085896722903,174.81286115787987,Winship Cancer Institute (Emory),0,0,0,83,46,7
13311,13,White,Georgia,34.599638,-83.743731,28003,10775,0,0,0,51.37121818888434,75.48480572101201,77.75171343200755,Winship Cancer Institute (Emory),62,33,7,502,235,47
13315,13,Wilcox,Georgia,31.975538,-83.409194,8766,2764,0,0,0,148.53305625925776,161.3871127982182,163.75206258001108,Winship Cancer Institute (Emory),3,0,0,27,14,3
13285,13,Troup,Georgia,33.038124,-85.029721,69426,19817,0,0,0,34.87838800649162,79.11929571942751,79.44312623188729,Winship Cancer Institute (Emory),41,23,4,426,198,45
13287,13,Turner,Georgia,31.70277,-83.638274,9006,2819,0,0,0,158.59242565066583,178.21548583878945,179.9315690746563,Winship Cancer Institute (Emory),9,6,1,32,16,3
13289,13,Twiggs,Georgia,32.702269,-83.416707,8022,3231,0,0,0,103.51289484175061,107.03479566003425,110.32090359119114,Winship Cancer Institute (Emory),11,5,1,453,209,46
13291,13,Union,Georgia,34.87746,-84.004818,24632,13068,0,0,0,69.71725535974514,90.68479658915903,92.42351366382769,Winship Cancer Institute (Emory),7,4,1,501,234,47
25019,25,Nantucket,Massachusetts,41.267216,-70.089225,14255,4130,0,0,0,94.84996097787399,97.55073505315804,109.31609151653109,Dana-Farber/Harvard Cancer Center,0,0,0,710,366,85
13295,13,Walker,Georgia,34.838709,-85.293092,67654,22291,0,0,0,22.038193089149146,103.58673169142504,109.02910250269998,Winship Cancer Institute (Emory),40,19,1,433,198,44
13297,13,Walton,Georgia,33.795968,-83.785302,96673,28915,0,0,0,30.609404014888106,31.859028041294035,37.20079753850741,Winship Cancer Institute (Emory),415,190,44,456,216,46
13299,13,Ware,Georgia,31.226953,-82.383829,36251,10630,0,0,0,94.24537837703137,94.24537837703137,103.05463541180318,Mayo Clinic Cancer Center – Jacksonville,0,0,0,283,130,29
13269,13,Taylor,Georgia,32.559079,-84.209743,7816,2863,0,0,0,77.0544975525229,102.11155947822056,102.75348210005939,Winship Cancer Institute (Emory),15,7,2,430,201,45
13271,13,Telfair,Georgia,32.019316,-82.894969,12477,3777,0,0,0,123.60747746388677,168.90744438312964,177.1752785370255,Mayo Clinic Cancer Center – Jacksonville,0,0,0,23,13,2
13273,13,Terrell,Georgia,31.77202,-84.429026,9185,3088,0,0,0,134.84428286022026,167.81215065759577,167.85406418868294,Winship Cancer Institute (Emory),8,6,1,36,17,3
13279,13,Toombs,Georgia,32.185481,-82.368674,27030,7751,0,0,0,87.32159441514601,165.18872454142831,171.36134753905733,Mayo Clinic Cancer Center – Jacksonville,1,1,0,80,43,7
13281,13,Towns,Georgia,34.940026,-83.782885,12493,6658,0,0,0,56.53523414176419,100.49899559777616,101.96506163255279,Winship Cancer Institute (Emory),32,20,1,501,234,47
13283,13,Treutlen,Georgia,32.387282,-82.589236,6406,2071,0,0,0,94.04161283352403,163.70845631466688,167.79434132962447,Winship Cancer Institute (Emory),1,1,0,80,43,7
13293,13,Upson,Georgia,32.90722,-84.325253,27700,9104,0,0,0,48.23617276928017,73.40955873110656,73.57526110773397,Winship Cancer Institute (Emory),52,28,5,447,208,46
26001,26,Alcona,Michigan,44.668106,-83.46556,10167,5831,0,0,0,102.6792305428582,172.8013470542867,193.98806289113108,Karmanos Cancer Institute (Wayne State),12,7,1,43,23,4
26003,26,Alger,Michigan,46.384467,-86.711752,8842,3803,0,0,0,52.41484005180509,287.5591179078293,317.50154597646707,UW Carbone Cancer Center,21,10,1,42,21,3
26005,26,Allegan,Michigan,42.608445,-85.871027,120502,38882,0,0,0,32.88160726538142,32.88160726538142,122.30378173843135,Robert H. Lurie Comprehensive Cancer Center (Northwestern),232,101,34,274,130,36
26009,26,Antrim,Michigan,44.978317,-85.198554,23431,10975,0,0,0,32.80198132325763,169.1276890136104,240.72978235748462,University of Michigan Rogel Cancer Center,51,17,4,58,21,4
24037,24,St. Mary's,Maryland,38.307223,-76.577954,113777,31163,0,0,0,53.82773821954536,57.42206877266551,60.539865975137985,Georgetown Lombardi Comprehensive Cancer Center,240,108,24,975,444,118
24039,24,Somerset,Maryland,38.13306,-75.742151,24620,7497,0,0,0,51.322313428210855,104.67970710398616,109.00692569135849,Georgetown Lombardi Comprehensive Cancer Center,35,13,4,921,421,113
24043,24,Washington,Maryland,39.618688,-77.73148,154705,48638,0,0,0,58.814111326893354,58.814111326893354,71.20634207173295,Georgetown Lombardi Comprehensive Cancer Center,224,105,21,928,421,114
25001,25,Barnstable,Massachusetts,41.692343,-70.328659,228996,115308,0,0,0,65.81335274811156,70.5331328530172,72.2991347952496,Dana-Farber/Harvard Cancer Center,8,4,1,753,389,86
13305,13,Wayne,Georgia,31.61057,-81.916558,30144,8743,0,0,0,65.61270884801765,110.7943542398281,115.7772220186474,Mayo Clinic Cancer Center – Jacksonville,1,1,0,280,128,29
24009,24,Calvert,Maryland,38.551108,-76.54407,92783,29218,0,0,0,37.133846430548566,42.545482068004425,46.618809567925304,Georgetown Lombardi Comprehensive Cancer Center,713,328,90,969,442,116
24011,24,Caroline,Maryland,38.873476,-75.830203,33293,10619,0,0,0,36.70871611803055,62.50553049181376,60.21823435946963,Sidney Kimmel Comprehensive Cancer Center (Johns Hopkins),64,18,11,1125,488,140
24017,24,Charles,Maryland,38.58147,-76.951519,166617,46117,0,0,0,27.48439107581709,27.551116032361797,29.292530684209865,Georgetown Lombardi Comprehensive Cancer Center,721,332,90,1011,459,121
24019,24,Dorchester,Maryland,38.571271,-76.011658,32531,12332,0,0,0,44.69909418098122,70.64950073085403,70.89245565850376,Sidney Kimmel Comprehensive Cancer Center (Johns Hopkins),64,18,11,919,423,110
24023,24,Garrett,Maryland,39.51324,-79.305826,28806,11464,0,0,0,42.84241026545014,88.28151227720495,87.44847967900229,UPMC Hillman Cancer Center,72,29,4,371,166,52
24029,24,Kent,Maryland,39.244676,-76.05767,19198,8159,0,0,0,36.429972338494096,36.429972338494096,34.3582373915131,Sidney Kimmel Comprehensive Cancer Center (Johns Hopkins),410,191,42,1147,494,147
24035,24,Queen Anne's,Maryland,39.021381,-76.149985,49874,18557,0,0,0,29.550583075257883,38.67385377494433,36.395697541189534,Sidney Kimmel Comprehensive Cancer Center (Johns Hopkins),495,226,49,1144,493,145
13301,13,Warren,Georgia,33.406673,-82.661562,5215,1999,0,0,0,42.22990627825081,114.05610633416809,119.30554929681045,Winship Cancer Institute (Emory),45,27,4,373,181,35
13303,13,Washington,Georgia,32.964333,-82.775581,19988,6523,0,0,0,63.23466888599911,122.78531259820497,127.4726499016262,Winship Cancer Institute (Emory),0,0,0,88,46,10
23029,23,Washington,Maine,44.861852,-67.46595,31095,13172,0,0,0,78.4946016516405,301.3897777390768,301.83791963431474,Dana-Farber/Harvard Cancer Center,0,0,0,24,10,2
22053,22,Jefferson Davis,Louisiana,30.241059,-92.746247,32250,9680,0,0,0,119.1769248056556,195.52590927519748,195.82577284597178,Dan L Duncan Comprehensive Cancer Center (Baylor),12,4,3,85,44,9
22057,22,Lafourche,Louisiana,29.690273,-90.63396,97557,28992,0,0,0,40.61420863635731,345.0565483110422,343.36857819527137,Dan L Duncan Comprehensive Cancer Center (Baylor),105,44,14,165,75,20
22059,22,LaSalle,Louisiana,31.726006,-92.16954,14791,3908,0,0,0,129.53252178279473,280.8057951750212,284.8350993619183,Dan L Duncan Comprehensive Cancer Center (Baylor),3,2,0,8,3,0
22061,22,Lincoln,Louisiana,32.54964,-92.645045,48396,11416,0,0,0,80.97365066076468,286.15694146456985,293.7451010837635,Harold C. Simmons Comprehensive Cancer Center (UTSW),5,1,0,41,15,4
22063,22,Livingston,Louisiana,30.48237,-90.843081,142282,36843,0,0,0,18.455351315753195,333.13287521566747,333.282249912459,Dan L Duncan Comprehensive Cancer Center (Baylor),69,38,6,165,75,20
22065,22,Madison,Louisiana,32.397655,-91.197847,10017,2808,0,0,0,66.35571998602902,243.98814283525394,319.4264100038742,O'Neal Comprehensive Cancer Center (UAB),0,0,0,35,19,1
22067,22,Morehouse,Louisiana,32.785896,-91.8883,25629,8200,0,0,0,120.81173838678772,238.2344383369763,345.27453252422913,Harold C. Simmons Comprehensive Cancer Center (UTSW),5,1,0,5,1,0
22031,22,De Soto,Louisiana,32.121308,-93.778274,26812,8554,0,0,0,28.859771067450467,218.1135420484501,221.9236222931128,Harold C. Simmons Comprehensive Cancer Center (UTSW),40,14,4,110,41,14
16047,16,Gooding,Idaho,42.853491,-114.750399,15598,4719,0,0,0,28.71492130855345,253.38333942714988,249.56266656704935,Huntsman Cancer Institute (Utah),24,12,2,71,37,4
22037,22,East Feliciana,Louisiana,30.820502,-91.090607,19539,6850,0,0,0,29.873927661695145,321.2152725937283,322.25460310685736,Dan L Duncan Comprehensive Cancer Center (Baylor),69,38,6,167,77,20
22039,22,Evangeline,Louisiana,30.690294,-92.361575,32350,9197,0,0,0,92.04927225605665,231.08438202376172,232.6499431147821,Dan L Duncan Comprehensive Cancer Center (Baylor),12,5,2,78,42,8
22041,22,Franklin,Louisiana,32.147658,-91.695666,19774,6416,0,0,0,101.73747167241994,277.08629032832766,332.34500142736715,Dan L Duncan Comprehensive Cancer Center (Baylor),5,1,0,35,19,1
22043,22,Grant,Louisiana,31.530198,-92.538082,22169,6038,0,0,0,117.98452688623671,250.15125574067383,254.22476092709954,Dan L Duncan Comprehensive Cancer Center (Baylor),3,2,0,49,17,6
22045,22,Iberia,Louisiana,29.994242,-91.80964,69929,20640,0,0,0,63.85287386665693,260.30268940353204,259.4183586814599,Dan L Duncan Comprehensive Cancer Center (Baylor),9,3,2,132,62,18
22047,22,Iberville,Louisiana,30.271035,-91.232013,30241,9295,0,0,0,18.312002599334278,303.321933353459,303.07453069916716,Dan L Duncan Comprehensive Cancer Center (Baylor),72,39,7,165,75,20
22013,22,Bienville,Louisiana,32.384335,-93.079008,12981,4580,0,0,0,50.885924841464416,261.4344082355457,265.2917277360395,Harold C. Simmons Comprehensive Cancer Center (UTSW),40,14,4,42,15,4
22015,22,Bossier,Louisiana,32.560816,-93.659046,128746,34623,0,0,0,12.410217569057172,219.29086479520817,223.1494195440355,Harold C. Simmons Comprehensive Cancer Center (UTSW),40,14,4,109,40,14
22021,22,Caldwell,Louisiana,32.073032,-92.104629,9645,2935,0,0,0,123.24642119177206,296.20884779888513,305.8562116916124,Dan L Duncan Comprehensive Cancer Center (Baylor),5,1,0,8,3,0
22035,22,East Carroll,Louisiana,32.761788,-91.184557,7459,1979,0,0,0,75.12897767119308,215.77579556812006,310.5399659821905,O'Neal Comprehensive Cancer Center (UAB),0,0,0,35,19,1
21213,21,Simpson,Kentucky,36.732484,-86.571947,19594,5989,0,0,0,50.638788399566074,50.638788399566074,51.169062062437,Vanderbilt-Ingram Cancer Center,541,261,82,564,269,84
21215,21,Spencer,Kentucky,38.06313,-85.350311,19490,6171,0,0,0,24.728148367315672,24.728148367315672,55.05808586413411,Markey Cancer Center (Kentucky),256,99,34,406,179,49
21217,21,Taylor,Kentucky,37.350286,-85.342524,26023,8136,0,0,0,74.07985164507812,74.07985164507812,78.69350332885764,Markey Cancer Center (Kentucky),21,9,1,267,104,34
21187,21,Owen,Kentucky,38.530989,-84.831041,11278,3826,0,0,0,43.77932977019314,47.67650867107002,46.4083805300099,Markey Cancer Center (Kentucky),321,152,37,426,190,50
21189,21,Owsley,Kentucky,37.45244,-83.68482,4051,1556,0,0,0,70.95563343077784,70.95563343077784,72.26328241590431,Markey Cancer Center (Kentucky),14,7,1,157,63,18
21191,21,Pendleton,Kentucky,38.715312,-84.359242,14644,4823,0,0,0,27.413703388524606,39.80664541523121,57.47460592942644,Markey Cancer Center (Kentucky),332,156,37,424,189,50
21193,21,Perry,Kentucky,37.258818,-83.200329,28473,8932,0,0,0,105.85222130784446,105.85222130784446,107.14213990378214,Markey Cancer Center (Kentucky),3,2,0,202,79,25
21197,21,Powell,Kentucky,37.850736,-83.880539,13129,3861,0,0,0,42.53368551739205,42.53368551739205,43.69461913702805,Markey Cancer Center (Kentucky),148,56,18,326,153,37
22049,22,Jackson,Louisiana,32.283184,-92.643112,15031,5183,0,0,0,82.40333502843595,284.3741710173671,290.0050185938767,Dan L Duncan Comprehensive Cancer Center (Baylor),5,1,0,41,15,4
21201,21,Robertson,Kentucky,38.520923,-84.051005,2193,731,0,0,0,50.557286586999645,50.557286586999645,50.28027316402871,Markey Cancer Center (Kentucky),179,69,23,424,189,50
21167,21,Mercer,Kentucky,37.785035,-84.84891,22641,7844,0,0,0,30.304562420548887,30.304562420548887,30.27617517956587,Markey Cancer Center (Kentucky),148,56,18,403,178,49
21169,21,Metcalfe,Kentucky,36.990976,-85.64095,10286,3410,0,0,0,100.4080706799697,100.4080706799697,104.49585676000427,Vanderbilt-Ingram Cancer Center,1,0,0,697,311,103
21171,21,Monroe,Kentucky,36.707799,-85.723364,11338,3765,0,0,0,82.92856450223115,82.92856450223115,85.8655054240683,Vanderbilt-Ingram Cancer Center,5,2,0,561,267,84
21175,21,Morgan,Kentucky,37.914473,-83.268972,13726,4327,0,0,0,80.57962268036239,80.57962268036239,81.56652710826855,Markey Cancer Center (Kentucky),13,6,1,175,69,19
21177,21,Muhlenberg,Kentucky,37.238076,-87.146244,30928,10348,0,0,0,95.05446823023443,95.05446823023443,93.53926621990672,Vanderbilt-Ingram Cancer Center,8,4,0,560,268,84
21181,21,Nicholas,Kentucky,38.324558,-84.022987,7537,2367,0,0,0,39.75747168171849,39.75747168171849,39.84580686895115,Markey Cancer Center (Kentucky),148,56,18,423,189,50
21183,21,Ohio,Kentucky,37.464465,-86.864757,23772,7416,0,0,0,98.4362632215741,98.4362632215741,109.56032910154887,Vanderbilt-Ingram Cancer Center,9,4,0,634,294,93
21185,21,Oldham,Kentucky,38.372614,-85.459227,67607,18373,0,0,0,20.485262796801248,20.485262796801248,68.10837471168462,Markey Cancer Center (Kentucky),154,64,20,415,184,49
21199,21,Pulaski,Kentucky,37.092197,-84.614379,65034,21970,0,0,0,77.35409558315273,77.35409558315273,78.23482950578695,Markey Cancer Center (Kentucky),18,8,1,289,109,37
22115,22,Vernon,Louisiana,31.09456,-93.24714,48750,11093,0,0,0,120.4116664577823,188.32075296185621,192.35965338057835,Dan L Duncan Comprehensive Cancer Center (Baylor),3,2,0,23,8,4
22117,22,Washington,Louisiana,30.839568,-90.004103,45463,14482,0,0,0,37.64945573643042,315.37116363915624,315.4211426464698,O'Neal Comprehensive Cancer Center (UAB),20,6,3,176,83,20
22119,22,Webster,Louisiana,32.699031,-93.338052,36967,12446,0,0,0,37.439991490743594,240.7033957878088,244.5532993854377,Harold C. Simmons Comprehensive Cancer Center (UTSW),40,14,4,51,18,4
22087,22,St. Bernard,Louisiana,29.930597,-89.937239,43764,11126,0,0,0,9.117176298235922,370.1175171038379,370.01970449041323,O'Neal Comprehensive Cancer Center (UAB),115,48,15,164,77,20
22089,22,St. Charles,Louisiana,29.938265,-90.376212,52549,15088,0,0,0,16.100422187801797,363.1346889240636,361.99175598640636,Dan L Duncan Comprehensive Cancer Center (Baylor),116,48,15,164,77,20
22091,22,St. Helena,Louisiana,30.786666,-90.693517,10920,3757,0,0,0,39.669669238965355,348.1362036055595,348.9109059866963,Dan L Duncan Comprehensive Cancer Center (Baylor),69,38,6,180,84,20
22093,22,St. James,Louisiana,30.020844,-90.736618,20192,6721,0,0,0,42.423275794880645,337.3744721880285,336.43571983340826,Dan L Duncan Comprehensive Cancer Center (Baylor),152,70,19,165,75,20
22095,22,St. John the Baptist,Louisiana,30.072182,-90.511201,42477,12067,0,0,0,27.817885362138153,353.68867520279343,352.84428055926946,Dan L Duncan Comprehensive Cancer Center (Baylor),161,74,20,168,78,20
22023,22,Cameron,Louisiana,29.957136,-93.210852,5617,1775,0,0,0,137.44126085651286,159.63991089265895,158.95843784614388,Dan L Duncan Comprehensive Cancer Center (Baylor),3,1,1,20,6,4
22099,22,St. Martin,Louisiana,30.231079,-91.83735,51767,15816,0,0,0,56.07375227697239,259.866688633245,259.6946161831433,Dan L Duncan Comprehensive Cancer Center (Baylor),73,39,7,80,42,8
22101,22,St. Mary,Louisiana,29.738031,-91.339006,49406,15821,0,0,0,62.28905491589303,294.1580109464276,292.53926144641724,Dan L Duncan Comprehensive Cancer Center (Baylor),3,0,0,165,75,20
22069,22,Natchitoches,Louisiana,31.757091,-93.097411,37515,10327,0,0,0,76.89045948465309,231.03137180047494,236.42749551226802,Dan L Duncan Comprehensive Cancer Center (Baylor),3,2,0,41,15,4
22075,22,Plaquemines,Louisiana,29.725872,-89.903288,23515,6069,0,0,0,23.347888006243203,382.6522227806592,382.52441232935183,O'Neal Comprehensive Cancer Center (UAB),115,48,15,164,77,20
22077,22,Pointe Coupee,Louisiana,30.664814,-91.4947,20758,7537,0,0,0,32.884314437937526,290.20321806384237,291.07860554669,Dan L Duncan Comprehensive Cancer Center (Baylor),72,39,7,167,77,20
22081,22,Red River,Louisiana,32.054844,-93.305191,7620,2562,0,0,0,48.76748798368153,239.09620976893322,245.34021491755587,Dan L Duncan Comprehensive Cancer Center (Baylor),40,14,4,52,19,4
22083,22,Richland,Louisiana,32.440206,-91.718715,20043,6206,0,0,0,102.97978241647489,256.343701870097,346.10291700950376,Dan L Duncan Comprehensive Cancer Center (Baylor),5,1,0,35,19,1
22085,22,Sabine,Louisiana,31.578134,-93.564477,22155,7691,0,0,0,75.67876975465077,197.30647090763227,203.1743367739911,Dan L Duncan Comprehensive Cancer Center (Baylor),0,0,0,53,19,5
16043,16,Fremont,Idaho,44.012878,-111.616883,13388,4209,0,0,0,141.41179705024194,232.85282550426146,269.6166149022557,Huntsman Cancer Institute (Utah),0,0,0,1,1,0
22097,22,St. Landry,Louisiana,30.510054,-92.112737,82540,24402,0,0,0,72.47387771609907,244.33869984620682,245.1492552090299,Dan L Duncan Comprehensive Cancer Center (Baylor),9,3,2,80,42,8
22025,22,Catahoula,Louisiana,31.694978,-91.820047,8906,2819,0,0,0,114.42802953271833,300.38734065946835,303.961917932952,Dan L Duncan Comprehensive Cancer Center (Baylor),3,2,0,72,40,6
22027,22,Claiborne,Louisiana,32.826371,-93.033201,14170,4911,0,0,0,61.137350454040316,261.5984218916706,265.43284384274585,Harold C. Simmons Comprehensive Cancer Center (UTSW),0,0,0,41,14,4
22029,22,Concordia,Louisiana,31.592181,-91.54632,18687,5811,0,0,0,99.05950295830105,313.25964002539394,316.35246088379506,Dan L Duncan Comprehensive Cancer Center (Baylor),0,0,0,96,53,7
21237,21,Wolfe,Kentucky,37.739826,-83.509721,6562,2224,0,0,0,68.5079759403977,68.5079759403977,69.67180625280852,Markey Cancer Center (Kentucky),14,6,1,159,64,18
21239,21,Woodford,Kentucky,38.048373,-84.726705,26871,9285,0,0,0,15.347791992187918,15.347791992187918,14.345906232044587,Markey Cancer Center (Kentucky),148,56,18,411,182,49
22001,22,Acadia,Louisiana,30.281563,-92.350979,57576,16815,0,0,0,90.70213765787894,224.00125837234506,224.21371916709552,Dan L Duncan Comprehensive Cancer Center (Baylor),9,3,2,78,42,8
22003,22,Allen,Louisiana,30.669442,-92.779523,22750,6005,0,0,0,121.14711410337415,202.28660510217296,204.21243709318384,Dan L Duncan Comprehensive Cancer Center (Baylor),6,3,1,23,8,4
22007,22,Assumption,Louisiana,29.921462,-91.065832,21039,7176,0,0,0,44.743023010556165,313.573040041017,312.4204993930448,Dan L Duncan Comprehensive Cancer Center (Baylor),67,38,6,165,75,20
22111,22,Union,Louisiana,32.788831,-92.398543,21107,7750,0,0,0,101.33403074087438,259.90211576744474,309.7165706547876,Harold C. Simmons Comprehensive Cancer Center (UTSW),5,1,0,40,14,4
22011,22,Beauregard,Louisiana,30.723548,-93.282544,36549,10394,0,0,0,149.24256372346522,170.8863735540732,173.71749390176294,Dan L Duncan Comprehensive Cancer Center (Baylor),3,1,1,23,8,4
22121,22,West Baton Rouge,Louisiana,30.436753,-91.266575,27199,7597,0,0,0,12.060784700170503,302.6399062051088,302.825090970134,Dan L Duncan Comprehensive Cancer Center (Baylor),74,39,7,167,77,20
22123,22,West Carroll,Louisiana,32.827035,-91.427421,9751,3354,0,0,0,92.56897802746296,218.43905576820674,325.97746487780466,O'Neal Comprehensive Cancer Center (UAB),5,1,0,35,19,1
22125,22,West Feliciana,Louisiana,30.888343,-91.442588,15310,4400,0,0,0,43.08421349919515,298.48907021525724,299.89733983171436,Dan L Duncan Comprehensive Cancer Center (Baylor),67,38,6,90,45,9
22127,22,Winn,Louisiana,31.930579,-92.67791,13755,4252,0,0,0,90.44833824306146,262.5650298729839,267.6563374583042,Dan L Duncan Comprehensive Cancer Center (Baylor),3,2,0,41,15,4
23001,23,Androscoggin,Maine,44.117226,-70.202081,111139,36769,0,0,0,31.358117269843618,156.85307976492308,128.96376706456198,Dartmouth Cancer Center,58,26,4,134,60,9
23003,23,Aroostook,Maine,46.701279,-68.088411,67105,27902,0,0,0,151.30921632887495,402.67858251337276,351.9030919242539,Dartmouth Cancer Center,0,0,0,0,0,0
23007,23,Franklin,Maine,44.707406,-70.225872,29456,11922,0,0,0,79.82187794428343,203.1603524265924,149.8079331338851,Dartmouth Cancer Center,12,6,1,82,39,6
22107,22,Tensas,Louisiana,31.960595,-91.298951,4147,1717,0,0,0,78.50428955489043,280.39880373153045,338.90098899153367,O'Neal Comprehensive Cancer Center (UAB),0,0,0,35,19,1
22009,22,Avoyelles,Louisiana,31.057263,-92.067528,39693,11935,0,0,0,84.86067448682365,261.1491776424249,263.49227572141007,Dan L Duncan Comprehensive Cancer Center (Baylor),3,2,0,78,42,8
18027,18,Daviess,Indiana,38.697526,-87.096158,33381,9171,0,0,0,99.74460689886814,100.36556859959877,108.24793450362615,IU Simon Comprehensive Cancer Center,0,0,0,327,153,34
18029,18,Dearborn,Indiana,39.14676,-84.920533,50679,17057,0,0,0,26.423386212363223,26.601974605279928,95.40900191103894,IU Simon Comprehensive Cancer Center,254,129,26,511,231,62
18031,18,Decatur,Indiana,39.320693,-85.493081,26472,8296,0,0,0,56.54715389203488,56.54715389203488,57.46983029856749,IU Simon Comprehensive Cancer Center,173,88,17,453,215,51
18033,18,DeKalb,Indiana,41.377157,-85.034535,43265,13317,0,0,0,23.597638709683057,108.8904144227473,109.73612331311855,University of Michigan Rogel Cancer Center,68,32,8,329,166,36
17195,17,Whiteside,Illinois,41.781958,-89.82525,55691,19759,0,0,0,26.288042329757708,107.72290578358734,106.78819046356985,Holden Comprehensive Cancer Center (Iowa),58,34,4,391,199,45
18001,18,Adams,Indiana,40.749532,-84.934318,35809,9866,0,0,0,31.487941833091504,110.1160705852209,111.51565361334562,IU Simon Comprehensive Cancer Center,100,50,10,301,157,28
18005,18,Bartholomew,Indiana,39.215015,-85.905294,82208,23567,0,0,0,49.82376377047777,49.82376377047777,49.95260474571024,IU Simon Comprehensive Cancer Center,167,82,17,454,216,51
18007,18,Benton,Indiana,40.576258,-87.291866,8719,2748,0,0,0,42.07887479664588,98.08093714796901,97.15953391357839,IU Simon Comprehensive Cancer Center,74,34,4,653,306,69
20083,20,Hodgeman,Kansas,38.085859,-99.860131,1723,696,0,0,0,74.43778302938637,263.33318792362974,267.0776278066727,Stephenson Cancer Center (Oklahoma),4,1,0,41,23,1
18011,18,Boone,Indiana,40.004643,-86.383249,70812,19624,0,0,0,20.683519040785672,23.807827131502304,23.09060077911073,IU Simon Comprehensive Cancer Center,176,85,18,241,121,21
18013,18,Brown,Indiana,39.236665,-86.208688,15475,6878,0,0,0,46.02081588014268,46.02081588014268,45.489263912090806,IU Simon Comprehensive Cancer Center,167,82,17,455,214,50
18015,18,Carroll,Indiana,40.579184,-86.601213,20306,7130,0,0,0,58.9579298947768,71.83916498691794,71.56293853586669,IU Simon Comprehensive Cancer Center,25,9,3,292,148,27
17175,17,Stark,Illinois,41.098391,-89.791981,5400,1978,0,0,0,29.96682784815154,120.27242453812002,118.59017629851358,Holden Comprehensive Cancer Center (Iowa),97,47,11,178,86,17
17177,17,Stephenson,Illinois,42.324957,-89.643639,44630,17053,0,0,0,35.78161107563613,64.0514028442529,63.709615954683976,UW Carbone Cancer Center,50,30,2,432,222,53
17181,17,Union,Illinois,37.469028,-89.234288,17244,6153,0,0,0,23.481694432620053,116.37390261070716,117.19451393147351,Siteman Cancer Center (WashU),71,38,5,402,205,53
17185,17,Wabash,Illinois,38.431889,-87.788862,11361,4045,0,0,0,73.66458726653607,138.107794223762,153.3909343678756,IU Simon Comprehensive Cancer Center,1,1,0,92,46,5
17187,17,Warren,Illinois,40.890671,-90.636753,16835,5458,0,0,0,19.754222420449707,87.40489901831218,85.39155656417545,Holden Comprehensive Cancer Center (Iowa),63,34,4,244,125,30
18009,18,Blackford,Indiana,40.468109,-85.345621,12112,4358,0,0,0,54.25548024069504,75.3901489893982,76.76175878247336,IU Simon Comprehensive Cancer Center,110,53,12,386,194,39
17151,17,Pope,Illinois,37.400771,-88.555783,3763,1698,0,0,0,40.30405069765159,150.08210703033123,150.98565399500518,Siteman Cancer Center (WashU),37,19,3,82,45,6
17025,17,Clay,Illinois,38.715726,-88.49181,13288,4586,0,0,0,31.952982470378416,114.30578245660591,115.12549022850651,Siteman Cancer Center (WashU),82,40,4,435,222,54
17027,17,Clinton,Illinois,38.588708,-89.485747,36899,12273,0,0,0,30.43435721642935,49.804781836773316,50.67761124326859,Siteman Cancer Center (WashU),452,225,60,475,238,61
17033,17,Crawford,Illinois,39.004797,-87.750005,18679,6261,0,0,0,51.932276206498194,122.13322622352383,120.55174564430031,IU Simon Comprehensive Cancer Center,80,39,4,128,67,8
17035,17,Cumberland,Illinois,39.275024,-88.280686,10450,3613,0,0,0,17.688102278306083,138.2886649536922,138.90985669413013,Siteman Cancer Center (WashU),80,39,4,135,69,8
17039,17,De Witt,Illinois,40.170876,-88.911355,15516,5513,0,0,0,26.64512930852809,148.72700729741604,154.78065896538743,Siteman Cancer Center (WashU),133,68,8,160,79,14
17041,17,Douglas,Illinois,39.766979,-88.280371,19740,6185,0,0,0,23.1531388256742,136.6333282040894,135.01934380420178,IU Simon Comprehensive Cancer Center,114,59,7,165,80,14
17131,17,Mercer,Illinois,41.214503,-90.686612,15699,5701,0,0,0,32.073708512150674,66.83821054839943,64.95311576481204,Holden Comprehensive Cancer Center (Iowa),62,34,4,223,114,29
18025,18,Crawford,Indiana,38.315739,-86.422116,10526,3907,0,0,0,48.83817817396516,48.83817817396516,122.89610096487911,IU Simon Comprehensive Cancer Center,151,62,20,169,70,21
17135,17,Montgomery,Illinois,39.198374,-89.507428,28288,9926,0,0,0,46.31695824378435,67.90487826714765,68.22823756000928,Siteman Cancer Center (WashU),86,47,4,489,245,61
17137,17,Morgan,Illinois,39.717059,-90.22838,32915,11462,0,0,0,36.83539739050214,89.5282251407172,90.54578607373662,Siteman Cancer Center (WashU),81,45,3,504,249,64
17139,17,Moultrie,Illinois,39.631716,-88.612657,14526,4697,0,0,0,25.237432698827266,134.77388215027577,135.18701266571793,Siteman Cancer Center (WashU),114,59,7,162,80,14
17141,17,Ogle,Illinois,42.028664,-89.25403,51788,17492,0,0,0,20.13709869512783,74.45345727882842,87.60196346380236,UW Carbone Cancer Center,85,44,7,749,353,92
17145,17,Perry,Illinois,38.057689,-89.3224,20945,6877,0,0,0,25.666554376345754,76.44042083228193,77.36237041199259,Siteman Cancer Center (WashU),103,53,7,460,228,60
17147,17,Piatt,Illinois,40.008986,-88.581901,16673,5879,0,0,0,23.99884875329768,155.8714708841782,155.07804676371853,IU Simon Comprehensive Cancer Center,119,60,7,163,80,14
18017,18,Cass,Indiana,40.747129,-86.338974,37870,12228,0,0,0,64.32553214569403,80.47815044828214,80.63220610161659,IU Simon Comprehensive Cancer Center,4,1,1,282,141,26
18021,18,Clay,Indiana,39.469332,-87.123964,26466,8524,0,0,0,65.88615739665045,68.41168316096717,66.76876061776888,IU Simon Comprehensive Cancer Center,9,2,2,242,121,21
18023,18,Clinton,Indiana,40.297795,-86.513556,33190,9547,0,0,0,37.92692360680646,48.516630649193374,48.0955951043198,IU Simon Comprehensive Cancer Center,172,83,18,289,149,27
17133,17,Monroe,Illinois,38.362245,-90.171982,34962,11975,0,0,0,19.4151972898041,22.05854510664727,22.664682403861523,Siteman Cancer Center (WashU),454,226,60,457,226,60
18077,18,Jefferson,Indiana,38.758699,-85.433151,33147,11013,0,0,0,49.03607479399136,49.03607479399136,85.1144480879992,Markey Cancer Center (Kentucky),148,61,20,512,231,62
18079,18,Jennings,Indiana,39.005508,-85.649705,27613,8504,0,0,0,66.70869347550615,66.70869347550615,72.40949500262944,IU Simon Comprehensive Cancer Center,16,7,3,512,231,62
18083,18,Knox,Indiana,38.699306,-87.454832,36282,11525,0,0,0,79.30821027779298,122.03152935305408,122.41521536383298,IU Simon Comprehensive Cancer Center,1,1,0,104,52,6
18085,18,Kosciusko,Indiana,41.267835,-85.830509,80240,25092,0,0,0,46.1356128613232,124.12763513207355,117.99049336251086,University of Chicago Comprehensive Cancer Center,69,32,8,153,73,14
18087,18,LaGrange,Indiana,41.632874,-85.467264,40446,10223,0,0,0,48.97811051644241,110.61033035491862,119.60913623063462,University of Michigan Rogel Cancer Center,105,44,10,485,234,62
18055,18,Greene,Indiana,39.052523,-86.994152,30803,10801,0,0,0,82.13903819842297,82.13903819842297,80.76480158366213,IU Simon Comprehensive Cancer Center,4,1,2,343,163,36
18059,18,Hancock,Indiana,39.815247,-85.829626,79840,24929,0,0,0,19.654501837441025,19.654501837441025,21.304142743223764,IU Simon Comprehensive Cancer Center,180,90,18,422,211,43
18061,18,Harrison,Indiana,38.234174,-86.098168,39654,13442,0,0,0,26.97134168263543,26.97134168263543,105.05142036803173,Markey Cancer Center (Kentucky),158,65,20,283,110,37
17189,17,Washington,Illinois,38.360726,-89.395405,13761,5030,0,0,0,31.13502152510548,59.69902547149721,60.639128066179524,Siteman Cancer Center (WashU),395,201,52,474,237,60
18067,18,Howard,Indiana,40.470296,-86.133562,83658,27781,0,0,0,39.16489003173316,56.49711955777145,56.92226835581264,IU Simon Comprehensive Cancer Center,173,83,18,281,144,26
18069,18,Huntington,Indiana,40.869855,-85.486182,36662,12052,0,0,0,29.616936878702262,98.59499697907478,99.63269652381403,IU Simon Comprehensive Cancer Center,62,29,7,255,126,24
18071,18,Jackson,Indiana,38.928711,-85.936294,46428,13473,0,0,0,62.44044862806625,62.44044862806625,72.37864438016678,IU Simon Comprehensive Cancer Center,19,8,4,442,208,50
18037,18,Dubois,Indiana,38.35868,-86.915674,43637,14394,0,0,0,81.07404139826536,81.07404139826536,127.76393901931688,IU Simon Comprehensive Cancer Center,9,5,0,169,70,21
18041,18,Fayette,Indiana,39.64037,-85.147252,23398,8046,0,0,0,45.65850889794975,55.87022437139302,65.78499612284305,IU Simon Comprehensive Cancer Center,231,117,22,382,192,40
18045,18,Fountain,Indiana,40.14941,-87.274375,16479,5636,0,0,0,24.154106096065593,78.25261077110886,76.9254648177262,IU Simon Comprehensive Cancer Center,74,34,4,275,139,25
18047,18,Franklin,Indiana,39.398519,-85.070967,22785,7883,0,0,0,36.69406328789979,40.31260670493465,76.66716794418441,IU Simon Comprehensive Cancer Center,251,127,26,453,215,51
18049,18,Fulton,Indiana,41.059339,-86.217151,20480,6980,0,0,0,66.90309774941986,105.45975705600706,104.95519216138013,University of Chicago Comprehensive Cancer Center,11,5,2,644,304,67
18051,18,Gibson,Indiana,38.305848,-87.549447,33011,10427,0,0,0,88.62246607730843,121.61991117502039,151.6836557231098,IU Simon Comprehensive Cancer Center,8,5,0,106,54,7
18065,18,Henry,Indiana,39.928844,-85.403738,48914,16370,0,0,0,41.98634775837749,48.0447391925131,49.706949889996494,IU Simon Comprehensive Cancer Center,201,100,20,401,200,43
17191,17,Wayne,Illinois,38.408213,-88.421765,16179,5797,0,0,0,32.84642220476553,120.11870822237631,121.01887730349529,Siteman Cancer Center (WashU),82,40,4,119,60,8
17193,17,White,Illinois,38.088921,-88.196465,13877,5195,0,0,0,50.1083392807259,140.80855851405755,141.743060937932,Siteman Cancer Center (WashU),41,22,3,100,50,7
17153,17,Pulaski,Illinois,37.198544,-89.130564,5193,1886,0,0,0,34.05435194935412,138.90621013188914,139.70201531150744,Siteman Cancer Center (WashU),71,38,5,78,41,7
17155,17,Putnam,Illinois,41.230538,-89.2681,5637,2240,0,0,0,15.770519056505744,90.25206278344527,113.07949987292486,University of Chicago Comprehensive Cancer Center,97,47,11,602,280,64
17157,17,Randolph,Illinois,38.061445,-89.809741,30163,10718,0,0,0,25.3129537442949,54.600196167806615,55.395332797531644,Siteman Cancer Center (WashU),397,203,52,460,228,60
17159,17,Richland,Illinois,38.725443,-88.08785,15813,5454,0,0,0,43.8644906292589,140.44255667823137,141.26436664130938,Siteman Cancer Center (WashU),80,39,4,122,65,8
17165,17,Saline,Illinois,37.753419,-88.538134,23768,8559,0,0,0,28.746048630315396,132.90045872639422,133.83620599552464,Siteman Cancer Center (WashU),45,25,3,121,62,8
17169,17,Schuyler,Illinois,40.130099,-90.568789,6902,2861,0,0,0,28.86662792450385,123.70805921449453,126.25402022825163,Siteman Cancer Center (WashU),58,32,5,173,87,16
18075,18,Jay,Indiana,40.430767,-85.028696,20478,6374,0,0,0,37.34460009964421,88.1187349044652,89.64355720373914,IU Simon Comprehensive Cancer Center,99,50,10,386,194,39
17173,17,Shelby,Illinois,39.399379,-88.800594,20990,8027,0,0,0,29.09200035959153,113.70667698376533,114.17716949542996,Siteman Cancer Center (WashU),98,47,7,487,244,61
18093,18,Lawrence,Indiana,38.847818,-86.495942,45011,15719,0,0,0,75.03793302491081,75.03793302491081,80.53779481138275,IU Simon Comprehensive Cancer Center,4,1,2,298,136,33
18095,18,Madison,Indiana,40.113496,-85.7088,130129,41849,0,0,0,24.00469924782608,38.24317450166163,39.67676343982165,IU Simon Comprehensive Cancer Center,180,90,18,397,198,43
18099,18,Marshall,Indiana,41.347653,-86.272256,46095,14746,0,0,0,53.53211105617399,101.76191970868751,90.06497126205791,University of Chicago Comprehensive Cancer Center,51,21,4,600,279,62
18101,18,Martin,Indiana,38.679659,-86.850513,9812,3490,0,0,0,85.3751975968736,85.3751975968736,101.70004314624684,IU Simon Comprehensive Cancer Center,0,0,0,330,153,34
18103,18,Miami,Indiana,40.729384,-86.076111,35962,11117,0,0,0,60.36179909405276,78.0714364450413,78.56268652320769,IU Simon Comprehensive Cancer Center,4,1,1,285,144,26
18105,18,Monroe,Indiana,39.162275,-86.53857,139718,34255,0,0,0,57.984697891613564,57.984697891613564,56.923186387037184,IU Simon Comprehensive Cancer Center,167,82,17,330,153,35
18107,18,Montgomery,Indiana,40.034526,-86.90058,37936,12471,0,0,0,48.848325126134604,52.701792578146986,51.380614649832474,IU Simon Comprehensive Cancer Center,220,106,20,238,118,21
18073,18,Jasper,Indiana,41.082454,-87.150606,32918,10760,0,0,0,35.894910239000524,75.3800870350472,64.48830170798692,University of Chicago Comprehensive Cancer Center,60,27,7,613,286,67
17171,17,Scott,Illinois,39.645952,-90.461992,4949,1783,0,0,0,52.51692445529522,83.16222889712924,85.54577551097837,Siteman Cancer Center (WashU),81,45,3,502,249,64
56045,56,Weston,Wyoming,43.908449,-104.304384,6838,2573,0,0,0,286.3210140407275,294.0542573905478,346.62706639720534,University of Colorado Cancer Center,0,0,0,15,9,0
01001,01,Autauga,Alabama,32.500194,-86.487813,58805,17356,0,0,0,87.27689476752266,87.27689476752266,86.45430247148494,O'Neal Comprehensive Cancer Center (UAB),1,1,0,174,80,18
01005,01,Barbour,Alabama,31.843981,-85.301306,25223,8170,0,0,0,133.22873340368076,174.22315272301822,173.2667317847109,O'Neal Comprehensive Cancer Center (UAB),4,1,0,16,9,2
01007,01,Bibb,Alabama,33.032236,-87.136826,22293,6770,0,0,0,46.09871869559941,46.09871869559941,45.875894255111184,O'Neal Comprehensive Cancer Center (UAB),171,79,17,190,90,19
01009,01,Blount,Alabama,33.954604,-86.592667,59134,19174,0,0,0,39.28239237793643,39.28239237793643,39.63536114326997,O'Neal Comprehensive Cancer Center (UAB),170,79,17,181,85,18
01011,01,Bullock,Alabama,32.115838,-85.702354,10357,3192,0,0,0,124.56418968719225,139.54944987425017,138.60502449224984,O'Neal Comprehensive Cancer Center (UAB),1,1,0,16,9,2
01013,01,Butler,Alabama,31.776019,-86.6524,19051,6509,0,0,0,140.8975685144786,144.79404362078517,144.07905876779125,O'Neal Comprehensive Cancer Center (UAB),1,1,0,18,8,1
01015,01,Calhoun,Alabama,33.727215,-85.817974,116441,36094,0,0,0,70.77743140383429,70.77743140383429,70.26554797383467,O'Neal Comprehensive Cancer Center (UAB),0,0,0,543,252,59
17149,17,Pike,Illinois,39.621897,-90.861323,14739,5165,0,0,0,70.02146517411684,86.53134823104809,91.05070739659955,Siteman Cancer Center (WashU),5,2,1,486,239,64
17105,17,Livingston,Illinois,40.90184,-88.576241,35815,12256,0,0,0,41.326400184853554,84.57734061041236,94.88932036015835,University of Chicago Comprehensive Cancer Center,65,32,4,605,281,64
17107,17,Logan,Illinois,40.141565,-89.361411,27987,8932,0,0,0,35.723889435445585,138.45842134669203,138.4434047042928,Siteman Cancer Center (WashU),141,67,13,162,80,14
17117,17,Macoupin,Illinois,39.191697,-89.877091,44967,16298,0,0,0,33.550508881655105,53.2142460331222,53.25243431472044,Siteman Cancer Center (WashU),467,235,60,480,239,61
17123,17,Marshall,Illinois,41.043266,-89.316199,11742,4551,0,0,0,22.779015549556263,102.21658397686392,122.91584850094375,University of Chicago Comprehensive Cancer Center,104,49,11,598,278,63
17125,17,Mason,Illinois,40.286175,-89.899393,13086,4916,0,0,0,24.072985049363062,139.68231332121022,139.69041318177398,Siteman Cancer Center (WashU),126,62,12,165,83,15
17127,17,Massac,Illinois,37.18088,-88.717761,14169,5139,0,0,0,50.51106458081005,156.01287094985648,153.6472507112865,Vanderbilt-Ingram Cancer Center,37,19,3,82,45,6
01025,01,Clarke,Alabama,31.683493,-87.815868,23087,7966,0,0,0,86.69749632061442,167.43779972658317,167.13757915031417,O'Neal Comprehensive Cancer Center (UAB),0,0,0,69,35,8
56015,56,Goshen,Wyoming,42.050142,-104.220172,12498,4682,0,0,0,139.1286216775387,185.44856777879667,194.8589674164085,University of Colorado Cancer Center,0,0,0,18,9,1
17101,17,Lawrence,Illinois,38.718154,-87.745966,15280,4759,0,0,0,61.88686441525661,136.24015201756097,134.75222817644678,IU Simon Comprehensive Cancer Center,0,0,0,93,46,5
01029,01,Cleburne,Alabama,33.625217,-85.495748,15056,5253,0,0,0,56.54904223269948,77.74525464543692,81.94668550919937,Winship Cancer Institute (Emory),37,21,3,540,251,59
01031,01,Coffee,Alabama,31.353217,-85.899556,53465,15886,0,0,0,170.9468889301531,190.43334648896573,189.57011633429187,O'Neal Comprehensive Cancer Center (UAB),4,1,0,10,4,1
01033,01,Colbert,Alabama,34.724339,-87.681892,57227,19675,0,0,0,92.85199249491059,116.55685308348222,117.48759790120342,O'Neal Comprehensive Cancer Center (UAB),0,0,0,209,100,21
01035,01,Conecuh,Alabama,31.41643,-86.997537,11597,4493,0,0,0,103.36646871373314,174.66628093763543,174.05918791144393,O'Neal Comprehensive Cancer Center (UAB),0,0,0,58,29,6
01037,01,Coosa,Alabama,32.976884,-86.156212,10387,4399,0,0,0,63.814527995443996,63.814527995443996,62.84601330522735,O'Neal Comprehensive Cancer Center (UAB),2,1,0,201,94,21
01039,01,Covington,Alabama,31.284146,-86.409203,37570,13555,0,0,0,135.02809223416568,187.27969316723733,186.5171723048718,O'Neal Comprehensive Cancer Center (UAB),0,0,0,35,17,4
01041,01,Crenshaw,Alabama,31.747324,-86.296787,13194,4489,0,0,0,151.08402504586527,151.08402504586527,150.27108368158588,O'Neal Comprehensive Cancer Center (UAB),1,1,0,9,4,1
01043,01,Cullman,Alabama,34.162652,-86.83269,87866,29150,0,0,0,53.53550197193946,53.53550197193946,54.22244690073099,O'Neal Comprehensive Cancer Center (UAB),179,85,18,204,97,20
55127,55,Walworth,Wisconsin,42.662934,-88.540338,106478,35799,0,0,0,34.54490481042143,45.41058254029429,64.07047667915909,UW Carbone Cancer Center,271,141,36,737,349,90
01047,01,Dallas,Alabama,32.411818,-87.035342,38462,12821,0,0,0,92.96299706597713,92.96299706597713,92.43111236354271,O'Neal Comprehensive Cancer Center (UAB),1,1,0,171,79,17
01051,01,Elmore,Alabama,32.558527,-86.225332,87977,26315,0,0,0,89.32319484526474,89.32319484526474,88.41032502620186,O'Neal Comprehensive Cancer Center (UAB),1,1,0,174,80,18
01053,01,Escambia,Alabama,31.085439,-87.280078,36757,11693,0,0,0,71.8621358811246,204.27957489083414,203.74118745057075,O'Neal Comprehensive Cancer Center (UAB),30,15,4,54,28,6
01055,01,Etowah,Alabama,34.012182,-86.025892,103436,34025,0,0,0,67.95036025939129,67.95036025939129,67.79927674441403,O'Neal Comprehensive Cancer Center (UAB),1,0,0,379,174,38
01057,01,Fayette,Alabama,33.726912,-87.76749,16321,5777,0,0,0,46.23124855499928,68.24807979655482,69.10311120185983,O'Neal Comprehensive Cancer Center (UAB),27,15,2,203,99,20
55037,55,Florence,Wisconsin,45.853651,-88.244316,4558,2297,0,0,0,57.42672849018187,234.60574179442492,240.65670503176514,UW Carbone Cancer Center,34,16,3,88,45,6
17129,17,Menard,Illinois,39.996935,-89.799159,12297,4344,0,0,0,20.853118603728383,117.77973821723602,117.60302185761527,Siteman Cancer Center (WashU),106,54,7,506,254,64
01123,01,Tallapoosa,Alabama,32.851728,-85.864016,41311,15600,0,0,0,85.83665391369877,85.83665391369877,84.86977657508986,O'Neal Comprehensive Cancer Center (UAB),1,1,0,201,94,21
01107,01,Pickens,Alabama,33.284667,-88.074381,19123,6444,0,0,0,29.275978643880713,89.50846090692619,90.0628636553454,O'Neal Comprehensive Cancer Center (UAB),27,15,2,195,94,19
01045,01,Dale,Alabama,31.383858,-85.63771,49326,15259,0,0,0,177.04604472160443,195.01634320487776,194.11550805196816,O'Neal Comprehensive Cancer Center (UAB),4,1,0,17,9,2
55123,55,Vernon,Wisconsin,43.605271,-90.835696,30714,11001,0,0,0,30.813138624724864,97.31508846167206,95.38147929255665,UW Carbone Cancer Center,59,37,2,448,220,47
55125,55,Vilas,Wisconsin,45.988218,-89.496963,23047,11980,0,0,0,22.986441511084934,225.37551901753173,232.94958859808497,Masonic Cancer Center (Minnesota),52,28,5,88,44,6
01019,01,Cherokee,Alabama,34.180501,-85.629887,24971,10003,0,0,0,76.24098597385084,89.56820243214823,95.22971347348702,Winship Cancer Institute (Emory),1,0,0,565,260,60
17065,17,Hamilton,Illinois,38.091614,-88.558979,7993,2869,0,0,0,29.314302878480753,118.5693065810535,119.50973861241727,Siteman Cancer Center (WashU),49,28,4,408,206,53
17069,17,Hardin,Illinois,37.478271,-88.295955,3649,1812,0,0,0,50.2258614394733,151.510716959464,148.5223773006885,Vanderbilt-Ingram Cancer Center,37,19,3,81,44,6
17071,17,Henderson,Illinois,40.824767,-90.944727,6387,2741,0,0,0,34.18861074435983,80.91567018579067,78.88307301868137,Holden Comprehensive Cancer Center (Iowa),57,30,4,242,124,30
17075,17,Iroquois,Illinois,40.762253,-87.838453,27077,10002,0,0,0,51.97392330956389,91.25869254898124,85.85778023460352,University of Chicago Comprehensive Cancer Center,91,46,5,604,281,64
17079,17,Jasper,Illinois,39.003923,-88.162638,9287,3354,0,0,0,27.518662717358968,138.75759705432293,139.49042931635418,Siteman Cancer Center (WashU),80,39,4,131,69,8
56017,56,Hot Springs,Wyoming,43.661523,-108.232641,4621,1852,0,0,0,177.43636133857888,177.43636133857888,326.6991692517903,Huntsman Cancer Institute (Utah),0,0,0,17,8,1
17085,17,Jo Daviess,Illinois,42.411305,-90.308466,22035,9870,0,0,0,74.68025629369943,78.25784010148028,76.85534031418011,UW Carbone Cancer Center,1,1,0,299,164,35
17087,17,Johnson,Illinois,37.470122,-88.876484,13308,4689,0,0,0,24.470359332549346,131.072589993027,131.95279294181051,Siteman Cancer Center (WashU),71,38,5,112,60,7
17045,17,Edgar,Illinois,39.636396,-87.713766,16866,6459,0,0,0,37.298940851609615,101.40514166284895,99.75612623029306,IU Simon Comprehensive Cancer Center,90,46,5,259,128,23
17047,17,Edwards,Illinois,38.401606,-88.041233,6245,2229,0,0,0,57.08306131598349,144.65724435824157,145.55059194650033,Siteman Cancer Center (WashU),31,18,1,96,49,5
17051,17,Fayette,Illinois,38.995881,-89.033955,21488,6999,0,0,0,30.80008202268196,84.7059657178571,85.3499830357521,Siteman Cancer Center (WashU),82,40,4,485,245,61
17053,17,Ford,Illinois,40.521655,-88.219432,13534,4520,0,0,0,32.75162739194392,110.43568473015331,111.40445935216418,University of Chicago Comprehensive Cancer Center,105,53,6,605,281,64
17055,17,Franklin,Illinois,37.963987,-88.953694,37804,13016,0,0,0,17.442904718116708,100.57800022973007,101.51346714884077,Siteman Cancer Center (WashU),49,28,4,459,227,60
17059,17,Gallatin,Illinois,37.772903,-88.239193,4946,1948,0,0,0,48.36088277857042,148.8708177648766,149.81278194615274,Siteman Cancer Center (WashU),33,16,3,100,51,7
17061,17,Greene,Illinois,39.368918,-90.371192,11985,4264,0,0,0,52.43741433968196,60.07347111215877,62.015249802277445,Siteman Cancer Center (WashU),115,66,6,480,239,61
17083,17,Jersey,Illinois,39.075249,-90.319327,21512,7602,0,0,0,30.136721812908846,35.999292488280595,37.45394618138422,Siteman Cancer Center (WashU),453,226,60,476,239,61
56019,56,Johnson,Wyoming,44.288278,-106.695709,8447,3513,0,0,0,165.0796467323712,165.0796467323712,393.5432259448008,University of Colorado Cancer Center,3,2,0,3,2,0
56023,56,Lincoln,Wyoming,42.648291,-110.872872,19581,6647,0,0,0,178.99072489287434,178.99072489287434,167.23580507027015,Huntsman Cancer Institute (Utah),0,0,0,4,2,1
56025,56,Natrona,Wyoming,42.842184,-106.335315,79955,23376,0,0,0,208.62483591859208,261.12622609661946,273.0830850677475,University of Colorado Cancer Center,0,0,0,0,0,0
56027,56,Niobrara,Wyoming,42.810897,-104.450987,2467,1083,0,0,0,195.279666475177,245.01354239798886,255.19777408139709,University of Colorado Cancer Center,0,0,0,0,0,0
56031,56,Platte,Wyoming,42.106509,-104.929825,8605,3567,0,0,0,133.20545095758172,184.86015038577443,195.74461997442125,University of Colorado Cancer Center,0,0,0,18,9,1
17091,17,Kankakee,Illinois,41.150459,-87.851699,107502,32674,0,0,0,36.74158587140022,59.49549138917429,54.640103875441035,University of Chicago Comprehensive Cancer Center,567,262,59,624,290,69
55137,55,Waushara,Wisconsin,44.101477,-89.225784,24520,10707,0,0,0,37.397305868305295,85.66357608211631,85.81007603862192,UW Carbone Cancer Center,85,43,8,359,188,42
56001,56,Albany,Wyoming,41.313442,-105.596073,37066,8216,0,0,0,74.22007618863918,126.45973366400275,138.4248952060129,University of Colorado Cancer Center,18,9,1,73,36,5
55121,55,Trempealeau,Wisconsin,44.287418,-91.363458,30760,9912,0,0,0,36.53371479191076,69.69040434223749,70.09828638147478,Mayo Clinic Cancer Center – Rochester,85,48,5,396,188,39
56005,56,Campbell,Wyoming,44.257046,-105.495519,47026,11860,0,0,0,219.32269204234373,219.32269204234373,376.1553718711909,University of Colorado Cancer Center,0,0,0,3,2,0
56007,56,Carbon,Wyoming,41.659869,-107.078124,14537,4632,0,0,0,156.93166780205883,200.4902137641228,212.12171484680394,University of Colorado Cancer Center,0,0,0,0,0,0
56009,56,Converse,Wyoming,42.788528,-105.520738,13751,4381,0,0,0,191.26113250590768,244.27651361307423,255.77623386246148,University of Colorado Cancer Center,0,0,0,0,0,0
56011,56,Crook,Wyoming,44.434922,-104.619744,7181,2794,0,0,0,255.70040522065224,255.70040522065224,388.9439003679778,University of Colorado Cancer Center,0,0,0,15,9,0
56013,56,Fremont,Wyoming,43.010698,-108.609469,39234,13031,0,0,0,230.4660638964861,230.4660638964861,272.82644826998694,Huntsman Cancer Institute (Utah),0,0,0,0,0,0
01059,01,Franklin,Alabama,34.463509,-87.793592,32113,9553,0,0,0,83.19545638145367,103.50385628352643,104.46675123418477,O'Neal Comprehensive Cancer Center (UAB),0,0,0,206,102,20
01061,01,Geneva,Alabama,31.094511,-85.781426,26659,9332,0,0,0,173.68461099648394,213.4478952850598,212.58293966054677,O'Neal Comprehensive Cancer Center (UAB),4,1,0,23,9,1
01063,01,Greene,Alabama,32.833838,-87.924522,7730,2998,0,0,0,65.42132484985765,95.78751101578777,95.97357648712914,O'Neal Comprehensive Cancer Center (UAB),2,0,0,190,90,19
55111,55,Sauk,Wisconsin,43.449264,-89.868041,65763,22225,0,0,0,42.115150450982405,42.115150450982405,40.61861713557227,UW Carbone Cancer Center,154,91,14,233,126,19
56003,56,Big Horn,Wyoming,44.635296,-108.250971,11521,4148,0,0,0,97.27424605409324,97.27424605409324,388.2667706823673,Huntsman Cancer Institute (Utah),17,8,1,102,58,3
20013,20,Brown,Kansas,39.805025,-95.551801,9508,3400,0,0,0,46.85910835477535,89.61418133774244,86.57841846122992,University of Kansas Cancer Center,26,16,2,287,146,24
19177,19,Van Buren,Iowa,40.744224,-91.942474,7203,2765,0,0,0,53.5939110222787,81.43318573007852,80.13290441419288,Holden Comprehensive Cancer Center (Iowa),50,29,4,190,98,25
19179,19,Wapello,Iowa,41.01642,-92.418899,35437,11056,0,0,0,76.87145897504983,76.87145897504983,76.43755231121762,Holden Comprehensive Cancer Center (Iowa),8,4,0,223,117,29
19181,19,Warren,Iowa,41.40685,-93.595647,52403,15534,0,0,0,18.786667200745914,128.3072776942508,129.11969610528365,Holden Comprehensive Cancer Center (Iowa),114,59,12,116,59,12
19183,19,Washington,Iowa,41.365129,-91.69418,22565,7466,0,0,0,27.663030217585796,27.663030217585796,26.40196057650722,Holden Comprehensive Cancer Center (Iowa),163,86,22,194,100,24
19185,19,Wayne,Iowa,40.733313,-93.304108,6497,2401,0,0,0,77.32491784283316,134.25699748608233,134.17802511152914,Holden Comprehensive Cancer Center (Iowa),8,4,0,114,59,12
19189,19,Winnebago,Iowa,43.341507,-93.663913,10679,3774,0,0,0,77.89679381621238,90.98350165932312,90.35217068106802,Mayo Clinic Cancer Center – Rochester,5,2,1,342,157,36
19191,19,Winneshiek,Iowa,43.281109,-91.813207,20070,7459,0,0,0,60.24799002332834,73.35686759172073,72.72628966881318,Mayo Clinic Cancer Center – Rochester,0,0,0,345,166,36
18161,18,Union,Indiana,39.618364,-84.919464,7087,2528,0,0,0,31.968329890323997,44.78793262006439,80.42038092197441,IU Simon Comprehensive Cancer Center,270,135,27,382,192,40
19151,19,Pocahontas,Iowa,42.744041,-94.706993,7078,2794,0,0,0,38.86979385152904,139.8310168300578,146.77974977922074,Fred & Pamela Buffett Cancer Center (UNMC),48,25,1,119,61,12
19157,19,Poweshiek,Iowa,41.712451,-92.624939,18662,6363,0,0,0,32.6983496638928,65.89215105648873,67.08580798944331,Holden Comprehensive Cancer Center (Iowa),40,23,1,217,112,28
19159,19,Ringgold,Iowa,40.737978,-94.237097,4663,1803,0,0,0,76.94133861201433,122.62186952642237,115.8877241390907,Fred & Pamela Buffett Cancer Center (UNMC),16,7,2,128,68,13
19161,19,Sac,Iowa,42.37525,-95.089609,9814,3818,0,0,0,30.997814153053138,110.41519101523907,108.5118779528497,Fred & Pamela Buffett Cancer Center (UNMC),48,25,1,265,123,39
19165,19,Shelby,Iowa,41.662625,-95.32328,11746,4564,0,0,0,42.04629804339769,57.0613575606729,53.04381145198406,Fred & Pamela Buffett Cancer Center (UNMC),220,98,35,283,127,40
19167,19,Sioux,Iowa,43.080798,-96.167993,35872,9600,0,0,0,52.17941897121836,52.17941897121836,153.07749081925468,Fred & Pamela Buffett Cancer Center (UNMC),119,53,15,131,60,15
19171,19,Tama,Iowa,42.062414,-92.544134,17135,5948,0,0,0,24.407520769266124,68.32747629939766,70.10670845076301,Holden Comprehensive Cancer Center (Iowa),58,31,2,217,112,28
19173,19,Taylor,Iowa,40.753586,-94.679839,5896,2157,0,0,0,83.62193023641898,96.63004150217752,89.98748073500916,Fred & Pamela Buffett Cancer Center (UNMC),16,7,2,256,119,39
19193,19,Woodbury,Iowa,42.483312,-96.345995,105941,28927,0,0,0,92.13997893722218,92.13997893722218,105.68156430701387,Fred & Pamela Buffett Cancer Center (UNMC),0,0,0,291,128,46
19085,19,Harrison,Iowa,41.662599,-95.804583,14582,5143,0,0,0,37.096472456371814,37.096472456371814,36.371935529345784,Fred & Pamela Buffett Cancer Center (UNMC),210,93,35,264,117,37
19087,19,Henry,Iowa,40.977985,-91.536884,20482,6721,0,0,0,50.439658001502295,58.523141139166874,56.789792317937376,Holden Comprehensive Cancer Center (Iowa),167,89,24,191,99,25
19089,19,Howard,Iowa,43.361965,-92.229351,9469,3258,0,0,0,56.892767399156696,56.892767399156696,56.113368001914736,Mayo Clinic Cancer Center – Rochester,294,133,36,348,167,36
19091,19,Humboldt,Iowa,42.746569,-94.216619,9597,3425,0,0,0,22.11641859261527,149.0728774157406,148.37797738031767,Mayo Clinic Cancer Center – Rochester,46,23,1,122,61,12
19093,19,Ida,Iowa,42.393275,-95.505465,7005,2557,0,0,0,48.931372233809185,100.08697874912396,99.69076909152464,Fred & Pamela Buffett Cancer Center (UNMC),26,14,0,251,114,36
19063,19,Emmet,Iowa,43.395995,-94.75827,9388,3562,0,0,0,83.5864801638358,119.4781784599551,145.9334643682339,Mayo Clinic Cancer Center – Rochester,11,4,1,148,69,16
19065,19,Fayette,Iowa,42.821543,-91.855739,19509,7332,0,0,0,68.59823840732895,96.06620693268249,97.95939270571658,Holden Comprehensive Cancer Center (Iowa),2,0,0,426,207,52
19067,19,Floyd,Iowa,43.075228,-92.751434,15627,5791,0,0,0,80.42650288024437,80.42650288024437,79.56883884491911,Mayo Clinic Cancer Center – Rochester,2,0,0,355,168,36
20011,20,Bourbon,Kansas,37.845974,-94.749672,14360,4747,0,0,0,79.7523210568006,89.46054709551787,100.71872089804872,University of Kansas Cancer Center,20,12,1,264,137,24
19071,19,Fremont,Iowa,40.753741,-95.616798,6605,2582,0,0,0,42.54241007081605,50.76528935085781,45.87662915807753,Fred & Pamela Buffett Cancer Center (UNMC),210,93,35,249,108,36
19075,19,Grundy,Iowa,42.38048,-92.747282,12329,4275,0,0,0,31.302253382479375,93.13059177870514,95.0649090317261,Holden Comprehensive Cancer Center (Iowa),37,20,1,220,113,28
19077,19,Guthrie,Iowa,41.665841,-94.427696,10623,4164,0,0,0,32.78963024548335,107.38376104449243,101.82059393940581,Fred & Pamela Buffett Cancer Center (UNMC),114,59,12,263,122,39
19195,19,Worth,Iowa,43.369396,-93.250437,7443,2748,0,0,0,71.44396263185682,71.44396263185682,70.7121058908987,Mayo Clinic Cancer Center – Rochester,5,2,1,351,162,36
19197,19,Wright,Iowa,42.732976,-93.756305,12943,4586,0,0,0,33.205762068431355,131.97342465363718,131.20748430652606,Mayo Clinic Cancer Center – Rochester,57,29,2,120,60,12
20001,20,Allen,Kansas,37.896944,-95.369306,12526,4412,0,0,0,87.0114456943167,94.52209388950791,107.98333534273438,University of Kansas Cancer Center,20,12,1,246,128,23
20003,20,Anderson,Kansas,38.251802,-95.263224,7836,2685,0,0,0,57.27019762879021,65.29365222133316,78.94367894832017,University of Kansas Cancer Center,30,14,2,243,126,23
20005,20,Atchison,Kansas,39.555375,-95.179193,16348,4948,0,0,0,28.081659471262558,59.38668260534313,55.215308642822116,University of Kansas Cancer Center,201,103,18,250,132,23
20007,20,Barber,Kansas,37.211912,-98.557723,4228,1544,0,0,0,88.80863398234436,156.26954705805593,160.28196646154387,Stephenson Cancer Center (Oklahoma),5,1,0,48,26,9
19069,19,Franklin,Iowa,42.754609,-93.239282,10019,3543,0,0,0,61.68185067273187,114.89004172671662,114.05874445071312,Mayo Clinic Cancer Center – Rochester,2,0,0,375,173,44
17013,17,Calhoun,Illinois,39.122999,-90.638209,4437,1808,0,0,0,28.636969473577064,42.79590753783079,47.72693805299972,Siteman Cancer Center (WashU),441,222,59,483,239,64
17015,17,Carroll,Illinois,42.067256,-89.969163,15702,5965,0,0,0,40.88314141594078,90.64840738493284,89.96678982253722,UW Carbone Cancer Center,55,33,2,378,192,45
16067,16,Minidoka,Idaho,42.611171,-113.712634,21613,5919,0,0,0,48.22757811302454,197.44744377973743,191.94459162493897,Huntsman Cancer Institute (Utah),24,12,2,24,12,2
16071,16,Oneida,Idaho,42.18223,-112.295487,4564,1503,0,0,0,130.02097119734015,130.02097119734015,120.82053861510184,Huntsman Cancer Institute (Utah),3,1,1,19,9,2
16073,16,Owyhee,Idaho,43.393385,-116.704658,11913,3917,0,0,0,18.786565951207997,372.40510705981535,370.09841095416994,Huntsman Cancer Institute (Utah),76,40,4,76,40,4
16077,16,Power,Idaho,42.774583,-112.827325,7878,2221,0,0,0,103.48849717687291,185.65283322331942,177.3974356566476,Huntsman Cancer Institute (Utah),0,0,0,27,13,3
16079,16,Shoshone,Idaho,47.514916,-116.091781,13169,5246,0,0,0,45.606025834694094,343.5648837914666,349.8594551240183,Fred Hutch/UW/Seattle Children's Cancer Consortium,71,37,2,121,59,9
16081,16,Teton,Idaho,43.692414,-111.122065,11630,3195,0,0,0,165.0421089389926,230.7569424239478,246.67796027948796,Huntsman Cancer Institute (Utah),1,1,0,1,1,0
19135,19,Monroe,Iowa,41.03376,-92.825189,7577,2618,0,0,0,70.89594008080802,95.3395877031747,95.31546870222353,Holden Comprehensive Cancer Center (Iowa),8,4,0,219,115,29
16049,16,Idaho,Idaho,45.972026,-116.105519,16541,7623,0,0,0,140.70072011158183,371.5610123640142,379.7881970713699,Fred Hutch/UW/Seattle Children's Cancer Consortium,1,1,0,1,1,0
16051,16,Jefferson,Idaho,43.68709,-111.959043,30891,7139,0,0,0,172.56661529221145,252.77365804686633,242.3616929594786,Huntsman Cancer Institute (Utah),0,0,0,1,1,0
16053,16,Jerome,Idaho,42.699506,-114.464966,24237,6143,0,0,0,11.737301052529611,232.13313136286976,228.16674205561907,Huntsman Cancer Institute (Utah),24,12,2,24,12,2
16057,16,Latah,Idaho,46.742589,-116.934836,39517,9900,0,0,0,81.49477217530399,305.9775413790026,313.5810210123522,Fred Hutch/UW/Seattle Children's Cancer Consortium,1,1,0,121,60,9
16059,16,Lemhi,Idaho,45.130443,-113.86099,7974,3815,0,0,0,98.51074321226014,313.8301214100402,382.0827784526833,Huntsman Cancer Institute (Utah),0,0,0,52,27,1
16061,16,Lewis,Idaho,46.237559,-116.264039,3533,1594,0,0,0,128.6097752850586,355.03217232481,363.0535986073287,Fred Hutch/UW/Seattle Children's Cancer Consortium,1,1,0,1,1,0
16063,16,Lincoln,Idaho,42.971703,-114.333319,5127,1455,0,0,0,35.58417449226801,243.9614658027739,239.01456993427595,Huntsman Cancer Institute (Utah),24,12,2,24,12,2
16065,16,Madison,Idaho,43.819187,-111.793855,52913,5086,0,0,0,159.41393057722593,251.36705053019904,253.22344507101204,Huntsman Cancer Institute (Utah),0,0,0,1,1,0
20081,20,Haskell,Kansas,37.495004,-100.890211,3780,1085,0,0,0,153.48606094207491,278.06169779896555,281.05397335479967,Stephenson Cancer Center (Oklahoma),17,11,1,20,12,1
16085,16,Valley,Idaho,44.766234,-116.074739,11746,5125,0,0,0,78.64281322991232,386.04748283595507,391.50947964482737,Knight Cancer Institute (OHSU),0,0,0,76,40,4
19137,19,Montgomery,Iowa,41.009252,-95.169693,10330,3828,0,0,0,55.90674057157589,59.97620546325816,53.24392057297819,Fred & Pamela Buffett Cancer Center (UNMC),212,93,35,278,125,40
19139,19,Muscatine,Iowa,41.465515,-91.077753,43235,13296,0,0,0,35.019841336081356,35.019841336081356,33.20627821306431,Holden Comprehensive Cancer Center (Iowa),182,98,24,221,113,28
19141,19,O'Brien,Iowa,43.129233,-95.69531,14182,4783,0,0,0,71.89676506383881,71.89676506383881,157.45703211033438,Fred & Pamela Buffett Cancer Center (UNMC),11,4,1,143,68,15
19143,19,Osceola,Iowa,43.387203,-95.680981,6192,2342,0,0,0,64.78142688002286,64.78142688002286,178.82175386146557,Fred & Pamela Buffett Cancer Center (UNMC),11,4,1,147,68,16
19145,19,Page,Iowa,40.746972,-95.18734,15211,5760,0,0,0,63.313214878207226,69.7849856926082,63.589085025017525,Fred & Pamela Buffett Cancer Center (UNMC),10,4,0,269,120,37
19147,19,Palo Alto,Iowa,43.101085,-94.688525,8996,3181,0,0,0,60.00458949953145,128.91176327926132,152.84744421760283,Mayo Clinic Cancer Center – Rochester,0,0,0,72,38,2
19149,19,Plymouth,Iowa,42.748026,-96.20304,25698,8473,0,0,0,74.39621652679887,74.39621652679887,125.83520706998657,Fred & Pamela Buffett Cancer Center (UNMC),0,0,0,132,60,15
17017,17,Cass,Illinois,39.98041,-90.320947,13042,3948,0,0,0,45.79715160632342,110.84975260695506,112.40211397151505,Siteman Cancer Center (WashU),87,48,5,498,248,64
17009,17,Brown,Illinois,39.966021,-90.747509,6244,1824,0,0,0,42.08700300541824,111.9503757734131,115.35963815759195,Siteman Cancer Center (WashU),56,31,5,497,248,64
17023,17,Clark,Illinois,39.351511,-87.796198,15455,5270,0,0,0,32.06653166981207,112.11586812048563,110.45884481966378,IU Simon Comprehensive Cancer Center,80,39,4,255,128,22
20017,20,Chase,Kansas,38.358225,-96.558338,2572,969,0,0,0,76.13039668702832,126.76352498278554,138.6852794196891,University of Kansas Cancer Center,4,1,0,66,34,10
20019,20,Chautauqua,Kansas,37.115752,-96.228059,3379,1329,0,0,0,86.59685142585873,157.30320937641596,160.53367714837512,Stephenson Cancer Center (Oklahoma),4,1,0,68,33,10
20021,20,Cherokee,Kansas,37.114832,-94.751725,19362,6762,0,0,0,27.479742652301287,150.08144178149098,161.19642399902068,University of Kansas Cancer Center,30,18,2,135,58,11
20023,20,Cheyenne,Kansas,39.769323,-101.738091,2616,1048,0,0,0,171.02973563727303,202.86700930963866,197.5347161613339,University of Colorado Cancer Center,1,1,0,1,1,0
16087,16,Washington,Idaho,44.29827,-116.92098,10500,4236,0,0,0,23.16690848759195,347.89397731233805,352.89908917218776,Knight Cancer Institute (OHSU),65,35,3,76,40,4
17003,17,Alexander,Illinois,37.152943,-89.294878,5240,2041,0,0,0,26.599098943547496,136.89415304985312,137.64597202120703,Siteman Cancer Center (WashU),71,38,5,75,40,6
17005,17,Bond,Illinois,38.884765,-89.432041,16725,5337,0,0,0,36.307888129537496,57.445284610539055,58.081757415216025,Siteman Cancer Center (WashU),400,201,53,475,238,61
17007,17,Boone,Illinois,42.294302,-88.852137,53448,15798,0,0,0,12.826802798981502,54.08103061047968,73.86253076525045,UW Carbone Cancer Center,125,65,13,737,349,90
17021,17,Christian,Illinois,39.525376,-89.254079,34032,11684,0,0,0,32.708279607607714,98.81821141260667,99.06776623109813,Siteman Cancer Center (WashU),114,57,8,508,254,64
18143,18,Scott,Indiana,38.697942,-85.764092,24384,7617,0,0,0,41.474846366607174,41.474846366607174,93.60395771285145,IU Simon Comprehensive Cancer Center,148,61,20,503,225,61
18111,18,Newton,Indiana,40.999168,-87.38049,13830,4933,0,0,0,43.13349695415715,75.88233992543766,66.40275448792647,University of Chicago Comprehensive Cancer Center,59,26,7,613,286,67
18113,18,Noble,Indiana,41.415849,-85.388959,47457,14513,0,0,0,30.860298787189727,124.14136719389737,124.79693982962192,University of Michigan Rogel Cancer Center,69,32,8,183,91,15
18115,18,Ohio,Indiana,38.954376,-84.909987,5940,2381,0,0,0,23.731433810335247,31.92528989481869,80.80338560926886,Markey Cancer Center (Kentucky),254,129,26,512,231,62
18117,18,Orange,Indiana,38.562253,-86.495955,19867,6856,0,0,0,60.53572542632355,60.53572542632355,103.56117851523575,IU Simon Comprehensive Cancer Center,13,6,3,293,134,32
18119,18,Owen,Indiana,39.314578,-86.798175,21321,8025,0,0,0,57.768502714731596,57.768502714731596,56.31841626881854,IU Simon Comprehensive Cancer Center,167,82,17,341,162,36
18121,18,Parke,Indiana,39.757908,-87.225163,16156,5720,0,0,0,42.551541067584616,69.43723361112941,67.81256754356546,IU Simon Comprehensive Cancer Center,77,34,4,256,127,23
18123,18,Perry,Indiana,38.008616,-86.705505,19170,6371,0,0,0,68.39495377783862,68.39495377783862,143.54675917573798,Markey Cancer Center (Kentucky),18,7,1,164,68,20
19083,19,Hardin,Iowa,42.436346,-93.217038,16878,6443,0,0,0,37.758285814870234,119.51344891370547,121.35966436936322,Holden Comprehensive Cancer Center (Iowa),59,29,2,219,112,28
19045,19,Clinton,Iowa,41.852141,-90.341168,46460,16235,0,0,0,43.46684065787579,76.73482513503329,76.00145987767618,Holden Comprehensive Cancer Center (Iowa),59,35,4,332,177,39
19047,19,Crawford,Iowa,42.026692,-95.357436,16525,5126,0,0,0,30.17850744176716,77.26884263813601,75.25956764082709,Fred & Pamela Buffett Cancer Center (UNMC),26,14,0,263,122,39
19051,19,Davis,Iowa,40.762546,-92.418316,9110,2763,0,0,0,81.50959579044901,93.21047972431822,92.4653873405439,Holden Comprehensive Cancer Center (Iowa),0,0,0,220,115,29
19053,19,Decatur,Iowa,40.7123,-93.817156,7645,2527,0,0,0,76.32666797638491,146.6778881362405,141.3969818192406,Fred & Pamela Buffett Cancer Center (UNMC),16,7,2,118,63,12
19055,19,Delaware,Iowa,42.48163,-91.383936,17488,6537,0,0,0,42.45614591891621,67.06197010594855,68.58993307880537,Holden Comprehensive Cancer Center (Iowa),43,23,2,196,107,22
19057,19,Des Moines,Iowa,40.83528,-91.143256,38910,13494,0,0,0,34.21829193329738,75.00584930961878,73.01537717751707,Holden Comprehensive Cancer Center (Iowa),56,29,4,223,114,29
19059,19,Dickinson,Iowa,43.38895,-95.134559,17703,7550,0,0,0,95.00071867056728,97.10558390167685,167.42389573374234,Mayo Clinic Cancer Center – Rochester,11,4,1,148,69,16
19061,19,Dubuque,Iowa,42.493173,-90.762214,99266,31864,0,0,0,67.6236591946104,83.2046465409351,83.96790565596469,Holden Comprehensive Cancer Center (Iowa),1,1,0,300,166,32
19029,19,Cass,Iowa,41.366511,-94.977692,13127,4967,0,0,0,56.21021167969286,68.5606346797988,62.367462075881605,Fred & Pamela Buffett Cancer Center (UNMC),41,18,2,283,127,40
18125,18,Pike,Indiana,38.427019,-87.233088,12250,4362,0,0,0,102.35339604352883,102.35339604352883,131.95631806171252,IU Simon Comprehensive Cancer Center,8,5,0,212,94,23
18165,18,Vermillion,Indiana,39.759924,-87.439022,15439,5236,0,0,0,35.22771171456297,83.05112891464357,81.42967164561749,IU Simon Comprehensive Cancer Center,90,46,5,259,128,23
18167,18,Vigo,Indiana,39.460456,-87.386916,106153,30558,0,0,0,56.220736053265234,84.38367838346583,82.72688210457109,IU Simon Comprehensive Cancer Center,71,33,4,256,127,23
18169,18,Wabash,Indiana,40.855768,-85.80421,30976,10961,0,0,0,47.108579057685105,90.91366563601987,91.68218648551182,IU Simon Comprehensive Cancer Center,62,29,7,271,136,26
18171,18,Warren,Indiana,40.312721,-87.325412,8440,3033,0,0,0,24.824025067879724,87.07568109717718,85.89045120368384,IU Simon Comprehensive Cancer Center,93,47,5,286,145,25
18173,18,Warrick,Indiana,38.011051,-87.355616,63898,20536,0,0,0,104.44483167897046,110.0499984615066,159.0591865015728,Vanderbilt-Ingram Cancer Center,8,5,0,215,95,24
18175,18,Washington,Indiana,38.573362,-86.084553,28182,9270,0,0,0,40.261702358078814,40.261702358078814,100.50786692524692,IU Simon Comprehensive Cancer Center,147,61,20,495,221,61
18145,18,Shelby,Indiana,39.535011,-85.790065,45055,14736,0,0,0,30.519106242229174,30.519106242229174,31.44748897393572,IU Simon Comprehensive Cancer Center,179,90,18,454,216,51
18147,18,Spencer,Indiana,38.019216,-87.009078,19810,7117,0,0,0,87.61186449215947,87.61186449215947,156.07587439887985,Vanderbilt-Ingram Cancer Center,9,5,0,164,68,20
18139,18,Rush,Indiana,39.62209,-85.475672,16752,5744,0,0,0,44.34964564455676,44.34964564455676,45.770875202446696,IU Simon Comprehensive Cancer Center,180,90,18,455,216,51
18151,18,Steuben,Indiana,41.650003,-85.010961,34435,12589,0,0,0,46.08425654158586,93.84105087117236,94.45947966839115,University of Michigan Rogel Cancer Center,98,42,9,484,233,62
18153,18,Sullivan,Indiana,39.103793,-87.393185,20817,6634,0,0,0,64.35301286795732,98.50294577575033,96.95275459285,IU Simon Comprehensive Cancer Center,0,0,0,261,132,23
18155,18,Switzerland,Indiana,38.816976,-85.023673,9737,3258,0,0,0,34.58954377525108,44.84020346977511,73.19804252000985,Markey Cancer Center (Kentucky),239,123,26,512,231,62
18159,18,Tipton,Indiana,40.307543,-86.051278,15359,5548,0,0,0,25.377593792194514,43.339543344807545,43.9614426715659,IU Simon Comprehensive Cancer Center,173,83,18,267,134,24
18129,18,Posey,Indiana,38.012717,-87.819868,25222,8923,0,0,0,75.35101030069693,140.07393188590646,167.0598231881334,Siteman Cancer Center (WashU),8,5,0,96,49,5
18131,18,Pulaski,Indiana,41.051366,-86.684796,12514,4409,0,0,0,46.416569622683106,95.12158590503667,83.25866455059487,University of Chicago Comprehensive Cancer Center,60,27,7,661,309,70
18133,18,Putnam,Indiana,39.646449,-86.834304,36726,11446,0,0,0,46.05841586381087,46.05841586381087,44.39633931574152,IU Simon Comprehensive Cancer Center,173,84,18,238,118,21
18135,18,Randolph,Indiana,40.169491,-84.996903,24502,8366,0,0,0,25.149676452880303,78.96709222599289,80.60417354013437,IU Simon Comprehensive Cancer Center,43,22,4,399,199,43
18137,18,Ripley,Indiana,39.160663,-85.219308,28995,9406,0,0,0,44.88225256493631,45.68328605061444,79.42958646528142,IU Simon Comprehensive Cancer Center,230,116,26,511,231,62
18149,18,Starke,Indiana,41.281734,-86.632742,23371,7981,0,0,0,35.08706438968175,85.12425379548749,73.1310718360132,University of Chicago Comprehensive Cancer Center,61,29,7,625,291,68
19009,19,Audubon,Iowa,41.675888,-94.925428,5674,2309,0,0,0,30.35503147787535,78.95164563109289,73.98523161526087,Fred & Pamela Buffett Cancer Center (UNMC),29,16,0,263,122,39
19115,19,Louisa,Iowa,41.225335,-91.262686,10837,3728,0,0,0,42.28347631426439,42.28347631426439,40.259495830727666,Holden Comprehensive Cancer Center (Iowa),137,69,21,224,114,29
19117,19,Lucas,Iowa,41.022123,-93.312466,8634,3253,0,0,0,54.44858309617115,122.00952353773332,122.25949325291133,Holden Comprehensive Cancer Center (Iowa),80,40,9,114,59,12
19119,19,Lyon,Iowa,43.385476,-96.227291,11934,3714,0,0,0,33.551559555317496,33.551559555317496,178.55555720549023,Fred & Pamela Buffett Cancer Center (UNMC),119,53,15,119,53,15
19121,19,Madison,Iowa,41.348667,-93.98679,16548,5327,0,0,0,23.99163053867316,129.93257223213575,123.54753503386613,Fred & Pamela Buffett Cancer Center (UNMC),101,52,12,117,60,12
19123,19,Mahaska,Iowa,41.311761,-92.642105,22190,7076,0,0,0,62.345309996665755,73.86064087865181,74.18541443664851,Holden Comprehensive Cancer Center (Iowa),8,4,0,222,116,29
19129,19,Mills,Iowa,41.050907,-95.693715,14484,4995,0,0,0,23.444389875522408,29.267291164223654,23.115307287744862,Fred & Pamela Buffett Cancer Center (UNMC),210,93,35,245,105,36
19131,19,Mitchell,Iowa,43.334549,-92.806056,10565,3835,0,0,0,60.528989323922126,60.528989323922126,59.68304521808467,Mayo Clinic Cancer Center – Rochester,5,2,1,350,164,36
19031,19,Cedar,Iowa,41.756011,-91.140408,18505,6648,0,0,0,26.729440504584257,26.729440504584257,26.117178683051293,Holden Comprehensive Cancer Center (Iowa),164,87,22,193,100,24
19095,19,Iowa,Iowa,41.701018,-92.039155,16662,5812,0,0,0,29.62233633048523,29.62233633048523,30.854845687940443,Holden Comprehensive Cancer Center (Iowa),163,86,22,222,116,29
19097,19,Jackson,Iowa,42.141479,-90.567662,19485,7354,0,0,0,67.41972267510796,72.10953933413676,72.1169419588992,Holden Comprehensive Cancer Center (Iowa),20,10,1,305,164,35
19099,19,Jasper,Iowa,41.678059,-93.07144,37813,12598,0,0,0,30.353236679633383,93.51593246105314,94.63908715331904,Holden Comprehensive Cancer Center (Iowa),114,59,12,216,111,28
19101,19,Jefferson,Iowa,41.012603,-91.965861,15663,6010,0,0,0,61.06714592358661,61.06714592358661,59.98725432840038,Holden Comprehensive Cancer Center (Iowa),0,0,0,217,111,29
19107,19,Keokuk,Iowa,41.324433,-92.175248,10033,3629,0,0,0,48.375427422437944,48.375427422437944,48.23740867264923,Holden Comprehensive Cancer Center (Iowa),140,72,21,226,116,29
19109,19,Kossuth,Iowa,43.143301,-94.221432,14828,5836,0,0,0,54.9535439669538,127.7627702133585,127.1709670413154,Mayo Clinic Cancer Center – Rochester,46,23,1,72,38,2
19111,19,Lee,Iowa,40.560697,-91.397062,33555,12138,0,0,0,16.65131914818425,93.66520129579847,91.84352272174335,Holden Comprehensive Cancer Center (Iowa),56,31,5,210,105,29
19079,19,Hamilton,Iowa,42.406603,-93.767427,15039,5245,0,0,0,25.960398044143346,148.47197623085555,150.1901015106324,Holden Comprehensive Cancer Center (Iowa),57,29,2,119,60,12
19081,19,Hancock,Iowa,43.092315,-93.702667,10795,4133,0,0,0,58.38615022458688,106.78747171153087,106.082056415546,Mayo Clinic Cancer Center – Rochester,51,25,2,339,156,36
19133,19,Monona,Iowa,42.062617,-95.988925,8751,3329,0,0,0,66.59228573652447,66.59228573652447,68.163784225942,Fred & Pamela Buffett Cancer Center (UNMC),1,0,0,257,113,36
19033,19,Cerro Gordo,Iowa,43.135216,-93.246108,43127,16238,0,0,0,78.50838279789086,87.03328935229092,86.243194818118,Mayo Clinic Cancer Center – Rochester,5,2,1,334,152,36
19035,19,Cherokee,Iowa,42.751225,-95.591928,11658,4567,0,0,0,73.81835868595705,96.0637578817385,127.3328723589744,Fred & Pamela Buffett Cancer Center (UNMC),0,0,0,140,65,15
19037,19,Chickasaw,Iowa,43.038731,-92.342847,12012,4446,0,0,0,82.12647109464488,82.12647109464488,81.29788398121616,Mayo Clinic Cancer Center – Rochester,2,0,0,354,169,36
19039,19,Clarke,Iowa,41.034767,-93.783479,9748,3147,0,0,0,49.94695221851176,143.97170182218156,137.27933000250442,Fred & Pamela Buffett Cancer Center (UNMC),99,50,12,114,59,12
19041,19,Clay,Iowa,43.127358,-95.159344,16384,5856,0,0,0,80.14148205901726,101.30718494514203,164.06842528176773,Fred & Pamela Buffett Cancer Center (UNMC),11,4,1,148,69,16
19043,19,Clayton,Iowa,42.860684,-91.321147,17043,6881,0,0,0,73.4419315932317,98.70217094544894,100.24451410092999,Holden Comprehensive Cancer Center (Iowa),0,0,0,505,252,59
19011,19,Benton,Iowa,42.063318,-92.013283,25575,8949,0,0,0,22.92589719389809,42.071803159025855,44.08748505501058,Holden Comprehensive Cancer Center (Iowa),177,94,22,209,107,28
19017,19,Bremer,Iowa,42.740346,-92.380697,24988,7922,0,0,0,68.04578779342921,101.03983858105845,103.07495877425778,Holden Comprehensive Cancer Center (Iowa),2,0,0,431,207,52
19007,19,Appanoose,Iowa,40.741265,-92.864741,12317,4631,0,0,0,88.21925933468647,112.75478804947953,112.39322600384955,Holden Comprehensive Cancer Center (Iowa),8,4,0,220,114,29
19021,19,Buena Vista,Iowa,42.676707,-95.184296,20823,5830,0,0,0,56.28379514623409,118.78691853199834,128.4215905476284,Fred & Pamela Buffett Cancer Center (UNMC),26,14,0,174,83,19
19023,19,Butler,Iowa,42.701602,-92.758281,14334,5251,0,0,0,56.72930119447949,110.99604813275555,110.1375836067048,Mayo Clinic Cancer Center – Rochester,37,20,1,441,207,56
19025,19,Calhoun,Iowa,42.39777,-94.623179,9927,3645,0,0,0,28.01646309296567,129.83875196388414,126.79214814712242,Fred & Pamela Buffett Cancer Center (UNMC),48,25,1,117,60,12
18179,18,Wells,Indiana,40.770773,-85.192988,28180,9017,0,0,0,27.694084387400462,100.93253400323772,102.20716420060306,IU Simon Comprehensive Cancer Center,62,29,7,260,134,25
18181,18,White,Indiana,40.753581,-86.809953,24688,8667,0,0,0,65.67217753716483,90.6299034694475,90.24217314850827,IU Simon Comprehensive Cancer Center,3,1,0,657,310,68
18183,18,Whitley,Indiana,41.16305,-85.478007,34191,11274,0,0,0,22.62635207446054,121.26237153759773,122.19106444517685,IU Simon Comprehensive Cancer Center,68,32,8,147,69,12
19001,19,Adair,Iowa,41.347726,-94.478337,7496,2788,0,0,0,42.8759043707379,99.37527591156447,93.0285006551898,Fred & Pamela Buffett Cancer Center (UNMC),101,52,12,263,122,39
19003,19,Adams,Iowa,41.007205,-94.708824,3704,1494,0,0,0,72.15213083035434,87.56555919022283,80.80378533589102,Fred & Pamela Buffett Cancer Center (UNMC),16,7,2,265,124,39
19005,19,Allamakee,Iowa,43.252971,-91.42476,14061,5227,0,0,0,52.05712658448656,89.8486352801197,89.351737192025,Mayo Clinic Cancer Center – Rochester,59,37,2,345,166,36
19019,19,Buchanan,Iowa,42.48513,-91.901131,20565,6649,0,0,0,42.456178912359974,69.67089160917172,71.63829840555073,Holden Comprehensive Cancer Center (Iowa),45,23,2,184,97,22
31015,31,Boyd,Nebraska,42.893569,-98.74483,1810,851,0,0,0,133.53341789397524,133.53341789397524,219.20206557829601,Fred & Pamela Buffett Cancer Center (UNMC),0,0,0,17,9,2
31017,31,Brown,Nebraska,42.543087,-99.849627,2903,1134,0,0,0,157.231672973583,206.80692255408368,262.9286449007841,Fred & Pamela Buffett Cancer Center (UNMC),0,0,0,0,0,0
31021,31,Burt,Nebraska,41.845218,-96.347791,6722,2632,0,0,0,51.36267254090092,51.36267254090092,55.46906914905648,Fred & Pamela Buffett Cancer Center (UNMC),210,93,35,247,107,36
31023,31,Butler,Nebraska,41.247435,-97.141745,8369,2976,0,0,0,47.39071158793322,66.83115768485261,73.3694814860888,Fred & Pamela Buffett Cancer Center (UNMC),37,13,2,240,105,36
31127,31,Nemaha,Nebraska,40.401975,-95.839188,7074,2320,0,0,0,61.892316820612386,72.73723570683403,69.98701279022396,Fred & Pamela Buffett Cancer Center (UNMC),1,0,0,274,121,39
31129,31,Nuckolls,Nebraska,40.114628,-98.0618,4095,1845,0,0,0,69.39213059644538,157.2541180325412,161.5546708571778,Fred & Pamela Buffett Cancer Center (UNMC),4,1,1,89,40,6
31131,31,Otoe,Nebraska,40.670824,-96.03688,15912,5475,0,0,0,39.97169786141503,49.03691325027523,47.46455676486209,Fred & Pamela Buffett Cancer Center (UNMC),236,102,36,242,105,36
31133,31,Pawnee,Nebraska,40.133204,-96.177346,2544,1070,0,0,0,63.41584102157991,93.81352990277803,92.79196399903857,Fred & Pamela Buffett Cancer Center (UNMC),1,0,0,274,121,39
13253,13,Seminole,Georgia,30.967903,-84.866698,9147,3583,0,0,0,200.046589542112,237.9863592012929,211.49250419326842,University of Florida Health Cancer Institute,11,4,0,25,12,1
31137,31,Phelps,Nebraska,40.466361,-99.40454,8968,3063,0,0,0,30.698392070581576,219.24062650552773,225.04686300092735,Fred & Pamela Buffett Cancer Center (UNMC),21,10,2,37,20,4
31139,31,Pierce,Nebraska,42.259529,-97.591612,7317,2502,0,0,0,119.67981833374972,119.67981833374972,131.37724514699923,Fred & Pamela Buffett Cancer Center (UNMC),17,9,2,120,53,15
31141,31,Platte,Nebraska,41.46697,-97.385528,34296,10595,0,0,0,71.08327733927375,83.62753054743412,90.38441638493408,Fred & Pamela Buffett Cancer Center (UNMC),1,0,0,245,108,36
31113,31,Logan,Nebraska,41.499176,-100.507661,716,297,0,0,0,109.62375575733854,276.7648057496255,283.44086110536955,Fred & Pamela Buffett Cancer Center (UNMC),3,3,0,24,13,2
31115,31,Loup,Nebraska,41.832646,-99.416371,607,218,0,0,0,93.26942775907192,212.97905630647907,219.74212559249744,Fred & Pamela Buffett Cancer Center (UNMC),0,0,0,35,19,4
31117,31,McPherson,Nebraska,41.560427,-101.004858,399,181,0,0,0,138.5682290187407,282.87921344092865,284.08161309930523,University of Colorado Cancer Center,3,3,0,3,3,0
31119,31,Madison,Nebraska,42.00636,-97.461443,35585,10698,0,0,0,106.06171951257369,106.06171951257369,112.3963802916045,Fred & Pamela Buffett Cancer Center (UNMC),0,0,0,243,107,36
31121,31,Merrick,Nebraska,41.130786,-98.037243,7668,2746,0,0,0,27.747586668088562,123.22596530798639,129.6287150342032,Fred & Pamela Buffett Cancer Center (UNMC),25,12,3,65,28,5
31135,31,Perkins,Nebraska,40.844891,-101.675458,2858,1024,0,0,0,163.60979642742006,220.1719733440411,219.68366191056694,University of Colorado Cancer Center,3,3,0,3,3,0
31041,31,Custer,Nebraska,41.400577,-99.673936,10545,3860,0,0,0,66.57346845959844,224.6750344877057,231.32315359846226,Fred & Pamela Buffett Cancer Center (UNMC),0,0,0,37,20,4
31043,31,Dakota,Nebraska,42.446864,-96.438647,21582,5265,0,0,0,93.84482731576219,93.84482731576219,104.19920546763865,Fred & Pamela Buffett Cancer Center (UNMC),0,0,0,291,128,46
31045,31,Dawes,Nebraska,42.786274,-103.066332,8199,2514,0,0,0,226.9263113578118,267.413422144218,275.10760139389845,University of Colorado Cancer Center,0,0,0,15,9,0
31047,31,Dawson,Nebraska,40.827351,-99.856676,24111,6656,0,0,0,49.76823733376112,239.51079554617948,245.78206450030402,Fred & Pamela Buffett Cancer Center (UNMC),21,10,2,37,20,4
31049,31,Deuel,Nebraska,41.090929,-102.33652,1838,820,0,0,0,167.83428680314887,191.54341750429535,193.2200957987121,University of Colorado Cancer Center,0,0,0,3,3,0
31051,31,Dixon,Nebraska,42.436803,-96.826061,5606,1966,0,0,0,93.16036605527333,93.16036605527333,112.53702467686686,Fred & Pamela Buffett Cancer Center (UNMC),17,9,2,286,126,46
31057,31,Dundy,Nebraska,40.089487,-101.59927,1654,739,0,0,0,168.29657933612577,211.74979045164005,207.84370111972638,University of Colorado Cancer Center,0,0,0,3,3,0
31025,31,Cass,Nebraska,40.949471,-96.063719,26598,8949,0,0,0,16.9123636132731,25.89303676429308,24.92362206979369,Fred & Pamela Buffett Cancer Center (UNMC),235,102,36,245,105,36
31013,31,Box Butte,Nebraska,42.136678,-102.905215,10842,3693,0,0,0,191.53778025642274,225.83892556564368,232.16626455456873,University of Colorado Cancer Center,0,0,0,0,0,0
31029,31,Chase,Nebraska,40.501955,-101.625629,3893,1327,0,0,0,161.8390177319397,215.04203139477573,213.00786778035396,University of Colorado Cancer Center,0,0,0,3,3,0
31031,31,Cherry,Nebraska,42.788407,-100.749694,5455,2019,0,0,0,199.14660472968686,251.1847912559546,321.41306045612487,Fred & Pamela Buffett Cancer Center (UNMC),0,0,0,0,0,0
31033,31,Cheyenne,Nebraska,41.164852,-102.982567,9468,3443,0,0,0,134.2103692823713,162.25312756983053,165.8725219354855,University of Colorado Cancer Center,0,0,0,18,9,1
31035,31,Clay,Nebraska,40.547589,-98.027882,6104,2161,0,0,0,37.65762834456766,136.2424782870751,141.4893398554064,Fred & Pamela Buffett Cancer Center (UNMC),25,12,3,65,28,5
31037,31,Colfax,Nebraska,41.515594,-97.076357,10582,2741,0,0,0,64.54519436641476,66.05889813334667,72.80787145074743,Fred & Pamela Buffett Cancer Center (UNMC),1,0,0,245,108,36
31039,31,Cuming,Nebraska,41.896856,-96.758441,9013,3156,0,0,0,67.80525073415184,67.80525073415184,73.36736731904747,Fred & Pamela Buffett Cancer Center (UNMC),1,0,0,247,107,36
31007,31,Banner,Nebraska,41.558824,-103.721644,674,338,0,0,0,122.30258628257127,158.508028674632,165.82343643696365,University of Colorado Cancer Center,0,0,0,18,9,1
31009,31,Blaine,Nebraska,41.906138,-100.013369,431,202,0,0,0,113.19948807273241,242.27789627227378,257.07960550877067,Fred & Pamela Buffett Cancer Center (UNMC),0,0,0,24,13,2
31011,31,Boone,Nebraska,41.677314,-98.014023,5379,2101,0,0,0,67.04014984019136,125.60824330927568,132.36953516996442,Fred & Pamela Buffett Cancer Center (UNMC),0,0,0,74,33,5
31027,31,Cedar,Nebraska,42.576739,-97.250958,8380,3061,0,0,0,87.25144287253954,87.25144287253954,136.2619204128133,Fred & Pamela Buffett Cancer Center (UNMC),17,9,2,120,53,15
31147,31,Richardson,Nebraska,40.099879,-95.669705,7871,3160,0,0,0,61.305135250474535,99.56179844523336,96.39306970838771,Fred & Pamela Buffett Cancer Center (UNMC),0,0,0,410,193,52
31149,31,Rock,Nebraska,42.536738,-99.499863,1262,544,0,0,0,151.22956202501183,187.89637011118882,243.1898465042329,Fred & Pamela Buffett Cancer Center (UNMC),0,0,0,0,0,0
31151,31,Saline,Nebraska,40.579217,-97.016896,14292,4015,0,0,0,28.360486861352495,81.99620442643372,85.75015735190996,Fred & Pamela Buffett Cancer Center (UNMC),38,13,2,240,105,36
31155,31,Saunders,Nebraska,41.195383,-96.560061,22278,7634,0,0,0,31.06609892924498,31.06609892924498,37.30844008028269,Fred & Pamela Buffett Cancer Center (UNMC),235,102,36,238,104,36
13097,13,Douglas,Georgia,33.724594,-84.735518,144237,35756,0,0,0,21.768136992032844,25.039274583680434,28.873400807897305,Winship Cancer Institute (Emory),419,195,44,468,215,46
13099,13,Early,Georgia,31.335623,-84.919905,10854,3531,0,0,0,169.8418932879862,208.86807638847912,208.07158068476664,Winship Cancer Institute (Emory),12,7,1,27,12,2
13101,13,Echols,Georgia,30.712259,-83.050326,3697,865,0,0,0,98.8555559345043,107.74793304555698,102.27144826716513,University of Florida Health Cancer Institute,5,3,1,324,140,33
13103,13,Effingham,Georgia,32.287329,-81.299809,64769,16406,0,0,0,23.260094830945587,102.58684266784381,103.09108080643412,Hollings Cancer Center (MUSC),32,15,3,175,86,16
31123,31,Morrill,Nebraska,41.708586,-103.162925,4555,1620,0,0,0,154.22746038605203,187.7165666345476,193.70930906521224,University of Colorado Cancer Center,0,0,0,18,9,1
13107,13,Emanuel,Georgia,32.586625,-82.306411,22768,6590,0,0,0,71.9650828719682,163.63979610892198,165.36819446915928,Hollings Cancer Center (MUSC),1,1,0,79,43,7
13109,13,Evans,Georgia,32.168708,-81.906627,10774,3073,0,0,0,55.07088653638058,145.4454123474667,146.19662854376185,Hollings Cancer Center (MUSC),32,15,3,71,39,6
13111,13,Fannin,Georgia,34.902937,-84.312915,25319,12377,0,0,0,62.411724157573246,88.93302823231772,91.89929718373232,Winship Cancer Institute (Emory),6,3,0,479,223,46
13075,13,Cook,Georgia,31.148353,-83.423804,17229,5053,0,0,0,143.45626409041756,146.5740320589694,146.9471608948905,University of Florida Health Cancer Institute,7,3,1,22,12,1
13079,13,Crawford,Georgia,32.706715,-83.930196,12130,4385,0,0,0,78.83302411149255,92.4934952024531,94.26606155927352,Winship Cancer Institute (Emory),11,5,1,446,207,46
13081,13,Crisp,Georgia,31.949314,-83.778048,20128,6633,0,0,0,135.93632642602623,156.09794474961518,157.67020351324683,Winship Cancer Institute (Emory),11,6,1,27,14,3
13083,13,Dade,Georgia,34.881193,-85.497925,16251,5627,0,0,0,26.74410295657962,115.09244034032088,120.67477893820919,Winship Cancer Institute (Emory),40,19,1,222,97,21
13085,13,Dawson,Georgia,34.400246,-84.102212,26798,9787,0,0,0,49.217136674627234,51.21388262409354,52.49789358173398,Winship Cancer Institute (Emory),399,184,43,473,222,45
13087,13,Decatur,Georgia,30.889772,-84.569999,29367,8779,0,0,0,186.1307682753315,216.1354555577332,190.1200817229519,University of Florida Health Cancer Institute,11,5,0,25,12,1
13105,13,Elbert,Georgia,34.128394,-82.880506,19637,6887,0,0,0,37.44718552752705,98.10806201552184,103.13193008475261,Winship Cancer Institute (Emory),61,33,5,474,222,47
31125,31,Nance,Nebraska,41.404591,-97.896242,3380,1273,0,0,0,50.42202184773219,114.32703163160885,121.0232226231121,Fred & Pamela Buffett Cancer Center (UNMC),22,11,3,240,105,36
31093,31,Howard,Nebraska,41.18917,-98.489627,6475,2333,0,0,0,23.677188612136128,151.0206317114756,157.5213288944021,Fred & Pamela Buffett Cancer Center (UNMC),34,17,4,65,28,5
31095,31,Jefferson,Nebraska,40.164225,-97.141688,7240,2801,0,0,0,60.427348352446394,113.2189464087206,115.91829630831849,Fred & Pamela Buffett Cancer Center (UNMC),1,0,0,257,115,36
31097,31,Johnson,Nebraska,40.401098,-96.227732,5290,1644,0,0,0,43.248841950754944,72.0425338769119,71.54045742999827,Fred & Pamela Buffett Cancer Center (UNMC),38,13,2,263,118,36
31099,31,Kearney,Nebraska,40.507252,-98.99218,6688,2262,0,0,0,19.774185823609084,193.5663934992176,199.28579461803145,Fred & Pamela Buffett Cancer Center (UNMC),34,17,4,34,17,4
31101,31,Keith,Nebraska,41.141819,-101.6998,8335,3498,0,0,0,167.90232688349718,228.51825490324046,229.2639045134988,University of Colorado Cancer Center,3,3,0,3,3,0
31103,31,Keya Paha,Nebraska,42.868932,-99.717406,769,382,0,0,0,181.13563648638117,189.2533745393284,267.5312784225586,Fred & Pamela Buffett Cancer Center (UNMC),0,0,0,0,0,0
31105,31,Kimball,Nebraska,41.231296,-103.66158,3434,1460,0,0,0,104.16521799846409,137.4873552147388,143.6877891326015,University of Colorado Cancer Center,0,0,0,56,27,5
13119,13,Franklin,Georgia,34.378121,-83.186359,23424,7764,0,0,0,30.07327399147523,87.6742130817459,91.95710270275187,Winship Cancer Institute (Emory),59,32,5,479,225,48
31075,31,Grant,Nebraska,41.969597,-101.734576,611,247,0,0,0,194.60224322631316,264.4502593435515,267.964522924652,University of Colorado Cancer Center,0,0,0,3,3,0
31077,31,Greeley,Nebraska,41.555312,-98.49942,2188,890,0,0,0,53.51902133815854,153.03419013811828,159.77401381698428,Fred & Pamela Buffett Cancer Center (UNMC),22,11,3,34,17,4
31081,31,Hamilton,Nebraska,40.879505,-98.023002,9429,3210,0,0,0,22.444202717545494,126.13734342089514,132.10420549170837,Fred & Pamela Buffett Cancer Center (UNMC),25,12,3,65,28,5
31083,31,Harlan,Nebraska,40.145347,-99.406335,3073,1300,0,0,0,53.43683506452197,229.22111273500553,234.61472510568842,Fred & Pamela Buffett Cancer Center (UNMC),21,10,2,58,30,4
31085,31,Hayes,Nebraska,40.500842,-101.049757,856,377,0,0,0,125.9566883846252,250.57119958661536,248.10757816115847,University of Colorado Cancer Center,3,3,0,3,3,0
31087,31,Hitchcock,Nebraska,40.21095,-101.004675,2616,1035,0,0,0,129.43354999993622,250.09829287004342,246.50131562876453,University of Colorado Cancer Center,0,0,0,3,3,0
31089,31,Holt,Nebraska,42.460461,-98.743792,10127,3788,0,0,0,130.01731107526436,152.2090172515362,199.19181010779164,Fred & Pamela Buffett Cancer Center (UNMC),0,0,0,17,9,2
31091,31,Hooker,Nebraska,42.010663,-101.050551,711,236,0,0,0,162.10374637182775,292.41794158348785,302.580783260329,University of Colorado Cancer Center,0,0,0,3,3,0
13115,13,Floyd,Georgia,34.256222,-85.183346,98584,28884,0,0,0,50.23091875341147,64.48694214323946,70.30128708764373,Winship Cancer Institute (Emory),28,14,5,454,209,45
31107,31,Knox,Nebraska,42.62421,-97.782589,8391,3332,0,0,0,100.23789474550262,100.23789474550262,160.3947687799623,Fred & Pamela Buffett Cancer Center (UNMC),17,9,2,119,53,15
30019,30,Daniels,Montana,48.783637,-105.431739,1661,655,0,0,0,303.7350809144589,303.7350809144589,750.1032408530326,University of Colorado Cancer Center,0,0,0,0,0,0
30021,30,Dawson,Montana,47.137216,-104.748806,8940,3102,0,0,0,227.03774343076705,243.90817794237128,612.7921994816949,University of Colorado Cancer Center,0,0,0,1,1,0
29219,29,Warren,Missouri,38.790363,-91.098557,35532,12060,0,0,0,27.632467825420743,47.436046622360486,55.544712977835516,Siteman Cancer Center (WashU),442,222,59,469,230,64
29221,29,Washington,Missouri,37.953782,-90.785794,23514,7595,0,0,0,21.84803134471007,62.80795150244236,65.137733574104,Siteman Cancer Center (WashU),48,26,4,454,226,60
29223,29,Wayne,Missouri,37.109113,-90.523545,10974,4504,0,0,0,60.189026163925675,126.5601206395427,126.84039415497764,Siteman Cancer Center (WashU),1,0,1,77,36,9
29225,29,Webster,Missouri,37.26294,-92.906843,39085,11378,0,0,0,27.221845397747867,176.16044772106412,185.53798265869233,University of Kansas Cancer Center,60,32,5,88,40,5
29227,29,Worth,Missouri,40.481643,-94.437082,1973,823,0,0,0,65.28217987691507,121.08126165215003,114.6243357946649,Fred & Pamela Buffett Cancer Center (UNMC),16,7,2,178,90,19
29229,29,Wright,Missouri,37.193283,-92.433272,18188,6236,0,0,0,57.874257981297404,179.8472305015777,184.89679853519723,Siteman Cancer Center (WashU),60,32,5,70,35,6
31073,31,Gosper,Nebraska,40.59443,-99.826842,1893,810,0,0,0,48.8869318277704,241.75151941826294,247.8026373426183,Fred & Pamela Buffett Cancer Center (UNMC),21,10,2,37,20,4
30003,30,Big Horn,Montana,45.568552,-107.499673,13124,3319,0,0,0,63.33368536820696,63.33368536820696,476.84351569154984,Huntsman Cancer Institute (Utah),0,0,0,103,59,3
29201,29,Scott,Missouri,37.015235,-89.577539,38059,12011,0,0,0,28.26067998517863,140.26762842793497,140.92191319054277,Siteman Cancer Center (WashU),63,33,4,74,39,6
29203,29,Shannon,Missouri,37.068998,-91.432915,7031,2772,0,0,0,75.38190908514936,147.4080930523415,149.94588816897024,Siteman Cancer Center (WashU),0,0,0,61,29,7
29205,29,Shelby,Missouri,39.761716,-92.07725,6103,2213,0,0,0,68.55902169937073,142.6091931338223,149.71172385991733,Siteman Cancer Center (WashU),5,2,1,82,39,12
29207,29,Stoddard,Missouri,36.847864,-89.970872,28672,9769,0,0,0,48.44027720903687,142.46064551920836,148.64971353652388,Siteman Cancer Center (WashU),63,33,4,80,40,9
29209,29,Stone,Missouri,36.723445,-93.437769,31076,15540,0,0,0,39.787396236164064,200.70008719202036,208.03587234074442,University of Kansas Cancer Center,60,32,5,114,51,10
29211,29,Sullivan,Missouri,40.21493,-93.101593,5999,2104,0,0,0,115.6148118466771,131.66457861236134,136.06381734526167,University of Kansas Cancer Center,0,0,0,89,39,11
29215,29,Texas,Missouri,37.330114,-91.966146,24487,8856,0,0,0,52.84205344410358,149.96758299781567,154.50343960623218,Siteman Cancer Center (WashU),23,14,2,84,43,7
30001,30,Beaverhead,Montana,45.225028,-112.693549,9371,3657,0,0,0,77.02903257226195,245.47668697314546,373.35611970394126,Huntsman Cancer Institute (Utah),0,0,0,65,35,2
29123,29,Madison,Missouri,37.539522,-90.299752,12626,4236,0,0,0,27.400880124182518,89.6830260816126,90.05945614373574,Siteman Cancer Center (WashU),65,34,5,457,228,60
29125,29,Maries,Missouri,38.170013,-91.878849,8432,3213,0,0,0,20.669691365845296,104.45502852553983,111.36493736198372,Siteman Cancer Center (WashU),32,16,2,456,225,63
29127,29,Marion,Missouri,39.741435,-91.457393,28525,9142,0,0,0,58.94210462947964,113.92952934293619,120.08192645833627,Siteman Cancer Center (WashU),55,31,5,204,99,22
29129,29,Mercer,Missouri,40.415018,-93.579508,3538,1275,0,0,0,96.0441810027883,128.89170686719152,130.45234345374308,University of Kansas Cancer Center,0,0,0,126,63,15
29131,29,Miller,Missouri,38.246362,-92.50897,24722,8484,0,0,0,21.102913966812523,140.43300311767024,148.98749876358147,Siteman Cancer Center (WashU),32,16,2,101,48,11
29133,29,Mississippi,Missouri,36.856032,-89.368458,12577,3845,0,0,0,44.31046655583601,147.18339850973882,158.0763888438273,Siteman Cancer Center (WashU),68,37,4,74,40,6
30025,30,Fallon,Montana,46.360506,-104.316077,3049,883,0,0,0,206.12321041908396,247.82294174371464,549.2744227790071,University of Colorado Cancer Center,0,0,0,1,1,0
30027,30,Fergus,Montana,47.092022,-109.4146,11446,4614,0,0,0,111.43367114646908,118.81621555088732,544.1400389146578,Huntsman Cancer Institute (Utah),0,0,0,104,58,4
30015,30,Chouteau,Montana,47.962552,-110.386252,5895,2153,0,0,0,64.49507960725079,208.13731187563621,602.9150238325938,Huntsman Cancer Institute (Utah),18,8,1,67,34,3
30035,30,Glacier,Montana,48.601084,-112.803122,13778,3458,0,0,0,86.43689864326859,334.3400417732401,533.9519226690527,Fred Hutch/UW/Seattle Children's Cancer Consortium,0,0,0,56,29,1
30037,30,Golden Valley,Montana,46.297881,-109.120778,823,414,0,0,0,53.54997126876414,53.54997126876414,486.921197751235,Huntsman Cancer Institute (Utah),102,58,3,102,58,3
30039,30,Granite,Montana,46.445392,-113.319927,3309,1647,0,0,0,33.082654020359236,279.6551749895793,479.22035853258166,Huntsman Cancer Institute (Utah),68,35,3,68,35,3
30043,30,Jefferson,Montana,46.268426,-112.045462,12085,4929,0,0,0,53.3705605348368,205.29722677890584,456.44467298878925,Huntsman Cancer Institute (Utah),53,28,1,70,36,3
30045,30,Judith Basin,Montana,47.094038,-110.171269,2023,953,0,0,0,71.85009252810396,142.51858362124997,534.0909083894243,Huntsman Cancer Institute (Utah),0,0,0,67,34,3
30005,30,Blaine,Montana,48.432419,-108.871588,7044,1996,0,0,0,156.0735671606254,219.86334246377444,659.2994337848522,Huntsman Cancer Institute (Utah),18,8,1,18,8,1
30007,30,Broadwater,Montana,46.281619,-111.543362,6774,2940,0,0,0,55.08514645083839,177.26080423898085,457.7239118671923,Huntsman Cancer Institute (Utah),65,35,2,70,36,3
30009,30,Carbon,Montana,45.322269,-109.084845,10473,4818,0,0,0,49.82018210232527,49.82018210232527,413.0394082029545,Huntsman Cancer Institute (Utah),102,58,3,102,58,3
30011,30,Carter,Montana,45.687353,-104.525341,1415,714,0,0,0,232.799691996624,232.799691996624,492.9219047576397,University of Colorado Cancer Center,0,0,0,1,1,0
30033,30,Garfield,Montana,47.309975,-106.946674,1173,373,0,0,0,155.55796780465482,155.55796780465482,615.7888770973144,Huntsman Cancer Institute (Utah),0,0,0,1,1,0
30075,30,Powder River,Montana,45.438494,-105.544609,1694,776,0,0,0,176.48391272366908,176.48391272366908,473.8887821124193,University of Colorado Cancer Center,0,0,0,4,3,0
30077,30,Powell,Montana,46.450646,-112.757979,6946,2547,0,0,0,28.449532431058763,248.15093216916932,474.5797123898544,Huntsman Cancer Institute (Utah),53,28,1,76,39,4
30079,30,Prairie,Montana,46.809714,-105.276222,1088,554,0,0,0,205.48430498044928,205.48430498044928,586.2116022761553,University of Colorado Cancer Center,1,1,0,1,1,0
30081,30,Ravalli,Montana,46.358548,-114.111357,44174,19632,0,0,0,43.17010216725748,323.49269500551645,477.2086320121097,Fred Hutch/UW/Seattle Children's Cancer Consortium,67,34,3,68,35,3
30047,30,Lake,Montana,47.608393,-114.123168,31134,12191,0,0,0,53.70034718813551,351.04082543770954,459.31981730808917,Fred Hutch/UW/Seattle Children's Cancer Consortium,56,29,1,69,35,3
30051,30,Liberty,Montana,48.538044,-110.985198,1959,596,0,0,0,88.57905310297608,266.09344788645836,633.1231818148382,Fred Hutch/UW/Seattle Children's Cancer Consortium,0,0,0,67,34,3
30053,30,Lincoln,Montana,48.553306,-115.42649,19677,9690,0,0,0,67.96978795484313,386.01419305657913,390.60136487576386,Fred Hutch/UW/Seattle Children's Cancer Consortium,0,0,0,73,37,2
30055,30,McCone,Montana,47.569721,-105.638886,1729,843,0,0,0,221.61038878562763,221.61038878562763,650.3993456781417,University of Colorado Cancer Center,0,0,0,1,1,0
29217,29,Vernon,Missouri,37.836794,-94.33739,19707,6729,0,0,0,76.04026500298812,93.943023545919,102.61084505404186,University of Kansas Cancer Center,17,11,1,265,138,24
30059,30,Meagher,Montana,46.529828,-110.881517,1927,1097,0,0,0,71.64059486354297,147.48006249540225,481.39987994240414,Huntsman Cancer Institute (Utah),0,0,0,70,36,3
30061,30,Mineral,Montana,47.182752,-114.894335,4535,2143,0,0,0,55.5157850871307,380.2342488985227,419.6066800878093,Fred Hutch/UW/Seattle Children's Cancer Consortium,67,34,3,78,39,3
30065,30,Musselshell,Montana,46.420108,-108.483111,4730,2271,0,0,0,52.37377552016909,52.37377552016909,510.2623337022882,Huntsman Cancer Institute (Utah),102,58,3,102,58,3
31059,31,Fillmore,Nebraska,40.541248,-97.580053,5551,2196,0,0,0,58.98756616447265,111.92137569379868,116.66693691035539,Fred & Pamela Buffett Cancer Center (UNMC),25,12,3,240,105,36
31061,31,Franklin,Nebraska,40.185987,-98.95454,2889,1254,0,0,0,46.353321937506756,202.0111157109837,207.22658379819276,Fred & Pamela Buffett Cancer Center (UNMC),23,11,2,55,27,4
31063,31,Frontier,Nebraska,40.609996,-100.398828,2519,988,0,0,0,84.05320516239563,276.45689671740257,282.61370089665917,Fred & Pamela Buffett Cancer Center (UNMC),3,3,0,24,13,2
31065,31,Furnas,Nebraska,40.250813,-99.934116,4636,1825,0,0,0,67.66965338585915,256.74341221965466,262.4615566134708,Fred & Pamela Buffett Cancer Center (UNMC),0,0,0,58,30,4
31069,31,Garden,Nebraska,41.429505,-102.323863,1874,793,0,0,0,180.7106751375027,207.96990909777156,210.95870211121922,University of Colorado Cancer Center,0,0,0,3,3,0
31071,31,Garfield,Nebraska,41.803658,-99.104124,1813,727,0,0,0,86.34557621955457,193.60842480436713,200.37217697867518,Fred & Pamela Buffett Cancer Center (UNMC),0,0,0,37,20,4
30057,30,Madison,Montana,45.419014,-111.922649,8623,4290,0,0,0,51.02510199069793,198.24881354983495,385.8842818432709,Huntsman Cancer Institute (Utah),65,35,2,65,35,2
30101,30,Toole,Montana,48.578065,-111.850473,4971,1549,0,0,0,94.9975623901921,296.77927798706617,585.8949663480756,Fred Hutch/UW/Seattle Children's Cancer Consortium,0,0,0,67,34,3
30103,30,Treasure,Montana,46.247085,-107.247111,762,355,0,0,0,83.84362650204213,83.84362650204213,531.6752903683534,Huntsman Cancer Institute (Utah),0,0,0,103,59,3
30105,30,Valley,Montana,48.236249,-106.541586,7578,2914,0,0,0,232.31785231946597,232.31785231946597,693.7974279771198,Huntsman Cancer Institute (Utah),0,0,0,0,0,0
30107,30,Wheatland,Montana,46.454552,-109.845461,2069,809,0,0,0,92.80379650411568,92.80379650411568,486.6472153120558,Huntsman Cancer Institute (Utah),0,0,0,106,60,4
30109,30,Wibaux,Montana,46.969955,-104.191241,937,435,0,0,0,194.69335254637866,267.57095883382857,600.1595980858032,University of Colorado Cancer Center,0,0,0,1,1,0
31003,31,Antelope,Nebraska,42.147054,-98.057377,6295,2425,0,0,0,103.96175877756605,142.0721100084794,149.76064676232627,Fred & Pamela Buffett Cancer Center (UNMC),0,0,0,36,19,3
31005,31,Arthur,Nebraska,41.569368,-101.678874,434,168,0,0,0,176.69148324106834,247.34424382947617,249.57324061255218,University of Colorado Cancer Center,0,0,0,3,3,0
30083,30,Richland,Montana,47.72072,-104.204227,11491,3420,0,0,0,207.47653107869473,293.96700673622183,662.2292686620964,University of Colorado Cancer Center,0,0,0,0,0,0
30073,30,Pondera,Montana,48.211424,-112.157767,5898,2201,0,0,0,76.1915316561363,286.32685878457767,567.7050472066915,Fred Hutch/UW/Seattle Children's Cancer Consortium,0,0,0,68,34,3
30087,30,Rosebud,Montana,45.902894,-106.612238,8329,2513,0,0,0,112.07807658836309,112.07807658836309,521.6777921989084,University of Colorado Cancer Center,0,0,0,103,59,3
30089,30,Sanders,Montana,47.635009,-115.175789,12400,6394,0,0,0,71.05061940391167,394.39295852838114,400.4584742038698,Fred Hutch/UW/Seattle Children's Cancer Consortium,0,0,0,78,39,3
30091,30,Sheridan,Montana,48.734101,-104.49367,3539,1432,0,0,0,261.38985205454463,333.94540467751085,709.4104262002986,Masonic Cancer Center (Minnesota),0,0,0,0,0,0
30095,30,Stillwater,Montana,45.615383,-109.238178,8963,3684,0,0,0,42.61072965748303,42.61072965748303,431.764203089766,Huntsman Cancer Institute (Utah),102,58,3,104,60,3
30097,30,Sweet Grass,Montana,45.829391,-109.91651,3678,1445,0,0,0,71.17090758996949,79.27077204671234,435.61162260244294,Huntsman Cancer Institute (Utah),0,0,0,104,60,3
30099,30,Teton,Montana,47.762524,-112.039341,6226,2359,0,0,0,46.70430663288746,257.0448955361646,574.8207256318757,Fred Hutch/UW/Seattle Children's Cancer Consortium,67,34,3,67,34,3
30067,30,Park,Montana,45.604896,-110.596931,17191,6979,0,0,0,31.500247124870562,119.75061907514193,408.2420493715007,Huntsman Cancer Institute (Utah),65,35,2,104,60,3
30069,30,Petroleum,Montana,47.012154,-108.317862,496,176,0,0,0,102.17324110923693,102.17324110923693,558.949083087079,Huntsman Cancer Institute (Utah),0,0,0,102,58,3
30071,30,Phillips,Montana,48.367246,-107.86655,4217,1676,0,0,0,204.41700605852589,217.10588789284617,672.3682915347355,Huntsman Cancer Institute (Utah),0,0,0,18,8,1
30085,30,Roosevelt,Montana,48.134392,-105.212553,10794,2477,0,0,0,270.8131010975589,270.8131010975589,695.8064917923883,University of Colorado Cancer Center,0,0,0,0,0,0
36079,36,Putnam,New York,41.410932,-73.718558,97668,33912,0,0,0,27.703436656965472,31.344847398993462,45.4324679661788,Montefiore Einstein Cancer Center,1245,521,173,1354,567,182
36035,36,Fulton,New York,43.058597,-74.329857,53324,18833,0,0,0,44.42925151216876,162.00107879037043,133.9959920307364,Dartmouth Cancer Center,50,26,4,123,57,10
36037,36,Genesee,New York,42.998899,-78.171041,58388,20332,0,0,0,36.024276781728545,36.024276781728545,34.63102601639473,Wilmot Cancer Institute (Rochester),240,113,28,247,115,29
36039,36,Greene,New York,42.298257,-73.978824,47931,18958,0,0,0,33.30752268282436,98.42237935204435,104.8568074231965,Yale Cancer Center,43,21,4,685,286,89
36041,36,Hamilton,New York,43.612735,-74.385492,5107,2705,0,0,0,84.7247015962317,198.39402980896836,127.95268070943325,Dartmouth Cancer Center,17,8,2,145,67,10
36043,36,Herkimer,New York,43.071299,-74.994925,60139,22235,0,0,0,71.01518910111879,158.98517798197335,159.2888540881564,Wilmot Cancer Institute (Rochester),18,5,2,121,56,9
36045,36,Jefferson,New York,44.019862,-75.89504,116721,29938,0,0,0,80.60266033596933,125.66267347965889,127.79621590130715,Wilmot Cancer Institute (Rochester),13,4,2,82,38,6
36049,36,Lewis,New York,43.788692,-75.449227,26582,9375,0,0,0,73.76100584034039,140.54425043746747,142.1157361608156,Wilmot Cancer Institute (Rochester),14,4,2,97,42,7
13091,13,Dodge,Georgia,32.212397,-83.173704,19925,6595,0,0,0,127.54090552535571,150.63176274817437,153.68608250178593,Winship Cancer Institute (Emory),2,0,0,23,13,2
01027,01,Clay,Alabama,33.274342,-85.817245,14236,5086,0,0,0,71.71727421222785,71.71727421222785,70.85721537580008,O'Neal Comprehensive Cancer Center (UAB),0,0,0,536,249,58
36019,36,Clinton,New York,44.72994,-73.542837,79843,26116,0,0,0,31.091579697379686,247.68498042559585,118.78295009335389,Dartmouth Cancer Center,52,25,3,116,55,8
36021,36,Columbia,New York,42.274439,-73.680411,61570,25805,0,0,0,34.61799999014146,85.88602649518238,92.82322550553543,Yale Cancer Center,69,35,5,759,316,97
36025,36,Delaware,New York,42.248721,-74.996335,44308,18776,0,0,0,77.73529568322247,124.54313359973905,133.53605889840338,Montefiore Einstein Cancer Center,3,0,1,204,94,16
36031,36,Essex,New York,44.168428,-73.676357,37381,15798,0,0,0,40.546373622705424,218.4233514432655,95.78767150609609,Dartmouth Cancer Center,52,25,3,124,58,8
36033,36,Franklin,New York,44.717734,-74.351416,47555,15867,0,0,0,73.61891022141387,233.90255281255224,153.65283967021935,Dartmouth Cancer Center,0,0,0,56,27,3
35057,35,Torrance,New Mexico,34.870562,-106.1027,15045,5627,0,0,0,40.20540151791992,401.1723699522965,40.92552455654109,UNM Comprehensive Cancer Center,99,56,7,111,61,8
35059,35,Union,New Mexico,36.468186,-103.265891,4079,1467,0,0,0,140.9592299474395,291.50872362873025,254.7827348395835,UNM Comprehensive Cancer Center,0,0,0,4,1,0
36015,36,Chemung,New York,42.120553,-76.813813,84148,28402,0,0,0,87.90562402987632,99.24429742972318,96.72235089130207,Wilmot Cancer Institute (Rochester),22,8,3,205,102,22
13043,13,Candler,Georgia,32.399154,-82.060428,10981,3390,0,0,0,71.20388228339573,149.6655788314904,150.96926371221588,Hollings Cancer Center (MUSC),1,1,0,79,43,7
13009,13,Baldwin,Georgia,33.085482,-83.243621,43799,12904,0,0,0,72.340532758084,90.77235228815563,95.16550197161348,Winship Cancer Institute (Emory),11,5,1,466,217,48
13011,13,Banks,Georgia,34.349158,-83.507471,18035,6084,0,0,0,34.17692055971964,68.78740639768735,72.5822839279252,Winship Cancer Institute (Emory),62,33,7,475,223,46
13013,13,Barrow,Georgia,33.992491,-83.728597,83505,21193,0,0,0,24.12649626094107,39.462439545008486,44.21736293105951,Winship Cancer Institute (Emory),415,190,44,475,222,47
13015,13,Bartow,Georgia,34.208535,-84.829148,108901,31013,0,0,0,28.91243806106038,43.09473009255884,48.762634780280315,Winship Cancer Institute (Emory),398,183,43,463,213,45
13017,13,Ben Hill,Georgia,31.727139,-83.24814,17194,5353,0,0,0,150.94250791399404,165.5446139271456,175.29608118296653,Mayo Clinic Cancer Center – Jacksonville,1,0,0,25,14,2
13019,13,Berrien,Georgia,31.233472,-83.251763,18160,5669,0,0,0,139.69404593434334,139.69404593434334,147.1531895513515,University of Florida Health Cancer Institute,7,3,1,22,12,1
13023,13,Bleckley,Georgia,32.401506,-83.332183,12583,3857,0,0,0,123.22062071836704,131.53173968982742,134.5302514510224,Winship Cancer Institute (Emory),11,5,1,25,13,4
36073,36,Orleans,New York,43.249285,-78.224364,40343,14091,0,0,0,37.31612176878456,37.31612176878456,37.715617837417106,Wilmot Cancer Institute (Rochester),238,112,28,244,114,29
35051,35,Sierra,New Mexico,33.106952,-107.281723,11576,5947,0,0,0,127.11678664054675,267.0071762888192,169.49114246970652,UNM Comprehensive Cancer Center,0,0,0,6,5,1
12129,12,Wakulla,Florida,30.187394,-84.332906,33764,10628,0,0,0,146.07372063861112,194.5035459329667,149.9871731642126,University of Florida Health Cancer Institute,7,3,0,25,13,1
12131,12,Walton,Florida,30.543793,-86.19019,75305,28659,0,0,0,142.11622022309126,250.37205458424643,249.59436673423923,O'Neal Comprehensive Cancer Center (UAB),1,0,0,34,16,4
12133,12,Washington,Florida,30.649403,-85.62387,25318,8286,0,0,0,181.97148245874664,251.98631766286186,249.6185943321315,University of Florida Health Cancer Institute,5,1,0,23,9,1
13001,13,Appling,Georgia,31.770708,-82.338755,18444,5779,0,0,0,87.57402379400862,132.29109318870036,139.18560241270092,Mayo Clinic Cancer Center – Jacksonville,1,1,0,36,17,3
13003,13,Atkinson,Georgia,31.317495,-82.878111,8286,2210,0,0,0,123.11417653994546,123.11417653994546,133.157713463458,Mayo Clinic Cancer Center – Jacksonville,5,2,1,17,10,1
13005,13,Bacon,Georgia,31.547,-82.46609,11140,3169,0,0,0,102.31984581915755,119.71154582299074,127.76300731240293,Mayo Clinic Cancer Center – Jacksonville,0,0,0,282,130,29
13007,13,Baker,Georgia,31.31096,-84.433608,2876,1102,0,0,0,172.66614283777363,205.9733654173404,203.66938203241554,University of Florida Health Cancer Institute,11,7,1,28,13,2
36063,36,Niagara,New York,43.134406,-78.851139,212666,75492,0,0,0,20.47783733857985,20.47783733857985,20.06384525263228,Roswell Park Comprehensive Cancer Center,150,69,17,255,119,30
13025,13,Brantley,Georgia,31.217234,-81.970017,18021,5657,0,0,0,80.13199344838127,80.13199344838127,86.5123115970918,Mayo Clinic Cancer Center – Jacksonville,1,1,0,284,131,29
36115,36,Washington,New York,43.289043,-73.460751,61302,22292,0,0,0,54.75399710239785,160.09167732301614,78.10490276309356,Dartmouth Cancer Center,49,26,4,157,74,11
36117,36,Wayne,New York,43.143635,-77.130245,91283,32819,0,0,0,29.596930256518462,29.596930256518462,29.991952471966385,Wilmot Cancer Institute (Rochester),172,87,19,289,135,33
36121,36,Wyoming,New York,42.722711,-78.209554,40531,14046,0,0,0,38.12367557645382,38.12367557645382,41.97799210643539,Roswell Park Comprehensive Cancer Center,240,113,28,244,114,28
36083,36,Rensselaer,New York,42.699563,-73.631993,161130,51439,0,0,0,11.06061031023928,116.07725119234712,113.86882970726818,Dartmouth Cancer Center,51,26,4,400,185,46
36089,36,St. Lawrence,New York,44.652827,-75.147873,108505,34832,0,0,0,118.88570337164091,192.58540917728433,191.7280367571857,Dartmouth Cancer Center,0,0,0,52,25,3
36095,36,Schoharie,New York,42.64398,-74.435708,29714,11660,0,0,0,38.17096529823305,138.40852899246428,144.75706179110824,Yale Cancer Center,38,19,3,138,64,10
36097,36,Schuyler,New York,42.389251,-76.869139,17898,6949,0,0,0,70.66567539527227,78.57508579360227,76.26971652054743,Wilmot Cancer Institute (Rochester),27,10,3,205,102,22
36099,36,Seneca,New York,42.82851,-76.827711,33814,11820,0,0,0,44.72415574674263,55.32936333535288,54.17723284827485,Wilmot Cancer Institute (Rochester),175,89,19,291,135,33
35061,35,Valencia,New Mexico,34.755709,-106.722815,76205,24690,0,0,0,30.187164914788838,360.6313107793337,27.575485630616036,UNM Comprehensive Cancer Center,99,56,7,111,61,8
12125,12,Union,Florida,30.011442,-82.35769,16147,4776,0,0,0,28.850805315484582,57.9717717882932,30.74819324805707,University of Florida Health Cancer Institute,319,136,33,352,152,38
37059,37,Davie,North Carolina,35.931411,-80.52037,42712,15969,0,0,0,22.684776907889773,22.684776907889773,22.476546155924744,Wake Forest Baptist Comprehensive Cancer Center,130,72,12,579,288,59
37065,37,Edgecombe,North Carolina,35.902358,-77.656133,48900,17068,0,0,0,32.66467325193479,83.89783725877851,89.56338559381639,Duke Cancer Institute,63,30,4,448,215,42
37069,37,Franklin,North Carolina,36.044193,-78.354026,68573,22750,0,0,0,30.077752958208627,37.04475588258281,42.14107443829547,Duke Cancer Institute,416,198,40,461,223,44
37073,37,Gates,North Carolina,36.464578,-76.706981,10478,4093,0,0,0,46.494148697764025,102.0414271869499,101.31330530881301,VCU Massey Comprehensive Cancer Center,84,38,13,270,120,34
37075,37,Graham,North Carolina,35.332126,-83.787137,8030,3123,0,0,0,54.80415581405753,131.10164561213173,132.6681729445221,Winship Cancer Institute (Emory),69,28,9,188,87,18
12089,12,Nassau,Florida,30.608318,-81.63434,90352,36777,0,0,0,25.69503244746131,25.69503244746131,30.66875194909226,Mayo Clinic Cancer Center – Jacksonville,258,117,27,323,140,33
12091,12,Okaloosa,Florida,30.551645,-86.565567,211668,63338,0,0,0,115.37378713766766,246.4904031160757,245.77889317451653,O'Neal Comprehensive Cancer Center (UAB),13,6,1,58,29,6
12093,12,Okeechobee,Florida,27.271934,-80.824315,39644,13470,0,0,0,74.05192143840532,104.10290381025668,131.3885301479613,Sylvester Comprehensive Cancer Center (Miami),14,5,1,464,213,63
12123,12,Taylor,Florida,30.056859,-83.590349,21796,7471,0,0,0,92.12498898515007,142.6090877954261,96.0785801944498,University of Florida Health Cancer Institute,7,3,0,93,35,9
36003,36,Allegany,New York,42.228676,-78.020786,46456,15695,0,0,0,72.38379446694557,72.38379446694557,75.19337756075502,Roswell Park Comprehensive Cancer Center,3,2,0,254,118,29
36009,36,Cattaraugus,New York,42.223696,-78.608393,77042,26891,0,0,0,56.47376270658584,56.47376270658584,57.537222749730454,Roswell Park Comprehensive Cancer Center,150,69,17,255,119,30
36013,36,Chautauqua,New York,42.245031,-79.314802,127657,45216,0,0,0,48.82601586057997,62.339043948408076,60.449633824509256,Roswell Park Comprehensive Cancer Center,41,14,5,177,79,19
37017,37,Bladen,North Carolina,34.60917,-78.643311,29606,11156,0,0,0,39.19711091304096,115.50095467811023,110.86792247150701,UNC Lineberger Comprehensive Cancer Center,27,14,0,487,237,49
37023,37,Burke,North Carolina,35.73127,-81.641243,87570,32118,0,0,0,68.28295850772939,69.53532572539497,97.68058363670177,Wake Forest Baptist Comprehensive Cancer Center,36,15,3,292,151,32
37027,37,Caldwell,North Carolina,35.873003,-81.502542,80652,28916,0,0,0,70.74177739640695,70.74177739640695,85.45846790340127,Wake Forest Baptist Comprehensive Cancer Center,28,11,3,293,150,32
37029,37,Camden,North Carolina,36.369324,-76.197747,10355,3300,0,0,0,43.88583579657472,128.11799011085998,126.91909796160525,VCU Massey Comprehensive Cancer Center,80,36,12,110,49,16
37033,37,Caswell,North Carolina,36.399939,-79.361345,22736,8500,0,0,0,39.49990524429619,39.49990524429619,40.11915515216123,Duke Cancer Institute,393,188,40,534,264,51
36111,36,Ulster,New York,41.841749,-74.098362,181851,65811,0,0,0,56.933365051545934,69.03640302244081,81.3598809313287,Montefiore Einstein Cancer Center,42,18,3,1345,562,181
37003,37,Alexander,North Carolina,35.889332,-81.193451,36444,12865,0,0,0,56.237698167806876,60.54617010032079,65.02072803160436,Wake Forest Baptist Comprehensive Cancer Center,38,16,4,298,154,32
37005,37,Alleghany,North Carolina,36.497597,-81.10603,10888,5071,0,0,0,65.33533140849556,65.33533140849556,65.27523161288137,Wake Forest Baptist Comprehensive Cancer Center,22,10,4,274,147,31
37007,37,Anson,North Carolina,34.974145,-80.110797,22055,7397,0,0,0,49.16525930832782,52.415783270733975,94.13393229924482,Wake Forest Baptist Comprehensive Cancer Center,193,97,20,562,275,58
37009,37,Ashe,North Carolina,36.41363,-81.487979,26577,11575,0,0,0,86.09740216104392,86.09740216104392,85.99541836053838,Wake Forest Baptist Comprehensive Cancer Center,26,12,4,266,140,30
37011,37,Avery,North Carolina,36.07601,-81.939525,17806,6686,0,0,0,92.3238923946733,103.27068632495117,112.49826781181106,Wake Forest Baptist Comprehensive Cancer Center,26,13,5,292,151,32
37015,37,Bertie,North Carolina,36.081687,-76.962721,17934,6940,0,0,0,50.538799359931154,125.08785773422551,124.95596996040543,VCU Massey Comprehensive Cancer Center,32,16,3,206,90,23
36101,36,Steuben,New York,42.264824,-77.31968,93584,32888,0,0,0,76.48684247048719,76.48684247048719,73.53167974641121,Wilmot Cancer Institute (Rochester),11,6,1,298,140,33
36105,36,Sullivan,New York,41.698542,-74.698587,78624,26634,0,0,0,61.954889765769806,76.14125772082754,85.42408542878248,Herbert Irving Comprehensive Cancer Center (Columbia),12,2,2,1334,559,183
36107,36,Tioga,New York,42.121424,-76.298893,48455,18000,0,0,0,69.68597974181823,117.92952216013494,115.92909486673409,Wilmot Cancer Institute (Rochester),21,7,3,205,102,22
36123,36,Yates,New York,42.634707,-77.078135,24774,9111,0,0,0,54.60136093959239,54.60136093959239,52.365401706863146,Wilmot Cancer Institute (Rochester),124,65,15,292,137,33
32009,32,Esmeralda,Nevada,37.704407,-117.670635,729,517,0,0,0,159.57986385771142,252.3427862422394,256.70650478069575,UC Davis Comprehensive Cancer Center,0,0,0,0,0,0
32011,32,Eureka,Nevada,39.946993,-116.209128,1855,739,0,0,0,231.0537543220534,276.73940974133143,284.147601992212,Huntsman Cancer Institute (Utah),0,0,0,0,0,0
32013,32,Humboldt,Nevada,41.017558,-117.744296,17285,4831,0,0,0,178.66330310420287,308.0424094847869,312.66906388686493,UC Davis Comprehensive Cancer Center,0,0,0,0,0,0
32015,32,Lander,Nevada,40.49846,-116.949528,5734,1537,0,0,0,197.4759911508056,316.46102686225515,322.1351658310283,Huntsman Cancer Institute (Utah),0,0,0,0,0,0
32017,32,Lincoln,Nevada,37.710093,-114.626444,4499,1478,0,0,0,134.6856975848167,298.3664362363017,310.0508062538099,Huntsman Cancer Institute (Utah),0,0,0,9,6,2
32019,32,Lyon,Nevada,39.355756,-119.327152,59235,21848,0,0,0,33.33602517400191,147.6404072721101,152.6890149607069,UC Davis Comprehensive Cancer Center,63,28,6,74,33,7
31173,31,Thurston,Nebraska,42.161934,-96.522459,6773,1547,0,0,0,79.72464302494768,79.72464302494768,83.8180721717769,Fred & Pamela Buffett Cancer Center (UNMC),1,0,0,308,134,46
31175,31,Valley,Nebraska,41.573672,-98.948914,4059,1619,0,0,0,65.1002742298931,180.86803980945177,187.59941494567443,Fred & Pamela Buffett Cancer Center (UNMC),0,0,0,34,17,4
13039,13,Camden,Georgia,30.812543,-81.631375,54768,14775,0,0,0,42.61585509986924,42.61585509986924,46.601912441725254,Mayo Clinic Cancer Center – Jacksonville,255,115,27,337,148,33
31179,31,Wayne,Nebraska,42.223628,-97.056303,9697,2668,0,0,0,100.42616454424173,100.42616454424173,105.8383816815616,Fred & Pamela Buffett Cancer Center (UNMC),17,9,2,286,126,46
31181,31,Webster,Nebraska,40.195862,-98.486606,3395,1282,0,0,0,58.18975821850745,175.68934982107947,180.59131744255887,Fred & Pamela Buffett Cancer Center (UNMC),23,11,2,34,17,4
31183,31,Wheeler,Nebraska,41.885209,-98.545473,774,437,0,0,0,81.00577897063913,162.02387112523758,168.76766443605536,Fred & Pamela Buffett Cancer Center (UNMC),0,0,0,45,23,4
31185,31,York,Nebraska,40.863485,-97.605023,14125,4755,0,0,0,48.634573571460656,101.49851593565232,107.21109620485356,Fred & Pamela Buffett Cancer Center (UNMC),60,24,5,240,105,36
32001,32,Churchill,Nevada,39.474469,-118.796052,25516,8385,0,0,0,64.00539770351666,182.68054269148598,187.7540114596305,UC Davis Comprehensive Cancer Center,0,0,0,63,28,6
31157,31,Scotts Bluff,Nebraska,41.865094,-103.680393,36084,11932,0,0,0,143.0182028141878,182.26555583052388,190.0498654503057,University of Colorado Cancer Center,0,0,0,18,9,1
31159,31,Seward,Nebraska,40.875087,-97.102308,17609,5368,0,0,0,27.74365043905949,72.06784953791589,77.30187503406675,Fred & Pamela Buffett Cancer Center (UNMC),38,13,2,240,105,36
31161,31,Sheridan,Nebraska,42.704794,-102.404074,5127,2038,0,0,0,246.94708554213122,282.029497373406,288.37182142751647,University of Colorado Cancer Center,0,0,0,0,0,0
31163,31,Sherman,Nebraska,41.228647,-98.968633,2959,1268,0,0,0,41.22037593672051,180.7346302481186,187.2816556011892,Fred & Pamela Buffett Cancer Center (UNMC),32,16,4,37,20,4
31177,31,Washington,Nebraska,41.504682,-96.156611,20865,7074,0,0,0,20.856174807830207,20.856174807830207,24.926811624249837,Fred & Pamela Buffett Cancer Center (UNMC),210,93,35,244,105,36
13093,13,Dooly,Georgia,32.170176,-83.78074,11208,4094,0,0,0,120.16567609247974,138.19150701383128,139.90700152812312,Winship Cancer Institute (Emory),19,11,2,28,14,4
31143,31,Polk,Nebraska,41.173605,-97.55672,5214,1954,0,0,0,55.59799188027135,93.02624262148647,99.44900915950802,Fred & Pamela Buffett Cancer Center (UNMC),22,11,3,240,105,36
31145,31,Red Willow,Nebraska,40.206742,-100.592097,10702,3767,0,0,0,105.45417744611709,276.1070819331068,272.37581250498323,University of Colorado Cancer Center,0,0,0,24,13,2
13061,13,Clay,Georgia,31.634951,-85.014589,2848,1239,0,0,0,145.851623894434,186.53624273857898,185.4068979037489,Winship Cancer Institute (Emory),12,7,1,26,12,2
13063,13,Clayton,Georgia,33.551579,-84.361187,297595,64932,0,0,0,21.282151479347085,21.282151479347085,20.302008679375604,Winship Cancer Institute (Emory),419,195,44,446,206,46
13065,13,Clinch,Georgia,31.021262,-82.744401,6749,1992,0,0,0,100.07864419492398,100.07864419492398,110.73444415976013,Mayo Clinic Cancer Center – Jacksonville,4,2,1,325,141,33
13069,13,Coffee,Georgia,31.515718,-82.838428,43092,11292,0,0,0,127.66773879799432,133.00410166770206,142.38428176639107,Mayo Clinic Cancer Center – Jacksonville,1,0,0,17,10,1
13071,13,Colquitt,Georgia,31.179661,-83.767871,45898,12682,0,0,0,159.5583343564404,169.56965617600721,163.25831805068555,University of Florida Health Cancer Institute,13,8,1,26,13,1
32007,32,Elko,Nevada,40.856303,-115.534273,53702,13376,0,0,0,155.1142354103252,227.24768183510977,231.8498105085403,Huntsman Cancer Institute (Utah),0,0,0,0,0,0
32021,32,Mineral,Nevada,38.601613,-118.643399,4554,1810,0,0,0,107.06895322580056,177.458684710403,182.41868506264183,UC Davis Comprehensive Cancer Center,0,0,0,63,28,6
32027,32,Pershing,Nevada,40.334654,-118.294224,6650,1978,0,0,0,116.13204344871737,245.95753453821828,250.7554200618053,UC Davis Comprehensive Cancer Center,0,0,0,63,28,6
32029,32,Storey,Nevada,39.389828,-119.622432,4104,2200,0,0,0,16.242263401748694,132.24723447056127,137.2086258455039,UC Davis Comprehensive Cancer Center,63,28,6,105,52,8
32033,32,White Pine,Nevada,39.278317,-114.875458,9080,3030,0,0,0,218.6491059119026,218.6491059119026,228.69863772076738,Huntsman Cancer Institute (Utah),0,0,0,0,0,0
33001,33,Belknap,New Hampshire,43.518179,-71.439516,63705,26576,0,0,0,40.795629967262066,100.44784535600112,49.867147814015844,Dartmouth Cancer Center,99,47,8,732,379,83
33003,33,Carroll,New Hampshire,43.810093,-71.170079,50107,25067,0,0,0,47.13808232666,122.34240356584924,66.53239530232116,Dartmouth Cancer Center,128,58,9,159,77,9
33005,33,Cheshire,New Hampshire,42.897949,-72.260597,76458,28445,0,0,0,56.66715824342805,85.92981625375091,61.14558783656355,Dartmouth Cancer Center,58,30,0,810,417,94
33007,33,Coos,New Hampshire,44.544534,-71.3636,31268,13421,0,0,0,42.64590981582757,183.91743889809825,92.15278764442554,Dartmouth Cancer Center,23,12,3,154,69,10
32005,32,Douglas,Nevada,38.957468,-119.756218,49488,24391,0,0,0,47.90234938452911,109.89937229023924,115.0263363978652,UC Davis Comprehensive Cancer Center,63,28,6,200,103,21
13073,13,Columbia,Georgia,33.514668,-82.175338,156010,42263,0,0,0,11.163354816352603,144.83471689460882,150.17657279854558,Winship Cancer Institute (Emory),50,29,4,143,72,13
35003,35,Catron,New Mexico,33.958709,-108.531494,3579,2286,0,0,0,161.82469149299783,221.98217177775032,158.919309989435,UNM Comprehensive Cancer Center,0,0,0,0,0,0
35006,35,Cibola,New Mexico,35.107009,-107.818849,27172,8105,0,0,0,81.46632462431893,318.9063801614933,79.53703130487474,UNM Comprehensive Cancer Center,0,0,0,99,56,7
35007,35,Colfax,New Mexico,36.698075,-104.656615,12387,5384,0,0,0,180.79535513421345,251.68603082053394,189.24290747828053,UNM Comprehensive Cancer Center,0,0,0,1,0,0
35009,35,Curry,New Mexico,34.421082,-103.213229,48430,11173,0,0,0,114.6437022523447,397.9309870777576,240.23421066939022,UNM Comprehensive Cancer Center,0,0,0,38,20,5
35011,35,De Baca,New Mexico,34.460693,-104.247994,1698,537,0,0,0,170.09695164149625,438.92533697864195,171.30987343616803,UNM Comprehensive Cancer Center,0,0,0,1,1,0
33017,33,Strafford,New Hampshire,43.246137,-70.954351,130889,39779,0,0,0,51.52409515084606,75.82264200132242,75.04791053442011,Dana-Farber/Harvard Cancer Center,84,40,5,777,399,91
33019,33,Sullivan,New Hampshire,43.370229,-72.256473,43063,17398,0,0,0,42.702678535618475,111.75729898463797,21.986687814110756,Dartmouth Cancer Center,91,44,6,748,390,84
34033,34,Salem,New Jersey,39.627242,-75.378171,64837,21857,0,0,0,16.962210919245074,34.70498941083954,29.74545600907467,Abramson Cancer Center (Penn),492,211,63,1033,426,131
31165,31,Sioux,Nebraska,42.408762,-103.833171,1135,416,0,0,0,176.1261815957922,220.62857772165992,229.46155489010573,University of Colorado Cancer Center,0,0,0,18,9,1
13049,13,Charlton,Georgia,30.786554,-82.024244,12518,3399,0,0,0,49.67886251786132,49.67886251786132,58.7626358960987,Mayo Clinic Cancer Center – Jacksonville,255,115,27,324,140,33
13053,13,Chattahoochee,Georgia,32.342797,-84.896374,9565,775,0,0,0,86.57819650301376,128.196344209508,126.7459604810096,Winship Cancer Institute (Emory),4,2,1,62,34,5
13055,13,Chattooga,Georgia,34.496004,-85.344042,24965,7876,0,0,0,50.49933758327525,85.1733457521184,90.93792582873861,Winship Cancer Institute (Emory),40,19,1,454,209,45
35053,35,Socorro,New Mexico,34.154884,-106.960356,16595,5426,0,0,0,82.52521794309001,320.55519641058265,79.8235523775394,UNM Comprehensive Cancer Center,0,0,0,99,56,7
35055,35,Taos,New Mexico,36.435099,-105.60791,34489,15671,0,0,0,129.2104516962355,276.11971716742204,132.15251308060002,UNM Comprehensive Cancer Center,0,0,0,27,13,3
13027,13,Brooks,Georgia,30.841118,-83.54227,16301,5879,0,0,0,127.69177789966697,144.37938166372908,131.4475320699866,University of Florida Health Cancer Institute,7,3,1,21,12,1
13033,13,Burke,Georgia,33.103215,-82.002339,24596,7546,0,0,0,27.141464063129877,142.67670713586392,145.32204921922892,Hollings Cancer Center (MUSC),46,28,4,109,58,11
13035,13,Butts,Georgia,33.294854,-83.972919,25434,7464,0,0,0,45.247068782255475,45.247068782255475,48.057435902013474,Winship Cancer Institute (Emory),409,191,42,444,205,46
13037,13,Calhoun,Georgia,31.526143,-84.662951,5573,1615,0,0,0,153.62190662952653,189.94650356114664,189.5558002434583,Winship Cancer Institute (Emory),12,7,1,28,13,2
13045,13,Carroll,Georgia,33.623974,-85.043815,119148,31395,0,0,0,29.60352677621912,47.88915073865028,51.543841168163446,Winship Cancer Institute (Emory),418,195,43,448,207,46
31167,31,Stanton,Nebraska,41.985101,-97.255038,5842,2095,0,0,0,94.83610201013313,94.83610201013313,101.02000071320738,Fred & Pamela Buffett Cancer Center (UNMC),0,0,0,243,107,36
31169,31,Thayer,Nebraska,40.178256,-97.628078,5034,1949,0,0,0,77.30460529333051,132.8854092820342,136.6942174199726,Fred & Pamela Buffett Cancer Center (UNMC),1,0,0,89,40,6
31171,31,Thomas,Nebraska,41.967138,-100.565595,669,271,0,0,0,137.91594639040048,268.0545005895953,291.48608239627805,Fred & Pamela Buffett Cancer Center (UNMC),0,0,0,3,3,0
35029,35,Luna,New Mexico,32.223031,-107.741875,25427,8200,0,0,0,103.41930590588812,225.58983083497168,224.91315322378944,University of Arizona Cancer Center,0,0,0,29,18,3
35031,35,McKinley,New Mexico,35.513228,-108.634281,72902,17700,0,0,0,140.4784641054408,287.05353098742967,139.15315966560635,UNM Comprehensive Cancer Center,0,0,0,7,6,0
35033,35,Mora,New Mexico,36.00418,-105.23707,4189,2174,0,0,0,119.0644976939684,309.0634744687025,122.00714573303122,UNM Comprehensive Cancer Center,0,0,0,111,61,8
35035,35,Otero,New Mexico,32.778517,-106.000317,67839,19847,0,0,0,86.41836214913904,349.77729761063387,196.12902582052791,UNM Comprehensive Cancer Center,0,0,0,30,19,3
35037,35,Quay,New Mexico,35.178327,-103.662364,8746,3563,0,0,0,123.53120042945567,386.36353022328035,202.5229155225419,UNM Comprehensive Cancer Center,0,0,0,0,0,0
35028,35,Los Alamos,New Mexico,35.869176,-106.272314,19419,6258,0,0,0,67.16887951299587,331.20398242240094,69.96284691622927,UNM Comprehensive Cancer Center,26,13,3,111,61,8
35041,35,Roosevelt,New Mexico,34.168551,-103.347539,19191,4813,0,0,0,112.33411624739678,412.61096854131574,237.49608257111944,UNM Comprehensive Cancer Center,0,0,0,21,10,3
35047,35,San Miguel,New Mexico,35.576344,-105.307874,27201,10743,0,0,0,96.67905923664986,344.7657903574747,99.39784682970529,UNM Comprehensive Cancer Center,13,6,1,111,61,8
35015,35,Eddy,New Mexico,32.538156,-104.288595,62314,16151,0,0,0,158.65472816225798,467.70009974367747,266.2365014207981,UNM Comprehensive Cancer Center,0,0,0,1,1,0
35017,35,Grant,New Mexico,32.781053,-108.24321,28185,12233,0,0,0,155.4653836717578,195.52504478161634,194.2899860886875,University of Arizona Cancer Center,0,0,0,6,5,1
35019,35,Guadalupe,New Mexico,34.932588,-104.764455,4452,1514,0,0,0,126.69194000460118,397.52926180190974,128.43401700306987,UNM Comprehensive Cancer Center,0,0,0,13,6,1
35021,35,Harding,New Mexico,35.853043,-103.978557,657,313,0,0,0,153.50116523276517,327.26709058815226,191.16633020763985,UNM Comprehensive Cancer Center,0,0,0,0,0,0
35023,35,Hidalgo,New Mexico,32.286524,-108.771223,4178,1520,0,0,0,153.44769243060077,153.44769243060077,152.70198714402542,University of Arizona Cancer Center,0,0,0,0,0,0
35025,35,Lea,New Mexico,32.75172,-103.190527,74455,15822,0,0,0,111.8226397716503,414.3229984655921,306.3858946240251,UNM Comprehensive Cancer Center,0,0,0,27,11,5
35027,35,Lincoln,New Mexico,33.419573,-105.631108,20269,9705,0,0,0,145.06316148810726,384.29699343120416,154.44330075486894,UNM Comprehensive Cancer Center,0,0,0,1,1,0
35039,35,Rio Arriba,New Mexico,36.203984,-106.205155,40363,14238,0,0,0,94.91169279976208,303.2261388061981,97.63871033726976,UNM Comprehensive Cancer Center,13,6,1,111,61,8
27147,27,Steele,Minnesota,44.06586,-93.214616,37406,12044,0,0,0,44.13837657437594,44.13837657437594,44.075870011723204,Mayo Clinic Cancer Center – Rochester,327,152,36,472,225,49
27149,27,Stevens,Minnesota,45.577955,-95.921798,9671,2635,0,0,0,63.29958863834988,157.4828031663625,164.49943120639705,Masonic Cancer Center (Minnesota),0,0,0,94,46,9
27151,27,Swift,Minnesota,45.272889,-95.637582,9838,3637,0,0,0,37.52262685189086,135.40804470651875,142.67703614695478,Masonic Cancer Center (Minnesota),20,13,1,45,26,3
27155,27,Traverse,Minnesota,45.751962,-96.547312,3360,1306,0,0,0,93.11836594751067,182.20972488135914,203.3796158349769,Masonic Cancer Center (Minnesota),0,0,0,93,46,9
27157,27,Wabasha,Minnesota,44.298281,-92.21876,21387,8248,0,0,0,27.382073767916474,27.382073767916474,28.165676006942707,Mayo Clinic Cancer Center – Rochester,294,133,36,489,233,51
27159,27,Wadena,Minnesota,46.52738,-95.044753,14065,4714,0,0,0,51.01404025387044,161.28936692879833,165.86691607039407,Masonic Cancer Center (Minnesota),38,19,2,100,49,9
27161,27,Waseca,Minnesota,44.062525,-93.551329,18968,5947,0,0,0,54.29496408873295,64.15113028978229,64.06331013619521,Mayo Clinic Cancer Center – Rochester,38,21,2,472,225,49
27121,27,Pope,Minnesota,45.630228,-95.439435,11308,4616,0,0,0,46.46021895109258,132.75073699026254,139.52640481853226,Masonic Cancer Center (Minnesota),22,14,1,60,32,4
29121,29,Macon,Missouri,39.796483,-92.50812,15209,5405,0,0,0,70.64629427146858,140.13572727057274,147.963150474121,University of Kansas Cancer Center,0,0,0,81,39,12
27127,27,Redwood,Minnesota,44.440045,-95.189914,15425,5442,0,0,0,60.110313631701516,116.5784315764219,123.43467957768848,Masonic Cancer Center (Minnesota),23,15,1,275,131,26
27129,27,Renville,Minnesota,44.721227,-94.942285,14723,5339,0,0,0,36.204618973613286,95.31989746460867,102.53085175188764,Masonic Cancer Center (Minnesota),27,17,1,252,129,19
27131,27,Rice,Minnesota,44.372673,-93.26165,67097,19380,0,0,0,30.821603195041575,50.424379738676855,50.00628199406087,Masonic Cancer Center (Minnesota),470,224,49,482,231,51
27133,27,Rock,Minnesota,43.648084,-96.237081,9704,3232,0,0,0,30.605158566460243,30.605158566460243,200.29635591679897,Fred & Pamela Buffett Cancer Center (UNMC),119,53,15,127,60,15
27135,27,Roseau,Minnesota,48.82443,-95.646717,15331,5258,0,0,0,111.48824636774353,344.2573503642387,347.09042150210104,Masonic Cancer Center (Minnesota),0,0,0,54,26,6
27141,27,Sherburne,Minnesota,45.402446,-93.718866,97183,24344,0,0,0,17.82721193889734,41.022074491006855,45.2940712053876,Masonic Cancer Center (Minnesota),239,122,18,263,133,23
27093,27,Meeker,Minnesota,45.136287,-94.481246,23400,8294,0,0,0,31.396058284912538,66.92027988634686,74.18326624061903,Masonic Cancer Center (Minnesota),45,28,2,260,132,20
27097,27,Morrison,Minnesota,45.984633,-94.329081,34010,12140,0,0,0,35.30931159199958,100.74473530633234,105.08808314931773,Masonic Cancer Center (Minnesota),54,29,3,247,125,19
27125,27,Red Lake,Minnesota,47.875652,-96.132058,3935,1425,0,0,0,74.73860858924957,287.7916707053619,291.89197672427287,Masonic Cancer Center (Minnesota),27,14,2,83,37,9
13237,13,Putnam,Georgia,33.319719,-83.335457,22047,9071,0,0,0,52.38560582490427,74.12208826821738,78.90991444122369,Winship Cancer Institute (Emory),39,18,7,473,223,48
13239,13,Quitman,Georgia,31.859563,-85.078114,2235,1132,0,0,0,128.17768487887858,170.21196321185377,168.795843890086,Winship Cancer Institute (Emory),8,3,1,22,10,2
13241,13,Rabun,Georgia,34.879707,-83.407047,16883,7499,0,0,0,31.052482815950412,107.10583217878168,109.75245623641246,Winship Cancer Institute (Emory),32,20,1,483,225,47
13211,13,Morgan,Georgia,33.600047,-83.485701,20097,7133,0,0,0,29.922600311976964,54.87358629541687,60.11469138136391,Winship Cancer Institute (Emory),330,156,32,473,223,48
13213,13,Murray,Georgia,34.781729,-84.79164,39973,11478,0,0,0,38.033884514029545,83.23014052939372,87.86155973837202,Winship Cancer Institute (Emory),40,19,2,488,223,47
13217,13,Newton,Georgia,33.570575,-83.898026,112483,29374,0,0,0,30.22305013343195,30.22305013343195,34.837170446641565,Winship Cancer Institute (Emory),438,203,45,454,214,46
13219,13,Oconee,Georgia,33.876988,-83.464103,41799,12238,0,0,0,8.330219922637712,54.43939432713001,59.69613407452193,Winship Cancer Institute (Emory),332,157,32,492,229,49
13221,13,Oglethorpe,Georgia,33.918851,-83.147433,14825,5103,0,0,0,16.30676283685008,76.49999516894768,81.74483122827326,Winship Cancer Institute (Emory),35,17,5,494,231,49
27143,27,Sibley,Minnesota,44.58252,-94.165538,14836,5141,0,0,0,35.57973019980364,57.52204731112297,63.70986040491773,Masonic Cancer Center (Minnesota),213,105,17,477,229,49
13225,13,Peach,Georgia,32.589118,-83.822766,27981,8574,0,0,0,91.04851949236465,103.85815532043883,105.85470851190938,Winship Cancer Institute (Emory),11,5,1,433,200,44
13193,13,Macon,Georgia,32.324124,-84.039478,12082,3853,0,0,0,99.85826677228856,122.41588436389233,123.52733305801043,Winship Cancer Institute (Emory),11,5,1,58,32,5
13195,13,Madison,Georgia,34.101336,-83.240303,30120,9552,0,0,0,15.833447430074223,73.93024158175875,78.83368120458695,Winship Cancer Institute (Emory),61,33,6,496,232,49
13197,13,Marion,Georgia,32.382601,-84.524649,7498,2859,0,0,0,83.80214762781189,118.28597128880043,117.88984885835215,Winship Cancer Institute (Emory),4,2,1,352,170,32
13199,13,Meriwether,Georgia,33.016626,-84.675396,20613,7434,0,0,0,30.23201264096016,70.35421558273698,68.90776387586021,Winship Cancer Institute (Emory),41,23,4,444,205,46
13201,13,Miller,Georgia,31.160435,-84.738302,6000,2106,0,0,0,183.8649220598395,220.72716101632176,212.6101144917393,University of Florida Health Cancer Institute,12,7,1,28,13,2
13205,13,Mitchell,Georgia,31.218188,-84.171176,21755,6714,0,0,0,181.0258483645738,197.07646714714386,184.87112180991747,University of Florida Health Cancer Institute,12,7,1,28,13,2
13207,13,Monroe,Georgia,33.037037,-83.909101,27957,9552,0,0,0,63.793556050520486,66.69866085385843,69.09814980406838,Winship Cancer Institute (Emory),13,5,3,444,205,46
13209,13,Montgomery,Georgia,32.173336,-82.52948,8610,2694,0,0,0,98.41335526559591,168.2640109556938,175.0538666996843,Mayo Clinic Cancer Center – Jacksonville,1,1,0,80,43,7
13223,13,Paulding,Georgia,33.913898,-84.814237,168661,40755,0,0,0,17.780942101826685,29.558533108954467,35.095634700244666,Winship Cancer Institute (Emory),419,195,44,468,215,46
28063,28,Jefferson,Mississippi,31.714009,-91.057536,7260,2411,0,0,0,74.57267325997019,294.67202276743893,332.39485308665115,O'Neal Comprehensive Cancer Center (UAB),0,0,0,96,53,7
28025,28,Clay,Mississippi,33.624883,-88.693,18636,6053,0,0,0,22.694911852252616,130.27697995573308,131.03331948015233,O'Neal Comprehensive Cancer Center (UAB),28,18,2,36,22,2
28027,28,Coahoma,Mississippi,34.220105,-90.57036,21390,5978,0,0,0,64.70924263518403,88.76674932887738,266.0750263807927,O'Neal Comprehensive Cancer Center (UAB),0,0,0,120,61,8
28029,28,Copiah,Mississippi,31.893381,-90.378623,28368,9094,0,0,0,35.10468722236103,270.5899305498265,283.2436930071065,O'Neal Comprehensive Cancer Center (UAB),32,18,1,51,26,3
28031,28,Covington,Mississippi,31.634654,-89.546964,18340,5631,0,0,0,74.66288029765019,246.7380086448676,246.87891571148106,O'Neal Comprehensive Cancer Center (UAB),18,8,2,66,33,7
28037,28,Franklin,Mississippi,31.471678,-90.866734,7675,2713,0,0,0,81.27388223686354,310.9148928925754,330.671708023437,O'Neal Comprehensive Cancer Center (UAB),0,0,0,117,62,10
28039,28,George,Mississippi,30.868417,-88.590917,24350,6909,0,0,0,33.328194576774486,252.61184687678522,252.39312143022823,O'Neal Comprehensive Cancer Center (UAB),36,23,2,84,42,11
28041,28,Greene,Mississippi,31.195402,-88.629422,13530,3686,0,0,0,53.301768376008845,230.78995308171278,230.63569492766806,O'Neal Comprehensive Cancer Center (UAB),49,27,4,84,42,11
27099,27,Mower,Minnesota,43.665401,-92.901937,40029,12262,0,0,0,39.17342234868173,39.17342234868173,38.44193055927873,Mayo Clinic Cancer Center – Rochester,294,133,36,482,230,49
28009,28,Benton,Mississippi,34.813848,-89.203932,7646,2707,0,0,0,30.431275616268152,53.30353474320919,196.05510215123937,Vanderbilt-Ingram Cancer Center,121,63,8,121,63,8
28011,28,Bolivar,Mississippi,33.771865,-90.768825,30985,8860,0,0,0,66.53877319128587,127.82565789218745,274.7085079451352,O'Neal Comprehensive Cancer Center (UAB),0,0,0,40,22,4
28013,28,Calhoun,Mississippi,33.930069,-89.309537,13266,4486,0,0,0,36.581820180733615,107.08602697037392,176.4508556642369,O'Neal Comprehensive Cancer Center (UAB),34,22,2,121,63,8
28015,28,Carroll,Mississippi,33.46177,-89.919301,9998,3855,0,0,0,26.586161263171878,138.4215194738019,215.63526045715741,O'Neal Comprehensive Cancer Center (UAB),27,16,2,59,37,3
28017,28,Chickasaw,Mississippi,33.93085,-88.93891,17106,5239,0,0,0,46.05142478517729,118.7013764944728,151.49610376112847,O'Neal Comprehensive Cancer Center (UAB),34,22,2,122,63,8
28019,28,Choctaw,Mississippi,33.339222,-89.234179,8246,3041,0,0,0,52.99488455038306,155.14306082902212,168.93413895274384,O'Neal Comprehensive Cancer Center (UAB),27,16,2,61,37,3
28021,28,Claiborne,Mississippi,31.931505,-90.950731,9135,2593,0,0,0,57.683205819231354,275.28684408648405,317.59321108788976,O'Neal Comprehensive Cancer Center (UAB),32,18,1,37,19,1
28023,28,Clarke,Mississippi,32.067249,-88.731696,15615,5582,0,0,0,108.817518375461,179.89093546138312,179.98364686919555,O'Neal Comprehensive Cancer Center (UAB),0,0,0,50,26,3
27165,27,Watonwan,Minnesota,43.992768,-94.58359,11253,3771,0,0,0,88.1301853008109,109.009011335963,114.015428269444,Masonic Cancer Center (Minnesota),25,14,2,222,111,18
28045,28,Hancock,Mississippi,30.379142,-89.404092,46053,17414,0,0,0,39.898364197352116,317.7164981828366,317.59105775983465,O'Neal Comprehensive Cancer Center (UAB),69,28,7,163,75,20
27101,27,Murray,Minnesota,43.982392,-95.740801,8179,3331,0,0,0,68.95620515394026,68.95620515394026,169.54738100750976,Masonic Cancer Center (Minnesota),17,8,1,135,63,16
27103,27,Nicollet,Minnesota,44.265352,-94.058378,34454,10057,0,0,0,51.11682293661943,71.910783494613,76.32973046979231,Masonic Cancer Center (Minnesota),45,26,2,477,229,49
27107,27,Norman,Minnesota,47.308519,-96.484363,6441,2319,0,0,0,43.46712617698066,263.7171709235899,268.7599849327485,Masonic Cancer Center (Minnesota),78,35,7,83,37,9
27111,27,Otter Tail,Minnesota,46.408729,-95.789225,60081,24395,0,0,0,71.53602656919452,184.0252159445516,189.71791943649527,Masonic Cancer Center (Minnesota),16,10,1,93,43,9
27117,27,Pipestone,Minnesota,43.980739,-96.268335,9424,3202,0,0,0,44.677001197877935,44.677001197877935,197.46494454458684,Masonic Cancer Center (Minnesota),119,53,15,127,60,15
27075,27,Lake,Minnesota,47.186485,-91.560751,10905,4795,0,0,0,43.05599925838181,202.40120479914103,207.06428271866585,Masonic Cancer Center (Minnesota),62,34,2,62,34,2
27077,27,Lake of the Woods,Minnesota,48.769541,-94.744612,3763,1701,0,0,0,98.41070679134522,324.08819730844596,325.98179018990885,Masonic Cancer Center (Minnesota),0,0,0,46,21,5
27079,27,Le Sueur,Minnesota,44.39681,-93.716142,28674,9609,0,0,0,30.19414006486367,52.434504451979265,55.72764560390393,Masonic Cancer Center (Minnesota),220,110,18,476,228,49
28061,28,Jasper,Mississippi,31.961091,-89.144805,16367,5679,0,0,0,83.10528430070569,207.6535976091925,207.8068917937355,O'Neal Comprehensive Cancer Center (UAB),18,8,2,50,26,3
27085,27,McLeod,Minnesota,44.85967,-94.264775,36771,12430,0,0,0,34.46967756119717,53.928484311370056,61.20088421080743,Masonic Cancer Center (Minnesota),215,108,17,253,129,19
27087,27,Mahnomen,Minnesota,47.300158,-95.837513,5411,1623,0,0,0,59.52328340378807,239.4546484281361,243.89882264221694,Masonic Cancer Center (Minnesota),49,24,5,86,37,9
27089,27,Marshall,Minnesota,48.306927,-96.530084,9040,3331,0,0,0,110.21829671071,329.7516504363885,333.8043830139672,Masonic Cancer Center (Minnesota),27,14,2,54,26,6
27091,27,Martin,Minnesota,43.665559,-94.50935,20025,7712,0,0,0,100.2076445626459,125.16245173547162,124.8365435146489,Mayo Clinic Cancer Center – Rochester,25,14,2,74,39,2
28051,28,Holmes,Mississippi,33.089593,-90.028731,17000,4830,0,0,0,58.333882316920004,169.54329063661064,226.33294531444938,O'Neal Comprehensive Cancer Center (UAB),27,16,2,56,34,3
28053,28,Humphreys,Mississippi,33.164116,-90.518897,7785,2477,0,0,0,70.37159158545741,168.75825114080234,259.08153097089416,O'Neal Comprehensive Cancer Center (UAB),0,0,0,52,31,3
28055,28,Issaquena,Mississippi,32.889296,-91.018573,1338,407,0,0,0,72.00426193657269,201.4962201971064,297.0414416050759,O'Neal Comprehensive Cancer Center (UAB),0,0,0,53,32,3
28057,28,Itawamba,Mississippi,34.289689,-88.404342,23863,7303,0,0,0,44.468990140472485,122.75476051361807,127.89068181722189,O'Neal Comprehensive Cancer Center (UAB),30,19,2,44,25,4
28059,28,Jackson,Mississippi,30.443696,-88.66863,143252,43887,0,0,0,40.475002058093615,286.3354928659582,286.0761885348994,O'Neal Comprehensive Cancer Center (UAB),36,23,2,166,76,21
27081,27,Lincoln,Minnesota,44.373948,-96.252306,5640,2146,0,0,0,73.42774224976722,73.42774224976722,184.7304434148481,Masonic Cancer Center (Minnesota),6,4,0,130,62,15
26105,26,Mason,Michigan,43.97455,-86.346719,29052,11987,0,0,0,59.01340357801901,94.5191492719738,188.8478258630103,Robert H. Lurie Comprehensive Cancer Center (Northwestern),35,12,1,266,124,37
26061,26,Houghton,Michigan,47.127331,-88.54177,37361,10796,0,0,0,129.42900124648912,316.5633472709373,323.599216527492,Masonic Cancer Center (Minnesota),0,0,0,3,1,1
26063,26,Huron,Michigan,43.832366,-83.063027,31407,13471,0,0,0,40.11119186868696,104.37634164556779,123.15615875475875,Karmanos Cancer Institute (Wayne State),38,21,4,132,64,11
26067,26,Ionia,Michigan,42.957003,-85.086727,66804,19005,0,0,0,32.70277374688285,32.70277374688285,100.15253498047332,University of Michigan Rogel Cancer Center,264,123,36,447,211,58
26069,26,Iosco,Michigan,44.357042,-83.532361,25237,12162,0,0,0,77.09530884114749,147.35732755778142,169.0732482670625,Karmanos Cancer Institute (Wayne State),12,7,1,79,40,4
26071,26,Iron,Michigan,46.099565,-88.53764,11631,5650,0,0,0,63.89092820600373,255.78384142730897,256.0728111517753,UW Carbone Cancer Center,3,1,1,81,42,5
26079,26,Kalkaska,Michigan,44.720582,-85.164963,17939,6777,0,0,0,26.405312431730184,148.4064113815694,220.25829191191377,University of Michigan Rogel Cancer Center,43,14,3,58,20,4
26083,26,Keweenaw,Michigan,47.336126,-88.289269,2046,1102,0,0,0,145.06531877989633,337.8949296483409,344.86147550935647,Masonic Cancer Center (Minnesota),0,0,0,1,0,1
13235,13,Pulaski,Georgia,32.273393,-83.478958,9855,3588,0,0,0,126.59836086385167,136.64259737768856,139.16810049762216,Winship Cancer Institute (Emory),11,5,1,26,13,4
26033,26,Chippewa,Michigan,46.365585,-84.396326,36785,11898,0,0,0,154.12888366122397,291.3712633335656,341.35719406905264,University of Michigan Rogel Cancer Center,0,0,0,13,5,3
26035,26,Clare,Michigan,43.944384,-84.825685,30856,12863,0,0,0,31.811234779045652,94.63398967056757,153.37271834428094,University of Michigan Rogel Cancer Center,50,19,3,281,132,37
26037,26,Clinton,Michigan,42.886259,-84.55428,79128,25806,0,0,0,16.920669177320814,65.34621181745868,71.31681569716534,University of Michigan Rogel Cancer Center,106,54,7,620,290,93
26039,26,Crawford,Michigan,44.657052,-84.668957,12988,5982,0,0,0,55.84821093347231,151.76589380247734,205.31948952088814,University of Michigan Rogel Cancer Center,47,17,3,68,28,5
26045,26,Eaton,Michigan,42.645094,-84.739621,109175,36815,0,0,0,15.858454317381021,59.95349656309592,68.86967803602101,University of Michigan Rogel Cancer Center,281,134,37,622,292,93
26053,26,Gogebic,Michigan,46.446365,-89.992958,14380,6595,0,0,0,45.32691504788728,216.7444090874337,223.82700273537782,Masonic Cancer Center (Minnesota),52,27,2,76,40,6
26059,26,Hillsdale,Michigan,41.916883,-84.605231,45746,16307,0,0,0,29.58295648896698,60.98062615408373,61.48588361200178,University of Michigan Rogel Cancer Center,49,20,4,651,301,96
27045,27,Fillmore,Minnesota,43.696271,-92.081754,21228,7678,0,0,0,36.01186599328384,36.01186599328384,35.471852279745704,Mayo Clinic Cancer Center – Rochester,329,155,36,362,170,38
26085,26,Lake,Michigan,43.95721,-85.799431,12096,5481,0,0,0,26.363389549256837,83.1943837598571,187.34241251898922,University of Michigan Rogel Cancer Center,37,12,1,255,115,36
13255,13,Spalding,Georgia,33.258944,-84.271569,67306,21344,0,0,0,33.489676942893084,44.08099995717241,44.56722558921844,Winship Cancer Institute (Emory),424,198,45,444,205,46
13257,13,Stephens,Georgia,34.558402,-83.289701,26784,9204,0,0,0,23.194765424893113,91.51072244572299,95.16081913534758,Winship Cancer Institute (Emory),59,32,5,460,216,46
13259,13,Stewart,Georgia,32.068608,-84.758019,5314,1325,0,0,0,108.57885305736617,147.09641585885555,146.24186693089857,Winship Cancer Institute (Emory),11,7,2,65,35,5
13261,13,Sumter,Georgia,32.061409,-84.222402,29616,8593,0,0,0,114.83539235642178,143.35174139073504,143.88185042407125,Winship Cancer Institute (Emory),10,6,1,64,34,5
13263,13,Talbot,Georgia,32.700716,-84.58298,5733,2579,0,0,0,57.12113076781043,93.27933188362512,92.44158664212334,Winship Cancer Institute (Emory),41,23,4,429,201,45
13265,13,Taliaferro,Georgia,33.568965,-82.886099,1559,648,0,0,0,46.53819177071947,95.71291047858575,101.0360235481791,Winship Cancer Institute (Emory),74,41,8,474,221,48
13267,13,Tattnall,Georgia,32.036453,-82.058473,22842,6705,0,0,0,64.79171362186207,147.399308645208,152.4749565343899,Mayo Clinic Cancer Center – Jacksonville,1,1,0,72,39,6
26109,26,Menominee,Michigan,45.342064,-87.579801,23502,10081,0,0,0,18.67580247704515,192.9074982591327,217.60887899563,UW Carbone Cancer Center,51,26,3,89,46,8
26101,26,Manistee,Michigan,44.306321,-86.185294,25032,11057,0,0,0,47.794726571602745,116.42828130237056,217.87651349529523,Robert H. Lurie Comprehensive Cancer Center (Northwestern),43,14,3,269,124,37
26115,26,Monroe,Michigan,41.901664,-83.486421,154809,53245,0,0,0,22.299002571572032,33.01552184786716,34.497998566982695,University of Michigan Rogel Cancer Center,474,227,66,661,311,85
26117,26,Montcalm,Michigan,43.283564,-85.172737,66614,21220,0,0,0,38.24990365543441,38.24990365543441,121.14298442621185,University of Michigan Rogel Cancer Center,234,103,35,290,138,37
26119,26,Montmorency,Michigan,44.997449,-84.12591,9153,4940,0,0,0,90.52176555654803,191.0257967422111,226.87570706434977,University of Michigan Rogel Cancer Center,22,11,3,56,20,4
26123,26,Newaygo,Michigan,43.466224,-85.811272,49978,18092,0,0,0,30.531883995992494,43.30331303707737,160.35899772324413,University of Michigan Rogel Cancer Center,230,101,34,274,126,37
26127,26,Oceana,Michigan,43.632662,-86.305778,26659,10057,0,0,0,32.698347383026196,69.12726194723908,164.66610707871817,Robert H. Lurie Comprehensive Cancer Center (Northwestern),26,6,2,398,190,60
26089,26,Leelanau,Michigan,44.906992,-85.730072,22301,11379,0,0,0,17.462370519788916,161.403978055409,248.96904087245903,University of Michigan Rogel Cancer Center,43,14,3,69,30,4
26091,26,Lenawee,Michigan,41.926112,-84.052777,99423,33617,0,0,0,34.0195425488815,34.0195425488815,35.13065161881388,University of Michigan Rogel Cancer Center,264,141,29,521,246,71
26095,26,Luce,Michigan,46.335663,-85.56135,5339,2359,0,0,0,97.19674386164418,279.7644730337298,353.42306115863335,UW Carbone Cancer Center,2,1,1,30,14,3
26097,26,Mackinac,Michigan,45.997314,-84.881331,10834,5068,0,0,0,114.66746835745734,255.50446111451078,316.02972331780865,University of Michigan Rogel Cancer Center,12,4,3,54,20,4
26113,26,Missaukee,Michigan,44.307677,-85.179858,15052,5560,0,0,0,30.288387151412024,114.75353049227046,189.7808119847667,University of Michigan Rogel Cancer Center,48,16,3,251,112,36
26131,26,Ontonagon,Michigan,46.718929,-89.288199,5816,3412,0,0,0,84.40059406685738,262.7745137524328,269.8816180695142,Masonic Cancer Center (Minnesota),0,0,0,76,40,6
26135,26,Oscoda,Michigan,44.701471,-84.14837,8219,3916,0,0,0,86.31224721595545,169.1470164289977,202.65566173102505,University of Michigan Rogel Cancer Center,12,7,1,68,28,5
26137,26,Otsego,Michigan,45.006949,-84.666769,25091,9452,0,0,0,60.70368216483852,178.9564347381557,233.27709172974525,University of Michigan Rogel Cancer Center,12,4,3,56,20,4
26141,26,Presque Isle,Michigan,45.356976,-83.868249,12982,6762,0,0,0,115.31366925074553,224.4100429891831,254.19775786966818,Karmanos Cancer Institute (Wayne State),10,5,1,54,20,4
26143,26,Roscommon,Michigan,44.364342,-84.650133,23459,12507,0,0,0,53.53169169431765,130.178413747034,181.80104293941218,University of Michigan Rogel Cancer Center,39,15,1,68,28,5
26149,26,St. Joseph,Michigan,41.887521,-85.526887,60939,19776,0,0,0,31.309428407418235,89.27441230869144,115.1173546575462,University of Michigan Rogel Cancer Center,49,17,4,485,235,62
13243,13,Randolph,Georgia,31.758591,-84.758082,6425,2245,0,0,0,134.2807726426308,172.16569043764315,171.48686576127372,Winship Cancer Institute (Emory),8,6,1,35,16,3
13247,13,Rockdale,Georgia,33.642136,-84.019225,93570,27818,0,0,0,19.971389962221853,19.971389962221853,24.59828858406057,Winship Cancer Institute (Emory),438,203,45,456,215,46
27049,27,Goodhue,Minnesota,44.446353,-92.66657,47582,16935,0,0,0,36.75804464500054,36.75804464500054,37.523053632933795,Mayo Clinic Cancer Center – Rochester,372,178,37,489,233,51
13251,13,Screven,Georgia,32.722235,-81.629825,14067,5004,0,0,0,65.44796722684468,115.46465002652221,117.36113850509996,Hollings Cancer Center (MUSC),1,1,0,176,87,16
27063,27,Jackson,Minnesota,43.66536,-95.109576,9989,3787,0,0,0,97.76925831226977,97.76925831226977,155.43027068369997,Masonic Cancer Center (Minnesota),22,13,1,147,68,16
27065,27,Kanabec,Minnesota,45.885216,-93.297994,16032,5993,0,0,0,26.204978205954944,74.82508441937165,75.51535822435453,Masonic Cancer Center (Minnesota),85,46,3,263,134,23
27069,27,Kittson,Minnesota,48.729252,-96.77663,4207,1731,0,0,0,142.1032848605436,366.39327311632616,370.2944550998423,Masonic Cancer Center (Minnesota),0,0,0,27,14,2
27073,27,Lac qui Parle,Minnesota,44.982404,-96.130868,6719,2824,0,0,0,66.74207239255959,123.3455771004896,169.81646664129468,Masonic Cancer Center (Minnesota),7,4,1,46,27,3
13227,13,Pickens,Georgia,34.455831,-84.436004,33216,13137,0,0,0,43.432746520327285,51.75153133040631,55.349552052118554,Winship Cancer Institute (Emory),401,185,43,473,222,45
13229,13,Pierce,Georgia,31.313022,-82.242367,19716,5829,0,0,0,95.0535080687783,95.0535080687783,102.84282982761985,Mayo Clinic Cancer Center – Jacksonville,0,0,0,282,129,29
13231,13,Pike,Georgia,33.10478,-84.366582,18889,5756,0,0,0,34.06515765206468,57.42494198709968,57.266585856166785,Winship Cancer Institute (Emory),339,165,31,444,205,46
13233,13,Polk,Georgia,34.010871,-85.174625,42853,12238,0,0,0,42.78391391046053,55.560722164679426,61.142796607700866,Winship Cancer Institute (Emory),184,81,20,454,209,45
13249,13,Schley,Georgia,32.241832,-84.306635,4547,1290,0,0,0,98.7866288600436,128.44716190734502,128.7509871420712,Winship Cancer Institute (Emory),13,7,2,64,34,5
27051,27,Grant,Minnesota,45.948536,-95.931474,6074,2296,0,0,0,84.55078906074033,169.79154447025414,176.31763955984033,Masonic Cancer Center (Minnesota),0,0,0,93,43,9
27055,27,Houston,Minnesota,43.720423,-91.438661,18843,7267,0,0,0,18.02944230333185,66.94530920110347,66.76736951220687,Mayo Clinic Cancer Center – Rochester,59,37,2,356,167,38
13187,13,Lumpkin,Georgia,34.524477,-83.988151,33488,10628,0,0,0,62.1264474767199,63.428401635645045,64.7837644027708,Winship Cancer Institute (Emory),14,6,3,489,228,46
13189,13,McDuffie,Georgia,33.459579,-82.468712,21632,7055,0,0,0,28.957129389753934,125.8359621204518,131.14207168303037,Winship Cancer Institute (Emory),45,27,4,148,73,15
13191,13,McIntosh,Georgia,31.480147,-81.405656,10975,5114,0,0,0,50.385449591242455,99.14645405923328,100.41379555168967,Mayo Clinic Cancer Center – Jacksonville,32,15,3,279,127,29
27025,27,Chisago,Minnesota,45.452093,-92.924032,56621,18111,0,0,0,29.316049873549087,39.52199695234212,43.497449961931466,Masonic Cancer Center (Minnesota),250,128,20,264,133,23
27027,27,Clay,Minnesota,46.855003,-96.673903,65318,15808,0,0,0,10.897817516217168,246.4729466148298,252.20576083449032,Masonic Cancer Center (Minnesota),78,35,7,83,37,9
27029,27,Clearwater,Minnesota,47.559971,-95.388788,8524,3030,0,0,0,29.46755258687479,243.66086561322115,247.2685635822931,Masonic Cancer Center (Minnesota),47,22,5,94,44,9
27023,27,Chippewa,Minnesota,44.961846,-95.618298,12598,4378,0,0,0,38.648484564382194,132.4002446556746,139.78699963824786,Masonic Cancer Center (Minnesota),25,16,1,60,35,3
27033,27,Cottonwood,Minnesota,43.938574,-95.120928,11517,4075,0,0,0,101.0116387694175,101.4862295755366,140.86491784181038,Masonic Cancer Center (Minnesota),27,16,1,145,68,16
27039,27,Dodge,Minnesota,44.030082,-92.805954,20867,5946,0,0,0,19.661463405465245,19.661463405465245,19.560729924429555,Mayo Clinic Cancer Center – Rochester,294,133,36,489,233,51
27041,27,Douglas,Minnesota,45.907933,-95.389465,39006,15054,0,0,0,66.0896182571619,141.0011316465207,147.23821096631067,Masonic Cancer Center (Minnesota),10,4,1,92,43,8
27043,27,Faribault,Minnesota,43.682751,-93.954993,13921,5315,0,0,0,90.34383038890418,92.84236236412666,92.45980551583683,Mayo Clinic Cancer Center – Rochester,8,2,1,478,228,49
26155,26,Shiawassee,Michigan,42.942704,-84.147876,68094,23705,0,0,0,27.987403672706495,58.70767643107899,60.84573590949677,University of Michigan Rogel Cancer Center,135,65,11,619,289,93
26159,26,Van Buren,Michigan,42.260186,-86.001338,75587,25747,0,0,0,25.46411286239369,62.52529222054251,103.83137965454335,Robert H. Lurie Comprehensive Cancer Center (Northwestern),52,18,4,711,330,84
26165,26,Wexford,Michigan,44.309686,-85.486553,33673,11776,0,0,0,29.552585884574604,112.07030235294793,199.12438396962867,University of Michigan Rogel Cancer Center,45,14,3,251,112,36
27009,27,Benton,Minnesota,45.634664,-94.10435,41379,10888,0,0,0,15.834011674466975,69.67012543844886,74.53310048590522,Masonic Cancer Center (Minnesota),36,22,2,254,130,20
27011,27,Big Stone,Minnesota,45.395362,-96.446286,5166,2172,0,0,0,85.71962623029451,153.25047844367566,190.83238978929825,Masonic Cancer Center (Minnesota),1,0,1,34,21,3
27031,27,Cook,Minnesota,47.790102,-90.339448,5600,2656,0,0,0,111.82816693209156,280.69385484272203,286.1246691398388,Masonic Cancer Center (Minnesota),0,0,0,52,27,2
13143,13,Haralson,Georgia,33.760719,-85.184723,29919,8901,0,0,0,44.484145467897534,54.65664626718664,59.302423094816305,Winship Cancer Institute (Emory),207,95,21,565,261,59
29103,29,Knox,Missouri,40.155205,-92.154081,3744,1347,0,0,0,64.21366453341025,132.05196136975684,130.73019598619246,Holden Comprehensive Cancer Center (Iowa),5,2,1,86,41,12
29105,29,Laclede,Missouri,37.669688,-92.653795,36039,11587,0,0,0,33.985671767280756,160.95146308756765,171.40806891926528,University of Kansas Cancer Center,68,34,5,87,40,10
29107,29,Lafayette,Missouri,39.055172,-93.842193,32984,11013,0,0,0,38.958855974098775,38.958855974098775,49.44147663530246,University of Kansas Cancer Center,235,120,23,270,137,28
29109,29,Lawrence,Missouri,37.034976,-93.799734,38001,11924,0,0,0,34.93732723982717,168.323019546751,175.70659091753285,University of Kansas Cancer Center,61,32,5,120,54,10
29111,29,Lewis,Missouri,40.08916,-91.641748,10032,3249,0,0,0,39.35034810134732,132.29468421379036,130.62863490336025,Holden Comprehensive Cancer Center (Iowa),55,31,5,86,40,12
29113,29,Lincoln,Missouri,38.996776,-90.929751,59574,17291,0,0,0,24.608275037576885,45.50697887642543,52.76644806437859,Siteman Cancer Center (WashU),441,222,59,483,239,64
29115,29,Linn,Missouri,39.797177,-93.066695,11874,4205,0,0,0,84.47596362041429,109.76717378626249,116.39912855057905,University of Kansas Cancer Center,0,0,0,198,100,21
27167,27,Wilkin,Minnesota,46.316429,-96.525623,6506,2265,0,0,0,48.55366087275197,214.40672262021025,220.73238860548716,Masonic Cancer Center (Minnesota),77,34,7,78,35,7
29085,29,Hickory,Missouri,37.91105,-93.329051,8279,4281,0,0,0,40.39463013243898,116.37891370598084,126.17829125131865,University of Kansas Cancer Center,68,34,5,159,79,17
29087,29,Holt,Missouri,40.084331,-95.185877,4223,1767,0,0,0,36.15266355743056,100.26702921474758,92.87908695915796,University of Kansas Cancer Center,26,16,2,410,193,52
29089,29,Howard,Missouri,39.140559,-92.70446,10151,3358,0,0,0,28.983426982363653,112.50751369259388,122.81911882021379,University of Kansas Cancer Center,39,15,9,144,72,17
29091,29,Howell,Missouri,36.792561,-91.873718,39750,13259,0,0,0,95.78036471672203,181.7998713825508,184.94642023903677,Siteman Cancer Center (WashU),0,0,0,81,40,10
29097,29,Jasper,Missouri,37.129578,-94.444125,122761,34255,0,0,0,17.345826165894675,150.10824236812687,160.075386294202,University of Kansas Cancer Center,30,18,2,116,52,10
29101,29,Johnson,Missouri,38.758577,-93.770288,54013,12980,0,0,0,48.2364938117961,48.2364938117961,59.52507928973378,University of Kansas Cancer Center,106,53,11,270,137,28
29065,29,Dent,Missouri,37.631372,-91.545105,14421,5378,0,0,0,29.05479566605191,112.84979465079324,117.24522193239561,Siteman Cancer Center (WashU),24,14,3,442,222,59
29067,29,Douglas,Missouri,36.940662,-92.603414,11578,4711,0,0,0,51.15996714542792,202.4687682372997,207.26062831204553,Siteman Cancer Center (WashU),60,32,5,88,40,5
29117,29,Livingston,Missouri,39.79808,-93.553067,14557,4602,0,0,0,75.42947830362785,86.77360030959639,91.49012880903102,University of Kansas Cancer Center,0,0,0,272,137,28
13165,13,Jenkins,Georgia,32.789871,-81.947165,8674,3284,0,0,0,53.401070967869764,137.2474074185019,139.31947190763393,Hollings Cancer Center (MUSC),46,28,4,78,44,6
13167,13,Johnson,Georgia,32.699439,-82.684511,9189,3055,0,0,0,74.70375891798848,141.1623740640398,145.55773983265502,Winship Cancer Institute (Emory),0,0,0,83,44,9
13169,13,Jones,Georgia,32.961196,-83.550237,28347,9066,0,0,0,82.84283322896981,84.00107413721267,87.48528090020777,Winship Cancer Institute (Emory),11,5,1,466,216,48
13171,13,Lamar,Georgia,33.084155,-84.154394,18500,5771,0,0,0,46.972631741371984,58.89637447671807,60.07880049074332,Winship Cancer Institute (Emory),341,165,31,444,205,46
13173,13,Lanier,Georgia,31.037307,-83.097639,9877,2778,0,0,0,121.85573281412995,121.85573281412995,127.74831948128833,University of Florida Health Cancer Institute,5,2,1,21,12,1
13175,13,Laurens,Georgia,32.517494,-82.925405,49570,15212,0,0,0,96.90159451343352,139.85190557471685,143.70907494534077,Winship Cancer Institute (Emory),11,5,1,60,34,6
13145,13,Harris,Georgia,32.69754,-84.894283,34668,12050,0,0,0,57.51544946074481,100.24065302316946,99.1508406466072,Winship Cancer Institute (Emory),41,23,4,429,201,45
13147,13,Hart,Georgia,34.355547,-82.964995,25828,9767,0,0,0,29.293195019116933,99.78189925499207,104.3514048339956,Winship Cancer Institute (Emory),104,51,9,479,225,48
13141,13,Hancock,Georgia,33.254841,-83.01325,8735,3472,0,0,0,63.02441898085278,96.1770867630388,101.12288611899501,Winship Cancer Institute (Emory),9,5,1,453,210,46
13155,13,Irwin,Georgia,31.604345,-83.27986,9666,2783,0,0,0,155.30589299870476,160.1297309597585,170.21101559902118,Mayo Clinic Cancer Center – Jacksonville,1,0,0,29,15,2
13157,13,Jackson,Georgia,34.129495,-83.599045,75907,21488,0,0,0,21.07450934015236,52.731782393567286,57.137179544560944,Winship Cancer Institute (Emory),332,157,32,474,222,47
13159,13,Jasper,Georgia,33.358288,-83.726512,14588,4940,0,0,0,50.77799374629371,50.77799374629371,54.945821958699504,Winship Cancer Institute (Emory),335,158,33,466,216,48
13125,13,Glascock,Georgia,33.236629,-82.60966,2884,958,0,0,0,41.7678336977774,122.17787010283247,127.29289765990194,Winship Cancer Institute (Emory),45,27,4,94,48,11
13127,13,Glynn,Georgia,31.202596,-81.486211,84499,30604,0,0,0,73.93362172659579,75.55688541600756,77.3452871093543,Mayo Clinic Cancer Center – Jacksonville,1,1,0,281,129,29
13129,13,Gordon,Georgia,34.498248,-84.907765,57544,16532,0,0,0,51.996939599638324,65.40885331159652,70.72263911588877,Winship Cancer Institute (Emory),61,30,6,466,214,46
13131,13,Grady,Georgia,30.881836,-84.212447,26236,8317,0,0,0,164.87076459156293,191.21094686046766,168.82653261491203,University of Florida Health Cancer Institute,18,10,1,25,12,1
13133,13,Greene,Georgia,33.535248,-83.179388,18915,9213,0,0,0,37.13088331260911,76.6888457375668,81.94139948926902,Winship Cancer Institute (Emory),31,15,5,473,223,48
13137,13,Habersham,Georgia,34.565656,-83.541387,46031,14832,0,0,0,38.62779154323419,80.49988536699051,83.53123903606581,Winship Cancer Institute (Emory),60,32,6,462,217,46
13149,13,Heard,Georgia,33.307964,-85.116748,11412,3664,0,0,0,27.176055864753874,66.1027365087143,67.96685017421525,Winship Cancer Institute (Emory),37,21,3,545,253,60
29199,29,Scotland,Missouri,40.44806,-92.151796,4716,1479,0,0,0,59.9464659855379,108.88850711754732,107.66603030755506,Holden Comprehensive Cancer Center (Iowa),50,29,4,175,91,25
29153,29,Ozark,Missouri,36.623314,-92.421851,8553,4051,0,0,0,75.42073852653782,210.52084141379342,218.13497311050105,Siteman Cancer Center (WashU),15,10,1,61,33,5
29155,29,Pemiscot,Missouri,36.179974,-89.744692,15661,4748,0,0,0,68.26217348466203,87.49313547436476,196.93162956044634,Vanderbilt-Ingram Cancer Center,0,0,0,163,84,12
29157,29,Perry,Missouri,37.713861,-89.85786,18956,6292,0,0,0,27.576478344397486,79.47398336056956,80.13476703719823,Siteman Cancer Center (WashU),68,35,6,457,228,60
29159,29,Pettis,Missouri,38.701441,-93.247496,42980,13100,0,0,0,61.453261641937466,81.39646489132707,92.72700311142218,University of Kansas Cancer Center,0,0,0,266,134,28
29163,29,Pike,Missouri,39.362999,-91.160041,17587,5671,0,0,0,57.77412798560578,77.54585239747173,83.99677383000049,Siteman Cancer Center (WashU),66,38,5,483,239,64
29169,29,Pulaski,Missouri,37.822042,-92.175732,53955,9479,0,0,0,29.80367331886189,134.8427030798817,141.07094337056074,Siteman Cancer Center (WashU),32,16,2,102,48,12
29171,29,Putnam,Missouri,40.483035,-92.984514,4681,1835,0,0,0,103.62958385449735,133.48721390159946,132.97270066109306,Holden Comprehensive Cancer Center (Iowa),0,0,0,119,63,13
29069,29,Dunklin,Missouri,36.324914,-90.058119,28283,8871,0,0,0,57.6349921829044,99.66126168466594,191.23202423134686,Siteman Cancer Center (WashU),29,12,5,164,84,13
29135,29,Moniteau,Missouri,38.627456,-92.611037,15473,4438,0,0,0,33.091852189693,122.59918794781773,133.8910620035082,University of Kansas Cancer Center,56,24,9,76,35,10
29137,29,Monroe,Missouri,39.524752,-91.966322,8666,3477,0,0,0,52.33317695613804,124.9953821650659,132.40232683336887,Siteman Cancer Center (WashU),41,14,10,123,62,15
29139,29,Montgomery,Missouri,38.948967,-91.467436,11322,4140,0,0,0,52.206020312054264,74.0873329233889,82.12002361077316,Siteman Cancer Center (WashU),111,58,13,469,230,64
29141,29,Morgan,Missouri,38.383773,-92.85098,21006,8389,0,0,0,26.653040133566872,115.43645661200986,126.70303734868139,University of Kansas Cancer Center,56,24,9,159,79,17
29143,29,New Madrid,Missouri,36.612845,-89.651942,16434,5443,0,0,0,61.623435715904066,123.86688068594502,171.6771178928269,Siteman Cancer Center (WashU),0,0,0,80,40,9
29147,29,Nodaway,Missouri,40.352259,-94.868321,21241,6133,0,0,0,49.971139664351234,106.63348214679333,100.8140895209795,Fred & Pamela Buffett Cancer Center (UNMC),26,16,2,410,193,52
29149,29,Oregon,Missouri,36.614979,-91.47387,8635,3343,0,0,0,84.08563157612103,162.82701196825494,184.5828511134481,Siteman Cancer Center (WashU),0,0,0,48,24,7
29151,29,Osage,Missouri,38.455126,-91.884527,13274,4342,0,0,0,43.367839313574535,98.20387475352076,105.87636568824028,Siteman Cancer Center (WashU),72,33,10,456,225,63
29119,29,McDonald,Missouri,36.615343,-94.399016,23303,7007,0,0,0,25.423559959860498,192.79512120248424,202.81675393452207,University of Kansas Cancer Center,82,34,7,135,58,11
29173,29,Ralls,Missouri,39.579823,-91.469172,10355,4009,0,0,0,72.09771679398287,104.10453218605274,110.67832039203516,Siteman Cancer Center (WashU),5,2,1,477,237,64
29073,29,Gasconade,Missouri,38.446364,-91.490137,14794,5769,0,0,0,31.907231326542306,73.23830712184244,80.73590924843123,Siteman Cancer Center (WashU),89,52,6,468,229,64
29075,29,Gentry,Missouri,40.203737,-94.432825,6162,2077,0,0,0,44.894069015312866,98.98057846302073,95.84958629218197,University of Kansas Cancer Center,26,16,2,253,133,23
29079,29,Grundy,Missouri,40.093264,-93.59577,9808,3456,0,0,0,82.85383226086607,104.92678542247003,107.7086638902688,University of Kansas Cancer Center,0,0,0,179,95,15
29081,29,Harrison,Missouri,40.315594,-94.001268,8157,2980,0,0,0,69.9567629970745,111.88396909355733,111.44233756132519,University of Kansas Cancer Center,0,0,0,221,116,24
29083,29,Henry,Missouri,38.394287,-93.73769,21946,8242,0,0,0,68.52974351880017,68.52974351880017,78.69392594625832,University of Kansas Cancer Center,1,1,0,281,141,29
29049,29,Clinton,Missouri,39.602433,-94.367454,21184,7106,0,0,0,30.14631971386627,49.36869823105004,47.92013219794601,University of Kansas Cancer Center,175,94,15,250,132,23
29053,29,Cooper,Missouri,38.91006,-92.772757,17103,5562,0,0,0,29.352250765525895,108.08302658295862,119.03139246967248,University of Kansas Cancer Center,39,15,9,140,70,16
29055,29,Crawford,Missouri,38.061879,-91.321648,23056,8179,0,0,0,29.477574914644574,77.50383824282031,83.01164478312191,Siteman Cancer Center (WashU),50,26,4,468,229,64
29197,29,Schuyler,Missouri,40.461863,-92.520354,4032,1317,0,0,0,83.22169491881476,117.70432506491345,116.81351142593695,Holden Comprehensive Cancer Center (Iowa),0,0,0,206,105,29
29059,29,Dallas,Missouri,37.643751,-93.066641,17071,6111,0,0,0,40.70900449929366,144.43057198231034,154.20011051462268,University of Kansas Cancer Center,68,34,5,88,41,10
29061,29,Daviess,Missouri,39.938229,-93.980672,8430,2932,0,0,0,55.63633120997504,82.4851542012678,83.51488120611694,University of Kansas Cancer Center,26,16,2,253,133,23
29063,29,DeKalb,Missouri,39.825582,-94.354573,11029,3740,0,0,0,30.285003356179672,67.86764510184722,65.88865629605986,University of Kansas Cancer Center,65,32,6,253,133,23
29175,29,Randolph,Missouri,39.413737,-92.451801,24716,7511,0,0,0,38.80578848317947,132.30337435697055,141.74600710742186,University of Kansas Cancer Center,36,12,9,87,42,12
29177,29,Ray,Missouri,39.336637,-94.062098,23158,7950,0,0,0,28.77595429608815,36.56547737571505,42.21503252859822,University of Kansas Cancer Center,250,132,23,269,136,28
29179,29,Reynolds,Missouri,37.329,-90.970144,6096,2429,0,0,0,52.53600583091761,115.4839105228027,116.91169237886068,Siteman Cancer Center (WashU),44,23,4,453,225,60
29181,29,Ripley,Missouri,36.626945,-90.790679,10679,3745,0,0,0,66.1001870398753,138.10865396900212,169.23432233733624,Siteman Cancer Center (WashU),0,0,0,73,35,8
29185,29,St. Clair,Missouri,38.057169,-93.763876,9284,3913,0,0,0,66.45511926549979,90.48968605792874,99.32715255808013,University of Kansas Cancer Center,17,11,1,281,141,29
29195,29,Saline,Missouri,39.111399,-93.202654,23333,6950,0,0,0,58.173387488436035,80.37691951144504,90.69845775178105,University of Kansas Cancer Center,36,12,9,270,137,28
29057,29,Dade,Missouri,37.415382,-93.824927,7569,3059,0,0,0,38.70140261184222,138.23152097269798,145.30479813799838,University of Kansas Cancer Center,62,33,5,121,55,10
28111,28,Perry,Mississippi,31.262146,-88.992608,11511,3792,0,0,0,75.32795094972538,241.38965017928405,241.33373439042734,O'Neal Comprehensive Cancer Center (UAB),18,8,2,76,39,10
28113,28,Pike,Mississippi,31.219047,-90.435044,40324,12006,0,0,0,76.78271633969284,317.28921978919,317.472596996543,O'Neal Comprehensive Cancer Center (UAB),2,0,0,189,93,20
28115,28,Pontotoc,Mississippi,34.253564,-89.015136,31184,8633,0,0,0,19.03437009868317,93.9170574214509,164.39879797119417,O'Neal Comprehensive Cancer Center (UAB),34,22,2,121,63,8
28083,28,Leflore,Mississippi,33.513518,-90.203416,28339,7346,0,0,0,34.72669902732043,135.85826665336918,235.17392536138465,O'Neal Comprehensive Cancer Center (UAB),27,16,2,64,37,5
28085,28,Lincoln,Mississippi,31.54927,-90.457896,34907,10832,0,0,0,64.15756297331345,299.59925712651636,302.8572462977468,O'Neal Comprehensive Cancer Center (UAB),0,0,0,117,62,10
28089,28,Madison,Mississippi,32.509875,-90.104845,109145,30930,0,0,0,20.116798652762387,217.84779719385605,244.1584801788783,O'Neal Comprehensive Cancer Center (UAB),32,18,1,70,39,5
28091,28,Marion,Mississippi,31.245825,-89.830527,24441,7789,0,0,0,71.8235883306284,283.0807063191835,283.1813687074415,O'Neal Comprehensive Cancer Center (UAB),18,8,2,189,93,20
28093,28,Marshall,Mississippi,34.816554,-89.544076,33752,11216,0,0,0,29.079337114523987,34.9374295203019,215.31035557149633,Vanderbilt-Ingram Cancer Center,119,61,8,126,64,10
13163,13,Jefferson,Georgia,33.06898,-82.408116,15709,4986,0,0,0,38.67684529446735,140.63032138963044,145.6535565717601,Winship Cancer Institute (Emory),45,27,4,90,47,9
28097,28,Montgomery,Mississippi,33.496327,-89.682458,9822,3584,0,0,0,23.989461487439538,136.25517588355999,199.18617478926666,O'Neal Comprehensive Cancer Center (UAB),27,16,2,59,37,3
28099,28,Neshoba,Mississippi,32.755039,-89.120008,29087,8207,0,0,0,81.22919250962362,172.2733433926593,172.69812082054554,O'Neal Comprehensive Cancer Center (UAB),0,0,0,54,31,3
28065,28,Jefferson Davis,Mississippi,31.575445,-89.816038,11321,4269,0,0,0,67.91183404709982,264.5784768031372,264.74985725982066,O'Neal Comprehensive Cancer Center (UAB),18,8,2,66,33,7
28067,28,Jones,Mississippi,31.667175,-89.167194,67246,19936,0,0,0,93.06976026176791,224.94477378242345,225.02114413123002,O'Neal Comprehensive Cancer Center (UAB),18,8,2,74,41,5
28069,28,Kemper,Mississippi,32.763776,-88.672958,8988,3000,0,0,0,65.73826734086576,143.52930973230573,143.88653693080425,O'Neal Comprehensive Cancer Center (UAB),0,0,0,54,31,3
28073,28,Lamar,Mississippi,31.273921,-89.439932,64222,17052,0,0,0,82.39566722852676,261.61468868035246,261.6528436354343,O'Neal Comprehensive Cancer Center (UAB),18,8,2,120,57,11
28075,28,Lauderdale,Mississippi,32.401267,-88.692876,72984,22431,0,0,0,95.15000430821351,160.2756130207964,160.47988605248096,O'Neal Comprehensive Cancer Center (UAB),0,0,0,70,38,5
28077,28,Lawrence,Mississippi,31.553787,-90.110558,12016,3934,0,0,0,63.05389994789048,282.24314911256823,282.4531483190889,O'Neal Comprehensive Cancer Center (UAB),0,0,0,122,66,11
28079,28,Leake,Mississippi,32.733654,-89.510973,21275,6479,0,0,0,63.15955575161607,198.36911450366182,198.8312844425025,O'Neal Comprehensive Cancer Center (UAB),0,0,0,70,39,5
28095,28,Monroe,Mississippi,33.926461,-88.499061,34180,11342,0,0,0,34.51767976091356,121.21509982193747,122.0825914539032,O'Neal Comprehensive Cancer Center (UAB),30,19,2,36,22,2
27169,27,Winona,Minnesota,44.023673,-91.718459,49671,15297,0,0,0,33.2782066350774,45.177415868746024,45.32874518969698,Mayo Clinic Cancer Center – Rochester,329,155,36,395,188,39
27173,27,Yellow Medicine,Minnesota,44.737396,-95.830115,9528,3378,0,0,0,58.913358848765114,111.50548955620461,153.77581186903384,Masonic Cancer Center (Minnesota),25,16,1,141,68,16
28001,28,Adams,Mississippi,31.545814,-91.35434,29538,10511,0,0,0,91.80012733309731,314.15896260330703,326.5704877129427,Dan L Duncan Comprehensive Cancer Center (Baylor),0,0,0,96,53,7
28003,28,Alcorn,Mississippi,34.909527,-88.529805,34740,10968,0,0,0,48.20693186041603,93.92395653105785,155.08680393615722,Vanderbilt-Ingram Cancer Center,30,19,2,121,63,8
28005,28,Amite,Mississippi,31.187109,-90.807611,12720,5265,0,0,0,63.758820240635515,333.1899183018848,340.26770629666044,O'Neal Comprehensive Cancer Center (UAB),2,0,0,186,90,20
28007,28,Attala,Mississippi,33.065276,-89.589172,17889,5705,0,0,0,60.08684976952385,172.48837366605196,196.6864885601072,O'Neal Comprehensive Cancer Center (UAB),0,0,0,59,37,3
28117,28,Prentiss,Mississippi,34.632609,-88.552077,25008,7463,0,0,0,33.66885672074463,99.71751793045321,152.09070370271544,O'Neal Comprehensive Cancer Center (UAB),30,19,2,121,63,8
28119,28,Quitman,Mississippi,34.267733,-90.26323,6176,1892,0,0,0,51.005974051248536,76.04884435565917,246.41665483422628,O'Neal Comprehensive Cancer Center (UAB),39,22,4,121,63,8
28109,28,Pearl River,Mississippi,30.640759,-89.631685,56145,18749,0,0,0,31.607232686563368,310.01803309875726,309.9726107841251,O'Neal Comprehensive Cancer Center (UAB),25,10,4,193,96,21
28123,28,Scott,Mississippi,32.40164,-89.529579,27990,7805,0,0,0,51.58863872526714,210.48537288903438,210.84117291066912,O'Neal Comprehensive Cancer Center (UAB),32,18,1,70,39,5
28125,28,Sharkey,Mississippi,32.921684,-90.862626,3800,1276,0,0,0,66.41893400884851,195.07758673540826,285.87270026464694,O'Neal Comprehensive Cancer Center (UAB),0,0,0,53,32,3
28127,28,Simpson,Mississippi,31.915898,-89.855744,25949,8378,0,0,0,42.7764121928583,250.42616624170927,250.687820403685,O'Neal Comprehensive Cancer Center (UAB),32,18,1,51,26,3
28129,28,Smith,Mississippi,31.970107,-89.504515,14209,4855,0,0,0,59.64656050542489,227.4109145502419,227.6332155222529,O'Neal Comprehensive Cancer Center (UAB),50,26,3,50,26,3
28131,28,Stone,Mississippi,30.806397,-89.135849,18333,5676,0,0,0,68.44389854086361,277.70432484083875,277.5937563817,O'Neal Comprehensive Cancer Center (UAB),23,12,3,162,75,20
28101,28,Newton,Mississippi,32.415269,-89.129364,21291,6256,0,0,0,79.51237885989251,185.31056603926837,185.60969428449351,O'Neal Comprehensive Cancer Center (UAB),0,0,0,68,38,5
28103,28,Noxubee,Mississippi,33.13285,-88.549668,10285,3142,0,0,0,33.98539059113313,124.55564702977837,125.07742842798721,O'Neal Comprehensive Cancer Center (UAB),25,15,2,32,19,2
28105,28,Oktibbeha,Mississippi,33.448413,-88.825442,51788,10549,0,0,0,30.734468820064308,139.3786268020286,140.06479785471257,O'Neal Comprehensive Cancer Center (UAB),25,15,2,36,22,2
28107,28,Panola,Mississippi,34.345346,-89.934868,33208,10128,0,0,0,27.960602555931604,65.22706607920243,226.43352652720515,O'Neal Comprehensive Cancer Center (UAB),39,22,4,121,63,8
28121,28,Rankin,Mississippi,32.281333,-90.030487,157031,45059,0,0,0,15.987316959909421,236.48554796890468,246.76685850069276,O'Neal Comprehensive Cancer Center (UAB),32,18,1,50,26,3
28161,28,Yalobusha,Mississippi,34.081548,-89.694995,12481,4446,0,0,0,25.76496495896351,87.98995070420041,204.9390326792848,O'Neal Comprehensive Cancer Center (UAB),31,19,2,121,63,8
28163,28,Yazoo,Mississippi,32.829241,-90.38218,26743,6757,0,0,0,44.41527389068499,193.867707061352,254.81616394409957,O'Neal Comprehensive Cancer Center (UAB),32,18,1,52,31,3
29001,29,Adair,Missouri,40.195278,-92.581512,25314,6396,0,0,0,89.253204463244,138.96032927079014,137.96543670255912,Holden Comprehensive Cancer Center (Iowa),0,0,0,85,41,12
28133,28,Sunflower,Mississippi,33.593307,-90.584134,25971,6721,0,0,0,55.76828494387593,136.14701702658448,261.46135908969745,O'Neal Comprehensive Cancer Center (UAB),27,16,2,65,37,5
28135,28,Tallahatchie,Mississippi,33.984159,-90.182077,12715,3676,0,0,0,31.652697785370577,97.210541945791,236.3630785633026,O'Neal Comprehensive Cancer Center (UAB),31,19,2,121,63,8
28137,28,Tate,Mississippi,34.644191,-89.948269,28064,8332,0,0,0,23.480960356171018,40.5841890241861,235.69824666894027,O'Neal Comprehensive Cancer Center (UAB),119,61,8,126,64,10
28139,28,Tippah,Mississippi,34.765765,-88.924324,21815,6438,0,0,0,24.162927714788292,72.05386843036328,179.10065102181017,O'Neal Comprehensive Cancer Center (UAB),34,22,2,121,63,8
28141,28,Tishomingo,Mississippi,34.730586,-88.228294,18850,6554,0,0,0,57.18915058632696,117.49472712387052,140.87998586165315,O'Neal Comprehensive Cancer Center (UAB),30,19,2,128,67,9
29023,29,Butler,Missouri,36.756985,-90.417972,42130,13694,0,0,0,73.04016407153354,139.45491847475432,155.23410050870157,Siteman Cancer Center (WashU),0,0,0,78,39,8
28147,28,Walthall,Mississippi,31.150842,-90.122962,13884,4724,0,0,0,64.36884963006794,303.79311493597754,303.9197500295418,O'Neal Comprehensive Cancer Center (UAB),2,0,0,189,93,20
28149,28,Warren,Mississippi,32.324815,-90.843777,44722,13889,0,0,0,41.152607263171056,241.85263766507504,297.97532740987305,O'Neal Comprehensive Cancer Center (UAB),32,18,1,35,19,1
13177,13,Lee,Georgia,31.680634,-84.177116,33163,8434,0,0,0,146.0074555402086,174.98124382857918,175.5790118469525,Winship Cancer Institute (Emory),9,6,1,36,17,3
13181,13,Lincoln,Georgia,33.780601,-82.445454,7690,3247,0,0,0,39.920998169618834,124.18971036801332,129.53542797215562,Winship Cancer Institute (Emory),50,29,4,149,75,15
13183,13,Long,Georgia,31.775868,-81.731661,16168,3654,0,0,0,47.38136220325261,122.73536969451517,126.32920747599788,Mayo Clinic Cancer Center – Jacksonville,32,15,3,32,15,3
29041,29,Chariton,Missouri,39.486142,-92.931479,7408,2929,0,0,0,58.833626022669925,104.85058533951404,113.49932419286415,University of Kansas Cancer Center,36,12,9,195,98,21
29043,29,Christian,Missouri,37.027878,-93.264355,88842,26315,0,0,0,13.951087152140637,181.51211551711557,189.7131997298202,University of Kansas Cancer Center,60,32,5,119,53,10
29045,29,Clark,Missouri,40.412112,-91.708614,6634,2423,0,0,0,31.97481810404159,105.82336518117089,104.2192350869146,Holden Comprehensive Cancer Center (Iowa),55,31,5,180,91,25
13161,13,Jeff Davis,Georgia,31.847814,-82.600257,14779,4204,0,0,0,104.23890529848104,146.0803560369116,153.82456454327792,Mayo Clinic Cancer Center – Jacksonville,0,0,0,47,25,4
28143,28,Tunica,Mississippi,34.720692,-90.341396,9782,2437,0,0,0,31.696225566327485,45.982420095664786,262.92355678963014,O'Neal Comprehensive Cancer Center (UAB),117,60,8,126,64,10
29025,29,Caldwell,Missouri,39.663863,-93.998899,8815,3052,0,0,0,46.67757478242488,61.27839018536904,63.85120050734258,University of Kansas Cancer Center,65,32,6,253,133,23
29027,29,Callaway,Missouri,38.797548,-91.997518,44283,13877,0,0,0,24.73468760007924,104.78894145707493,112.89644067824047,Siteman Cancer Center (WashU),39,15,9,457,226,63
29033,29,Carroll,Missouri,39.408302,-93.496539,8495,3046,0,0,0,65.46310473560325,69.26720065531536,77.25779090594257,University of Kansas Cancer Center,0,0,0,269,136,28
29035,29,Carter,Missouri,36.947475,-90.885719,5202,1852,0,0,0,78.07148295255497,144.4130806733766,144.91662372111568,Siteman Cancer Center (WashU),1,0,1,75,35,8
29039,29,Cedar,Missouri,37.765491,-93.895266,14188,5467,0,0,0,61.19231068303602,109.1784384954011,116.62758914685618,University of Kansas Cancer Center,17,11,1,237,128,21
13123,13,Gilmer,Georgia,34.675112,-84.486082,31353,13746,0,0,0,59.787433016410546,70.13167483855608,73.83400745137763,Winship Cancer Institute (Emory),46,23,2,498,232,47
29003,29,Andrew,Missouri,39.919858,-94.8166,18135,6289,0,0,0,14.026139360455051,79.11512915036862,72.84988420805375,University of Kansas Cancer Center,65,32,6,253,133,23
29005,29,Atchison,Missouri,40.420914,-95.436109,5305,2091,0,0,0,67.9423079902165,80.24757286213703,75.63388614827018,Fred & Pamela Buffett Cancer Center (UNMC),0,0,0,311,139,41
28159,28,Winston,Mississippi,33.084971,-89.042025,17714,6088,0,0,0,57.85913495288901,158.66105093409485,159.2090737670749,O'Neal Comprehensive Cancer Center (UAB),25,15,2,61,37,3
29009,29,Barry,Missouri,36.737459,-93.865725,34534,12668,0,0,0,39.48620186250046,190.19362749118775,198.29210199834873,University of Kansas Cancer Center,113,50,10,116,52,10
29011,29,Barton,Missouri,37.495949,-94.305362,11637,4071,0,0,0,48.151550388958086,121.82077771149042,130.84373007478254,University of Kansas Cancer Center,27,17,2,121,55,10
29013,29,Bates,Missouri,38.280773,-94.362779,16042,5493,0,0,0,58.74324286148087,58.74324286148087,66.22420534806267,University of Kansas Cancer Center,153,76,15,265,138,24
29015,29,Benton,Missouri,38.301006,-93.310017,19394,9724,0,0,0,41.3282098723418,94.06843239224222,104.86885372151589,University of Kansas Cancer Center,27,14,1,281,141,29
29017,29,Bollinger,Missouri,37.340708,-89.999696,10567,3888,0,0,0,25.86597600481624,107.40277675483011,107.93501679114253,Siteman Cancer Center (WashU),65,34,5,456,227,60
28151,28,Washington,Mississippi,33.369011,-91.01078,44922,13563,0,0,0,89.7161096451892,165.16929215793098,291.45249931642985,O'Neal Comprehensive Cancer Center (UAB),0,0,0,54,32,3
28153,28,Wayne,Mississippi,31.650518,-88.662531,19779,6170,0,0,0,87.27344994138632,201.6732287678589,201.62702913275305,O'Neal Comprehensive Cancer Center (UAB),18,8,2,62,34,7
28155,28,Webster,Mississippi,33.582804,-89.220716,9926,3264,0,0,0,43.02681083022216,136.2125167685826,167.28985892181885,O'Neal Comprehensive Cancer Center (UAB),27,16,2,34,22,2
28157,28,Wilkinson,Mississippi,31.123212,-91.245215,8587,2751,0,0,0,55.92868039156123,317.74736843851264,319.576063118519,Dan L Duncan Comprehensive Cancer Center (Baylor),67,38,6,90,45,9
29007,29,Audrain,Missouri,39.203899,-91.826614,24962,8069,0,0,0,37.882636222148705,103.65224946961622,111.49044262077457,Siteman Cancer Center (WashU),39,15,9,463,228,64
