cd_geoid,pop55,n_tracts,pct_zero_trials_within_60rdmi,pct_lt20_trials_within_60rdmi,pct_lt100_trials_within_60rdmi,pct_in_zero_trial_county,pct_gt60rdmi_broad_menu,pct_gt120rdmi_broad_menu,pct_gt60rdmi_limited_menu,pct_gt60rdmi_nci,pct_gt120rdmi_nci,pct_no_road_route_broad,pct_no_road_route_nci,median_road_mi_nci,median_road_mi_broad_menu,median_road_mi_limited_menu,wmean_trials_within_60rdmi,wmean_trials_within_30rdmi,wmean_trials_within_120rdmi,wmean_trials_in_own_county,modal_nearest_nci,modal_nearest_broad,wmean_t60_cancer_type_bladder_urothelial,wmean_t60_cancer_type_brain_cns,wmean_t60_cancer_type_breast,wmean_t60_cancer_type_colorectal,wmean_t60_cancer_type_gastric_esophageal,wmean_t60_cancer_type_gynecologic,wmean_t60_cancer_type_head_neck,wmean_t60_cancer_type_kidney,wmean_t60_cancer_type_leukemia,wmean_t60_cancer_type_liver_biliary,wmean_t60_cancer_type_lung,wmean_t60_cancer_type_lymphoma,wmean_t60_cancer_type_mds_mpn,wmean_t60_cancer_type_melanoma_skin,wmean_t60_cancer_type_multi,wmean_t60_cancer_type_myeloma,wmean_t60_cancer_type_neuroendocrine_endocrine,wmean_t60_cancer_type_other_named,wmean_t60_cancer_type_other_unclassified,wmean_t60_cancer_type_pancreatic,wmean_t60_cancer_type_prostate,wmean_t60_cancer_type_sarcoma,wmean_t60_phase_1,wmean_t60_phase_1-2,wmean_t60_phase_2,wmean_t60_phase_2-3,wmean_t60_phase_3,wmean_t60_phase_4,wmean_t60_phase_NA,wmean_t60_sponsor_academic_other,wmean_t60_sponsor_industry,wmean_t60_sponsor_nih_federal,state_fips,cd
0101,240916,188,6.9,42.3,100.0,30.0,100.0,100.0,42.3,100.0,100.0,0.0,0.0,232.0,232.0,0.0,30.0,17.0,52.0,14.0,O'Neal Comprehensive Cancer Center (UAB),"Jefferson, Alabama",1.0,0.0,5.0,1.0,0.0,3.0,1.0,0.0,1.0,0.0,10.0,2.0,0.0,1.0,3.0,1.0,0.0,0.0,0.0,1.0,1.0,0.0,0.0,1.0,7.0,2.0,18.0,1.0,1.0,8.0,21.0,1.0,01,01
0102,213157,266,11.1,63.4,100.0,34.8,100.0,64.3,63.4,100.0,63.8,0.0,0.0,153.0,154.0,91.0,20.0,14.0,110.0,12.0,O'Neal Comprehensive Cancer Center (UAB),"Jefferson, Alabama",0.0,0.0,3.0,1.0,0.0,2.0,0.0,0.0,0.0,0.0,6.0,1.0,0.0,1.0,2.0,1.0,0.0,0.0,0.0,1.0,0.0,0.0,0.0,0.0,5.0,1.0,12.0,0.0,0.0,5.0,13.0,1.0,01,02
0103,223658,210,38.6,62.9,69.9,100.0,69.9,2.3,62.9,68.4,1.2,0.0,0.0,70.0,72.0,65.0,53.0,7.0,383.0,0.0,O'Neal Comprehensive Cancer Center (UAB),"Jefferson, Alabama",2.0,2.0,4.0,1.0,0.0,5.0,2.0,1.0,3.0,1.0,5.0,1.0,0.0,1.0,13.0,5.0,1.0,0.0,1.0,1.0,1.0,2.0,10.0,9.0,16.0,2.0,14.0,0.0,2.0,16.0,33.0,4.0,01,03
0104,232527,212,34.9,55.5,65.2,88.6,65.2,3.1,55.5,65.6,3.7,0.0,0.0,71.0,72.0,65.0,64.0,4.0,238.0,0.0,O'Neal Comprehensive Cancer Center (UAB),"Jefferson, Alabama",3.0,2.0,5.0,2.0,0.0,6.0,2.0,1.0,4.0,1.0,7.0,1.0,0.0,1.0,16.0,6.0,1.0,0.0,1.0,2.0,2.0,2.0,11.0,11.0,20.0,3.0,17.0,0.0,2.0,19.0,39.0,6.0,01,04
0105,223619,181,0.8,96.8,100.0,47.7,100.0,1.0,96.8,100.0,1.0,0.0,0.0,96.0,97.0,95.0,13.0,8.0,526.0,6.0,O'Neal Comprehensive Cancer Center (UAB),"Jefferson, Alabama",1.0,0.0,1.0,1.0,0.0,0.0,0.0,0.0,0.0,0.0,5.0,0.0,0.0,0.0,0.0,1.0,0.0,0.0,0.0,1.0,2.0,0.0,0.0,1.0,5.0,0.0,7.0,0.0,0.0,0.0,12.0,0.0,01,05
0106,209885,194,0.9,27.0,27.0,33.0,27.0,0.0,27.0,26.3,0.0,0.0,0.0,22.0,21.0,21.0,120.0,100.0,182.0,58.0,O'Neal Comprehensive Cancer Center (UAB),"Jefferson, Alabama",5.0,4.0,9.0,3.0,1.0,12.0,4.0,2.0,7.0,3.0,10.0,3.0,0.0,2.0,32.0,12.0,1.0,0.0,1.0,3.0,3.0,4.0,23.0,22.0,37.0,5.0,27.0,1.0,4.0,37.0,74.0,9.0,01,06
0107,207666,252,13.9,25.5,28.9,27.8,28.9,10.4,25.5,28.9,10.4,0.0,0.0,20.0,0.0,0.0,119.0,96.0,172.0,94.0,O'Neal Comprehensive Cancer Center (UAB),"Jefferson, Alabama",5.0,4.0,9.0,3.0,1.0,11.0,4.0,2.0,7.0,3.0,10.0,3.0,0.0,2.0,31.0,11.0,1.0,0.0,1.0,3.0,3.0,4.0,23.0,21.0,37.0,5.0,28.0,1.0,4.0,37.0,73.0,10.0,01,07
0200,187882,177,48.6,49.5,100.0,62.1,100.0,100.0,49.5,100.0,100.0,100.0,100.0,999.0,999.0,56.0,27.0,21.0,28.0,20.0,NO ROAD CONNECTION,NO ROAD CONNECTION,0.0,1.0,3.0,0.0,1.0,3.0,1.0,1.0,0.0,0.0,6.0,3.0,0.0,1.0,4.0,1.0,1.0,1.0,0.0,1.0,2.0,0.0,1.0,0.0,8.0,2.0,18.0,0.0,0.0,13.0,11.0,4.0,02,00
0401,286323,209,0.0,0.0,0.0,0.0,0.0,0.0,0.0,1.0,0.0,0.0,0.0,25.0,0.0,0.0,362.0,361.0,377.0,361.0,Mayo Clinic Cancer Center – Phoenix,"Maricopa, Arizona",13.0,17.0,33.0,17.0,6.0,8.0,8.0,5.0,9.0,7.0,30.0,20.0,2.0,14.0,97.0,24.0,7.0,1.0,2.0,13.0,24.0,5.0,78.0,58.0,77.0,12.0,129.0,3.0,6.0,90.0,256.0,16.0,04,01
0402,295978,238,27.1,87.0,87.2,27.1,87.2,50.2,87.0,89.6,50.1,0.7,0.7,120.0,120.0,120.0,46.0,3.0,190.0,2.0,Mayo Clinic Cancer Center – Phoenix,"Maricopa, Arizona",2.0,2.0,4.0,2.0,1.0,1.0,1.0,1.0,1.0,1.0,4.0,3.0,0.0,2.0,12.0,3.0,1.0,0.0,0.0,2.0,3.0,1.0,10.0,7.0,10.0,2.0,16.0,0.0,1.0,11.0,33.0,2.0,04,02
0403,142709,193,0.0,0.0,0.0,0.0,0.0,0.0,0.0,0.0,0.0,0.0,0.0,15.0,0.0,0.0,363.0,361.0,400.0,361.0,Mayo Clinic Cancer Center – Phoenix,"Maricopa, Arizona",14.0,17.0,33.0,17.0,6.0,8.0,8.0,5.0,9.0,7.0,30.0,20.0,2.0,14.0,97.0,24.0,7.0,1.0,2.0,13.0,24.0,5.0,78.0,58.0,77.0,12.0,129.0,3.0,6.0,90.0,257.0,16.0,04,03
0404,208220,197,0.0,0.0,0.0,0.0,0.0,0.0,0.0,0.0,0.0,0.0,0.0,31.0,0.0,0.0,363.0,361.0,429.0,361.0,Mayo Clinic Cancer Center – Phoenix,"Maricopa, Arizona",14.0,17.0,33.0,17.0,6.0,8.0,8.0,5.0,9.0,7.0,30.0,20.0,2.0,14.0,97.0,24.0,7.0,1.0,2.0,13.0,24.0,5.0,78.0,58.0,77.0,12.0,129.0,3.0,6.0,90.0,257.0,16.0,04,04
0405,225137,184,0.0,1.5,1.5,0.0,1.5,0.0,1.5,6.2,0.0,0.0,0.0,44.0,0.0,0.0,358.0,278.0,428.0,278.0,Mayo Clinic Cancer Center – Phoenix,"Maricopa, Arizona",14.0,17.0,33.0,17.0,6.0,8.0,8.0,5.0,9.0,7.0,30.0,20.0,2.0,14.0,96.0,24.0,7.0,1.0,2.0,13.0,24.0,5.0,77.0,57.0,76.0,12.0,127.0,3.0,6.0,89.0,253.0,16.0,04,05
0406,304232,237,15.3,19.2,19.2,16.3,19.2,4.6,19.2,20.9,4.3,0.0,0.0,27.0,0.0,0.0,104.0,88.0,241.0,86.0,University of Arizona Cancer Center,"Pima, Arizona",4.0,1.0,11.0,4.0,3.0,5.0,4.0,2.0,6.0,4.0,11.0,6.0,0.0,2.0,22.0,3.0,3.0,0.0,2.0,3.0,9.0,1.0,11.0,14.0,23.0,7.0,49.0,1.0,0.0,21.0,71.0,12.0,04,06
0407,209502,244,24.3,24.9,24.9,24.9,24.9,16.0,24.9,47.0,33.7,0.0,0.0,54.0,0.0,0.0,120.0,115.0,212.0,115.0,University of Arizona Cancer Center,"Pima, Arizona",4.0,2.0,12.0,5.0,3.0,5.0,4.0,3.0,6.0,4.0,12.0,7.0,0.0,3.0,27.0,5.0,3.0,0.0,2.0,4.0,9.0,1.0,17.0,17.0,26.0,7.0,52.0,1.0,1.0,26.0,83.0,11.0,04,07
0408,283245,186,0.0,0.0,0.0,0.0,0.0,0.0,0.0,0.0,0.0,0.0,0.0,19.0,0.0,0.0,361.0,361.0,364.0,361.0,Mayo Clinic Cancer Center – Phoenix,"Maricopa, Arizona",12.0,17.0,33.0,17.0,6.0,8.0,8.0,5.0,9.0,7.0,30.0,20.0,2.0,14.0,97.0,24.0,7.0,1.0,2.0,13.0,24.0,5.0,78.0,58.0,76.0,12.0,128.0,3.0,6.0,90.0,255.0,16.0,04,08
0409,274309,218,15.3,15.3,53.3,15.3,53.3,53.1,15.3,56.8,54.9,0.7,0.7,167.0,164.0,0.0,178.0,177.0,196.0,177.0,Mayo Clinic Cancer Center – Phoenix,"Maricopa, Arizona",6.0,8.0,17.0,9.0,3.0,4.0,4.0,3.0,4.0,3.0,16.0,9.0,1.0,7.0,46.0,12.0,4.0,1.0,1.0,6.0,11.0,2.0,36.0,27.0,39.0,6.0,64.0,1.0,3.0,49.0,121.0,8.0,04,09
0501,241304,229,35.8,44.3,90.7,86.9,90.7,51.8,44.3,88.3,50.1,0.0,0.0,121.0,124.0,55.0,33.0,15.0,112.0,5.0,St. Jude Children's Research Hospital,"Shelby, Tennessee",2.0,0.0,5.0,2.0,0.0,2.0,1.0,1.0,2.0,0.0,8.0,1.0,0.0,1.0,3.0,1.0,1.0,1.0,0.0,2.0,1.0,0.0,1.0,2.0,9.0,2.0,18.0,0.0,1.0,14.0,13.0,6.0,05,01
0502,223586,203,2.8,16.0,100.0,23.0,100.0,95.9,15.6,100.0,94.0,0.0,0.0,151.0,154.0,21.0,78.0,52.0,102.0,41.0,St. Jude Children's Research Hospital,"Shelby, Tennessee",8.0,1.0,6.0,1.0,2.0,8.0,4.0,2.0,3.0,0.0,9.0,4.0,0.0,3.0,13.0,4.0,2.0,1.0,0.0,2.0,4.0,0.0,5.0,4.0,27.0,4.0,35.0,1.0,3.0,30.0,35.0,13.0,05,02
0503,197406,168,0.8,2.5,100.0,17.9,100.0,100.0,2.5,100.0,100.0,0.0,0.0,212.0,205.0,0.0,62.0,41.0,106.0,30.0,Stephenson Cancer Center (Oklahoma),"Oklahoma, Oklahoma",3.0,1.0,7.0,4.0,1.0,3.0,1.0,2.0,0.0,0.0,15.0,1.0,0.0,1.0,9.0,4.0,2.0,1.0,0.0,1.0,5.0,0.0,6.0,4.0,10.0,6.0,36.0,0.0,0.0,18.0,37.0,7.0,05,03
0504,246560,240,31.9,64.1,100.0,71.4,100.0,100.0,64.1,100.0,100.0,0.0,0.0,208.0,212.0,75.0,28.0,5.0,91.0,4.0,St. Jude Children's Research Hospital,"Shelby, Tennessee",3.0,0.0,3.0,0.0,1.0,3.0,1.0,1.0,1.0,0.0,3.0,2.0,0.0,1.0,4.0,2.0,1.0,0.0,0.0,1.0,1.0,0.0,2.0,1.0,9.0,2.0,13.0,0.0,1.0,11.0,13.0,4.0,05,04
0601,235914,198,41.4,78.5,83.5,67.2,83.5,48.7,78.5,81.8,47.7,0.0,0.0,112.0,116.0,98.0,33.0,5.0,101.0,3.0,UC Davis Comprehensive Cancer Center,"Sacramento, California",1.0,1.0,4.0,1.0,0.0,1.0,1.0,1.0,2.0,0.0,6.0,2.0,0.0,0.0,5.0,1.0,0.0,0.0,0.0,1.0,3.0,0.0,5.0,2.0,9.0,2.0,15.0,0.0,1.0,17.0,10.0,6.0,06,01
0602,282733,210,32.9,32.9,49.8,33.1,49.6,30.4,32.9,45.8,30.4,0.0,0.0,57.0,60.0,0.0,173.0,102.0,357.0,35.0,UCSF Helen Diller Family Comprehensive Cancer Center,"San Francisco, California",4.0,6.0,17.0,5.0,3.0,6.0,6.0,3.0,6.0,2.0,21.0,7.0,1.0,8.0,42.0,8.0,3.0,1.0,3.0,4.0,17.0,2.0,27.0,30.0,45.0,10.0,56.0,1.0,4.0,56.0,106.0,11.0,06,02
0603,273319,204,7.4,11.2,53.5,8.4,55.2,8.6,11.2,48.6,8.4,0.0,0.0,59.0,63.0,0.0,100.0,62.0,230.0,53.0,UC Davis Comprehensive Cancer Center,"Sacramento, California",3.0,4.0,10.0,3.0,2.0,3.0,5.0,4.0,5.0,1.0,18.0,6.0,1.0,0.0,16.0,4.0,1.0,0.0,0.0,5.0,10.0,1.0,13.0,7.0,26.0,5.0,47.0,0.0,3.0,48.0,31.0,21.0,06,03
0604,233066,202,8.2,11.2,29.7,11.2,34.1,3.6,11.2,21.9,0.9,0.0,0.0,53.0,56.0,0.0,188.0,67.0,473.0,42.0,UCSF Helen Diller Family Comprehensive Cancer Center,"San Francisco, California",4.0,7.0,19.0,5.0,3.0,6.0,7.0,4.0,6.0,2.0,24.0,9.0,1.0,7.0,41.0,8.0,4.0,1.0,2.0,5.0,18.0,2.0,28.0,28.0,50.0,11.0,66.0,0.0,5.0,68.0,102.0,18.0,06,04
0605,262328,204,11.8,14.1,75.7,26.7,75.7,25.2,14.1,75.7,26.6,0.0,0.0,79.0,83.0,21.0,67.0,37.0,289.0,21.0,UC Davis Comprehensive Cancer Center,"Sacramento, California",2.0,2.0,8.0,1.0,2.0,2.0,4.0,2.0,3.0,0.0,12.0,4.0,0.0,0.0,9.0,3.0,1.0,0.0,0.0,3.0,7.0,1.0,7.0,4.0,16.0,4.0,34.0,0.0,2.0,33.0,19.0,14.0,06,05
0606,202023,177,0.0,0.0,0.0,0.0,0.0,0.0,0.0,0.0,0.0,0.0,0.0,12.0,0.0,0.0,168.0,159.0,411.0,156.0,UC Davis Comprehensive Cancer Center,"Sacramento, California",6.0,6.0,15.0,4.0,2.0,6.0,9.0,5.0,8.0,1.0,29.0,13.0,2.0,2.0,31.0,5.0,2.0,0.0,0.0,7.0,15.0,1.0,29.0,15.0,43.0,8.0,66.0,0.0,7.0,73.0,64.0,31.0,06,06
0607,199955,183,0.0,0.0,0.0,0.0,0.0,0.0,0.0,0.0,0.0,0.0,0.0,9.0,0.0,0.0,170.0,156.0,497.0,148.0,UC Davis Comprehensive Cancer Center,"Sacramento, California",6.0,6.0,16.0,4.0,2.0,6.0,9.0,5.0,8.0,1.0,30.0,13.0,2.0,2.0,31.0,5.0,2.0,0.0,0.0,7.0,15.0,1.0,29.0,15.0,43.0,9.0,67.0,0.0,8.0,73.0,66.0,31.0,06,07
0608,212610,185,0.0,0.0,5.8,0.0,4.9,0.0,0.0,3.8,0.0,0.0,0.0,43.0,40.0,0.0,353.0,138.0,524.0,48.0,UCSF Helen Diller Family Comprehensive Cancer Center,"San Francisco, California",8.0,14.0,32.0,7.0,6.0,14.0,14.0,6.0,13.0,5.0,40.0,19.0,3.0,15.0,86.0,16.0,5.0,1.0,4.0,8.0,33.0,4.0,63.0,62.0,93.0,18.0,106.0,1.0,11.0,113.0,216.0,24.0,06,08
0609,190309,179,0.0,0.0,24.3,0.0,24.3,0.0,0.0,29.6,0.0,0.0,0.0,51.0,54.0,0.0,157.0,29.0,523.0,25.0,UC Davis Comprehensive Cancer Center,"Sacramento, California",4.0,5.0,15.0,2.0,4.0,7.0,8.0,5.0,6.0,1.0,27.0,11.0,2.0,3.0,29.0,5.0,2.0,0.0,0.0,6.0,13.0,2.0,25.0,14.0,38.0,9.0,64.0,0.0,6.0,64.0,68.0,25.0,06,09
0610,227095,165,0.0,0.0,11.1,0.0,10.5,0.0,0.0,5.9,0.0,0.0,0.0,46.0,40.0,0.0,371.0,114.0,526.0,48.0,UCSF Helen Diller Family Comprehensive Cancer Center,"San Francisco, California",8.0,14.0,34.0,5.0,7.0,16.0,14.0,6.0,15.0,6.0,39.0,23.0,4.0,15.0,91.0,16.0,5.0,1.0,4.0,7.0,34.0,6.0,71.0,63.0,96.0,19.0,108.0,1.0,12.0,120.0,228.0,24.0,06,10
0611,207726,220,0.0,0.0,0.0,0.0,0.0,0.0,0.0,0.0,0.0,0.0,0.0,8.0,0.0,0.0,444.0,262.0,526.0,250.0,UCSF Helen Diller Family Comprehensive Cancer Center,"San Francisco, California",9.0,15.0,38.0,8.0,8.0,19.0,16.0,7.0,18.0,7.0,46.0,27.0,5.0,19.0,117.0,19.0,6.0,2.0,5.0,8.0,39.0,7.0,90.0,83.0,114.0,23.0,122.0,1.0,13.0,133.0,287.0,25.0,06,11
0612,199895,202,0.0,0.0,0.0,0.0,0.0,0.0,0.0,0.0,0.0,0.0,0.0,22.0,16.0,0.0,436.0,262.0,526.0,53.0,UCSF Helen Diller Family Comprehensive Cancer Center,"San Francisco, California",9.0,15.0,38.0,7.0,8.0,19.0,16.0,7.0,18.0,7.0,44.0,27.0,5.0,19.0,114.0,19.0,6.0,2.0,5.0,8.0,39.0,7.0,88.0,80.0,112.0,22.0,120.0,1.0,13.0,133.0,278.0,25.0,06,12
0613,165268,183,0.0,9.2,99.5,0.0,99.5,23.9,9.2,100.0,31.6,0.0,0.0,106.0,108.0,24.0,47.0,25.0,330.0,21.0,UC Davis Comprehensive Cancer Center,"Santa Clara, California",0.0,2.0,7.0,1.0,2.0,1.0,3.0,2.0,2.0,0.0,8.0,2.0,0.0,0.0,3.0,3.0,1.0,0.0,0.0,3.0,6.0,1.0,1.0,1.0,11.0,4.0,30.0,0.0,1.0,27.0,9.0,11.0,06,13
0614,212281,165,0.0,0.0,0.0,0.0,0.0,0.0,0.0,0.7,0.0,0.0,0.0,29.0,27.0,0.0,420.0,210.0,526.0,53.0,Stanford Cancer Institute,"Santa Clara, California",9.0,15.0,37.0,5.0,8.0,19.0,16.0,7.0,18.0,7.0,42.0,26.0,5.0,18.0,107.0,18.0,6.0,1.0,4.0,7.0,37.0,7.0,86.0,75.0,107.0,21.0,117.0,1.0,14.0,129.0,266.0,25.0,06,14
0615,220161,181,0.0,0.0,0.0,0.0,0.0,0.0,0.0,0.0,0.0,0.0,0.0,11.0,16.0,0.0,425.0,289.0,523.0,78.0,UCSF Helen Diller Family Comprehensive Cancer Center,"San Francisco, California",9.0,15.0,37.0,6.0,8.0,19.0,15.0,7.0,18.0,7.0,43.0,26.0,5.0,18.0,110.0,18.0,5.0,1.0,4.0,7.0,38.0,7.0,87.0,77.0,108.0,21.0,117.0,1.0,13.0,129.0,272.0,25.0,06,15
0616,224650,199,0.0,0.0,0.0,0.0,0.0,0.0,0.0,0.0,0.0,0.0,0.0,19.0,0.0,0.0,411.0,223.0,460.0,186.0,Stanford Cancer Institute,"Santa Clara, California",9.0,15.0,36.0,5.0,7.0,17.0,15.0,7.0,18.0,7.0,41.0,25.0,5.0,18.0,106.0,18.0,5.0,1.0,4.0,7.0,37.0,7.0,85.0,75.0,105.0,19.0,112.0,1.0,13.0,127.0,259.0,25.0,06,16
0617,182434,179,0.0,0.0,0.0,0.0,0.0,0.0,0.0,0.0,0.0,0.0,0.0,17.0,0.0,0.0,415.0,224.0,480.0,192.0,Stanford Cancer Institute,"Santa Clara, California",9.0,15.0,36.0,5.0,8.0,18.0,15.0,7.0,18.0,7.0,42.0,26.0,5.0,18.0,106.0,18.0,5.0,1.0,4.0,7.0,37.0,7.0,85.0,75.0,106.0,20.0,114.0,1.0,13.0,127.0,263.0,25.0,06,17
0618,170388,185,0.8,4.9,20.0,9.8,20.0,0.8,19.2,41.7,2.5,0.0,0.0,55.0,42.0,42.0,242.0,114.0,418.0,113.0,Stanford Cancer Institute,"Santa Clara, California",4.0,7.0,23.0,3.0,6.0,12.0,9.0,5.0,11.0,5.0,25.0,16.0,4.0,10.0,61.0,8.0,3.0,1.0,1.0,5.0,19.0,5.0,50.0,39.0,57.0,14.0,75.0,0.0,7.0,76.0,146.0,20.0,06,18
0619,244356,219,0.0,0.7,34.3,0.0,34.3,14.0,20.3,37.7,14.5,0.0,0.0,44.0,32.0,23.0,211.0,109.0,382.0,87.0,Stanford Cancer Institute,"Santa Clara, California",4.0,6.0,21.0,3.0,5.0,10.0,8.0,4.0,9.0,4.0,21.0,13.0,3.0,9.0,53.0,8.0,3.0,1.0,1.0,5.0,18.0,4.0,42.0,34.0,50.0,12.0,66.0,0.0,6.0,69.0,125.0,17.0,06,19
0620,202196,228,0.0,2.8,100.0,6.1,100.0,62.0,2.8,100.0,62.3,0.0,0.0,160.0,155.0,0.0,31.0,23.0,400.0,23.0,USC Norris Comprehensive Cancer Center,"Los Angeles, California",6.0,1.0,4.0,2.0,1.0,0.0,1.0,0.0,2.0,0.0,5.0,2.0,0.0,0.0,3.0,1.0,0.0,0.0,0.0,1.0,3.0,0.0,1.0,3.0,6.0,2.0,20.0,0.0,0.0,10.0,16.0,5.0,06,20
0621,156024,184,0.0,0.8,100.0,0.0,100.0,100.0,0.8,100.0,100.0,0.0,0.0,174.0,156.0,0.0,43.0,32.0,70.0,32.0,Stanford Cancer Institute,"Santa Clara, California",1.0,0.0,5.0,1.0,2.0,0.0,2.0,0.0,4.0,0.0,8.0,4.0,0.0,1.0,4.0,2.0,1.0,0.0,0.0,1.0,6.0,1.0,2.0,1.0,9.0,4.0,28.0,0.0,0.0,17.0,16.0,10.0,06,21
0622,144548,204,1.3,17.4,100.0,12.6,100.0,61.1,17.4,100.0,61.9,0.0,0.0,131.0,131.0,0.0,24.0,16.0,400.0,15.0,USC Norris Comprehensive Cancer Center,"Los Angeles, California",7.0,1.0,3.0,2.0,1.0,0.0,0.0,0.0,1.0,0.0,3.0,1.0,0.0,0.0,2.0,0.0,0.0,0.0,0.0,1.0,2.0,0.0,1.0,3.0,4.0,1.0,15.0,0.0,0.0,6.0,15.0,3.0,06,22
0623,197718,197,0.0,0.0,87.7,0.0,87.7,13.9,0.0,72.1,13.2,0.0,0.0,67.0,84.0,0.0,138.0,78.0,940.0,78.0,City of Hope,"Orange, California",6.0,3.0,14.0,6.0,5.0,5.0,3.0,4.0,6.0,2.0,20.0,9.0,2.0,3.0,31.0,4.0,1.0,1.0,1.0,3.0,8.0,2.0,22.0,20.0,34.0,7.0,51.0,0.0,4.0,47.0,74.0,17.0,06,23
0624,226095,198,0.0,16.8,100.0,0.0,100.0,53.8,16.8,95.2,53.0,0.0,0.0,130.0,133.0,0.0,34.0,26.0,484.0,26.0,USC Norris Comprehensive Cancer Center,"Los Angeles, California",2.0,0.0,6.0,1.0,2.0,1.0,1.0,1.0,0.0,0.0,6.0,1.0,0.0,0.0,5.0,1.0,0.0,0.0,0.0,2.0,4.0,0.0,1.0,2.0,10.0,2.0,20.0,0.0,0.0,17.0,16.0,2.0,06,24
0625,211181,200,20.1,20.1,100.0,20.1,100.0,39.1,20.1,99.8,31.2,0.0,0.0,113.0,115.0,0.0,51.0,42.0,586.0,42.0,City of Hope,"Orange, California",5.0,0.0,8.0,2.0,2.0,3.0,2.0,1.0,2.0,0.0,9.0,2.0,0.0,1.0,7.0,0.0,0.0,1.0,0.0,0.0,6.0,0.0,1.0,3.0,11.0,3.0,30.0,0.0,2.0,22.0,20.0,9.0,06,25
0626,226561,179,0.0,23.8,23.8,0.0,23.4,0.0,23.4,7.3,0.0,0.0,0.0,45.0,48.0,48.0,707.0,73.0,1063.0,72.0,USC Norris Comprehensive Cancer Center,"Los Angeles, California",19.0,16.0,52.0,24.0,13.0,24.0,15.0,10.0,35.0,14.0,70.0,53.0,4.0,13.0,225.0,31.0,7.0,2.0,5.0,10.0,46.0,20.0,195.0,139.0,179.0,25.0,152.0,2.0,16.0,190.0,474.0,44.0,06,26
0627,191766,176,0.0,0.0,0.0,0.0,0.0,0.0,0.0,54.2,0.0,0.0,0.0,62.0,0.0,0.0,935.0,924.0,1068.0,924.0,USC Norris Comprehensive Cancer Center,"Los Angeles, California",25.0,21.0,67.0,31.0,17.0,32.0,20.0,13.0,46.0,18.0,92.0,70.0,5.0,17.0,298.0,41.0,9.0,3.0,6.0,14.0,60.0,26.0,258.0,184.0,236.0,33.0,200.0,2.0,21.0,252.0,624.0,59.0,06,27
0628,251710,196,0.0,0.0,1.2,0.0,1.2,0.0,0.0,0.0,0.0,0.0,0.0,16.0,0.0,0.0,1043.0,831.0,1107.0,830.0,City of Hope,"Los Angeles, California",31.0,23.0,73.0,35.0,22.0,38.0,22.0,15.0,50.0,22.0,103.0,76.0,8.0,22.0,333.0,42.0,10.0,4.0,7.0,19.0,65.0,26.0,285.0,204.0,265.0,36.0,227.0,4.0,23.0,280.0,695.0,68.0,06,28
0629,176962,206,0.0,0.0,0.0,0.0,0.0,0.0,0.0,0.0,0.0,0.0,0.0,22.0,0.0,0.0,1040.0,924.0,1072.0,924.0,USC Norris Comprehensive Cancer Center,"Los Angeles, California",30.0,23.0,73.0,35.0,21.0,37.0,22.0,15.0,51.0,22.0,102.0,76.0,7.0,22.0,333.0,43.0,10.0,4.0,7.0,18.0,65.0,26.0,286.0,205.0,263.0,36.0,225.0,4.0,22.0,277.0,695.0,68.0,06,29
0630,215203,230,0.0,0.0,0.0,0.0,0.0,0.0,0.0,0.0,0.0,0.0,0.0,18.0,0.0,0.0,1053.0,924.0,1070.0,924.0,USC Norris Comprehensive Cancer Center,"Los Angeles, California",31.0,23.0,74.0,35.0,21.0,38.0,22.0,15.0,51.0,22.0,104.0,77.0,7.0,22.0,337.0,43.0,10.0,4.0,7.0,18.0,66.0,26.0,289.0,207.0,267.0,36.0,228.0,4.0,22.0,281.0,703.0,69.0,06,30
0631,211875,179,0.0,0.0,0.0,0.0,0.0,0.0,0.0,0.0,0.0,0.0,0.0,10.0,0.0,0.0,1056.0,933.0,1128.0,924.0,City of Hope,"Los Angeles, California",31.0,23.0,74.0,35.0,22.0,38.0,22.0,15.0,51.0,22.0,104.0,77.0,8.0,22.0,337.0,43.0,10.0,4.0,7.0,19.0,66.0,26.0,289.0,207.0,268.0,36.0,229.0,4.0,23.0,284.0,703.0,69.0,06,31
0632,234483,232,0.0,0.0,0.0,0.0,0.0,0.0,0.0,0.0,0.0,0.0,0.0,20.0,0.0,0.0,1012.0,923.0,1072.0,922.0,USC Norris Comprehensive Cancer Center,"Los Angeles, California",29.0,22.0,72.0,34.0,20.0,36.0,21.0,14.0,49.0,21.0,99.0,75.0,6.0,20.0,324.0,42.0,10.0,4.0,7.0,16.0,64.0,26.0,279.0,199.0,256.0,35.0,219.0,3.0,22.0,270.0,676.0,66.0,06,32
0633,158294,166,0.0,0.0,14.8,0.0,12.6,0.0,0.0,0.0,0.0,0.0,0.0,39.0,53.0,0.0,839.0,56.0,1137.0,56.0,City of Hope,"Orange, California",27.0,18.0,62.0,28.0,18.0,31.0,18.0,12.0,39.0,17.0,85.0,59.0,7.0,18.0,261.0,34.0,8.0,3.0,6.0,15.0,54.0,19.0,221.0,161.0,210.0,29.0,195.0,3.0,20.0,225.0,557.0,58.0,06,33
0634,180382,239,0.0,0.0,0.0,0.0,0.0,0.0,0.0,0.0,0.0,0.0,0.0,14.0,0.0,0.0,1055.0,931.0,1112.0,924.0,USC Norris Comprehensive Cancer Center,"Los Angeles, California",31.0,23.0,74.0,35.0,22.0,38.0,22.0,15.0,51.0,22.0,104.0,77.0,8.0,22.0,337.0,43.0,10.0,4.0,7.0,19.0,66.0,26.0,289.0,207.0,268.0,36.0,229.0,4.0,23.0,282.0,704.0,69.0,06,34
0635,164146,169,0.0,0.0,0.0,0.0,0.0,0.0,0.0,0.0,0.0,0.0,0.0,23.0,34.0,0.0,1062.0,279.0,1137.0,238.0,City of Hope,"Orange, California",32.0,23.0,75.0,35.0,22.0,38.0,22.0,15.0,51.0,22.0,104.0,77.0,8.0,23.0,338.0,43.0,10.0,4.0,7.0,19.0,68.0,26.0,289.0,207.0,269.0,36.0,232.0,4.0,25.0,285.0,708.0,69.0,06,35
0636,221378,202,0.0,0.0,0.0,0.0,0.0,0.0,0.0,0.0,0.0,0.0,0.0,10.0,0.0,0.0,1052.0,924.0,1103.0,924.0,USC Norris Comprehensive Cancer Center,"Los Angeles, California",31.0,23.0,74.0,35.0,21.0,38.0,22.0,15.0,51.0,22.0,103.0,77.0,7.0,22.0,337.0,43.0,10.0,4.0,7.0,18.0,66.0,26.0,289.0,207.0,266.0,36.0,228.0,4.0,22.0,280.0,703.0,69.0,06,36
0637,173196,209,0.0,0.0,0.0,0.0,0.0,0.0,0.0,0.0,0.0,0.0,0.0,9.0,0.0,0.0,1052.0,924.0,1100.0,924.0,USC Norris Comprehensive Cancer Center,"Los Angeles, California",31.0,23.0,74.0,35.0,21.0,38.0,22.0,15.0,51.0,22.0,103.0,77.0,7.0,22.0,337.0,43.0,10.0,4.0,7.0,18.0,66.0,26.0,289.0,207.0,266.0,36.0,228.0,4.0,22.0,280.0,703.0,69.0,06,37
0638,221403,181,0.0,0.0,0.0,0.0,0.0,0.0,0.0,0.0,0.0,0.0,0.0,17.0,0.0,0.0,1056.0,1035.0,1137.0,885.0,City of Hope,"Los Angeles, California",31.0,23.0,74.0,35.0,22.0,38.0,22.0,15.0,51.0,22.0,104.0,77.0,8.0,22.0,337.0,43.0,10.0,4.0,7.0,19.0,66.0,26.0,289.0,207.0,268.0,36.0,229.0,4.0,23.0,284.0,703.0,69.0,06,38
0639,156610,181,0.0,0.0,7.6,0.0,7.1,0.0,0.0,1.6,0.0,0.0,0.0,42.0,47.0,0.0,753.0,75.0,1137.0,52.0,Chao Family Comprehensive Cancer Center (UC Irvine),"Orange, California",26.0,16.0,59.0,26.0,17.0,29.0,16.0,11.0,34.0,16.0,81.0,51.0,6.0,16.0,227.0,30.0,7.0,3.0,5.0,15.0,48.0,15.0,189.0,144.0,185.0,27.0,189.0,3.0,17.0,196.0,502.0,56.0,06,39
0640,241531,184,0.0,0.0,0.0,0.0,0.0,0.0,0.0,0.0,0.0,0.0,0.0,18.0,0.0,0.0,1049.0,402.0,1137.0,379.0,Chao Family Comprehensive Cancer Center (UC Irvine),"Orange, California",31.0,23.0,74.0,35.0,21.0,38.0,22.0,15.0,51.0,22.0,102.0,77.0,7.0,22.0,335.0,43.0,10.0,4.0,7.0,18.0,66.0,26.0,287.0,206.0,265.0,36.0,228.0,4.0,23.0,280.0,700.0,69.0,06,40
0641,259878,221,0.0,0.0,53.9,0.0,53.9,7.8,0.0,57.5,1.6,0.0,0.0,63.0,61.0,0.0,384.0,55.0,971.0,52.0,Chao Family Comprehensive Cancer Center (UC Irvine),"Orange, California",15.0,8.0,33.0,13.0,9.0,16.0,9.0,6.0,17.0,7.0,42.0,24.0,3.0,9.0,110.0,14.0,3.0,2.0,3.0,7.0,27.0,7.0,88.0,68.0,94.0,15.0,107.0,1.0,9.0,106.0,246.0,32.0,06,41
0642,181619,191,0.0,0.0,0.0,0.0,0.0,0.0,0.0,0.1,0.1,0.0,0.1,19.0,0.0,0.0,1052.0,1036.0,1136.0,924.0,Chao Family Comprehensive Cancer Center (UC Irvine),"Los Angeles, California",31.0,23.0,74.0,35.0,21.0,38.0,22.0,15.0,51.0,22.0,103.0,77.0,7.0,22.0,337.0,43.0,10.0,4.0,7.0,18.0,66.0,26.0,289.0,207.0,266.0,36.0,228.0,4.0,22.0,281.0,702.0,69.0,06,42
0643,174319,198,0.0,0.0,0.0,0.0,0.0,0.0,0.0,0.0,0.0,0.0,0.0,14.0,0.0,0.0,1052.0,940.0,1137.0,924.0,USC Norris Comprehensive Cancer Center,"Los Angeles, California",31.0,23.0,74.0,35.0,21.0,38.0,22.0,15.0,51.0,22.0,103.0,77.0,7.0,22.0,337.0,43.0,10.0,4.0,7.0,18.0,66.0,26.0,289.0,207.0,266.0,36.0,228.0,4.0,22.0,280.0,703.0,69.0,06,43
0644,192812,189,0.0,0.0,0.0,0.0,0.0,0.0,0.0,0.0,0.0,0.0,0.0,21.0,0.0,0.0,1051.0,1013.0,1137.0,924.0,USC Norris Comprehensive Cancer Center,"Los Angeles, California",31.0,23.0,74.0,35.0,21.0,38.0,22.0,15.0,51.0,22.0,102.0,77.0,7.0,22.0,337.0,43.0,10.0,4.0,7.0,18.0,66.0,26.0,289.0,207.0,265.0,36.0,228.0,4.0,22.0,280.0,702.0,69.0,06,44
0645,228401,181,0.0,0.0,0.0,0.0,0.0,0.0,0.0,0.0,0.0,0.0,0.0,13.0,0.0,0.0,1054.0,775.0,1137.0,472.0,Chao Family Comprehensive Cancer Center (UC Irvine),"Orange, California",31.0,23.0,74.0,35.0,22.0,38.0,22.0,15.0,51.0,22.0,103.0,77.0,8.0,22.0,337.0,43.0,10.0,4.0,7.0,19.0,66.0,26.0,289.0,207.0,267.0,36.0,229.0,4.0,23.0,282.0,703.0,69.0,06,45
0646,171380,155,0.0,0.0,0.0,0.0,0.0,0.0,0.0,0.0,0.0,0.0,0.0,8.0,0.0,0.0,1055.0,718.0,1137.0,410.0,Chao Family Comprehensive Cancer Center (UC Irvine),"Orange, California",31.0,23.0,74.0,35.0,22.0,38.0,22.0,15.0,51.0,22.0,104.0,77.0,8.0,22.0,337.0,43.0,10.0,4.0,7.0,19.0,66.0,26.0,289.0,207.0,268.0,36.0,229.0,4.0,23.0,283.0,703.0,69.0,06,46
0647,222460,170,0.0,0.0,0.0,0.0,0.0,0.0,0.0,0.0,0.0,0.0,0.0,15.0,0.0,0.0,1051.0,457.0,1137.0,410.0,Chao Family Comprehensive Cancer Center (UC Irvine),"Orange, California",31.0,23.0,74.0,35.0,21.0,38.0,22.0,15.0,51.0,22.0,102.0,77.0,7.0,22.0,337.0,43.0,10.0,4.0,7.0,18.0,66.0,26.0,289.0,207.0,265.0,36.0,228.0,4.0,22.0,280.0,702.0,69.0,06,47
0648,227734,190,0.0,0.0,0.9,0.0,0.9,0.0,0.0,13.4,0.0,0.0,0.0,38.0,0.0,0.0,261.0,189.0,877.0,189.0,Moores Comprehensive Cancer Center (UCSD),"San Diego, California",12.0,8.0,27.0,4.0,4.0,16.0,7.0,7.0,10.0,4.0,28.0,8.0,1.0,10.0,66.0,6.0,2.0,1.0,2.0,7.0,25.0,5.0,50.0,41.0,69.0,11.0,85.0,1.0,4.0,69.0,169.0,24.0,06,48
0649,223613,177,0.0,0.0,0.0,0.0,0.0,0.0,0.0,0.0,0.0,0.0,0.0,28.0,0.0,0.0,599.0,304.0,1136.0,304.0,Moores Comprehensive Cancer Center (UCSD),"San Diego, California",21.0,14.0,50.0,18.0,11.0,27.0,14.0,12.0,25.0,13.0,63.0,33.0,4.0,15.0,176.0,23.0,6.0,2.0,4.0,13.0,43.0,11.0,143.0,112.0,150.0,23.0,158.0,3.0,10.0,149.0,403.0,47.0,06,49
0650,197607,221,0.0,0.0,0.0,0.0,0.0,0.0,0.0,0.0,0.0,0.0,0.0,17.0,0.0,0.0,252.0,244.0,1044.0,244.0,Moores Comprehensive Cancer Center (UCSD),"San Diego, California",11.0,8.0,26.0,4.0,3.0,16.0,6.0,7.0,10.0,4.0,27.0,7.0,1.0,9.0,64.0,6.0,2.0,1.0,2.0,7.0,25.0,5.0,49.0,40.0,67.0,11.0,80.0,1.0,3.0,66.0,164.0,22.0,06,50
0651,195945,182,0.0,0.0,0.0,0.0,0.0,0.0,0.0,0.0,0.0,0.0,0.0,18.0,0.0,0.0,244.0,244.0,856.0,244.0,Moores Comprehensive Cancer Center (UCSD),"San Diego, California",10.0,8.0,25.0,3.0,3.0,15.0,6.0,7.0,10.0,4.0,26.0,7.0,1.0,9.0,63.0,6.0,2.0,1.0,2.0,7.0,24.0,5.0,49.0,39.0,66.0,11.0,75.0,1.0,3.0,63.0,160.0,21.0,06,51
0652,182504,172,0.0,0.0,0.0,0.0,0.0,0.0,0.0,0.0,0.0,0.0,0.0,27.0,0.0,0.0,244.0,244.0,586.0,244.0,Moores Comprehensive Cancer Center (UCSD),"San Diego, California",10.0,8.0,25.0,3.0,3.0,15.0,6.0,7.0,10.0,4.0,26.0,7.0,1.0,9.0,63.0,6.0,2.0,1.0,2.0,7.0,24.0,5.0,49.0,39.0,66.0,11.0,75.0,1.0,3.0,63.0,160.0,21.0,06,52
0801,156316,183,0.0,0.0,0.0,0.0,0.0,0.0,0.0,0.0,0.0,0.0,0.0,16.0,0.0,0.0,427.0,417.0,438.0,206.0,University of Colorado Cancer Center,"Denver, Colorado",14.0,5.0,29.0,16.0,8.0,13.0,6.0,7.0,20.0,4.0,39.0,20.0,4.0,13.0,143.0,32.0,6.0,1.0,3.0,7.0,28.0,10.0,121.0,89.0,70.0,18.0,125.0,2.0,2.0,80.0,324.0,24.0,08,01
0802,203390,211,5.9,14.4,32.9,10.3,32.9,5.6,14.4,50.6,8.4,0.0,0.0,61.0,48.0,0.0,276.0,94.0,410.0,30.0,University of Colorado Cancer Center,"Adams, Colorado",9.0,3.0,20.0,11.0,6.0,9.0,4.0,5.0,12.0,3.0,27.0,12.0,2.0,9.0,87.0,19.0,4.0,1.0,2.0,5.0,19.0,7.0,72.0,54.0,47.0,12.0,87.0,1.0,1.0,60.0,197.0,19.0,08,02
0803,252067,214,28.2,56.9,100.0,46.1,100.0,82.1,56.9,100.0,83.7,0.0,0.0,229.0,242.0,72.0,19.0,11.0,76.0,11.0,University of Colorado Cancer Center,"Denver, Colorado",0.0,0.0,3.0,1.0,1.0,0.0,1.0,0.0,1.0,0.0,4.0,0.0,0.0,0.0,1.0,1.0,1.0,0.0,0.0,1.0,3.0,0.0,0.0,1.0,4.0,1.0,13.0,0.0,0.0,11.0,7.0,2.0,08,03
0804,203107,183,16.5,17.3,23.0,22.1,23.0,10.3,17.3,41.7,12.0,0.0,0.0,40.0,37.0,0.0,309.0,163.0,386.0,47.0,University of Colorado Cancer Center,"Denver, Colorado",10.0,4.0,21.0,12.0,5.0,10.0,5.0,5.0,14.0,3.0,28.0,14.0,3.0,10.0,103.0,22.0,5.0,1.0,2.0,5.0,21.0,7.0,88.0,64.0,50.0,14.0,92.0,1.0,1.0,62.0,230.0,18.0,08,04
0805,182199,167,0.0,0.0,61.9,0.0,81.6,0.4,0.0,86.3,0.0,0.0,0.0,70.0,67.0,0.0,132.0,49.0,430.0,48.0,University of Colorado Cancer Center,"Denver, Colorado",7.0,1.0,11.0,8.0,3.0,3.0,3.0,4.0,4.0,1.0,22.0,4.0,1.0,3.0,26.0,8.0,2.0,0.0,0.0,3.0,15.0,0.0,20.0,17.0,27.0,8.0,59.0,0.0,0.0,41.0,78.0,13.0,08,05
0806,185652,187,0.0,0.0,0.0,0.0,0.0,0.0,0.0,0.0,0.0,0.0,0.0,16.0,11.0,0.0,420.0,393.0,438.0,56.0,University of Colorado Cancer Center,"Denver, Colorado",14.0,5.0,28.0,16.0,6.0,13.0,6.0,7.0,20.0,3.0,38.0,20.0,4.0,13.0,142.0,30.0,6.0,1.0,3.0,7.0,27.0,10.0,121.0,89.0,68.0,17.0,121.0,1.0,2.0,78.0,319.0,22.0,08,06
0807,231862,200,4.7,9.6,20.5,16.7,20.5,5.3,9.6,20.8,9.0,0.0,0.0,31.0,20.0,0.0,345.0,292.0,403.0,35.0,University of Colorado Cancer Center,"Denver, Colorado",11.0,4.0,24.0,13.0,6.0,10.0,5.0,6.0,16.0,3.0,32.0,16.0,3.0,10.0,115.0,25.0,5.0,1.0,2.0,6.0,23.0,8.0,96.0,71.0,57.0,14.0,103.0,1.0,2.0,67.0,259.0,19.0,08,07
0808,166871,174,0.0,0.0,0.2,0.0,0.2,0.0,0.0,13.8,0.0,0.0,0.0,28.0,0.0,0.0,416.0,284.0,437.0,136.0,University of Colorado Cancer Center,"Adams, Colorado",13.0,5.0,29.0,15.0,8.0,13.0,6.0,7.0,18.0,4.0,37.0,19.0,4.0,13.0,141.0,31.0,6.0,1.0,3.0,7.0,27.0,10.0,118.0,87.0,68.0,18.0,121.0,2.0,2.0,81.0,311.0,24.0,08,08
0901,225269,197,0.0,0.0,0.0,6.6,0.0,0.0,0.0,0.0,0.0,0.0,0.0,37.0,36.0,0.0,355.0,141.0,1498.0,69.0,Yale Cancer Center,"New Haven, Connecticut",4.0,10.0,35.0,10.0,4.0,23.0,13.0,7.0,9.0,3.0,40.0,17.0,1.0,6.0,111.0,18.0,5.0,1.0,4.0,5.0,21.0,7.0,87.0,55.0,82.0,13.0,107.0,0.0,10.0,92.0,231.0,32.0,09,01
0902,251932,176,0.0,0.0,0.5,32.9,0.6,0.0,0.0,20.7,0.0,0.0,0.0,52.0,48.0,0.0,323.0,74.0,1230.0,37.0,Yale Cancer Center,"New Haven, Connecticut",5.0,10.0,29.0,8.0,4.0,25.0,13.0,5.0,11.0,3.0,34.0,14.0,1.0,6.0,97.0,17.0,4.0,1.0,4.0,6.0,20.0,6.0,72.0,49.0,77.0,13.0,104.0,0.0,8.0,86.0,206.0,31.0,09,02
0903,234738,170,0.0,0.0,0.0,5.2,0.0,0.0,0.0,0.0,0.0,0.0,0.0,12.0,0.0,0.0,510.0,318.0,1374.0,266.0,Yale Cancer Center,"New Haven, Connecticut",11.0,14.0,51.0,16.0,6.0,30.0,20.0,10.0,19.0,5.0,61.0,28.0,2.0,8.0,139.0,26.0,7.0,2.0,5.0,8.0,31.0,10.0,121.0,72.0,145.0,16.0,138.0,2.0,16.0,190.0,280.0,40.0,09,03
0904,218729,177,0.0,0.0,0.0,0.0,0.0,0.0,0.0,0.0,0.0,0.0,0.0,26.0,23.0,0.0,1166.0,333.0,1362.0,78.0,Yale Cancer Center,"Westchester, New York",33.0,42.0,97.0,36.0,14.0,53.0,36.0,17.0,47.0,17.0,118.0,69.0,12.0,24.0,345.0,64.0,9.0,4.0,11.0,21.0,75.0,23.0,311.0,210.0,330.0,30.0,230.0,12.0,43.0,421.0,684.0,60.0,09,04
0905,238411,187,0.0,0.0,0.0,0.0,0.0,0.0,0.0,1.2,0.0,0.0,0.0,31.0,29.0,0.0,452.0,216.0,1408.0,139.0,Yale Cancer Center,"New Haven, Connecticut",8.0,13.0,45.0,14.0,5.0,28.0,17.0,9.0,15.0,5.0,53.0,24.0,2.0,7.0,130.0,23.0,6.0,2.0,4.0,7.0,28.0,9.0,110.0,66.0,121.0,14.0,126.0,1.0,14.0,152.0,263.0,37.0,09,05
1000,343484,262,0.0,0.0,48.6,0.0,50.4,0.2,0.0,50.7,0.0,0.0,0.0,66.0,64.0,0.0,294.0,90.0,1147.0,53.0,Sidney Kimmel Cancer Center (Jefferson),"Philadelphia, Pennsylvania",14.0,5.0,25.0,10.0,6.0,17.0,11.0,4.0,14.0,4.0,39.0,15.0,2.0,9.0,69.0,11.0,5.0,0.0,1.0,7.0,21.0,6.0,62.0,39.0,71.0,11.0,96.0,2.0,13.0,104.0,163.0,27.0,10,00
1198,151648,206,0.0,0.0,0.0,0.0,0.0,0.0,0.0,0.0,0.0,0.0,0.0,4.0,0.0,0.0,880.0,687.0,1031.0,208.0,Georgetown Lombardi Comprehensive Cancer Center,"District of Columbia, District of Columbia",19.0,19.0,61.0,23.0,10.0,41.0,20.0,16.0,33.0,21.0,106.0,29.0,6.0,18.0,330.0,25.0,11.0,1.0,8.0,17.0,50.0,16.0,234.0,176.0,203.0,24.0,212.0,2.0,29.0,189.0,564.0,127.0,11,98
1201,240767,182,7.7,42.8,100.0,58.4,100.0,100.0,42.8,100.0,100.0,0.0,0.0,246.0,247.0,55.0,23.0,8.0,55.0,5.0,O'Neal Comprehensive Cancer Center (UAB),"Jefferson, Alabama",0.0,0.0,6.0,1.0,0.0,0.0,0.0,0.0,0.0,0.0,11.0,1.0,0.0,1.0,2.0,0.0,0.0,0.0,0.0,0.0,1.0,0.0,0.0,0.0,4.0,3.0,16.0,0.0,0.0,8.0,13.0,2.0,12,01
1202,237502,229,5.1,100.0,100.0,44.0,100.0,98.1,100.0,100.0,93.5,0.0,0.0,177.0,204.0,144.0,6.0,3.0,33.0,2.0,University of Florida Health Cancer Institute,"Duval, Florida",0.0,0.0,2.0,0.0,0.0,0.0,0.0,0.0,0.0,0.0,2.0,0.0,0.0,0.0,0.0,0.0,0.0,0.0,0.0,0.0,0.0,0.0,0.0,0.0,1.0,0.0,4.0,0.0,0.0,2.0,4.0,0.0,12,02
1203,262357,184,0.2,5.4,25.9,28.5,92.8,2.6,5.4,7.6,0.0,0.0,0.0,40.0,79.0,0.0,110.0,33.0,511.0,30.0,University of Florida Health Cancer Institute,"Duval, Florida",8.0,6.0,10.0,4.0,1.0,5.0,1.0,1.0,3.0,2.0,19.0,4.0,0.0,1.0,29.0,2.0,0.0,0.0,1.0,1.0,6.0,3.0,18.0,15.0,29.0,5.0,36.0,0.0,7.0,41.0,55.0,15.0,12,03
1204,232086,179,0.6,0.6,0.6,15.8,0.6,0.0,0.6,0.0,0.0,0.0,0.0,15.0,0.0,0.0,257.0,194.0,346.0,136.0,Mayo Clinic Cancer Center – Jacksonville,"Duval, Florida",10.0,14.0,23.0,8.0,3.0,7.0,8.0,3.0,6.0,7.0,30.0,12.0,2.0,11.0,66.0,18.0,4.0,1.0,0.0,8.0,11.0,7.0,53.0,45.0,59.0,10.0,78.0,2.0,10.0,65.0,179.0,13.0,12,04
1205,233493,157,0.0,0.0,0.0,0.0,0.0,0.0,0.0,0.0,0.0,0.0,0.0,16.0,0.0,0.0,251.0,209.0,373.0,162.0,Mayo Clinic Cancer Center – Jacksonville,"Duval, Florida",9.0,13.0,22.0,8.0,3.0,6.0,8.0,3.0,6.0,7.0,29.0,12.0,2.0,11.0,64.0,18.0,4.0,1.0,0.0,8.0,10.0,7.0,52.0,44.0,57.0,10.0,77.0,2.0,9.0,61.0,178.0,12.0,12,05
1206,342686,212,0.0,2.8,28.6,25.2,43.8,0.0,2.8,68.4,0.0,0.0,0.0,70.0,58.0,0.0,156.0,21.0,563.0,17.0,University of Florida Health Cancer Institute,"Orange, Florida",6.0,3.0,15.0,7.0,2.0,9.0,3.0,2.0,4.0,3.0,29.0,6.0,0.0,3.0,46.0,4.0,1.0,0.0,2.0,3.0,6.0,2.0,32.0,27.0,28.0,9.0,55.0,0.0,5.0,25.0,122.0,8.0,12,06
1207,257231,160,0.0,0.0,4.1,0.0,3.3,0.0,0.0,100.0,2.3,0.0,0.0,102.0,22.0,0.0,206.0,122.0,576.0,26.0,Moffitt Cancer Center,"Orange, Florida",5.0,1.0,20.0,12.0,3.0,15.0,5.0,2.0,5.0,3.0,34.0,7.0,0.0,3.0,73.0,3.0,1.0,0.0,2.0,3.0,8.0,1.0,50.0,38.0,28.0,12.0,74.0,0.0,4.0,19.0,179.0,9.0,12,07
1208,336057,197,0.0,10.0,62.4,24.4,62.4,0.0,62.4,100.0,93.4,0.0,0.0,133.0,66.0,66.0,87.0,15.0,323.0,13.0,Moffitt Cancer Center,"Orange, Florida",2.0,0.0,11.0,6.0,1.0,6.0,4.0,1.0,1.0,1.0,16.0,2.0,0.0,1.0,28.0,1.0,0.0,0.0,1.0,2.0,3.0,0.0,20.0,15.0,10.0,6.0,35.0,0.0,2.0,8.0,77.0,3.0,12,08
1209,195794,132,0.0,0.0,0.5,0.0,0.5,0.0,0.5,99.5,0.0,0.0,0.0,81.0,18.0,18.0,222.0,154.0,549.0,73.0,Moffitt Cancer Center,"Orange, Florida",6.0,1.0,24.0,12.0,4.0,16.0,6.0,2.0,6.0,2.0,33.0,7.0,0.0,4.0,79.0,4.0,1.0,0.0,2.0,4.0,8.0,1.0,53.0,41.0,31.0,12.0,80.0,0.0,5.0,25.0,185.0,12.0,12,09
1210,181279,165,0.0,0.0,0.0,0.0,0.0,0.0,0.0,100.0,0.0,0.0,0.0,91.0,0.0,0.0,229.0,179.0,564.0,162.0,Moffitt Cancer Center,"Orange, Florida",6.0,1.0,25.0,12.0,4.0,16.0,6.0,2.0,6.0,3.0,39.0,7.0,0.0,4.0,79.0,4.0,1.0,0.0,2.0,4.0,8.0,1.0,53.0,41.0,32.0,14.0,85.0,0.0,5.0,23.0,194.0,12.0,12,10
1211,302366,158,0.0,0.7,1.1,0.0,1.1,0.0,0.7,92.5,0.0,0.0,0.0,75.0,38.0,26.0,229.0,83.0,578.0,53.0,Moffitt Cancer Center,"Orange, Florida",7.0,2.0,23.0,12.0,4.0,16.0,6.0,2.0,6.0,3.0,35.0,7.0,0.0,5.0,80.0,5.0,1.0,0.0,2.0,4.0,9.0,1.0,55.0,43.0,37.0,12.0,77.0,0.0,5.0,27.0,191.0,11.0,12,11
1212,321940,196,0.0,0.9,19.9,0.0,25.1,0.0,5.3,17.8,0.0,0.0,0.0,42.0,44.0,37.0,288.0,56.0,604.0,10.0,Moffitt Cancer Center,"Hillsborough, Florida",10.0,5.0,27.0,10.0,2.0,12.0,13.0,0.0,13.0,6.0,44.0,15.0,4.0,14.0,71.0,12.0,3.0,1.0,2.0,7.0,14.0,5.0,61.0,47.0,77.0,11.0,89.0,0.0,3.0,66.0,205.0,17.0,12,12
1213,337928,218,0.0,0.0,0.0,0.0,0.0,0.0,0.0,0.0,0.0,0.0,0.0,25.0,28.0,0.0,385.0,279.0,569.0,80.0,Moffitt Cancer Center,"Hillsborough, Florida",12.0,6.0,35.0,12.0,2.0,18.0,17.0,0.0,16.0,7.0,54.0,20.0,6.0,19.0,101.0,15.0,4.0,2.0,2.0,9.0,20.0,7.0,92.0,63.0,99.0,13.0,114.0,1.0,4.0,85.0,279.0,21.0,12,13
1214,222854,222,0.0,0.0,0.0,0.0,0.0,0.0,0.0,0.0,0.0,0.0,0.0,11.0,0.0,0.0,390.0,345.0,571.0,241.0,Moffitt Cancer Center,"Hillsborough, Florida",12.0,6.0,36.0,12.0,3.0,18.0,17.0,0.0,17.0,7.0,54.0,20.0,6.0,19.0,101.0,15.0,4.0,2.0,2.0,10.0,20.0,7.0,92.0,63.0,99.0,14.0,117.0,1.0,4.0,87.0,281.0,22.0,12,14
1215,229919,193,0.0,0.0,0.0,0.0,0.0,0.0,0.0,0.0,0.0,0.0,0.0,20.0,0.0,0.0,390.0,278.0,593.0,192.0,Moffitt Cancer Center,"Hillsborough, Florida",12.0,6.0,37.0,13.0,3.0,16.0,17.0,0.0,18.0,7.0,56.0,20.0,6.0,19.0,100.0,15.0,4.0,2.0,2.0,10.0,19.0,7.0,87.0,64.0,101.0,15.0,119.0,0.0,4.0,88.0,280.0,22.0,12,15
1216,286970,170,0.0,0.0,0.5,0.0,0.5,0.0,0.0,3.0,0.0,0.0,0.0,45.0,39.0,24.0,426.0,157.0,543.0,120.0,Moffitt Cancer Center,"Hillsborough, Florida",13.0,5.0,37.0,12.0,3.0,21.0,17.0,0.0,17.0,7.0,55.0,21.0,6.0,20.0,125.0,16.0,5.0,2.0,2.0,10.0,24.0,8.0,118.0,70.0,99.0,13.0,119.0,2.0,5.0,86.0,318.0,22.0,12,16
1217,406730,218,0.0,0.0,13.8,0.0,72.6,9.8,0.0,87.0,14.2,0.0,0.0,87.0,81.0,0.0,221.0,73.0,434.0,66.0,Moffitt Cancer Center,"Hillsborough, Florida",6.0,1.0,20.0,8.0,3.0,20.0,7.0,0.0,8.0,3.0,25.0,8.0,2.0,6.0,74.0,6.0,3.0,1.0,1.0,4.0,13.0,3.0,66.0,34.0,37.0,6.0,74.0,2.0,3.0,31.0,180.0,10.0,12,17
1218,272550,218,3.5,16.5,39.4,17.5,41.9,0.8,36.5,49.5,6.9,0.0,0.0,60.0,48.0,47.0,274.0,17.0,578.0,12.0,Moffitt Cancer Center,"Orange, Florida",7.0,4.0,25.0,10.0,3.0,12.0,10.0,1.0,11.0,4.0,34.0,13.0,3.0,12.0,85.0,10.0,2.0,1.0,2.0,6.0,13.0,4.0,71.0,49.0,63.0,11.0,75.0,0.0,4.0,55.0,203.0,15.0,12,18
1219,380380,251,0.0,0.0,96.0,0.0,100.0,61.5,0.0,100.0,79.8,0.0,0.0,131.0,124.0,0.0,68.0,54.0,278.0,49.0,Moffitt Cancer Center,"Hillsborough, Florida",1.0,0.0,9.0,7.0,3.0,9.0,3.0,0.0,4.0,1.0,12.0,1.0,0.0,0.0,11.0,2.0,1.0,0.0,0.0,0.0,3.0,0.0,3.0,5.0,11.0,3.0,46.0,0.0,0.0,6.0,59.0,3.0,12,19
1220,234524,211,0.0,0.0,3.6,0.0,3.6,0.0,0.0,29.0,0.0,0.0,0.0,32.0,0.0,0.0,412.0,176.0,498.0,156.0,Sylvester Comprehensive Cancer Center (Miami),"Broward, Florida",5.0,16.0,35.0,14.0,6.0,31.0,12.0,5.0,23.0,4.0,55.0,29.0,7.0,13.0,85.0,24.0,6.0,2.0,4.0,8.0,20.0,8.0,52.0,50.0,117.0,16.0,159.0,4.0,13.0,112.0,263.0,37.0,12,20
1221,327027,196,0.0,9.5,72.1,0.0,72.1,0.0,14.7,100.0,10.7,0.0,0.0,103.0,79.0,46.0,121.0,36.0,480.0,32.0,Sylvester Comprehensive Cancer Center (Miami),"Broward, Florida",1.0,2.0,16.0,7.0,3.0,14.0,4.0,0.0,6.0,1.0,24.0,6.0,1.0,3.0,18.0,6.0,1.0,0.0,2.0,1.0,5.0,0.0,8.0,12.0,24.0,5.0,68.0,1.0,3.0,23.0,88.0,10.0,12,21
1222,302484,197,0.0,0.0,0.0,0.0,0.0,0.0,0.0,37.1,0.0,0.0,0.0,57.0,33.0,0.0,344.0,129.0,496.0,76.0,Sylvester Comprehensive Cancer Center (Miami),"Broward, Florida",4.0,12.0,32.0,13.0,5.0,28.0,10.0,3.0,19.0,3.0,51.0,22.0,5.0,11.0,68.0,21.0,5.0,1.0,4.0,5.0,16.0,5.0,39.0,38.0,93.0,14.0,147.0,3.0,10.0,87.0,221.0,35.0,12,22
1223,279355,196,0.0,0.0,0.0,0.0,0.0,0.0,0.0,0.0,0.0,0.0,0.0,38.0,0.0,0.0,489.0,217.0,496.0,155.0,Sylvester Comprehensive Cancer Center (Miami),"Broward, Florida",7.0,21.0,38.0,15.0,6.0,35.0,15.0,6.0,28.0,5.0,60.0,37.0,9.0,16.0,104.0,28.0,7.0,2.0,4.0,10.0,25.0,11.0,65.0,62.0,144.0,19.0,177.0,5.0,17.0,139.0,310.0,40.0,12,23
1224,225431,208,0.0,0.0,0.0,0.0,0.0,0.0,0.0,0.0,0.0,0.0,0.0,12.0,0.0,0.0,486.0,460.0,496.0,348.0,Sylvester Comprehensive Cancer Center (Miami),"Miami-Dade, Florida",7.0,21.0,38.0,15.0,6.0,35.0,15.0,6.0,28.0,5.0,60.0,37.0,9.0,16.0,104.0,28.0,7.0,2.0,4.0,10.0,25.0,11.0,65.0,62.0,144.0,19.0,175.0,5.0,17.0,139.0,308.0,40.0,12,24
1225,229088,172,0.0,0.0,0.0,0.0,0.0,0.0,0.0,0.0,0.0,0.0,0.0,22.0,0.0,0.0,489.0,443.0,496.0,190.0,Sylvester Comprehensive Cancer Center (Miami),"Broward, Florida",7.0,21.0,38.0,15.0,6.0,35.0,15.0,6.0,28.0,5.0,60.0,37.0,9.0,16.0,104.0,28.0,7.0,2.0,4.0,10.0,25.0,11.0,65.0,62.0,144.0,19.0,177.0,5.0,17.0,139.0,310.0,40.0,12,25
1226,261121,211,0.0,2.5,34.2,0.0,34.2,0.2,2.5,34.2,10.1,0.0,0.0,15.0,0.0,0.0,333.0,303.0,492.0,242.0,Sylvester Comprehensive Cancer Center (Miami),"Miami-Dade, Florida",5.0,14.0,27.0,11.0,5.0,26.0,10.0,4.0,19.0,3.0,42.0,25.0,6.0,11.0,69.0,19.0,5.0,1.0,3.0,6.0,17.0,7.0,43.0,40.0,97.0,13.0,125.0,3.0,11.0,93.0,213.0,27.0,12,26
1227,242396,239,0.0,0.0,0.0,0.0,0.0,0.0,0.0,0.0,0.0,0.0,0.0,9.0,0.0,0.0,461.0,399.0,493.0,366.0,Sylvester Comprehensive Cancer Center (Miami),"Miami-Dade, Florida",7.0,21.0,34.0,11.0,6.0,34.0,13.0,6.0,25.0,4.0,56.0,37.0,9.0,16.0,99.0,27.0,7.0,2.0,4.0,9.0,23.0,11.0,65.0,57.0,140.0,19.0,159.0,5.0,16.0,137.0,285.0,39.0,12,27
1228,224653,199,12.1,12.1,12.1,15.0,12.1,8.1,12.1,12.5,8.1,0.0,0.0,23.0,0.0,0.0,402.0,311.0,448.0,311.0,Sylvester Comprehensive Cancer Center (Miami),"Miami-Dade, Florida",6.0,18.0,30.0,10.0,5.0,30.0,11.0,5.0,22.0,3.0,48.0,32.0,8.0,14.0,86.0,23.0,6.0,2.0,3.0,8.0,20.0,10.0,57.0,50.0,122.0,17.0,138.0,4.0,14.0,120.0,248.0,34.0,12,28
1301,216257,224,33.5,34.1,92.7,60.8,92.7,22.3,34.1,92.2,20.4,0.0,0.0,112.0,111.0,33.0,37.0,16.0,186.0,13.0,Mayo Clinic Cancer Center – Jacksonville,"Duval, Florida",1.0,1.0,8.0,2.0,0.0,3.0,1.0,0.0,0.0,1.0,7.0,1.0,0.0,1.0,6.0,1.0,0.0,0.0,0.0,1.0,1.0,1.0,4.0,3.0,6.0,2.0,20.0,0.0,1.0,14.0,20.0,4.0,13,01
1302,219149,254,1.1,97.5,100.0,42.8,100.0,50.3,99.6,100.0,50.1,0.0,0.0,123.0,127.0,107.0,10.0,5.0,230.0,3.0,Winship Cancer Institute (Emory),"Fulton, Georgia",0.0,0.0,2.0,1.0,0.0,0.0,0.0,0.0,1.0,0.0,2.0,1.0,0.0,0.0,1.0,1.0,0.0,0.0,0.0,0.0,0.0,0.0,0.0,0.0,2.0,1.0,7.0,0.0,0.0,4.0,5.0,1.0,13,02
1303,231041,188,0.0,8.5,33.1,59.2,33.1,0.0,8.5,27.5,0.0,0.0,0.0,44.0,48.0,32.0,280.0,19.0,462.0,7.0,Winship Cancer Institute (Emory),"Fulton, Georgia",11.0,7.0,27.0,13.0,4.0,12.0,14.0,4.0,12.0,5.0,37.0,14.0,2.0,7.0,53.0,27.0,5.0,0.0,1.0,6.0,14.0,3.0,50.0,30.0,72.0,14.0,105.0,3.0,6.0,79.0,175.0,26.0,13,03
1304,183160,212,0.0,0.0,0.0,0.0,0.0,0.0,0.0,0.0,0.0,0.0,0.0,18.0,0.0,0.0,434.0,390.0,457.0,223.0,Winship Cancer Institute (Emory),"DeKalb, Georgia",17.0,11.0,42.0,19.0,6.0,19.0,21.0,6.0,18.0,8.0,59.0,21.0,3.0,13.0,85.0,42.0,8.0,0.0,2.0,11.0,21.0,4.0,81.0,49.0,114.0,22.0,154.0,5.0,10.0,120.0,277.0,38.0,13,04
1305,165696,256,0.0,0.0,0.0,21.1,0.0,0.0,0.0,0.0,0.0,0.0,0.0,10.0,0.0,0.0,429.0,398.0,457.0,177.0,Winship Cancer Institute (Emory),"Fulton, Georgia",17.0,11.0,41.0,18.0,6.0,19.0,21.0,6.0,18.0,8.0,56.0,20.0,3.0,12.0,84.0,42.0,8.0,0.0,2.0,10.0,21.0,4.0,80.0,48.0,113.0,21.0,152.0,5.0,10.0,120.0,271.0,38.0,13,05
1306,180081,212,0.0,0.0,0.0,13.4,0.0,0.0,0.0,0.0,0.0,0.0,0.0,15.0,13.0,0.0,424.0,336.0,463.0,85.0,Winship Cancer Institute (Emory),"Fulton, Georgia",17.0,11.0,40.0,18.0,6.0,18.0,21.0,6.0,18.0,8.0,54.0,20.0,3.0,12.0,83.0,42.0,8.0,0.0,2.0,10.0,21.0,4.0,79.0,48.0,111.0,20.0,150.0,5.0,10.0,119.0,267.0,38.0,13,06
1307,214149,193,0.0,0.7,3.4,9.5,3.4,0.0,0.7,7.5,0.0,0.0,0.0,34.0,27.0,25.0,406.0,208.0,474.0,76.0,Winship Cancer Institute (Emory),"Fulton, Georgia",16.0,11.0,38.0,18.0,6.0,18.0,20.0,6.0,16.0,8.0,54.0,19.0,3.0,13.0,80.0,39.0,8.0,0.0,2.0,11.0,18.0,4.0,77.0,46.0,107.0,21.0,141.0,5.0,10.0,112.0,259.0,35.0,13,07
1308,217965,225,3.5,98.0,99.1,62.3,99.1,58.4,99.1,99.1,43.4,0.0,0.0,115.0,126.0,112.0,11.0,3.0,203.0,1.0,Winship Cancer Institute (Emory),"Duval, Florida",0.0,0.0,2.0,1.0,1.0,0.0,0.0,0.0,1.0,0.0,1.0,1.0,0.0,0.0,2.0,1.0,0.0,0.0,0.0,0.0,0.0,0.0,1.0,0.0,2.0,1.0,7.0,0.0,0.0,4.0,6.0,1.0,13,08
1309,227505,201,4.4,18.0,44.4,41.4,44.8,0.4,18.0,51.4,1.0,0.0,0.0,62.0,55.0,27.0,239.0,86.0,472.0,7.0,Winship Cancer Institute (Emory),"DeKalb, Georgia",9.0,6.0,24.0,10.0,3.0,11.0,11.0,3.0,10.0,4.0,34.0,11.0,2.0,7.0,47.0,22.0,5.0,0.0,1.0,6.0,11.0,2.0,44.0,26.0,64.0,14.0,83.0,3.0,5.0,68.0,149.0,22.0,13,09
1310,215020,212,1.9,8.4,33.3,85.7,35.8,0.0,8.4,49.9,0.1,0.0,0.0,59.0,52.0,33.0,268.0,29.0,471.0,1.0,Winship Cancer Institute (Emory),"DeKalb, Georgia",10.0,7.0,26.0,12.0,3.0,12.0,12.0,4.0,11.0,5.0,36.0,12.0,2.0,8.0,54.0,26.0,5.0,0.0,1.0,7.0,13.0,2.0,51.0,31.0,70.0,15.0,91.0,3.0,6.0,77.0,166.0,24.0,13,10
1311,216711,190,0.0,0.0,10.3,28.0,10.3,0.0,0.0,13.3,0.0,0.0,0.0,32.0,30.0,16.0,359.0,143.0,467.0,10.0,Winship Cancer Institute (Emory),"Fulton, Georgia",14.0,9.0,34.0,16.0,5.0,17.0,19.0,5.0,14.0,7.0,47.0,17.0,2.0,10.0,70.0,34.0,7.0,0.0,2.0,9.0,17.0,4.0,66.0,40.0,94.0,18.0,129.0,4.0,9.0,101.0,225.0,33.0,13,11
1312,216917,203,20.0,26.1,100.0,74.2,100.0,91.2,26.1,100.0,94.8,0.0,0.0,141.0,137.0,32.0,32.0,21.0,123.0,11.0,Hollings Cancer Center (MUSC),"DeKalb, Georgia",1.0,0.0,3.0,1.0,0.0,5.0,0.0,0.0,5.0,0.0,2.0,5.0,0.0,0.0,8.0,1.0,0.0,0.0,1.0,1.0,1.0,0.0,4.0,6.0,8.0,2.0,12.0,0.0,1.0,11.0,16.0,5.0,13,12
1313,198277,193,0.0,0.0,0.0,37.4,0.0,0.0,0.0,0.0,0.0,0.0,0.0,28.0,23.0,23.0,423.0,307.0,452.0,14.0,Winship Cancer Institute (Emory),"DeKalb, Georgia",17.0,11.0,40.0,18.0,6.0,19.0,21.0,6.0,17.0,8.0,55.0,20.0,3.0,13.0,84.0,41.0,8.0,0.0,2.0,11.0,20.0,4.0,80.0,48.0,111.0,21.0,148.0,5.0,10.0,117.0,268.0,37.0,13,13
1314,215232,189,0.0,1.9,60.3,60.0,59.5,2.1,1.9,58.4,2.1,0.0,0.0,68.0,70.0,28.0,182.0,37.0,458.0,5.0,Winship Cancer Institute (Emory),"Fulton, Georgia",7.0,4.0,18.0,8.0,3.0,9.0,9.0,3.0,8.0,3.0,27.0,9.0,1.0,5.0,34.0,16.0,3.0,0.0,1.0,4.0,9.0,2.0,30.0,22.0,44.0,8.0,72.0,2.0,4.0,48.0,119.0,15.0,13,14
1501,232587,240,0.0,0.0,100.0,0.0,100.0,100.0,0.0,0.0,0.0,100.0,0.0,7.0,999.0,0.0,42.0,42.0,42.0,42.0,University of Hawai'i Cancer Center,NO ROAD CONNECTION,0.0,1.0,8.0,1.0,2.0,0.0,2.0,0.0,1.0,1.0,9.0,1.0,0.0,0.0,6.0,0.0,0.0,0.0,1.0,4.0,4.0,1.0,2.0,0.0,12.0,5.0,23.0,0.0,0.0,22.0,9.0,11.0,15,01
1502,237326,227,31.9,66.6,100.0,31.9,100.0,100.0,66.6,66.6,66.6,100.0,66.6,999.0,999.0,999.0,16.0,16.0,16.0,16.0,NO ROAD CONNECTION,NO ROAD CONNECTION,0.0,0.0,3.0,0.0,1.0,0.0,1.0,0.0,0.0,0.0,3.0,0.0,0.0,0.0,2.0,0.0,0.0,0.0,0.0,1.0,2.0,0.0,1.0,0.0,4.0,2.0,10.0,0.0,0.0,9.0,3.0,4.0,15,02
1601,292581,230,9.8,20.1,77.9,19.3,100.0,100.0,20.1,100.0,100.0,0.0,0.0,353.0,358.0,0.0,69.0,56.0,82.0,49.0,Huntsman Cancer Institute (Utah),"Salt Lake, Utah",2.0,1.0,7.0,3.0,2.0,3.0,2.0,1.0,6.0,0.0,13.0,5.0,0.0,1.0,11.0,2.0,2.0,1.0,0.0,3.0,6.0,0.0,1.0,2.0,24.0,4.0,38.0,0.0,0.0,31.0,16.0,22.0,16,01
1602,246538,231,44.1,47.8,100.0,59.2,100.0,99.2,47.8,100.0,98.5,0.5,0.5,236.0,245.0,47.0,31.0,28.0,40.0,25.0,Huntsman Cancer Institute (Utah),"Salt Lake, Utah",1.0,1.0,3.0,2.0,1.0,1.0,1.0,1.0,2.0,0.0,6.0,2.0,0.0,1.0,4.0,1.0,1.0,1.0,0.0,1.0,3.0,0.0,0.0,0.0,12.0,2.0,17.0,0.0,0.0,18.0,4.0,10.0,16,02
1701,227412,260,0.0,0.0,0.0,4.7,0.0,0.0,0.0,0.6,0.0,0.0,0.0,16.0,0.0,0.0,580.0,432.0,674.0,376.0,University of Chicago Comprehensive Cancer Center,"Cook, Illinois",26.0,12.0,53.0,19.0,11.0,27.0,24.0,7.0,28.0,10.0,84.0,31.0,3.0,11.0,138.0,20.0,7.0,3.0,7.0,9.0,40.0,12.0,101.0,87.0,168.0,20.0,180.0,4.0,20.0,187.0,332.0,61.0,17,01
1702,224944,236,0.0,0.5,19.0,19.0,24.1,0.7,0.5,23.3,0.3,0.0,0.0,27.0,0.0,0.0,458.0,350.0,630.0,342.0,University of Chicago Comprehensive Cancer Center,"Cook, Illinois",20.0,9.0,42.0,15.0,9.0,22.0,19.0,5.0,22.0,8.0,66.0,25.0,2.0,9.0,107.0,15.0,6.0,3.0,5.0,8.0,31.0,9.0,77.0,66.0,134.0,16.0,147.0,3.0,15.0,152.0,252.0,54.0,17,02
1703,184340,232,0.0,0.0,0.0,0.0,0.0,0.0,0.0,0.0,0.0,0.0,0.0,17.0,0.0,0.0,586.0,559.0,682.0,406.0,University of Chicago Comprehensive Cancer Center,"Cook, Illinois",26.0,12.0,53.0,19.0,11.0,27.0,24.0,7.0,28.0,10.0,85.0,32.0,3.0,11.0,140.0,20.0,7.0,3.0,7.0,9.0,40.0,12.0,103.0,89.0,169.0,20.0,182.0,4.0,20.0,188.0,337.0,61.0,17,03
1704,183181,199,0.0,0.0,0.0,0.0,0.0,0.0,0.0,0.0,0.0,0.0,0.0,8.0,0.0,0.0,587.0,561.0,678.0,498.0,University of Chicago Comprehensive Cancer Center,"Cook, Illinois",26.0,12.0,54.0,19.0,11.0,27.0,24.0,7.0,28.0,10.0,85.0,32.0,3.0,11.0,140.0,20.0,7.0,3.0,7.0,9.0,40.0,12.0,103.0,89.0,169.0,20.0,182.0,4.0,20.0,188.0,338.0,61.0,17,04
1705,206049,237,0.0,0.0,0.0,0.0,0.0,0.0,0.0,0.0,0.0,0.0,0.0,17.0,0.0,0.0,585.0,547.0,691.0,500.0,University of Chicago Comprehensive Cancer Center,"Cook, Illinois",26.0,12.0,53.0,19.0,11.0,27.0,24.0,7.0,28.0,10.0,85.0,32.0,3.0,11.0,140.0,20.0,7.0,3.0,7.0,9.0,40.0,12.0,103.0,89.0,168.0,20.0,181.0,4.0,20.0,188.0,337.0,61.0,17,05
1706,248736,202,0.0,0.0,0.0,0.0,0.0,0.0,0.0,0.0,0.0,0.0,0.0,19.0,0.0,0.0,587.0,559.0,679.0,366.0,University of Chicago Comprehensive Cancer Center,"Cook, Illinois",26.0,12.0,54.0,19.0,11.0,27.0,24.0,7.0,28.0,10.0,85.0,32.0,3.0,11.0,140.0,20.0,7.0,3.0,7.0,9.0,40.0,12.0,103.0,89.0,169.0,20.0,182.0,4.0,20.0,188.0,338.0,61.0,17,06
1707,178379,272,0.0,0.0,0.0,0.0,0.0,0.0,0.0,0.0,0.0,0.0,0.0,9.0,0.0,0.0,587.0,557.0,678.0,527.0,University of Chicago Comprehensive Cancer Center,"Cook, Illinois",26.0,12.0,54.0,19.0,11.0,27.0,24.0,7.0,28.0,10.0,85.0,32.0,3.0,11.0,140.0,20.0,7.0,3.0,7.0,9.0,40.0,12.0,103.0,89.0,169.0,20.0,182.0,4.0,20.0,188.0,338.0,61.0,17,07
1708,215931,192,0.0,0.0,0.0,0.0,0.0,0.0,0.0,0.0,0.0,0.0,0.0,33.0,0.0,0.0,582.0,433.0,714.0,295.0,University of Chicago Comprehensive Cancer Center,"DuPage, Illinois",26.0,12.0,52.0,19.0,11.0,26.0,24.0,7.0,27.0,10.0,84.0,32.0,3.0,11.0,139.0,20.0,7.0,3.0,7.0,9.0,40.0,12.0,103.0,88.0,167.0,20.0,180.0,4.0,19.0,188.0,334.0,60.0,17,08
1709,233142,187,0.0,0.0,0.0,0.0,0.0,0.0,0.0,0.0,0.0,0.0,0.0,21.0,0.0,0.0,586.0,491.0,691.0,442.0,University of Chicago Comprehensive Cancer Center,"Cook, Illinois",26.0,12.0,54.0,19.0,11.0,27.0,24.0,7.0,28.0,10.0,85.0,32.0,3.0,11.0,140.0,20.0,7.0,3.0,7.0,9.0,40.0,12.0,103.0,89.0,169.0,20.0,182.0,4.0,20.0,188.0,337.0,61.0,17,09
1710,221430,181,0.0,0.0,0.0,0.0,0.0,0.0,0.0,4.3,0.0,0.0,0.0,43.0,0.0,0.0,632.0,248.0,727.0,164.0,University of Chicago Comprehensive Cancer Center,"Lake, Illinois",27.0,13.0,55.0,20.0,12.0,30.0,26.0,8.0,30.0,11.0,86.0,35.0,4.0,11.0,151.0,27.0,8.0,3.0,7.0,13.0,46.0,13.0,114.0,95.0,186.0,24.0,186.0,6.0,21.0,210.0,362.0,60.0,17,10
1711,216988,194,0.0,0.0,0.0,4.1,0.0,0.0,0.0,10.5,0.0,0.0,0.0,38.0,18.0,0.0,563.0,273.0,700.0,82.0,University of Chicago Comprehensive Cancer Center,"DuPage, Illinois",25.0,12.0,51.0,18.0,11.0,25.0,23.0,7.0,27.0,10.0,82.0,31.0,3.0,11.0,133.0,19.0,7.0,3.0,7.0,9.0,39.0,11.0,98.0,84.0,162.0,19.0,177.0,4.0,18.0,183.0,320.0,60.0,17,11
1712,251940,229,2.1,5.1,69.3,64.2,76.5,28.1,5.1,76.0,27.3,0.0,0.0,101.0,102.0,26.0,151.0,68.0,357.0,22.0,Siteman Cancer Center (WashU),"St. Louis, Missouri",6.0,3.0,15.0,4.0,3.0,7.0,6.0,4.0,5.0,2.0,17.0,9.0,1.0,3.0,34.0,7.0,3.0,1.0,0.0,5.0,12.0,3.0,24.0,17.0,40.0,7.0,60.0,0.0,2.0,57.0,66.0,28.0,17,12
1713,221534,234,0.0,0.0,26.0,9.0,47.9,21.9,0.0,47.9,21.9,0.0,0.0,50.0,50.0,0.0,290.0,230.0,416.0,64.0,Siteman Cancer Center (WashU),"St. Louis, Missouri",11.0,5.0,28.0,8.0,6.0,15.0,11.0,7.0,10.0,4.0,35.0,16.0,2.0,5.0,70.0,12.0,5.0,2.0,1.0,9.0,21.0,7.0,54.0,39.0,75.0,13.0,103.0,1.0,6.0,91.0,156.0,44.0,17,13
1714,187954,188,0.0,0.0,8.6,0.7,13.7,0.0,0.0,23.5,0.0,0.0,0.0,40.0,28.0,0.0,494.0,120.0,678.0,49.0,University of Chicago Comprehensive Cancer Center,"DuPage, Illinois",22.0,10.0,44.0,16.0,10.0,23.0,21.0,6.0,24.0,8.0,73.0,26.0,3.0,9.0,114.0,17.0,6.0,3.0,6.0,9.0,36.0,10.0,83.0,70.0,144.0,18.0,159.0,3.0,16.0,166.0,271.0,57.0,17,14
1715,261472,254,1.1,3.1,52.4,51.4,83.9,41.6,3.1,83.9,41.3,0.0,0.0,111.0,112.0,29.0,147.0,50.0,318.0,25.0,Siteman Cancer Center (WashU),"St. Louis, Missouri",6.0,3.0,15.0,4.0,3.0,7.0,6.0,5.0,6.0,2.0,22.0,8.0,1.0,2.0,29.0,6.0,2.0,1.0,0.0,5.0,11.0,3.0,18.0,13.0,41.0,8.0,66.0,0.0,2.0,57.0,59.0,32.0,17,15
1716,252749,232,2.6,3.5,43.0,26.5,81.6,31.7,3.5,92.2,37.8,0.0,0.0,98.0,88.0,0.0,116.0,53.0,456.0,37.0,University of Chicago Comprehensive Cancer Center,"DuPage, Illinois",5.0,2.0,10.0,5.0,3.0,7.0,4.0,3.0,5.0,1.0,22.0,5.0,1.0,2.0,18.0,4.0,2.0,1.0,0.0,4.0,9.0,1.0,9.0,5.0,34.0,7.0,59.0,0.0,1.0,50.0,38.0,28.0,17,16
1717,230588,269,0.6,0.6,65.1,19.0,99.3,25.7,0.6,97.7,31.2,0.0,0.0,100.0,92.0,0.0,85.0,42.0,370.0,36.0,Holden Comprehensive Cancer Center (Iowa),"Johnson, Iowa",3.0,2.0,8.0,4.0,2.0,5.0,3.0,3.0,4.0,1.0,18.0,3.0,0.0,2.0,11.0,3.0,2.0,1.0,0.0,3.0,7.0,1.0,4.0,1.0,24.0,6.0,50.0,0.0,0.0,42.0,19.0,23.0,17,17
1801,234212,202,0.0,0.0,13.6,0.0,13.6,0.0,0.0,5.0,0.0,0.0,0.0,38.0,44.0,0.0,492.0,88.0,638.0,41.0,University of Chicago Comprehensive Cancer Center,"Cook, Illinois",21.0,10.0,45.0,16.0,10.0,24.0,21.0,4.0,25.0,8.0,70.0,27.0,3.0,9.0,117.0,16.0,6.0,3.0,6.0,8.0,33.0,11.0,85.0,72.0,143.0,17.0,154.0,3.0,17.0,163.0,273.0,56.0,18,01
1802,222516,206,1.0,7.6,97.2,35.4,100.0,3.2,7.6,100.0,3.2,0.0,0.0,94.0,99.0,44.0,51.0,9.0,560.0,4.0,University of Chicago Comprehensive Cancer Center,"Cook, Illinois",1.0,1.0,7.0,2.0,1.0,5.0,1.0,1.0,1.0,0.0,9.0,3.0,0.0,1.0,9.0,2.0,0.0,1.0,0.0,3.0,2.0,0.0,2.0,2.0,12.0,4.0,31.0,0.0,0.0,22.0,15.0,13.0,18,02
1803,220560,191,0.0,0.0,98.4,52.3,100.0,52.9,0.0,100.0,57.4,0.0,0.0,123.0,122.0,19.0,68.0,40.0,257.0,29.0,IU Simon Comprehensive Cancer Center,"Marion, Indiana",2.0,0.0,8.0,3.0,0.0,11.0,1.0,0.0,2.0,0.0,16.0,3.0,0.0,1.0,14.0,2.0,0.0,1.0,0.0,2.0,1.0,0.0,7.0,4.0,11.0,6.0,40.0,0.0,0.0,12.0,52.0,4.0,18,03
1804,213245,178,0.0,19.3,38.9,47.4,38.9,0.0,18.9,37.1,0.0,0.0,0.0,47.0,48.0,41.0,122.0,57.0,329.0,3.0,IU Simon Comprehensive Cancer Center,"Marion, Indiana",8.0,3.0,12.0,5.0,2.0,11.0,3.0,3.0,4.0,0.0,17.0,8.0,1.0,1.0,26.0,5.0,0.0,1.0,1.0,3.0,6.0,2.0,17.0,14.0,34.0,5.0,49.0,1.0,4.0,39.0,65.0,18.0,18,04
1805,219992,172,0.0,0.0,15.7,33.9,15.7,0.0,0.0,16.7,0.0,0.0,0.0,40.0,40.0,25.0,157.0,65.0,332.0,9.0,IU Simon Comprehensive Cancer Center,"Marion, Indiana",11.0,3.0,15.0,8.0,2.0,15.0,4.0,4.0,4.0,0.0,22.0,10.0,1.0,1.0,34.0,7.0,0.0,2.0,1.0,3.0,8.0,3.0,23.0,18.0,41.0,6.0,62.0,1.0,5.0,48.0,92.0,17.0,18,05
1806,218112,167,0.0,0.0,3.4,44.2,7.1,0.0,0.0,13.7,0.0,0.0,0.0,24.0,25.0,24.0,176.0,98.0,469.0,42.0,IU Simon Comprehensive Cancer Center,"Marion, Indiana",12.0,4.0,16.0,8.0,2.0,17.0,5.0,4.0,6.0,0.0,24.0,10.0,1.0,2.0,38.0,8.0,0.0,2.0,1.0,4.0,9.0,3.0,26.0,20.0,47.0,7.0,69.0,1.0,6.0,54.0,102.0,21.0,18,06
1807,181880,209,0.0,0.0,0.0,0.0,0.0,0.0,0.0,0.0,0.0,0.0,0.0,10.0,0.0,0.0,174.0,168.0,392.0,160.0,IU Simon Comprehensive Cancer Center,"Marion, Indiana",13.0,4.0,16.0,8.0,2.0,17.0,4.0,4.0,5.0,0.0,23.0,11.0,1.0,1.0,38.0,8.0,0.0,2.0,1.0,3.0,9.0,3.0,27.0,21.0,47.0,6.0,65.0,1.0,6.0,51.0,104.0,18.0,18,07
1808,241160,220,18.4,81.9,92.8,76.9,92.8,10.6,81.9,94.7,52.4,0.0,0.0,125.0,97.0,83.0,25.0,1.0,223.0,0.0,IU Simon Comprehensive Cancer Center,"Jefferson, Kentucky",1.0,0.0,3.0,1.0,0.0,2.0,1.0,1.0,1.0,0.0,4.0,2.0,0.0,0.0,4.0,1.0,0.0,0.0,0.0,1.0,1.0,0.0,2.0,2.0,7.0,1.0,13.0,0.0,0.0,9.0,10.0,5.0,18,08
1809,233339,182,2.9,18.7,19.0,73.7,19.0,0.0,18.7,80.6,0.0,0.0,0.0,80.0,48.0,48.0,144.0,50.0,433.0,2.0,IU Simon Comprehensive Cancer Center,"Jefferson, Kentucky",7.0,3.0,11.0,5.0,2.0,11.0,6.0,3.0,7.0,2.0,18.0,9.0,1.0,3.0,33.0,8.0,1.0,0.0,0.0,2.0,10.0,2.0,21.0,19.0,35.0,6.0,60.0,0.0,2.0,36.0,94.0,14.0,18,09
1901,246082,216,5.9,11.7,42.5,57.1,56.6,5.6,13.1,48.8,5.7,0.0,0.0,60.0,63.0,40.0,105.0,37.0,215.0,23.0,Holden Comprehensive Cancer Center (Iowa),"Johnson, Iowa",4.0,2.0,10.0,4.0,3.0,4.0,3.0,3.0,7.0,0.0,13.0,8.0,0.0,3.0,19.0,7.0,2.0,1.0,0.0,3.0,6.0,4.0,11.0,9.0,27.0,5.0,51.0,1.0,0.0,45.0,41.0,19.0,19,01
1902,258853,224,8.6,43.1,70.4,59.3,69.7,4.0,43.1,70.4,4.0,0.0,0.0,82.0,82.0,58.0,65.0,29.0,263.0,11.0,Holden Comprehensive Cancer Center (Iowa),"Johnson, Iowa",2.0,1.0,7.0,2.0,2.0,3.0,1.0,2.0,4.0,0.0,9.0,5.0,0.0,2.0,13.0,4.0,1.0,0.0,0.0,1.0,4.0,2.0,8.0,6.0,15.0,3.0,32.0,1.0,0.0,26.0,26.0,12.0,19,02
1903,221443,205,5.6,21.4,24.6,29.2,98.3,30.2,21.8,98.3,34.0,0.0,0.0,116.0,114.0,0.0,93.0,70.0,194.0,54.0,Holden Comprehensive Cancer Center (Iowa),"Johnson, Iowa",5.0,3.0,10.0,3.0,2.0,2.0,5.0,2.0,5.0,1.0,15.0,9.0,0.0,1.0,8.0,6.0,4.0,1.0,0.0,3.0,6.0,1.0,0.0,0.0,31.0,3.0,59.0,0.0,0.0,39.0,29.0,24.0,19,03
1904,252751,251,27.3,39.7,68.9,63.2,80.0,32.0,39.7,83.1,50.8,0.0,0.0,122.0,96.0,44.0,70.0,35.0,189.0,10.0,Fred & Pamela Buffett Cancer Center (UNMC),"Douglas, Nebraska",2.0,2.0,7.0,3.0,2.0,3.0,3.0,2.0,3.0,1.0,9.0,5.0,0.0,1.0,10.0,4.0,2.0,0.0,0.0,2.0,7.0,1.0,5.0,4.0,21.0,4.0,35.0,0.0,0.0,25.0,30.0,14.0,19,04
2001,207830,211,10.0,38.7,89.0,55.5,90.7,79.7,46.5,88.5,78.2,0.0,0.0,200.0,198.0,57.0,42.0,10.0,88.0,7.0,University of Kansas Cancer Center,"Johnson, Kansas",2.0,0.0,7.0,2.0,1.0,1.0,2.0,0.0,3.0,0.0,6.0,2.0,0.0,1.0,7.0,2.0,1.0,0.0,0.0,2.0,2.0,0.0,5.0,3.0,10.0,3.0,21.0,0.0,1.0,17.0,15.0,10.0,20,01
2002,223555,243,4.0,17.7,61.4,32.2,62.6,19.9,23.4,52.8,24.7,0.0,0.0,62.0,64.0,23.0,108.0,55.0,215.0,23.0,University of Kansas Cancer Center,"Johnson, Kansas",4.0,2.0,13.0,4.0,3.0,3.0,4.0,0.0,9.0,1.0,13.0,7.0,1.0,3.0,21.0,5.0,1.0,0.0,1.0,4.0,6.0,0.0,17.0,11.0,25.0,6.0,47.0,0.0,2.0,37.0,48.0,23.0,20,02
2003,206620,192,0.0,0.0,1.3,10.8,1.3,0.0,0.0,3.0,0.0,0.0,0.0,20.0,0.0,0.0,234.0,204.0,251.0,135.0,University of Kansas Cancer Center,"Johnson, Kansas",7.0,3.0,28.0,10.0,6.0,7.0,8.0,0.0,21.0,4.0,30.0,15.0,3.0,8.0,50.0,10.0,1.0,0.0,2.0,8.0,12.0,1.0,40.0,28.0,52.0,13.0,96.0,1.0,5.0,62.0,130.0,42.0,20,03
2004,213557,202,1.4,7.9,100.0,6.6,100.0,100.0,7.9,100.0,100.0,0.0,0.0,165.0,160.0,0.0,30.0,25.0,59.0,22.0,Stephenson Cancer Center (Oklahoma),"Oklahoma, Oklahoma",4.0,0.0,9.0,3.0,0.0,0.0,0.0,0.0,1.0,0.0,5.0,1.0,0.0,0.0,2.0,0.0,0.0,0.0,0.0,1.0,5.0,0.0,1.0,2.0,5.0,2.0,20.0,0.0,0.0,11.0,16.0,3.0,20,04
2101,240644,236,9.8,67.5,79.3,90.6,79.3,32.1,72.1,79.2,32.6,0.0,0.0,103.0,104.0,77.0,72.0,10.0,339.0,1.0,Vanderbilt-Ingram Cancer Center,"Davidson, Tennessee",2.0,1.0,7.0,2.0,1.0,3.0,3.0,1.0,2.0,1.0,10.0,4.0,0.0,2.0,21.0,4.0,1.0,0.0,0.0,1.0,4.0,1.0,14.0,12.0,16.0,4.0,25.0,0.0,1.0,18.0,48.0,6.0,21,01
2102,226951,208,0.0,52.6,59.2,46.5,59.2,1.3,59.2,96.0,18.1,0.0,0.0,89.0,67.0,67.0,76.0,31.0,419.0,10.0,Vanderbilt-Ingram Cancer Center,"Jefferson, Kentucky",2.0,1.0,6.0,2.0,1.0,5.0,3.0,2.0,3.0,2.0,10.0,6.0,0.0,2.0,17.0,5.0,1.0,0.0,0.0,1.0,5.0,1.0,11.0,11.0,17.0,3.0,33.0,0.0,1.0,18.0,51.0,7.0,21,02
2103,220421,212,0.0,0.0,0.0,0.0,0.0,0.0,0.0,99.9,0.0,0.0,0.0,72.0,0.0,0.0,162.0,153.0,442.0,144.0,Markey Cancer Center (Kentucky),"Jefferson, Kentucky",6.0,3.0,10.0,5.0,2.0,11.0,7.0,4.0,7.0,5.0,19.0,13.0,1.0,4.0,37.0,11.0,1.0,0.0,0.0,2.0,12.0,2.0,22.0,25.0,38.0,7.0,69.0,0.0,1.0,38.0,109.0,15.0,21,03
2104,224255,197,0.0,1.9,10.5,68.5,10.5,0.9,3.5,77.6,0.9,0.0,0.0,71.0,24.0,20.0,223.0,139.0,508.0,6.0,Markey Cancer Center (Kentucky),"Hamilton, Ohio",9.0,4.0,15.0,7.0,4.0,18.0,11.0,4.0,15.0,1.0,34.0,10.0,0.0,6.0,49.0,12.0,2.0,0.0,1.0,5.0,14.0,2.0,31.0,23.0,56.0,12.0,96.0,1.0,3.0,58.0,140.0,25.0,21,04
2105,240847,263,7.9,79.4,92.2,70.5,92.2,32.9,80.4,93.2,32.9,0.0,0.0,105.0,106.0,81.0,22.0,5.0,152.0,2.0,Markey Cancer Center (Kentucky),"Fayette, Kentucky",0.0,1.0,3.0,1.0,0.0,1.0,1.0,0.0,1.0,0.0,5.0,1.0,0.0,0.0,3.0,1.0,1.0,0.0,0.0,1.0,2.0,0.0,1.0,1.0,7.0,2.0,11.0,0.0,0.0,13.0,5.0,4.0,21,05
2106,210178,213,0.0,1.0,1.6,56.9,1.6,0.0,1.6,1.6,0.0,0.0,0.0,15.0,16.0,16.0,150.0,111.0,397.0,57.0,Markey Cancer Center (Kentucky),"Fayette, Kentucky",4.0,4.0,9.0,4.0,1.0,12.0,9.0,2.0,6.0,2.0,28.0,12.0,0.0,5.0,27.0,4.0,5.0,0.0,0.0,4.0,8.0,1.0,13.0,12.0,46.0,14.0,60.0,0.0,6.0,58.0,64.0,28.0,21,06
2201,242891,253,0.5,1.7,23.6,15.4,100.0,100.0,1.7,100.0,100.0,0.0,0.0,332.0,333.0,0.0,102.0,59.0,171.0,35.0,O'Neal Comprehensive Cancer Center (UAB),"Jefferson, Alabama",7.0,2.0,11.0,6.0,3.0,12.0,2.0,4.0,3.0,2.0,10.0,4.0,0.0,0.0,15.0,4.0,4.0,0.0,0.0,2.0,12.0,0.0,10.0,6.0,24.0,8.0,51.0,0.0,2.0,31.0,54.0,17.0,22,01
2202,221550,311,0.0,0.5,11.5,24.6,100.0,100.0,0.5,100.0,100.0,0.0,0.0,339.0,338.0,0.0,110.0,84.0,169.0,40.0,O'Neal Comprehensive Cancer Center (UAB),"Jefferson, Alabama",8.0,2.0,11.0,6.0,3.0,12.0,3.0,5.0,4.0,3.0,10.0,5.0,0.0,0.0,16.0,3.0,4.0,0.0,0.0,2.0,14.0,0.0,11.0,7.0,27.0,8.0,55.0,0.0,3.0,33.0,59.0,19.0,22,02
2203,221709,244,1.5,80.6,88.2,40.7,100.0,100.0,80.6,100.0,100.0,0.0,0.0,222.0,224.0,74.0,23.0,4.0,91.0,2.0,MD Anderson Cancer Center,"Harris, Texas",4.0,0.0,3.0,2.0,0.0,1.0,0.0,1.0,1.0,0.0,1.0,1.0,0.0,0.0,3.0,0.0,1.0,0.0,0.0,1.0,2.0,0.0,2.0,1.0,7.0,2.0,11.0,0.0,0.0,7.0,12.0,4.0,22,03
2204,228749,248,8.8,57.4,100.0,61.9,100.0,100.0,57.4,100.0,100.0,0.0,0.0,199.0,201.0,79.0,20.0,13.0,63.0,8.0,Harold C. Simmons Comprehensive Cancer Center (UTSW),"Dallas, Texas",0.0,0.0,5.0,1.0,0.0,6.0,0.0,0.0,0.0,0.0,2.0,2.0,0.0,0.0,1.0,2.0,0.0,0.0,1.0,1.0,0.0,0.0,0.0,1.0,4.0,0.0,13.0,0.0,1.0,5.0,14.0,1.0,22,04
2205,214262,239,6.8,35.4,95.9,53.0,100.0,100.0,35.4,100.0,100.0,0.0,0.0,284.0,286.0,38.0,46.0,28.0,122.0,16.0,MD Anderson Cancer Center,"Harris, Texas",4.0,0.0,5.0,3.0,1.0,3.0,2.0,1.0,5.0,0.0,8.0,3.0,0.0,1.0,6.0,2.0,0.0,0.0,0.0,1.0,3.0,1.0,2.0,2.0,11.0,3.0,27.0,1.0,0.0,10.0,27.0,10.0,22,05
2206,214532,264,1.6,37.3,100.0,28.4,100.0,100.0,37.1,100.0,100.0,0.0,0.0,237.0,238.0,12.0,40.0,33.0,115.0,29.0,MD Anderson Cancer Center,"Harris, Texas",4.0,0.0,5.0,2.0,0.0,4.0,2.0,0.0,4.0,0.0,6.0,3.0,0.0,0.0,5.0,2.0,0.0,0.0,0.0,1.0,2.0,0.0,1.0,2.0,10.0,1.0,24.0,1.0,0.0,8.0,25.0,7.0,22,06
2301,253317,187,0.0,3.3,99.5,0.0,99.5,39.9,14.4,100.0,37.2,0.0,0.0,109.0,110.0,26.0,61.0,40.0,469.0,33.0,Dana-Farber/Harvard Cancer Center,"Suffolk, Massachusetts",1.0,2.0,9.0,2.0,0.0,10.0,1.0,1.0,6.0,0.0,13.0,1.0,0.0,0.0,8.0,2.0,0.0,0.0,0.0,1.0,2.0,0.0,2.0,1.0,13.0,3.0,41.0,0.0,1.0,25.0,23.0,14.0,23,01
2302,260012,221,17.6,29.3,100.0,45.1,100.0,100.0,35.0,100.0,97.8,0.4,0.4,213.0,213.0,48.0,28.0,12.0,61.0,6.0,Dana-Farber/Harvard Cancer Center,"Suffolk, Massachusetts",0.0,1.0,5.0,1.0,0.0,4.0,1.0,1.0,2.0,0.0,6.0,1.0,0.0,0.0,4.0,0.0,0.0,0.0,0.0,1.0,1.0,0.0,0.0,0.0,8.0,2.0,18.0,0.0,0.0,14.0,7.0,8.0,23,02
2401,263465,193,0.0,3.7,38.4,21.7,42.4,9.9,3.7,40.6,7.3,0.0,0.0,50.0,49.0,28.0,340.0,122.0,969.0,11.0,UM Greenebaum Comprehensive Cancer Center,"Baltimore, Maryland",14.0,8.0,31.0,13.0,6.0,17.0,12.0,7.0,16.0,9.0,48.0,14.0,2.0,6.0,77.0,10.0,4.0,1.0,4.0,9.0,25.0,7.0,59.0,45.0,89.0,11.0,120.0,1.0,15.0,110.0,184.0,46.0,24,01
2402,242049,201,0.0,0.0,0.0,0.0,0.0,0.0,0.0,0.0,0.0,0.0,0.0,12.0,12.0,0.0,723.0,332.0,1116.0,51.0,UM Greenebaum Comprehensive Cancer Center,"Baltimore, Maryland",20.0,18.0,57.0,22.0,9.0,33.0,21.0,14.0,32.0,19.0,91.0,28.0,6.0,16.0,221.0,22.0,9.0,1.0,8.0,16.0,47.0,14.0,152.0,123.0,189.0,22.0,208.0,2.0,27.0,184.0,413.0,127.0,24,02
2403,225514,168,0.0,0.0,0.0,0.0,0.0,0.0,0.0,0.0,0.0,0.0,0.0,17.0,18.0,0.0,881.0,487.0,1098.0,35.0,UM Greenebaum Comprehensive Cancer Center,"Baltimore, Maryland",19.0,19.0,61.0,23.0,10.0,41.0,20.0,16.0,33.0,21.0,106.0,29.0,6.0,18.0,330.0,25.0,11.0,1.0,8.0,17.0,50.0,16.0,234.0,176.0,204.0,24.0,212.0,2.0,29.0,190.0,564.0,127.0,24,03
2404,200693,182,0.0,0.0,0.0,0.0,0.0,0.0,0.0,0.0,0.0,0.0,0.0,12.0,11.0,0.0,880.0,670.0,1003.0,34.0,Georgetown Lombardi Comprehensive Cancer Center,"District of Columbia, District of Columbia",19.0,19.0,61.0,23.0,10.0,41.0,20.0,16.0,33.0,21.0,106.0,29.0,6.0,18.0,330.0,25.0,11.0,1.0,8.0,17.0,50.0,16.0,234.0,176.0,203.0,24.0,212.0,2.0,29.0,189.0,564.0,127.0,24,04
2405,226617,171,5.4,5.4,8.0,47.0,8.0,0.0,5.4,8.0,0.0,0.0,0.0,26.0,27.0,0.0,723.0,258.0,983.0,16.0,Georgetown Lombardi Comprehensive Cancer Center,"District of Columbia, District of Columbia",16.0,15.0,52.0,19.0,8.0,34.0,17.0,13.0,26.0,16.0,89.0,23.0,5.0,15.0,274.0,20.0,9.0,1.0,6.0,14.0,40.0,13.0,190.0,147.0,164.0,21.0,178.0,2.0,23.0,151.0,468.0,104.0,24,05
2406,227062,194,0.0,10.1,18.9,26.5,18.9,0.0,13.4,35.6,0.0,0.0,0.0,48.0,35.0,35.0,591.0,168.0,864.0,59.0,Georgetown Lombardi Comprehensive Cancer Center,"Montgomery, Maryland",12.0,13.0,43.0,16.0,7.0,28.0,14.0,11.0,23.0,14.0,73.0,20.0,4.0,12.0,214.0,17.0,8.0,1.0,5.0,11.0,34.0,10.0,148.0,113.0,141.0,18.0,151.0,1.0,18.0,128.0,363.0,100.0,24,06
2407,210859,261,0.0,0.0,0.0,0.0,0.0,0.0,0.0,0.0,0.0,0.0,0.0,6.0,0.0,0.0,841.0,370.0,1136.0,234.0,UM Greenebaum Comprehensive Cancer Center,"Baltimore, Maryland",19.0,19.0,61.0,23.0,10.0,39.0,22.0,15.0,32.0,20.0,103.0,29.0,6.0,17.0,300.0,24.0,11.0,1.0,8.0,17.0,50.0,16.0,212.0,161.0,201.0,24.0,213.0,2.0,29.0,191.0,523.0,127.0,24,07
2408,239341,180,0.0,0.0,0.0,0.0,0.0,0.0,0.0,0.0,0.0,0.0,0.0,14.0,0.0,0.0,879.0,669.0,1001.0,185.0,Georgetown Lombardi Comprehensive Cancer Center,"Montgomery, Maryland",19.0,19.0,61.0,23.0,10.0,41.0,20.0,16.0,33.0,21.0,105.0,29.0,6.0,18.0,330.0,25.0,11.0,1.0,8.0,17.0,50.0,16.0,234.0,176.0,203.0,24.0,211.0,2.0,29.0,189.0,564.0,126.0,24,08
2501,264982,188,0.0,0.4,20.5,11.3,76.7,0.0,0.4,83.3,0.0,0.0,0.0,68.0,66.0,34.0,199.0,29.0,914.0,15.0,Yale Cancer Center,"New Haven, Connecticut",6.0,6.0,20.0,5.0,4.0,16.0,7.0,3.0,8.0,2.0,24.0,9.0,0.0,4.0,47.0,13.0,3.0,1.0,2.0,4.0,11.0,5.0,34.0,24.0,54.0,9.0,72.0,1.0,5.0,73.0,106.0,20.0,25,01
2502,237706,179,0.0,4.4,17.9,20.8,24.8,0.0,4.0,26.2,0.0,0.0,0.0,45.0,39.0,0.0,565.0,121.0,909.0,38.0,Dana-Farber/Harvard Cancer Center,"Providence, Rhode Island",15.0,17.0,49.0,11.0,7.0,37.0,21.0,9.0,30.0,4.0,46.0,38.0,1.0,14.0,181.0,31.0,4.0,2.0,3.0,7.0,25.0,13.0,146.0,106.0,160.0,17.0,118.0,4.0,13.0,190.0,336.0,40.0,25,02
2503,229927,165,0.0,0.0,1.5,0.0,1.5,0.0,0.0,1.5,0.0,0.0,0.0,32.0,30.0,0.0,679.0,348.0,819.0,39.0,Dana-Farber/Harvard Cancer Center,"Suffolk, Massachusetts",20.0,20.0,60.0,12.0,8.0,38.0,25.0,12.0,38.0,4.0,55.0,47.0,2.0,16.0,220.0,40.0,4.0,2.0,4.0,7.0,28.0,17.0,185.0,131.0,194.0,19.0,128.0,6.0,16.0,229.0,406.0,44.0,25,03
2504,243254,166,0.0,0.0,0.0,0.0,0.0,0.0,0.0,0.0,0.0,0.0,0.0,35.0,20.0,0.0,734.0,363.0,842.0,19.0,Dana-Farber/Harvard Cancer Center,"Providence, Rhode Island",21.0,22.0,62.0,14.0,9.0,46.0,27.0,12.0,40.0,5.0,57.0,50.0,2.0,18.0,238.0,41.0,5.0,2.0,4.0,9.0,32.0,17.0,195.0,142.0,207.0,21.0,145.0,6.0,17.0,244.0,441.0,48.0,25,04
2505,226277,182,0.0,0.0,0.0,0.0,0.0,0.0,0.0,0.0,0.0,0.0,0.0,12.0,10.0,0.0,733.0,646.0,801.0,97.0,Dana-Farber/Harvard Cancer Center,"Suffolk, Massachusetts",21.0,22.0,62.0,14.0,8.0,47.0,27.0,12.0,40.0,5.0,58.0,50.0,2.0,18.0,238.0,41.0,4.0,2.0,4.0,9.0,32.0,17.0,195.0,142.0,207.0,20.0,146.0,6.0,17.0,243.0,442.0,48.0,25,05
2506,268523,167,0.0,0.0,0.0,0.0,0.0,0.0,0.0,0.0,0.0,0.0,0.0,21.0,20.0,0.0,691.0,518.0,787.0,33.0,Dana-Farber/Harvard Cancer Center,"Suffolk, Massachusetts",20.0,21.0,61.0,13.0,8.0,39.0,26.0,12.0,38.0,4.0,55.0,48.0,2.0,17.0,225.0,40.0,4.0,2.0,4.0,7.0,29.0,17.0,188.0,134.0,198.0,19.0,129.0,6.0,16.0,233.0,413.0,44.0,25,06
2507,166808,234,0.0,0.0,0.0,0.0,0.0,0.0,0.0,0.0,0.0,0.0,0.0,7.0,0.0,0.0,733.0,644.0,777.0,443.0,Dana-Farber/Harvard Cancer Center,"Suffolk, Massachusetts",21.0,22.0,62.0,14.0,8.0,47.0,27.0,12.0,40.0,5.0,58.0,50.0,2.0,18.0,238.0,41.0,4.0,2.0,4.0,9.0,32.0,17.0,195.0,142.0,207.0,20.0,146.0,6.0,17.0,243.0,442.0,48.0,25,07
2508,236064,214,0.0,0.0,0.0,0.0,0.0,0.0,0.0,0.0,0.0,0.0,0.0,18.0,16.0,0.0,732.0,651.0,772.0,139.0,Dana-Farber/Harvard Cancer Center,"Suffolk, Massachusetts",21.0,22.0,62.0,14.0,8.0,46.0,27.0,12.0,40.0,5.0,58.0,50.0,2.0,18.0,237.0,40.0,4.0,2.0,4.0,9.0,32.0,17.0,195.0,142.0,206.0,20.0,145.0,6.0,17.0,242.0,442.0,48.0,25,08
2509,310187,187,6.8,34.0,36.6,41.4,36.6,0.0,34.0,40.7,0.0,0.0,0.0,57.0,44.0,41.0,445.0,92.0,753.0,3.0,Dana-Farber/Harvard Cancer Center,"Suffolk, Massachusetts",13.0,14.0,38.0,8.0,6.0,27.0,16.0,7.0,24.0,3.0,32.0,31.0,1.0,11.0,146.0,25.0,3.0,1.0,2.0,6.0,20.0,10.0,120.0,87.0,126.0,12.0,85.0,4.0,11.0,148.0,269.0,28.0,25,09
2601,320081,309,20.9,62.2,100.0,69.5,100.0,97.7,65.4,100.0,100.0,0.0,0.0,244.0,189.0,73.0,17.0,7.0,49.0,3.0,University of Michigan Rogel Cancer Center,"Kent, Michigan",0.0,0.0,3.0,1.0,1.0,1.0,0.0,1.0,0.0,0.0,2.0,1.0,0.0,0.0,2.0,1.0,0.0,0.0,0.0,1.0,1.0,0.0,0.0,0.0,4.0,1.0,11.0,0.0,0.0,12.0,0.0,5.0,26,01
2602,261534,214,9.8,14.5,51.9,54.9,51.9,10.1,15.2,100.0,75.8,0.0,0.0,151.0,62.0,43.0,134.0,40.0,298.0,30.0,University of Michigan Rogel Cancer Center,"Kent, Michigan",3.0,2.0,10.0,6.0,4.0,6.0,1.0,2.0,5.0,1.0,10.0,6.0,1.0,3.0,52.0,5.0,2.0,1.0,0.0,3.0,9.0,1.0,39.0,22.0,20.0,5.0,47.0,0.0,1.0,33.0,88.0,14.0,26,02
2603,210759,192,0.0,0.0,0.0,0.0,0.0,0.0,0.0,100.0,100.0,0.0,0.0,131.0,0.0,0.0,230.0,172.0,285.0,160.0,University of Michigan Rogel Cancer Center,"Kent, Michigan",5.0,3.0,16.0,10.0,7.0,11.0,1.0,3.0,8.0,2.0,14.0,9.0,2.0,5.0,101.0,8.0,2.0,1.0,0.0,4.0,15.0,3.0,80.0,46.0,27.0,7.0,69.0,0.0,1.0,35.0,181.0,15.0,26,03
2604,227676,210,0.0,0.0,34.1,28.4,34.1,0.0,0.0,100.0,38.1,0.0,0.0,110.0,55.0,13.0,172.0,61.0,439.0,20.0,University of Michigan Rogel Cancer Center,"Kent, Michigan",4.0,2.0,13.0,8.0,5.0,10.0,1.0,3.0,6.0,2.0,12.0,7.0,1.0,4.0,69.0,6.0,2.0,1.0,0.0,3.0,11.0,2.0,53.0,30.0,23.0,6.0,58.0,0.0,1.0,36.0,119.0,16.0,26,04
2605,265981,226,0.0,0.0,43.5,59.1,45.5,0.0,0.0,45.5,1.3,0.0,0.0,53.0,53.0,21.0,210.0,42.0,592.0,13.0,University of Michigan Rogel Cancer Center,"Washtenaw, Michigan",6.0,4.0,16.0,7.0,5.0,10.0,8.0,4.0,9.0,4.0,25.0,12.0,1.0,4.0,51.0,11.0,5.0,2.0,2.0,7.0,14.0,3.0,29.0,28.0,59.0,8.0,78.0,2.0,5.0,71.0,109.0,30.0,26,05
2606,227991,218,0.0,0.0,0.0,0.0,0.0,0.0,0.0,0.0,0.0,0.0,0.0,18.0,0.0,0.0,465.0,355.0,490.0,256.0,University of Michigan Rogel Cancer Center,"Wayne, Michigan",15.0,9.0,34.0,15.0,9.0,21.0,15.0,6.0,19.0,11.0,55.0,24.0,2.0,8.0,130.0,25.0,11.0,2.0,6.0,14.0,29.0,6.0,81.0,82.0,120.0,15.0,150.0,4.0,13.0,119.0,305.0,41.0,26,06
2607,238744,225,0.0,0.0,21.6,35.4,44.1,0.0,0.0,53.3,0.0,0.0,0.0,63.0,59.0,0.0,250.0,98.0,617.0,50.0,University of Michigan Rogel Cancer Center,"Washtenaw, Michigan",9.0,5.0,19.0,9.0,5.0,10.0,8.0,5.0,12.0,5.0,27.0,14.0,1.0,5.0,63.0,13.0,6.0,1.0,3.0,8.0,18.0,3.0,37.0,32.0,72.0,9.0,89.0,3.0,8.0,88.0,126.0,36.0,26,07
2608,257373,243,0.0,0.0,50.1,0.0,50.1,0.6,0.0,62.6,3.5,0.0,0.0,72.0,60.0,0.0,160.0,53.0,552.0,43.0,University of Michigan Rogel Cancer Center,"Oakland, Michigan",6.0,3.0,15.0,6.0,3.0,6.0,5.0,3.0,8.0,3.0,19.0,9.0,0.0,3.0,35.0,9.0,3.0,1.0,2.0,6.0,13.0,2.0,17.0,16.0,48.0,7.0,64.0,1.0,6.0,64.0,68.0,29.0,26,08
2609,264712,215,0.7,1.3,28.9,5.1,28.9,1.7,1.3,29.4,1.8,0.0,0.0,46.0,41.0,0.0,236.0,63.0,464.0,52.0,Karmanos Cancer Institute (Wayne State),"Oakland, Michigan",9.0,5.0,21.0,8.0,5.0,11.0,6.0,3.0,11.0,6.0,29.0,11.0,0.0,3.0,61.0,14.0,5.0,1.0,3.0,7.0,16.0,2.0,35.0,38.0,57.0,10.0,89.0,1.0,7.0,68.0,139.0,29.0,26,09
2610,250435,225,0.0,0.0,0.0,0.0,0.0,0.0,0.0,0.0,0.0,0.0,0.0,21.0,22.0,0.0,431.0,254.0,480.0,62.0,Karmanos Cancer Institute (Wayne State),"Wayne, Michigan",15.0,8.0,33.0,13.0,9.0,20.0,13.0,6.0,19.0,11.0,50.0,22.0,2.0,8.0,118.0,24.0,10.0,2.0,6.0,12.0,28.0,5.0,75.0,74.0,109.0,15.0,142.0,4.0,13.0,112.0,280.0,39.0,26,10
2611,247297,225,0.0,0.0,0.0,0.0,0.0,0.0,0.0,0.0,0.0,0.0,0.0,20.0,0.0,0.0,451.0,292.0,485.0,115.0,Karmanos Cancer Institute (Wayne State),"Oakland, Michigan",15.0,8.0,34.0,14.0,9.0,20.0,14.0,6.0,19.0,11.0,52.0,24.0,2.0,8.0,123.0,25.0,11.0,2.0,6.0,13.0,30.0,6.0,79.0,77.0,117.0,15.0,146.0,4.0,14.0,120.0,291.0,40.0,26,11
2612,225488,254,0.0,0.0,0.0,0.0,0.0,0.0,0.0,0.0,0.0,0.0,0.0,14.0,0.0,0.0,458.0,381.0,482.0,275.0,Karmanos Cancer Institute (Wayne State),"Wayne, Michigan",15.0,8.0,34.0,14.0,9.0,20.0,14.0,6.0,19.0,11.0,53.0,24.0,2.0,8.0,126.0,25.0,11.0,2.0,6.0,13.0,29.0,6.0,80.0,79.0,118.0,15.0,148.0,4.0,13.0,119.0,298.0,40.0,26,12
2613,213730,319,0.0,0.0,0.0,0.0,0.0,0.0,0.0,0.0,0.0,0.0,0.0,12.0,0.0,0.0,458.0,339.0,482.0,304.0,Karmanos Cancer Institute (Wayne State),"Wayne, Michigan",15.0,8.0,34.0,14.0,9.0,20.0,14.0,6.0,19.0,11.0,54.0,24.0,2.0,8.0,127.0,25.0,11.0,2.0,6.0,13.0,29.0,6.0,80.0,80.0,117.0,15.0,148.0,4.0,13.0,118.0,300.0,40.0,26,13
2701,224278,183,1.5,15.1,37.1,60.2,37.1,2.9,24.5,38.7,9.6,0.0,0.0,50.0,50.0,42.0,205.0,79.0,424.0,62.0,Mayo Clinic Cancer Center – Rochester,"Olmsted, Minnesota",6.0,12.0,16.0,6.0,3.0,9.0,4.0,4.0,5.0,5.0,20.0,16.0,1.0,6.0,52.0,16.0,5.0,2.0,1.0,5.0,9.0,6.0,40.0,39.0,53.0,8.0,57.0,2.0,5.0,68.0,120.0,17.0,27,01
2702,200823,165,0.0,0.0,2.7,9.7,2.7,0.0,0.0,2.0,0.0,0.0,0.0,21.0,23.0,0.0,244.0,178.0,485.0,35.0,Masonic Cancer Center (Minnesota),"Ramsey, Minnesota",8.0,5.0,27.0,10.0,5.0,24.0,5.0,6.0,9.0,3.0,33.0,12.0,0.0,6.0,54.0,10.0,2.0,1.0,0.0,4.0,17.0,2.0,32.0,28.0,62.0,14.0,103.0,2.0,3.0,75.0,136.0,32.0,27,02
2703,222162,174,0.0,0.0,0.0,0.0,0.0,0.0,0.0,0.0,0.0,0.0,0.0,16.0,0.0,0.0,243.0,233.0,486.0,195.0,Masonic Cancer Center (Minnesota),"Hennepin, Minnesota",8.0,5.0,27.0,10.0,5.0,24.0,5.0,6.0,9.0,3.0,33.0,12.0,0.0,6.0,53.0,10.0,2.0,1.0,0.0,4.0,17.0,2.0,31.0,27.0,61.0,14.0,104.0,2.0,3.0,75.0,136.0,32.0,27,03
2704,196085,183,0.0,0.0,0.0,0.0,0.0,0.0,0.0,0.0,0.0,0.0,0.0,14.0,0.0,0.0,242.0,229.0,486.0,88.0,Masonic Cancer Center (Minnesota),"Ramsey, Minnesota",8.0,5.0,27.0,10.0,5.0,24.0,5.0,6.0,9.0,3.0,33.0,12.0,0.0,6.0,53.0,10.0,2.0,1.0,0.0,4.0,17.0,2.0,31.0,27.0,61.0,14.0,104.0,2.0,3.0,74.0,136.0,32.0,27,04
2705,168655,205,0.0,0.0,0.0,0.0,0.0,0.0,0.0,0.0,0.0,0.0,0.0,7.0,0.0,0.0,242.0,241.0,486.0,197.0,Masonic Cancer Center (Minnesota),"Hennepin, Minnesota",8.0,5.0,27.0,10.0,5.0,24.0,5.0,6.0,9.0,3.0,33.0,12.0,0.0,6.0,53.0,10.0,2.0,1.0,0.0,4.0,17.0,2.0,31.0,27.0,61.0,14.0,104.0,2.0,3.0,74.0,136.0,32.0,27,05
2706,192391,169,0.0,0.0,19.1,18.3,19.1,0.0,0.0,21.1,0.0,0.0,0.0,34.0,31.0,0.0,203.0,120.0,402.0,36.0,Masonic Cancer Center (Minnesota),"Hennepin, Minnesota",7.0,4.0,23.0,8.0,4.0,19.0,4.0,5.0,8.0,2.0,28.0,10.0,0.0,5.0,43.0,9.0,2.0,1.0,0.0,3.0,16.0,2.0,25.0,21.0,51.0,12.0,91.0,2.0,2.0,68.0,108.0,27.0,27,06
2707,249207,226,7.5,33.6,92.8,66.2,92.4,58.4,41.1,94.7,68.4,0.0,0.0,148.0,129.0,56.0,44.0,11.0,142.0,5.0,Masonic Cancer Center (Minnesota),"Hennepin, Minnesota",1.0,1.0,6.0,2.0,1.0,2.0,2.0,1.0,1.0,0.0,7.0,2.0,0.0,1.0,6.0,2.0,2.0,1.0,0.0,1.0,4.0,0.0,2.0,2.0,13.0,3.0,24.0,0.0,0.0,25.0,10.0,8.0,27,07
2708,259085,243,2.0,9.6,81.1,12.8,81.1,69.8,9.6,81.1,70.3,0.0,0.0,158.0,151.0,0.0,85.0,43.0,152.0,34.0,Masonic Cancer Center (Minnesota),"Ramsey, Minnesota",3.0,2.0,9.0,3.0,2.0,6.0,2.0,3.0,5.0,1.0,15.0,4.0,0.0,1.0,14.0,3.0,1.0,1.0,0.0,2.0,5.0,1.0,6.0,5.0,28.0,5.0,41.0,0.0,1.0,38.0,26.0,20.0,27,08
2801,213708,199,1.8,5.1,68.4,48.8,68.4,13.2,5.1,68.4,11.5,0.0,0.0,91.0,94.0,25.0,58.0,33.0,123.0,13.0,St. Jude Children's Research Hospital,"Shelby, Tennessee",3.0,0.0,11.0,3.0,0.0,1.0,1.0,3.0,5.0,0.0,14.0,0.0,0.0,1.0,7.0,1.0,1.0,1.0,0.0,3.0,3.0,0.0,2.0,4.0,18.0,3.0,29.0,0.0,1.0,22.0,24.0,12.0,28,01
2802,222336,241,30.0,30.4,99.7,71.4,99.7,83.4,30.4,97.3,80.4,0.0,0.0,192.0,200.0,38.0,21.0,11.0,70.0,8.0,St. Jude Children's Research Hospital,"Shelby, Tennessee",1.0,0.0,4.0,1.0,0.0,2.0,0.0,1.0,1.0,0.0,4.0,1.0,0.0,0.0,2.0,0.0,0.0,0.0,0.0,1.0,2.0,0.0,0.0,0.0,7.0,2.0,12.0,0.0,0.0,10.0,6.0,6.0,28,02
2803,215538,215,33.7,49.5,100.0,97.2,100.0,100.0,49.5,100.0,100.0,0.0,0.0,208.0,213.0,59.0,17.0,10.0,75.0,1.0,O'Neal Comprehensive Cancer Center (UAB),"Jefferson, Alabama",0.0,0.0,3.0,1.0,0.0,2.0,0.0,1.0,0.0,0.0,4.0,2.0,0.0,0.0,2.0,0.0,0.0,0.0,0.0,1.0,1.0,0.0,0.0,0.0,5.0,1.0,11.0,0.0,0.0,6.0,7.0,4.0,28,03
2804,220491,242,3.5,52.6,98.1,63.7,100.0,100.0,59.4,100.0,100.0,0.0,0.0,284.0,283.0,64.0,27.0,6.0,147.0,3.0,O'Neal Comprehensive Cancer Center (UAB),"Jefferson, Alabama",1.0,0.0,3.0,3.0,0.0,3.0,0.0,1.0,1.0,0.0,5.0,2.0,0.0,0.0,2.0,2.0,0.0,0.0,0.0,0.0,1.0,0.0,1.0,1.0,6.0,2.0,17.0,1.0,0.0,8.0,17.0,2.0,28,04
2901,217082,232,0.0,0.0,0.0,0.0,0.0,0.0,0.0,0.0,0.0,0.0,0.0,14.0,0.0,0.0,459.0,447.0,485.0,236.0,Siteman Cancer Center (WashU),"St. Louis, Missouri",15.0,9.0,42.0,12.0,9.0,24.0,18.0,10.0,13.0,7.0,47.0,27.0,4.0,9.0,121.0,20.0,8.0,2.0,2.0,13.0,34.0,13.0,102.0,73.0,114.0,19.0,139.0,2.0,10.0,132.0,275.0,52.0,29,01
2902,258013,191,0.0,0.0,4.0,3.0,4.0,0.0,0.0,4.8,0.0,0.0,0.0,20.0,0.0,0.0,438.0,348.0,480.0,127.0,Siteman Cancer Center (WashU),"St. Louis, Missouri",14.0,9.0,40.0,11.0,9.0,23.0,17.0,10.0,13.0,7.0,45.0,26.0,4.0,9.0,115.0,19.0,8.0,2.0,2.0,12.0,32.0,12.0,97.0,70.0,109.0,18.0,133.0,2.0,10.0,127.0,261.0,50.0,29,02
2903,236456,202,1.0,1.8,48.3,29.6,49.2,17.8,1.8,50.2,30.2,0.0,0.0,62.0,54.0,0.0,249.0,145.0,370.0,29.0,Siteman Cancer Center (WashU),"St. Louis, Missouri",9.0,5.0,23.0,8.0,5.0,13.0,10.0,6.0,7.0,4.0,28.0,14.0,2.0,5.0,62.0,11.0,4.0,1.0,1.0,7.0,18.0,7.0,51.0,36.0,63.0,11.0,81.0,1.0,5.0,77.0,142.0,30.0,29,03
2904,242024,216,7.3,19.7,68.5,58.1,68.5,36.8,19.7,74.2,46.1,0.0,0.0,116.0,102.0,38.0,89.0,35.0,194.0,15.0,University of Kansas Cancer Center,"Jackson, Missouri",3.0,1.0,12.0,4.0,2.0,3.0,3.0,1.0,6.0,1.0,12.0,5.0,1.0,3.0,16.0,4.0,1.0,0.0,1.0,3.0,4.0,0.0,11.0,8.0,20.0,5.0,43.0,0.0,2.0,30.0,43.0,16.0,29,04
2905,215540,246,0.0,0.0,0.0,0.0,0.0,0.0,0.0,0.0,0.0,0.0,0.0,22.0,0.0,0.0,242.0,226.0,256.0,91.0,University of Kansas Cancer Center,"Jackson, Missouri",7.0,4.0,29.0,10.0,6.0,7.0,8.0,0.0,21.0,4.0,30.0,15.0,3.0,8.0,51.0,10.0,2.0,0.0,2.0,8.0,13.0,1.0,41.0,28.0,55.0,13.0,100.0,1.0,5.0,66.0,134.0,43.0,29,05
2906,240042,227,21.2,28.9,49.1,62.2,59.2,18.2,28.9,50.9,20.3,0.0,0.0,61.0,67.0,34.0,130.0,49.0,257.0,14.0,University of Kansas Cancer Center,"Jackson, Missouri",5.0,3.0,14.0,5.0,3.0,4.0,5.0,1.0,9.0,2.0,16.0,8.0,1.0,4.0,26.0,6.0,2.0,1.0,1.0,4.0,8.0,1.0,21.0,14.0,33.0,6.0,53.0,0.0,3.0,43.0,64.0,23.0,29,06
2907,237424,201,0.7,1.5,100.0,47.4,100.0,100.0,1.5,100.0,100.0,0.0,0.0,183.0,172.0,15.0,50.0,34.0,96.0,24.0,University of Kansas Cancer Center,"Jackson, Missouri",2.0,2.0,8.0,4.0,1.0,5.0,1.0,2.0,1.0,0.0,6.0,1.0,0.0,2.0,4.0,4.0,3.0,1.0,0.0,2.0,3.0,0.0,0.0,0.0,13.0,2.0,34.0,0.0,1.0,28.0,15.0,7.0,29,07
2908,250509,216,28.4,30.6,78.7,53.5,79.0,47.2,30.6,79.6,48.2,0.0,0.0,114.0,114.0,32.0,120.0,67.0,264.0,12.0,Siteman Cancer Center (WashU),"St. Louis, Missouri",5.0,2.0,12.0,3.0,3.0,5.0,4.0,4.0,4.0,1.0,14.0,7.0,1.0,2.0,28.0,6.0,2.0,1.0,0.0,4.0,9.0,3.0,21.0,15.0,31.0,6.0,45.0,0.0,2.0,44.0,57.0,19.0,29,08
3001,181957,150,20.0,20.6,100.0,36.4,100.0,100.0,20.6,100.0,100.0,0.0,0.0,490.0,358.0,0.0,49.0,39.0,63.0,36.0,Fred Hutch/UW/Seattle Children's Cancer Consortium,"Yellowstone, Montana",2.0,1.0,5.0,1.0,2.0,2.0,2.0,1.0,4.0,0.0,9.0,2.0,0.0,1.0,7.0,1.0,2.0,1.0,0.0,2.0,5.0,1.0,0.0,0.0,19.0,3.0,27.0,0.0,0.0,26.0,1.0,22.0,30,01
3002,183252,170,24.6,47.3,67.8,39.2,67.8,60.9,47.3,100.0,100.0,0.6,0.6,543.0,202.0,56.0,48.0,41.0,69.0,40.0,Huntsman Cancer Institute (Utah),"Yellowstone, Montana",2.0,1.0,6.0,2.0,1.0,4.0,1.0,1.0,4.0,0.0,8.0,2.0,0.0,1.0,5.0,1.0,1.0,1.0,0.0,2.0,6.0,1.0,0.0,1.0,16.0,2.0,29.0,0.0,0.0,22.0,10.0,17.0,30,02
3101,178333,170,8.1,16.4,41.4,26.5,41.4,0.0,16.4,45.0,0.6,0.0,0.0,59.0,58.0,0.0,154.0,70.0,243.0,25.0,Fred & Pamela Buffett Cancer Center (UNMC),"Douglas, Nebraska",2.0,4.0,13.0,8.0,3.0,7.0,5.0,4.0,5.0,1.0,26.0,8.0,0.0,3.0,27.0,8.0,3.0,0.0,1.0,4.0,17.0,4.0,18.0,14.0,43.0,9.0,69.0,0.0,1.0,38.0,101.0,16.0,31,01
3102,164957,182,0.0,0.0,0.0,4.6,0.0,0.0,0.0,0.0,0.0,0.0,0.0,10.0,0.0,0.0,233.0,203.0,246.0,191.0,Fred & Pamela Buffett Cancer Center (UNMC),"Douglas, Nebraska",3.0,7.0,19.0,12.0,5.0,11.0,8.0,7.0,8.0,2.0,33.0,13.0,0.0,5.0,43.0,13.0,4.0,0.0,1.0,7.0,28.0,6.0,30.0,24.0,65.0,14.0,99.0,0.0,2.0,57.0,154.0,23.0,31,02
3103,218473,210,35.0,57.8,93.9,72.5,93.9,74.9,60.3,93.9,74.9,0.0,0.0,164.0,154.0,76.0,26.0,11.0,90.0,3.0,Fred & Pamela Buffett Cancer Center (UNMC),"Douglas, Nebraska",0.0,1.0,4.0,2.0,0.0,1.0,1.0,0.0,1.0,0.0,5.0,2.0,0.0,0.0,4.0,2.0,1.0,0.0,0.0,1.0,3.0,0.0,2.0,2.0,7.0,2.0,14.0,0.0,0.0,9.0,15.0,2.0,31,03
3201,218590,207,0.0,0.0,100.0,0.0,100.0,100.0,0.0,100.0,100.0,0.0,0.0,253.0,270.0,0.0,86.0,86.0,92.0,86.0,City of Hope,"Orange, California",2.0,1.0,9.0,3.0,3.0,11.0,0.0,1.0,6.0,1.0,9.0,4.0,1.0,2.0,21.0,2.0,1.0,1.0,0.0,4.0,4.0,0.0,7.0,5.0,24.0,7.0,43.0,0.0,0.0,22.0,46.0,18.0,32,01
3202,249605,225,14.5,14.9,100.0,32.3,100.0,97.2,14.9,100.0,97.4,0.3,0.3,139.0,142.0,0.0,52.0,39.0,84.0,37.0,UC Davis Comprehensive Cancer Center,"Sacramento, California",0.0,1.0,12.0,4.0,3.0,6.0,0.0,1.0,0.0,1.0,12.0,3.0,0.0,0.0,3.0,1.0,1.0,1.0,0.0,3.0,0.0,1.0,1.0,2.0,9.0,5.0,35.0,0.0,1.0,18.0,31.0,3.0,32,02
3203,228591,195,0.0,0.0,100.0,0.0,100.0,100.0,0.0,100.0,100.0,0.0,0.0,250.0,268.0,0.0,86.0,86.0,88.0,86.0,City of Hope,"Orange, California",2.0,1.0,9.0,3.0,3.0,11.0,0.0,1.0,6.0,1.0,9.0,4.0,1.0,2.0,21.0,2.0,1.0,1.0,0.0,4.0,4.0,0.0,7.0,5.0,24.0,7.0,43.0,0.0,0.0,22.0,46.0,18.0,32,03
3204,217795,204,2.5,11.1,100.0,2.6,100.0,100.0,11.1,100.0,100.0,0.3,0.3,259.0,277.0,0.0,77.0,75.0,84.0,75.0,City of Hope,"Orange, California",2.0,1.0,8.0,3.0,3.0,10.0,0.0,1.0,5.0,1.0,8.0,4.0,1.0,2.0,19.0,2.0,1.0,1.0,0.0,4.0,4.0,0.0,6.0,4.0,22.0,6.0,39.0,0.0,0.0,20.0,41.0,16.0,32,04
3301,240381,173,0.9,1.4,37.7,36.2,38.6,3.5,4.8,37.4,0.0,0.0,0.0,57.0,56.0,42.0,433.0,14.0,742.0,7.0,Dana-Farber/Harvard Cancer Center,"Suffolk, Massachusetts",11.0,13.0,42.0,8.0,5.0,23.0,15.0,8.0,25.0,3.0,39.0,29.0,1.0,11.0,136.0,25.0,3.0,1.0,2.0,5.0,17.0,10.0,114.0,79.0,124.0,13.0,89.0,4.0,10.0,154.0,248.0,31.0,33,01
3302,247717,179,2.8,14.9,64.9,25.7,67.4,16.9,15.9,28.9,1.3,0.0,0.0,51.0,75.0,42.0,258.0,26.0,673.0,18.0,Dartmouth Cancer Center,"Suffolk, Massachusetts",8.0,7.0,26.0,6.0,4.0,13.0,9.0,5.0,15.0,2.0,26.0,17.0,1.0,6.0,76.0,14.0,2.0,1.0,1.0,4.0,10.0,6.0,63.0,44.0,75.0,9.0,60.0,2.0,6.0,95.0,142.0,21.0,33,02
3401,231868,188,0.0,0.0,0.0,0.0,0.0,0.0,0.0,0.0,0.0,0.0,0.0,18.0,18.0,0.0,560.0,423.0,1523.0,49.0,Sidney Kimmel Cancer Center (Jefferson),"Philadelphia, Pennsylvania",29.0,9.0,49.0,20.0,11.0,32.0,21.0,6.0,24.0,6.0,63.0,30.0,3.0,17.0,146.0,22.0,9.0,1.0,2.0,13.0,37.0,10.0,130.0,80.0,148.0,21.0,155.0,4.0,22.0,192.0,326.0,42.0,34,01
3402,274580,234,0.0,8.6,34.8,8.0,34.8,0.0,8.6,45.1,0.0,0.0,0.0,58.0,53.0,34.0,318.0,53.0,1153.0,10.0,Sidney Kimmel Cancer Center (Jefferson),"Philadelphia, Pennsylvania",17.0,6.0,30.0,10.0,6.0,18.0,13.0,4.0,15.0,3.0,38.0,17.0,2.0,10.0,76.0,13.0,5.0,0.0,1.0,7.0,20.0,6.0,66.0,42.0,91.0,12.0,91.0,3.0,13.0,130.0,159.0,29.0,34,02
3403,253240,175,0.0,0.0,0.0,0.0,0.0,0.0,0.0,0.0,0.0,0.0,0.0,22.0,20.0,11.0,903.0,358.0,1479.0,59.0,Sidney Kimmel Cancer Center (Jefferson),"Philadelphia, Pennsylvania",40.0,24.0,83.0,29.0,14.0,47.0,34.0,12.0,38.0,11.0,97.0,55.0,6.0,23.0,237.0,43.0,12.0,3.0,5.0,20.0,54.0,17.0,226.0,140.0,272.0,28.0,193.0,9.0,35.0,361.0,489.0,53.0,34,03
3404,273117,178,0.0,0.0,0.0,0.0,0.0,0.0,0.0,0.0,0.0,0.0,0.0,38.0,21.0,0.0,724.0,223.0,1425.0,98.0,Rutgers Cancer Institute of New Jersey,"Monmouth, New Jersey",32.0,24.0,74.0,26.0,12.0,36.0,27.0,10.0,30.0,8.0,77.0,46.0,4.0,16.0,179.0,37.0,7.0,3.0,5.0,16.0,41.0,13.0,170.0,106.0,235.0,22.0,157.0,8.0,25.0,311.0,369.0,45.0,34,04
3405,262078,173,0.0,0.0,0.2,0.0,0.2,0.0,0.0,5.7,0.0,0.0,0.0,19.0,0.0,0.0,1200.0,859.0,1483.0,292.0,Montefiore Einstein Cancer Center,"Bergen, New Jersey",38.0,45.0,96.0,39.0,16.0,53.0,34.0,16.0,50.0,18.0,120.0,74.0,13.0,26.0,350.0,65.0,9.0,6.0,10.0,24.0,76.0,23.0,317.0,219.0,336.0,35.0,240.0,13.0,41.0,426.0,717.0,57.0,34,05
3406,218307,193,0.0,0.0,0.0,0.0,0.0,0.0,0.0,0.0,0.0,0.0,0.0,14.0,0.0,0.0,1207.0,533.0,1483.0,208.0,Rutgers Cancer Institute of New Jersey,"Middlesex, New Jersey",40.0,45.0,99.0,40.0,17.0,52.0,34.0,16.0,50.0,18.0,119.0,75.0,13.0,27.0,351.0,65.0,9.0,5.0,10.0,24.0,76.0,23.0,321.0,220.0,339.0,35.0,236.0,14.0,42.0,432.0,720.0,55.0,34,06
3407,260686,175,0.0,0.0,0.1,0.0,0.1,0.0,0.0,3.6,0.0,0.0,0.0,32.0,23.0,0.0,1091.0,434.0,1471.0,61.0,Rutgers Cancer Institute of New Jersey,"Somerset, New Jersey",38.0,37.0,92.0,36.0,16.0,50.0,33.0,15.0,47.0,15.0,111.0,68.0,10.0,25.0,307.0,58.0,9.0,6.0,9.0,21.0,68.0,20.0,282.0,190.0,314.0,33.0,221.0,12.0,38.0,404.0,633.0,54.0,34,07
3408,171844,205,0.0,0.0,0.0,0.0,0.0,0.0,0.0,0.0,0.0,0.0,0.0,14.0,11.0,6.0,1232.0,1144.0,1499.0,24.0,Mount Sinai Tisch Cancer Center,"New York, New York",39.0,46.0,99.0,42.0,16.0,54.0,34.0,17.0,51.0,18.0,123.0,76.0,13.0,27.0,361.0,66.0,9.0,6.0,10.0,25.0,78.0,24.0,327.0,225.0,343.0,37.0,245.0,14.0,42.0,432.0,742.0,57.0,34,08
3409,211883,175,0.0,0.0,0.0,0.0,0.0,0.0,0.0,0.0,0.0,0.0,0.0,18.0,6.0,6.0,1228.0,1112.0,1496.0,170.0,Montefiore Einstein Cancer Center,"Bergen, New Jersey",39.0,45.0,98.0,42.0,16.0,53.0,34.0,16.0,51.0,18.0,123.0,75.0,13.0,27.0,359.0,66.0,9.0,6.0,10.0,25.0,78.0,24.0,326.0,224.0,343.0,36.0,245.0,14.0,41.0,433.0,737.0,58.0,34,09
3410,201966,213,0.0,0.0,0.0,0.0,0.0,0.0,0.0,0.0,0.0,0.0,0.0,20.0,16.0,0.0,1218.0,1145.0,1500.0,36.0,Mount Sinai Tisch Cancer Center,"New York, New York",39.0,45.0,97.0,42.0,16.0,52.0,33.0,16.0,51.0,18.0,122.0,75.0,13.0,27.0,358.0,65.0,8.0,5.0,10.0,24.0,77.0,23.0,324.0,223.0,339.0,36.0,241.0,14.0,40.0,427.0,736.0,56.0,34,10
3411,242747,168,0.0,0.0,0.0,0.0,0.0,0.0,0.0,0.0,0.0,0.0,0.0,29.0,21.0,0.0,1209.0,840.0,1497.0,48.0,Montefiore Einstein Cancer Center,"Bergen, New Jersey",39.0,45.0,96.0,40.0,16.0,52.0,33.0,16.0,51.0,18.0,121.0,75.0,13.0,27.0,354.0,65.0,8.0,5.0,10.0,24.0,78.0,23.0,322.0,221.0,337.0,36.0,240.0,14.0,40.0,426.0,729.0,55.0,34,11
3412,229493,173,0.0,0.0,0.0,0.0,0.0,0.0,0.0,0.0,0.0,0.0,0.0,17.0,0.0,0.0,1207.0,404.0,1464.0,152.0,Rutgers Cancer Institute of New Jersey,"Middlesex, New Jersey",43.0,39.0,102.0,38.0,17.0,56.0,38.0,16.0,50.0,17.0,123.0,75.0,12.0,30.0,343.0,61.0,12.0,5.0,9.0,24.0,75.0,23.0,322.0,212.0,346.0,35.0,233.0,13.0,47.0,453.0,696.0,59.0,34,12
3501,239554,205,5.1,6.6,23.2,12.3,100.0,100.0,6.6,7.4,5.5,0.0,0.0,12.0,414.0,0.0,101.0,87.0,104.0,67.0,UNM Comprehensive Cancer Center,"Denver, Colorado",1.0,2.0,16.0,5.0,3.0,13.0,2.0,3.0,6.0,2.0,14.0,3.0,0.0,3.0,15.0,2.0,3.0,0.0,1.0,3.0,5.0,1.0,3.0,6.0,30.0,8.0,53.0,0.0,1.0,32.0,47.0,21.0,35,01
3502,202681,217,39.1,46.3,95.8,47.3,100.0,100.0,46.3,70.8,66.1,0.0,0.0,210.0,342.0,58.0,37.0,26.0,50.0,23.0,UNM Comprehensive Cancer Center,"Pima, Arizona",0.0,1.0,7.0,2.0,1.0,4.0,1.0,1.0,2.0,0.0,6.0,1.0,0.0,1.0,5.0,0.0,1.0,0.0,0.0,1.0,2.0,0.0,1.0,2.0,10.0,3.0,21.0,0.0,0.0,12.0,18.0,7.0,35,02
3503,225217,237,36.9,77.7,83.9,46.9,100.0,100.0,83.1,83.1,60.2,0.0,0.0,144.0,360.0,116.0,25.0,6.0,52.0,5.0,UNM Comprehensive Cancer Center,"Denver, Colorado",0.0,0.0,4.0,1.0,1.0,2.0,0.0,1.0,1.0,1.0,3.0,1.0,0.0,1.0,3.0,1.0,1.0,0.0,0.0,1.0,1.0,0.0,1.0,2.0,7.0,2.0,14.0,0.0,0.0,8.0,13.0,4.0,35,03
3601,283855,212,0.0,0.0,0.0,0.0,0.0,0.0,0.0,33.0,0.0,0.0,0.0,54.0,0.0,0.0,782.0,345.0,1289.0,298.0,Mount Sinai Tisch Cancer Center,"Suffolk, New York",24.0,28.0,72.0,29.0,11.0,39.0,26.0,13.0,34.0,10.0,83.0,47.0,7.0,15.0,209.0,41.0,6.0,2.0,6.0,15.0,48.0,15.0,197.0,123.0,227.0,24.0,175.0,9.0,28.0,311.0,424.0,48.0,36,01
3602,221005,175,0.0,0.0,0.0,0.0,0.0,0.0,0.0,8.0,0.0,0.0,0.0,42.0,0.0,0.0,1028.0,407.0,1356.0,309.0,Mount Sinai Tisch Cancer Center,"Suffolk, New York",31.0,39.0,87.0,34.0,14.0,47.0,31.0,15.0,44.0,15.0,104.0,63.0,11.0,21.0,294.0,55.0,7.0,3.0,8.0,20.0,64.0,20.0,271.0,178.0,285.0,30.0,215.0,11.0,37.0,375.0,600.0,53.0,36,02
3603,278739,203,0.0,0.0,0.0,0.0,0.0,0.0,0.0,0.0,0.0,0.0,0.0,21.0,0.0,0.0,1216.0,845.0,1479.0,285.0,Mount Sinai Tisch Cancer Center,"Nassau, New York",38.0,46.0,99.0,39.0,16.0,54.0,34.0,17.0,50.0,18.0,121.0,76.0,13.0,26.0,357.0,65.0,9.0,5.0,10.0,24.0,76.0,24.0,323.0,221.0,336.0,36.0,245.0,13.0,43.0,429.0,730.0,58.0,36,03
3604,241057,151,0.0,0.0,0.0,0.0,0.0,0.0,0.0,0.0,0.0,0.0,0.0,23.0,0.0,0.0,1234.0,747.0,1490.0,386.0,Mount Sinai Tisch Cancer Center,"Nassau, New York",39.0,46.0,100.0,40.0,16.0,54.0,35.0,17.0,51.0,18.0,122.0,77.0,13.0,27.0,363.0,66.0,9.0,5.0,10.0,25.0,78.0,24.0,328.0,225.0,342.0,37.0,246.0,13.0,43.0,433.0,743.0,58.0,36,04
3605,245676,275,0.0,0.0,0.0,0.0,0.0,0.0,0.0,0.0,0.0,0.0,0.0,14.0,14.0,0.0,1244.0,1117.0,1492.0,37.0,Mount Sinai Tisch Cancer Center,"Nassau, New York",39.0,46.0,101.0,41.0,16.0,55.0,35.0,17.0,51.0,18.0,124.0,77.0,13.0,27.0,365.0,66.0,9.0,6.0,10.0,25.0,79.0,24.0,329.0,227.0,346.0,37.0,249.0,13.0,43.0,438.0,747.0,59.0,36,05
3606,239864,238,0.0,0.0,0.0,0.0,0.0,0.0,0.0,0.0,0.0,0.0,0.0,8.0,12.0,0.0,1245.0,1138.0,1494.0,37.0,Mount Sinai Tisch Cancer Center,"Bronx, New York",39.0,46.0,101.0,41.0,16.0,55.0,35.0,17.0,51.0,18.0,125.0,77.0,13.0,27.0,365.0,66.0,9.0,6.0,10.0,25.0,79.0,24.0,329.0,227.0,346.0,37.0,250.0,13.0,43.0,439.0,747.0,59.0,36,06
3607,156101,256,0.0,0.0,0.0,0.0,0.0,0.0,0.0,0.0,0.0,0.0,0.0,7.0,13.0,0.0,1246.0,1134.0,1493.0,40.0,Mount Sinai Tisch Cancer Center,"Bronx, New York",39.0,46.0,101.0,42.0,16.0,55.0,35.0,17.0,51.0,18.0,125.0,77.0,13.0,27.0,365.0,66.0,9.0,6.0,10.0,25.0,79.0,24.0,329.0,227.0,346.0,37.0,250.0,13.0,43.0,439.0,748.0,59.0,36,07
3608,227265,252,0.0,0.0,0.0,0.0,0.0,0.0,0.0,0.0,0.0,0.0,0.0,16.0,17.0,0.0,1240.0,1123.0,1493.0,42.0,Mount Sinai Tisch Cancer Center,"New York, New York",39.0,46.0,101.0,42.0,16.0,55.0,35.0,17.0,51.0,18.0,124.0,77.0,13.0,27.0,365.0,66.0,9.0,6.0,10.0,25.0,79.0,24.0,329.0,227.0,343.0,37.0,248.0,14.0,43.0,435.0,747.0,58.0,36,08
3609,209434,254,0.0,0.0,0.0,0.0,0.0,0.0,0.0,0.0,0.0,0.0,0.0,13.0,14.0,0.0,1242.0,1123.0,1494.0,42.0,Mount Sinai Tisch Cancer Center,"New York, New York",39.0,46.0,101.0,42.0,16.0,55.0,35.0,17.0,51.0,18.0,124.0,77.0,13.0,27.0,365.0,66.0,9.0,6.0,10.0,25.0,79.0,24.0,329.0,227.0,344.0,37.0,248.0,14.0,43.0,435.0,749.0,58.0,36,09
3610,178970,212,0.0,0.0,0.0,0.0,0.0,0.0,0.0,0.0,0.0,0.0,0.0,9.0,8.0,0.0,1249.0,1145.0,1495.0,482.0,Mount Sinai Tisch Cancer Center,"New York, New York",39.0,46.0,102.0,43.0,16.0,55.0,35.0,17.0,51.0,18.0,125.0,77.0,13.0,27.0,366.0,66.0,9.0,6.0,10.0,25.0,79.0,24.0,330.0,228.0,347.0,37.0,250.0,14.0,43.0,439.0,751.0,59.0,36,10
3611,234305,221,0.0,0.0,0.0,0.0,0.0,0.0,0.0,0.0,0.0,0.0,0.0,17.0,17.0,10.0,1221.0,1028.0,1500.0,23.0,Mount Sinai Tisch Cancer Center,"New York, New York",39.0,45.0,98.0,42.0,16.0,53.0,33.0,16.0,51.0,18.0,122.0,76.0,13.0,27.0,359.0,65.0,8.0,5.0,10.0,24.0,77.0,23.0,325.0,224.0,339.0,37.0,242.0,14.0,41.0,427.0,739.0,56.0,36,11
3612,235773,149,0.0,0.0,0.0,0.0,0.0,0.0,0.0,0.0,0.0,0.0,0.0,4.0,0.0,0.0,1247.0,1134.0,1495.0,926.0,Mount Sinai Tisch Cancer Center,"New York, New York",39.0,46.0,101.0,42.0,16.0,55.0,35.0,17.0,51.0,18.0,125.0,77.0,13.0,27.0,365.0,66.0,9.0,6.0,10.0,25.0,79.0,24.0,329.0,227.0,346.0,37.0,250.0,13.0,43.0,439.0,749.0,59.0,36,12
3613,202544,156,0.0,0.0,0.0,0.0,0.0,0.0,0.0,0.0,0.0,0.0,0.0,5.0,0.0,0.0,1245.0,1141.0,1494.0,744.0,Montefiore Einstein Cancer Center,"New York, New York",39.0,46.0,101.0,41.0,16.0,55.0,35.0,17.0,51.0,18.0,125.0,77.0,13.0,27.0,365.0,66.0,9.0,6.0,10.0,25.0,79.0,24.0,329.0,227.0,346.0,37.0,250.0,13.0,43.0,439.0,747.0,59.0,36,13
3614,189233,237,0.0,0.0,0.0,0.0,0.0,0.0,0.0,0.0,0.0,0.0,0.0,8.0,0.0,0.0,1245.0,1138.0,1494.0,98.0,Mount Sinai Tisch Cancer Center,"Bronx, New York",39.0,46.0,101.0,41.0,16.0,55.0,35.0,17.0,51.0,18.0,125.0,77.0,13.0,27.0,365.0,66.0,9.0,6.0,10.0,25.0,79.0,24.0,329.0,227.0,346.0,37.0,250.0,13.0,43.0,439.0,747.0,59.0,36,14
3615,190734,214,0.0,0.0,0.0,0.0,0.0,0.0,0.0,0.0,0.0,0.0,0.0,7.0,0.0,0.0,1245.0,1139.0,1494.0,147.0,Montefiore Einstein Cancer Center,"Bronx, New York",39.0,46.0,101.0,41.0,16.0,55.0,35.0,17.0,51.0,18.0,125.0,77.0,13.0,27.0,365.0,66.0,9.0,6.0,10.0,25.0,79.0,24.0,329.0,227.0,346.0,37.0,250.0,13.0,43.0,439.0,747.0,59.0,36,15
3616,238518,194,0.0,0.0,0.0,0.0,0.0,0.0,0.0,0.0,0.0,0.0,0.0,10.0,0.0,0.0,1260.0,1118.0,1493.0,233.0,Montefiore Einstein Cancer Center,"Westchester, New York",39.0,46.0,103.0,42.0,16.0,56.0,36.0,17.0,51.0,18.0,125.0,78.0,13.0,27.0,372.0,67.0,9.0,6.0,10.0,25.0,80.0,24.0,334.0,230.0,352.0,37.0,250.0,13.0,44.0,443.0,756.0,60.0,36,16
3617,241875,186,0.0,0.0,0.7,14.0,0.7,0.0,0.0,2.5,0.0,0.0,0.0,29.0,14.0,14.0,1148.0,481.0,1419.0,104.0,Montefiore Einstein Cancer Center,"Westchester, New York",35.0,43.0,93.0,37.0,15.0,51.0,33.0,16.0,48.0,17.0,116.0,69.0,12.0,25.0,334.0,63.0,9.0,5.0,9.0,22.0,73.0,23.0,304.0,207.0,323.0,32.0,230.0,12.0,39.0,414.0,677.0,57.0,36,17
3618,240605,196,0.0,7.4,29.8,18.3,30.2,0.0,7.4,60.4,0.0,0.0,0.0,64.0,52.0,50.0,452.0,10.0,1332.0,4.0,Montefiore Einstein Cancer Center,"Westchester, New York",14.0,16.0,41.0,15.0,6.0,24.0,16.0,7.0,21.0,6.0,55.0,28.0,3.0,9.0,110.0,26.0,4.0,2.0,3.0,8.0,28.0,9.0,101.0,66.0,143.0,15.0,108.0,5.0,15.0,202.0,221.0,29.0,36,18
3619,272284,251,2.1,36.3,99.3,56.4,99.3,43.8,50.9,100.0,47.3,0.0,0.0,118.0,112.0,60.0,33.0,6.0,498.0,1.0,Wilmot Cancer Institute (Rochester),"Monroe, New York",2.0,0.0,6.0,1.0,1.0,2.0,0.0,1.0,1.0,0.0,7.0,2.0,0.0,1.0,3.0,1.0,0.0,0.0,0.0,1.0,3.0,0.0,1.0,2.0,8.0,1.0,19.0,1.0,1.0,12.0,16.0,4.0,36,19
3620,244069,217,0.0,0.0,100.0,11.2,100.0,57.3,0.0,100.0,76.2,0.0,0.0,124.0,122.0,12.0,47.0,32.0,237.0,14.0,Yale Cancer Center,"New Haven, Connecticut",3.0,1.0,7.0,3.0,1.0,3.0,0.0,3.0,1.0,0.0,14.0,3.0,0.0,1.0,3.0,1.0,0.0,0.0,0.0,2.0,2.0,0.0,1.0,3.0,11.0,4.0,27.0,1.0,0.0,12.0,29.0,6.0,36,20
3621,268132,254,34.9,51.0,100.0,68.3,100.0,97.3,53.2,100.0,72.2,0.0,0.0,148.0,161.0,63.0,29.0,6.0,86.0,3.0,Dartmouth Cancer Center,"Monroe, New York",2.0,0.0,3.0,1.0,1.0,2.0,0.0,1.0,1.0,0.0,7.0,2.0,0.0,1.0,2.0,1.0,0.0,0.0,0.0,1.0,2.0,0.0,1.0,2.0,7.0,1.0,17.0,0.0,0.0,8.0,15.0,5.0,36,21
3622,249470,236,0.0,0.4,100.0,0.0,100.0,18.0,0.4,100.0,18.0,0.0,0.0,88.0,87.0,0.0,81.0,60.0,171.0,51.0,Wilmot Cancer Institute (Rochester),"Monroe, New York",8.0,0.0,7.0,2.0,3.0,9.0,0.0,1.0,3.0,0.0,16.0,5.0,0.0,1.0,10.0,3.0,1.0,0.0,0.0,1.0,10.0,0.0,2.0,7.0,21.0,1.0,48.0,0.0,1.0,23.0,43.0,16.0,36,22
3623,282563,221,8.2,17.8,49.6,61.5,49.6,3.6,39.0,49.6,3.6,0.0,0.0,57.0,57.0,45.0,92.0,61.0,232.0,57.0,Roswell Park Comprehensive Cancer Center,"Erie, New York",3.0,1.0,8.0,4.0,1.0,4.0,2.0,2.0,8.0,2.0,12.0,6.0,1.0,1.0,19.0,5.0,1.0,0.0,2.0,3.0,5.0,2.0,14.0,11.0,27.0,4.0,31.0,1.0,4.0,39.0,40.0,13.0,36,23
3624,271794,264,5.2,13.9,31.9,61.9,31.9,9.4,14.1,31.9,9.4,0.0,0.0,40.0,39.0,34.0,134.0,42.0,235.0,3.0,Wilmot Cancer Institute (Rochester),"Monroe, New York",6.0,2.0,12.0,5.0,3.0,9.0,2.0,2.0,11.0,1.0,19.0,13.0,0.0,3.0,22.0,7.0,1.0,1.0,2.0,4.0,8.0,2.0,14.0,14.0,44.0,6.0,52.0,0.0,4.0,51.0,63.0,20.0,36,24
3625,247552,217,0.0,0.0,0.0,0.0,0.0,0.0,0.0,0.0,0.0,0.0,0.0,11.0,0.0,0.0,127.0,118.0,277.0,114.0,Wilmot Cancer Institute (Rochester),"Monroe, New York",3.0,3.0,13.0,5.0,3.0,7.0,3.0,2.0,12.0,0.0,16.0,16.0,0.0,4.0,17.0,7.0,1.0,1.0,1.0,5.0,4.0,2.0,10.0,9.0,46.0,8.0,50.0,0.0,3.0,51.0,54.0,22.0,36,25
3626,240467,229,0.0,0.0,0.0,15.1,0.0,0.0,0.0,0.0,0.0,0.0,0.0,9.0,0.0,0.0,148.0,147.0,252.0,125.0,Roswell Park Comprehensive Cancer Center,"Erie, New York",5.0,1.0,10.0,6.0,2.0,7.0,2.0,4.0,16.0,3.0,17.0,9.0,1.0,2.0,33.0,8.0,2.0,0.0,3.0,5.0,8.0,3.0,27.0,21.0,43.0,5.0,43.0,1.0,7.0,60.0,68.0,19.0,36,26
3701,255315,222,0.3,18.5,87.2,57.0,87.2,18.4,18.5,87.2,19.0,0.0,0.0,83.0,83.0,39.0,94.0,13.0,392.0,5.0,Duke Cancer Institute,"Durham, North Carolina",4.0,2.0,11.0,4.0,2.0,7.0,2.0,1.0,6.0,1.0,12.0,6.0,0.0,3.0,16.0,6.0,1.0,0.0,0.0,3.0,5.0,1.0,10.0,9.0,24.0,5.0,43.0,1.0,2.0,27.0,52.0,15.0,37,01
3702,181489,169,0.0,0.0,0.0,0.0,0.0,0.0,0.0,0.0,0.0,0.0,0.0,23.0,24.0,0.0,404.0,260.0,506.0,44.0,Duke Cancer Institute,"Durham, North Carolina",12.0,17.0,37.0,12.0,6.0,23.0,13.0,7.0,24.0,2.0,35.0,26.0,4.0,14.0,96.0,31.0,4.0,1.0,1.0,10.0,20.0,10.0,86.0,57.0,109.0,21.0,114.0,3.0,14.0,126.0,237.0,41.0,37,02
3703,219771,225,2.7,12.1,100.0,27.7,100.0,63.8,12.1,100.0,63.8,0.0,0.0,134.0,134.0,27.0,38.0,15.0,202.0,12.0,Duke Cancer Institute,"Durham, North Carolina",1.0,0.0,6.0,2.0,2.0,3.0,0.0,0.0,4.0,0.0,5.0,3.0,0.0,2.0,4.0,2.0,0.0,0.0,0.0,2.0,2.0,0.0,0.0,0.0,9.0,3.0,25.0,0.0,0.0,13.0,11.0,14.0,37,03
3704,191204,171,0.0,0.0,0.0,0.0,0.0,0.0,0.0,0.0,0.0,0.0,0.0,10.0,0.0,0.0,396.0,356.0,514.0,152.0,Duke Cancer Institute,"Durham, North Carolina",12.0,17.0,36.0,12.0,6.0,24.0,12.0,7.0,23.0,2.0,32.0,25.0,4.0,13.0,95.0,30.0,4.0,1.0,1.0,10.0,20.0,10.0,85.0,57.0,107.0,21.0,109.0,3.0,14.0,126.0,233.0,38.0,37,04
3705,241286,199,0.0,16.7,29.6,37.7,29.6,0.0,29.6,32.5,0.0,0.0,0.0,46.0,45.0,45.0,170.0,34.0,447.0,8.0,Wake Forest Baptist Comprehensive Cancer Center,"Forsyth, North Carolina",4.0,7.0,19.0,5.0,3.0,10.0,6.0,3.0,15.0,0.0,15.0,12.0,3.0,4.0,34.0,14.0,2.0,0.0,1.0,3.0,7.0,3.0,27.0,24.0,50.0,7.0,55.0,1.0,6.0,56.0,91.0,23.0,37,05
3706,227640,193,0.0,0.0,0.0,7.0,0.0,0.0,0.0,4.9,0.0,0.0,0.0,24.0,23.0,21.0,181.0,96.0,564.0,27.0,Wake Forest Baptist Comprehensive Cancer Center,"Forsyth, North Carolina",3.0,6.0,21.0,3.0,3.0,10.0,7.0,2.0,19.0,0.0,15.0,15.0,5.0,2.0,38.0,15.0,1.0,1.0,1.0,2.0,8.0,2.0,26.0,29.0,53.0,6.0,62.0,0.0,5.0,49.0,104.0,28.0,37,06
3707,262749,214,0.0,18.0,100.0,23.0,100.0,71.9,18.0,100.0,71.2,0.0,0.0,142.0,142.0,49.0,38.0,5.0,221.0,4.0,Duke Cancer Institute,"Durham, North Carolina",4.0,0.0,4.0,1.0,2.0,4.0,0.0,1.0,1.0,0.0,6.0,1.0,0.0,1.0,3.0,3.0,0.0,0.0,1.0,2.0,5.0,0.0,3.0,2.0,9.0,3.0,21.0,0.0,0.0,10.0,17.0,11.0,37,07
3708,217976,202,0.8,2.5,24.2,28.6,24.2,0.8,2.5,98.0,0.8,0.0,0.0,90.0,28.0,24.0,142.0,89.0,418.0,34.0,Wake Forest Baptist Comprehensive Cancer Center,"Mecklenburg, North Carolina",3.0,1.0,16.0,2.0,1.0,9.0,3.0,3.0,10.0,1.0,14.0,12.0,2.0,1.0,37.0,13.0,0.0,1.0,1.0,2.0,8.0,2.0,26.0,24.0,30.0,3.0,56.0,0.0,2.0,27.0,99.0,16.0,37,08
3709,225582,203,0.0,0.0,32.8,5.3,32.8,0.0,0.0,31.7,0.0,0.0,0.0,41.0,41.0,33.0,259.0,58.0,568.0,13.0,UNC Lineberger Comprehensive Cancer Center,"Orange, North Carolina",6.0,11.0,26.0,8.0,5.0,18.0,8.0,4.0,17.0,1.0,28.0,16.0,4.0,7.0,54.0,19.0,3.0,1.0,1.0,6.0,12.0,5.0,45.0,35.0,73.0,13.0,82.0,1.0,9.0,83.0,143.0,32.0,37,09
3710,234678,183,0.0,0.0,0.0,5.7,0.0,0.0,0.0,37.8,0.0,0.0,0.0,50.0,31.0,28.0,162.0,67.0,429.0,41.0,Wake Forest Baptist Comprehensive Cancer Center,"Mecklenburg, North Carolina",3.0,4.0,19.0,3.0,2.0,9.0,5.0,2.0,16.0,1.0,13.0,14.0,3.0,2.0,38.0,14.0,1.0,1.0,1.0,2.0,8.0,2.0,25.0,28.0,42.0,4.0,60.0,0.0,4.0,38.0,101.0,23.0,37,10
3711,286418,211,5.1,14.5,95.7,40.1,100.0,35.9,58.6,100.0,90.9,0.0,0.0,149.0,114.0,63.0,47.0,13.0,232.0,7.0,Wake Forest Baptist Comprehensive Cancer Center,"Mecklenburg, North Carolina",1.0,1.0,9.0,2.0,1.0,0.0,0.0,1.0,4.0,1.0,7.0,2.0,0.0,1.0,9.0,2.0,1.0,0.0,0.0,1.0,4.0,0.0,3.0,2.0,8.0,3.0,30.0,0.0,0.0,18.0,20.0,9.0,37,11
3712,154953,223,0.0,0.0,0.0,0.0,0.0,0.0,0.0,100.0,0.0,0.0,0.0,81.0,0.0,0.0,176.0,160.0,314.0,157.0,Wake Forest Baptist Comprehensive Cancer Center,"Mecklenburg, North Carolina",5.0,1.0,19.0,2.0,1.0,10.0,4.0,4.0,13.0,1.0,14.0,15.0,2.0,2.0,49.0,17.0,0.0,1.0,1.0,2.0,12.0,2.0,34.0,32.0,36.0,3.0,68.0,0.0,3.0,34.0,123.0,19.0,37,12
3713,221651,187,0.0,0.0,5.0,78.9,5.0,0.0,0.0,4.2,0.0,0.0,0.0,41.0,42.0,29.0,367.0,63.0,499.0,9.0,Duke Cancer Institute,"Durham, North Carolina",11.0,15.0,34.0,12.0,5.0,23.0,11.0,7.0,21.0,2.0,33.0,23.0,3.0,12.0,86.0,27.0,4.0,1.0,1.0,9.0,19.0,9.0,76.0,51.0,98.0,18.0,108.0,3.0,12.0,114.0,216.0,38.0,37,13
3714,229562,237,0.0,0.7,17.4,16.8,23.3,0.0,12.0,100.0,11.0,0.0,0.0,95.0,26.0,25.0,153.0,94.0,293.0,52.0,Wake Forest Baptist Comprehensive Cancer Center,"Mecklenburg, North Carolina",4.0,1.0,18.0,2.0,1.0,8.0,3.0,4.0,11.0,1.0,13.0,13.0,1.0,3.0,41.0,14.0,1.0,1.0,1.0,2.0,9.0,2.0,27.0,26.0,32.0,3.0,63.0,0.0,2.0,34.0,102.0,18.0,37,14
3800,217828,228,31.0,50.5,100.0,47.7,100.0,100.0,57.2,100.0,100.0,0.0,0.0,418.0,340.0,79.0,30.0,24.0,53.0,23.0,Masonic Cancer Center (Minnesota),"Hennepin, Minnesota",0.0,0.0,3.0,2.0,1.0,1.0,2.0,1.0,0.0,0.0,7.0,1.0,0.0,0.0,4.0,1.0,1.0,0.0,0.0,2.0,2.0,0.0,0.0,0.0,10.0,2.0,17.0,0.0,0.0,18.0,4.0,8.0,38,00
3901,219680,218,0.0,0.0,0.0,0.0,0.0,0.0,0.0,100.0,0.0,0.0,0.0,88.0,0.0,0.0,271.0,224.0,697.0,151.0,Markey Cancer Center (Kentucky),"Hamilton, Ohio",12.0,4.0,19.0,9.0,5.0,27.0,13.0,4.0,21.0,0.0,42.0,8.0,0.0,6.0,58.0,14.0,2.0,0.0,1.0,7.0,16.0,3.0,38.0,24.0,67.0,14.0,123.0,1.0,4.0,65.0,177.0,30.0,39,01
3902,253292,197,0.0,6.8,42.2,49.4,42.8,5.3,18.5,81.7,4.5,0.0,0.0,91.0,52.0,40.0,186.0,76.0,530.0,5.0,OSU Comprehensive Cancer Center – James,"Franklin, Ohio",8.0,4.0,14.0,6.0,3.0,16.0,7.0,3.0,14.0,1.0,27.0,8.0,1.0,5.0,40.0,9.0,2.0,0.0,1.0,4.0,10.0,3.0,27.0,21.0,51.0,9.0,74.0,1.0,2.0,57.0,105.0,24.0,39,02
3903,187183,213,0.0,0.0,0.0,0.0,0.0,0.0,0.0,0.0,0.0,0.0,0.0,9.0,0.0,0.0,394.0,391.0,578.0,390.0,OSU Comprehensive Cancer Center – James,"Franklin, Ohio",17.0,14.0,27.0,9.0,3.0,34.0,9.0,5.0,35.0,3.0,43.0,25.0,7.0,15.0,90.0,18.0,6.0,0.0,3.0,5.0,18.0,8.0,69.0,69.0,122.0,17.0,107.0,5.0,5.0,135.0,206.0,53.0,39,03
3904,243241,200,0.0,0.2,42.7,36.2,47.1,0.0,3.7,47.4,0.0,0.0,0.0,59.0,58.0,26.0,237.0,84.0,614.0,11.0,OSU Comprehensive Cancer Center – James,"Franklin, Ohio",10.0,8.0,18.0,7.0,2.0,20.0,6.0,4.0,19.0,2.0,28.0,14.0,4.0,8.0,52.0,11.0,4.0,0.0,2.0,4.0,11.0,5.0,37.0,38.0,70.0,11.0,75.0,3.0,3.0,85.0,117.0,35.0,39,04
3905,255702,197,0.0,3.2,52.5,42.3,52.5,2.6,4.8,52.5,3.1,0.0,0.0,62.0,62.0,25.0,191.0,98.0,655.0,10.0,Case Comprehensive Cancer Center,"Cuyahoga, Ohio",9.0,6.0,12.0,5.0,2.0,12.0,6.0,4.0,9.0,3.0,26.0,10.0,3.0,3.0,46.0,8.0,3.0,1.0,2.0,3.0,12.0,4.0,36.0,34.0,41.0,9.0,66.0,1.0,5.0,56.0,115.0,20.0,39,05
3906,281708,241,0.0,1.3,30.5,38.9,62.6,0.0,14.0,66.7,0.0,0.0,0.0,64.0,63.0,45.0,190.0,34.0,620.0,18.0,UPMC Hillman Cancer Center,"Allegheny, Pennsylvania",6.0,4.0,15.0,8.0,4.0,11.0,8.0,4.0,8.0,3.0,32.0,6.0,3.0,5.0,44.0,7.0,2.0,0.0,1.0,3.0,11.0,3.0,28.0,32.0,44.0,10.0,71.0,0.0,4.0,54.0,111.0,25.0,39,06
3907,273980,208,0.0,0.0,0.0,0.8,1.2,0.0,0.0,2.4,0.0,0.0,0.0,16.0,0.0,0.0,361.0,254.0,550.0,200.0,Case Comprehensive Cancer Center,"Cuyahoga, Ohio",17.0,10.0,22.0,8.0,3.0,19.0,11.0,8.0,17.0,7.0,50.0,18.0,8.0,6.0,92.0,18.0,5.0,1.0,4.0,5.0,24.0,10.0,76.0,72.0,77.0,15.0,111.0,1.0,10.0,92.0,241.0,28.0,39,07
3908,239725,192,0.0,0.0,4.3,5.9,11.2,0.0,0.0,100.0,0.0,0.0,0.0,93.0,17.0,0.0,251.0,201.0,687.0,102.0,Markey Cancer Center (Kentucky),"Hamilton, Ohio",11.0,4.0,18.0,8.0,5.0,25.0,12.0,4.0,19.0,0.0,39.0,7.0,0.0,6.0,53.0,13.0,2.0,0.0,1.0,7.0,15.0,3.0,34.0,22.0,62.0,13.0,115.0,1.0,4.0,62.0,160.0,29.0,39,08
3909,254035,261,0.0,0.0,30.8,30.4,35.0,0.0,0.0,35.4,0.0,0.0,0.0,55.0,54.0,0.0,267.0,44.0,696.0,34.0,University of Michigan Rogel Cancer Center,"Washtenaw, Michigan",7.0,6.0,18.0,8.0,5.0,13.0,10.0,4.0,11.0,5.0,36.0,14.0,2.0,4.0,70.0,13.0,6.0,1.0,3.0,8.0,16.0,4.0,42.0,43.0,69.0,10.0,94.0,2.0,6.0,77.0,159.0,31.0,39,09
3910,245671,233,0.0,0.0,0.0,0.0,7.0,0.0,0.0,85.0,0.0,0.0,0.0,73.0,51.0,0.0,269.0,80.0,621.0,57.0,OSU Comprehensive Cancer Center – James,"Hamilton, Ohio",13.0,5.0,17.0,9.0,4.0,27.0,12.0,4.0,21.0,0.0,39.0,9.0,1.0,7.0,59.0,14.0,2.0,0.0,1.0,6.0,15.0,4.0,39.0,28.0,70.0,13.0,113.0,1.0,4.0,72.0,163.0,34.0,39,10
3911,238045,301,0.0,0.0,0.0,0.0,0.0,0.0,0.0,0.0,0.0,0.0,0.0,9.0,0.0,0.0,364.0,314.0,446.0,313.0,Case Comprehensive Cancer Center,"Cuyahoga, Ohio",17.0,10.0,22.0,8.0,3.0,19.0,11.0,8.0,17.0,7.0,51.0,18.0,8.0,6.0,92.0,18.0,5.0,1.0,4.0,5.0,25.0,10.0,77.0,73.0,76.0,15.0,112.0,1.0,10.0,93.0,244.0,28.0,39,11
3912,243326,201,0.0,2.6,31.5,25.1,35.9,0.0,25.5,32.9,0.0,0.0,0.0,43.0,44.0,38.0,269.0,101.0,584.0,11.0,OSU Comprehensive Cancer Center – James,"Franklin, Ohio",11.0,9.0,20.0,7.0,2.0,22.0,6.0,3.0,23.0,2.0,32.0,16.0,5.0,9.0,60.0,12.0,4.0,0.0,2.0,4.0,12.0,5.0,45.0,46.0,82.0,12.0,78.0,3.0,3.0,93.0,138.0,37.0,39,12
3913,262606,213,0.0,0.0,0.0,0.0,0.0,0.0,0.0,0.3,0.0,0.0,0.0,38.0,35.0,19.0,373.0,155.0,690.0,38.0,Case Comprehensive Cancer Center,"Cuyahoga, Ohio",17.0,10.0,23.0,10.0,3.0,19.0,11.0,8.0,17.0,7.0,52.0,18.0,8.0,6.0,94.0,19.0,5.0,1.0,4.0,5.0,25.0,10.0,78.0,74.0,80.0,15.0,115.0,1.0,10.0,95.0,249.0,29.0,39,13
3914,277417,202,0.0,0.0,8.9,0.0,15.2,0.0,1.6,14.2,0.0,0.0,0.0,38.0,38.0,26.0,313.0,115.0,526.0,13.0,Case Comprehensive Cancer Center,"Cuyahoga, Ohio",15.0,9.0,18.0,9.0,3.0,17.0,11.0,7.0,14.0,6.0,42.0,15.0,7.0,5.0,77.0,15.0,4.0,1.0,3.0,4.0,22.0,8.0,64.0,60.0,66.0,14.0,99.0,1.0,9.0,85.0,201.0,27.0,39,14
3915,209066,205,0.0,0.0,9.3,15.1,19.8,0.0,0.0,18.9,0.0,0.0,0.0,15.0,0.0,0.0,338.0,271.0,572.0,244.0,OSU Comprehensive Cancer Center – James,"Franklin, Ohio",15.0,12.0,23.0,8.0,3.0,31.0,8.0,5.0,29.0,2.0,38.0,20.0,6.0,13.0,75.0,16.0,5.0,0.0,2.0,5.0,16.0,7.0,56.0,56.0,103.0,16.0,99.0,4.0,5.0,116.0,173.0,48.0,39,15
4001,213302,249,0.0,0.0,100.0,16.7,100.0,8.2,0.0,100.0,19.7,0.0,0.0,109.0,105.0,0.0,26.0,26.0,227.0,22.0,Stephenson Cancer Center (Oklahoma),"Oklahoma, Oklahoma",1.0,0.0,3.0,1.0,0.0,8.0,1.0,1.0,1.0,0.0,0.0,2.0,0.0,1.0,4.0,1.0,0.0,0.0,2.0,0.0,0.0,0.0,0.0,1.0,1.0,3.0,18.0,0.0,3.0,8.0,15.0,3.0,40,01
4002,258325,247,25.8,37.2,100.0,100.0,100.0,81.2,38.0,99.6,81.0,0.0,0.0,148.0,145.0,53.0,19.0,3.0,129.0,0.0,Stephenson Cancer Center (Oklahoma),"Oklahoma, Oklahoma",1.0,0.0,2.0,1.0,0.0,3.0,1.0,1.0,0.0,0.0,2.0,1.0,0.0,1.0,2.0,1.0,0.0,0.0,1.0,0.0,1.0,0.0,0.0,1.0,2.0,2.0,13.0,0.0,1.0,8.0,9.0,2.0,40,02
4003,214938,255,32.6,49.6,68.0,81.4,67.8,19.7,49.3,69.2,19.7,0.0,0.0,84.0,81.0,60.0,66.0,48.0,167.0,32.0,Stephenson Cancer Center (Oklahoma),"Oklahoma, Oklahoma",3.0,1.0,3.0,1.0,1.0,10.0,2.0,2.0,3.0,1.0,6.0,3.0,0.0,1.0,18.0,1.0,1.0,0.0,0.0,1.0,4.0,1.0,11.0,8.0,19.0,3.0,23.0,0.0,1.0,23.0,24.0,18.0,40,03
4004,218498,229,15.5,20.2,42.8,41.9,42.8,1.5,20.2,41.9,1.7,0.0,0.0,40.0,41.0,26.0,113.0,85.0,221.0,21.0,Stephenson Cancer Center (Oklahoma),"Oklahoma, Oklahoma",5.0,2.0,5.0,3.0,1.0,16.0,4.0,3.0,5.0,1.0,11.0,5.0,1.0,2.0,32.0,2.0,2.0,1.0,0.0,2.0,7.0,2.0,19.0,14.0,35.0,6.0,37.0,0.0,1.0,41.0,39.0,33.0,40,04
4005,219978,257,1.8,3.0,3.0,33.5,3.0,0.0,3.0,1.8,0.0,0.0,0.0,16.0,0.0,0.0,183.0,152.0,206.0,125.0,Stephenson Cancer Center (Oklahoma),"Oklahoma, Oklahoma",9.0,4.0,7.0,4.0,2.0,27.0,7.0,5.0,9.0,2.0,16.0,9.0,1.0,4.0,52.0,4.0,3.0,1.0,0.0,4.0,11.0,4.0,33.0,24.0,57.0,8.0,59.0,0.0,2.0,64.0,66.0,53.0,40,05
4101,192914,191,9.4,13.4,14.7,24.0,14.7,0.0,13.4,15.7,0.0,0.0,0.0,16.0,0.0,0.0,263.0,221.0,348.0,119.0,Knight Cancer Institute (OHSU),"Washington, Oregon",6.0,3.0,21.0,11.0,6.0,16.0,9.0,4.0,16.0,3.0,34.0,17.0,2.0,5.0,68.0,9.0,3.0,1.0,0.0,9.0,18.0,4.0,41.0,39.0,70.0,15.0,94.0,1.0,3.0,77.0,157.0,29.0,41,01
4102,259410,202,19.5,76.7,100.0,39.4,100.0,94.9,76.7,100.0,95.1,0.0,0.0,267.0,266.0,140.0,14.0,9.0,40.0,7.0,Knight Cancer Institute (OHSU),"Washington, Oregon",0.0,0.0,3.0,0.0,0.0,0.0,0.0,0.0,0.0,0.0,3.0,0.0,0.0,0.0,2.0,1.0,1.0,0.0,0.0,0.0,1.0,0.0,0.0,0.0,4.0,0.0,10.0,0.0,0.0,9.0,3.0,2.0,41,02
4103,182764,165,0.0,2.5,2.5,0.0,2.5,0.0,2.5,2.9,0.0,0.0,0.0,10.0,0.0,0.0,302.0,284.0,347.0,239.0,Knight Cancer Institute (OHSU),"Multnomah, Oregon",7.0,3.0,24.0,13.0,7.0,19.0,10.0,5.0,19.0,4.0,39.0,19.0,2.0,6.0,78.0,10.0,3.0,1.0,0.0,10.0,20.0,5.0,48.0,45.0,80.0,18.0,108.0,1.0,3.0,87.0,181.0,33.0,41,03
4104,251966,194,5.6,34.1,90.5,14.5,100.0,47.8,35.6,100.0,47.8,0.0,0.0,119.0,117.0,27.0,59.0,40.0,226.0,39.0,Knight Cancer Institute (OHSU),"Washington, Oregon",2.0,0.0,5.0,2.0,1.0,10.0,0.0,0.0,5.0,0.0,14.0,2.0,1.0,1.0,5.0,4.0,1.0,0.0,0.0,2.0,4.0,0.0,3.0,6.0,17.0,4.0,29.0,0.0,0.0,10.0,46.0,3.0,41,04
4105,234491,180,0.0,0.8,37.3,0.0,44.4,24.4,1.3,44.4,24.4,0.0,0.0,43.0,39.0,0.0,200.0,154.0,294.0,53.0,Knight Cancer Institute (OHSU),"Multnomah, Oregon",4.0,2.0,18.0,8.0,4.0,13.0,6.0,3.0,12.0,2.0,28.0,12.0,1.0,4.0,47.0,7.0,2.0,1.0,0.0,6.0,14.0,3.0,28.0,27.0,53.0,12.0,78.0,1.0,2.0,59.0,118.0,22.0,41,05
4106,195036,149,0.0,0.0,6.5,13.7,8.7,0.0,0.0,9.8,0.0,0.0,0.0,41.0,39.0,24.0,283.0,127.0,356.0,44.0,Knight Cancer Institute (OHSU),"Washington, Oregon",6.0,3.0,23.0,12.0,6.0,17.0,9.0,4.0,17.0,4.0,39.0,18.0,2.0,5.0,72.0,9.0,3.0,1.0,0.0,9.0,19.0,4.0,43.0,40.0,76.0,16.0,105.0,1.0,3.0,83.0,167.0,33.0,41,06
4201,270658,174,0.0,0.0,0.0,0.0,0.0,0.0,0.0,0.0,0.0,0.0,0.0,22.0,22.0,0.0,762.0,378.0,1508.0,26.0,Sidney Kimmel Cancer Center (Jefferson),"Philadelphia, Pennsylvania",37.0,15.0,75.0,27.0,13.0,45.0,32.0,10.0,34.0,7.0,89.0,46.0,3.0,20.0,178.0,34.0,12.0,4.0,4.0,18.0,44.0,15.0,176.0,100.0,244.0,24.0,181.0,7.0,30.0,333.0,378.0,50.0,42,01
4202,197610,176,0.0,0.0,0.0,0.0,0.0,0.0,0.0,0.0,0.0,0.0,0.0,6.0,0.0,0.0,778.0,456.0,1535.0,400.0,Sidney Kimmel Cancer Center (Jefferson),"Philadelphia, Pennsylvania",39.0,15.0,76.0,27.0,13.0,45.0,32.0,10.0,34.0,8.0,91.0,48.0,3.0,20.0,185.0,35.0,12.0,4.0,5.0,18.0,45.0,15.0,183.0,101.0,248.0,25.0,185.0,7.0,29.0,332.0,395.0,52.0,42,02
4203,192583,226,0.0,0.0,0.0,0.0,0.0,0.0,0.0,0.0,0.0,0.0,0.0,7.0,0.0,0.0,639.0,451.0,1537.0,400.0,Sidney Kimmel Cancer Center (Jefferson),"Philadelphia, Pennsylvania",32.0,11.0,59.0,22.0,12.0,36.0,25.0,7.0,27.0,7.0,73.0,37.0,3.0,18.0,160.0,27.0,10.0,2.0,3.0,15.0,40.0,12.0,147.0,87.0,185.0,22.0,168.0,5.0,24.0,242.0,350.0,47.0,42,03
4204,257840,204,0.0,0.0,0.0,0.0,1.7,0.0,0.0,2.9,0.0,0.0,0.0,23.0,22.0,0.0,627.0,334.0,1484.0,57.0,Sidney Kimmel Cancer Center (Jefferson),"Philadelphia, Pennsylvania",30.0,12.0,57.0,21.0,11.0,37.0,25.0,7.0,29.0,6.0,76.0,36.0,3.0,18.0,150.0,27.0,10.0,2.0,3.0,13.0,40.0,12.0,141.0,84.0,185.0,21.0,167.0,5.0,25.0,251.0,330.0,46.0,42,04
4205,225632,218,0.0,0.0,0.0,0.0,0.0,0.0,0.0,0.0,0.0,0.0,0.0,16.0,15.0,13.0,526.0,468.0,1553.0,58.0,Sidney Kimmel Cancer Center (Jefferson),"Philadelphia, Pennsylvania",25.0,9.0,44.0,18.0,11.0,30.0,20.0,5.0,24.0,6.0,62.0,29.0,3.0,17.0,133.0,20.0,9.0,1.0,2.0,11.0,36.0,10.0,115.0,74.0,138.0,19.0,154.0,4.0,22.0,183.0,301.0,42.0,42,05
4206,234027,185,0.0,0.0,0.0,0.0,0.0,0.0,0.0,0.3,0.0,0.0,0.0,39.0,38.0,0.0,530.0,191.0,1319.0,32.0,Sidney Kimmel Cancer Center (Jefferson),"Philadelphia, Pennsylvania",26.0,9.0,42.0,17.0,11.0,31.0,21.0,6.0,25.0,6.0,66.0,29.0,3.0,17.0,132.0,20.0,9.0,1.0,2.0,11.0,36.0,10.0,115.0,75.0,135.0,19.0,160.0,4.0,22.0,177.0,311.0,42.0,42,06
4207,251926,176,0.0,0.0,4.5,9.8,14.7,0.0,0.0,24.7,0.0,0.0,0.0,54.0,50.0,0.0,519.0,65.0,1417.0,44.0,Sidney Kimmel Cancer Center (Jefferson),"Somerset, New Jersey",25.0,10.0,51.0,19.0,9.0,34.0,22.0,7.0,25.0,4.0,59.0,31.0,2.0,14.0,116.0,23.0,9.0,3.0,3.0,10.0,31.0,11.0,109.0,66.0,166.0,18.0,134.0,5.0,21.0,239.0,239.0,41.0,42,07
4208,267227,239,0.0,0.0,83.3,17.3,97.6,1.4,0.0,100.0,7.7,0.0,0.0,109.0,101.0,0.0,78.0,39.0,1066.0,31.0,Rutgers Cancer Institute of New Jersey,"Somerset, New Jersey",4.0,2.0,9.0,3.0,2.0,4.0,2.0,2.0,5.0,1.0,13.0,2.0,0.0,2.0,13.0,5.0,1.0,1.0,0.0,1.0,4.0,0.0,3.0,2.0,24.0,4.0,44.0,0.0,1.0,44.0,15.0,19.0,42,08
4209,273375,207,0.0,1.1,51.6,30.8,98.8,35.8,7.4,100.0,39.3,0.0,0.0,112.0,110.0,27.0,104.0,41.0,620.0,14.0,Sidney Kimmel Cancer Center (Jefferson),"Philadelphia, Pennsylvania",7.0,3.0,13.0,5.0,3.0,6.0,5.0,2.0,5.0,1.0,18.0,5.0,0.0,3.0,12.0,4.0,1.0,1.0,1.0,2.0,9.0,0.0,4.0,4.0,30.0,6.0,59.0,1.0,1.0,47.0,38.0,20.0,42,09
4210,243892,178,0.0,0.0,0.0,0.0,76.0,0.0,0.0,77.3,0.0,0.0,0.0,75.0,74.0,0.0,200.0,88.0,1058.0,52.0,UM Greenebaum Comprehensive Cancer Center,"Baltimore, Maryland",12.0,4.0,22.0,11.0,5.0,12.0,9.0,4.0,9.0,4.0,34.0,8.0,0.0,4.0,28.0,5.0,1.0,0.0,2.0,4.0,17.0,2.0,18.0,16.0,55.0,8.0,95.0,2.0,6.0,68.0,107.0,25.0,42,10
4211,249062,166,0.0,0.0,0.0,0.0,55.9,0.0,0.0,58.4,0.0,0.0,0.0,63.0,62.0,0.0,321.0,63.0,1178.0,41.0,UM Greenebaum Comprehensive Cancer Center,"Baltimore, Maryland",18.0,7.0,30.0,15.0,8.0,18.0,14.0,6.0,16.0,7.0,48.0,15.0,1.0,7.0,57.0,10.0,2.0,1.0,3.0,8.0,26.0,4.0,42.0,31.0,88.0,11.0,133.0,3.0,12.0,106.0,176.0,40.0,42,11
4212,248077,266,0.0,0.0,0.0,0.0,0.0,0.0,0.0,0.0,0.0,0.0,0.0,11.0,0.0,0.0,328.0,322.0,414.0,273.0,UPMC Hillman Cancer Center,"Allegheny, Pennsylvania",11.0,10.0,18.0,12.0,12.0,26.0,18.0,7.0,14.0,7.0,40.0,12.0,1.0,15.0,84.0,4.0,4.0,1.0,3.0,6.0,17.0,6.0,54.0,58.0,89.0,16.0,103.0,0.0,8.0,92.0,181.0,54.0,42,12
4213,273687,204,0.0,3.5,67.1,23.5,87.3,8.8,37.4,87.9,9.5,0.0,0.0,86.0,85.0,50.0,104.0,20.0,618.0,12.0,UM Greenebaum Comprehensive Cancer Center,"Allegheny, Pennsylvania",5.0,2.0,12.0,5.0,3.0,6.0,6.0,3.0,4.0,2.0,18.0,3.0,0.0,2.0,17.0,3.0,0.0,0.0,2.0,2.0,8.0,1.0,9.0,8.0,30.0,6.0,47.0,1.0,3.0,39.0,46.0,20.0,42,13
4214,285716,242,0.0,0.4,14.1,4.2,13.6,0.0,0.4,13.2,0.0,0.0,0.0,36.0,37.0,0.0,301.0,119.0,387.0,19.0,UPMC Hillman Cancer Center,"Allegheny, Pennsylvania",10.0,9.0,17.0,11.0,10.0,25.0,16.0,6.0,14.0,6.0,38.0,12.0,1.0,13.0,74.0,4.0,3.0,1.0,3.0,6.0,15.0,5.0,47.0,50.0,84.0,15.0,97.0,0.0,7.0,85.0,165.0,51.0,42,14
4215,265683,219,16.2,35.9,86.0,72.5,91.5,42.9,59.7,91.8,44.7,0.0,0.0,115.0,114.0,65.0,53.0,10.0,240.0,3.0,UPMC Hillman Cancer Center,"Allegheny, Pennsylvania",2.0,1.0,5.0,2.0,2.0,3.0,4.0,2.0,2.0,1.0,7.0,2.0,0.0,1.0,9.0,1.0,0.0,0.0,1.0,1.0,3.0,1.0,5.0,5.0,16.0,4.0,23.0,0.0,1.0,23.0,18.0,12.0,42,15
4216,270273,215,0.0,0.0,60.4,0.0,60.4,0.0,11.8,60.8,0.0,0.0,0.0,72.0,72.0,34.0,156.0,63.0,554.0,22.0,UPMC Hillman Cancer Center,"Allegheny, Pennsylvania",6.0,4.0,11.0,8.0,5.0,12.0,10.0,5.0,5.0,3.0,19.0,5.0,0.0,6.0,35.0,2.0,2.0,0.0,1.0,2.0,10.0,3.0,21.0,23.0,42.0,10.0,56.0,0.0,3.0,52.0,73.0,31.0,42,16
4217,272307,217,0.0,0.0,0.0,0.0,0.0,0.0,0.0,0.0,0.0,0.0,0.0,14.0,0.0,0.0,327.0,288.0,525.0,253.0,UPMC Hillman Cancer Center,"Allegheny, Pennsylvania",11.0,10.0,18.0,13.0,12.0,25.0,18.0,7.0,13.0,7.0,39.0,12.0,1.0,15.0,84.0,5.0,4.0,1.0,3.0,6.0,18.0,6.0,54.0,58.0,88.0,16.0,103.0,0.0,8.0,93.0,181.0,54.0,42,17
4401,170402,134,0.0,0.0,0.0,30.5,0.0,0.0,0.0,17.4,0.0,0.0,0.0,48.0,0.0,0.0,671.0,113.0,894.0,78.0,Dana-Farber/Harvard Cancer Center,"Providence, Rhode Island",19.0,20.0,56.0,13.0,9.0,43.0,25.0,11.0,37.0,5.0,53.0,45.0,2.0,16.0,215.0,38.0,6.0,3.0,4.0,8.0,30.0,15.0,174.0,129.0,190.0,21.0,136.0,5.0,15.0,224.0,402.0,46.0,44,01
4402,183707,127,0.0,0.0,0.0,0.0,0.0,0.0,0.0,37.7,0.0,0.0,0.0,57.0,14.0,0.0,567.0,107.0,910.0,52.0,Dana-Farber/Harvard Cancer Center,"Providence, Rhode Island",16.0,17.0,47.0,11.0,8.0,38.0,22.0,9.0,31.0,4.0,46.0,37.0,1.0,13.0,179.0,32.0,5.0,2.0,4.0,7.0,26.0,13.0,143.0,108.0,159.0,19.0,123.0,4.0,12.0,188.0,339.0,41.0,44,02
4501,242405,162,0.5,1.0,33.8,40.9,33.8,0.0,1.0,37.0,0.0,0.0,0.0,27.0,23.0,22.0,94.0,80.0,170.0,37.0,Hollings Cancer Center (MUSC),"Charleston, South Carolina",5.0,1.0,12.0,2.0,2.0,6.0,7.0,3.0,1.0,0.0,14.0,5.0,0.0,2.0,17.0,3.0,1.0,0.0,0.0,2.0,9.0,1.0,7.0,7.0,29.0,7.0,41.0,0.0,4.0,41.0,38.0,15.0,45,01
4502,223301,206,0.0,58.9,100.0,33.1,100.0,25.0,66.8,100.0,52.2,0.0,0.0,121.0,103.0,69.0,25.0,17.0,233.0,4.0,Hollings Cancer Center (MUSC),"Mecklenburg, North Carolina",1.0,0.0,4.0,0.0,0.0,2.0,0.0,0.0,3.0,0.0,4.0,3.0,0.0,0.0,5.0,1.0,1.0,0.0,0.0,0.0,1.0,0.0,2.0,3.0,5.0,1.0,14.0,0.0,0.0,10.0,10.0,6.0,45,02
4503,243449,197,0.0,0.0,98.3,26.9,100.0,29.7,3.5,100.0,89.3,0.0,0.0,139.0,115.0,23.0,79.0,36.0,284.0,15.0,Winship Cancer Institute (Emory),"Mecklenburg, North Carolina",1.0,2.0,11.0,2.0,1.0,2.0,0.0,2.0,6.0,2.0,11.0,5.0,0.0,2.0,19.0,4.0,2.0,1.0,0.0,2.0,6.0,0.0,10.0,7.0,17.0,4.0,40.0,0.0,0.0,28.0,38.0,13.0,45,03
4504,215962,191,0.0,0.0,75.4,0.0,100.0,0.0,0.0,100.0,100.0,0.0,0.0,150.0,94.0,0.0,96.0,79.0,265.0,65.0,Winship Cancer Institute (Emory),"Mecklenburg, North Carolina",2.0,2.0,14.0,2.0,2.0,1.0,0.0,2.0,7.0,2.0,14.0,5.0,0.0,2.0,23.0,5.0,2.0,1.0,0.0,2.0,7.0,0.0,11.0,8.0,19.0,5.0,53.0,0.0,0.0,33.0,47.0,16.0,45,04
4505,228377,192,0.0,23.6,35.5,30.6,39.6,0.0,26.6,100.0,38.0,0.0,0.0,113.0,47.0,33.0,123.0,57.0,286.0,9.0,Wake Forest Baptist Comprehensive Cancer Center,"Mecklenburg, North Carolina",3.0,1.0,15.0,2.0,1.0,6.0,2.0,3.0,9.0,1.0,10.0,10.0,1.0,1.0,33.0,11.0,1.0,1.0,1.0,2.0,7.0,1.0,22.0,20.0,25.0,3.0,52.0,0.0,2.0,27.0,81.0,14.0,45,05
4506,219655,250,4.2,48.5,57.9,48.7,57.9,0.0,48.5,59.4,1.8,0.0,0.0,73.0,71.0,59.0,61.0,43.0,214.0,37.0,Hollings Cancer Center (MUSC),"Charleston, South Carolina",3.0,1.0,8.0,1.0,1.0,3.0,4.0,2.0,1.0,0.0,9.0,3.0,0.0,1.0,11.0,2.0,1.0,0.0,0.0,1.0,7.0,1.0,5.0,5.0,19.0,4.0,27.0,0.0,2.0,26.0,24.0,10.0,45,06
4507,283701,191,0.0,21.0,97.9,22.1,97.9,8.3,21.0,99.2,12.5,0.0,0.0,106.0,100.0,0.0,49.0,30.0,225.0,29.0,Hollings Cancer Center (MUSC),"Charleston, South Carolina",12.0,0.0,4.0,0.0,0.0,1.0,0.0,3.0,0.0,0.0,3.0,0.0,0.0,0.0,5.0,0.0,0.0,0.0,0.0,0.0,20.0,0.0,12.0,8.0,10.0,1.0,18.0,0.0,0.0,7.0,40.0,3.0,45,07
4600,274034,242,24.1,68.5,68.5,55.6,68.5,49.9,68.5,100.0,98.9,0.0,0.0,242.0,119.0,108.0,45.0,34.0,72.0,27.0,Fred & Pamela Buffett Cancer Center (UNMC),"Minnehaha, South Dakota",1.0,0.0,5.0,4.0,2.0,6.0,3.0,1.0,1.0,1.0,8.0,1.0,0.0,1.0,6.0,1.0,0.0,0.0,0.0,2.0,3.0,0.0,2.0,2.0,11.0,3.0,26.0,0.0,0.0,15.0,22.0,7.0,46,00
4701,273914,191,1.0,68.3,100.0,63.1,100.0,97.3,68.2,100.0,96.9,0.0,0.0,160.0,160.0,89.0,28.0,7.0,113.0,1.0,Wake Forest Baptist Comprehensive Cancer Center,"Forsyth, North Carolina",1.0,0.0,4.0,1.0,1.0,1.0,1.0,1.0,2.0,0.0,7.0,1.0,0.0,2.0,2.0,0.0,1.0,0.0,0.0,1.0,1.0,1.0,0.0,1.0,7.0,2.0,18.0,0.0,0.0,5.0,19.0,5.0,47,01
4702,245821,198,1.4,1.5,100.0,24.1,100.0,99.6,1.5,100.0,99.6,0.0,0.0,172.0,170.0,0.0,71.0,59.0,116.0,41.0,Markey Cancer Center (Kentucky),"Fayette, Kentucky",2.0,0.0,8.0,2.0,3.0,4.0,2.0,1.0,5.0,1.0,19.0,4.0,1.0,6.0,4.0,1.0,3.0,0.0,1.0,1.0,2.0,2.0,0.0,3.0,18.0,7.0,43.0,0.0,1.0,12.0,52.0,7.0,47,02
4703,253596,197,0.0,2.7,96.3,30.9,100.0,64.4,2.7,100.0,64.5,0.0,0.0,126.0,125.0,20.0,52.0,30.0,193.0,18.0,Winship Cancer Institute (Emory),"Fulton, Georgia",1.0,0.0,5.0,1.0,1.0,5.0,2.0,1.0,3.0,0.0,15.0,3.0,0.0,3.0,5.0,1.0,1.0,0.0,0.0,0.0,2.0,1.0,0.0,6.0,9.0,2.0,33.0,0.0,1.0,7.0,41.0,3.0,47,03
4704,218114,170,4.1,36.9,58.1,58.7,59.8,8.5,41.5,60.6,9.3,0.0,0.0,71.0,70.0,49.0,232.0,90.0,518.0,3.0,Vanderbilt-Ingram Cancer Center,"Davidson, Tennessee",7.0,2.0,23.0,9.0,3.0,5.0,6.0,5.0,6.0,1.0,26.0,11.0,2.0,4.0,87.0,12.0,2.0,0.0,0.0,3.0,11.0,4.0,70.0,54.0,43.0,8.0,56.0,2.0,1.0,28.0,196.0,8.0,47,04
4705,206086,174,0.0,2.6,3.4,22.5,2.9,0.0,2.9,2.9,0.0,0.0,0.0,18.0,17.0,17.0,528.0,380.0,550.0,225.0,Vanderbilt-Ingram Cancer Center,"Davidson, Tennessee",16.0,6.0,53.0,21.0,7.0,11.0,14.0,11.0,14.0,3.0,52.0,26.0,5.0,9.0,206.0,29.0,5.0,1.0,1.0,6.0,25.0,9.0,167.0,124.0,98.0,18.0,114.0,4.0,3.0,66.0,444.0,18.0,47,05
4706,240469,208,0.4,43.7,44.5,41.8,44.5,7.5,43.7,45.1,8.6,0.0,0.0,52.0,52.0,52.0,306.0,196.0,531.0,103.0,Vanderbilt-Ingram Cancer Center,"Davidson, Tennessee",9.0,3.0,31.0,12.0,4.0,6.0,8.0,7.0,8.0,2.0,30.0,15.0,3.0,5.0,118.0,17.0,3.0,1.0,1.0,3.0,15.0,5.0,96.0,72.0,56.0,11.0,67.0,2.0,2.0,38.0,257.0,11.0,47,06
4707,199054,202,5.4,17.2,17.2,56.9,17.2,0.0,17.2,16.7,0.0,0.0,0.0,37.0,38.0,38.0,452.0,194.0,555.0,107.0,Vanderbilt-Ingram Cancer Center,"Davidson, Tennessee",13.0,5.0,46.0,18.0,6.0,9.0,12.0,9.0,11.0,2.0,45.0,22.0,4.0,8.0,177.0,25.0,4.0,1.0,1.0,5.0,22.0,7.0,143.0,106.0,84.0,16.0,98.0,3.0,2.0,56.0,380.0,16.0,47,07
4708,249811,233,46.9,60.0,60.6,76.0,60.6,1.6,60.0,63.3,5.2,0.0,0.0,83.0,75.0,74.0,48.0,34.0,189.0,29.0,St. Jude Children's Research Hospital,"Shelby, Tennessee",4.0,0.0,8.0,2.0,0.0,1.0,1.0,2.0,3.0,0.0,11.0,0.0,0.0,1.0,7.0,0.0,1.0,0.0,0.0,2.0,2.0,0.0,3.0,5.0,14.0,2.0,22.0,0.0,1.0,14.0,28.0,6.0,47,08
4709,192403,229,0.0,0.0,0.0,4.8,0.0,0.0,0.0,0.0,0.0,0.0,0.0,14.0,0.0,0.0,119.0,113.0,128.0,113.0,St. Jude Children's Research Hospital,"Shelby, Tennessee",9.0,0.0,20.0,5.0,1.0,3.0,3.0,4.0,8.0,1.0,28.0,1.0,0.0,2.0,17.0,1.0,3.0,1.0,1.0,5.0,6.0,0.0,7.0,13.0,34.0,6.0,55.0,1.0,3.0,35.0,69.0,15.0,47,09
4801,233561,208,5.3,27.8,90.1,51.2,100.0,63.3,27.8,100.0,58.1,0.0,0.0,124.0,128.0,40.0,57.0,26.0,254.0,22.0,Harold C. Simmons Comprehensive Cancer Center (UTSW),"Dallas, Texas",1.0,0.0,5.0,4.0,0.0,8.0,1.0,0.0,3.0,1.0,13.0,3.0,0.0,2.0,8.0,3.0,0.0,0.0,0.0,2.0,1.0,0.0,7.0,6.0,11.0,1.0,32.0,0.0,0.0,3.0,53.0,0.0,48,01
4802,179322,152,0.0,0.0,0.0,0.0,0.0,0.0,0.0,0.0,0.0,0.0,0.0,28.0,0.0,0.0,1038.0,708.0,1043.0,581.0,MD Anderson Cancer Center,"Harris, Texas",21.0,21.0,68.0,37.0,15.0,43.0,18.0,17.0,61.0,17.0,82.0,55.0,13.0,22.0,409.0,33.0,8.0,5.0,7.0,18.0,47.0,21.0,328.0,233.0,255.0,26.0,174.0,6.0,16.0,343.0,661.0,34.0,48,02
4803,187076,158,0.0,1.3,3.3,13.0,3.3,0.0,3.3,1.5,0.0,0.0,0.0,36.0,32.0,32.0,466.0,191.0,528.0,10.0,Harold C. Simmons Comprehensive Cancer Center (UTSW),"Dallas, Texas",21.0,8.0,42.0,16.0,14.0,18.0,6.0,15.0,15.0,12.0,36.0,15.0,4.0,8.0,168.0,17.0,4.0,1.0,2.0,10.0,28.0,7.0,141.0,92.0,80.0,20.0,126.0,2.0,5.0,77.0,371.0,17.0,48,03
4804,213897,213,0.6,18.6,40.7,32.6,40.7,2.6,37.8,42.3,2.6,0.0,0.0,41.0,38.0,38.0,296.0,172.0,507.0,8.0,Harold C. Simmons Comprehensive Cancer Center (UTSW),"Dallas, Texas",13.0,5.0,27.0,11.0,9.0,12.0,4.0,9.0,10.0,7.0,25.0,10.0,3.0,5.0,105.0,11.0,2.0,1.0,1.0,6.0,17.0,4.0,88.0,57.0,51.0,13.0,83.0,1.0,3.0,48.0,238.0,11.0,48,04
4805,214097,186,0.8,2.3,31.3,52.0,31.3,2.0,2.3,28.8,1.8,0.0,0.0,22.0,23.0,20.0,358.0,231.0,524.0,210.0,Harold C. Simmons Comprehensive Cancer Center (UTSW),"Dallas, Texas",16.0,5.0,31.0,14.0,10.0,18.0,5.0,10.0,12.0,9.0,32.0,12.0,2.0,6.0,124.0,14.0,3.0,1.0,1.0,8.0,20.0,5.0,104.0,68.0,63.0,15.0,102.0,1.0,4.0,56.0,290.0,12.0,48,05
4806,190615,202,2.6,15.2,28.8,51.5,28.8,5.8,15.2,30.7,5.0,0.0,0.0,36.0,32.0,31.0,354.0,187.0,498.0,97.0,Harold C. Simmons Comprehensive Cancer Center (UTSW),"Dallas, Texas",16.0,6.0,31.0,13.0,10.0,17.0,4.0,11.0,12.0,8.0,30.0,12.0,1.0,6.0,125.0,13.0,3.0,1.0,1.0,8.0,20.0,5.0,104.0,68.0,63.0,15.0,98.0,1.0,4.0,56.0,285.0,13.0,48,06
4807,166174,238,0.0,0.0,0.0,0.0,0.0,0.0,0.0,0.0,0.0,0.0,0.0,17.0,0.0,0.0,1040.0,964.0,1043.0,741.0,MD Anderson Cancer Center,"Harris, Texas",21.0,21.0,68.0,37.0,15.0,43.0,18.0,17.0,61.0,17.0,83.0,55.0,13.0,22.0,410.0,33.0,8.0,5.0,7.0,18.0,47.0,21.0,328.0,234.0,255.0,26.0,174.0,6.0,17.0,344.0,662.0,34.0,48,07
4808,192211,173,10.1,10.1,16.0,18.5,16.0,0.0,10.1,18.6,0.0,0.0,0.0,41.0,38.0,0.0,875.0,418.0,1043.0,416.0,MD Anderson Cancer Center,"Harris, Texas",18.0,18.0,57.0,31.0,13.0,37.0,15.0,14.0,51.0,14.0,70.0,46.0,11.0,19.0,343.0,28.0,7.0,4.0,6.0,15.0,40.0,18.0,276.0,196.0,215.0,22.0,148.0,5.0,14.0,290.0,557.0,29.0,48,08
4809,175349,207,0.0,0.0,0.0,0.0,0.0,0.0,0.0,0.0,0.0,0.0,0.0,18.0,0.0,0.0,1040.0,998.0,1043.0,718.0,MD Anderson Cancer Center,"Harris, Texas",21.0,21.0,68.0,37.0,15.0,43.0,18.0,17.0,61.0,17.0,83.0,55.0,13.0,22.0,410.0,33.0,8.0,5.0,7.0,18.0,47.0,21.0,328.0,234.0,255.0,26.0,174.0,6.0,17.0,344.0,662.0,34.0,48,09
4810,204984,218,10.6,45.5,51.4,42.7,51.4,0.0,45.5,91.4,0.8,0.0,0.0,96.0,61.0,52.0,163.0,53.0,827.0,42.0,MD Anderson Cancer Center,"Travis, Texas",8.0,2.0,10.0,8.0,2.0,10.0,3.0,2.0,8.0,2.0,16.0,9.0,2.0,4.0,56.0,6.0,2.0,0.0,1.0,3.0,7.0,2.0,44.0,31.0,37.0,5.0,42.0,1.0,3.0,38.0,121.0,5.0,48,10
4811,185667,194,33.5,77.4,96.1,47.5,96.1,68.5,77.4,100.0,91.7,0.0,0.0,208.0,205.0,121.0,15.0,7.0,90.0,5.0,Mays Cancer Center (UT Health San Antonio),"Tarrant, Texas",1.0,0.0,1.0,2.0,0.0,1.0,1.0,1.0,0.0,0.0,4.0,1.0,0.0,0.0,2.0,0.0,0.0,0.0,0.0,1.0,0.0,0.0,2.0,1.0,3.0,1.0,8.0,0.0,0.0,2.0,13.0,1.0,48,11
4812,196016,180,0.0,0.0,0.0,18.3,0.0,0.0,0.0,15.2,0.0,0.0,0.0,43.0,0.0,0.0,436.0,105.0,501.0,94.0,Harold C. Simmons Comprehensive Cancer Center (UTSW),"Tarrant, Texas",21.0,7.0,39.0,16.0,14.0,22.0,5.0,13.0,14.0,10.0,34.0,14.0,2.0,7.0,156.0,16.0,4.0,1.0,2.0,10.0,26.0,6.0,129.0,84.0,78.0,19.0,119.0,2.0,5.0,71.0,348.0,17.0,48,12
4813,206557,238,17.9,30.2,82.3,69.6,82.3,72.2,30.2,85.8,78.3,0.0,0.0,207.0,204.0,47.0,89.0,9.0,139.0,5.0,Stephenson Cancer Center (Oklahoma),"Oklahoma, Oklahoma",4.0,1.0,8.0,4.0,3.0,4.0,1.0,3.0,2.0,2.0,11.0,3.0,1.0,1.0,29.0,3.0,1.0,0.0,0.0,2.0,5.0,1.0,23.0,15.0,16.0,5.0,28.0,0.0,1.0,18.0,68.0,4.0,48,13
4814,219590,223,0.0,36.5,47.4,11.1,47.4,1.4,36.5,42.0,0.4,0.0,0.0,54.0,59.0,44.0,550.0,28.0,1027.0,17.0,MD Anderson Cancer Center,"Harris, Texas",12.0,11.0,36.0,20.0,8.0,21.0,9.0,9.0,32.0,9.0,45.0,28.0,7.0,11.0,216.0,17.0,4.0,2.0,4.0,10.0,25.0,11.0,173.0,123.0,134.0,13.0,95.0,3.0,9.0,183.0,348.0,18.0,48,14
4815,177225,217,6.1,81.1,81.1,20.4,81.1,74.9,81.1,79.9,74.9,0.0,0.0,236.0,238.0,238.0,75.0,18.0,114.0,12.0,Mays Cancer Center (UT Health San Antonio),"Bexar, Texas",4.0,1.0,9.0,3.0,0.0,4.0,0.0,1.0,1.0,1.0,5.0,2.0,0.0,1.0,36.0,1.0,0.0,0.0,0.0,1.0,2.0,0.0,26.0,17.0,8.0,2.0,21.0,0.0,1.0,6.0,68.0,1.0,48,15
4816,179149,172,0.0,0.0,100.0,0.0,100.0,100.0,0.0,100.0,100.0,0.0,0.0,274.0,322.0,0.0,30.0,24.0,30.0,24.0,UNM Comprehensive Cancer Center,"Pima, Arizona",0.0,0.0,10.0,3.0,0.0,1.0,0.0,0.0,1.0,0.0,6.0,2.0,0.0,0.0,5.0,0.0,0.0,0.0,0.0,0.0,2.0,0.0,0.0,2.0,2.0,2.0,23.0,1.0,0.0,6.0,22.0,2.0,48,16
4817,206616,205,23.9,42.8,83.3,51.4,83.3,21.7,42.8,100.0,33.7,0.0,0.0,106.0,97.0,54.0,46.0,27.0,489.0,14.0,Harold C. Simmons Comprehensive Cancer Center (UTSW),"Travis, Texas",4.0,1.0,3.0,4.0,0.0,3.0,1.0,2.0,1.0,1.0,7.0,3.0,0.0,1.0,9.0,2.0,0.0,0.0,0.0,1.0,2.0,0.0,7.0,5.0,10.0,3.0,20.0,0.0,1.0,7.0,38.0,2.0,48,17
4818,157523,232,0.0,0.0,0.0,0.0,0.0,0.0,0.0,0.0,0.0,0.0,0.0,13.0,0.0,0.0,1040.0,1028.0,1043.0,1021.0,MD Anderson Cancer Center,"Harris, Texas",21.0,21.0,68.0,37.0,15.0,43.0,18.0,17.0,61.0,17.0,83.0,55.0,13.0,22.0,410.0,33.0,8.0,5.0,7.0,18.0,47.0,21.0,328.0,234.0,255.0,26.0,174.0,6.0,17.0,344.0,662.0,34.0,48,18
4819,191659,248,13.0,23.5,100.0,40.2,100.0,100.0,47.8,100.0,100.0,0.0,0.0,310.0,309.0,53.0,16.0,11.0,25.0,10.0,UNM Comprehensive Cancer Center,"Tarrant, Texas",0.0,0.0,3.0,1.0,0.0,0.0,1.0,1.0,0.0,0.0,4.0,1.0,0.0,1.0,1.0,2.0,0.0,0.0,0.0,0.0,1.0,0.0,1.0,1.0,1.0,1.0,13.0,0.0,0.0,3.0,12.0,1.0,48,19
4820,166205,161,0.0,0.0,0.0,0.0,0.0,0.0,0.0,0.0,0.0,0.0,0.0,11.0,0.0,0.0,309.0,307.0,405.0,307.0,Mays Cancer Center (UT Health San Antonio),"Bexar, Texas",9.0,8.0,29.0,8.0,1.0,15.0,1.0,3.0,4.0,4.0,10.0,9.0,0.0,2.0,181.0,6.0,1.0,0.0,0.0,5.0,11.0,2.0,133.0,72.0,38.0,6.0,58.0,0.0,2.0,26.0,278.0,5.0,48,20
4821,250718,192,1.5,15.0,15.0,42.7,15.0,0.6,15.0,30.7,0.6,0.0,0.0,41.0,33.0,33.0,252.0,134.0,401.0,115.0,Mays Cancer Center (UT Health San Antonio),"Bexar, Texas",9.0,6.0,23.0,7.0,1.0,13.0,1.0,2.0,4.0,3.0,12.0,8.0,0.0,2.0,137.0,6.0,1.0,0.0,1.0,4.0,9.0,1.0,101.0,56.0,33.0,6.0,53.0,0.0,2.0,21.0,228.0,4.0,48,21
4822,192375,165,5.3,6.0,11.7,12.5,11.7,0.0,6.0,11.7,0.0,0.0,0.0,30.0,29.0,0.0,917.0,593.0,1042.0,135.0,MD Anderson Cancer Center,"Harris, Texas",19.0,19.0,60.0,33.0,13.0,37.0,16.0,15.0,54.0,15.0,73.0,48.0,11.0,19.0,362.0,29.0,7.0,4.0,6.0,16.0,42.0,19.0,290.0,206.0,224.0,22.0,155.0,5.0,14.0,304.0,583.0,30.0,48,22
4823,184765,193,31.3,36.7,48.9,43.0,48.9,41.4,36.7,49.4,40.7,0.4,0.4,54.0,52.0,0.0,161.0,141.0,232.0,135.0,Mays Cancer Center (UT Health San Antonio),"Bexar, Texas",5.0,4.0,16.0,4.0,1.0,8.0,1.0,2.0,2.0,2.0,6.0,5.0,0.0,1.0,93.0,3.0,1.0,0.0,0.0,3.0,6.0,1.0,68.0,37.0,20.0,3.0,32.0,0.0,1.0,14.0,145.0,3.0,48,23
4824,213455,213,0.0,0.0,0.0,0.0,0.0,0.0,0.0,0.0,0.0,0.0,0.0,26.0,0.0,0.0,496.0,375.0,517.0,234.0,Harold C. Simmons Comprehensive Cancer Center (UTSW),"Tarrant, Texas",23.0,8.0,45.0,18.0,15.0,23.0,6.0,15.0,16.0,12.0,39.0,16.0,2.0,8.0,178.0,18.0,4.0,1.0,2.0,11.0,29.0,7.0,149.0,97.0,87.0,22.0,133.0,2.0,6.0,80.0,398.0,18.0,48,24
4825,220430,206,13.8,20.2,21.4,40.2,21.4,3.4,21.4,40.4,12.2,0.0,0.0,52.0,27.0,27.0,317.0,144.0,460.0,50.0,Harold C. Simmons Comprehensive Cancer Center (UTSW),"Tarrant, Texas",15.0,5.0,28.0,12.0,10.0,17.0,3.0,10.0,10.0,8.0,25.0,10.0,1.0,5.0,112.0,11.0,3.0,1.0,1.0,7.0,19.0,4.0,92.0,60.0,57.0,14.0,88.0,1.0,4.0,51.0,252.0,13.0,48,25
4826,194895,183,0.0,0.9,8.8,14.5,8.8,0.0,8.8,13.5,0.0,0.0,0.0,35.0,31.0,31.0,439.0,195.0,506.0,13.0,Harold C. Simmons Comprehensive Cancer Center (UTSW),"Dallas, Texas",20.0,7.0,40.0,16.0,14.0,21.0,5.0,13.0,14.0,11.0,35.0,14.0,3.0,7.0,156.0,16.0,4.0,1.0,2.0,10.0,26.0,6.0,131.0,85.0,77.0,20.0,120.0,2.0,5.0,70.0,353.0,16.0,48,26
4827,223254,216,30.3,89.2,89.2,56.6,89.2,66.4,89.2,99.5,63.4,0.0,0.0,140.0,141.0,140.0,20.0,1.0,176.0,1.0,Mays Cancer Center (UT Health San Antonio),"Bexar, Texas",2.0,0.0,1.0,1.0,0.0,2.0,0.0,0.0,1.0,0.0,2.0,2.0,0.0,0.0,6.0,1.0,0.0,0.0,0.0,0.0,1.0,0.0,4.0,3.0,4.0,1.0,8.0,0.0,0.0,2.0,17.0,1.0,48,27
4828,177203,196,5.2,40.6,40.6,18.7,40.6,39.4,40.6,40.5,39.4,0.0,0.0,34.0,34.0,34.0,189.0,149.0,246.0,118.0,Mays Cancer Center (UT Health San Antonio),"Bexar, Texas",6.0,5.0,18.0,5.0,1.0,9.0,1.0,2.0,2.0,2.0,7.0,6.0,0.0,1.0,109.0,4.0,1.0,0.0,0.0,3.0,7.0,1.0,80.0,44.0,24.0,4.0,36.0,0.0,1.0,16.0,170.0,3.0,48,28
4829,155672,214,0.0,0.0,0.0,0.0,0.0,0.0,0.0,0.0,0.0,0.0,0.0,14.0,0.0,0.0,1040.0,1026.0,1043.0,1021.0,MD Anderson Cancer Center,"Harris, Texas",21.0,21.0,68.0,37.0,15.0,43.0,18.0,17.0,61.0,17.0,83.0,55.0,13.0,22.0,410.0,33.0,8.0,5.0,7.0,18.0,47.0,21.0,328.0,234.0,255.0,26.0,174.0,6.0,17.0,344.0,662.0,34.0,48,29
4830,173897,217,0.0,0.0,0.0,0.0,0.0,0.0,0.0,0.0,0.0,0.0,0.0,14.0,0.0,0.0,496.0,458.0,533.0,418.0,Harold C. Simmons Comprehensive Cancer Center (UTSW),"Dallas, Texas",23.0,8.0,45.0,18.0,15.0,23.0,6.0,15.0,16.0,12.0,39.0,16.0,2.0,8.0,178.0,18.0,4.0,1.0,2.0,11.0,29.0,7.0,149.0,97.0,87.0,22.0,133.0,2.0,6.0,80.0,398.0,18.0,48,30
4831,204963,199,2.0,5.6,34.8,22.9,34.8,0.0,5.6,100.0,40.4,0.0,0.0,116.0,42.0,26.0,123.0,55.0,331.0,9.0,Mays Cancer Center (UT Health San Antonio),"Travis, Texas",11.0,1.0,7.0,9.0,1.0,9.0,2.0,2.0,4.0,1.0,16.0,9.0,1.0,3.0,32.0,5.0,1.0,0.0,1.0,2.0,5.0,0.0,23.0,16.0,26.0,7.0,48.0,1.0,2.0,11.0,108.0,4.0,48,31
4832,156688,235,0.0,0.0,0.0,0.0,0.0,0.0,0.0,0.0,0.0,0.0,0.0,14.0,0.0,0.0,497.0,443.0,534.0,372.0,Harold C. Simmons Comprehensive Cancer Center (UTSW),"Dallas, Texas",23.0,8.0,45.0,18.0,15.0,23.0,6.0,15.0,16.0,12.0,39.0,16.0,3.0,8.0,178.0,18.0,4.0,1.0,2.0,11.0,29.0,7.0,149.0,97.0,87.0,22.0,134.0,2.0,6.0,80.0,399.0,18.0,48,32
4833,147559,245,0.0,0.0,0.0,0.0,0.0,0.0,0.0,0.0,0.0,0.0,0.0,20.0,0.0,0.0,495.0,357.0,520.0,283.0,Harold C. Simmons Comprehensive Cancer Center (UTSW),"Dallas, Texas",23.0,8.0,45.0,18.0,15.0,23.0,6.0,15.0,16.0,12.0,39.0,16.0,2.0,8.0,178.0,18.0,4.0,1.0,2.0,11.0,29.0,7.0,149.0,97.0,87.0,22.0,132.0,2.0,6.0,80.0,397.0,18.0,48,33
4834,170210,220,0.0,100.0,100.0,4.0,100.0,100.0,100.0,100.0,100.0,0.0,0.0,253.0,254.0,254.0,16.0,10.0,18.0,10.0,Mays Cancer Center (UT Health San Antonio),"Bexar, Texas",2.0,0.0,4.0,1.0,0.0,1.0,0.0,1.0,0.0,1.0,3.0,0.0,0.0,1.0,3.0,0.0,0.0,0.0,0.0,0.0,0.0,0.0,1.0,4.0,0.0,1.0,11.0,0.0,0.0,1.0,15.0,0.0,48,34
4835,152127,191,0.0,0.0,0.0,4.0,0.0,0.0,0.0,42.4,0.0,0.0,0.0,40.0,0.0,0.0,258.0,206.0,414.0,197.0,Mays Cancer Center (UT Health San Antonio),"Bexar, Texas",12.0,5.0,22.0,9.0,2.0,15.0,2.0,2.0,5.0,3.0,17.0,11.0,1.0,3.0,126.0,7.0,2.0,0.0,1.0,4.0,10.0,1.0,93.0,53.0,38.0,7.0,63.0,1.0,3.0,21.0,233.0,4.0,48,35
4836,205002,190,9.2,32.4,33.4,36.1,33.4,8.1,32.4,32.7,8.1,0.0,0.0,32.0,0.0,0.0,693.0,557.0,961.0,556.0,MD Anderson Cancer Center,"Harris, Texas",14.0,14.0,45.0,25.0,10.0,28.0,12.0,12.0,41.0,11.0,56.0,36.0,9.0,15.0,273.0,22.0,5.0,3.0,5.0,12.0,31.0,14.0,218.0,156.0,170.0,17.0,117.0,4.0,11.0,230.0,441.0,23.0,48,36
4837,160861,190,0.0,0.0,0.0,0.0,0.0,0.0,0.0,100.0,0.0,0.0,0.0,88.0,0.0,0.0,166.0,161.0,423.0,145.0,Mays Cancer Center (UT Health San Antonio),"Travis, Texas",15.0,1.0,9.0,9.0,2.0,14.0,2.0,1.0,5.0,1.0,21.0,11.0,1.0,4.0,47.0,7.0,2.0,0.0,2.0,2.0,7.0,0.0,35.0,24.0,34.0,7.0,61.0,1.0,3.0,13.0,150.0,3.0,48,37
4838,200811,200,0.0,0.0,0.0,0.0,0.0,0.0,0.0,0.0,0.0,0.0,0.0,21.0,0.0,0.0,1039.0,1027.0,1043.0,1021.0,MD Anderson Cancer Center,"Harris, Texas",21.0,21.0,68.0,37.0,15.0,43.0,18.0,17.0,61.0,17.0,83.0,55.0,13.0,22.0,409.0,33.0,8.0,5.0,7.0,18.0,47.0,21.0,328.0,233.0,255.0,26.0,174.0,6.0,17.0,344.0,661.0,34.0,48,38
4901,178787,196,1.1,10.0,23.8,13.8,23.8,0.6,23.8,18.0,0.6,0.0,0.0,35.0,44.0,44.0,251.0,68.0,323.0,45.0,Huntsman Cancer Institute (Utah),"Salt Lake, Utah",5.0,8.0,18.0,6.0,4.0,12.0,5.0,2.0,11.0,0.0,13.0,17.0,4.0,10.0,92.0,13.0,5.0,0.0,2.0,5.0,17.0,5.0,63.0,55.0,57.0,9.0,63.0,0.0,3.0,67.0,163.0,20.0,49,01
4902,195929,186,9.8,48.9,48.9,16.7,48.9,47.4,48.9,48.9,48.2,0.0,0.0,36.0,39.0,39.0,168.0,146.0,176.0,107.0,Huntsman Cancer Institute (Utah),"Salt Lake, Utah",3.0,5.0,12.0,4.0,3.0,8.0,3.0,1.0,7.0,0.0,9.0,12.0,3.0,7.0,62.0,9.0,4.0,0.0,1.0,3.0,12.0,3.0,42.0,37.0,39.0,6.0,42.0,0.0,2.0,46.0,109.0,13.0,49,02
4903,176182,212,17.6,17.6,17.6,24.7,17.6,13.2,17.6,17.6,15.9,0.0,0.0,36.0,26.0,26.0,265.0,186.0,282.0,127.0,Huntsman Cancer Institute (Utah),"Salt Lake, Utah",5.0,8.0,19.0,5.0,4.0,12.0,5.0,2.0,12.0,0.0,13.0,18.0,4.0,11.0,98.0,14.0,6.0,0.0,2.0,5.0,18.0,5.0,68.0,60.0,60.0,9.0,65.0,0.0,3.0,71.0,173.0,21.0,49,03
4904,144582,175,5.2,6.3,6.3,6.1,6.3,1.9,6.3,13.8,2.5,0.0,0.0,18.0,0.0,0.0,303.0,244.0,319.0,222.0,Huntsman Cancer Institute (Utah),"Salt Lake, Utah",6.0,9.0,22.0,6.0,5.0,14.0,6.0,2.0,13.0,0.0,15.0,20.0,5.0,12.0,112.0,16.0,7.0,0.0,2.0,6.0,21.0,6.0,77.0,68.0,69.0,10.0,74.0,0.0,4.0,81.0,198.0,24.0,49,04
5000,230149,193,2.7,24.9,95.2,54.1,100.0,89.6,26.8,68.3,3.3,0.0,0.0,80.0,181.0,40.0,47.0,19.0,192.0,14.0,Dartmouth Cancer Center,"Suffolk, Massachusetts",2.0,2.0,6.0,2.0,1.0,1.0,1.0,2.0,3.0,0.0,7.0,2.0,0.0,2.0,7.0,1.0,1.0,0.0,0.0,2.0,3.0,1.0,3.0,1.0,15.0,3.0,24.0,0.0,2.0,28.0,10.0,8.0,50,00
5101,263718,194,0.0,10.3,24.2,27.2,24.2,0.0,10.3,24.2,0.0,0.0,0.0,24.0,24.0,0.0,165.0,99.0,581.0,24.0,VCU Massey Comprehensive Cancer Center,"Richmond, Virginia",7.0,2.0,25.0,9.0,2.0,10.0,8.0,2.0,10.0,2.0,25.0,13.0,1.0,6.0,19.0,5.0,2.0,1.0,0.0,2.0,13.0,2.0,8.0,14.0,51.0,11.0,75.0,2.0,3.0,53.0,80.0,32.0,51,01
5102,229334,218,1.5,6.1,100.0,17.2,100.0,8.3,6.1,100.0,8.3,0.0,0.0,102.0,100.0,16.0,81.0,67.0,240.0,6.0,VCU Massey Comprehensive Cancer Center,"Richmond, Virginia",8.0,0.0,18.0,5.0,1.0,7.0,3.0,0.0,2.0,0.0,9.0,5.0,0.0,1.0,8.0,5.0,1.0,0.0,1.0,1.0,8.0,0.0,3.0,10.0,23.0,5.0,37.0,1.0,2.0,14.0,66.0,2.0,51,02
5103,202846,232,0.0,0.0,99.5,0.0,99.5,0.0,0.0,100.0,0.0,0.0,0.0,90.0,88.0,12.0,87.0,82.0,251.0,22.0,VCU Massey Comprehensive Cancer Center,"Richmond, Virginia",8.0,0.0,19.0,5.0,1.0,8.0,3.0,0.0,2.0,0.0,10.0,5.0,0.0,1.0,8.0,6.0,1.0,0.0,1.0,1.0,8.0,0.0,3.0,11.0,25.0,5.0,40.0,1.0,2.0,15.0,70.0,2.0,51,03
5104,226004,232,0.0,2.3,6.8,24.6,6.8,0.0,2.3,6.8,0.0,0.0,0.0,12.0,12.0,0.0,172.0,148.0,652.0,64.0,VCU Massey Comprehensive Cancer Center,"Richmond, Virginia",6.0,2.0,25.0,10.0,2.0,9.0,9.0,3.0,11.0,2.0,27.0,14.0,1.0,7.0,20.0,5.0,2.0,1.0,0.0,3.0,13.0,2.0,8.0,12.0,53.0,12.0,80.0,2.0,4.0,59.0,75.0,37.0,51,04
5105,271583,220,0.0,9.3,39.9,61.1,40.3,0.0,10.7,41.8,0.0,0.0,0.0,56.0,55.0,40.0,148.0,55.0,580.0,14.0,University of Virginia Cancer Center,"Charlottesville, Virginia",5.0,4.0,14.0,7.0,2.0,12.0,6.0,2.0,8.0,2.0,19.0,13.0,1.0,5.0,26.0,5.0,2.0,0.0,0.0,3.0,9.0,2.0,18.0,19.0,40.0,9.0,57.0,1.0,3.0,47.0,76.0,24.0,51,05
5106,262549,191,0.0,13.2,55.8,63.8,55.2,0.0,21.7,68.0,0.0,0.0,0.0,71.0,63.0,48.0,133.0,26.0,542.0,6.0,University of Virginia Cancer Center,"Charlottesville, Virginia",2.0,2.0,10.0,5.0,2.0,11.0,3.0,2.0,4.0,2.0,22.0,8.0,0.0,3.0,40.0,3.0,2.0,0.0,0.0,3.0,7.0,1.0,26.0,24.0,25.0,8.0,48.0,0.0,2.0,26.0,95.0,13.0,51,06
5107,202536,174,0.0,0.0,3.5,17.5,3.5,0.0,0.6,5.0,0.0,0.0,0.0,44.0,41.0,40.0,502.0,158.0,987.0,6.0,Georgetown Lombardi Comprehensive Cancer Center,"Fairfax, Virginia",12.0,9.0,37.0,15.0,6.0,26.0,12.0,8.0,16.0,7.0,69.0,19.0,2.0,11.0,192.0,12.0,6.0,0.0,2.0,10.0,25.0,7.0,125.0,105.0,107.0,17.0,136.0,2.0,10.0,89.0,346.0,67.0,51,07
5108,193955,220,0.0,0.0,0.0,2.0,0.0,0.0,0.0,0.0,0.0,0.0,0.0,10.0,0.0,0.0,881.0,673.0,1026.0,205.0,Georgetown Lombardi Comprehensive Cancer Center,"Fairfax, Virginia",20.0,19.0,61.0,23.0,10.0,41.0,20.0,16.0,33.0,21.0,107.0,29.0,6.0,18.0,330.0,25.0,11.0,1.0,8.0,17.0,50.0,16.0,234.0,176.0,203.0,24.0,214.0,2.0,29.0,189.0,565.0,128.0,51,08
5109,282361,233,0.1,37.2,91.6,75.2,91.2,34.9,51.7,92.6,35.7,0.0,0.0,103.0,102.0,64.0,45.0,11.0,213.0,4.0,Wake Forest Baptist Comprehensive Cancer Center,"Forsyth, North Carolina",1.0,0.0,6.0,3.0,1.0,3.0,1.0,1.0,2.0,1.0,8.0,2.0,1.0,1.0,5.0,2.0,0.0,0.0,0.0,1.0,3.0,1.0,1.0,4.0,8.0,3.0,27.0,0.0,1.0,10.0,29.0,5.0,51,09
5110,187521,156,0.0,0.0,0.0,16.2,0.0,0.0,0.0,1.2,0.0,0.0,0.0,33.0,23.0,23.0,699.0,362.0,1002.0,22.0,Georgetown Lombardi Comprehensive Cancer Center,"Fairfax, Virginia",15.0,15.0,50.0,19.0,8.0,32.0,14.0,12.0,22.0,10.0,90.0,22.0,4.0,15.0,285.0,17.0,9.0,0.0,3.0,13.0,35.0,11.0,184.0,153.0,150.0,22.0,174.0,2.0,15.0,111.0,475.0,113.0,51,10
5111,208188,189,0.0,0.0,0.0,3.2,0.0,0.0,0.0,0.0,0.0,0.0,0.0,20.0,0.0,0.0,846.0,655.0,1017.0,371.0,Georgetown Lombardi Comprehensive Cancer Center,"Fairfax, Virginia",19.0,18.0,60.0,22.0,10.0,39.0,19.0,14.0,31.0,19.0,103.0,28.0,6.0,17.0,323.0,23.0,11.0,1.0,7.0,16.0,46.0,15.0,225.0,172.0,192.0,24.0,206.0,2.0,26.0,173.0,548.0,126.0,51,11
5301,187766,179,0.0,0.0,0.0,0.0,0.0,0.0,0.0,0.8,0.0,0.0,0.0,25.0,23.0,0.0,411.0,303.0,435.0,191.0,Fred Hutch/UW/Seattle Children's Cancer Consortium,"King, Washington",10.0,6.0,31.0,15.0,5.0,16.0,5.0,5.0,24.0,8.0,41.0,24.0,4.0,9.0,120.0,22.0,6.0,2.0,4.0,12.0,40.0,5.0,79.0,74.0,125.0,17.0,113.0,3.0,1.0,115.0,265.0,31.0,53,01
5302,254394,205,3.2,4.4,61.7,17.3,61.7,7.2,4.4,59.4,5.2,0.0,0.0,72.0,77.0,0.0,175.0,108.0,390.0,32.0,Fred Hutch/UW/Seattle Children's Cancer Consortium,"King, Washington",4.0,3.0,14.0,6.0,2.0,7.0,3.0,2.0,10.0,3.0,17.0,10.0,2.0,4.0,48.0,9.0,3.0,1.0,2.0,5.0,18.0,2.0,30.0,28.0,54.0,7.0,54.0,1.0,0.0,58.0,102.0,15.0,53,02
5303,242259,196,2.7,7.3,25.1,5.8,25.1,3.3,7.3,25.1,4.6,0.0,0.0,23.0,22.0,0.0,241.0,185.0,352.0,37.0,Knight Cancer Institute (OHSU),"Multnomah, Oregon",5.0,2.0,20.0,10.0,6.0,14.0,8.0,4.0,14.0,3.0,30.0,15.0,1.0,5.0,62.0,9.0,3.0,1.0,0.0,8.0,16.0,4.0,37.0,35.0,64.0,14.0,88.0,1.0,2.0,71.0,143.0,26.0,53,03
5304,201121,178,21.5,57.9,100.0,39.7,100.0,95.7,57.9,100.0,95.7,0.0,0.0,195.0,178.0,77.0,18.0,16.0,43.0,14.0,Fred Hutch/UW/Seattle Children's Cancer Consortium,"King, Washington",0.0,1.0,4.0,1.0,1.0,0.0,0.0,0.0,1.0,0.0,1.0,1.0,0.0,1.0,3.0,1.0,1.0,1.0,0.0,1.0,1.0,0.0,0.0,1.0,5.0,1.0,11.0,0.0,0.0,12.0,3.0,3.0,53,04
5305,240737,198,14.3,20.0,38.1,25.2,100.0,100.0,20.0,100.0,100.0,0.0,0.0,306.0,288.0,0.0,79.0,52.0,98.0,42.0,Fred Hutch/UW/Seattle Children's Cancer Consortium,"King, Washington",4.0,1.0,8.0,1.0,1.0,5.0,1.0,1.0,7.0,1.0,13.0,4.0,0.0,1.0,16.0,1.0,2.0,1.0,0.0,3.0,7.0,1.0,3.0,6.0,25.0,3.0,42.0,0.0,0.0,26.0,33.0,19.0,53,05
5306,275694,200,1.1,27.1,72.5,13.2,72.5,24.1,27.1,81.1,31.2,0.0,0.0,92.0,77.0,40.0,149.0,26.0,349.0,23.0,Fred Hutch/UW/Seattle Children's Cancer Consortium,"King, Washington",3.0,2.0,17.0,5.0,2.0,4.0,2.0,1.0,7.0,3.0,17.0,8.0,1.0,3.0,38.0,10.0,3.0,1.0,1.0,4.0,14.0,1.0,24.0,22.0,41.0,6.0,54.0,1.0,1.0,44.0,96.0,9.0,53,06
5307,184063,193,0.0,0.0,0.0,0.0,0.0,0.0,0.0,1.2,0.0,0.0,0.0,14.0,0.0,0.0,425.0,391.0,435.0,385.0,Fred Hutch/UW/Seattle Children's Cancer Consortium,"King, Washington",10.0,6.0,35.0,15.0,5.0,16.0,5.0,5.0,24.0,8.0,44.0,25.0,4.0,9.0,121.0,23.0,6.0,2.0,4.0,12.0,40.0,5.0,80.0,76.0,127.0,17.0,120.0,3.0,1.0,115.0,279.0,31.0,53,07
5308,218970,202,2.1,18.7,25.6,6.4,25.6,12.5,18.7,38.9,15.8,0.0,0.0,53.0,0.0,0.0,317.0,218.0,382.0,213.0,Fred Hutch/UW/Seattle Children's Cancer Consortium,"King, Washington",7.0,5.0,26.0,11.0,4.0,12.0,4.0,4.0,18.0,6.0,33.0,19.0,3.0,7.0,91.0,17.0,4.0,2.0,3.0,9.0,30.0,4.0,60.0,56.0,95.0,13.0,90.0,2.0,1.0,87.0,207.0,23.0,53,08
5309,199532,191,0.0,0.0,0.0,0.0,0.0,0.0,0.0,0.0,0.0,0.0,0.0,34.0,0.0,0.0,431.0,403.0,436.0,385.0,Fred Hutch/UW/Seattle Children's Cancer Consortium,"King, Washington",10.0,6.0,36.0,16.0,5.0,16.0,5.0,5.0,24.0,8.0,46.0,26.0,4.0,9.0,122.0,24.0,6.0,2.0,4.0,12.0,40.0,5.0,81.0,76.0,128.0,18.0,125.0,3.0,1.0,115.0,285.0,31.0,53,09
5310,204328,176,0.0,0.0,36.2,0.0,36.2,0.0,0.0,56.5,5.8,0.0,0.0,62.0,48.0,0.0,304.0,72.0,462.0,51.0,Fred Hutch/UW/Seattle Children's Cancer Consortium,"King, Washington",6.0,4.0,29.0,11.0,4.0,10.0,4.0,3.0,16.0,5.0,35.0,18.0,3.0,6.0,82.0,18.0,5.0,2.0,3.0,9.0,28.0,3.0,54.0,50.0,87.0,12.0,98.0,2.0,1.0,82.0,202.0,21.0,53,10
5401,316360,274,11.0,28.9,100.0,63.9,100.0,93.2,36.7,100.0,93.9,0.0,0.0,153.0,154.0,48.0,26.0,10.0,80.0,7.0,OSU Comprehensive Cancer Center – James,"Franklin, Ohio",1.0,0.0,3.0,2.0,1.0,2.0,0.0,1.0,0.0,0.0,7.0,1.0,0.0,0.0,2.0,1.0,0.0,0.0,0.0,1.0,2.0,0.0,0.0,0.0,4.0,3.0,20.0,0.0,0.0,13.0,5.0,8.0,54,01
5402,299751,272,3.0,15.3,82.5,57.3,82.5,16.8,46.7,83.9,19.3,0.0,0.0,90.0,87.0,58.0,103.0,20.0,478.0,8.0,UPMC Hillman Cancer Center,"Allegheny, Pennsylvania",3.0,2.0,10.0,4.0,2.0,8.0,3.0,2.0,4.0,1.0,16.0,3.0,0.0,4.0,27.0,2.0,1.0,0.0,0.0,3.0,5.0,1.0,15.0,14.0,25.0,7.0,41.0,0.0,2.0,30.0,53.0,20.0,54,02
5501,229222,188,0.0,0.0,0.0,14.3,0.0,0.0,0.0,73.1,0.0,0.0,0.0,70.0,27.0,0.0,330.0,121.0,733.0,61.0,University of Chicago Comprehensive Cancer Center,"Milwaukee, Wisconsin",9.0,6.0,28.0,8.0,6.0,17.0,13.0,7.0,16.0,6.0,38.0,21.0,3.0,4.0,74.0,22.0,5.0,1.0,2.0,11.0,27.0,5.0,56.0,41.0,100.0,16.0,104.0,4.0,9.0,119.0,169.0,41.0,55,01
5502,210573,184,4.0,4.0,4.0,22.9,4.0,0.0,4.0,6.1,0.0,0.0,0.0,17.0,0.0,0.0,164.0,116.0,389.0,111.0,UW Carbone Cancer Center,"Dane, Wisconsin",1.0,5.0,19.0,7.0,3.0,8.0,3.0,3.0,7.0,0.0,12.0,10.0,0.0,8.0,40.0,12.0,0.0,1.0,1.0,5.0,16.0,0.0,28.0,17.0,46.0,9.0,60.0,1.0,3.0,60.0,77.0,27.0,55,02
5503,238238,180,16.0,16.0,95.2,51.2,95.2,1.5,15.7,95.2,2.8,0.0,0.0,91.0,89.0,18.0,65.0,38.0,352.0,27.0,UW Carbone Cancer Center,"Dane, Wisconsin",2.0,1.0,6.0,2.0,2.0,2.0,2.0,2.0,4.0,1.0,11.0,5.0,0.0,1.0,9.0,4.0,1.0,1.0,0.0,2.0,4.0,1.0,2.0,2.0,23.0,4.0,33.0,0.0,1.0,35.0,9.0,21.0,55,03
5504,174783,257,0.0,0.0,0.0,0.0,0.0,0.0,0.0,100.0,0.0,0.0,0.0,81.0,0.0,0.0,254.0,217.0,731.0,208.0,UW Carbone Cancer Center,"Milwaukee, Wisconsin",5.0,4.0,20.0,5.0,4.0,15.0,10.0,7.0,13.0,6.0,27.0,18.0,3.0,1.0,52.0,21.0,5.0,1.0,1.0,12.0,22.0,4.0,39.0,27.0,77.0,15.0,86.0,4.0,6.0,96.0,121.0,37.0,55,04
5505,258100,187,0.0,0.0,0.0,7.0,0.0,0.0,0.0,75.8,0.0,0.0,0.0,71.0,23.0,0.0,256.0,159.0,680.0,65.0,UW Carbone Cancer Center,"Milwaukee, Wisconsin",5.0,5.0,21.0,6.0,4.0,16.0,10.0,5.0,13.0,4.0,23.0,17.0,3.0,3.0,56.0,21.0,4.0,1.0,1.0,11.0,23.0,4.0,43.0,27.0,77.0,15.0,82.0,4.0,6.0,96.0,123.0,37.0,55,05
5506,253650,187,0.0,0.0,54.6,19.7,54.6,0.0,0.0,85.1,10.8,0.0,0.0,91.0,62.0,0.0,137.0,57.0,386.0,25.0,UW Carbone Cancer Center,"Milwaukee, Wisconsin",3.0,3.0,12.0,5.0,3.0,7.0,5.0,3.0,7.0,2.0,15.0,9.0,1.0,2.0,27.0,10.0,2.0,1.0,0.0,6.0,10.0,2.0,16.0,9.0,43.0,9.0,56.0,1.0,2.0,58.0,47.0,31.0,55,06
5507,280914,233,2.4,5.3,86.4,28.5,86.4,65.7,5.8,89.9,67.9,0.0,0.0,144.0,141.0,0.0,79.0,37.0,178.0,29.0,Masonic Cancer Center (Minnesota),"Ramsey, Minnesota",3.0,2.0,8.0,3.0,2.0,4.0,3.0,2.0,4.0,1.0,13.0,5.0,0.0,2.0,11.0,3.0,2.0,1.0,0.0,2.0,6.0,1.0,3.0,3.0,26.0,5.0,40.0,0.0,1.0,41.0,15.0,22.0,55,07
5508,242393,184,0.0,0.0,100.0,3.7,100.0,38.0,0.0,100.0,70.5,0.0,0.0,137.0,115.0,0.0,71.0,51.0,214.0,35.0,UW Carbone Cancer Center,"Milwaukee, Wisconsin",3.0,1.0,7.0,4.0,3.0,3.0,2.0,3.0,5.0,0.0,12.0,5.0,0.0,0.0,10.0,5.0,1.0,0.0,0.0,4.0,2.0,1.0,0.0,0.0,24.0,5.0,42.0,0.0,0.0,38.0,6.0,28.0,55,08
5600,179475,160,59.2,88.2,100.0,66.6,100.0,78.9,88.2,100.0,83.9,0.0,0.0,285.0,187.0,175.0,9.0,4.0,79.0,4.0,University of Colorado Cancer Center,"Adams, Colorado",1.0,0.0,1.0,0.0,0.0,0.0,0.0,0.0,0.0,0.0,1.0,0.0,0.0,0.0,1.0,0.0,0.0,0.0,0.0,1.0,1.0,0.0,0.0,0.0,3.0,0.0,5.0,0.0,0.0,6.0,1.0,2.0,56,00
