sp,lat,lon,county_fips,geocode,n_trials,n_facilities
0,20.877263,-156.460289,15009,zip_centroid,4,1
1,21.291518,-157.826869,15003,zip_centroid,15,2
2,21.316548,-157.845053,15003,zip_centroid,27,12
3,21.344782,-158.022298,15003,zip_centroid,17,1
4,21.347097,-157.877337,15003,zip_centroid,22,2
5,21.355506,-157.821647,15003,zip_centroid,20,6
6,21.36005,-157.889776,15003,zip_centroid,4,1
7,21.406053,-157.884952,15003,zip_centroid,21,6
8,22.011419,-159.405069,15007,zip_centroid,7,1
9,25.444071,-80.467665,12086,city_centroid,1,1
10,25.607529,-80.343349,12086,zip_centroid,1,1
11,25.658379,-80.360893,12086,zip_centroid,92,21
12,25.700602,-80.405729,12086,zip_centroid,1,1
13,25.70232,-80.357503,12086,zip_centroid,2,2
14,25.702492,-80.2986,12086,zip_centroid,13,7
15,25.72085,-80.272571,12086,zip_centroid,55,9
16,25.731479,-80.23384,12086,zip_centroid,1,1
17,25.734345,-80.358271,12086,zip_centroid,10,5
18,25.737789,-80.311193,12086,zip_centroid,4,3
19,25.775163,-80.208615,12086,city_centroid,1,1
20,25.779492,-80.299573,12086,zip_centroid,2,2
21,25.779764,-80.198763,12086,zip_centroid,1,1
22,25.783834,-80.236333,12086,zip_centroid,6,6
23,25.786716,-80.364872,12086,zip_centroid,1,1
24,25.787247,-80.205296,12086,zip_centroid,211,41
25,25.816916,-80.13566,12086,zip_centroid,65,14
26,25.824907,-80.310665,12086,zip_centroid,20,2
27,25.86219,-80.269677,12086,zip_centroid,16,7
28,25.893769,-80.330087,12086,zip_centroid,4,3
29,25.89766,-80.151112,12086,zip_centroid,23,4
30,25.904642,-80.30208,12086,zip_centroid,1,1
31,25.943117,-80.214686,12086,zip_centroid,1,1
32,25.962149,-80.140904,12086,zip_centroid,33,10
33,26.014716,-80.340171,12011,zip_centroid,24,5
34,26.02313,-80.186539,12011,zip_centroid,42,11
35,26.026198,-80.295994,12011,zip_centroid,6,4
36,26.026358,-80.244633,12011,zip_centroid,4,3
37,26.030967,-80.164609,12011,city_centroid,1,1
38,26.060462,-80.369595,12011,zip_centroid,19,5
39,26.097256,-97.999651,48215,zip_centroid,8,5
40,26.101566,-80.120955,12011,zip_centroid,21,8
41,26.110469,-80.374015,12011,zip_centroid,2,1
42,26.112485,-80.27494,12011,zip_centroid,52,16
43,26.1126,-80.227875,12011,zip_centroid,1,1
44,26.135399,-80.226976,12011,county_centroid_city_disagrees,1,1
45,26.137498,-81.799105,12021,zip_centroid,3,1
46,26.149977,-80.275707,12011,zip_centroid,32,15
47,26.151759,-80.320939,12011,zip_centroid,1,1
48,26.162332,-98.248702,48215,zip_centroid,11,6
49,26.181382,-80.225802,12011,zip_centroid,1,1
50,26.18599,-80.172721,12011,zip_centroid,1,1
51,26.18851,-80.104988,12011,zip_centroid,31,5
52,26.212501,-80.270158,12011,zip_centroid,29,12
53,26.241622,-80.133851,12011,city_centroid,1,1
54,26.245781,-80.267366,12011,zip_centroid,3,2
55,26.251909,-80.208929,12011,zip_centroid,12,9
56,26.255724,-97.6635,48061,zip_centroid,7,5
57,26.274498,-80.2604,12011,zip_centroid,34,13
58,26.277591,-98.237279,48215,zip_centroid,3,2
59,26.277754,-80.115325,12011,zip_centroid,2,3
60,26.280689,-98.183295,48215,zip_centroid,3,2
61,26.309716,-80.144905,12011,zip_centroid,48,6
62,26.347543,-80.114805,12099,zip_centroid,9,6
63,26.367713,-81.735659,12071,zip_centroid,7,2
64,26.455873,-80.107935,12099,zip_centroid,1,1
65,26.510332,-81.979563,12071,zip_centroid,7,4
66,26.533736,-80.083152,12099,zip_centroid,1,1
67,26.534987,-81.825763,12071,zip_centroid,4,3
68,26.61982,-81.831673,12071,city_centroid_large_zip,1,1
69,26.623381,-81.883191,12071,zip_centroid,38,13
70,26.62855,-81.948755,12071,zip_centroid,1,1
71,26.639352,-81.841388,12071,zip_centroid,5,3
72,26.646721,-80.250311,12099,zip_centroid,2,2
73,26.667732,-81.76395,12071,zip_centroid,11,3
74,26.715793,-80.066777,12099,zip_centroid,42,14
75,26.720347,-81.965502,12071,zip_centroid,3,1
76,26.757692,-80.091172,12099,zip_centroid,2,1
77,26.845662,-80.08735,12099,zip_centroid,1,1
78,26.935806,-80.128441,12099,zip_centroid,21,6
79,26.978179,-82.050437,12015,zip_centroid,4,2
80,26.983677,-82.337666,12115,zip_centroid,1,1
81,27.094564,-82.440895,12115,zip_centroid,3,2
82,27.103873,-82.335474,12115,zip_centroid,1,1
83,27.151753,-82.422567,12115,zip_centroid,9,4
84,27.199535,-80.255952,12085,zip_centroid,5,5
85,27.26022,-82.540908,12115,zip_centroid,1,1
86,27.297204,-80.29801,12111,zip_centroid,10,3
87,27.310893,-82.521168,12115,zip_centroid,17,13
88,27.324987,-82.471714,12115,zip_centroid,69,24
89,27.325788,-82.559997,12115,zip_centroid,9,4
90,27.400992,-82.527943,12081,zip_centroid,5,2
91,27.454365,-82.383383,12081,zip_centroid,3,1
92,27.483321,-82.585125,12081,zip_centroid,3,2
93,27.503346,-81.367739,12055,zip_centroid,1,1
94,27.559571,-99.462957,48479,zip_centroid,4,3
95,27.560379,-99.489181,48479,city_centroid_large_zip,1,1
96,27.693944,-82.458577,12057,zip_centroid,9,1
97,27.729177,-97.385089,48355,zip_centroid,2,1
98,27.73397,-82.640314,12103,zip_centroid,25,9
99,27.770793,-82.632806,12103,zip_centroid,24,11
100,27.788266,-82.677461,12103,zip_centroid,3,3
101,27.807285,-82.773051,12103,zip_centroid,11,4
102,27.816844,-82.731621,12103,zip_centroid,16,6
103,27.861107,-82.35506,12057,zip_centroid,1,1
104,27.899471,-80.659577,12009,zip_centroid,5,3
105,27.905836,-82.758774,12103,zip_centroid,5,4
106,27.909778,-82.295738,12057,zip_centroid,1,1
107,27.915109,-82.804026,12103,zip_centroid,2,2
108,27.944035,-82.473954,12057,zip_centroid,14,3
109,27.945591,-82.793988,12103,zip_centroid,11,3
110,27.965234,-82.519051,12057,zip_centroid,30,3
111,27.970086,-82.479673,12057,city_centroid,2,2
112,27.971442,-81.894476,12105,zip_centroid,4,4
113,27.985618,-82.464439,12057,zip_centroid,1,1
114,27.994018,-81.777505,12105,zip_centroid,1,1
115,28.001166,-82.582227,12057,zip_centroid,1,1
116,28.0029,-82.743429,12103,zip_centroid,1,1
117,28.008161,-82.688367,12103,zip_centroid,5,1
118,28.017072,-82.125766,12057,zip_centroid,4,1
119,28.033061,-82.724374,12103,zip_centroid,1,1
120,28.039315,-82.392428,12057,zip_centroid,2,1
121,28.050827,-82.449573,12057,zip_centroid,288,37
122,28.050996,-81.702533,12105,zip_centroid,8,1
123,28.079378,-80.622302,12009,zip_centroid,7,3
124,28.083694,-82.447872,12057,zip_centroid,2,2
125,28.087706,-82.761134,12103,zip_centroid,1,1
126,28.095476,-81.917942,12105,zip_centroid,10,2
127,28.145532,-80.649962,12009,zip_centroid,1,1
128,28.205247,-82.317108,12101,zip_centroid,1,1
129,28.211353,-82.655286,12101,zip_centroid,4,4
130,28.248334,-82.370909,12101,zip_centroid,14,1
131,28.274188,-82.529523,12101,zip_centroid,2,1
132,28.288759,-80.791442,12009,zip_centroid,4,4
133,28.295842,-81.348621,12097,zip_centroid,2,1
134,28.308991,-81.591266,12097,zip_centroid,13,8
135,28.431169,-81.323825,12095,zip_centroid,49,27
136,28.489898,-81.290154,12095,zip_centroid,3,2
137,28.512357,-81.360269,12095,zip_centroid,55,17
138,28.52078,-81.753851,12069,zip_centroid,14,2
139,28.524016,-81.723029,12069,city_centroid,1,1
140,28.536725,-81.242932,12095,zip_centroid,2,2
141,28.555617,-81.348447,12095,zip_centroid,25,6
142,28.558922,-82.542335,12053,zip_centroid,1,1
143,28.578577,-81.534116,12095,zip_centroid,8,3
144,28.579038,-81.394201,12095,zip_centroid,40,20
145,28.59917,-81.352238,12095,zip_centroid,1,1
146,28.608352,-81.300566,12117,zip_centroid,2,1
147,28.665624,-81.370356,12117,zip_centroid,13,6
148,28.771373,-81.353086,12117,zip_centroid,11,6
149,28.773431,-81.73023,12069,zip_centroid,1,1
150,28.813818,-82.483064,12017,zip_centroid,1,1
151,28.918072,-81.897655,12069,zip_centroid,2,2
152,28.942166,-81.306122,12127,zip_centroid,26,7
153,28.945019,-82.097528,12119,zip_centroid,1,1
154,29.108464,-80.975738,12127,zip_centroid,1,1
155,29.125538,-82.309895,12083,zip_centroid,1,1
156,29.154472,-82.211485,12083,zip_centroid,17,9
157,29.161789,-82.126817,12083,zip_centroid,1,1
158,29.192391,-81.04676,12127,zip_centroid,3,2
159,29.232739,-81.068471,12127,zip_centroid,1,1
160,29.310761,-94.776472,48167,zip_centroid,6,3
161,29.422124,-98.525978,48029,zip_centroid,3,1
162,29.440446,-98.480293,48029,zip_centroid,1,1
163,29.460646,-98.571279,48029,zip_centroid,1,1
164,29.460896,-98.43834,48029,zip_centroid,1,1
165,29.462809,-98.524635,48029,city_centroid,6,5
166,29.468413,-98.528889,48029,zip_centroid,1,1
167,29.484685,-98.532945,48029,county_centroid_city_disagrees,1,1
168,29.494749,-98.396559,48029,zip_centroid,1,1
169,29.503785,-95.0873,48167,zip_centroid,23,3
170,29.505502,-98.577033,48029,zip_centroid,260,82
171,29.525291,-98.604382,48029,zip_centroid,38,14
172,29.538739,-98.491258,48029,zip_centroid,1,1
173,29.53942,-95.134993,48201,zip_centroid,25,12
174,29.539974,-98.42005,48029,zip_centroid,8,4
175,29.545041,-95.350692,48039,zip_centroid,8,1
176,29.561579,-95.099626,48201,zip_centroid,14,3
177,29.56504,-95.635059,48157,zip_centroid,27,9
178,29.566765,-98.615801,48029,zip_centroid,1,1
179,29.578671,-90.805402,22109,zip_centroid,1,1
180,29.586959,-95.225601,48201,zip_centroid,2,2
181,29.59023,-82.396199,12001,zip_centroid,21,9
182,29.617523,-95.60829,48157,zip_centroid,23,5
183,29.634209,-98.489808,48029,zip_centroid,2,2
184,29.64076,-82.343353,12001,zip_centroid,56,18
185,29.656113,-95.378696,48201,zip_centroid,1,1
186,29.67918,-82.372822,12001,zip_centroid,1,1
187,29.679537,-82.346793,12001,city_centroid,2,2
188,29.68025,-95.404913,48201,zip_centroid,53,20
189,29.685706,-95.434764,48201,zip_centroid,5,3
190,29.687947,-95.515725,48201,zip_centroid,1,1
191,29.699048,-95.536507,48201,zip_centroid,1,1
192,29.699306,-98.115127,48091,city_centroid_zip_spans_counties,4,2
193,29.704019,-95.460905,48201,zip_centroid,1,1
194,29.705557,-95.401754,48201,zip_centroid,972,130
195,29.718435,-95.423555,48201,zip_centroid,1,1
196,29.724272,-95.364242,48201,zip_centroid,1,1
197,29.734813,-95.416098,48201,zip_centroid,1,1
198,29.739314,-95.446424,48201,zip_centroid,8,4
199,29.740605,-95.560257,48201,zip_centroid,3,3
200,29.740948,-81.30016,12109,zip_centroid,4,2
201,29.744068,-95.48921,48201,zip_centroid,2,2
202,29.767148,-95.505627,48201,zip_centroid,17,6
203,29.770918,-95.698677,48201,zip_centroid,15,2
204,29.777978,-95.603102,48201,zip_centroid,23,3
205,29.785743,-95.388806,48201,city_centroid,3,3
206,29.796897,-95.49271,48201,zip_centroid,1,1
207,29.798249,-95.416933,48201,zip_centroid,1,1
208,29.800187,-95.328888,48201,zip_centroid,10,4
209,29.809263,-90.138308,22051,zip_centroid,8,2
210,29.811924,-94.963306,48201,zip_centroid,17,2
211,29.853067,-95.435966,48201,zip_centroid,1,1
212,29.92393,-90.102484,22071,zip_centroid,10,3
213,29.944708,-90.125674,22071,zip_centroid,3,1
214,29.949989,-90.205559,22051,zip_centroid,1,1
215,29.95609,-90.07735,22071,zip_centroid,50,17
216,29.961736,-90.159183,22051,zip_centroid,45,11
217,29.975395,-92.127157,22113,city_centroid_large_zip,3,1
218,29.979455,-95.573317,48201,zip_centroid,15,3
219,29.985844,-95.465176,48201,zip_centroid,1,1
220,29.991995,-95.177268,48201,zip_centroid,1,1
221,29.995758,-95.665088,48201,zip_centroid,10,1
222,30.008505,-90.064718,22071,zip_centroid,1,1
223,30.009005,-95.439611,48201,zip_centroid,9,3
224,30.010189,-90.162617,22051,zip_centroid,10,2
225,30.014032,-90.191345,22051,zip_centroid,19,7
226,30.014356,-95.282995,48201,zip_centroid,4,2
227,30.026672,-90.25345,22051,zip_centroid,1,1
228,30.046777,-95.221022,48201,zip_centroid,12,5
229,30.086285,-94.128289,48245,zip_centroid,8,2
230,30.095584,-81.710162,12019,zip_centroid,3,3
231,30.123469,-95.517064,48201,zip_centroid,2,1
232,30.136972,-95.46836,48339,zip_centroid,37,15
233,30.140712,-81.551712,12031,zip_centroid,2,2
234,30.155238,-92.028225,22055,zip_centroid,5,3
235,30.171005,-92.054782,22055,zip_centroid,1,1
236,30.175327,-81.471951,12031,zip_centroid,24,8
237,30.177126,-95.502489,48339,zip_centroid,1,1
238,30.186682,-95.429005,48339,zip_centroid,14,1
239,30.188638,-82.642246,12023,city_centroid_large_zip,1,1
240,30.199378,-85.668605,12005,zip_centroid,1,1
241,30.207424,-97.798244,48453,zip_centroid,29,18
242,30.226092,-90.92498,22005,zip_centroid,2,1
243,30.233846,-95.49577,48339,zip_centroid,24,7
244,30.243032,-97.765081,48453,zip_centroid,12,7
245,30.269971,-81.460939,12031,zip_centroid,206,27
246,30.270569,-97.742589,48453,zip_centroid,4,3
247,30.280494,-81.412041,12031,zip_centroid,1,1
248,30.283916,-97.732937,48453,zip_centroid,7,5
249,30.289637,-81.640966,12031,zip_centroid,27,9
250,30.291786,-98.870915,48171,zip_centroid,4,3
251,30.294713,-97.738978,48453,zip_centroid,37,20
252,30.304238,-97.68575,48453,zip_centroid,3,1
253,30.317018,-81.680832,12031,zip_centroid,4,4
254,30.317386,-81.409066,12031,zip_centroid,1,1
255,30.336864,-81.661603,12031,city_centroid,1,1
256,30.348244,-97.768139,48453,zip_centroid,29,16
257,30.351115,-81.63801,12031,zip_centroid,3,2
258,30.361015,-81.696254,12031,zip_centroid,5,4
259,30.375109,-90.980419,22033,zip_centroid,5,4
260,30.377952,-95.37714,48339,zip_centroid,1,1
261,30.381175,-87.72965,01003,zip_centroid,1,1
262,30.387191,-89.099244,28047,zip_centroid,1,1
263,30.387574,-91.083564,22033,zip_centroid,2,1
264,30.387697,-97.706655,48453,zip_centroid,45,17
265,30.394049,-91.07058,22033,zip_centroid,33,5
266,30.402705,-97.760938,48453,zip_centroid,5,2
267,30.404146,-91.139137,22033,zip_centroid,30,8
268,30.410008,-91.174013,22033,zip_centroid,1,1
269,30.419487,-89.069022,28047,city_centroid,4,1
270,30.426892,-91.027834,22033,zip_centroid,4,2
271,30.459667,-87.213643,12033,zip_centroid,2,2
272,30.462717,-90.140504,22103,zip_centroid,20,9
273,30.473121,-87.186316,12033,zip_centroid,11,6
274,30.480713,-87.861307,01003,zip_centroid,8,1
275,30.480911,-84.219746,12073,zip_centroid,6,4
276,30.485555,-90.487688,22105,zip_centroid,2,2
277,30.486755,-95.990321,48185,city_centroid,1,1
278,30.487842,-81.667693,12031,zip_centroid,2,2
279,30.488923,-91.158261,22033,zip_centroid,21,3
280,30.507079,-97.819464,48491,zip_centroid,2,2
281,30.541758,-97.716638,48491,zip_centroid,2,2
282,30.548874,-97.636201,48491,zip_centroid,5,3
283,30.5611,-96.275139,48041,zip_centroid,1,1
284,30.611145,-87.864746,01003,zip_centroid,15,6
285,30.62577,-88.149686,01097,zip_centroid,1,1
286,30.668246,-88.107853,01097,city_centroid,1,1
287,30.668786,-88.105874,01097,zip_centroid,1,1
288,30.681503,-88.300213,01097,zip_centroid,1,1
289,30.682299,-88.068365,01097,zip_centroid,13,7
290,30.695541,-88.187867,01097,zip_centroid,4,1
291,30.69907,-88.105512,01097,zip_centroid,14,3
292,30.839422,-83.978781,13275,city_centroid_large_zip,4,3
293,30.854573,-88.109844,01097,zip_centroid,5,1
294,30.86816,-83.34235,13185,zip_centroid,4,2
295,31.104022,-97.412045,48027,zip_centroid,1,1
296,31.104936,-97.388512,48027,city_centroid,21,7
297,31.264692,-85.388814,01069,zip_centroid,4,3
298,31.274156,-92.467107,22079,zip_centroid,3,2
299,31.307305,-89.317434,28035,city_centroid_large_zip,18,5
300,31.462099,-83.520499,13277,city_centroid_large_zip,1,1
301,31.526506,-97.260888,48309,zip_centroid,7,5
302,31.539723,-97.195009,48309,zip_centroid,1,1
303,31.557994,-97.18975,48309,city_centroid,1,1
304,31.573054,-84.154783,13095,zip_centroid,9,1
305,31.746041,-106.371426,48141,zip_centroid,9,3
306,31.754512,-95.646953,48001,city_centroid_large_zip,9,3
307,31.766054,-106.426202,48141,zip_centroid,2,1
308,31.784855,-106.496881,48141,zip_centroid,12,6
309,31.836598,-81.616774,13179,zip_centroid,1,1
310,31.845514,-106.019659,48141,zip_centroid,3,1
311,31.846889,-106.36942,48141,zip_centroid,1,1
312,31.848583,-106.534316,48141,zip_centroid,2,1
313,31.855583,-102.348437,48135,zip_centroid,7,3
314,31.992446,-102.080985,48329,zip_centroid,3,1
315,32.039385,-81.179169,13051,zip_centroid,26,13
316,32.05075,-81.052961,13051,zip_centroid,8,3
317,32.144525,-81.616915,13029,city_centroid_large_zip,1,1
318,32.153036,-110.870773,04019,city_centroid,1,1
319,32.181859,-110.96499,04019,zip_centroid,2,2
320,32.215025,-110.883461,04019,zip_centroid,6,5
321,32.217824,-80.894994,45013,zip_centroid,14,7
322,32.231069,-110.949568,04019,zip_centroid,1,1
323,32.237257,-80.734276,45013,zip_centroid,10,4
324,32.240787,-110.945605,04019,zip_centroid,22,5
325,32.246222,-110.948769,04019,zip_centroid,71,11
326,32.24671,-110.836157,04019,zip_centroid,6,5
327,32.311054,-90.16979,28049,zip_centroid,3,3
328,32.313135,-110.921964,04019,zip_centroid,2,1
329,32.317597,-80.682213,45013,zip_centroid,1,1
330,32.322885,-95.296265,48423,zip_centroid,13,7
331,32.326444,-106.789695,35013,city_centroid_large_zip,6,2
332,32.335241,-90.161417,28049,zip_centroid,28,7
333,32.335292,-111.041758,04019,zip_centroid,1,1
334,32.336992,-80.848074,45013,zip_centroid,1,1
335,32.33942,-110.984997,04019,zip_centroid,5,3
336,32.362767,-99.817334,48441,zip_centroid,14,6
337,32.363991,-95.311744,48423,zip_centroid,58,15
338,32.384654,-93.736285,22017,zip_centroid,5,1
339,32.386275,-111.055323,04019,zip_centroid,1,1
340,32.393679,-93.804064,22017,zip_centroid,1,1
341,32.394736,-90.22496,28049,zip_centroid,1,1
342,32.413219,-95.208673,48423,zip_centroid,5,5
343,32.437726,-81.775637,13031,city_centroid_large_zip,1,1
344,32.454514,-99.738147,48441,city_centroid_large_zip,8,5
345,32.455146,-93.709919,22017,zip_centroid,5,2
346,32.466879,-93.792193,22017,city_centroid,1,1
347,32.468351,-110.981507,04019,zip_centroid,1,1
348,32.491546,-93.771694,22017,zip_centroid,37,14
349,32.508595,-94.724189,48183,zip_centroid,10,4
350,32.518986,-92.07718,22073,city_centroid_large_zip,5,2
351,32.532677,-97.306547,48251,zip_centroid,2,2
352,32.554339,-85.009468,13215,zip_centroid,4,2
353,32.586171,-83.655082,13153,zip_centroid,2,2
354,32.662513,-97.164024,48439,zip_centroid,5,3
355,32.664916,-96.872401,48113,zip_centroid,33,7
356,32.666747,-96.758878,48113,zip_centroid,1,1
357,32.668196,-97.41591,48439,zip_centroid,2,2
358,32.692105,-97.086517,48439,zip_centroid,4,3
359,32.711324,-96.781215,48113,zip_centroid,2,2
360,32.717807,-117.172086,06073,zip_centroid,5,2
361,32.725055,-117.145415,06073,zip_centroid,2,1
362,32.728391,-97.317852,48439,zip_centroid,106,38
363,32.744319,-96.801867,48113,zip_centroid,6,4
364,32.747816,-117.167332,06073,zip_centroid,30,11
365,32.752204,-97.78927,48367,zip_centroid,1,1
366,32.75319,-97.771944,48439,city_centroid,1,1
367,32.75513,-97.139242,48439,zip_centroid,7,5
368,32.773983,-117.142706,06073,zip_centroid,6,4
369,32.77718,-79.932,45019,zip_centroid,14,7
370,32.78527,-79.948392,45019,zip_centroid,112,16
371,32.792496,-96.772763,48113,zip_centroid,99,34
372,32.793333,-96.766513,48113,city_centroid,5,5
373,32.793994,-117.073796,06073,zip_centroid,15,2
374,32.79893,-79.997803,45019,zip_centroid,2,2
375,32.803349,-79.945734,45019,zip_centroid,1,1
376,32.806321,-83.61786,13021,zip_centroid,4,3
377,32.809615,-117.134201,06073,zip_centroid,22,13
378,32.813992,-96.842808,48113,zip_centroid,177,33
379,32.819473,-79.857027,45019,zip_centroid,1,1
380,32.828017,-79.972896,45019,city_centroid,2,2
381,32.830632,-97.145045,48439,zip_centroid,9,6
382,32.832614,-96.849082,48113,zip_centroid,65,23
383,32.842866,-80.104559,45019,zip_centroid,2,2
384,32.854642,-117.251772,06073,zip_centroid,77,38
385,32.857748,-96.970022,48113,city_centroid,1,1
386,32.873494,-96.747555,48113,zip_centroid,20,12
387,32.874072,-117.231563,06073,zip_centroid,1,1
388,32.882118,-117.237083,06073,zip_centroid,134,23
389,32.884959,-96.937297,48113,zip_centroid,74,12
390,32.897123,-117.201647,06073,zip_centroid,6,2
391,32.902679,-96.793393,48113,zip_centroid,45,20
392,32.907633,-83.735052,13021,zip_centroid,5,3
393,32.90891,-116.891972,06073,zip_centroid,1,1
394,32.910627,-97.000481,48113,zip_centroid,18,12
395,32.914495,-96.674995,48113,zip_centroid,1,1
396,32.919435,-96.77478,48113,zip_centroid,14,7
397,32.925367,-96.836334,48113,zip_centroid,2,1
398,32.937235,-80.035457,45019,zip_centroid,6,6
399,32.942026,-97.07993,48439,zip_centroid,8,2
400,32.976063,-96.74208,48113,zip_centroid,32,4
401,32.994599,-96.666758,48085,zip_centroid,1,1
402,33.018765,-117.124098,06073,zip_centroid,6,2
403,33.021268,-96.741558,48085,zip_centroid,8,5
404,33.032998,-97.064618,48121,zip_centroid,10,2
405,33.034224,-96.811608,48085,zip_centroid,5,2
406,33.056868,-117.257577,06073,zip_centroid,16,7
407,33.075699,-96.908088,48121,zip_centroid,5,2
408,33.080612,-94.297274,48067,county_centroid_city_disagrees,1,1
409,33.114327,-96.693964,48085,zip_centroid,5,1
410,33.117065,-117.180807,06073,zip_centroid,15,2
411,33.149467,-97.096016,48121,zip_centroid,1,1
412,33.164549,-117.24055,06073,zip_centroid,7,3
413,33.175303,-117.157621,06073,zip_centroid,2,2
414,33.179127,-87.615273,01125,zip_centroid,1,1
415,33.199582,-117.298764,06073,zip_centroid,4,2
416,33.213827,-87.547643,01125,zip_centroid,1,1
417,33.220974,-97.146038,48121,zip_centroid,9,4
418,33.221352,-86.787652,01117,zip_centroid,1,1
419,33.245816,-96.63072,48085,zip_centroid,4,1
420,33.248065,-111.489238,04021,zip_centroid,4,2
421,33.280561,-111.7333,04013,zip_centroid,7,3
422,33.310345,-111.743121,04013,city_centroid,1,1
423,33.317828,-111.830541,04013,zip_centroid,2,2
424,33.320607,-111.630757,04013,zip_centroid,1,1
425,33.323511,-111.876159,04013,zip_centroid,28,12
426,33.331782,-86.959067,01073,zip_centroid,1,1
427,33.338285,-111.933906,04013,zip_centroid,1,1
428,33.365502,-111.73966,04013,zip_centroid,60,12
429,33.372975,-112.410829,04013,zip_centroid,38,18
430,33.379757,-111.875018,04013,zip_centroid,8,3
431,33.381097,-79.329766,45043,zip_centroid,7,1
432,33.397432,-111.7165,04013,zip_centroid,7,3
433,33.398798,-86.841794,01073,zip_centroid,1,1
434,33.411494,-82.149106,13245,zip_centroid,1,1
435,33.418686,-84.713164,13077,zip_centroid,37,13
436,33.42744,-111.934004,04013,zip_centroid,1,1
437,33.437213,-81.956156,13245,zip_centroid,2,1
438,33.441015,-86.741519,01073,zip_centroid,6,4
439,33.451609,-112.06988,04013,zip_centroid,31,6
440,33.456481,-86.868488,01073,zip_centroid,3,2
441,33.465234,-112.048771,04013,zip_centroid,11,8
442,33.465306,-86.811022,01073,zip_centroid,10,4
443,33.4702,-81.987917,13245,zip_centroid,41,11
444,33.470481,-82.083045,13245,zip_centroid,2,1
445,33.485001,-112.405856,04013,zip_centroid,6,2
446,33.490464,-84.485997,13113,zip_centroid,2,1
447,33.491488,-86.73447,01073,zip_centroid,2,2
448,33.494489,-111.920714,04013,zip_centroid,4,4
449,33.495139,-86.808245,01073,zip_centroid,4,2
450,33.506573,-86.80316,01073,zip_centroid,18,13
451,33.507577,-112.070981,04013,zip_centroid,1,1
452,33.509151,-86.801398,01073,zip_centroid,68,27
453,33.510166,-112.031684,04013,zip_centroid,12,7
454,33.511112,-112.084731,04013,zip_centroid,9,3
455,33.527174,-86.797036,01073,city_centroid,73,21
456,33.556897,-84.195159,13151,zip_centroid,2,1
457,33.557918,-111.892948,04013,zip_centroid,51,17
458,33.561901,-101.888883,48303,city_centroid,5,4
459,33.570071,-101.891011,48303,zip_centroid,14,7
460,33.572154,-112.090132,04013,city_centroid,2,1
461,33.573214,-117.191007,06065,city_centroid,7,6
462,33.580016,-117.14736,06065,zip_centroid,2,1
463,33.581606,-112.008136,04013,zip_centroid,8,3
464,33.587945,-88.441102,28087,zip_centroid,25,1
465,33.594012,-117.700734,06059,zip_centroid,10,6
466,33.594547,-112.179512,04013,zip_centroid,7,3
467,33.597332,-117.890352,06059,city_centroid,6,3
468,33.601041,-111.809497,04013,zip_centroid,53,8
469,33.604131,-96.550405,48181,zip_centroid,2,2
470,33.605791,-112.28406,04013,zip_centroid,3,2
471,33.608066,-111.889177,04013,zip_centroid,7,3
472,33.609138,-112.230287,04013,zip_centroid,1,1
473,33.615287,-86.645447,01073,zip_centroid,1,1
474,33.61873,-117.6108,06059,zip_centroid,1,1
475,33.623562,-112.175283,04013,zip_centroid,6,2
476,33.625204,-117.928767,06059,zip_centroid,64,17
477,33.62592,-112.002503,04013,zip_centroid,1,1
478,33.634626,-117.874882,06059,zip_centroid,9,4
479,33.641973,-117.841046,06059,zip_centroid,1,1
480,33.644893,-112.395034,04013,zip_centroid,1,1
481,33.648112,-117.921203,06059,zip_centroid,5,1
482,33.649727,-117.849085,06059,zip_centroid,11,4
483,33.660018,-117.824428,06059,zip_centroid,74,14
484,33.667307,-117.73358,06059,zip_centroid,114,29
485,33.668929,-95.546616,48277,city_centroid_large_zip,4,1
486,33.677473,-112.10228,04013,zip_centroid,1,1
487,33.678399,-117.771254,06059,city_centroid,1,1
488,33.679045,-118.013011,06059,zip_centroid,12,5
489,33.681025,-111.944882,04013,zip_centroid,126,24
490,33.690689,-117.789137,06059,zip_centroid,2,1
491,33.697638,-78.906484,45051,zip_centroid,1,1
492,33.700795,-101.896988,48303,zip_centroid,5,2
493,33.71039,-78.886024,45051,city_centroid,1,1
494,33.710582,-117.951129,06059,zip_centroid,27,19
495,33.752845,-84.390226,13121,zip_centroid,34,6
496,33.761689,-89.799115,28043,zip_centroid,27,1
497,33.762909,-84.422675,13121,city_centroid,1,1
498,33.763838,-116.430388,06065,zip_centroid,13,3
499,33.766007,-117.786763,06059,zip_centroid,1,1
500,33.76636,-78.913478,45051,zip_centroid,1,1
501,33.769526,-78.792285,45051,zip_centroid,49,16
502,33.770959,-84.377736,13121,zip_centroid,96,10
503,33.772722,-96.606962,48181,zip_centroid,10,3
504,33.778436,-118.118648,06037,zip_centroid,9,5
505,33.782259,-118.196793,06037,zip_centroid,19,5
506,33.786971,-117.861265,06059,city_centroid,2,2
507,33.787967,-117.876343,06059,zip_centroid,182,37
508,33.78814,-84.352625,13121,zip_centroid,1,1
509,33.79266,-84.44801,13121,zip_centroid,30,15
510,33.794605,-84.325247,13089,zip_centroid,300,41
511,33.795012,-118.062692,06059,zip_centroid,32,15
512,33.798905,-118.300239,06037,zip_centroid,15,2
513,33.799274,-117.076969,06065,county_centroid_city_disagrees,1,1
514,33.799851,-84.385837,13121,zip_centroid,10,4
515,33.807882,-118.347957,06037,zip_centroid,38,14
516,33.80887,-118.178486,06037,zip_centroid,13,7
517,33.813689,-84.284377,13089,zip_centroid,23,4
518,33.827245,-84.322148,13089,zip_centroid,7,5
519,33.830053,-117.905683,06059,zip_centroid,8,8
520,33.830453,-118.356618,06037,city_centroid,1,1
521,33.83288,-84.628055,13067,zip_centroid,1,1
522,33.833181,-118.292062,06037,zip_centroid,3,3
523,33.83796,-117.870494,06059,zip_centroid,16,2
524,33.839463,-118.353699,06037,zip_centroid,16,5
525,33.844983,-117.952151,06059,zip_centroid,9,4
526,33.849034,-118.147902,06037,zip_centroid,1,1
527,33.854097,-84.216155,13089,zip_centroid,1,1
528,33.862874,-117.600092,06065,zip_centroid,11,3
529,33.862959,-116.556682,06065,zip_centroid,4,1
530,33.864617,-118.180567,06037,zip_centroid,4,3
531,33.867745,-118.069471,06037,zip_centroid,11,6
532,33.874224,-117.993368,06059,zip_centroid,3,1
533,33.875954,-84.334763,13089,zip_centroid,1,1
534,33.882614,-117.528205,06065,zip_centroid,1,1
535,33.88435,-84.374964,13121,zip_centroid,79,10
536,33.887821,-118.12725,06037,zip_centroid,19,3
537,33.888505,-84.289532,13089,zip_centroid,1,1
538,33.888722,-83.963687,13135,zip_centroid,1,1
539,33.895411,-117.800829,06059,zip_centroid,4,1
540,33.896337,-117.277065,06065,zip_centroid,1,1
541,33.900573,-117.914667,06059,zip_centroid,42,17
542,33.906654,-98.525848,48485,city_centroid_large_zip,5,1
543,33.917145,-118.401554,06037,zip_centroid,3,2
544,33.920062,-84.5431,13067,zip_centroid,22,9
545,33.921793,-118.140588,06037,zip_centroid,2,1
546,33.926666,-117.492804,06065,zip_centroid,19,4
547,33.927469,-118.248796,06037,zip_centroid,2,2
548,33.933259,-84.386656,13121,zip_centroid,2,1
549,33.933565,-118.062611,06037,zip_centroid,1,1
550,33.940582,-118.129472,06037,zip_centroid,2,2
551,33.942387,-118.416062,06037,zip_centroid,1,1
552,33.944866,-117.992338,06037,zip_centroid,2,1
553,33.947305,-118.439841,06037,zip_centroid,1,1
554,33.949702,-83.993451,13135,zip_centroid,9,1
555,33.974242,-118.02233,06037,zip_centroid,9,8
556,33.974302,-84.145384,13135,zip_centroid,9,1
557,33.976078,-118.452066,06037,zip_centroid,4,2
558,33.979248,-118.217438,06037,zip_centroid,1,1
559,33.996523,-117.374179,06065,zip_centroid,2,2
560,33.997503,-81.097406,45063,zip_centroid,8,2
561,33.999721,-78.311045,37019,zip_centroid,2,1
562,34.011947,-117.159702,06071,zip_centroid,5,2
563,34.017305,-83.447551,13059,zip_centroid,31,9
564,34.019394,-118.410825,06037,city_centroid,3,3
565,34.021543,-118.285574,06037,zip_centroid,19,9
566,34.026335,-84.145677,13121,zip_centroid,15,1
567,34.026649,-118.473835,06037,zip_centroid,110,48
568,34.028165,-118.284829,06037,zip_centroid,7,3
569,34.030578,-118.399613,06037,zip_centroid,16,3
570,34.030755,-118.492101,06037,zip_centroid,19,7
571,34.035309,-118.426486,06037,zip_centroid,5,3
572,34.035602,-117.591528,06071,zip_centroid,15,2
573,34.039309,-118.266255,06037,zip_centroid,1,1
574,34.043287,-117.246647,06071,city_centroid,3,1
575,34.045421,-118.445873,06037,zip_centroid,58,23
576,34.05038,-118.211991,06037,zip_centroid,139,26
577,34.050788,-117.250153,06071,zip_centroid,20,6
578,34.05294,-117.261599,06071,zip_centroid,2,1
579,34.053098,-118.264505,06037,zip_centroid,20,10
580,34.056437,-118.41369,06037,zip_centroid,41,11
581,34.05733,-118.459534,06037,zip_centroid,10,4
582,34.06216,-118.401882,06037,zip_centroid,18,10
583,34.064956,-118.382981,06037,zip_centroid,59,16
584,34.065645,-118.435284,06037,zip_centroid,15,10
585,34.066382,-118.309831,06037,zip_centroid,13,3
586,34.066964,-117.937007,06037,zip_centroid,1,1
587,34.067886,-118.24599,06037,county_centroid_city_disagrees,1,1
588,34.071183,-118.443404,06037,zip_centroid,168,60
589,34.072877,-118.372655,06037,zip_centroid,119,23
590,34.076219,-118.310963,06037,zip_centroid,1,1
591,34.083086,-117.737997,06037,zip_centroid,1,1
592,34.087333,-117.465158,06071,zip_centroid,14,2
593,34.088952,-118.094468,06037,zip_centroid,1,2
594,34.08905,-84.217019,13121,zip_centroid,1,1
595,34.090924,-118.127761,06037,zip_centroid,4,3
596,34.093953,-118.381531,06037,zip_centroid,8,4
597,34.09741,-117.968269,06037,zip_centroid,13,2
598,34.100517,-118.41463,06037,zip_centroid,2,2
599,34.100612,-81.040698,45079,zip_centroid,3,1
600,34.10525,-117.66207,06071,zip_centroid,28,6
601,34.108957,-118.156615,06037,zip_centroid,24,6
602,34.127603,-118.296381,06037,zip_centroid,40,11
603,34.128284,-118.047732,06037,zip_centroid,3,3
604,34.130066,-79.688893,45041,zip_centroid,1,1
605,34.135159,-118.026685,06037,zip_centroid,1,1
606,34.135557,-118.26094,06037,zip_centroid,15,9
607,34.137283,-118.882044,06111,zip_centroid,3,1
608,34.13946,-118.166649,06037,zip_centroid,21,11
609,34.141012,-117.958661,06037,zip_centroid,359,36
610,34.145635,-84.291881,13121,zip_centroid,1,1
611,34.149588,-118.489708,06037,zip_centroid,4,3
612,34.153338,-118.262974,06037,zip_centroid,6,3
613,34.154999,-118.547559,06037,zip_centroid,15,2
614,34.158542,-118.516597,06037,zip_centroid,2,2
615,34.160359,-118.213769,06037,zip_centroid,9,9
616,34.160967,-117.950447,06037,city_centroid,1,1
617,34.163363,-117.834121,06037,zip_centroid,1,1
618,34.175833,-118.347536,06037,zip_centroid,30,8
619,34.177311,-118.615704,06037,zip_centroid,15,2
620,34.178923,-79.792217,45041,city_centroid_large_zip,3,1
621,34.195397,-82.153665,45047,city_centroid_large_zip,5,1
622,34.196222,-84.096676,13117,zip_centroid,1,1
623,34.200485,-118.664852,06037,zip_centroid,1,1
624,34.202494,-118.448048,06037,zip_centroid,3,3
625,34.205097,-119.17532,06111,zip_centroid,6,5
626,34.211591,-92.017555,05069,city_centroid_large_zip,1,1
627,34.213305,-118.874135,06111,zip_centroid,1,1
628,34.215519,-84.402426,13057,zip_centroid,1,1
629,34.221692,-77.880633,37129,zip_centroid,1,1
630,34.222506,-118.444689,06037,zip_centroid,19,4
631,34.222629,-88.774588,28081,zip_centroid,3,1
632,34.227791,-118.644607,06037,zip_centroid,1,1
633,34.262388,-118.772219,06111,zip_centroid,1,1
634,34.281775,-118.555697,06037,zip_centroid,4,2
635,34.283668,-119.223196,06111,zip_centroid,3,2
636,34.291985,-77.972365,37129,zip_centroid,6,4
637,34.319037,-83.814399,13139,zip_centroid,6,1
638,34.351262,-89.536981,28071,city_centroid_large_zip,30,3
639,34.40185,-118.570014,06037,zip_centroid,4,4
640,34.403592,-119.713714,06083,city_centroid_large_zip,25,8
641,34.419259,-119.708049,06083,zip_centroid,3,1
642,34.448974,-119.605427,06083,zip_centroid,1,1
643,34.452725,-85.817465,01049,county_centroid_city_disagrees,1,1
644,34.486088,-88.996739,28145,zip_centroid,27,1
645,34.489442,-93.050254,05051,city_centroid_large_zip,9,4
646,34.506294,-82.603598,45007,zip_centroid,4,1
647,34.572847,-98.487889,40031,zip_centroid,23,1
648,34.598081,-112.420156,04025,zip_centroid,1,1
649,34.606422,-120.135431,06083,zip_centroid,6,5
650,34.606423,-92.493912,05125,zip_centroid,1,1
651,34.687626,-81.601568,45087,zip_centroid,13,1
652,34.707121,-86.621685,01089,zip_centroid,10,3
653,34.717572,-92.358332,05119,zip_centroid,1,1
654,34.71766,-118.15232,06037,zip_centroid,17,2
655,34.724611,-86.565541,01089,zip_centroid,2,1
656,34.72973,-77.393661,37133,city_centroid_large_zip,22,1
657,34.733645,-85.000824,13313,zip_centroid,3,2
658,34.73813,-92.247251,05119,zip_centroid,3,1
659,34.745312,-80.743312,45057,zip_centroid,2,2
660,34.746283,-92.417157,05119,zip_centroid,11,4
661,34.749493,-92.35144,05119,zip_centroid,73,12
662,34.751685,-82.932051,45073,zip_centroid,29,1
663,34.778047,-82.380192,45045,zip_centroid,55,17
664,34.780634,-92.140428,05119,zip_centroid,2,2
665,34.809603,-82.328865,45045,zip_centroid,22,9
666,34.847311,-82.402121,45045,zip_centroid,8,1
667,34.856825,-82.296139,45045,zip_centroid,32,3
668,34.87771,-82.575421,45077,zip_centroid,26,1
669,34.897991,-82.258012,45045,zip_centroid,30,2
670,34.900157,-77.542825,37133,city_centroid_large_zip,1,1
671,34.902401,-85.134056,13047,zip_centroid,4,1
672,34.933929,-89.81628,28033,zip_centroid,2,1
673,34.938216,-81.019177,45091,city_centroid_large_zip,3,1
674,34.96626,-89.998152,28033,zip_centroid,34,2
675,34.970716,-81.081364,45091,zip_centroid,11,3
676,34.981159,-77.927059,37061,zip_centroid,1,1
677,34.982716,-81.831555,45083,zip_centroid,2,2
678,34.995296,-81.968368,45083,zip_centroid,23,8
679,35.001591,-80.561277,37179,city_centroid_large_zip,14,3
680,35.00513,-78.334419,37163,zip_centroid,22,1
681,35.007139,-106.60982,35001,zip_centroid,48,4
682,35.02383,-82.279564,45045,zip_centroid,14,1
683,35.025528,-78.989604,37051,zip_centroid,2,2
684,35.027473,-85.153604,47065,zip_centroid,3,1
685,35.028234,-85.273258,47065,zip_centroid,29,15
686,35.035913,-120.502562,06079,zip_centroid,19,1
687,35.043045,-81.975107,45083,zip_centroid,29,1
688,35.048259,-85.294362,47065,zip_centroid,16,9
689,35.049856,-80.818019,37119,zip_centroid,14,4
690,35.053787,-92.47871,05045,zip_centroid,1,1
691,35.057978,-80.697771,37179,zip_centroid,7,2
692,35.066953,-89.654078,47157,zip_centroid,31,2
693,35.079511,-89.845385,47157,zip_centroid,1,1
694,35.082357,-106.646768,35001,zip_centroid,13,5
695,35.084802,-89.799278,47157,zip_centroid,48,20
696,35.089613,-114.560868,04015,zip_centroid,5,4
697,35.096688,-77.072641,37031,city_centroid,3,1
698,35.104016,-84.920828,47011,zip_centroid,3,2
699,35.10478,-106.646809,35001,city_centroid,21,7
700,35.108194,-106.578147,35001,zip_centroid,13,5
701,35.109164,-89.968511,47157,city_centroid,3,3
702,35.119654,-81.712593,45021,zip_centroid,14,1
703,35.119788,-80.709693,37119,zip_centroid,8,2
704,35.123633,-89.852645,47157,zip_centroid,57,11
705,35.124149,-120.584533,06079,city_centroid_large_zip,25,2
706,35.127371,-114.55599,04015,city_centroid,1,1
707,35.130509,-80.856685,37119,zip_centroid,13,3
708,35.132559,-90.004289,47157,zip_centroid,2,2
709,35.151419,-90.035468,47157,zip_centroid,8,5
710,35.151667,-106.574947,35001,zip_centroid,17,8
711,35.153069,-90.056536,47157,zip_centroid,2,2
712,35.166342,-80.797285,37119,zip_centroid,9,2
713,35.178714,-80.853985,37119,zip_centroid,1,1
714,35.18928,-79.459071,37125,zip_centroid,41,9
715,35.194148,-80.824585,37119,zip_centroid,7,5
716,35.198064,-101.833107,48375,city_centroid,10,5
717,35.203051,-101.891662,48375,zip_centroid,8,2
718,35.209045,-80.83099,37119,city_centroid,2,2
719,35.209006,-80.857571,37119,zip_centroid,35,6
720,35.212941,-89.794711,47157,zip_centroid,2,2
721,35.2146,-80.826754,37119,zip_centroid,102,29
722,35.216992,-114.010529,04015,city_centroid_large_zip,19,1
723,35.224574,-89.926689,47157,zip_centroid,1,1
724,35.235871,-120.615914,06079,zip_centroid,24,3
725,35.239084,-77.527194,37107,zip_centroid,3,1
726,35.259324,-102.047444,48375,zip_centroid,1,1
727,35.261363,-81.15015,37071,zip_centroid,15,4
728,35.26992,-106.795643,35043,zip_centroid,13,4
729,35.273689,-81.150823,37071,county_centroid_city_disagrees,7,1
730,35.273876,-82.528602,37089,zip_centroid,1,1
731,35.290405,-81.545645,37045,city_centroid_large_zip,7,2
732,35.292024,-89.702221,47157,zip_centroid,1,1
733,35.300465,-120.734843,06079,zip_centroid,1,1
734,35.312387,-81.870315,37161,zip_centroid,7,2
735,35.322061,-80.739972,37119,zip_centroid,14,4
736,35.323353,-82.45584,37089,city_centroid_large_zip,3,2
737,35.338552,-80.208179,37167,zip_centroid,2,1
738,35.343046,-119.06504,06029,zip_centroid,7,5
739,35.354958,-94.360725,05131,zip_centroid,21,2
740,35.356985,-82.506995,37089,zip_centroid,12,1
741,35.369273,-77.886872,37191,zip_centroid,23,2
742,35.384336,-119.020562,06029,zip_centroid,16,5
743,35.392094,-80.63551,37025,city_centroid_large_zip,21,5
744,35.404779,-80.866541,37119,zip_centroid,36,16
745,35.432796,-97.524518,40109,zip_centroid,3,2
746,35.465349,-120.689439,06079,zip_centroid,3,1
747,35.470652,-97.51909,40109,zip_centroid,5,4
748,35.474862,-97.462502,40109,zip_centroid,6,5
749,35.475123,-97.5038,40109,zip_centroid,165,30
750,35.483239,-81.253054,37109,zip_centroid,5,2
751,35.501473,-86.451662,47003,city_centroid_large_zip,6,2
752,35.531703,-82.523021,37021,zip_centroid,2,1
753,35.532451,-77.282787,37147,zip_centroid,3,1
754,35.542716,-120.733796,06079,zip_centroid,1,1
755,35.569645,-82.616787,37021,zip_centroid,6,3
756,35.570972,-82.552725,37021,city_centroid,1,1
757,35.574965,-80.894155,37097,zip_centroid,9,1
758,35.580432,-77.025019,37013,zip_centroid,1,1
759,35.581316,-97.573674,40109,zip_centroid,31,5
760,35.594539,-82.557972,37021,zip_centroid,3,1
761,35.596431,-77.375256,37147,city_centroid_large_zip,29,7
762,35.609765,-97.646818,40109,zip_centroid,5,2
763,35.613854,-82.479705,37021,zip_centroid,1,1
764,35.619797,-105.866983,35049,zip_centroid,13,5
765,35.633768,-82.930786,37087,zip_centroid,2,1
766,35.638515,-78.580881,37183,zip_centroid,3,1
767,35.673522,-81.382627,37035,zip_centroid,2,2
768,35.693766,-77.904137,37195,zip_centroid,14,6
769,35.713768,-79.813253,37151,city_centroid_large_zip,6,1
770,35.715746,-80.458946,37159,zip_centroid,10,6
771,35.731139,-78.773206,37183,zip_centroid,21,5
772,35.738099,-80.926089,37097,zip_centroid,3,1
773,35.741533,-82.51564,37021,zip_centroid,2,1
774,35.7444,-78.546278,37183,zip_centroid,5,2
775,35.750492,-80.700075,37159,zip_centroid,1,1
776,35.785493,-80.872962,37097,city_centroid_large_zip,4,2
777,35.791004,-77.976382,37195,zip_centroid,1,1
778,35.791709,-83.987225,47009,zip_centroid,1,1
779,35.817784,-78.727509,37183,zip_centroid,15,4
780,35.830646,-90.578121,05031,zip_centroid,29,6
781,35.831868,-78.641042,37063,city_centroid,1,1
782,35.842663,-79.032015,37037,zip_centroid,1,1
783,35.843765,-78.633643,37183,zip_centroid,17,3
784,35.850277,-78.703864,37183,zip_centroid,5,4
785,35.8576,-78.827114,37183,zip_centroid,2,2
786,35.86058,-80.099288,37057,zip_centroid,7,2
787,35.869581,-80.889653,37097,zip_centroid,1,1
788,35.883522,-78.935541,37063,zip_centroid,5,2
789,35.904045,-79.052134,37135,zip_centroid,118,24
790,35.906197,-79.154855,37135,zip_centroid,2,2
791,35.907661,-82.065327,37121,zip_centroid,1,1
792,35.911567,-83.857782,47093,zip_centroid,46,9
793,35.912204,-86.768843,47187,zip_centroid,10,8
794,35.917299,-84.198787,47093,zip_centroid,4,2
795,35.928328,-79.041375,37135,city_centroid,1,1
796,35.929834,-86.450822,47149,zip_centroid,6,2
797,35.942448,-119.058349,06107,zip_centroid,1,1
798,35.94593,-78.619494,37183,zip_centroid,4,1
799,35.947161,-84.022715,47093,zip_centroid,17,7
800,35.953078,-83.932588,47093,zip_centroid,7,3
801,35.961286,-78.805228,37063,zip_centroid,1,1
802,35.962828,-86.529684,47149,zip_centroid,5,2
803,35.96313,-80.041667,37081,zip_centroid,3,1
804,35.966483,-84.290549,47001,zip_centroid,2,1
805,35.966563,-79.052136,37135,zip_centroid,57,25
806,35.977928,-78.898109,37063,city_centroid,199,39
807,35.979874,-115.107944,32003,zip_centroid,15,6
808,35.995534,-77.400001,37083,zip_centroid,1,1
809,35.996194,-115.157976,32003,zip_centroid,24,1
810,35.99924,-78.897944,37063,zip_centroid,1,1
811,36.0001,-78.943102,37063,zip_centroid,4,3
812,36.008958,-115.0268,32003,city_centroid,1,1
813,36.013155,-80.377628,37067,zip_centroid,12,2
814,36.019137,-79.5137,37001,zip_centroid,7,2
815,36.025112,-78.982067,37063,zip_centroid,50,16
816,36.034172,-79.484829,37001,zip_centroid,1,1
817,36.03637,-115.081186,32003,zip_centroid,10,8
818,36.048782,-96.016734,40143,zip_centroid,1,1
819,36.055018,-98.588403,40011,city_centroid,1,1
820,36.05823,-80.321496,37067,zip_centroid,36,12
821,36.060204,-115.262325,32003,zip_centroid,9,3
822,36.0624,-95.941457,40143,zip_centroid,2,1
823,36.06332,-87.368842,47043,city_centroid_large_zip,3,1
824,36.063355,-115.296763,32003,zip_centroid,18,3
825,36.064078,-79.825417,37081,zip_centroid,15,6
826,36.067017,-86.723419,47037,zip_centroid,3,2
827,36.081955,-86.834904,47037,zip_centroid,1,1
828,36.08452,-115.146071,32003,zip_centroid,11,1
829,36.090195,-79.086929,37135,zip_centroid,11,4
830,36.095302,-115.37165,32003,zip_centroid,12,1
831,36.097276,-95.923171,40143,zip_centroid,2,1
832,36.099209,-95.855543,40143,zip_centroid,19,6
833,36.102863,-80.260829,37067,city_centroid,80,13
834,36.106676,-86.774575,47037,zip_centroid,12,3
835,36.11085,-80.20043,37067,zip_centroid,1,1
836,36.11236,-115.212148,32003,zip_centroid,9,1
837,36.113187,-86.870443,47037,zip_centroid,9,6
838,36.116121,-80.081865,37067,zip_centroid,9,2
839,36.118051,-94.043538,05143,zip_centroid,30,5
840,36.118615,-79.894851,37081,zip_centroid,6,1
841,36.124089,-115.141811,32003,zip_centroid,43,11
842,36.127949,-95.902316,40143,city_centroid,1,1
843,36.131622,-115.169932,32003,zip_centroid,9,2
844,36.133773,-86.801688,47037,zip_centroid,8,4
845,36.137771,-86.744752,47037,county_centroid,3,3
846,36.141117,-86.802888,47037,zip_centroid,159,25
847,36.142425,-81.176895,37193,city_centroid_large_zip,3,1
848,36.14391,-80.323157,37067,zip_centroid,1,1
849,36.14534,-115.186607,32003,zip_centroid,35,7
850,36.14624,-95.954196,40143,zip_centroid,1,1
851,36.149775,-86.789146,47037,zip_centroid,402,102
852,36.150656,-86.959839,47037,zip_centroid,15,6
853,36.163631,-115.98748,32023,zip_centroid,9,1
854,36.166986,-86.77832,47037,zip_centroid,1,1
855,36.172833,-81.138928,37193,city_centroid_large_zip,5,2
856,36.177489,-115.319431,32003,zip_centroid,13,4
857,36.177546,-86.809518,47037,zip_centroid,3,1
858,36.178378,-86.486539,47189,zip_centroid,6,3
859,36.18126,-94.225296,05143,zip_centroid,54,5
860,36.182066,-115.162487,32003,zip_centroid,26,7
861,36.196784,-115.264406,32003,zip_centroid,13,9
862,36.199381,-86.344634,47189,city_centroid_large_zip,5,1
863,36.226045,-85.533285,47141,zip_centroid,3,1
864,36.232473,-86.777342,47037,zip_centroid,3,2
865,36.288605,-76.268734,37139,zip_centroid,1,1
866,36.299242,-82.383044,47179,zip_centroid,3,1
867,36.299426,-94.140989,05007,zip_centroid,27,5
868,36.318085,-94.152287,05007,city_centroid,1,1
869,36.339969,-86.607922,47165,zip_centroid,3,2
870,36.341488,-79.658824,37157,zip_centroid,7,1
871,36.391777,-119.372842,06107,zip_centroid,1,1
872,36.398757,-86.45554,47165,zip_centroid,4,1
873,36.489814,-80.629214,37171,zip_centroid,8,2
874,36.52686,-82.571968,47163,zip_centroid,4,3
875,36.558549,-82.217001,47163,city_centroid_large_zip,1,1
876,36.562305,-121.805507,06053,zip_centroid,2,2
877,36.592456,-87.782744,47161,zip_centroid,1,1
878,36.610828,-82.169407,51520,zip_centroid,3,1
879,36.647856,-121.630305,06053,zip_centroid,6,1
880,36.670737,-93.2488,29213,zip_centroid,15,1
881,36.725662,-78.128886,51117,city_centroid_large_zip,21,3
882,36.732808,-119.783829,06019,zip_centroid,1,1
883,36.736954,-76.035987,51810,zip_centroid,5,3
884,36.738158,-108.183294,35045,zip_centroid,7,3
885,36.749601,-119.78781,06019,zip_centroid,2,2
886,36.751734,-76.217637,51550,zip_centroid,4,2
887,36.824105,-119.76271,06019,zip_centroid,1,1
888,36.826668,-119.680572,06019,zip_centroid,12,7
889,36.836242,-76.145948,51810,zip_centroid,5,2
890,36.847681,-76.304081,51740,zip_centroid,3,1
891,36.848602,-76.472899,51800,zip_centroid,1,1
892,36.860941,-76.204908,51710,zip_centroid,62,18
893,36.862209,-119.760793,06019,zip_centroid,28,5
894,36.864599,-76.055124,51810,zip_centroid,1,1
895,36.864564,-76.303218,51710,zip_centroid,3,2
896,36.876864,-86.45119,21227,zip_centroid,1,1
897,36.923015,-76.244641,51710,city_centroid,1,1
898,36.931584,-84.10079,21235,city_centroid_large_zip,17,2
899,36.95331,-81.110754,51197,zip_centroid,12,7
900,36.964701,-82.66148,51195,zip_centroid,2,1
901,36.965774,-120.08616,06039,city_centroid_large_zip,3,1
902,36.974385,-122.035268,06087,city_centroid,1,1
903,37.004848,-88.577941,21145,zip_centroid,9,5
904,37.019944,-94.510905,29145,zip_centroid,24,2
905,37.032242,-121.984402,06087,zip_centroid,16,4
906,37.037855,-76.479809,51700,zip_centroid,3,3
907,37.043232,-101.840026,20129,county_centroid_city_disagrees,4,1
908,37.046092,-113.557306,49053,zip_centroid,3,4
909,37.057009,-76.408083,51650,zip_centroid,5,3
910,37.065696,-76.516665,51700,zip_centroid,4,1
911,37.133373,-84.119167,21125,zip_centroid,13,2
912,37.13465,-80.423065,51121,zip_centroid,2,2
913,37.13839,-113.629601,49053,zip_centroid,5,2
914,37.148205,-93.252457,29077,zip_centroid,38,4
915,37.167524,-93.324808,29077,zip_centroid,44,10
916,37.199613,-105.987323,08021,county_centroid_city_disagrees,1,1
917,37.20473,-77.392368,51730,city_centroid_zip_spans_counties,1,1
918,37.20823,-95.756081,20125,zip_centroid,4,1
919,37.210537,-93.35169,29077,zip_centroid,1,1
920,37.22286,-79.915191,51770,zip_centroid,1,1
921,37.22582,-80.426238,51121,zip_centroid,1,1
922,37.226971,-121.788682,06085,zip_centroid,27,3
923,37.239658,-76.701436,51095,zip_centroid,2,2
924,37.248449,-96.963204,20035,zip_centroid,4,1
925,37.256831,-121.922815,06085,zip_centroid,10,1
926,37.260526,-80.416722,51121,zip_centroid,14,8
927,37.263003,-97.411479,20191,zip_centroid,4,1
928,37.264534,-107.874124,08067,city_centroid_large_zip,12,3
929,37.272053,-79.954991,51770,zip_centroid,3,2
930,37.274934,-89.540005,29031,zip_centroid,63,3
931,37.278458,-79.958174,51770,city_centroid_zip_spans_counties,36,13
932,37.285333,-80.055241,51775,city_centroid_large_zip,13,8
933,37.318524,-80.717789,51071,county_centroid_city_disagrees,1,1
934,37.338103,-95.253064,20099,zip_centroid,4,1
935,37.340087,-120.406406,06047,zip_centroid,11,2
936,37.341605,-76.747782,51095,zip_centroid,2,2
937,37.348311,-121.984435,06085,zip_centroid,31,5
938,37.361062,-90.695774,29093,city_centroid,1,1
939,37.371634,-122.023202,06085,zip_centroid,23,5
940,37.380272,-122.085221,06085,zip_centroid,16,6
941,37.393878,-94.710478,20037,zip_centroid,17,2
942,37.39652,-122.143088,06085,city_centroid,4,4
943,37.397253,-122.166979,06085,zip_centroid,110,31
944,37.399016,-79.195458,51680,city_centroid_zip_spans_counties,10,1
945,37.403448,-81.106456,54055,zip_centroid,5,1
946,37.418256,-122.170871,06085,zip_centroid,66,27
947,37.426933,-122.167741,06085,city_centroid,1,1
948,37.427731,-76.537584,51073,zip_centroid,1,1
949,37.432553,-77.655051,51041,zip_centroid,1,1
950,37.444218,-122.149855,06085,zip_centroid,21,5
951,37.457883,-122.115097,06085,zip_centroid,1,1
952,37.48301,-77.660433,51041,zip_centroid,35,11
953,37.493306,-122.195606,06081,zip_centroid,11,5
954,37.501368,-121.956753,06001,zip_centroid,38,6
955,37.507592,-82.518773,21195,zip_centroid,1,1
956,37.51457,-77.564758,51041,zip_centroid,41,5
957,37.531399,-77.476009,51087,city_centroid,8,6
958,37.535229,-77.15726,51127,zip_centroid,1,1
959,37.539809,-77.679743,51041,zip_centroid,2,1
960,37.540103,-122.330103,06081,zip_centroid,1,1
961,37.540604,-77.434733,51760,zip_centroid,22,10
962,37.541707,-77.42953,51760,zip_centroid,123,20
963,37.549028,-77.451696,51760,zip_centroid,1,1
964,37.557767,-77.378886,51087,zip_centroid,8,1
965,37.571918,-122.375028,06081,zip_centroid,9,1
966,37.575172,-122.319881,06081,zip_centroid,21,4
967,37.579356,-77.519937,51760,zip_centroid,18,2
968,37.586639,-77.489122,51087,zip_centroid,16,3
969,37.588045,-77.570196,51087,zip_centroid,24,5
970,37.621851,-98.119542,20095,zip_centroid,4,1
971,37.640914,-93.387351,29167,zip_centroid,17,1
972,37.643812,-77.629395,51087,zip_centroid,1,2
973,37.648326,-95.457198,20133,zip_centroid,4,1
974,37.655175,-122.418384,06081,zip_centroid,26,3
975,37.664436,-77.325493,51085,zip_centroid,21,5
976,37.67173,-121.007285,06099,zip_centroid,1,1
977,37.672906,-120.946594,06099,zip_centroid,20,1
978,37.683818,-113.09554,49021,city_centroid_large_zip,4,2
979,37.698576,-98.765936,20151,city_centroid_large_zip,5,1
980,37.703239,-85.839548,21093,zip_centroid,10,2
981,37.703847,-97.279266,20173,zip_centroid,9,2
982,37.707178,-97.31775,20173,zip_centroid,25,8
983,37.715966,-121.901141,06001,zip_centroid,24,2
984,37.716659,-122.169274,06001,zip_centroid,26,2
985,37.718573,-121.032309,06099,zip_centroid,23,2
986,37.722062,-89.223664,17077,city_centroid_zip_spans_counties,20,1
987,37.727239,-123.032229,06075,city_centroid,101,25
988,37.727396,-121.452195,06077,city_centroid_large_zip,1,1
989,37.745399,-122.103127,06001,zip_centroid,7,1
990,37.750021,-122.415201,06075,zip_centroid,5,3
991,37.75704,-87.052531,21059,zip_centroid,7,3
992,37.758547,-122.39954,06075,zip_centroid,1,1
993,37.760459,-122.483894,06075,zip_centroid,2,1
994,37.76067,-100.017863,20057,city_centroid_large_zip,4,1
995,37.76237,-84.304577,21151,zip_centroid,1,1
996,37.768695,-97.220336,20173,zip_centroid,7,3
997,37.769799,-86.408122,21027,county_centroid_city_disagrees,1,1
998,37.772534,-122.388384,06075,zip_centroid,81,29
999,37.778591,-122.495912,06075,zip_centroid,9,6
1000,37.782494,-90.427303,29187,city_centroid_large_zip,44,1
1001,37.786029,-122.437366,06075,zip_centroid,63,23
1002,37.786372,-89.086175,17199,zip_centroid,32,3
1003,37.794485,-122.42227,06075,zip_centroid,3,3
1004,37.795845,-79.865211,51005,zip_centroid,7,4
1005,37.802403,-85.469858,21179,zip_centroid,13,2
1006,37.821624,-96.862203,20015,city_centroid_large_zip,4,1
1007,37.830267,-121.20102,06077,zip_centroid,1,1
1008,37.831917,-122.215793,06001,zip_centroid,34,5
1009,37.834816,-122.264195,06001,zip_centroid,2,2
1010,37.836844,-122.289143,06001,zip_centroid,8,4
1011,37.865205,-122.238384,06001,zip_centroid,1,1
1012,37.866321,-122.286348,06001,zip_centroid,2,2
1013,37.866417,-122.260922,06001,zip_centroid,23,4
1014,37.889009,-122.036778,06013,zip_centroid,31,3
1015,37.904016,-90.164527,29186,zip_centroid,45,1
1016,37.91585,-76.961086,51057,zip_centroid,8,1
1017,37.916916,-122.014917,06013,zip_centroid,23,9
1018,37.917697,-122.071818,06013,zip_centroid,1,1
1019,37.94594,-91.761202,29161,city_centroid_large_zip,23,3
1020,37.947225,-122.551775,06041,zip_centroid,7,3
1021,37.949245,-122.397198,06013,zip_centroid,10,1
1022,37.956648,-121.77779,06013,zip_centroid,10,1
1023,37.973736,-121.319246,06077,zip_centroid,16,4
1024,37.975876,-100.850884,20055,city_centroid_large_zip,17,1
1025,37.976553,-121.308598,06077,city_centroid_large_zip,1,1
1026,37.978299,-122.157109,06013,zip_centroid,3,1
1027,37.993028,-122.035251,06013,zip_centroid,2,2
1028,37.997347,-84.377477,21067,zip_centroid,30,5
1029,38.005828,-84.533469,21067,zip_centroid,27,5
1030,38.020293,-84.49441,21067,county_centroid,10,5
1031,38.02213,-122.55881,06041,zip_centroid,25,1
1032,38.029809,-84.507281,21067,zip_centroid,106,18
1033,38.030979,-78.496585,51540,zip_centroid,102,18
1034,38.031786,-121.297886,06077,zip_centroid,10,1
1035,38.035436,-78.511249,51003,zip_centroid,1,1
1036,38.037658,-78.485381,51540,city_centroid_zip_spans_counties,55,18
1037,38.037683,-97.345018,20079,city_centroid_large_zip,4,1
1038,38.042413,-84.544016,21067,zip_centroid,19,4
1039,38.044054,-104.71441,08101,zip_centroid,15,1
1040,38.065465,-83.948822,21173,zip_centroid,12,2
1041,38.097005,-78.410147,51003,zip_centroid,3,2
1042,38.103454,-78.971468,51015,zip_centroid,5,1
1043,38.122687,-122.553142,06041,zip_centroid,7,1
1044,38.132046,-92.669926,29029,zip_centroid,24,1
1045,38.137068,-121.384546,06077,zip_centroid,1,1
1046,38.141467,-122.24687,06095,zip_centroid,47,8
1047,38.204266,-83.428079,21205,zip_centroid,1,1
1048,38.211478,-77.452502,51177,zip_centroid,13,4
1049,38.212787,-91.163645,29071,city_centroid_large_zip,44,1
1050,38.212858,-85.208553,21211,zip_centroid,1,1
1051,38.216712,-85.737515,21111,zip_centroid,7,5
1052,38.224728,-85.740614,21111,city_centroid,1,1
1053,38.234919,-84.868786,21073,zip_centroid,1,1
1054,38.247845,-78.113187,51137,city_centroid_large_zip,1,1
1055,38.252811,-85.751946,21111,zip_centroid,97,31
1056,38.256501,-85.701621,21111,zip_centroid,1,1
1057,38.258467,-85.539772,21111,zip_centroid,1,1
1058,38.263466,-85.656647,21111,zip_centroid,48,12
1059,38.267561,-85.446172,21111,zip_centroid,32,1
1060,38.277652,-104.656426,08101,zip_centroid,4,1
1061,38.283804,-85.847721,18043,zip_centroid,5,1
1062,38.297872,-122.300741,06055,city_centroid_large_zip,14,1
1063,38.299974,-85.575689,21111,zip_centroid,7,5
1064,38.301561,-81.596701,54039,zip_centroid,21,5
1065,38.313604,-77.403928,51179,zip_centroid,1,1
1066,38.330513,-88.902367,17081,zip_centroid,30,2
1067,38.332415,-85.696087,18019,zip_centroid,8,3
1068,38.333133,-121.920151,06095,zip_centroid,2,2
1069,38.34593,-122.693507,06097,zip_centroid,7,1
1070,38.349417,-75.67847,24045,zip_centroid,2,1
1071,38.352915,-98.798117,20009,zip_centroid,15,1
1072,38.365689,-82.40525,54011,zip_centroid,18,1
1073,38.382552,-97.699453,20113,zip_centroid,3,1
1074,38.384784,-75.148009,24047,city_centroid_large_zip,2,1
1075,38.421343,-122.030124,06095,zip_centroid,10,1
1076,38.429667,-121.445213,06067,zip_centroid,21,1
1077,38.434723,-82.314416,54011,zip_centroid,1,1
1078,38.438136,-122.669057,06097,zip_centroid,15,1
1079,38.457809,-90.31914,29189,zip_centroid,66,5
1080,38.470292,-77.999764,51047,city_centroid_large_zip,1,1
1081,38.474726,-121.442636,06067,zip_centroid,23,2
1082,38.47752,-82.650548,21019,zip_centroid,1,1
1083,38.491966,-90.386567,29189,zip_centroid,56,5
1084,38.50272,-90.458936,29099,zip_centroid,1,1
1085,38.503685,-122.754057,06097,zip_centroid,78,16
1086,38.511028,-89.140496,17121,zip_centroid,36,2
1087,38.512806,-122.468076,06055,city_centroid_large_zip,2,1
1088,38.519437,-90.292738,29189,zip_centroid,3,1
1089,38.534493,-90.417387,29189,zip_centroid,13,2
1090,38.535474,-91.048733,29071,zip_centroid,15,1
1091,38.536763,-90.000344,17163,zip_centroid,1,1
1092,38.539706,-75.120863,10005,zip_centroid,29,1
1093,38.54836,-121.327497,06067,zip_centroid,2,1
1094,38.549228,-121.278598,06067,zip_centroid,1,1
1095,38.550605,-121.457026,06067,zip_centroid,120,24
1096,38.554147,-121.798514,06113,zip_centroid,8,2
1097,38.573482,-92.276821,29051,zip_centroid,3,1
1098,38.575407,-121.464803,06067,zip_centroid,46,10
1099,38.580568,-121.49559,06067,zip_centroid,26,2
1100,38.584601,-90.294432,29510,zip_centroid,15,2
1101,38.598969,-120.963066,06017,zip_centroid,13,2
1102,38.600006,-89.915402,17163,zip_centroid,97,10
1103,38.604268,-121.280327,06067,zip_centroid,6,1
1104,38.605173,-90.557679,29189,zip_centroid,24,2
1105,38.611128,-90.214087,29510,zip_centroid,5,4
1106,38.616725,-90.439561,29189,zip_centroid,51,1
1107,38.620558,-90.253332,29510,county_centroid,1,1
1108,38.622914,-77.262938,51153,zip_centroid,3,2
1109,38.625369,-90.266467,29510,zip_centroid,314,49
1110,38.626935,-121.331191,06067,zip_centroid,21,2
1111,38.644424,-90.207972,29510,zip_centroid,4,3
1112,38.644521,-90.389519,29189,county_centroid,1,1
1113,38.64485,-90.253405,29510,zip_centroid,41,19
1114,38.652096,-121.254384,06067,zip_centroid,2,2
1115,38.656285,-90.541867,29189,zip_centroid,10,3
1116,38.657953,-90.455394,29189,zip_centroid,108,17
1117,38.662781,-121.140107,06067,zip_centroid,1,1
1118,38.664917,-90.324897,29189,zip_centroid,20,10
1119,38.67116,-121.750043,06113,city_centroid_large_zip,21,1
1120,38.671168,-76.805304,24033,zip_centroid,6,4
1121,38.684218,-77.317942,51153,zip_centroid,7,1
1122,38.694504,-75.0997,10005,zip_centroid,29,1
1123,38.695945,-90.368346,29189,city_centroid,1,1
1124,38.699353,-77.157497,51059,zip_centroid,4,3
1125,38.728714,-75.168507,10005,zip_centroid,13,1
1126,38.741274,-121.249266,06061,zip_centroid,48,10
1127,38.744761,-90.259924,29189,zip_centroid,55,1
1128,38.746071,-77.487673,51683,zip_centroid,4,2
1129,38.750917,-76.902669,24033,zip_centroid,5,1
1130,38.765353,-121.288473,06061,zip_centroid,7,1
1131,38.772903,-90.429784,29189,zip_centroid,8,5
1132,38.778572,-90.671284,29183,county_centroid,1,1
1133,38.786024,-77.280015,51059,zip_centroid,2,1
1134,38.788391,-94.551918,29037,zip_centroid,1,1
1135,38.792267,-82.911915,39145,zip_centroid,11,1
1136,38.792467,-76.087881,24041,zip_centroid,7,1
1137,38.800744,-90.61215,29183,zip_centroid,60,2
1138,38.806662,-77.621357,51153,zip_centroid,2,2
1139,38.806853,-77.056374,51510,zip_centroid,1,1
1140,38.812046,-90.35362,29189,zip_centroid,4,1
1141,38.813204,-77.112268,51510,zip_centroid,6,1
1142,38.819738,-121.278321,06061,zip_centroid,21,1
1143,38.819957,-77.059285,51510,zip_centroid,1,1
1144,38.831832,-97.65455,20169,zip_centroid,29,2
1145,38.833991,-77.125511,51510,zip_centroid,1,1
1146,38.852566,-104.774326,08041,zip_centroid,34,6
1147,38.85892,-77.260273,51059,zip_centroid,372,60
1148,38.865143,-77.193913,51059,zip_centroid,13,4
1149,38.873553,-99.34086,20051,zip_centroid,25,1
1150,38.875218,-77.384713,51059,zip_centroid,10,2
1151,38.876255,-76.769603,24033,zip_centroid,14,4
1152,38.878994,-104.821148,08041,zip_centroid,25,4
1153,38.88184,-76.99094,11001,zip_centroid,1,1
1154,38.883371,-77.139537,51013,zip_centroid,1,1
1155,38.886804,-77.094992,51013,zip_centroid,9,4
1156,38.892459,-77.053811,11001,zip_centroid,23,11
1157,38.893755,-94.879968,20091,zip_centroid,34,2
1158,38.895872,-92.395843,29019,zip_centroid,1,1
1159,38.89879,-77.047787,11001,zip_centroid,3,3
1160,38.899171,-94.272385,29095,zip_centroid,5,2
1161,38.899195,-94.703706,20091,zip_centroid,2,1
1162,38.900945,-92.238427,29019,zip_centroid,14,3
1163,38.900851,-94.634114,20091,zip_centroid,2,2
1164,38.905026,-76.983607,11001,zip_centroid,7,1
1165,38.908971,-77.075171,11001,zip_centroid,11,6
1166,38.909787,-75.422301,10005,city_centroid_large_zip,5,1
1167,38.910168,-77.013993,11001,county_centroid,1,1
1168,38.911346,-121.08576,06061,zip_centroid,9,1
1169,38.917716,-77.090635,11001,zip_centroid,92,25
1170,38.919144,-77.037381,11001,zip_centroid,1,1
1171,38.925119,-94.635626,20091,zip_centroid,37,6
1172,38.926531,-94.704907,20091,zip_centroid,46,4
1173,38.926735,-104.714341,08041,zip_centroid,19,2
1174,38.927128,-77.010316,11001,zip_centroid,5,4
1175,38.932825,-77.031798,11001,zip_centroid,55,16
1176,38.936909,-77.090037,11001,zip_centroid,45,10
1177,38.938154,-76.992909,11001,zip_centroid,1,1
1178,38.939234,-90.134948,17119,zip_centroid,21,3
1179,38.94729,-92.326387,29019,city_centroid,21,7
1180,38.950951,-77.229553,51059,zip_centroid,7,1
1181,38.954328,-95.261527,20045,zip_centroid,1,1
1182,38.955706,-104.772275,08041,zip_centroid,25,1
1183,38.9558,-94.743054,20091,zip_centroid,2,2
1184,38.957802,-94.598599,29095,zip_centroid,2,3
1185,38.959187,-77.34107,51059,zip_centroid,2,1
1186,38.965879,-76.966084,24033,zip_centroid,1,1
1187,38.972152,-76.505332,24003,city_centroid,1,1
1188,38.979726,-94.541547,29095,zip_centroid,25,15
1189,38.98297,-94.343194,29095,zip_centroid,44,5
1190,38.987941,-76.552716,24003,zip_centroid,15,10
1191,38.990381,-94.678214,20091,zip_centroid,7,7
1192,38.991491,-121.103544,06061,zip_centroid,17,2
1193,38.994183,-76.94344,24033,zip_centroid,1,1
1194,38.997067,-76.966783,24033,zip_centroid,1,1
1195,38.997279,-77.151816,24031,zip_centroid,40,21
1196,39.000635,-77.103711,24031,zip_centroid,107,10
1197,39.00286,-77.036646,24031,zip_centroid,8,2
1198,39.003756,-77.086964,24031,zip_centroid,17,2
1199,39.004839,-77.103004,24031,zip_centroid,4,4
1200,39.027048,-77.07759,24031,zip_centroid,1,1
1201,39.029195,-84.562134,21117,zip_centroid,25,12
1202,39.031229,-94.630732,20091,zip_centroid,138,26
1203,39.032718,-105.054396,08119,zip_centroid,1,1
1204,39.032931,-95.209092,20045,zip_centroid,29,1
1205,39.047104,-76.898079,24033,zip_centroid,1,1
1206,39.051511,-77.123973,24031,zip_centroid,1,1
1207,39.055816,-94.610055,20209,zip_centroid,86,18
1208,39.05708,-94.593899,29095,zip_centroid,25,5
1209,39.059554,-84.328333,39061,zip_centroid,13,1
1210,39.059884,-84.280417,39025,zip_centroid,10,5
1211,39.060329,-94.626783,20209,zip_centroid,4,3
1212,39.061436,-95.719951,20177,zip_centroid,36,3
1213,39.065482,-94.534791,29095,zip_centroid,9,3
1214,39.070379,-76.977379,24031,zip_centroid,13,4
1215,39.071844,-108.546,08077,zip_centroid,20,6
1216,39.071957,-94.319308,29095,zip_centroid,2,2
1217,39.084895,-94.58647,29095,zip_centroid,32,5
1218,39.087069,-77.124126,24031,county_centroid_city_disagrees,1,1
1219,39.089231,-77.180445,24031,zip_centroid,11,10
1220,39.095593,-76.883877,24033,zip_centroid,2,2
1221,39.111687,-84.421674,39061,zip_centroid,6,3
1222,39.114938,-94.770067,20209,zip_centroid,1,1
1223,39.118715,-88.562384,17049,zip_centroid,81,2
1224,39.119187,-74.823188,34009,zip_centroid,2,1
1225,39.122539,-94.741781,20209,city_centroid,1,1
1226,39.125155,-94.550313,29095,city_centroid,1,1
1227,39.126624,-84.512017,39061,zip_centroid,101,21
1228,39.12732,-84.484568,39061,zip_centroid,1,1
1229,39.136939,-119.869938,32510,zip_centroid,10,1
1230,39.138086,-84.503156,39061,zip_centroid,26,11
1231,39.140183,-84.505829,39061,city_centroid,9,4
1232,39.146693,-84.520265,39061,zip_centroid,32,11
1233,39.148811,-94.575242,29047,zip_centroid,31,4
1234,39.150349,-77.078251,24031,zip_centroid,4,1
1235,39.151535,-121.583374,06115,city_centroid_large_zip,10,2
1236,39.153472,-84.486186,39061,zip_centroid,12,3
1237,39.158667,-84.599661,39061,zip_centroid,6,3
1238,39.160897,-76.632112,24003,zip_centroid,22,5
1239,39.164019,-84.451781,39061,zip_centroid,5,4
1240,39.167298,-77.164147,24031,zip_centroid,7,1
1241,39.171402,-76.723341,24003,zip_centroid,3,1
1242,39.174203,-78.174289,51840,zip_centroid,12,3
1243,39.180323,-77.533459,51107,zip_centroid,7,4
1244,39.181542,-75.47352,10001,zip_centroid,5,1
1245,39.188307,-96.605864,20161,city_centroid_large_zip,1,1
1246,39.205274,-76.878737,24027,zip_centroid,33,15
1247,39.206734,-77.233675,24031,zip_centroid,3,1
1248,39.209678,-84.397222,39061,zip_centroid,14,6
1249,39.214122,-108.588404,08077,zip_centroid,8,4
1250,39.216693,-84.661108,39061,zip_centroid,13,1
1251,39.225842,-81.584316,54107,zip_centroid,16,1
1252,39.242803,-84.352996,39061,zip_centroid,41,14
1253,39.258315,-94.389653,29047,zip_centroid,4,1
1254,39.270192,-84.628137,39061,zip_centroid,3,2
1255,39.272857,-76.747741,24005,zip_centroid,2,2
1256,39.275909,-76.541928,24510,zip_centroid,11,9
1257,39.281279,-94.626948,29165,zip_centroid,43,4
1258,39.284239,-76.691403,24510,zip_centroid,11,7
1259,39.288507,-76.592024,24510,zip_centroid,34,19
1260,39.28879,-80.221567,54033,zip_centroid,14,1
1261,39.294961,-76.622341,24510,zip_centroid,116,35
1262,39.297425,-76.607722,24510,zip_centroid,8,3
1263,39.29916,-76.588327,24510,zip_centroid,138,45
1264,39.300032,-76.610476,24510,city_centroid,3,3
1265,39.30224,-76.564078,24510,zip_centroid,13,9
1266,39.311687,-82.073928,39009,zip_centroid,10,1
1267,39.31206,-82.957071,39141,zip_centroid,12,1
1268,39.316984,-81.614345,39167,zip_centroid,11,1
1269,39.322717,-94.925013,20103,city_centroid_large_zip,1,1
1270,39.325714,-84.55239,39017,zip_centroid,9,4
1271,39.330107,-76.601451,24510,zip_centroid,7,4
1272,39.335005,-76.776706,24005,zip_centroid,7,1
1273,39.341537,-76.49527,24005,zip_centroid,15,4
1274,39.343522,-84.412333,39017,zip_centroid,37,5
1275,39.345947,-76.682206,24510,zip_centroid,16,3
1276,39.347714,-120.22471,06057,zip_centroid,10,2
1277,39.354883,-77.375902,24021,zip_centroid,2,1
1278,39.35834,-74.536312,34001,zip_centroid,1,1
1279,39.365159,-76.587101,24510,zip_centroid,4,1
1280,39.378361,-76.811336,24005,zip_centroid,2,1
1281,39.388393,-74.620728,34001,zip_centroid,3,1
1282,39.406389,-76.626072,24005,zip_centroid,32,6
1283,39.429838,-81.432131,39167,zip_centroid,9,1
1284,39.437973,-76.642173,24005,zip_centroid,9,2
1285,39.457168,-77.972428,54003,zip_centroid,8,1
1286,39.46069,-83.844305,39027,zip_centroid,3,1
1287,39.479251,-77.443194,24021,zip_centroid,13,4
1288,39.479932,-88.37585,17029,zip_centroid,71,1
1289,39.492354,-75.003447,34011,zip_centroid,1,1
1290,39.494062,-119.742329,32031,zip_centroid,47,6
1291,39.497313,-119.826926,32031,zip_centroid,4,1
1292,39.504488,-76.201049,24025,zip_centroid,6,1
1293,39.517532,-104.670911,08035,zip_centroid,8,3
1294,39.528928,-84.289524,39165,zip_centroid,41,2
1295,39.532798,-104.891219,08035,zip_centroid,58,19
1296,39.53584,-76.35161,24025,zip_centroid,15,4
1297,39.541037,-119.840128,32031,zip_centroid,10,1
1298,39.544176,-76.292469,24025,zip_centroid,3,1
1299,39.546879,-105.011599,08035,zip_centroid,26,5
1300,39.548569,-76.983558,24013,zip_centroid,10,2
1301,39.549097,-119.849907,32031,city_centroid_large_zip,16,6
1302,39.573236,-104.86489,08005,zip_centroid,5,2
1303,39.579356,-86.373602,18109,zip_centroid,4,1
1304,39.580309,-104.954917,08005,zip_centroid,7,3
1305,39.593836,-105.01146,08005,zip_centroid,9,3
1306,39.595658,-86.113954,18081,zip_centroid,6,5
1307,39.622675,-106.607079,08037,zip_centroid,15,3
1308,39.625881,-106.043728,08117,city_centroid_large_zip,5,1
1309,39.627145,-75.859891,24015,zip_centroid,9,1
1310,39.639871,-104.901711,08031,zip_centroid,1,1
1311,39.641477,-78.756088,24001,zip_centroid,13,1
1312,39.644445,-104.965111,08005,zip_centroid,15,9
1313,39.646459,-84.166955,39113,zip_centroid,57,5
1314,39.646781,-79.970152,54061,zip_centroid,62,14
1315,39.649325,-106.325837,08037,zip_centroid,1,1
1316,39.653049,-79.945502,54061,zip_centroid,2,2
1317,39.670751,-75.710123,10003,zip_centroid,80,14
1318,39.671314,-104.92823,08031,zip_centroid,1,1
1319,39.67189,-86.074788,18097,zip_centroid,27,10
1320,39.674763,-86.132676,18097,zip_centroid,6,4
1321,39.676626,-104.962315,08031,zip_centroid,12,6
1322,39.677649,-75.757479,10003,city_centroid,20,3
1323,39.683588,-84.162737,39113,zip_centroid,21,5
1324,39.694935,-105.173187,08059,zip_centroid,33,8
1325,39.696463,-82.614717,39045,zip_centroid,7,1
1326,39.699766,-104.837834,08005,zip_centroid,36,10
1327,39.706581,-104.96575,08031,zip_centroid,2,1
1328,39.709537,-104.720509,08005,city_centroid_zip_spans_counties,4,4
1329,39.712132,-74.231888,34029,zip_centroid,3,2
1330,39.716095,-75.219267,34015,zip_centroid,3,2
1331,39.718872,-105.235342,08059,zip_centroid,18,6
1332,39.721305,-84.18797,39113,zip_centroid,45,6
1333,39.723588,-75.541208,10003,zip_centroid,17,1
1334,39.730369,-104.952511,08031,zip_centroid,21,4
1335,39.731168,-104.970715,08031,zip_centroid,167,67
1336,39.733782,-104.916465,08031,zip_centroid,13,8
1337,39.734757,-105.020678,08031,zip_centroid,7,3
1338,39.736854,-94.740379,29021,zip_centroid,1,1
1339,39.73925,-104.86171,08005,zip_centroid,1,1
1340,39.744773,-105.115977,08059,zip_centroid,1,1
1341,39.74577,-121.843938,06007,zip_centroid,8,2
1342,39.746661,-104.837224,08001,zip_centroid,194,54
1343,39.757353,-75.122043,34015,zip_centroid,23,4
1344,39.758861,-104.964699,08031,zip_centroid,10,2
1345,39.76185,-104.881105,08031,city_centroid,1,1
1346,39.763035,-89.631099,17167,zip_centroid,5,3
1347,39.763835,-84.084204,39057,zip_centroid,9,1
1348,39.764437,-86.403388,18063,zip_centroid,7,1
1349,39.767444,-105.019736,08031,zip_centroid,1,1
1350,39.772675,-105.104801,08059,zip_centroid,3,3
1351,39.78393,-86.044636,18097,zip_centroid,5,4
1352,39.7841,-86.161616,18097,zip_centroid,102,33
1353,39.788496,-84.152717,39113,zip_centroid,2,1
1354,39.789915,-94.803312,29021,zip_centroid,25,2
1355,39.791063,-89.644572,17167,city_centroid,62,3
1356,39.791218,-76.980323,42133,zip_centroid,5,1
1357,39.799872,-75.542232,10003,zip_centroid,2,1
1358,39.824222,-89.64273,17167,zip_centroid,79,13
1359,39.826258,-77.227606,42001,zip_centroid,17,1
1360,39.833762,-84.889666,18177,zip_centroid,10,1
1361,39.835581,-84.257387,39113,zip_centroid,48,8
1362,39.836097,-75.842359,42029,zip_centroid,1,1
1363,39.84857,-74.952843,34007,zip_centroid,17,7
1364,39.862461,-75.602787,42029,zip_centroid,20,1
1365,39.864907,-75.432958,42045,zip_centroid,1,1
1366,39.866989,-105.001354,08001,zip_centroid,12,3
1367,39.867919,-83.11761,39049,zip_centroid,10,2
1368,39.896902,-86.178492,18097,zip_centroid,16,9
1369,39.897782,-82.744035,39045,zip_centroid,11,1
1370,39.900708,-79.747923,42051,zip_centroid,13,2
1371,39.900812,-86.063376,18097,zip_centroid,25,10
1372,39.901561,-88.989472,17115,zip_centroid,85,7
1373,39.901667,-83.757452,39023,zip_centroid,2,2
1374,39.908383,-86.013138,18097,zip_centroid,6,3
1375,39.91724,-75.267086,42045,zip_centroid,1,1
1376,39.919821,-76.711182,42133,zip_centroid,35,7
1377,39.922229,-75.414058,42045,zip_centroid,13,4
1378,39.928192,-91.343933,17001,zip_centroid,1,1
1379,39.928908,-83.794241,39023,city_centroid,1,1
1380,39.931155,-91.388714,17001,zip_centroid,3,4
1381,39.93282,-76.799214,42133,zip_centroid,10,1
1382,39.934605,-75.025389,34007,zip_centroid,19,3
1383,39.935202,-75.112703,34007,zip_centroid,33,9
1384,39.936787,-75.106644,34007,city_centroid,1,1
1385,39.943806,-75.226551,42101,zip_centroid,1,1
1386,39.946649,-75.142232,42101,zip_centroid,12,10
1387,39.94697,-83.864897,39023,zip_centroid,11,2
1388,39.948992,-74.900247,34005,zip_centroid,1,1
1389,39.950354,-75.304047,42045,zip_centroid,1,1
1390,39.951764,-75.158667,42101,zip_centroid,160,47
1391,39.953372,-75.174187,42101,zip_centroid,4,3
1392,39.957342,-82.962019,39049,zip_centroid,4,1
1393,39.958518,-75.198856,42101,zip_centroid,196,51
1394,39.96007,-77.657179,42055,zip_centroid,17,2
1395,39.960591,-74.260843,34029,zip_centroid,1,1
1396,39.961192,-83.035484,39049,zip_centroid,9,1
1397,39.962169,-104.807922,08001,zip_centroid,4,1
1398,39.963961,-81.995711,39119,zip_centroid,15,2
1399,39.964019,-83.127747,39049,zip_centroid,19,1
1400,39.966569,-86.175131,18057,zip_centroid,18,4
1401,39.966856,-83.01296,39049,zip_centroid,21,2
1402,39.971201,-82.863958,39049,zip_centroid,11,1
1403,39.972934,-82.969167,39049,zip_centroid,2,3
1404,39.973222,-105.209276,08013,zip_centroid,9,3
1405,39.974219,-75.361244,42045,zip_centroid,5,4
1406,39.975844,-105.009381,08014,zip_centroid,15,2
1407,39.979668,-74.150739,34029,zip_centroid,1,1
1408,39.979658,-74.941308,34005,zip_centroid,7,2
1409,39.983938,-82.984882,39049,city_centroid,1,1
1410,39.986564,-83.043198,39049,zip_centroid,11,8
1411,39.987218,-75.603138,42029,zip_centroid,3,2
1412,39.989223,-75.108756,42101,zip_centroid,2,1
1413,39.990881,-83.00116,39049,zip_centroid,7,4
1414,39.998147,-75.273908,42091,zip_centroid,19,6
1415,40.006425,-83.02212,39049,zip_centroid,318,60
1416,40.007373,-82.920654,39049,zip_centroid,27,9
1417,40.008534,-74.221768,34029,zip_centroid,28,3
1418,40.009376,-75.133346,42101,city_centroid,1,1
1419,40.009753,-75.231508,42091,zip_centroid,15,4
1420,40.012151,-105.09991,08013,zip_centroid,13,2
1421,40.012279,-75.145084,42101,zip_centroid,13,3
1422,40.014623,-76.246351,42071,zip_centroid,1,1
1423,40.019403,-83.014471,39049,zip_centroid,3,3
1424,40.020519,-83.177502,39049,zip_centroid,13,10
1425,40.023112,-83.076127,39049,zip_centroid,16,12
1426,40.023764,-75.330471,42045,zip_centroid,8,1
1427,40.029001,-79.012353,42111,county_centroid_city_disagrees,1,1
1428,40.031929,-75.176099,42101,zip_centroid,1,1
1429,40.033003,-84.195649,39109,zip_centroid,21,2
1430,40.037921,-75.145377,42101,zip_centroid,1,1
1431,40.038143,-82.872725,39049,zip_centroid,13,6
1432,40.040279,-75.480341,42029,zip_centroid,10,1
1433,40.042061,-76.30099,42071,city_centroid,5,2
1434,40.044727,-105.288351,08013,zip_centroid,6,1
1435,40.051734,-83.016269,39049,zip_centroid,31,9
1436,40.060612,-75.080176,42101,zip_centroid,88,10
1437,40.06129,-86.055942,18057,zip_centroid,4,3
1438,40.062099,-75.400394,42029,zip_centroid,1,1
1439,40.069192,-80.650635,54069,zip_centroid,10,3
1440,40.069399,-75.000162,42101,zip_centroid,21,3
1441,40.070261,-82.802113,39049,zip_centroid,6,1
1442,40.071503,-82.424221,39089,city_centroid_large_zip,13,2
1443,40.072957,-76.313729,42071,zip_centroid,21,10
1444,40.073872,-75.211217,42101,zip_centroid,1,1
1445,40.077069,-74.19851,34029,zip_centroid,15,3
1446,40.091032,-74.114395,34029,zip_centroid,1,1
1447,40.097462,-83.150204,39049,zip_centroid,19,3
1448,40.098606,-84.650546,39037,zip_centroid,41,3
1449,40.099749,-74.937829,42017,zip_centroid,3,2
1450,40.101341,-75.105577,42091,zip_centroid,5,4
1451,40.10952,-88.211031,17019,zip_centroid,90,9
1452,40.110443,-82.890646,39049,zip_centroid,11,2
1453,40.12623,-75.126511,42091,zip_centroid,3,2
1454,40.126329,-75.529946,42029,zip_centroid,5,1
1455,40.13018,-75.331629,42091,zip_centroid,4,1
1456,40.13236,-87.632069,17183,zip_centroid,72,1
1457,40.148072,-75.124082,42091,zip_centroid,33,6
1458,40.155571,-82.885108,39041,zip_centroid,13,1
1459,40.161024,-79.509814,42129,zip_centroid,6,1
1460,40.164274,-80.252356,42125,zip_centroid,20,3
1461,40.164832,-105.101852,08013,zip_centroid,15,2
1462,40.168199,-105.100522,08013,city_centroid_zip_spans_counties,7,4
1463,40.173688,-76.170494,42071,zip_centroid,17,1
1464,40.180448,-74.912451,42017,zip_centroid,2,2
1465,40.183404,-77.232115,42041,zip_centroid,13,1
1466,40.18597,-82.996343,39041,zip_centroid,1,1
1467,40.188988,-75.152483,42091,zip_centroid,7,5
1468,40.205042,-82.876523,39041,zip_centroid,1,1
1469,40.210761,-74.074499,34025,zip_centroid,10,6
1470,40.225833,-74.660096,34021,zip_centroid,13,6
1471,40.247547,-77.030441,42041,zip_centroid,27,2
1472,40.249821,-96.74949,31067,zip_centroid,1,1
1473,40.258928,-75.615861,42091,zip_centroid,1,1
1474,40.260594,-74.93707,42017,zip_centroid,1,1
1475,40.261305,-83.358138,39159,zip_centroid,9,1
1476,40.269174,-76.628239,42043,zip_centroid,71,14
1477,40.270309,-76.780575,42043,zip_centroid,1,1
1478,40.271643,-85.377772,18035,zip_centroid,1,1
1479,40.283671,-75.062906,42017,zip_centroid,3,1
1480,40.287904,-74.020019,34025,zip_centroid,1,1
1481,40.289842,-76.824112,42043,zip_centroid,24,3
1482,40.295372,-73.989899,34025,zip_centroid,32,3
1483,40.295983,-112.094474,49049,zip_centroid,1,1
1484,40.296378,-76.421124,42075,zip_centroid,18,2
1485,40.29737,-79.920967,42003,zip_centroid,16,1
1486,40.297783,-83.060168,39041,zip_centroid,19,2
1487,40.304772,-75.150789,42017,zip_centroid,6,4
1488,40.313271,-79.536379,42129,zip_centroid,29,2
1489,40.318664,-111.576954,49049,zip_centroid,3,1
1490,40.319284,-79.723697,42129,zip_centroid,13,2
1491,40.324674,-75.942857,42011,zip_centroid,26,4
1492,40.328162,-78.911913,42021,zip_centroid,17,1
1493,40.329422,-74.792789,34021,zip_centroid,8,2
1494,40.333076,-74.586628,34023,zip_centroid,1,1
1495,40.334341,-74.432502,34023,zip_centroid,1,1
1496,40.339767,-79.842782,42003,zip_centroid,8,1
1497,40.360509,-74.078952,34025,zip_centroid,2,1
1498,40.361206,-79.895641,42003,zip_centroid,7,1
1499,40.364728,-74.656314,34021,zip_centroid,2,1
1500,40.366295,-75.325895,42017,zip_centroid,5,4
1501,40.373976,-82.492721,39083,zip_centroid,10,1
1502,40.375539,-80.075567,42003,zip_centroid,24,2
1503,40.3963,-74.115274,34025,zip_centroid,205,9
1504,40.39857,-75.946123,42011,zip_centroid,2,1
1505,40.39941,-86.862806,18157,city_centroid_large_zip,1,1
1506,40.40141,-104.792395,08123,zip_centroid,2,1
1507,40.409127,-80.665297,39081,zip_centroid,4,1
1508,40.409716,-91.095432,17067,zip_centroid,51,1
1509,40.416576,-104.77328,08123,city_centroid_large_zip,31,4
1510,40.416905,-105.063111,08069,city_centroid,1,1
1511,40.428211,-79.761076,42003,zip_centroid,39,4
1512,40.429119,-74.416287,34023,zip_centroid,62,16
1513,40.435563,-79.964078,42003,zip_centroid,51,21
1514,40.438641,-86.875329,18157,zip_centroid,2,1
1515,40.439936,-79.975676,42003,city_centroid,6,6
1516,40.441513,-74.491214,34023,zip_centroid,1,1
1517,40.442774,-79.984077,42003,zip_centroid,6,2
1518,40.44319,-79.953094,42003,zip_centroid,3,3
1519,40.452474,-79.931957,42003,zip_centroid,209,32
1520,40.45712,-79.994555,42003,zip_centroid,48,18
1521,40.45918,-75.347434,42017,zip_centroid,4,3
1522,40.459625,-79.821992,42003,zip_centroid,1,1
1523,40.464011,-86.127349,18053,city_centroid,1,1
1524,40.467376,-79.946266,42003,zip_centroid,48,12
1525,40.470052,-88.94152,17113,zip_centroid,57,2
1526,40.470149,-90.683114,17109,city_centroid_large_zip,52,1
1527,40.471654,-111.68059,49049,zip_centroid,3,1
1528,40.472272,-79.913156,42003,zip_centroid,1,1
1529,40.475855,-88.99267,17113,zip_centroid,10,2
1530,40.483638,-74.44246,34023,zip_centroid,79,18
1531,40.486677,-74.444414,34023,city_centroid,72,14
1532,40.493936,-111.943725,49035,zip_centroid,3,1
1533,40.497673,-111.866118,49035,zip_centroid,1,1
1534,40.499003,-105.005051,08069,zip_centroid,36,7
1535,40.499667,-74.531844,34035,zip_centroid,5,3
1536,40.500472,-80.201802,42003,zip_centroid,8,1
1537,40.501392,-79.91267,42003,zip_centroid,23,3
1538,40.521995,-74.866644,34019,zip_centroid,5,2
1539,40.528032,-88.947633,17113,zip_centroid,25,2
1540,40.537912,-79.879419,42003,zip_centroid,1,1
1541,40.539047,-74.575409,34035,zip_centroid,1,1
1542,40.539658,-74.462791,34023,zip_centroid,2,1
1543,40.543623,-89.620621,17179,zip_centroid,57,2
1544,40.543564,-90.024844,17057,zip_centroid,52,1
1545,40.544612,-105.245108,08069,zip_centroid,32,4
1546,40.548216,-105.064833,08069,city_centroid_large_zip,31,2
1547,40.548408,-80.046196,42003,zip_centroid,30,3
1548,40.552519,-78.372994,42013,zip_centroid,10,1
1549,40.553454,-112.018129,49035,zip_centroid,7,2
1550,40.570308,-75.488926,42077,zip_centroid,45,7
1551,40.571647,-111.861939,49035,zip_centroid,1,1
1552,40.576806,-74.36575,34023,zip_centroid,1,1
1553,40.582082,-77.590269,42087,zip_centroid,4,1
1554,40.587439,-75.366758,42095,zip_centroid,17,8
1555,40.589554,-74.685411,34035,zip_centroid,17,8
1556,40.590946,-98.366104,31001,zip_centroid,4,3
1557,40.592434,-74.61884,34035,zip_centroid,1,1
1558,40.593083,-105.127429,08069,zip_centroid,1,1
1559,40.59507,-111.960812,49035,zip_centroid,1,1
1560,40.596549,-74.075779,36085,zip_centroid,11,1
1561,40.597091,-73.973469,36047,zip_centroid,1,1
1562,40.599237,-83.130298,39101,zip_centroid,20,1
1563,40.607723,-73.910649,36047,zip_centroid,1,1
1564,40.611658,-75.546853,42077,zip_centroid,4,2
1565,40.625035,-80.067068,42003,zip_centroid,15,2
1566,40.62806,-73.946309,36047,zip_centroid,3,2
1567,40.629099,-79.150059,42063,zip_centroid,17,1
1568,40.631772,-73.636624,36059,zip_centroid,2,1
1569,40.63262,-73.99677,36047,zip_centroid,4,1
1570,40.632612,-74.116148,36085,zip_centroid,1,1
1571,40.636151,-73.383775,36103,zip_centroid,5,4
1572,40.641026,-74.016688,36047,zip_centroid,17,10
1573,40.644174,-79.725395,42003,zip_centroid,14,3
1574,40.647228,-73.51146,36059,zip_centroid,1,1
1575,40.649569,-73.934327,36047,zip_centroid,2,2
1576,40.650654,-111.886568,49035,city_centroid,1,1
1577,40.652464,-74.216853,34039,zip_centroid,5,3
1578,40.658017,-111.884519,49035,zip_centroid,17,6
1579,40.659957,-75.387306,42095,zip_centroid,29,2
1580,40.662712,-73.938677,36059,city_centroid,5,2
1581,40.662688,-73.98674,36047,zip_centroid,14,4
1582,40.662905,-73.913071,36047,zip_centroid,2,2
1583,40.665341,-73.638921,36059,zip_centroid,4,3
1584,40.666367,-74.193503,34039,city_centroid,7,2
1585,40.6749,-73.702154,36059,zip_centroid,1,1
1586,40.67659,-74.427022,34039,zip_centroid,2,2
1587,40.677612,-73.490014,36059,zip_centroid,1,1
1588,40.682268,-74.554143,34035,zip_centroid,202,17
1589,40.691748,-75.274923,42095,zip_centroid,10,5
1590,40.694711,-76.274753,42107,zip_centroid,9,1
1591,40.697912,-80.365277,42007,zip_centroid,18,2
1592,40.700258,-111.946425,49035,zip_centroid,70,15
1593,40.700315,-73.836019,36081,zip_centroid,1,1
1594,40.701745,-99.082312,31019,city_centroid_large_zip,21,3
1595,40.704506,-89.424629,17179,zip_centroid,55,1
1596,40.705272,-73.592328,36059,zip_centroid,202,10
1597,40.706547,-74.557631,34035,city_centroid,3,2
1598,40.706768,-111.855726,49035,zip_centroid,32,9
1599,40.708694,-89.264946,17203,zip_centroid,51,1
1600,40.709005,-73.296337,36103,zip_centroid,9,3
1601,40.709838,-89.575458,17143,zip_centroid,2,2
1602,40.709967,-80.105642,42019,zip_centroid,9,1
1603,40.710632,-73.242913,36103,zip_centroid,19,4
1604,40.711417,-74.06476,34013,city_centroid,1,1
1605,40.711391,-74.211683,34013,zip_centroid,15,3
1606,40.714934,-73.792955,36081,zip_centroid,3,3
1607,40.714923,-74.366372,34039,zip_centroid,15,7
1608,40.715622,-74.364684,34027,city_centroid,11,1
1609,40.715969,-73.986895,36061,zip_centroid,1,1
1610,40.716435,-73.261514,36103,zip_centroid,1,1
1611,40.717303,-74.076352,34017,zip_centroid,1,1
1612,40.718808,-74.044634,34017,zip_centroid,18,2
1613,40.722975,-73.843179,36081,zip_centroid,4,1
1614,40.72422,-74.172574,34013,city_centroid,12,2
1615,40.725625,-73.997936,36061,zip_centroid,1,1
1616,40.726392,-73.978604,36061,zip_centroid,1,1
1617,40.726457,-73.861459,36081,zip_centroid,10,3
1618,40.726854,-73.637009,36059,zip_centroid,2,2
1619,40.731121,-73.780458,36081,zip_centroid,1,1
1620,40.731865,-73.989124,36061,zip_centroid,9,6
1621,40.735276,-96.64279,31109,zip_centroid,13,5
1622,40.738852,-74.195264,34013,zip_centroid,3,4
1623,40.739045,-73.982616,36061,zip_centroid,6,5
1624,40.74184,-74.000528,36061,zip_centroid,26,5
1625,40.745182,-73.978053,36061,zip_centroid,228,76
1626,40.745347,-73.680292,36059,zip_centroid,14,6
1627,40.74633,-73.639178,36059,zip_centroid,79,23
1628,40.747026,-73.639363,36059,city_centroid,1,1
1629,40.747113,-73.939708,36081,zip_centroid,10,8
1630,40.748929,-89.672275,17143,zip_centroid,74,9
1631,40.751435,-73.821227,36081,zip_centroid,13,5
1632,40.751641,-89.617198,17143,city_centroid,51,11
1633,40.752387,-73.972678,36061,zip_centroid,7,5
1634,40.755182,-73.574338,36059,zip_centroid,24,7
1635,40.758542,-73.697451,36059,zip_centroid,119,41
1636,40.75857,-73.96793,36061,zip_centroid,15,8
1637,40.75989,-111.863618,49035,zip_centroid,1,1
1638,40.761551,-82.54039,39139,county_centroid_city_disagrees,1,1
1639,40.76178,-72.987407,36103,zip_centroid,7,6
1640,40.761907,-73.949967,36061,zip_centroid,1,1
1641,40.762733,-111.832849,49035,zip_centroid,4,3
1642,40.763883,-73.711112,36081,city_centroid,3,2
1643,40.764486,-82.574974,39139,zip_centroid,6,1
1644,40.764689,-73.963264,36061,zip_centroid,568,69
1645,40.765254,-111.841362,49035,zip_centroid,216,30
1646,40.765735,-73.985065,36061,zip_centroid,18,3
1647,40.768213,-73.827392,36081,zip_centroid,2,1
1648,40.76964,-73.959018,36061,zip_centroid,74,26
1649,40.7716,-73.925603,36081,zip_centroid,2,2
1650,40.772863,-84.034098,39003,zip_centroid,6,1
1651,40.773413,-73.956291,36061,zip_centroid,28,5
1652,40.774567,-73.979016,36061,zip_centroid,1,1
1653,40.776223,-82.526824,39139,zip_centroid,18,1
1654,40.776447,-73.953383,36061,zip_centroid,9,8
1655,40.776928,-111.930991,49035,city_centroid,24,13
1656,40.777461,-74.392845,34027,zip_centroid,12,5
1657,40.779235,-74.502462,34027,zip_centroid,46,13
1658,40.781498,-73.950199,36061,zip_centroid,2,2
1659,40.783832,-96.639581,31109,zip_centroid,26,11
1660,40.785828,-74.3291,34013,zip_centroid,29,5
1661,40.789613,-81.426572,39151,zip_centroid,26,4
1662,40.792249,-73.947333,36061,zip_centroid,165,43
1663,40.793409,-73.688549,36059,zip_centroid,8,4
1664,40.793481,-74.161159,34013,zip_centroid,5,4
1665,40.793602,-72.875911,36103,city_centroid,1,1
1666,40.795251,-73.930418,36061,zip_centroid,7,2
1667,40.796562,-74.477318,34027,city_centroid,4,4
1668,40.801566,-72.878028,36103,zip_centroid,22,9
1669,40.80201,-124.144824,06023,zip_centroid,1,1
1670,40.806029,-81.977588,39169,zip_centroid,8,2
1671,40.807097,-96.648326,31109,zip_centroid,1,1
1672,40.80804,-76.887755,42109,zip_centroid,1,1
1673,40.810948,-81.381347,39151,zip_centroid,1,1
1674,40.811078,-73.613879,36059,zip_centroid,7,2
1675,40.814381,-81.497182,39151,zip_centroid,3,3
1676,40.816563,-81.435458,39151,zip_centroid,10,3
1677,40.822168,-73.922616,36005,zip_centroid,1,1
1678,40.827771,-73.502767,36059,zip_centroid,1,1
1679,40.833793,-81.765184,39169,zip_centroid,1,1
1680,40.839041,-73.942812,36061,zip_centroid,131,31
1681,40.840584,-73.280817,36103,zip_centroid,210,22
1682,40.846741,-73.840788,36005,zip_centroid,94,22
1683,40.8484,-81.450468,39151,zip_centroid,55,11
1684,40.858097,-73.9296,36061,zip_centroid,1,1
1685,40.860045,-74.831795,34041,zip_centroid,2,1
1686,40.865347,-73.361205,36103,zip_centroid,16,1
1687,40.868509,-73.846691,36005,zip_centroid,7,6
1688,40.86894,-73.899995,36005,zip_centroid,12,5
1689,40.875262,-73.872027,36005,zip_centroid,69,14
1690,40.883412,-73.423563,36103,zip_centroid,1,1
1691,40.889398,-74.045698,34003,zip_centroid,150,28
1692,40.890317,-74.011478,34003,zip_centroid,10,4
1693,40.890964,-73.846239,36005,zip_centroid,1,1
1694,40.891197,-73.972515,34003,zip_centroid,10,2
1695,40.897548,-74.154121,34031,zip_centroid,5,1
1696,40.900359,-72.428605,36103,zip_centroid,3,1
1697,40.903454,-81.433282,39151,zip_centroid,1,1
1698,40.907804,-73.127479,36103,zip_centroid,2,2
1699,40.910025,-79.945191,42019,zip_centroid,10,1
1700,40.913456,-73.045674,36103,zip_centroid,7,8
1701,40.918593,-81.128745,39151,zip_centroid,3,1
1702,40.91919,-73.125015,36103,zip_centroid,66,11
1703,40.928102,-72.648249,36103,zip_centroid,4,3
1704,40.945179,-90.386567,17095,zip_centroid,56,2
1705,40.947299,-74.070169,34003,zip_centroid,24,8
1706,40.951974,-75.953925,42079,zip_centroid,25,2
1707,40.956158,-98.414569,31079,zip_centroid,22,10
1708,40.967289,-75.288004,42089,zip_centroid,3,1
1709,40.967407,-74.306967,34027,zip_centroid,3,1
1710,40.968662,-76.603296,42093,zip_centroid,46,1
1711,40.974977,-76.94515,42119,zip_centroid,30,1
1712,40.975812,-111.899335,49011,zip_centroid,11,2
1713,40.981591,-74.113506,34003,zip_centroid,10,2
1714,41.020135,-81.63068,39153,zip_centroid,5,1
1715,41.025937,-80.666955,39099,zip_centroid,8,1
1716,41.025894,-83.648894,39063,zip_centroid,9,3
1717,41.03289,-73.764783,36119,zip_centroid,22,8
1718,41.037603,-73.624339,09001,zip_centroid,39,3
1719,41.04236,-75.175818,42089,zip_centroid,25,1
1720,41.05404,-80.339414,42073,zip_centroid,15,1
1721,41.054212,-85.239056,18003,zip_centroid,26,8
1722,41.054594,-74.047298,34003,zip_centroid,206,8
1723,41.057287,-74.802737,34037,zip_centroid,2,1
1724,41.059347,-73.544384,09001,zip_centroid,37,4
1725,41.0598,-81.740386,39103,zip_centroid,1,1
1726,41.069221,-81.546525,39153,zip_centroid,7,1
1727,41.071512,-73.747093,36119,zip_centroid,205,12
1728,41.078671,-94.401822,19175,zip_centroid,16,1
1729,41.079611,-73.54608,09001,city_centroid,11,2
1730,41.081805,-81.517451,39153,zip_centroid,2,1
1731,41.082659,-73.848578,36119,zip_centroid,20,3
1732,41.085888,-81.509129,39153,zip_centroid,7,4
1733,41.087378,-73.780369,36119,zip_centroid,11,3
1734,41.088193,-85.142791,18003,city_centroid,1,1
1735,41.088841,-73.926471,36087,zip_centroid,4,1
1736,41.08945,-81.538489,39153,zip_centroid,3,3
1737,41.092739,-73.419796,09001,city_centroid,10,1
1738,41.099095,-80.645902,39099,city_centroid,9,1
1739,41.100082,-104.924884,56021,zip_centroid,17,2
1740,41.100261,-73.80073,36119,zip_centroid,1,1
1741,41.102245,-95.947634,31153,zip_centroid,34,2
1742,41.119294,-100.789525,31111,county_centroid_city_disagrees,2,1
1743,41.121818,-96.052772,31153,zip_centroid,2,2
1744,41.123512,-80.654651,39099,zip_centroid,1,1
1745,41.127423,-73.445264,09001,zip_centroid,3,2
1746,41.141354,-81.859522,39103,zip_centroid,5,1
1747,41.149885,-111.956861,49057,zip_centroid,5,1
1748,41.15698,-85.128322,18003,zip_centroid,4,3
1749,41.167936,-83.398998,39147,zip_centroid,1,1
1750,41.16897,-81.196962,39133,zip_centroid,4,1
1751,41.173039,-73.280818,09001,zip_centroid,38,4
1752,41.200584,-73.723498,36119,zip_centroid,17,2
1753,41.206021,-73.367214,09001,county_centroid,1,1
1754,41.211094,-80.497338,42085,zip_centroid,18,1
1755,41.212012,-85.108798,18003,zip_centroid,31,7
1756,41.21211,-73.206673,09001,zip_centroid,6,2
1757,41.214976,-111.889608,49057,zip_centroid,4,1
1758,41.218748,-112.032586,49057,zip_centroid,1,1
1759,41.218799,-73.045626,09009,zip_centroid,1,1
1760,41.233443,-96.197982,31055,zip_centroid,88,22
1761,41.235443,-96.052175,31055,zip_centroid,24,6
1762,41.235541,-80.74975,39155,zip_centroid,8,1
1763,41.235987,-95.853163,19155,city_centroid_large_zip,10,5
1764,41.238785,-96.002274,31055,zip_centroid,2,1
1765,41.240735,-95.964919,31055,zip_centroid,8,5
1766,41.246561,-75.875689,42079,city_centroid,42,1
1767,41.262705,-96.053475,31055,city_centroid,86,8
1768,41.263023,-96.178105,31055,zip_centroid,37,3
1769,41.263139,-96.05204,31055,zip_centroid,36,14
1770,41.26369,-89.944924,17073,zip_centroid,51,1
1771,41.26432,-95.964744,31055,zip_centroid,5,1
1772,41.265517,-96.114976,31055,zip_centroid,2,1
1773,41.272573,-72.964967,09009,zip_centroid,10,4
1774,41.272891,-73.211899,09001,zip_centroid,53,3
1775,41.284951,-73.024637,09009,zip_centroid,7,1
1776,41.288405,-73.895008,36119,zip_centroid,1,1
1777,41.293122,-72.932102,09009,zip_centroid,27,17
1778,41.303378,-84.358279,39039,zip_centroid,1,1
1779,41.306193,-72.926613,09009,zip_centroid,123,29
1780,41.310809,-72.924953,09009,city_centroid,131,24
1781,41.311612,-76.889212,42081,zip_centroid,10,1
1782,41.312466,-81.809769,39035,zip_centroid,5,1
1783,41.31727,-72.926373,09009,zip_centroid,52,20
1784,41.326124,-73.082574,09009,zip_centroid,40,4
1785,41.33152,-75.972862,42079,city_centroid,1,1
1786,41.331777,-72.696816,09009,zip_centroid,45,6
1787,41.334165,-89.142245,17099,zip_centroid,56,3
1788,41.345044,-76.857249,42081,zip_centroid,3,1
1789,41.357774,-71.789616,44009,zip_centroid,26,3
1790,41.357927,-83.110237,39143,zip_centroid,1,1
1791,41.36173,-72.156576,09011,zip_centroid,42,4
1792,41.363392,-96.051876,31055,zip_centroid,13,1
1793,41.370016,-88.434265,17063,zip_centroid,1,1
1794,41.372095,-88.865127,17099,zip_centroid,57,2
1795,41.376642,-81.787317,39035,zip_centroid,6,3
1796,41.377849,-73.457463,09001,zip_centroid,10,3
1797,41.378475,-79.672744,42121,zip_centroid,18,1
1798,41.381465,-72.856371,09009,zip_centroid,40,6
1799,41.383276,-81.65469,39035,zip_centroid,6,3
1800,41.389301,-89.439863,17011,zip_centroid,51,1
1801,41.390459,-81.7353,39035,zip_centroid,9,1
1802,41.396593,-72.942327,09009,county_centroid,1,1
1803,41.40206,-87.325371,18089,zip_centroid,44,3
1804,41.407325,-75.643713,42069,zip_centroid,15,1
1805,41.41952,-82.713212,39043,zip_centroid,9,4
1806,41.420701,-92.896694,19125,zip_centroid,9,1
1807,41.426455,-75.59293,42069,zip_centroid,1,1
1808,41.430879,-72.91199,09009,zip_centroid,4,1
1809,41.437899,-96.491294,31053,zip_centroid,1,1
1810,41.444141,-81.698357,39035,zip_centroid,16,4
1811,41.444922,-74.423573,36071,city_centroid,1,1
1812,41.4451,-82.005109,39093,zip_centroid,23,5
1813,41.446544,-74.478741,36071,zip_centroid,2,1
1814,41.449531,-81.930162,39035,zip_centroid,11,5
1815,41.457782,-81.789892,39035,zip_centroid,23,10
1816,41.457895,-87.002008,18127,zip_centroid,23,1
1817,41.462045,-75.630622,42069,zip_centroid,20,1
1818,41.468381,-87.509187,18089,zip_centroid,34,7
1819,41.469472,-81.512415,39035,zip_centroid,34,7
1820,41.478462,-81.679435,39035,city_centroid,166,33
1821,41.480697,-90.487167,17161,zip_centroid,9,1
1822,41.482028,-87.334679,18089,zip_centroid,2,2
1823,41.483241,-81.697166,39035,zip_centroid,1,1
1824,41.49888,-81.470711,39035,zip_centroid,26,8
1825,41.505341,-81.605432,39035,zip_centroid,173,44
1826,41.508158,-87.960979,17197,zip_centroid,50,9
1827,41.518185,-87.244908,18089,zip_centroid,24,2
1828,41.518596,-83.579118,39173,zip_centroid,13,3
1829,41.538608,-87.684404,17031,zip_centroid,2,1
1830,41.541906,-72.823409,09009,zip_centroid,9,2
1831,41.54751,-87.503268,18089,zip_centroid,26,4
1832,41.548006,-72.089454,09011,zip_centroid,11,7
1833,41.550619,-73.071234,09009,zip_centroid,38,4
1834,41.558788,-85.87665,18039,zip_centroid,8,2
1835,41.562678,-93.814626,19049,zip_centroid,26,3
1836,41.570155,-90.470122,19163,zip_centroid,16,2
1837,41.573605,-87.786711,17031,zip_centroid,2,1
1838,41.574029,-87.683706,17031,zip_centroid,30,1
1839,41.574823,-83.686622,39095,zip_centroid,25,5
1840,41.578209,-81.19126,39055,zip_centroid,10,3
1841,41.584192,-93.621998,19153,zip_centroid,73,10
1842,41.596424,-73.888844,36027,zip_centroid,1,1
1843,41.602698,-87.962605,17197,zip_centroid,6,1
1844,41.604176,-93.879689,19049,zip_centroid,77,11
1845,41.60446,-83.627515,39095,zip_centroid,1,1
1846,41.604964,-93.6312,19153,zip_centroid,65,6
1847,41.607605,-88.431708,17093,zip_centroid,19,1
1848,41.608629,-93.599579,19153,zip_centroid,4,1
1849,41.610251,-87.653038,17031,zip_centroid,19,3
1850,41.613641,-87.552122,17031,zip_centroid,1,1
1851,41.613586,-93.799124,19153,zip_centroid,62,4
1852,41.626852,-87.840615,17031,zip_centroid,71,4
1853,41.630635,-80.153636,42039,zip_centroid,5,1
1854,41.633667,-70.871362,25005,zip_centroid,2,2
1855,41.635557,-93.818504,19049,zip_centroid,1,1
1856,41.648386,-91.596793,19103,zip_centroid,2,2
1857,41.650459,-87.451123,18089,zip_centroid,18,1
1858,41.657058,-88.225243,17197,zip_centroid,11,1
1859,41.658372,-83.408909,39095,zip_centroid,1,1
1860,41.662446,-87.789969,17031,zip_centroid,13,1
1861,41.662939,-91.54355,19103,zip_centroid,134,21
1862,41.664195,-83.728053,39095,zip_centroid,1,1
1863,41.669245,-80.67011,39007,zip_centroid,1,1
1864,41.670274,-86.252661,18141,zip_centroid,3,1
1865,41.673136,-83.611414,39095,zip_centroid,12,2
1866,41.673639,-72.859729,09003,zip_centroid,1,1
1867,41.67653,-81.328167,39085,zip_centroid,24,4
1868,41.676555,-72.786161,09003,city_centroid,9,1
1869,41.679872,-83.528913,39095,zip_centroid,6,3
1870,41.689234,-86.86512,18091,zip_centroid,1,1
1871,41.690145,-72.79194,09003,zip_centroid,2,2
1872,41.700591,-83.738852,39095,zip_centroid,31,2
1873,41.701615,-71.455217,44003,zip_centroid,3,1
1874,41.702956,-83.650077,39095,zip_centroid,11,4
1875,41.703438,-87.779542,17031,zip_centroid,10,5
1876,41.707463,-72.538932,09003,zip_centroid,24,3
1877,41.707792,-73.910601,36027,zip_centroid,7,2
1878,41.708239,-72.208548,09015,zip_centroid,1,1
1879,41.714116,-87.752771,17031,zip_centroid,35,5
1880,41.726631,-93.630839,19153,zip_centroid,61,2
1881,41.727137,-71.109858,25005,zip_centroid,1,1
1882,41.734791,-77.315756,42117,zip_centroid,1,1
1883,41.740256,-111.841764,49005,city_centroid_large_zip,3,1
1884,41.743074,-87.929214,17043,zip_centroid,6,1
1885,41.745439,-88.241209,17043,zip_centroid,30,1
1886,41.748587,-72.696006,09003,zip_centroid,7,5
1887,41.758878,-88.371865,17089,zip_centroid,20,1
1888,41.761165,-72.717868,09003,county_centroid,7,4
1889,41.764585,-88.144165,17043,zip_centroid,19,7
1890,41.765103,-72.670756,09003,zip_centroid,1,1
1891,41.765933,-72.681579,09003,city_centroid,32,10
1892,41.772177,-71.354407,44007,zip_centroid,1,1
1893,41.773262,-72.704433,09003,zip_centroid,30,4
1894,41.782504,-87.602734,17031,zip_centroid,234,35
1895,41.785273,-71.396227,44007,zip_centroid,32,10
1896,41.789443,-88.083984,17043,zip_centroid,21,9
1897,41.790064,-88.205593,17043,zip_centroid,1,1
1898,41.79404,-72.85398,09003,zip_centroid,6,1
1899,41.800683,-87.928172,17043,zip_centroid,31,7
1900,41.802645,-72.521039,09003,zip_centroid,8,2
1901,41.803261,-87.597934,17031,zip_centroid,4,3
1902,41.81107,-88.024525,17043,zip_centroid,30,1
1903,41.819233,-71.410245,44007,zip_centroid,82,24
1904,41.823056,-71.418784,44007,city_centroid,2,2
1905,41.823293,-88.188633,17043,zip_centroid,63,3
1906,41.82952,-89.477113,17103,zip_centroid,34,1
1907,41.831896,-86.230837,26021,zip_centroid,35,2
1908,41.834072,-73.131409,09005,zip_centroid,35,4
1909,41.836395,-87.953173,17043,zip_centroid,30,2
1910,41.839025,-71.43925,44007,zip_centroid,2,1
1911,41.839468,-71.389175,44007,zip_centroid,6,6
1912,41.844883,-87.624032,17031,zip_centroid,1,1
1913,41.84688,-87.670664,17031,zip_centroid,6,1
1914,41.858344,-87.83791,17031,zip_centroid,12,2
1915,41.872468,-87.789331,17031,zip_centroid,9,1
1916,41.873621,-88.156243,17043,zip_centroid,1,1
1917,41.874806,-87.654543,17031,zip_centroid,15,9
1918,41.878343,-88.342072,17089,zip_centroid,56,3
1919,41.879817,-87.84387,17031,zip_centroid,43,3
1920,41.880511,-87.687867,17031,zip_centroid,133,25
1921,41.881259,-87.637452,17031,zip_centroid,2,1
1922,41.882062,-70.631289,25023,zip_centroid,6,4
1923,41.882997,-87.644114,17031,zip_centroid,1,1
1924,41.894742,-87.615073,17031,zip_centroid,183,29
1925,41.896843,-87.94124,17043,zip_centroid,15,4
1926,41.901263,-88.76155,17037,zip_centroid,55,3
1927,41.90194,-72.547377,09003,zip_centroid,1,1
1928,41.902354,-84.064698,26091,zip_centroid,1,1
1929,41.903491,-87.86177,17031,zip_centroid,7,1
1930,41.939411,-87.650704,17031,zip_centroid,31,1
1931,41.946718,-87.746887,17031,zip_centroid,4,1
1932,41.947568,-87.702647,17031,zip_centroid,1,1
1933,41.960425,-83.429323,26115,zip_centroid,1,1
1934,41.965959,-91.566054,19113,zip_centroid,37,4
1935,41.973067,-76.530371,42015,zip_centroid,17,7
1936,41.973081,-87.699751,17031,zip_centroid,12,2
1937,41.975486,-91.659172,19113,zip_centroid,1,1
1938,41.994769,-87.813104,17031,zip_centroid,4,1
1939,42.013286,-94.376733,19073,zip_centroid,4,1
1940,42.013588,-87.844655,17031,zip_centroid,37,5
1941,42.023172,-91.659613,19113,zip_centroid,8,2
1942,42.023966,-87.999755,17031,zip_centroid,1,1
1943,42.028351,-87.811304,17031,zip_centroid,19,4
1944,42.030826,-93.5883,19169,zip_centroid,46,4
1945,42.034133,-87.729445,17031,zip_centroid,3,1
1946,42.036154,-87.756328,17031,zip_centroid,10,4
1947,42.040644,-88.311296,17089,zip_centroid,30,1
1948,42.049806,-92.900739,19127,zip_centroid,35,1
1949,42.053554,-87.670259,17031,zip_centroid,3,1
1950,42.054277,-86.4626,26021,zip_centroid,37,4
1951,42.054745,-87.692382,17031,zip_centroid,41,12
1952,42.061338,-71.245802,25021,zip_centroid,17,6
1953,42.064472,-87.98669,17031,zip_centroid,19,3
1954,42.06492,-94.870021,19027,zip_centroid,26,1
1955,42.085446,-93.849635,19015,zip_centroid,4,1
1956,42.092205,-87.837913,17031,zip_centroid,55,4
1957,42.115454,-72.539978,25013,city_centroid,14,1
1958,42.116594,-80.073503,42049,city_centroid,13,1
1959,42.11914,-80.127883,42049,zip_centroid,35,1
1960,42.131459,-83.217792,26163,zip_centroid,30,1
1961,42.146498,-88.164654,17031,zip_centroid,30,2
1962,42.158692,-71.521419,25027,zip_centroid,17,10
1963,42.166731,-70.952363,25021,zip_centroid,21,10
1964,42.170436,-75.943434,36007,zip_centroid,1,1
1965,42.173681,-87.878362,17097,zip_centroid,1,1
1966,42.173915,-88.444659,17111,zip_centroid,3,1
1967,42.185968,-87.805939,17097,zip_centroid,25,2
1968,42.187389,-71.192477,25021,zip_centroid,1,1
1969,42.194034,-83.639984,26161,zip_centroid,70,6
1970,42.210237,-88.169491,17097,city_centroid_zip_spans_counties,2,1
1971,42.210674,-83.157208,26163,zip_centroid,28,1
1972,42.213509,-83.356115,26163,zip_centroid,1,1
1973,42.225629,-84.323633,26075,zip_centroid,1,1
1974,42.230279,-88.329654,17111,zip_centroid,30,1
1975,42.235997,-87.864777,17097,zip_centroid,42,2
1976,42.243441,-84.404858,26075,city_centroid_large_zip,31,1
1977,42.244354,-83.62116,26163,city_centroid,30,2
1978,42.254749,-71.127072,25025,zip_centroid,1,1
1979,42.255157,-89.002313,17201,zip_centroid,5,1
1980,42.26135,-83.846458,26161,zip_centroid,3,3
1981,42.269478,-71.807783,25027,city_centroid,28,10
1982,42.274268,-85.493081,26077,zip_centroid,15,2
1983,42.275163,-85.588501,26077,city_centroid_large_zip,12,2
1984,42.276147,-83.73086,26163,city_centroid,54,6
1985,42.286081,-83.487072,26163,zip_centroid,66,3
1986,42.289683,-71.787793,25027,zip_centroid,7,6
1987,42.291245,-83.708195,26161,zip_centroid,171,31
1988,42.292606,-87.945317,17097,zip_centroid,32,3
1989,42.298036,-83.24761,26163,zip_centroid,13,1
1990,42.302591,-85.588193,26077,zip_centroid,45,3
1991,42.306605,-88.990894,17201,zip_centroid,25,2
1992,42.308175,-71.113471,25025,zip_centroid,3,1
1993,42.312205,-84.0341,26161,zip_centroid,67,3
1994,42.313887,-71.794185,25027,zip_centroid,2,2
1995,42.314321,-71.152778,25021,zip_centroid,5,2
1996,42.314779,-71.192017,25017,zip_centroid,1,1
1997,42.323853,-71.142003,25025,city_centroid,1,1
1998,42.324058,-87.86157,17097,zip_centroid,3,3
1999,42.325573,-83.483576,26163,zip_centroid,1,1
2000,42.327634,-83.696444,26161,zip_centroid,14,7
2001,42.328207,-122.797427,41029,zip_centroid,9,3
2002,42.329613,-88.293245,17111,zip_centroid,1,1
2003,42.330326,-83.187133,26163,zip_centroid,33,5
2004,42.331675,-71.255947,25017,zip_centroid,5,3
2005,42.335635,-88.046782,17097,zip_centroid,38,1
2006,42.33786,-71.069805,25025,zip_centroid,22,3
2007,42.338551,-71.018253,25025,city_centroid,11,5
2008,42.339422,-71.094531,25025,zip_centroid,105,21
2009,42.343499,-71.122244,25021,zip_centroid,2,2
2010,42.34703,-83.060048,26163,zip_centroid,149,31
2011,42.347635,-71.103082,25025,zip_centroid,399,44
2012,42.349688,-71.153964,25025,zip_centroid,7,3
2013,42.35068,-71.060527,25025,zip_centroid,35,3
2014,42.362505,-71.08096,25017,zip_centroid,1,1
2015,42.363651,-71.066888,25025,zip_centroid,199,29
2016,42.374597,-83.077652,26163,zip_centroid,132,20
2017,42.383037,-83.102237,26163,city_centroid,3,3
2018,42.391685,-85.201106,26025,zip_centroid,36,1
2019,42.398181,-83.372359,26163,zip_centroid,67,2
2020,42.400077,-71.123088,25017,zip_centroid,2,1
2021,42.40153,-71.252997,25017,zip_centroid,1,1
2022,42.422583,-82.89285,26163,zip_centroid,27,7
2023,42.431831,-76.500228,36109,zip_centroid,5,2
2024,42.432313,-123.331772,41033,city_centroid_large_zip,3,1
2025,42.452752,-71.144319,25017,zip_centroid,2,1
2026,42.454302,-73.282074,25003,zip_centroid,1,1
2027,42.459988,-87.865021,17097,zip_centroid,42,15
2028,42.461502,-92.313745,19013,zip_centroid,2,1
2029,42.461778,-83.229942,26125,zip_centroid,19,2
2030,42.463342,-83.348054,26125,zip_centroid,13,2
2031,42.46608,-82.946341,26099,zip_centroid,1,1
2032,42.473843,-83.519976,26125,zip_centroid,15,2
2033,42.474208,-71.097665,25017,zip_centroid,5,1
2034,42.485648,-83.375961,26125,city_centroid,1,1
2035,42.490558,-83.137524,26125,zip_centroid,2,1
2036,42.49164,-94.187122,19187,zip_centroid,46,3
2037,42.503227,-71.201713,25017,city_centroid,28,6
2038,42.504694,-83.349204,26125,zip_centroid,30,8
2039,42.505368,-83.473579,26125,zip_centroid,35,2
2040,42.505863,-83.781249,26093,zip_centroid,23,1
2041,42.507259,-83.10337,26125,zip_centroid,3,2
2042,42.515746,-82.982986,26099,zip_centroid,1,1
2043,42.51589,-83.016483,26099,zip_centroid,28,7
2044,42.519181,-83.164361,26125,zip_centroid,31,15
2045,42.53431,-70.969443,25009,zip_centroid,19,2
2046,42.537824,-83.384526,26125,zip_centroid,36,1
2047,42.558228,-83.008926,26099,zip_centroid,3,2
2048,42.560629,-83.175582,26125,zip_centroid,8,5
2049,42.561695,-87.891757,55059,zip_centroid,33,1
2050,42.563807,-114.460597,16083,city_centroid_large_zip,24,1
2051,42.567939,-83.75629,26093,zip_centroid,68,3
2052,42.570141,-77.733764,36051,zip_centroid,3,1
2053,42.570442,-70.867693,25009,zip_centroid,12,2
2054,42.574174,-70.950516,25009,zip_centroid,4,3
2055,42.584512,-76.190686,36023,zip_centroid,2,1
2056,42.598055,-82.881506,26099,zip_centroid,8,2
2057,42.598433,-83.17845,26125,zip_centroid,8,6
2058,42.603611,-82.941283,26099,zip_centroid,34,2
2059,42.604032,-83.122111,26125,zip_centroid,17,2
2060,42.612074,-83.053489,26099,zip_centroid,2,2
2061,42.620291,-70.677956,25009,zip_centroid,11,1
2062,42.626505,-83.291425,26125,zip_centroid,62,8
2063,42.649481,-71.348229,25017,zip_centroid,2,1
2064,42.650226,-82.928905,26099,zip_centroid,30,5
2065,42.653031,-73.809978,36001,zip_centroid,14,7
2066,42.6636,-88.280304,55101,zip_centroid,33,2
2067,42.67419,-73.782047,36001,zip_centroid,18,7
2068,42.689322,-89.131287,55105,zip_centroid,10,2
2069,42.697056,-84.52504,26065,zip_centroid,18,3
2070,42.717889,-83.428715,26125,zip_centroid,32,7
2071,42.722511,-74.895371,36077,zip_centroid,3,3
2072,42.727644,-87.829134,55101,zip_centroid,9,2
2073,42.734536,-87.864893,55101,zip_centroid,33,1
2074,42.738361,-84.524017,26065,zip_centroid,55,4
2075,42.742641,-71.178651,25009,zip_centroid,14,5
2076,42.770358,-82.528976,26147,zip_centroid,24,2
2077,42.812358,-70.891095,25009,zip_centroid,2,1
2078,42.82134,-73.92093,36093,zip_centroid,3,1
2079,42.832778,-86.130421,26139,zip_centroid,4,2
2080,42.852284,-73.785597,36091,zip_centroid,5,2
2081,42.856357,-77.303497,36069,zip_centroid,3,1
2082,42.861134,-78.863606,36029,zip_centroid,23,10
2083,42.868588,-71.387247,33015,zip_centroid,6,3
2084,42.875371,-88.341581,55133,zip_centroid,35,1
2085,42.878693,-87.898676,55079,zip_centroid,31,1
2086,42.88081,-78.810156,36029,zip_centroid,1,1
2087,42.886404,-88.012027,55079,zip_centroid,9,4
2088,42.889751,-97.392687,46135,city_centroid_large_zip,16,4
2089,42.892492,-78.859686,36029,city_centroid,123,10
2090,42.895765,-85.71951,26081,zip_centroid,42,1
2091,42.915648,-97.446689,46135,zip_centroid,1,1
2092,42.917704,-76.554611,36011,zip_centroid,1,1
2093,42.928949,-78.750273,36029,zip_centroid,2,1
2094,42.93291,-85.535868,26081,zip_centroid,119,30
2095,42.934545,-78.810223,36029,zip_centroid,1,1
2096,42.937632,-74.173325,36057,zip_centroid,1,1
2097,42.950505,-87.860883,55079,zip_centroid,24,1
2098,42.956116,-71.442385,33011,zip_centroid,12,3
2099,42.961156,-85.65557,26081,city_centroid,1,1
2100,42.96212,-85.659394,26081,zip_centroid,109,32
2101,42.969046,-88.043224,55079,zip_centroid,1,1
2102,42.970345,-78.798005,36029,zip_centroid,1,1
2103,42.97393,-88.095566,55133,zip_centroid,19,1
2104,42.97878,-70.97968,33015,zip_centroid,2,1
2105,42.980793,-76.223386,36067,zip_centroid,9,3
2106,42.983609,-82.458315,26147,zip_centroid,10,2
2107,42.984481,-78.722761,36029,zip_centroid,11,5
2108,42.986733,-77.434439,36069,zip_centroid,2,2
2109,42.995814,-88.042017,55079,zip_centroid,34,1
2110,42.998726,-83.710153,26049,zip_centroid,53,5
2111,42.999273,-87.943018,55079,zip_centroid,40,6
2112,43.009552,-71.439782,33011,zip_centroid,1,1
2113,43.011068,-83.794875,26049,zip_centroid,17,3
2114,43.020011,-88.294411,55133,zip_centroid,38,4
2115,43.02227,-87.976617,55079,zip_centroid,6,3
2116,43.03142,-76.125816,36067,zip_centroid,57,19
2117,43.036914,-87.933508,55079,zip_centroid,34,2
2118,43.043513,-76.150663,36067,zip_centroid,2,2
2119,43.045456,-76.306671,36067,zip_centroid,12,3
2120,43.046188,-88.477445,55133,city_centroid_large_zip,34,1
2121,43.050631,-88.043161,55079,zip_centroid,204,33
2122,43.05374,-83.338704,26087,zip_centroid,10,2
2123,43.05561,-89.387808,55025,zip_centroid,8,4
2124,43.058889,-88.15252,55133,zip_centroid,9,2
2125,43.061915,-75.660092,36053,zip_centroid,1,1
2126,43.063348,-87.966695,55079,city_centroid,3,3
2127,43.067686,-89.521056,55025,zip_centroid,1,1
2128,43.068886,-87.973815,55079,zip_centroid,3,2
2129,43.074014,-89.460509,55025,zip_centroid,31,11
2130,43.074812,-70.805443,33015,zip_centroid,3,3
2131,43.075022,-89.409969,55025,zip_centroid,2,2
2132,43.077166,-89.430412,55025,zip_centroid,121,28
2133,43.081401,-88.034966,55079,zip_centroid,1,1
2134,43.083056,-87.883305,55079,zip_centroid,9,3
2135,43.084577,-88.790993,55055,zip_centroid,14,1
2136,43.087349,-77.641862,36055,zip_centroid,5,1
2137,43.087815,-89.429856,55025,city_centroid,2,2
2138,43.097019,-89.274603,55025,zip_centroid,44,2
2139,43.101955,-76.037845,36067,zip_centroid,28,8
2140,43.109963,-70.733833,23031,zip_centroid,1,1
2141,43.113916,-88.489195,55133,zip_centroid,35,1
2142,43.114542,-77.554976,36055,zip_centroid,3,3
2143,43.122834,-77.625114,36055,zip_centroid,103,22
2144,43.127801,-87.949434,55079,zip_centroid,33,1
2145,43.128342,-77.604424,36055,zip_centroid,5,2
2146,43.1283,-77.731411,36055,zip_centroid,1,1
2147,43.144012,-75.581897,36065,zip_centroid,14,1
2148,43.148316,-77.646987,36055,zip_centroid,1,1
2149,43.159411,-88.121548,55133,zip_centroid,32,1
2150,43.161027,-87.988111,55079,zip_centroid,1,1
2151,43.16646,-70.679004,23031,zip_centroid,2,2
2152,43.169927,-77.616891,36055,city_centroid,3,3
2153,43.171047,-77.697953,36055,zip_centroid,2,1
2154,43.177125,-77.551821,36055,zip_centroid,1,1
2155,43.177117,-86.199527,26121,zip_centroid,26,5
2156,43.189939,-77.603649,36055,zip_centroid,7,3
2157,43.213733,-77.712294,36055,zip_centroid,4,1
2158,43.217283,-77.444534,36055,zip_centroid,26,2
2159,43.232179,-88.1158,55131,zip_centroid,33,1
2160,43.238596,-71.556261,33013,zip_centroid,11,2
2161,43.242049,-88.009823,55089,zip_centroid,8,2
2162,43.280507,-82.808877,26151,zip_centroid,2,1
2163,43.31116,-73.645286,36113,zip_centroid,16,1
2164,43.331432,-70.645586,23031,zip_centroid,1,1
2165,43.332043,-87.932727,55089,zip_centroid,35,1
2166,43.348144,-83.032572,26151,zip_centroid,2,1
2167,43.378415,-84.676007,26057,zip_centroid,11,1
2168,43.381126,-124.232597,41011,city_centroid_large_zip,17,1
2169,43.387671,-88.158285,55131,zip_centroid,31,1
2170,43.395947,-70.570221,23031,zip_centroid,3,2
2171,43.411936,-70.737326,23031,zip_centroid,15,4
2172,43.419945,-83.950172,26145,city_centroid_large_zip,34,2
2173,43.429916,-83.433939,26157,county_centroid_city_disagrees,31,2
2174,43.438798,-76.457454,36075,zip_centroid,13,2
2175,43.487517,-83.384739,26157,zip_centroid,2,1
2176,43.492102,-70.486566,23031,zip_centroid,1,1
2177,43.498853,-116.604299,16027,zip_centroid,3,1
2178,43.499764,-83.969084,26145,zip_centroid,2,1
2179,43.520296,-96.735607,46099,zip_centroid,65,15
2180,43.531243,-96.754971,46099,zip_centroid,43,1
2181,43.540696,-96.731962,46099,city_centroid,1,1
2182,43.573569,-116.400912,16001,zip_centroid,45,2
2183,43.589627,-70.366191,23005,zip_centroid,41,12
2184,43.591442,-116.194224,16001,zip_centroid,47,3
2185,43.603016,-96.704273,46099,zip_centroid,64,11
2186,43.603805,-83.955411,26017,zip_centroid,11,2
2187,43.609972,-116.529149,16027,zip_centroid,64,3
2188,43.616033,-84.795459,26073,zip_centroid,16,3
2189,43.617164,-116.093176,16001,zip_centroid,44,4
2190,43.62287,-95.583243,27105,zip_centroid,11,1
2191,43.624796,-84.231984,26145,city_centroid,12,2
2192,43.631402,-70.285989,23005,zip_centroid,23,4
2193,43.632568,-72.234816,33009,zip_centroid,5,2
2194,43.635428,-72.253837,33009,city_centroid,79,11
2195,43.647933,-72.343999,50027,zip_centroid,3,1
2196,43.654353,-70.297611,23005,zip_centroid,17,4
2197,43.660887,-93.324563,27047,zip_centroid,5,2
2198,43.664057,-116.651729,16027,zip_centroid,44,1
2199,43.665484,-116.14435,16001,zip_centroid,1,1
2200,43.697682,-85.482957,26107,zip_centroid,2,1
2201,43.70792,-70.352602,23005,zip_centroid,12,1
2202,43.710329,-87.733076,55117,zip_centroid,51,6
2203,43.710912,-98.040449,46035,zip_centroid,12,1
2204,43.772182,-88.440264,55039,city_centroid_large_zip,5,1
2205,43.806243,-91.140632,55063,zip_centroid,60,7
2206,43.86923,-116.492119,16045,city_centroid_large_zip,2,1
2207,43.887982,-69.826723,23023,zip_centroid,7,1
2208,43.896335,-85.53535,26133,zip_centroid,35,2
2209,43.896431,-69.973487,23005,zip_centroid,8,3
2210,43.964977,-69.955624,23023,zip_centroid,4,3
2211,43.969273,-116.911632,16075,zip_centroid,38,1
2212,43.969729,-88.950033,55047,city_centroid_zip_spans_counties,5,1
2213,43.971301,-92.507871,27109,zip_centroid,9,5
2214,43.98397,-84.487229,26051,city_centroid_large_zip,10,1
2215,44.014299,-92.478592,27109,city_centroid,2,2
2216,44.022351,-69.490756,23015,zip_centroid,4,1
2217,44.0234,-88.623839,55139,zip_centroid,38,4
2218,44.025336,-116.977368,41045,city_centroid_large_zip,39,2
2219,44.026076,-88.176312,55015,zip_centroid,9,2
2220,44.055948,-92.525906,27109,zip_centroid,280,35
2221,44.056683,-121.307991,41017,city_centroid_large_zip,31,7
2222,44.058465,-123.011597,41039,zip_centroid,11,4
2223,44.067988,-123.080181,41039,zip_centroid,65,22
2224,44.077657,-92.497063,27109,zip_centroid,3,2
2225,44.121777,-103.201222,46103,zip_centroid,14,2
2226,44.128169,-93.978991,27013,zip_centroid,8,3
2227,44.180604,-69.122109,23013,zip_centroid,6,1
2228,44.182337,-88.527647,55139,zip_centroid,10,1
2229,44.215871,-87.594706,55071,zip_centroid,33,1
2230,44.225867,-70.610021,23017,zip_centroid,1,1
2231,44.273789,-84.236589,26129,city_centroid_large_zip,2,1
2232,44.278873,-88.388284,55087,city_centroid_zip_spans_counties,11,4
2233,44.281132,-121.191819,41017,zip_centroid,15,2
2234,44.281533,-88.381003,55087,zip_centroid,33,6
2235,44.29264,-72.624688,50023,zip_centroid,20,1
2236,44.306837,-94.469485,27015,zip_centroid,18,1
2237,44.350048,-89.070003,55135,city_centroid_large_zip,6,1
2238,44.35191,-69.747615,23011,zip_centroid,12,3
2239,44.371153,-122.289743,41043,zip_centroid,1,1
2240,44.375163,-100.319996,46065,city_centroid_large_zip,17,5
2241,44.392923,-89.826749,55141,city_centroid_large_zip,31,2
2242,44.404723,-71.983074,50005,zip_centroid,23,2
2243,44.410204,-88.761688,55135,zip_centroid,3,1
2244,44.436606,-95.746316,27083,zip_centroid,6,2
2245,44.463502,-69.037571,23027,zip_centroid,4,2
2246,44.474157,-73.196366,50007,zip_centroid,35,5
2247,44.475181,-73.217857,50007,zip_centroid,47,4
2248,44.480319,-87.892082,55009,zip_centroid,35,1
2249,44.480778,-88.016063,55009,zip_centroid,46,5
2250,44.521242,-109.057469,56029,city_centroid_large_zip,17,1
2251,44.522502,-89.646137,55097,zip_centroid,26,2
2252,44.527632,-100.309123,46065,zip_centroid,1,1
2253,44.543349,-88.047176,55009,zip_centroid,37,1
2254,44.544396,-90.632781,55019,zip_centroid,5,1
2255,44.550416,-89.509449,55097,zip_centroid,59,2
2256,44.637705,-90.196801,55141,zip_centroid,59,2
2257,44.647997,-123.259576,41003,zip_centroid,9,5
2258,44.65345,-123.139526,41043,zip_centroid,1,1
2259,44.743442,-93.510032,27139,zip_centroid,33,1
2260,44.751984,-91.514998,55035,zip_centroid,56,3
2261,44.754309,-85.603011,26055,city_centroid_zip_spans_counties,43,2
2262,44.778472,-93.272269,27037,zip_centroid,41,8
2263,44.778789,-88.634568,55115,zip_centroid,6,1
2264,44.784461,-68.734559,23019,zip_centroid,19,6
2265,44.796219,-106.964166,56033,city_centroid_large_zip,3,1
2266,44.796293,-117.783263,41001,zip_centroid,17,2
2267,44.80239,-93.139126,27037,zip_centroid,1,1
2268,44.810787,-93.636252,27019,zip_centroid,16,2
2269,44.829625,-68.788767,23019,city_centroid_large_zip,2,1
2270,44.834611,-91.520448,55035,zip_centroid,2,2
2271,44.843613,-87.37279,55029,zip_centroid,37,1
2272,44.851169,-93.22608,27053,zip_centroid,2,2
2273,44.861222,-93.784034,27019,zip_centroid,29,1
2274,44.87369,-88.182068,55083,zip_centroid,31,1
2275,44.873981,-93.335255,27053,zip_centroid,64,7
2276,44.88996,-89.520725,55073,zip_centroid,63,3
2277,44.906117,-93.235387,27053,zip_centroid,6,3
2278,44.909188,-97.155685,46029,city_centroid_large_zip,1,1
2279,44.918031,-92.938277,27163,zip_centroid,36,6
2280,44.931901,-93.121291,27123,zip_centroid,64,5
2281,44.935036,-93.253029,27053,zip_centroid,78,9
2282,44.946356,-91.394524,55017,zip_centroid,9,1
2283,44.949373,-93.340994,27053,zip_centroid,66,7
2284,44.950764,-93.087571,27123,zip_centroid,84,13
2285,44.951839,-123.006246,41047,zip_centroid,12,5
2286,44.956566,-93.381654,27053,zip_centroid,18,13
2287,44.961913,-93.261349,27053,zip_centroid,25,16
2288,44.96669,-93.195072,27123,zip_centroid,1,1
2289,44.966821,-89.709421,55073,zip_centroid,33,4
2290,44.973346,-93.243708,27053,zip_centroid,14,1
2291,44.974644,-93.257815,27053,zip_centroid,36,1
2292,44.975487,-93.235337,27053,zip_centroid,84,22
2293,44.978381,-93.222449,27053,zip_centroid,2,1
2294,44.981214,-92.694785,55109,zip_centroid,2,1
2295,44.985726,-92.921431,27163,county_centroid_city_disagrees,1,1
2296,45.009275,-93.341105,27053,zip_centroid,29,2
2297,45.016634,-93.026716,27123,zip_centroid,46,11
2298,45.07442,-92.841577,27163,zip_centroid,26,1
2299,45.076169,-87.698833,55075,zip_centroid,34,2
2300,45.094306,-83.476214,26007,zip_centroid,10,1
2301,45.096702,-93.253726,27003,zip_centroid,5,3
2302,45.102185,-95.041816,27067,zip_centroid,20,1
2303,45.120019,-92.51979,55109,zip_centroid,33,1
2304,45.122181,-89.170872,55067,zip_centroid,27,2
2305,45.127366,-93.4492,27053,zip_centroid,38,11
2306,45.135433,-90.343502,55119,city_centroid_large_zip,16,1
2307,45.160411,-93.314839,27003,zip_centroid,69,8
2308,45.300334,-93.847481,27171,zip_centroid,20,1
2309,45.320278,-122.536461,41005,zip_centroid,35,2
2310,45.324219,-122.98733,41071,zip_centroid,35,2
2311,45.334054,-93.099884,27003,zip_centroid,16,1
2312,45.36485,-85.010701,26047,city_centroid_large_zip,12,4
2313,45.365223,-122.762255,41067,zip_centroid,14,3
2314,45.416832,-122.533128,41005,zip_centroid,34,6
2315,45.44029,-122.776604,41067,zip_centroid,12,6
2316,45.444372,-122.976426,41067,zip_centroid,1,1
2317,45.460974,-91.097573,55107,city_centroid_large_zip,8,2
2318,45.464678,-98.468104,46013,city_centroid_large_zip,15,3
2319,45.481992,-91.745762,55005,city_centroid_large_zip,45,2
2320,45.482335,-98.53254,46013,zip_centroid,1,1
2321,45.489938,-122.690453,41051,zip_centroid,149,40
2322,45.503048,-122.770132,41067,zip_centroid,93,13
2323,45.508551,-122.688283,41051,zip_centroid,2,2
2324,45.509906,-122.433165,41051,zip_centroid,11,2
2325,45.513946,-122.558527,41051,zip_centroid,1,1
2326,45.52598,-122.855888,41067,zip_centroid,1,1
2327,45.536951,-122.649971,41051,city_centroid,2,1
2328,45.538194,-122.600014,41051,zip_centroid,138,20
2329,45.544151,-122.677095,41051,zip_centroid,35,10
2330,45.544256,-122.643248,41051,zip_centroid,1,1
2331,45.545484,-122.736853,41051,zip_centroid,20,8
2332,45.569212,-122.947174,41067,zip_centroid,1,1
2333,45.569488,-93.276632,27059,zip_centroid,12,1
2334,45.574017,-94.215271,27145,zip_centroid,23,1
2335,45.575584,-93.589164,27095,zip_centroid,16,1
2336,45.61951,-122.577179,53011,zip_centroid,14,1
2337,45.630556,-122.514839,53011,zip_centroid,29,16
2338,45.634283,-89.429947,55085,city_centroid_large_zip,25,3
2339,45.683155,-111.053782,30031,city_centroid_large_zip,65,4
2340,45.705945,-121.945583,53059,zip_centroid,1,1
2341,45.709115,-121.526019,41027,city_centroid_large_zip,12,1
2342,45.723305,-122.62187,53011,zip_centroid,14,3
2343,45.774101,-87.13629,26041,zip_centroid,22,1
2344,45.774768,-108.581321,30111,zip_centroid,39,14
2345,45.788538,-108.552475,30111,city_centroid_large_zip,81,8
2346,45.825917,-91.886125,55129,city_centroid_large_zip,20,1
2347,45.826888,-88.059435,26043,city_centroid_large_zip,3,1
2348,45.866014,-89.831735,55085,zip_centroid,43,3
2349,45.959744,-86.250953,26153,city_centroid_large_zip,4,1
2350,46.006588,-91.489684,55113,city_centroid_large_zip,18,2
2351,46.032709,-112.464159,30093,zip_centroid,7,1
2352,46.094672,-113.141624,30023,zip_centroid,52,1
2353,46.101061,-118.313625,53071,zip_centroid,17,1
2354,46.129036,-92.864553,27115,city_centroid_large_zip,54,2
2355,46.145707,-122.964299,53015,city_centroid_large_zip,17,1
2356,46.214052,-119.17573,53005,zip_centroid,27,2
2357,46.343935,-94.276015,27035,zip_centroid,11,1
2358,46.355269,-94.198372,27035,city_centroid_large_zip,40,2
2359,46.372154,-94.815011,27153,city_centroid_large_zip,10,1
2360,46.448584,-92.773754,27017,zip_centroid,12,1
2361,46.519342,-120.42159,53077,county_centroid_city_disagrees,1,1
2362,46.52665,-93.704992,27001,city_centroid_large_zip,11,1
2363,46.551759,-90.845656,55003,zip_centroid,54,2
2364,46.561069,-87.451418,26103,zip_centroid,1,2
2365,46.588091,-94.287969,27035,city_centroid_zip_spans_counties,10,1
2366,46.596556,-112.021765,30049,city_centroid_large_zip,11,1
2367,46.598048,-120.534558,53077,zip_centroid,15,3
2368,46.678212,-94.102014,27035,zip_centroid,10,1
2369,46.692119,-92.080356,55031,city_centroid_large_zip,23,1
2370,46.72205,-122.970947,53041,city_centroid_large_zip,17,1
2371,46.723289,-94.396599,27021,zip_centroid,10,1
2372,46.764173,-92.082422,27137,zip_centroid,1,1
2373,46.793179,-96.838434,38017,zip_centroid,6,1
2374,46.799685,-92.092366,27137,zip_centroid,63,10
2375,46.814932,-100.698195,38015,zip_centroid,43,4
2376,46.840111,-95.827361,27005,zip_centroid,17,2
2377,46.856347,-96.82246,38017,zip_centroid,36,3
2378,46.8647,-96.82908,38017,city_centroid,47,3
2379,46.874359,-114.026136,30063,city_centroid_large_zip,66,2
2380,46.903959,-113.91929,30063,zip_centroid,19,1
2381,46.905851,-98.693579,38093,city_centroid_large_zip,13,1
2382,46.916394,-95.057932,27057,city_centroid_large_zip,13,1
2383,46.92721,-96.834819,38017,zip_centroid,15,7
2384,46.942608,-122.643159,53067,city_centroid_large_zip,3,1
2385,46.988577,-123.828523,53027,zip_centroid,18,2
2386,47.02332,-122.793549,53067,zip_centroid,22,2
2387,47.0812,-123.024841,53067,zip_centroid,8,5
2388,47.108292,-122.870623,53067,zip_centroid,16,7
2389,47.148479,-122.324136,53053,zip_centroid,12,6
2390,47.177103,-122.166173,53053,zip_centroid,5,2
2391,47.206693,-122.262642,53053,zip_centroid,2,2
2392,47.239729,-123.151915,53045,zip_centroid,3,1
2393,47.245647,-122.472399,53053,zip_centroid,55,17
2394,47.252199,-122.459832,53053,city_centroid,1,1
2395,47.296947,-122.623661,53053,zip_centroid,1,1
2396,47.305205,-122.314161,53033,zip_centroid,5,2
2397,47.30968,-122.264368,53033,zip_centroid,1,1
2398,47.339185,-93.792815,27061,city_centroid_large_zip,54,2
2399,47.372234,-122.595793,53053,zip_centroid,6,3
2400,47.395902,-92.946466,27137,city_centroid_large_zip,54,2
2401,47.431512,-120.345038,53007,zip_centroid,3,3
2402,47.447472,-122.200356,53033,zip_centroid,20,3
2403,47.487034,-94.88269,27007,city_centroid_large_zip,41,1
2404,47.502518,-111.29997,30013,city_centroid_large_zip,68,3
2405,47.535065,-122.305931,53033,zip_centroid,10,4
2406,47.557623,-122.01152,53033,zip_centroid,43,4
2407,47.568077,-95.727783,27119,zip_centroid,14,2
2408,47.589689,-122.617462,53035,zip_centroid,2,1
2409,47.597028,-92.479684,27137,zip_centroid,54,2
2410,47.600458,-122.332226,53033,zip_centroid,56,20
2411,47.609503,-122.295593,53033,zip_centroid,49,7
2412,47.610902,-122.336422,53033,zip_centroid,25,6
2413,47.618337,-122.205341,53033,zip_centroid,11,2
2414,47.619335,-122.351538,53033,city_centroid,3,3
2415,47.630583,-122.345596,53033,zip_centroid,246,36
2416,47.634441,-122.32369,53033,zip_centroid,1,1
2417,47.647242,-117.426704,53063,zip_centroid,9,5
2418,47.653833,-122.308348,53033,zip_centroid,54,11
2419,47.657011,-117.378966,53063,zip_centroid,22,5
2420,47.659861,-122.284977,53033,zip_centroid,5,2
2421,47.66291,-122.718605,53035,zip_centroid,16,4
2422,47.667527,-122.377551,53033,zip_centroid,18,1
2423,47.686361,-117.216702,53063,zip_centroid,14,4
2424,47.702887,-116.795799,16055,city_centroid_large_zip,67,2
2425,47.715809,-122.213748,53033,zip_centroid,13,4
2426,47.716883,-122.300564,53033,zip_centroid,1,1
2427,47.726282,-116.789948,16055,zip_centroid,1,1
2428,47.726351,-116.976065,16055,zip_centroid,69,3
2429,47.740485,-122.342826,53033,zip_centroid,16,4
2430,47.758924,-117.409465,53063,zip_centroid,15,4
2431,47.785815,-117.452348,53063,zip_centroid,25,15
2432,47.813604,-122.35333,53061,city_centroid,2,2
2433,47.837569,-122.333895,53061,zip_centroid,53,7
2434,47.866638,-97.141144,38035,zip_centroid,8,3
2435,47.905603,-91.850729,27137,city_centroid_large_zip,11,1
2436,47.994464,-122.186162,53061,zip_centroid,20,3
2437,48.041261,-122.826664,53031,zip_centroid,2,1
2438,48.120464,-96.200014,27113,zip_centroid,10,1
2439,48.216152,-114.327645,30029,city_centroid_large_zip,57,3
2440,48.281694,-116.560013,16017,city_centroid_large_zip,62,2
2441,48.417071,-122.311832,53057,city_centroid_large_zip,15,1
2442,48.511356,-122.232137,53057,city_centroid_large_zip,16,1
2443,48.541911,-109.677956,30041,city_centroid_large_zip,18,1
2444,48.586353,-93.407743,27071,city_centroid_large_zip,11,1
2445,48.758248,-122.50652,53073,zip_centroid,19,1
2446,61.17425,-149.284329,02020,city_centroid,17,1
2447,61.190578,-149.607154,02020,zip_centroid,3,1
2448,61.2014,-149.817502,02020,zip_centroid,48,12
2449,64.836531,-147.651745,02090,city_centroid_zip_spans_counties,16,2
