rank_zero,rank_lt20,name,name_is_placeholder,city,state,zip,county_name,county_fips,pop55_newly_covered_zero,pop55_newly_covered_lt20,tracts_within_60rdmi,county_trials,n_trials_hosted_2016plus,geocode,access_mi,lat,lon,source
1,83,Russell Medical,0,Alexander City,AL,35010,Tallapoosa,01123,108218,173928,227,0,1,zip,0.4,32.916719,-85.940589,registry_stand_in
2,143,Jackson,1,Jackson,TN,38305,Madison,47113,96820,127888,165,0,1,city_large_zip,0.2,35.65417,-88.835335,registry_stand_in
3,144,Jackson-Madison County General Hospital,0,Jackson,TN,38301,Madison,47113,96820,127888,165,0,1,city_large_zip,0.2,35.65417,-88.835335,registry_stand_in
4,145,"The Jackson Clinic, PA",0,Jackson,TN,38305,Madison,47113,96820,127888,165,0,2,city_large_zip,0.2,35.65417,-88.835335,registry_stand_in
5,85,Central Recruiting Site,1,Sheffield,AL,35660,Colbert,01033,79872,172228,152,0,1,zip,0.2,34.758412,-87.696542,registry_stand_in
6,88,"Northwest Alabama Cancer Center, PC",0,Muscle Shoals,AL,35661,Colbert,01033,78005,161706,140,0,2,zip,0.8,34.768526,-87.562802,registry_stand_in
7,252,Mountain View Hospital,0,Idaho Falls,ID,83401,Bonneville,16019,76867,76867,75,0,2,city_large_zip,0.2,43.489616,-112.03534,registry_stand_in
8,253,Bingham Memorial Hospital,0,Blackfoot,ID,83221,Bingham,16011,76555,76555,73,0,2,city_large_zip,0.3,43.194595,-112.346811,registry_stand_in
9,254,Idaho Falls,1,Idaho Falls,ID,83404,Bonneville,16019,76517,76517,74,0,2,zip,3.2,43.426779,-112.015502,registry_stand_in
10,255,Institute of Arthritis Research,0,Idaho Falls,ID,83404,Bonneville,16019,76517,76517,74,0,2,zip,3.2,43.426779,-112.015502,registry_stand_in
11,256,Leavitt Womens Healthcare,0,Idaho Falls,ID,83404,Bonneville,16019,76517,76517,74,0,2,zip,3.2,43.426779,-112.015502,registry_stand_in
12,257,Research Center,0,Idaho Falls,ID,83404,Bonneville,16019,76517,76517,74,0,1,zip,3.2,43.426779,-112.015502,registry_stand_in
13,258,Site reference,1,Idaho Falls,ID,83404,Bonneville,16019,76517,76517,74,0,1,zip,3.2,43.426779,-112.015502,registry_stand_in
14,259,"Womens Healthcare Assoc, DBA",0,Idaho Falls,ID,83404,Bonneville,16019,76517,76517,74,0,3,zip,3.2,43.426779,-112.015502,registry_stand_in
15,277,Arrivent Investigative Site,1,Yuma,AZ,85364,Yuma,04027,72914,72914,77,0,1,zip,0.5,32.704556,-114.656304,registry_stand_in
16,278,GSK Investigational Site,1,Yuma,AZ,85364,Yuma,04027,72914,72914,77,0,1,zip,0.5,32.704556,-114.656304,registry_stand_in
17,279,Onvida Health Yuma Medical Center,0,Yuma,AZ,85364,Yuma,04027,72914,72914,77,0,2,zip,0.5,32.704556,-114.656304,registry_stand_in
18,280,Yuma Cancer Center,0,Yuma,AZ,85364,Yuma,04027,72914,72914,77,0,1,zip,0.5,32.704556,-114.656304,registry_stand_in
19,281,Yuma Regional Cancer Center,0,Yuma,AZ,85364,Yuma,04027,72914,72914,77,0,2,zip,0.5,32.704556,-114.656304,registry_stand_in
20,282,Yuma Regional Medical Center,0,Yuma,AZ,85364,Yuma,04027,72914,72914,77,0,10,zip,0.5,32.704556,-114.656304,registry_stand_in
21,283,Yuma Regional Medical Center Cancer Center,0,Yuma,AZ,85364,Yuma,04027,72914,72914,77,0,3,zip,0.5,32.704556,-114.656304,registry_stand_in
22,284,Yuma Regional Medical Center (JIT,0,Yuma,AZ,85364,Yuma,04027,72914,72914,77,0,1,zip,0.5,32.704556,-114.656304,registry_stand_in
23,285,Yuma Regional Medical Center Ophthalmology,0,Yuma,AZ,85364,Yuma,04027,72914,72914,77,0,1,zip,0.5,32.704556,-114.656304,registry_stand_in
24,223,Texas Institute for Kidney and Endocrine Disorders,0,Lufkin,TX,75904,Angelina,48005,67462,85771,88,0,1,city_large_zip,0.1,31.322904,-94.729026,registry_stand_in
25,290,The West Clinic - Corinth,0,Corinth,MS,38834,Alcorn,28003,66438,70608,132,0,2,city_large_zip,0.4,34.948353,-88.513618,registry_stand_in
26,222,Mercy Oncology Center,0,Redding,CA,96002,Shasta,06089,60870,86395,65,0,4,zip,1.5,40.527769,-122.318645,registry_stand_in
27,230,Mercy Regional Cancer Center,0,Redding,CA,96001,Shasta,06089,60380,81953,62,0,4,zip,0.6,40.577176,-122.454715,registry_stand_in
28,263,June E. Nylan Cancer Center,0,Sioux City,IA,51101,Woodbury,19193,56123,75159,78,0,1,zip,0.3,42.493688,-96.394184,registry_stand_in
29,264,June E. Nylen Cancer Center,0,Sioux City,IA,51101,Woodbury,19193,56123,75159,78,0,1,zip,0.3,42.493688,-96.394184,registry_stand_in
30,265,"Siouxland Hematology - Oncology Associates, LLP",0,Sioux City,IA,51101,Woodbury,19193,56123,75159,78,0,1,zip,0.3,42.493688,-96.394184,registry_stand_in
31,266,Siouxland Regioinal Cancer Center dba June E. Nylen Cancer Center,0,Sioux City,IA,51101,Woodbury,19193,56123,75159,78,0,1,zip,0.3,42.493688,-96.394184,registry_stand_in
32,267,Siouxland Regional Cancer Center,0,Sioux City,IA,51101,Woodbury,19193,56123,75159,78,0,32,zip,0.3,42.493688,-96.394184,registry_stand_in
33,268,Siouxland Regional Cancer Center dba June E.Nylen Cancer Center,0,Sioux City,IA,51101,Woodbury,19193,56123,75159,78,0,2,zip,0.3,42.493688,-96.394184,registry_stand_in
34,89,CHRISTUS Saint Patrick Hospital,0,Lake Charles,LA,70601,Calcasieu,22019,52228,157554,168,0,2,zip,0.2,30.226792,-93.215443,registry_stand_in
35,90,Clinical Trials of SWLA,0,Lake Charles,LA,70601,Calcasieu,22019,52228,157554,168,0,1,zip,0.2,30.226792,-93.215443,registry_stand_in
36,91,Clinical Trials of Swla Llc,0,Lake Charles,LA,70601,Calcasieu,22019,52228,157554,168,0,3,zip,0.2,30.226792,-93.215443,registry_stand_in
37,92,Site reference,1,Lake Charles,LA,70601,Calcasieu,22019,52228,157554,168,0,1,zip,0.2,30.226792,-93.215443,registry_stand_in
38,1,North Alabama Research Center LLC,0,Athens,AL,35611,Limestone,01083,47803,287401,259,0,1,city_large_zip,0.3,34.779021,-86.950799,registry_stand_in
39,372,Island Urology-Hilo,0,Hilo,HI,96720,Hawaii,15001,44750,44750,35,0,8,city_large_zip,0.3,19.688748,-155.082892,registry_stand_in
40,185,Andalusia,1,Andalusia,AL,36420,Covington,01039,43852,101557,97,0,2,city_large_zip,0.1,31.309436,-86.478031,registry_stand_in
41,398,Saint Joseph Regional Medical Center,0,Lewiston,ID,83501,Nez Perce,16069,43360,43360,39,0,1,city_large_zip,1.6,46.39313,-116.993472,registry_stand_in
42,167,Accurate Clinical Research Inc.,0,Lake Charles,LA,70605,Calcasieu,22019,43184,111507,110,0,1,zip,0.6,30.129276,-93.273527,registry_stand_in
43,168,Accurate Clinical Research Inc (SMO/ Network,0,Lake Charles,LA,70605,Calcasieu,22019,43184,111507,110,0,1,zip,0.6,30.129276,-93.273527,registry_stand_in
44,169,Central Recruiting Site,1,Lake Charles,LA,70605,Calcasieu,22019,43184,111507,110,0,1,zip,0.6,30.129276,-93.273527,registry_stand_in
45,170,"Shondra L Smith, MD Dermatology & Advanced Aesthetics",0,Lake Charles,LA,70605,Calcasieu,22019,43184,111507,110,0,1,zip,0.6,30.129276,-93.273527,registry_stand_in
46,406,Champlain Valley Physicians Hospital Medical Center,0,Plattsburgh,NY,12901,Clinton,36019,40636,40636,51,0,1,zip,0.1,44.709098,-73.473547,registry_stand_in
47,314,IU Health Bloomington,0,Bloomington,IN,47403,Monroe,18105,34291,57705,238,0,1,zip,1.0,39.085219,-86.61234,registry_stand_in
48,315,IU Health Bloomington Hospital,0,Bloomington,IN,47403,Monroe,18105,34291,57705,238,0,1,zip,1.0,39.085219,-86.61234,registry_stand_in
49,344,Union Hospital,0,Terre Haute,IN,47804,Vigo,18167,33014,50773,141,0,23,zip,0.9,39.497817,-87.390537,registry_stand_in
50,79,Investigational,0,Crowley,LA,70526,Acadia,22001,31743,186515,221,0,1,zip,0.2,30.210529,-92.378876,registry_stand_in
51,94,Baptist Regional Cancer Network-Cancer Center of Southeast Texas,0,Port Arthur,TX,77642,Jefferson,48245,30580,151449,180,8,2,zip,0.7,29.958022,-93.891921,registry_stand_in
52,269,Pinnacle Research Group,0,Anniston,AL,36207,Calhoun,01015,30304,74113,185,0,1,zip,1.6,33.684121,-85.705195,registry_stand_in
53,270,"Pinnacle Research Group, Llc",0,Anniston,AL,36207,Calhoun,01015,30304,74113,185,0,1,zip,1.6,33.684121,-85.705195,registry_stand_in
54,312,Indiana University,0,Bloomington,IN,47405,Monroe,18105,29354,59030,380,0,2,zip,1.0,39.167655,-86.521101,registry_stand_in
55,316,Arizona Arthritis and Rheumatology Research PLLC 3,0,Flagstaff,AZ,86001,Coconino,04005,29262,57096,45,0,1,city_large_zip,0.4,35.185212,-111.620698,registry_stand_in
56,65,Deaconess Clinic,0,Evansville,IN,47713,Vanderburgh,18163,28674,211672,201,0,1,zip,0.1,37.948531,-87.555472,registry_stand_in
57,66,Deaconess Clinic Downtown,0,Evansville,IN,47713,Vanderburgh,18163,28674,211672,201,0,18,zip,0.1,37.948531,-87.555472,registry_stand_in
58,193,USOR - Arizona Oncology Associates - Sedona,0,Sedona,AZ,86336,Yavapai,04025,28604,96076,66,1,1,city_large_zip,0.4,34.858517,-111.793057,registry_stand_in
59,260,Georgia Cancer Specialists - Blairsville,0,Blairsville,GA,30512,Union,13291,25148,75999,152,0,1,zip,0.9,34.856753,-83.967998,registry_stand_in
60,261,"Northside Hospital,308 Deep South Farm Rd, Suite 200",0,Blairsville,GA,30512,Union,13291,25148,75999,152,0,2,zip,0.9,34.856753,-83.967998,registry_stand_in
61,262,"Northside Hospital, Inc. - GCS/Blairsville",0,Blairsville,GA,30512,Union,13291,25148,75999,152,0,2,zip,0.9,34.856753,-83.967998,registry_stand_in
62,666,Minot,1,Minot,ND,58701,Ward,38101,23835,23835,22,0,2,city_large_zip,0.3,48.236125,-101.277533,registry_stand_in
63,667,Research- Trinity Cancer Care Center,0,Minot,ND,58701,Ward,38101,23835,23835,22,0,1,city_large_zip,0.3,48.236125,-101.277533,registry_stand_in
64,668,Trinity Cancer Care Center,0,Minot,ND,58701,Ward,38101,23835,23835,22,0,11,city_large_zip,0.3,48.236125,-101.277533,registry_stand_in
65,669,Trinity Health - Trinity CancerCare Center,0,Minot,ND,58701,Ward,38101,23835,23835,22,0,1,city_large_zip,0.3,48.236125,-101.277533,registry_stand_in
66,670,Trinity Medical Group,0,Minot,ND,58701,Ward,38101,23835,23835,22,0,2,city_large_zip,0.3,48.236125,-101.277533,registry_stand_in
67,67,Chancellor Center for Oncology,0,Newburgh,IN,47630,Warrick,18173,23819,205571,188,0,16,zip,1.3,37.952897,-87.34647,registry_stand_in
68,68,Deaconess Chancellor Center for Oncology - 1131,0,Newburgh,IN,47630,Warrick,18173,23819,205571,188,0,1,zip,1.3,37.952897,-87.34647,registry_stand_in
69,69,Deaconess GI Specialty Center,0,Newburgh,IN,47630,Warrick,18173,23819,205571,188,0,1,zip,1.3,37.952897,-87.34647,registry_stand_in
70,510,786-C,0,Carrollton,GA,30117,Carroll,13045,21619,31298,807,0,1,zip,0.7,33.581851,-85.132439,registry_stand_in
71,511,835 - B,0,Carrollton,GA,30117,Carroll,13045,21619,31298,807,0,1,zip,0.7,33.581851,-85.132439,registry_stand_in
72,512,835-D,0,Carrollton,GA,30117,Carroll,13045,21619,31298,807,0,1,zip,0.7,33.581851,-85.132439,registry_stand_in
73,513,835-F,0,Carrollton,GA,30117,Carroll,13045,21619,31298,807,0,1,zip,0.7,33.581851,-85.132439,registry_stand_in
74,514,"Northwest Georgia Oncology Centers, a Service of Tanner Medical Center Villa Rica",0,Carrollton,GA,30117,Carroll,13045,21619,31298,807,0,2,zip,0.7,33.581851,-85.132439,registry_stand_in
75,515,"Northwest Georgia Oncology Centers, a Service of Wellstar Cobb Hospital",0,Carrollton,GA,30117,Carroll,13045,21619,31298,807,0,2,zip,0.7,33.581851,-85.132439,registry_stand_in
76,516,"Northwest Georgia Oncology Northwest Georgia Oncology Centers, PCCenters, PC,157 Clinic Avenue",0,Carrollton,GA,30117,Carroll,13045,21619,31298,807,0,1,zip,0.7,33.581851,-85.132439,registry_stand_in
77,517,"West Georgia Infusion Center, a Service of Tanner Medical Center Villa Rica",0,Carrollton,GA,30117,Carroll,13045,21619,31298,807,0,2,zip,0.7,33.581851,-85.132439,registry_stand_in
78,719,GenesisCare USA - Key West,0,Key West,FL,33040,Monroe,12087,21106,21106,18,0,5,zip,7.5,24.54461,-81.921737,registry_stand_in
79,373,Faith Regional Health Services Carson Cancer Center,0,Norfolk,NE,68701,Madison,31119,19611,44623,41,0,7,zip,0.3,42.019825,-97.442556,registry_stand_in
80,374,Faith Regional Medical Offices West,0,Norfolk,NE,68701,Madison,31119,19611,44623,41,0,1,zip,0.3,42.019825,-97.442556,registry_stand_in
81,375,Meridian Clinical Research Norfolk,0,Norfolk,NE,68701,Madison,31119,19611,44623,41,0,2,zip,0.3,42.019825,-97.442556,registry_stand_in
82,376,Norfolk,1,Norfolk,NE,68701,Madison,31119,19611,44623,41,0,2,zip,0.3,42.019825,-97.442556,registry_stand_in
83,752,Regional West Medical Center,0,Scottsbluff,NE,69361,Sioux,31165,19437,19437,18,0,1,city_large_zip,0.7,41.868088,-103.662035,registry_stand_in
84,753,Regional West Medical Center Cancer Center,0,Scottsbluff,NE,69361,Sioux,31165,19437,19437,18,0,8,city_large_zip,0.7,41.868088,-103.662035,registry_stand_in
85,414,Unity Health- Searcy Medical Center,0,Searcy,AR,72143,White,05145,18806,39397,195,0,1,zip,0.3,35.226714,-91.736844,registry_stand_in
86,415,Unity Health-White County Medical Center,0,Searcy,AR,72143,White,05145,18806,39397,195,0,1,zip,0.3,35.226714,-91.736844,registry_stand_in
87,766,"Saint Bernards Medical Center,4000 Linwood Drive",0,Paragould,AR,72450,Greene,05055,18458,18458,98,0,1,zip,0.8,36.079547,-90.51644,registry_stand_in
88,767,St. Bernard's Medical Center,0,Paragould,AR,72450,Greene,05055,18458,18458,98,0,1,zip,0.8,36.079547,-90.51644,registry_stand_in
89,400,Ottumwa Regional Health Center,0,Ottumwa,IA,52501,Wapello,19179,18344,40978,63,0,2,zip,0.7,41.044369,-92.42906,registry_stand_in
90,507,Calaway-Young Cancer Center at Valley View Hospital,0,Glenwood Springs,CO,81601,Garfield,08045,17791,31631,27,0,1,zip,1.9,39.587562,-107.338712,registry_stand_in
91,508,Valley View Hospital,0,Glenwood Springs,CO,81601,Garfield,08045,17791,31631,27,0,1,zip,1.9,39.587562,-107.338712,registry_stand_in
92,509,Valley View Hospital Cancer Center,0,Glenwood Springs,CO,81601,Garfield,08045,17791,31631,27,0,6,zip,1.9,39.587562,-107.338712,registry_stand_in
93,546,Moses Lake Clinic,0,Moses Lake,WA,98837,Grant,53025,17234,28651,32,0,1,zip,0.7,47.146993,-119.315908,registry_stand_in
94,503,Lake Region Healthcare Corporation-Cancer Care,0,Fergus Falls,MN,56537,Otter Tail,27111,16417,32858,65,0,52,zip,0.7,46.276711,-96.091938,registry_stand_in
95,291,CHRISTUS St. Michael-Colom and Carney Clinic P.A,0,Texarkana,TX,75503,Bowie,48037,15650,67083,79,0,1,zip,4.3,33.51791,-94.13711,registry_stand_in
96,470,Genesis Cancer and Blood Institute - 1123,0,Russellville,AR,72801,Pope,05115,15458,34297,75,0,1,zip,0.0,35.28058,-93.141594,registry_stand_in
97,87,Horizon Research Group of Opelousas LLC,0,Eunice,LA,70535,Acadia,22001,13657,168272,207,0,1,zip,0.3,30.471149,-92.419836,registry_stand_in
98,872,568-A,0,Safford,AZ,85546,Graham,04009,13059,13059,13,0,1,city_large_zip,0.1,32.833298,-109.697418,registry_stand_in
99,873,568-B,0,Safford,AZ,85546,Graham,04009,13059,13059,13,0,1,city_large_zip,0.1,32.833298,-109.697418,registry_stand_in
100,874,568-C,0,Safford,AZ,85546,Graham,04009,13059,13059,13,0,1,city_large_zip,0.1,32.833298,-109.697418,registry_stand_in
101,875,568-D,0,Safford,AZ,85546,Graham,04009,13059,13059,13,0,1,city_large_zip,0.1,32.833298,-109.697418,registry_stand_in
102,876,568-E,0,Safford,AZ,85546,Graham,04009,13059,13059,13,0,1,city_large_zip,0.1,32.833298,-109.697418,registry_stand_in
103,416,West Virginia School of Osteopathic Medicine,0,Lewisburg,WV,24901,Greenbrier,54025,12376,38390,66,0,1,zip,0.4,37.853926,-80.484563,registry_stand_in
104,446,Rheumatology and Pulmonary Clinic,0,Beckley,WV,25801,Raleigh,54081,11934,36835,114,0,1,zip,1.2,37.840601,-81.270723,registry_stand_in
105,701,St. Jude Children's Research Hospital,0,Memphis,TN,38015,Tipton,47167,11751,22057,356,0,1,zip,0.5,35.559364,-89.824229,registry_stand_in
106,505,JCHC McCreery Cancer Center,0,Fairfield,IA,52556,Jefferson,19101,11538,31966,61,0,2,zip,1.5,41.024219,-91.927519,registry_stand_in
107,84,Cancer Center of Middle Georgia,0,Dublin,GA,31021,Laurens,13175,11132,173723,186,0,2,city_large_zip,0.1,32.535471,-82.928807,registry_stand_in
108,853,Freeport Memorial Hospital/Leonard C Ferguson Cancer Center,0,Freeport,IL,61032,Stephenson,17177,11036,13470,211,0,4,zip,0.2,42.318865,-89.636977,registry_stand_in
109,293,Barnum Medical Research,0,Natchitoches,LA,71457,Natchitoches,22069,10724,64891,85,0,1,zip,0.4,31.739201,-93.091426,registry_stand_in
110,824,942-G,0,Liberal,KS,67901,Seward,20175,8853,14726,21,0,2,city_large_zip,0.3,37.046108,-100.927706,registry_stand_in
111,825,Southwest Medical Center,0,Liberal,KS,67901,Seward,20175,8853,14726,21,0,1,city_large_zip,0.3,37.046108,-100.927706,registry_stand_in
112,902,UTMB Health Angleton Danbury Campus,0,Angleton,TX,77515,Brazoria,48039,8642,10686,1180,8,2,zip,0.1,29.173439,-95.451545,registry_stand_in
113,141,Baptist Hospitals of Southeast Texas,0,Beaumont,TX,77701,Jefferson,48245,7882,134656,174,8,1,zip,0.1,30.073053,-94.105486,registry_stand_in
114,142,Baptist Hospitals of Southeast Texas Cancer Center,0,Beaumont,TX,77701,Jefferson,48245,7882,134656,174,8,2,zip,0.1,30.073053,-94.105486,registry_stand_in
115,819,FMC Science,0,Lampasas,TX,76550,Lampasas,48281,7620,15004,276,0,3,city_large_zip,0.0,31.064037,-98.182783,registry_stand_in
116,365,Harbin Clinic Medical Oncology and Clinical Research,0,Rome,GA,30165,Floyd,13115,7512,45717,544,0,4,city_large_zip,0.3,34.266133,-85.186052,registry_stand_in
117,967,Oklahoma University,0,Norman,OK,73019,Cleveland,40027,7306,7306,451,0,1,zip,0.2,35.205661,-97.442738,registry_stand_in
118,968,University of Oklahoma,0,Norman,OK,73019,Cleveland,40027,7306,7306,451,0,1,zip,0.2,35.205661,-97.442738,registry_stand_in
119,171,"Arizona Oncology Associates, PC - HAL",0,Prescott Valley,AZ,86314,Yavapai,04025,6867,110651,68,1,1,zip,0.9,34.598251,-112.33074,registry_stand_in
120,172,"Arizona Oncology Associates, PC - NAHOA Prescott Valley",0,Prescott Valley,AZ,86314,Yavapai,04025,6867,110651,68,1,1,zip,0.9,34.598251,-112.33074,registry_stand_in
121,605,Cancer Care Center at Island Hospital,0,Anacortes,WA,98221,Skagit,53057,6827,26498,250,18,9,zip,0.5,48.454172,-122.603874,registry_stand_in
122,817,Riverside Shore Cancer Center,0,Onancock,VA,23417,Accomack,51001,6660,15088,37,0,4,zip,1.9,37.732134,-75.761995,registry_stand_in
123,881,SUN-131-03 Investigational Site,1,Exmore,VA,23350,Northampton,51131,6660,12614,181,0,1,zip,1.4,37.512705,-75.862593,registry_stand_in
124,313,Mercy Medical Center - North Iowa,0,Mason City,IA,50401,Cerro Gordo,19033,5794,58295,63,0,1,zip,0.1,43.154082,-93.199836,registry_stand_in
125,1024,Intend Research,0,Norman,OK,73069,Cleveland,40027,5668,5668,449,0,1,zip,0.1,35.252521,-97.464398,registry_stand_in
126,492,Skin & Allergy Center,0,Spring Hill,TN,37174,Maury,47119,5074,33836,419,0,1,zip,1.0,35.719255,-86.898188,registry_stand_in
127,683,Aclaris Investigational Site,1,Plainfield,IN,46168,Hendricks,18063,5019,22697,589,7,1,zip,1.0,39.68999,-86.392709,registry_stand_in
128,684,Cohort 2: The Indiana Clinical Trials Center,0,Plainfield,IN,46168,Hendricks,18063,5019,22697,589,7,1,zip,1.0,39.68999,-86.392709,registry_stand_in
129,685,The Indiana Clinical Trials Center,0,Plainfield,IN,46168,Hendricks,18063,5019,22697,589,7,3,zip,1.0,39.68999,-86.392709,registry_stand_in
130,686,"The Indiana Clinical Trials Center, PC",0,Plainfield,IN,46168,Hendricks,18063,5019,22697,589,7,7,zip,1.0,39.68999,-86.392709,registry_stand_in
131,757,CARTI Stuttgart,0,Stuttgart,AR,72160,Arkansas,05001,4684,18863,136,0,1,city_large_zip,0.2,34.495233,-91.548638,registry_stand_in
132,904,Texas Oncology P A,0,Austin,TX,78121,Wilson,48493,4668,10190,496,0,1,zip,0.9,29.351052,-98.088866,registry_stand_in
133,363,Olympic Medical Center,0,Port Angeles,WA,98362,Clallam,53009,4345,46456,34,0,1,city_large_zip,0.1,48.119236,-123.448013,registry_stand_in
134,1052,Seattle Cancer Care Alliance,0,Seattle,WA,98331,Jefferson,53031,4345,4702,5,2,1,zip,4.2,47.745828,-124.180639,registry_stand_in
135,93,Piedmont Columbus Regional Research Institute,0,Columbus,GA,31901,Muscogee,13215,4308,153897,214,4,1,zip,0.4,32.46435,-84.980144,registry_stand_in
136,983,Ridgeland,1,Ridgeland,MS,39157,Madison,28089,4158,6574,184,0,1,zip,0.4,32.425376,-90.165592,registry_stand_in
137,1117,Oklahoma University Health Sciences Center,0,Oklahoma City,OK,73170,Cleveland,40027,3944,3944,449,0,1,zip,0.6,35.325285,-97.552201,registry_stand_in
138,345,Cape Cod Healthcare Center,0,Hyannis,MA,02601,Barnstable,25001,3884,50618,331,0,1,zip,0.2,41.661161,-70.293197,registry_stand_in
139,346,Cape Cod Hospital,0,Hyannis,MA,02601,Barnstable,25001,3884,50618,331,0,3,zip,0.2,41.661161,-70.293197,registry_stand_in
140,417,Commonwealth Cancer Center - Frankfort,0,Danville,KY,40422,Boyle,21021,3688,38254,310,0,1,zip,0.2,37.644519,-84.806497,registry_stand_in
141,418,Commonwealth Hematology,0,Danville,KY,40422,Boyle,21021,3688,38254,310,0,1,zip,0.2,37.644519,-84.806497,registry_stand_in
142,419,"Commonwealth Hematology-Oncology, PSC",0,Danville,KY,40422,Boyle,21021,3688,38254,310,0,1,zip,0.2,37.644519,-84.806497,registry_stand_in
143,560,Southwestern Vermont Medical Center,0,Bennington,VT,05201,Bennington,50003,3681,28042,359,0,4,zip,0.9,42.869216,-73.128532,registry_stand_in
144,678,Cheshire Medical Center,0,Keene,NH,03431,Cheshire,33005,3681,23420,329,0,1,zip,0.4,42.969069,-72.301965,registry_stand_in
145,682,Baystate Franklin Medical Center,0,Greenfield,MA,01301,Franklin,25011,3681,22843,372,0,1,zip,0.7,42.626761,-72.60153,registry_stand_in
146,399,Cleaver Medical Group,0,Dawsonville,GA,30534,Dawson,13085,3395,42863,1039,0,1,zip,0.7,34.4311,-84.144329,registry_stand_in
147,808,Lallie Kemp Regional Medical Center,0,Independence,LA,70443,Tangipahoa,22105,3302,15387,339,2,1,zip,0.9,30.630554,-90.542882,registry_stand_in
148,826,"TidalHealth Peninsula Regional, Inc",0,Salisbury,MD,21804,Wicomico,24045,3272,14656,173,2,1,zip,0.2,38.314082,-75.532106,registry_stand_in
149,871,Newman Regional Health,0,Emporia,KS,66801,Lyon,20111,3112,13187,73,0,2,zip,0.1,38.411743,-96.223507,registry_stand_in
150,979,SSM Health Dean Medical Group - Baraboo,0,Baraboo,WI,53913,Sauk,55111,2995,6716,202,0,2,zip,1.3,43.492773,-89.72873,registry_stand_in
151,1104,Mayo Clinic Health System-Franciscan Healthcare,0,Sparta,WI,54656,Monroe,55081,2995,4178,91,0,1,city_large_zip,0.1,43.938249,-90.812705,registry_stand_in
152,756,Surgical Dermatology Group,0,Vestavia Hills,AL,35242,Shelby,01117,2976,18888,408,1,1,zip,0.1,33.424611,-86.670867,registry_stand_in
153,1035,Iowa Cancer Specialists,0,Davenport,IA,52807,Scott,19163,2873,5132,205,16,20,zip,1.0,41.610645,-90.516298,registry_stand_in
154,1036,University of Iowa Hospitals & Clinics - Davenport Clinic,0,Davenport,IA,52807,Scott,19163,2873,5132,205,16,1,zip,1.0,41.610645,-90.516298,registry_stand_in
155,1118,Midwest Cardiovascular Research Foundation,0,Davenport,IA,52801,Scott,19163,2873,3926,209,16,1,zip,0.1,41.521038,-90.574849,registry_stand_in
156,209,Appalachian Regional Healthcare,0,Hazard,KY,41701,Perry,21193,2769,91187,107,0,1,zip,0.4,37.295501,-83.182614,registry_stand_in
157,210,Kentucky Cancer Clinic,0,Hazard,KY,41701,Perry,21193,2769,91187,107,0,1,zip,0.4,37.295501,-83.182614,registry_stand_in
158,229,Norton Cancer Institute,0,Louisville,KY,40402,Jackson,21109,2769,83655,149,0,1,zip,0.5,37.291039,-83.976505,registry_stand_in
159,75,GCS/Macon,0,Macon,GA,31217,Jones,13169,2713,187096,205,0,1,zip,0.8,32.844147,-83.500044,registry_stand_in
160,76,Georgia Cancer Specialists - Macon,0,Macon,GA,31217,Jones,13169,2713,187096,205,0,1,zip,0.8,32.844147,-83.500044,registry_stand_in
161,77,"Northside Hospital,308 Coliseum Dr.",0,Macon,GA,31217,Jones,13169,2713,187096,205,0,2,zip,0.8,32.844147,-83.500044,registry_stand_in
162,78,"Northside Hospital, Inc. - GCS/Macon",0,Macon,GA,31217,Jones,13169,2713,187096,205,0,2,zip,0.8,32.844147,-83.500044,registry_stand_in
163,125,Adriana Pop Moody MD Clinic PA,0,Corpus Christi,TX,78404,Nueces,48355,2628,145469,147,2,1,zip,1.0,27.767919,-97.399444,registry_stand_in
164,126,Christus Health Spohn Ministry,0,Corpus Christi,TX,78404,Nueces,48355,2628,145469,147,2,1,zip,1.0,27.767919,-97.399444,registry_stand_in
165,127,CHRISTUS Institute for Innovation & Advanced Clinical Care,0,Corpus Christi,TX,78404,Nueces,48355,2628,145469,147,2,1,zip,1.0,27.767919,-97.399444,registry_stand_in
166,128,CHRISTUS Spohn Cancer Center,0,Corpus Christi,TX,78404,Nueces,48355,2628,145469,147,2,1,zip,1.0,27.767919,-97.399444,registry_stand_in
167,129,CHRISTUS Spohn Cancer Center - Shoreline,0,Corpus Christi,TX,78404,Nueces,48355,2628,145469,147,2,1,zip,1.0,27.767919,-97.399444,registry_stand_in
168,130,Coastal Bend Cancer Center,0,Corpus Christi,TX,78404,Nueces,48355,2628,145469,147,2,2,zip,1.0,27.767919,-97.399444,registry_stand_in
169,131,Ra0098 128,0,Corpus Christi,TX,78404,Nueces,48355,2628,145469,147,2,1,zip,1.0,27.767919,-97.399444,registry_stand_in
170,923,786-B,0,Hiram,GA,30141,Paulding,13223,2542,8697,1392,0,1,zip,0.3,33.860444,-84.769846,registry_stand_in
171,924,"Northwest Georgia Oncology Centers, a Service of WellStar Cobb Hospital",0,Hiram,GA,30141,Paulding,13223,2542,8697,1392,0,1,zip,0.3,33.860444,-84.769846,registry_stand_in
172,925,WellStar Paulding Hospital,0,Hiram,GA,30141,Paulding,13223,2542,8697,1392,0,1,zip,0.3,33.860444,-84.769846,registry_stand_in
173,999,786-D,0,Douglasville,GA,30134,Douglas,13097,2542,6250,1393,0,1,zip,1.9,33.77752,-84.78139,registry_stand_in
174,1000,835-B,0,Douglasville,GA,30134,Douglas,13097,2542,6250,1393,0,1,zip,1.9,33.77752,-84.78139,registry_stand_in
175,1001,835 - D,0,Douglasville,GA,30134,Douglas,13097,2542,6250,1393,0,1,zip,1.9,33.77752,-84.78139,registry_stand_in
176,1002,"Northwest Georgia Oncology Centers, a Service of WellStar Cobb Hospital",0,Douglasville,GA,30134,Douglas,13097,2542,6250,1393,0,2,zip,1.9,33.77752,-84.78139,registry_stand_in
177,1003,Northwest Georgia Oncology Centers PC,0,Douglasville,GA,30134,Douglas,13097,2542,6250,1393,0,1,zip,1.9,33.77752,-84.78139,registry_stand_in
178,746,Cancer Center of Kansas - Fort Scott,0,Fort Scott,KS,66701,Bourbon,20011,2471,19637,56,0,15,zip,2.3,37.829814,-94.758937,registry_stand_in
179,74,Baptist Health Madisonville/Merle Mahr Cancer Center,0,Madisonville,KY,42431,Hopkins,21107,2412,199048,221,0,19,zip,0.1,37.33757,-87.475195,registry_stand_in
180,493,Medical University of South Carolina,0,Charleston,SC,29435,Colleton,45029,2146,33770,251,0,1,zip,1.1,32.953108,-80.466101,registry_stand_in
181,768,MUSC Hollings Cancer Center,0,Charleston,SC,29485,Dorchester,45035,2146,18409,226,0,1,zip,0.5,32.933189,-80.207197,registry_stand_in
182,769,Palmetto Clinical Research,0,Summerville,SC,29485,Dorchester,45035,2146,18409,226,0,1,zip,0.5,32.933189,-80.207197,registry_stand_in
183,770,Summerville,1,Summerville,SC,29485,Dorchester,45035,2146,18409,226,0,2,zip,0.5,32.933189,-80.207197,registry_stand_in
184,174,Northwest Florida Clinical Research Group,0,Gulf Breeze,FL,32561,Escambia,12033,2131,108853,196,13,2,zip,1.9,30.340667,-87.116593,registry_stand_in
185,957,Marshall Hospital,0,Placerville,CA,95667,El Dorado,06017,2042,7898,559,13,1,zip,0.1,38.733395,-120.791347,registry_stand_in
186,567,Faxton-Saint Luke's Healthcare,0,Utica,NY,13502,Oneida,36065,2027,27853,255,14,4,zip,2.3,43.141264,-75.154707,registry_stand_in
187,1088,Morehead City,1,Morehead City,NC,28557,Carteret,37031,1701,4278,110,3,1,zip,0.9,34.737849,-76.750308,registry_stand_in
188,1089,Site reference,1,Morehead City,NC,28557,Carteret,37031,1701,4278,110,3,1,zip,0.9,34.737849,-76.750308,registry_stand_in
189,1090,Unified Women's Clinical Research - Morehead City,0,Morehead City,NC,28557,Carteret,37031,1701,4278,110,3,1,zip,0.9,34.737849,-76.750308,registry_stand_in
190,805,Baystate Gynecologic Oncology,0,Springfield,MA,01107,Hampden,25013,1641,15920,805,14,1,zip,0.1,42.12106,-72.607068,registry_stand_in
191,806,Mercy Medical Center,0,Springfield,MA,01104,Hampden,25013,1641,15920,795,14,38,zip,0.2,42.132772,-72.567411,registry_stand_in
192,506,WMCHealth Heart and Vascular Institute Kingston Division of Cardiology,0,Kingston,NY,12401,Ulster,36111,1529,31758,445,0,1,zip,0.2,41.987541,-74.010273,registry_stand_in
193,681,Local Institution - Unk077,0,Rhinebeck,NY,12572,Dutchess,36027,1529,22901,460,8,1,zip,0.5,41.924885,-73.863664,registry_stand_in
194,1265,Grace Research LLC,0,Bossier City,LA,71111,Bossier,22015,1492,1492,166,0,1,zip,1.0,32.574458,-93.696292,registry_stand_in
195,1194,Genesis Medical Center - East Campus,0,Davenport,IA,52803,Scott,19163,1484,2537,195,16,11,zip,0.8,41.538947,-90.555977,registry_stand_in
196,1195,MercyOne Genesis Davenport Medical Center,0,Davenport,IA,52803,Scott,19163,1484,2537,195,16,11,zip,0.8,41.538947,-90.555977,registry_stand_in
197,829,Lycoming Internal Medicine Inc,0,Jersey Shore,PA,17740,Lycoming,42081,1458,14314,139,11,1,zip,1.6,41.235613,-77.256778,registry_stand_in
198,95,Florida State University,0,Tallahassee,FL,32306,Leon,12073,1451,148103,157,6,1,zip,0.2,30.442319,-84.294482,registry_stand_in
199,754,Neurology Care Clinic,0,Waxahachie,TX,75165,Ellis,48139,1450,19042,1546,0,1,city_large_zip,0.1,32.40248,-96.844493,registry_stand_in
200,878,Danville Regional Medical Center,0,Danville,VA,24541,Pittsylvania,51143,1067,12631,293,0,2,zip,0.6,36.588812,-79.515049,registry_stand_in
201,893,Memorial Hospital Of Martinsville,0,Martinsville,VA,24115,Giles,51071,1067,11638,411,1,1,city,0.2,36.683527,-79.863647,registry_stand_in
202,894,Sovah Health Martinsville,0,Martinsville,VA,24112,Henry,51089,1067,11638,361,0,12,zip,1.2,36.72117,-79.846927,registry_stand_in
203,1061,The University of North Carolina,0,Chapel Hill,NC,27572,Person,37145,1067,4409,522,0,1,zip,3.2,36.255106,-78.877494,registry_stand_in
204,905,Galderma Investigational Site,1,Lehigh Acres,FL,33936,Hendry,12051,859,10181,332,0,1,zip,6.2,26.618028,-81.559247,registry_stand_in
205,1275,Cancer And Blood Spclsts of AZ,0,Casa Grande,AZ,85122,Pinal,04021,683,1365,789,4,1,zip,0.5,32.916724,-111.747972,registry_stand_in
206,860,872-F,0,Pueblo,CO,81008,Pueblo,08101,598,13217,230,19,1,city_large_zip,0.1,38.269228,-104.610816,registry_stand_in
207,861,872-G,0,Pueblo,CO,81008,Pueblo,08101,598,13217,230,19,1,city_large_zip,0.1,38.269228,-104.610816,registry_stand_in
208,862,872-I,0,Pueblo,CO,81008,Pueblo,08101,598,13217,230,19,1,city_large_zip,0.1,38.269228,-104.610816,registry_stand_in
209,863,GSK Investigational Site,1,Pueblo,CO,81008,Pueblo,08101,598,13217,230,19,1,city_large_zip,0.1,38.269228,-104.610816,registry_stand_in
210,864,Rocky Mountain Cancer Centers,0,Pueblo,CO,81008,Pueblo,08101,598,13217,230,19,2,city_large_zip,0.1,38.269228,-104.610816,registry_stand_in
211,865,"Rocky Mountain Cancer Centers,3676 Parker Blvd",0,Pueblo,CO,81008,Pueblo,08101,598,13217,230,19,2,city_large_zip,0.1,38.269228,-104.610816,registry_stand_in
212,866,"Rocky Mountain Cancer Centers, 3676 Parker Blvd., Suite 350",0,Pueblo,CO,81008,Pueblo,08101,598,13217,230,19,1,city_large_zip,0.1,38.269228,-104.610816,registry_stand_in
213,867,"Rocky Mountain Cancer Centers,525 W. 15th Street",0,Pueblo,CO,81008,Pueblo,08101,598,13217,230,19,2,city_large_zip,0.1,38.269228,-104.610816,registry_stand_in
214,868,Rocky Mountain Cancer Centers - Pueblo,0,Pueblo,CO,81008,Pueblo,08101,598,13217,230,19,36,city_large_zip,0.1,38.269228,-104.610816,registry_stand_in
215,869,Rocky Mountain Cancer Centers (Pueblo) - USOR,0,Pueblo,CO,81008,Pueblo,08101,598,13217,230,19,1,city_large_zip,0.1,38.269228,-104.610816,registry_stand_in
216,870,USOR - Rocky Mountain Cancer Centers - Pueblo,0,Pueblo,CO,81008,Pueblo,08101,598,13217,230,19,1,city_large_zip,0.1,38.269228,-104.610816,registry_stand_in
217,906,Rutland Regional Medical Center,0,Rutland,VT,05701,Rutland,50021,368,10163,125,0,1,zip,1.5,43.624582,-72.910192,registry_stand_in
218,799,Callahan Cancer Center,0,North Platte,NE,69101,Lincoln,31111,271,16482,18,2,1,city_large_zip,0.6,41.12496,-100.750359,registry_stand_in
219,800,Great Plains Health Callahan Cancer Center,0,North Platte,NE,69101,Lincoln,31111,271,16482,18,2,7,city_large_zip,0.6,41.12496,-100.750359,registry_stand_in
220,801,Great Plains Regional Medical Center,0,North Platte,NE,69103,Lincoln,31111,271,16482,18,2,1,city,0.6,41.12496,-100.750359,registry_stand_in
221,2,"Austin Institute for Clinical Research, Inc.",0,Pflugerville,TX,78550,Cameron,48061,0,282329,338,7,2,zip,3.8,26.255724,-97.6635,registry_stand_in
222,3,Valley Cancer Associates,0,Harlingen,TX,78550,Cameron,48061,0,282329,338,7,4,zip,3.8,26.255724,-97.6635,registry_stand_in
223,4,exas Oncology--McAllen,0,Weslaco,TX,78596,Hidalgo,48215,0,273202,329,17,1,zip,0.8,26.097256,-97.999651,registry_stand_in
224,5,E Squared Research,0,Huntsville,AL,35801,Madison,01089,0,271796,252,10,1,zip,0.4,34.724611,-86.565541,registry_stand_in
225,6,Heart Center Research,0,Huntsville,AL,35801,Madison,01089,0,271796,252,10,1,zip,0.4,34.724611,-86.565541,registry_stand_in
226,7,Heart Center Research LLC,0,Huntsville,AL,35801,Madison,01089,0,271796,252,10,1,zip,0.4,34.724611,-86.565541,registry_stand_in
227,8,Clearview Cancer Center,0,Huntsville,AL,35805,Madison,01089,0,271005,251,10,1,zip,0.8,34.707121,-86.621685,registry_stand_in
228,9,Clearview Cancer Institute (CCI,0,Huntsville,AL,35805,Madison,01089,0,271005,251,10,1,zip,0.8,34.707121,-86.621685,registry_stand_in
229,10,Clearview Cancer Institute - Huntsville,0,Huntsville,AL,35805,Madison,01089,0,271005,251,10,1,zip,0.8,34.707121,-86.621685,registry_stand_in
230,11,Lycera Investigational Site,1,Huntsville,AL,35805,Madison,01089,0,271005,251,10,1,zip,0.8,34.707121,-86.621685,registry_stand_in
231,12,Oncology Specialties: Clearview Cancer Institute,0,Huntsville,AL,35805,Madison,01089,0,271005,251,10,1,zip,0.8,34.707121,-86.621685,registry_stand_in
232,13,"Oncology Specialties, PC; Clearview Cancer Institute",0,Huntsville,AL,35805,Madison,01089,0,271005,251,10,1,zip,0.8,34.707121,-86.621685,registry_stand_in
233,14,GSK Investigational Site,1,McAllen,TX,78503,Hidalgo,48215,0,268605,322,17,1,zip,0.2,26.162332,-98.248702,registry_stand_in
234,15,MorphoSys Research Site,1,McAllen,TX,78503,Hidalgo,48215,0,268605,322,17,1,zip,0.2,26.162332,-98.248702,registry_stand_in
235,16,Texas Oncology,0,McAllen,TX,78503,Hidalgo,48215,0,268605,322,17,2,zip,0.2,26.162332,-98.248702,registry_stand_in
236,17,Texas Oncology Cancer Care and Research Center,0,McAllen,TX,78503,Hidalgo,48215,0,268605,322,17,1,zip,0.2,26.162332,-98.248702,registry_stand_in
237,18,Texas Oncology - McAllen - 1132,0,McAllen,TX,78503,Hidalgo,48215,0,268605,322,17,1,zip,0.2,26.162332,-98.248702,registry_stand_in
238,19,Texas Oncology - McAllen South Second,0,McAllen,TX,78503,Hidalgo,48215,0,268605,322,17,1,zip,0.2,26.162332,-98.248702,registry_stand_in
239,20,Texas Oncology McAllen South Second Street,0,McAllen,TX,78503,Hidalgo,48215,0,268605,322,17,2,zip,0.2,26.162332,-98.248702,registry_stand_in
240,21,Texas Oncology (McAllen) - USOR,0,McAllen,TX,78503,Hidalgo,48215,0,268605,322,17,1,zip,0.2,26.162332,-98.248702,registry_stand_in
241,22,"Texas Oncology, P.A.",0,McAllen,TX,78503,Hidalgo,48215,0,268605,322,17,3,zip,0.2,26.162332,-98.248702,registry_stand_in
242,23,"Texas Oncology, P.A. - McAllen",0,McAllen,TX,78503,Hidalgo,48215,0,268605,322,17,1,zip,0.2,26.162332,-98.248702,registry_stand_in
243,24,"Texas Oncology, PA",0,McAllen,TX,78503,Hidalgo,48215,0,268605,322,17,1,zip,0.2,26.162332,-98.248702,registry_stand_in
244,25,Texas Oncology PA - McAllen,0,McAllen,TX,78503,Hidalgo,48215,0,268605,322,17,1,zip,0.2,26.162332,-98.248702,registry_stand_in
245,26,"Texas Oncology, PA- McAllen South 2nd Street",0,McAllen,TX,78503,Hidalgo,48215,0,268605,322,17,1,zip,0.2,26.162332,-98.248702,registry_stand_in
246,27,Texas Oncology- South Second Street,0,McAllen,TX,78503,Hidalgo,48215,0,268605,322,17,1,zip,0.2,26.162332,-98.248702,registry_stand_in
247,28,USO - Texas Oncology,0,McAllen,TX,78503,Hidalgo,48215,0,268605,322,17,1,zip,0.2,26.162332,-98.248702,registry_stand_in
248,29,USOR: Texas Oncology - McAllen South Second,0,McAllen,TX,78503,Hidalgo,48215,0,268605,322,17,1,zip,0.2,26.162332,-98.248702,registry_stand_in
249,30,Vannie Cook Children's Clinic,0,McAllen,TX,78503,Hidalgo,48215,0,268605,322,17,2,zip,0.2,26.162332,-98.248702,registry_stand_in
250,31,Endo,0,McAllen,TX,78501,Hidalgo,48215,0,264646,318,17,1,zip,0.2,26.215817,-98.239572,registry_stand_in
251,32,Endo Clinical Trial,0,McAllen,TX,78501,Hidalgo,48215,0,264646,318,17,2,zip,0.2,26.215817,-98.239572,registry_stand_in
252,33,Wellmont Medical Associates-Bristol,0,Bristol,VA,24201,Bristol,51520,0,263866,197,3,9,zip,0.2,36.610828,-82.169407,registry_stand_in
253,34,Wellmont Medical Associates-Oncology and Hematology,0,Bristol,VA,24201,Bristol,51520,0,263866,197,3,1,zip,0.2,36.610828,-82.169407,registry_stand_in
254,35,Wellmont Medical Associates Oncology & Hematology,0,Bristol,VA,24201,Bristol,51520,0,263866,197,3,1,zip,0.2,36.610828,-82.169407,registry_stand_in
255,36,Texas Oncology - McAllen,0,McAllen,TX,78053,Atascosa,48013,0,261893,315,0,1,city,0.4,26.224966,-98.246083,registry_stand_in
256,37,Holston Medical Group,0,Bristol,TN,37620,Sullivan,47163,0,260421,195,4,1,city_large_zip,0.2,36.558549,-82.217001,registry_stand_in
257,38,Wellmont Bristol Regional Medical Center,0,Bristol,TN,37620,Sullivan,47163,0,260421,195,4,4,city_large_zip,0.2,36.558549,-82.217001,registry_stand_in
258,39,Wellmont Medical Associates Oncology and Hematology-Bristol,0,Bristol,TN,37620,Sullivan,47163,0,260421,195,4,3,city_large_zip,0.2,36.558549,-82.217001,registry_stand_in
259,40,BRCR Global Texas,0,Edinburg,TX,78539,Hidalgo,48215,0,257723,309,17,1,zip,0.9,26.280689,-98.183295,registry_stand_in
260,41,DHR Research,0,Edinburg,TX,78539,Hidalgo,48215,0,257723,309,17,1,zip,0.9,26.280689,-98.183295,registry_stand_in
261,42,Doctors Hospital at Renaissance,0,Edinburg,TX,78539,Hidalgo,48215,0,257723,309,17,1,zip,0.9,26.280689,-98.183295,registry_stand_in
262,43,GSK Investigational Site,1,Kingsport,TN,37660,Sullivan,47163,0,256343,208,4,1,zip,0.4,36.52686,-82.571968,registry_stand_in
263,44,Holston Valley Hospital and Medical Center,0,Kingsport,TN,37660,Sullivan,47163,0,256343,208,4,1,zip,0.4,36.52686,-82.571968,registry_stand_in
264,45,Indian Path Community Hospital,0,Kingsport,TN,37660,Sullivan,47163,0,256343,208,4,1,zip,0.4,36.52686,-82.571968,registry_stand_in
265,46,Regional Cancer Center at Indian Path Community Hospital,0,Kingsport,TN,37660,Sullivan,47163,0,256343,208,4,5,zip,0.4,36.52686,-82.571968,registry_stand_in
266,47,Urology Associates of Kingsport,0,Kingsport,TN,37660,Sullivan,47163,0,256343,208,4,1,zip,0.4,36.52686,-82.571968,registry_stand_in
267,48,Wellmont Cancer Institute,0,Kingsport,TN,37660,Sullivan,47163,0,256343,208,4,2,zip,0.4,36.52686,-82.571968,registry_stand_in
268,49,Wellmont Cancer Institute,0,Johnson City,TN,37601,Washington,47179,0,247976,204,3,1,zip,0.8,36.33825,-82.318084,registry_stand_in
269,50,Ballad Health,0,Johnson City,TN,37604,Washington,47179,0,246659,212,3,1,zip,0.2,36.299242,-82.383044,registry_stand_in
270,51,Johnson City Medical Center,0,Johnson City,TN,37604,Washington,47179,0,246659,212,3,1,zip,0.2,36.299242,-82.383044,registry_stand_in
271,52,Wellmont Medical Associates Oncology and Hematology-Johnson City,0,Johnson City,TN,37604,Washington,47179,0,246659,212,3,12,zip,0.2,36.299242,-82.383044,registry_stand_in
272,53,Central Recruiting Site,1,McAllen,TX,78504,Hidalgo,48215,0,245683,293,17,1,zip,1.2,26.277591,-98.237279,registry_stand_in
273,54,MUSC Hollings Cancer Center,0,Charleston,SC,29020,Kershaw,45055,0,243503,317,0,1,zip,1.7,34.313938,-80.573806,registry_stand_in
274,55,SUN-131-03 Investigational Site,1,Mission,TX,78572,Hidalgo,48215,0,238367,285,17,1,zip,1.1,26.201484,-98.357159,registry_stand_in
275,56,University of South Carolina,0,Columbia,SC,29205,Richland,45079,0,225030,332,3,1,zip,0.1,33.990015,-80.99663,registry_stand_in
276,57,Columbia,1,Columbia,SC,29201,Richland,45079,0,224479,341,3,3,zip,0.1,33.982478,-81.028094,registry_stand_in
277,58,"University of South Carolina, College of Nursing",0,Columbia,SC,29208,Richland,45079,0,224479,342,3,1,zip,0.2,33.997515,-81.026796,registry_stand_in
278,59,Vista Clinical Research,0,Columbia,SC,29201,Richland,45079,0,224479,341,3,2,zip,0.1,33.982478,-81.028094,registry_stand_in
279,60,Watermark Counseling,0,Columbia,SC,29201,Richland,45079,0,224479,341,3,1,zip,0.1,33.982478,-81.028094,registry_stand_in
280,61,West Columbia,1,West Columbia,SC,29169,Lexington,45063,0,221372,343,8,1,zip,0.1,33.997503,-81.097406,registry_stand_in
281,62,UH Cleveland Medical Center,0,Columbia,SC,29210,Richland,45079,0,219496,347,3,1,zip,0.4,34.045458,-81.110262,registry_stand_in
282,63,Prisma Health,0,Columbia,SC,29203,Richland,45079,0,212724,321,3,1,zip,0.8,34.100612,-81.040698,registry_stand_in
283,64,Prisma Health Neurology,0,Columbia,SC,29203,Richland,45079,0,212724,321,3,2,zip,0.8,34.100612,-81.040698,registry_stand_in
284,70,John D. Archbold Memorial Hospital,0,Thomasville,GA,31792,Thomas,13275,0,199654,217,4,2,city_large_zip,0.2,30.839422,-83.978781,registry_stand_in
285,71,John D Archbold Memorial Hospital John D. Archbold Mem Hosp (4,0,Thomasville,GA,31792,Thomas,13275,0,199654,217,4,1,city_large_zip,0.2,30.839422,-83.978781,registry_stand_in
286,72,Lewis Hall Singletary Oncology Center at John D. Archbold Memorial Hospital,0,Thomasville,GA,31792,Thomas,13275,0,199654,217,4,1,city_large_zip,0.2,30.839422,-83.978781,registry_stand_in
287,73,Site US10054,1,Thomasville,GA,31792,Thomas,13275,0,199654,217,4,1,city_large_zip,0.2,30.839422,-83.978781,registry_stand_in
288,80,Fayetteville,1,Fayetteville,GA,31204,Bibb,13021,0,186410,268,9,1,zip,0.1,32.848511,-83.674745,registry_stand_in
289,81,Central Georgia Gynecologic Oncology,0,Macon,GA,31201,Bibb,13021,0,183075,227,9,3,zip,1.0,32.806321,-83.61786,registry_stand_in
290,82,Medical Center of Central Georgia,0,Macon,GA,31201,Bibb,13021,0,183075,227,9,3,zip,1.0,32.806321,-83.61786,registry_stand_in
291,86,Central Georgia Cancer Care PC,0,Macon,GA,31210,Bibb,13021,0,170520,282,9,1,zip,0.6,32.907633,-83.735052,registry_stand_in
292,96,Columbus,1,Columbus,GA,31909,Muscogee,13215,0,147533,212,4,1,zip,0.3,32.548807,-84.924106,registry_stand_in
293,97,Midtown OBGYN North,0,Columbus,GA,31909,Muscogee,13215,0,147533,212,4,1,zip,0.3,32.548807,-84.924106,registry_stand_in
294,98,Centricity Research Cancer Center - DBA CRRI John B. Amos Cancer Center Research,0,Columbus,GA,31904,Muscogee,13215,0,147262,210,4,1,zip,0.3,32.554339,-85.009468,registry_stand_in
295,99,Centricity Research Columbus Cancer Center,0,Columbus,GA,31904,Muscogee,13215,0,147262,210,4,3,zip,0.3,32.554339,-85.009468,registry_stand_in
296,100,Columbus Regional Research Institute,0,Columbus,GA,31904,Muscogee,13215,0,147262,210,4,8,zip,0.3,32.554339,-85.009468,registry_stand_in
297,101,Galderma Investigational Site,1,Columbus,GA,31904,Muscogee,13215,0,147262,210,4,1,zip,0.3,32.554339,-85.009468,registry_stand_in
298,102,IACT Health - John B. Amos Cancer center,0,Columbus,GA,31904,Muscogee,13215,0,147262,210,4,2,zip,0.3,32.554339,-85.009468,registry_stand_in
299,103,John B. Amos Cancer Center / IACT Health,0,Columbus,GA,31904,Muscogee,13215,0,147262,210,4,1,zip,0.3,32.554339,-85.009468,registry_stand_in
300,104,John B. Amos Cancer Center Research,0,Columbus,GA,31904,Muscogee,13215,0,147262,210,4,1,zip,0.3,32.554339,-85.009468,registry_stand_in
301,105,Piedmont Columbus Regional - John B. Amos Cancer Center,0,Columbus,GA,31904,Muscogee,13215,0,147262,210,4,2,zip,0.3,32.554339,-85.009468,registry_stand_in
302,106,Site reference,1,Columbus,GA,31904,Muscogee,13215,0,147262,210,4,1,zip,0.3,32.554339,-85.009468,registry_stand_in
303,107,924,0,Tallahassee,FL,32308,Leon,12073,0,145617,154,6,1,zip,0.3,30.480911,-84.219746,registry_stand_in
304,108,924-A,0,Tallahassee,FL,32308,Leon,12073,0,145617,154,6,1,zip,0.3,30.480911,-84.219746,registry_stand_in
305,109,Advanced Urology Institute - Tallahassee (Solaris,0,Tallahassee,FL,32308,Leon,12073,0,145617,154,6,1,zip,0.3,30.480911,-84.219746,registry_stand_in
306,110,Florida Cancer Specialist Research Institute Panhandle,0,Tallahassee,FL,32308,Leon,12073,0,145617,154,6,1,zip,0.3,30.480911,-84.219746,registry_stand_in
307,111,Florida Cancer Specialists Pan,0,Tallahassee,FL,32308,Leon,12073,0,145617,154,6,3,zip,0.3,30.480911,-84.219746,registry_stand_in
308,112,Florida Cancer Specialists PAN - SCRI - PPDS,0,Tallahassee,FL,32308,Leon,12073,0,145617,154,6,2,zip,0.3,30.480911,-84.219746,registry_stand_in
309,113,Florida Cancer Specialists - Panhandle,0,Tallahassee,FL,32308,Leon,12073,0,145617,154,6,8,zip,0.3,30.480911,-84.219746,registry_stand_in
310,114,Florida Cancer Specialists Research Panhandle,0,Tallahassee,FL,32308,Leon,12073,0,145617,154,6,1,zip,0.3,30.480911,-84.219746,registry_stand_in
311,115,Florida Cancer Specialists-Sarasota-61670,0,Tallahassee,FL,32308,Leon,12073,0,145617,154,6,1,zip,0.3,30.480911,-84.219746,registry_stand_in
312,116,Sarah Cannon- FCS Panhandle,0,Tallahassee,FL,32308,Leon,12073,0,145617,154,6,1,zip,0.3,30.480911,-84.219746,registry_stand_in
313,117,Sarah Cannon Research Institute-Pan-Tallahassee (FCS Panhandle,0,Tallahassee,FL,32308,Leon,12073,0,145617,154,6,1,zip,0.3,30.480911,-84.219746,registry_stand_in
314,118,SCRI Florida Cancer Specialists PAN,0,Tallahassee,FL,32308,Leon,12073,0,145617,154,6,3,zip,0.3,30.480911,-84.219746,registry_stand_in
315,119,SCRI - Florida Cancer Specialists - Panhandle,0,Tallahassee,FL,32308,Leon,12073,0,145617,154,6,1,zip,0.3,30.480911,-84.219746,registry_stand_in
316,120,SCRI - Florida Cancer Specialists - Panhandle Research Office,0,Tallahassee,FL,32308,Leon,12073,0,145617,154,6,1,zip,0.3,30.480911,-84.219746,registry_stand_in
317,121,Tallahassee Memorial Cancer Center,0,Tallahassee,FL,32308,Leon,12073,0,145617,154,6,1,zip,0.3,30.480911,-84.219746,registry_stand_in
318,122,Tallahassee Memorial Healthcare Cancer Center,0,Tallahassee,FL,32308,Leon,12073,0,145617,154,6,1,zip,0.3,30.480911,-84.219746,registry_stand_in
319,123,Tallahassee Memorial Hospital,0,Tallahassee,FL,32308,Leon,12073,0,145617,154,6,2,zip,0.3,30.480911,-84.219746,registry_stand_in
320,124,Tallahassee Memorial Physician Partners - Cancer & Hematology Specialists,0,Tallahassee,FL,32308,Leon,12073,0,145617,154,6,1,zip,0.3,30.480911,-84.219746,registry_stand_in
321,132,Site reference,1,Corpus Christi,TX,78412,Nueces,48355,0,142841,144,2,1,zip,0.5,27.703573,-97.345045,registry_stand_in
322,133,SUN-131-03 Investigational Site,1,Florence,SC,29501,Florence,45041,0,142494,202,4,1,zip,0.3,34.204581,-79.82697,registry_stand_in
323,134,Oncology and Hematology Associates Of Southwest Virginia USOR,0,Norton,VA,24273,Wise,51195,0,139788,122,2,1,zip,2.3,36.964701,-82.66148,registry_stand_in
324,135,Southwest VA Regional Cancer Center,0,Norton,VA,24273,Wise,51195,0,139788,122,2,8,zip,2.3,36.964701,-82.66148,registry_stand_in
325,136,Southwest Virginia Regional Cancer Center,0,Norton,VA,24273,Wise,51195,0,139788,122,2,1,zip,2.3,36.964701,-82.66148,registry_stand_in
326,137,McLeod Center for Cancer Treatment and Research,0,Florence,SC,29506,Florence,45041,0,139404,198,4,1,city_large_zip,0.8,34.178923,-79.792217,registry_stand_in
327,138,"Choice Research, LLC",0,Dothan,AL,36303,Houston,01069,0,136504,126,4,3,zip,0.4,31.264692,-85.388814,registry_stand_in
328,139,Dothan Hematology and Oncology,0,Dothan,AL,36303,Houston,01069,0,136504,126,4,1,zip,0.4,31.264692,-85.388814,registry_stand_in
329,140,XCancer/Dothan Hematology & Oncology - 1114,0,Dothan,AL,36303,Houston,01069,0,136504,126,4,1,zip,0.4,31.264692,-85.388814,registry_stand_in
330,146,075,0,Beaumont,TX,77702,Jefferson,48245,0,126774,167,8,1,zip,0.4,30.086285,-94.128289,registry_stand_in
331,147,Beaumont,1,Beaumont,TX,77702,Jefferson,48245,0,126774,167,8,3,zip,0.4,30.086285,-94.128289,registry_stand_in
332,148,Site reference,1,Beaumont,TX,77702,Jefferson,48245,0,126774,167,8,1,zip,0.4,30.086285,-94.128289,registry_stand_in
333,149,Texas Oncology - Beaumont,0,Beaumont,TX,77702,Jefferson,48245,0,126774,167,8,3,zip,0.4,30.086285,-94.128289,registry_stand_in
334,150,Texas Oncology - Beaumont Mamie McFaddin Ward Cancer Center - US Oncology Research,0,Beaumont,TX,77702,Jefferson,48245,0,126774,167,8,1,zip,0.4,30.086285,-94.128289,registry_stand_in
335,151,"Texas Oncology, PA",0,Beaumont,TX,77702,Jefferson,48245,0,126774,167,8,1,zip,0.4,30.086285,-94.128289,registry_stand_in
336,152,MUSC Health Florence Medical Center,0,Florence,SC,29505,Florence,45041,0,125327,166,4,3,zip,1.7,34.130066,-79.688893,registry_stand_in
337,153,SUN-131-03 Investigational Site,1,Albany,GA,31701,Dougherty,13095,0,120626,144,9,1,zip,0.1,31.573054,-84.154783,registry_stand_in
338,154,Hematology Oncology Associates,0,Medford,OR,97504,Jackson,41029,0,119567,76,9,1,zip,2.8,42.328207,-122.797427,registry_stand_in
339,155,"Hematology Oncology Associates, PC",0,Medford,OR,97504,Jackson,41029,0,119567,76,9,1,zip,2.8,42.328207,-122.797427,registry_stand_in
340,156,"Hematology Oncology Consultants, Pc",0,Medford,OR,97504,Jackson,41029,0,119567,76,9,1,zip,2.8,42.328207,-122.797427,registry_stand_in
341,157,Providence Medford Medical Center,0,Medford,OR,97504,Jackson,41029,0,119567,76,9,1,zip,2.8,42.328207,-122.797427,registry_stand_in
342,158,Cookeville Regional Medical Center,0,Cookeville,TN,38501,Putnam,47141,0,115098,106,3,10,zip,1.2,36.226045,-85.533285,registry_stand_in
343,159,Tennessee Oncology - Cookeville Clinic,0,Cookeville,TN,38501,Putnam,47141,0,115098,106,3,1,zip,1.2,36.226045,-85.533285,registry_stand_in
344,160,Florida Cancer Affiliates,0,Panama City,FL,32405,Bay,12005,0,113939,96,1,1,zip,0.3,30.199378,-85.668605,registry_stand_in
345,161,Panama City,1,Panama City,FL,32405,Bay,12005,0,113939,96,1,2,zip,0.3,30.199378,-85.668605,registry_stand_in
346,162,Unified Womens Clin Research,0,Panama City,FL,32045,St. Johns,12109,0,112394,94,4,1,city,0.4,30.166271,-85.670191,registry_stand_in
347,163,877,0,Pensacola,FL,32503,Escambia,12033,0,111998,238,13,2,zip,0.0,30.459667,-87.213643,registry_stand_in
348,164,USO - Woodlands Medical Specialists,0,Pensacola,FL,32503,Escambia,12033,0,111998,238,13,1,zip,0.0,30.459667,-87.213643,registry_stand_in
349,165,"Woodlands Medical Specialists, P.A.",0,Pensacola,FL,32503,Escambia,12033,0,111998,238,13,1,zip,0.0,30.459667,-87.213643,registry_stand_in
350,166,"Woodlands Medical Specialists, PA",0,Pensacola,FL,32503,Escambia,12033,0,111998,238,13,9,zip,0.0,30.459667,-87.213643,registry_stand_in
351,173,Cardiology Consultants,0,Pensacola,FL,32501,Escambia,12033,0,110091,233,13,1,zip,0.2,30.428781,-87.222515,registry_stand_in
352,175,Arizona Oncology Associates,0,Prescott Valley,AZ,86301,Yavapai,04025,0,105091,64,1,2,zip,0.3,34.598081,-112.420156,registry_stand_in
353,176,Arizona Oncology Associates - NAHOA,0,Prescott,AZ,86301,Yavapai,04025,0,105091,64,1,1,zip,0.3,34.598081,-112.420156,registry_stand_in
354,177,"Arizona Oncology Associates, P.C. - HOPE",0,Prescott,AZ,86301,Yavapai,04025,0,105091,64,1,1,zip,0.3,34.598081,-112.420156,registry_stand_in
355,178,"Arizona Oncology Associates, PC - NAHOA",0,Prescott,AZ,86301,Yavapai,04025,0,105091,64,1,4,zip,0.3,34.598081,-112.420156,registry_stand_in
356,179,ArriVent Investigative Site,1,Prescott,AZ,86301,Yavapai,04025,0,105091,64,1,1,zip,0.3,34.598081,-112.420156,registry_stand_in
357,180,SUN-131-03 Investigational Site,1,Prescott,AZ,86301,Yavapai,04025,0,105091,64,1,1,zip,0.3,34.598081,-112.420156,registry_stand_in
358,181,The Arthritis and Diabetes Clinic,0,Monroe,LA,71203,Ouachita,22073,0,104267,108,5,1,city_large_zip,0.2,32.518986,-92.07718,registry_stand_in
359,182,"The Arthritis & Diabetes Clinic, Inc.",0,Monroe,LA,71203,Ouachita,22073,0,104267,108,5,2,city_large_zip,0.2,32.518986,-92.07718,registry_stand_in
360,183,University Health-Conway,0,Monroe,LA,71202,Ouachita,22073,0,104267,108,5,1,city_large_zip,0.2,32.518986,-92.07718,registry_stand_in
361,184,Epic Medical Research - Monroe,0,Monroe,LA,71201,Ouachita,22073,0,101834,105,5,1,zip,0.2,32.539557,-92.106941,registry_stand_in
362,186,Ascension Sacred Heart Health System,0,Pensacola,FL,32504,Escambia,12033,0,99468,227,13,1,zip,1.2,30.473121,-87.186316,registry_stand_in
363,187,Ascension Sacred Heart Medical Oncology,0,Pensacola,FL,32504,Escambia,12033,0,99468,227,13,1,zip,1.2,30.473121,-87.186316,registry_stand_in
364,188,Emerald Coast Neurology,0,Pensacola,FL,32504,Escambia,12033,0,99468,227,13,2,zip,1.2,30.473121,-87.186316,registry_stand_in
365,189,Nemours Childrens Clinic,0,Pensacola,FL,32504,Escambia,12033,0,99468,227,13,1,zip,1.2,30.473121,-87.186316,registry_stand_in
366,190,Mercy Health - Paducah,0,Paducah,KY,42003,McCracken,21145,0,98163,124,9,1,zip,0.4,37.004848,-88.577941,registry_stand_in
367,191,Oncology Associated Of Western Kentucky,0,Paducah,KY,42003,McCracken,21145,0,98163,124,9,1,zip,0.4,37.004848,-88.577941,registry_stand_in
368,192,"West Ky Hematology & Oncology Group, PSC",0,Paducah,KY,42003,McCracken,21145,0,98163,124,9,1,zip,0.4,37.004848,-88.577941,registry_stand_in
369,194,GSK Investigational Site,1,Pikeville,KY,41501,Pike,21195,0,94044,108,1,1,zip,0.0,37.507592,-82.518773,registry_stand_in
370,195,Pikeville Hospital,0,Pikeville,KY,41501,Pike,21195,0,94044,108,1,1,zip,0.0,37.507592,-82.518773,registry_stand_in
371,196,"Pikeville Medical Center, Inc.",0,Pikeville,KY,41501,Pike,21195,0,94044,108,1,1,zip,0.0,37.507592,-82.518773,registry_stand_in
372,197,Pikeville Medical Center - Oncology/Hematology,0,Pikeville,KY,41501,Pike,21195,0,94044,108,1,1,zip,0.0,37.507592,-82.518773,registry_stand_in
373,198,Graves Gilbert Clinic,0,Bowling Green,KY,42101,Warren,21227,0,93301,207,1,2,city_large_zip,0.2,36.976832,-86.433661,registry_stand_in
374,199,Med Center Health,0,Bowling Green,KY,42101,Warren,21227,0,93301,207,1,1,city_large_zip,0.2,36.976832,-86.433661,registry_stand_in
375,200,928-M,0,Shelbyville,TN,37160,Bedford,47003,0,93171,402,6,1,city_large_zip,0.3,35.501473,-86.451662,registry_stand_in
376,201,Clinical Trial Site,1,Shelbyville,TN,37160,Bedford,47003,0,93171,402,6,1,city_large_zip,0.3,35.501473,-86.451662,registry_stand_in
377,202,Sarah Cannon and HCA Research Institute,0,Shelbyville,TN,37160,Bedford,47003,0,93171,402,6,1,city_large_zip,0.3,35.501473,-86.451662,registry_stand_in
378,203,"Tennessee Oncology, LLC",0,Shelbyville,TN,37160,Bedford,47003,0,93171,402,6,1,city_large_zip,0.3,35.501473,-86.451662,registry_stand_in
379,204,"Tennessee Oncology, PLLC",0,Shelbyville,TN,37160,Bedford,47003,0,93171,402,6,8,city_large_zip,0.3,35.501473,-86.451662,registry_stand_in
380,205,"Tennessee Oncology, PLLC,120 Frank Martin Road",0,Shelbyville,TN,37160,Bedford,47003,0,93171,402,6,2,city_large_zip,0.3,35.501473,-86.451662,registry_stand_in
381,206,Tennessee Oncology - SHELBYVILLE - SCRI - PPDS,0,Shelbyville,TN,37160,Bedford,47003,0,93171,402,6,1,city_large_zip,0.3,35.501473,-86.451662,registry_stand_in
382,207,Alexandria Cardiology Clinic,0,Alexandria,LA,71301,Rapides,22079,0,92799,105,3,1,zip,0.1,31.274156,-92.467107,registry_stand_in
383,208,CHRISTUS St. Frances Cabrini Cancer Center,0,Alexandria,LA,71301,Rapides,22079,0,92799,105,3,1,zip,0.1,31.274156,-92.467107,registry_stand_in
384,211,554G,0,Amarillo,TX,79124,Potter,48375,0,90551,95,19,1,city_large_zip,0.2,35.198064,-101.833107,registry_stand_in
385,212,Amarillo Center for Clinical Research,0,Amarillo,TX,79124,Potter,48375,0,90551,95,19,2,city_large_zip,0.2,35.198064,-101.833107,registry_stand_in
386,213,Texas Oncology,0,Amarillo,TX,79124,Potter,48375,0,90551,95,19,2,city_large_zip,0.2,35.198064,-101.833107,registry_stand_in
387,214,Texas Oncology (Amarillo) - USOR - 1826 Point West Pkwy,0,Amarillo,TX,79124,Potter,48375,0,90551,95,19,1,city_large_zip,0.2,35.198064,-101.833107,registry_stand_in
388,215,"Texas Oncology, P.A. Amarillo, TX",0,Amarillo,TX,79103,Potter,48375,0,90551,95,19,1,zip,0.8,35.18215,-101.800373,registry_stand_in
389,216,"Equity Medical, LLC",0,Bowling Green,KY,42104,Warren,21227,0,87188,287,1,1,zip,0.2,36.876864,-86.45119,registry_stand_in
390,217,"Amarillo Urology Research, LLC",0,Amarillo,TX,79106,Potter,48375,0,86954,91,19,1,zip,0.2,35.203051,-101.891662,registry_stand_in
391,218,Texas Oncology - Amarillo,0,Amarillo,TX,79106,Potter,48375,0,86954,91,19,5,zip,0.2,35.203051,-101.891662,registry_stand_in
392,219,"Texas Oncology, PA",0,Amarillo,TX,79106,Potter,48375,0,86954,91,19,1,zip,0.2,35.203051,-101.891662,registry_stand_in
393,220,Texas Oncology West,0,Amarillo,TX,79106,Potter,48375,0,86954,91,19,1,zip,0.2,35.203051,-101.891662,registry_stand_in
394,221,Texas Tech University Health Sciences Center-Amarillo,0,Amarillo,TX,79106,Potter,48375,0,86954,91,19,11,zip,0.2,35.203051,-101.891662,registry_stand_in
395,224,554,0,Midland,TX,79701,Midland,48329,0,84666,93,3,1,zip,0.0,31.992446,-102.080985,registry_stand_in
396,225,554A,0,Midland,TX,79701,Midland,48329,0,84666,93,3,1,zip,0.0,31.992446,-102.080985,registry_stand_in
397,226,Texas Oncology Midland Allison Cancer Center,0,Midland,TX,79701,Midland,48329,0,84666,93,3,2,zip,0.0,31.992446,-102.080985,registry_stand_in
398,227,Enloe Regional Cancer Center,0,Chico,CA,95926,Butte,06007,0,83944,108,8,1,zip,0.4,39.74577,-121.843938,registry_stand_in
399,228,Piedmont Cancer Institute,0,Locust Grove,GA,30248,Henry,13151,0,83660,1222,2,1,zip,0.1,33.35046,-84.109119,registry_stand_in
400,231,SCRI - Nashville,0,Nashville,TN,37023,Stewart,47161,0,81709,159,1,1,zip,0.8,36.592456,-87.782744,registry_stand_in
401,232,Permian Research Foundation,0,Odessa,TX,79761,Ector,48135,0,81474,89,7,1,zip,0.1,31.855583,-102.348437,registry_stand_in
402,233,Texas Oncology Odessa-West Texas Cancer Center,0,Odessa,TX,79761,Ector,48135,0,81474,89,7,2,zip,0.1,31.855583,-102.348437,registry_stand_in
403,234,Dixie Medical Center,0,St. George,UT,84790,Washington,49053,0,81031,48,8,1,zip,1.7,37.046092,-113.557306,registry_stand_in
404,235,Dixie Medical Center Regional Cancer Center,0,St. George,UT,84770,Washington,49053,0,81031,48,8,8,zip,1.1,37.13839,-113.629601,registry_stand_in
405,236,Dixie Regional Medical Center,0,St. George,UT,84790,Washington,49053,0,81031,48,8,1,zip,1.7,37.046092,-113.557306,registry_stand_in
406,237,Galderma Investigational Site,1,St. George,UT,84790,Washington,49053,0,81031,48,8,1,zip,1.7,37.046092,-113.557306,registry_stand_in
407,238,Intermountain Cancer Center,0,St. George,UT,84790,Washington,49053,0,81031,48,8,1,zip,1.7,37.046092,-113.557306,registry_stand_in
408,239,Intermountain Cancer Center- Saint George Cancer Center,0,St. George,UT,84790,Washington,49053,0,81031,48,8,1,zip,1.7,37.046092,-113.557306,registry_stand_in
409,240,Intermountain Healthcare,0,St. George,UT,84790,Washington,49053,0,81031,48,8,1,zip,1.7,37.046092,-113.557306,registry_stand_in
410,241,Southwest Regional Cancer Clinic,0,St. George,UT,84770,Washington,49053,0,81031,48,8,2,zip,1.1,37.13839,-113.629601,registry_stand_in
411,242,St. George Regional Hospital Satellite,0,St. George,UT,84790,Washington,49053,0,81031,48,8,1,zip,1.7,37.046092,-113.557306,registry_stand_in
412,243,Forrest General Cancer Center,0,Hattiesburg,MS,39401,Forrest,28035,0,79929,125,18,1,city_large_zip,0.0,31.307305,-89.317434,registry_stand_in
413,244,Forrest General Hospital,0,Hattiesburg,MS,39401,Forrest,28035,0,79929,125,18,1,city_large_zip,0.0,31.307305,-89.317434,registry_stand_in
414,245,Forrest General Hospital Cancer Center,0,Hattiesburg,MS,39401,Forrest,28035,0,79929,125,18,2,city_large_zip,0.0,31.307305,-89.317434,registry_stand_in
415,246,Hattiesburg Clinic Hematology,0,Hattiesburg,MS,39401,Forrest,28035,0,79929,125,18,4,city_large_zip,0.0,31.307305,-89.317434,registry_stand_in
416,247,Hattiesburg Clinic - Hematology/Oncology Clinic,0,Hattiesburg,MS,39401,Forrest,28035,0,79929,125,18,10,city_large_zip,0.0,31.307305,-89.317434,registry_stand_in
417,248,Investigative Site US047,1,Hattiesburg,MS,39401,Forrest,28035,0,79929,125,18,1,city_large_zip,0.0,31.307305,-89.317434,registry_stand_in
418,249,MorphoSys Research Site,1,Hattiesburg,MS,39401,Forrest,28035,0,79929,125,18,1,city_large_zip,0.0,31.307305,-89.317434,registry_stand_in
419,250,Forrest General Hospital / Cancer Center,0,Hattiesburg,MS,39404,Jones,28067,0,79929,125,0,8,city,0.0,31.307305,-89.317434,registry_stand_in
420,251,Adventist Health Cancer Care Center Chico,0,Chico,CA,95973,Butte,06007,0,78692,103,8,3,city_large_zip,0.8,39.758951,-121.81772,registry_stand_in
421,271,Aclaris Investigational Site,1,College Station,TX,77845,Brazos,48041,0,73695,164,1,3,zip,0.5,30.5611,-96.275139,registry_stand_in
422,272,Almirall Investigational,0,College Station,TX,77845,Brazos,48041,0,73695,164,1,1,zip,0.5,30.5611,-96.275139,registry_stand_in
423,273,Galderma Investigational Site,1,College Station,TX,77845,Brazos,48041,0,73695,164,1,1,zip,0.5,30.5611,-96.275139,registry_stand_in
424,274,Investigational,0,College Station,TX,77845,Brazos,48041,0,73695,164,1,1,zip,0.5,30.5611,-96.275139,registry_stand_in
425,275,J&S Studies,0,College Station,TX,77845,Brazos,48041,0,73695,164,1,1,zip,0.5,30.5611,-96.275139,registry_stand_in
426,276,"J&S Studies, Inc.",0,College Station,TX,77845,Brazos,48041,0,73695,164,1,3,zip,0.5,30.5611,-96.275139,registry_stand_in
427,286,CHI St Joseph Health Cancer Center,0,Bryan,TX,77802,Brazos,48041,0,72000,141,1,2,zip,0.2,30.660911,-96.322289,registry_stand_in
428,287,Saint Joseph Regional Cancer Center,0,Bryan,TX,77802,Brazos,48041,0,72000,141,1,86,zip,0.2,30.660911,-96.322289,registry_stand_in
429,288,St. Joseph Regional Cancer Center,0,Bryan,TX,77802,Brazos,48041,0,72000,141,1,1,zip,0.2,30.660911,-96.322289,registry_stand_in
430,289,Carolina Blood and Cancer Care Associates,0,Lancaster,SC,29720,Lancaster,45057,0,70804,639,2,1,zip,1.1,34.745312,-80.743312,registry_stand_in
431,292,Feather River Cancer Center,0,Paradise,CA,95969,Butte,06007,0,66968,98,8,2,zip,1.4,39.720742,-121.638663,registry_stand_in
432,294,North Star Lodge Cancer Center,0,Yakima,WA,98902,Yakima,53077,0,63690,71,16,1,zip,1.7,46.598048,-120.534558,registry_stand_in
433,295,Virginia Mason Memorial- North Star Lodge Cancer Center,0,Yakima,WA,98902,Yakima,53077,0,63690,71,16,2,zip,1.7,46.598048,-120.534558,registry_stand_in
434,296,Yakima Valley Memorial Hosp,0,Yakima,WA,98902,Yakima,53077,0,63690,71,16,1,zip,1.7,46.598048,-120.534558,registry_stand_in
435,297,Yakima Valley Memorial Hospital,0,Yakima,WA,98902,Yakima,53077,0,63690,71,16,4,zip,1.7,46.598048,-120.534558,registry_stand_in
436,298,Yakima Valley Memorial Hospital/North Star,0,Yakima,WA,98902,Yakima,53077,0,63690,71,16,1,zip,1.7,46.598048,-120.534558,registry_stand_in
437,299,Yakima Valley Memorial Hospital/North Star Lodge,0,Yakima,WA,98902,Yakima,53077,0,63690,71,16,3,zip,1.7,46.598048,-120.534558,registry_stand_in
438,300,YVMH dba Virginia Mason Memorial/North Star Lodge Cancer Center,0,Yakima,WA,98902,Yakima,53077,0,63690,71,16,1,zip,1.7,46.598048,-120.534558,registry_stand_in
439,301,YVMH dba Vrigina Mason Memorial/North Star Lodge Cancer Center,0,Yakima,WA,98902,Yakima,53077,0,63690,71,16,1,zip,1.7,46.598048,-120.534558,registry_stand_in
440,302,Monument Health,0,Rapid City,SD,57701,Pennington,46103,0,63135,43,14,1,zip,1.2,44.121777,-103.201222,registry_stand_in
441,303,Monument Health Clinical Research,0,Rapid City,SD,57701,Pennington,46103,0,63135,43,14,1,zip,1.2,44.121777,-103.201222,registry_stand_in
442,304,Monument Health Rapid City Hospital,0,Rapid City,SD,57701,Pennington,46103,0,63135,43,14,2,zip,1.2,44.121777,-103.201222,registry_stand_in
443,305,"Monument Health Rapid City Hospital, Inc.",0,Rapid City,SD,57701,Pennington,46103,0,63135,43,14,1,zip,1.2,44.121777,-103.201222,registry_stand_in
444,306,SUN-131-03 Investigational Site,1,Rapid City,SD,57701,Pennington,46103,0,63135,43,14,1,zip,1.2,44.121777,-103.201222,registry_stand_in
445,307,Health Concepts,0,Rapid City,SD,57702,Pennington,46103,0,62297,42,14,2,city_large_zip,0.7,44.071071,-103.217924,registry_stand_in
446,308,878-C,0,Paris,TX,75460,Lamar,48277,0,61043,75,4,1,city_large_zip,0.5,33.668929,-95.546616,registry_stand_in
447,309,Paris Regional Medical Center / US Oncology,0,Paris,TX,75460,Lamar,48277,0,61043,75,4,1,city_large_zip,0.5,33.668929,-95.546616,registry_stand_in
448,310,Texas Oncology PA - Paris,0,Paris,TX,75460,Lamar,48277,0,61043,75,4,1,city_large_zip,0.5,33.668929,-95.546616,registry_stand_in
449,311,Texas Oncology - Paris,0,Paris,TX,75460,Lamar,48277,0,61043,75,4,6,city_large_zip,0.5,33.668929,-95.546616,registry_stand_in
450,317,Cedar City Hospital,0,Cedar City,UT,84721,Iron,49021,0,56795,37,4,1,city_large_zip,0.1,37.683818,-113.09554,registry_stand_in
451,318,801-G,0,Gallatin,TN,37066,Sumner,47165,0,56301,467,4,1,zip,0.6,36.398757,-86.45554,registry_stand_in
452,319,928-G,0,Gallatin,TN,37066,Sumner,47165,0,56301,467,4,1,zip,0.6,36.398757,-86.45554,registry_stand_in
453,320,Clinical Trial Site,1,Gallatin,TN,37066,Sumner,47165,0,56301,467,4,1,zip,0.6,36.398757,-86.45554,registry_stand_in
454,321,Sarah Cannon and HCA Research Institute,0,Gallatin,TN,37066,Sumner,47165,0,56301,467,4,1,zip,0.6,36.398757,-86.45554,registry_stand_in
455,322,"SCRI TO Nashville- Gallatin Tennessee Oncology, PLLC",0,Gallatin,TN,37066,Sumner,47165,0,56301,467,4,1,zip,0.6,36.398757,-86.45554,registry_stand_in
456,323,Tennessee Oncology - Gallatin Clinic,0,Gallatin,TN,37066,Sumner,47165,0,56301,467,4,1,zip,0.6,36.398757,-86.45554,registry_stand_in
457,324,Tennessee Oncology - GALLATIN - SCRI - PPDS,0,Gallatin,TN,37066,Sumner,47165,0,56301,467,4,1,zip,0.6,36.398757,-86.45554,registry_stand_in
458,325,"Tennessee Oncology, LLC",0,Gallatin,TN,37066,Sumner,47165,0,56301,467,4,1,zip,0.6,36.398757,-86.45554,registry_stand_in
459,326,"Tennessee Oncology, PLLC",0,Gallatin,TN,37066,Sumner,47165,0,56301,467,4,7,zip,0.6,36.398757,-86.45554,registry_stand_in
460,327,"Tennessee Oncology, PLLC,225 Big Station Camp Blvd",0,Gallatin,TN,37066,Sumner,47165,0,56301,467,4,2,zip,0.6,36.398757,-86.45554,registry_stand_in
461,328,"Cutis Wellness Dermatology & Dermapathology, PLLC",0,Laredo,TX,78041,Webb,48479,0,53573,75,5,1,zip,0.8,27.559571,-99.462957,registry_stand_in
462,329,Doctor's Hospital of Laredo,0,Laredo,TX,78041,Webb,48479,0,53573,75,5,7,zip,0.8,27.559571,-99.462957,registry_stand_in
463,330,"Envision Cancer Center, LLC",0,Laredo,TX,78041,Webb,48479,0,53573,75,5,1,zip,0.8,27.559571,-99.462957,registry_stand_in
464,331,Oncology and Hematology of South Texas - 1165,0,Laredo,TX,78041,Webb,48479,0,53573,75,5,1,zip,0.8,27.559571,-99.462957,registry_stand_in
465,332,"Oncology and Hematology of South Texas, PA",0,Laredo,TX,78041,Webb,48479,0,53573,75,5,1,zip,0.8,27.559571,-99.462957,registry_stand_in
466,333,PRiSMs Group,0,Laredo,TX,78041,Webb,48479,0,53573,75,5,1,zip,0.8,27.559571,-99.462957,registry_stand_in
467,334,Singing River Hospital,0,Pascagoula,MS,39581,Jackson,28059,0,52573,283,0,12,zip,0.1,30.350539,-88.493571,registry_stand_in
468,335,928-H,0,Lebanon,TN,37090,Wilson,47189,0,51893,460,6,1,city_large_zip,1.1,36.199381,-86.344634,registry_stand_in
469,336,Sarah Cannon and HCA Research Institute,0,Lebanon,TN,37090,Wilson,47189,0,51893,460,6,1,city_large_zip,1.1,36.199381,-86.344634,registry_stand_in
470,337,"SCRI TO Nashville- Lebanon Tennessee Oncology, PLLC",0,Lebanon,TN,37090,Wilson,47189,0,51893,460,6,1,city_large_zip,1.1,36.199381,-86.344634,registry_stand_in
471,338,Tennessee Oncology,0,Lebanon,TN,37090,Wilson,47189,0,51893,460,6,1,city_large_zip,1.1,36.199381,-86.344634,registry_stand_in
472,339,Tennessee Oncology - Lebanon Clinic,0,Lebanon,TN,37090,Wilson,47189,0,51893,460,6,1,city_large_zip,1.1,36.199381,-86.344634,registry_stand_in
473,340,Tennessee Oncology - LEBANON - SCRI - PPDS,0,Lebanon,TN,37090,Wilson,47189,0,51893,460,6,1,city_large_zip,1.1,36.199381,-86.344634,registry_stand_in
474,341,"Tennessee Oncology, LLC",0,Lebanon,TN,37090,Wilson,47189,0,51893,460,6,1,city_large_zip,1.1,36.199381,-86.344634,registry_stand_in
475,342,"Tennessee Oncology, PLLC",0,Lebanon,TN,37090,Wilson,47189,0,51893,460,6,4,city_large_zip,1.1,36.199381,-86.344634,registry_stand_in
476,343,"Tennessee Oncology, PLLC,103 Physicians Way",0,Lebanon,TN,37090,Wilson,47189,0,51893,460,6,2,city_large_zip,1.1,36.199381,-86.344634,registry_stand_in
477,347,Scotland Health Care System,0,Laurinburg,NC,28352,Scotland,37165,0,49240,294,0,3,zip,0.2,34.768395,-79.453559,registry_stand_in
478,348,Scotland Memorial Hospital,0,Laurinburg,NC,28352,Scotland,37165,0,49240,294,0,1,zip,0.2,34.768395,-79.453559,registry_stand_in
479,349,Scotland Memorial Hospital-Laurinburg Cancer Center,0,Laurinburg,NC,28352,Scotland,37165,0,49240,294,0,3,zip,0.2,34.768395,-79.453559,registry_stand_in
480,350,Site reference,1,Hamlet,NC,28345,Richmond,37153,0,48883,286,0,1,zip,0.3,34.870288,-79.66564,registry_stand_in
481,351,Novant Health Oncology Specialists-Wilkesboro,0,Wilkesboro,NC,28659,Wilkes,37193,0,48485,332,7,3,city_large_zip,0.1,36.142425,-81.176895,registry_stand_in
482,352,Central Washington Health Services Association d/b/a Confluence Health,0,Wenatchee,WA,98801,Chelan,53007,0,46738,37,3,2,zip,1.0,47.431512,-120.345038,registry_stand_in
483,353,MultiCare Regional Cancer Center - Gig Harbor,0,Auburn,WA,98801,Chelan,53007,0,46738,37,3,1,zip,1.0,47.431512,-120.345038,registry_stand_in
484,354,Site US10028,1,Wenatchee,WA,98801,Chelan,53007,0,46738,37,3,1,zip,1.0,47.431512,-120.345038,registry_stand_in
485,355,"Wenatchee Valley Clinic [Wenatchee, WA]",0,Wenatchee,WA,98801,Chelan,53007,0,46738,37,3,1,zip,1.0,47.431512,-120.345038,registry_stand_in
486,356,Wenatchee Valley Hospital,0,Wenatchee,WA,98801,Chelan,53007,0,46738,37,3,2,zip,1.0,47.431512,-120.345038,registry_stand_in
487,357,Wenatchee Valley Hospital & Clinics,0,Wenatchee,WA,98801,Chelan,53007,0,46738,37,3,2,zip,1.0,47.431512,-120.345038,registry_stand_in
488,358,Wenatchee Valley Hospital & Clinics - ATTN: Jay Johnson,0,Wenatchee,WA,98801,Chelan,53007,0,46738,37,3,1,zip,1.0,47.431512,-120.345038,registry_stand_in
489,359,Wenatchee Valley Medical Center Oncology,0,Wenatchee,WA,98801,Chelan,53007,0,46738,37,3,1,zip,1.0,47.431512,-120.345038,registry_stand_in
490,360,Martha's Vineyard Hospital,0,Oak Bluffs,MA,02557,Dukes,25007,0,46734,243,0,1,zip,7.7,41.446403,-70.561761,registry_stand_in
491,361,Beth Israel Deaconess Hospital-Plymouth,0,Plymouth,MA,02360,Plymouth,25023,0,46734,1176,6,3,zip,1.1,41.882062,-70.631289,registry_stand_in
492,362,"Office of Donald S. Marks, M.D., P.C.",0,Plymouth,MA,02360,Plymouth,25023,0,46734,1176,6,2,zip,1.1,41.882062,-70.631289,registry_stand_in
493,364,Mayo Clinic Health System,0,Albert Lea,MN,56007,Freeborn,27047,0,46094,93,5,1,zip,0.2,43.660887,-93.324563,registry_stand_in
494,366,Southeast Regional Cancer Center,0,Lumberton,NC,28359,Robeson,37155,0,45416,264,0,1,zip,0.2,34.58685,-79.054744,registry_stand_in
495,367,Clinical Trial Site,1,Farmington,NM,87401,San Juan,35045,0,45287,41,7,1,zip,0.9,36.738158,-108.183294,registry_stand_in
496,368,Regeneron Research Site,1,Farmington,NM,87401,San Juan,35045,0,45287,41,7,1,zip,0.9,36.738158,-108.183294,registry_stand_in
497,369,"San Juan Oncology Associates, PC",0,Farmington,NM,87401,San Juan,35045,0,45287,41,7,2,zip,0.9,36.738158,-108.183294,registry_stand_in
498,370,"Institute of Clinical Research - Tennessee, LLC",0,Murfreesboro,TN,37130,Rutherford,47149,0,44816,444,7,1,zip,1.4,35.881689,-86.318747,registry_stand_in
499,371,International Clinical Research - Tennessee LLC,0,Murfreesboro,TN,37130,Rutherford,47149,0,44816,444,7,1,zip,1.4,35.881689,-86.318747,registry_stand_in
500,377,Cancer Care of Western North Carolina,0,Asheville,NC,28801,Buncombe,37021,0,44544,305,12,2,zip,0.0,35.594539,-82.557972,registry_stand_in
501,378,Mission Hospital_ Cancer Care of Western North Carolina,0,Asheville,NC,28801,Buncombe,37021,0,44544,305,12,1,zip,0.0,35.594539,-82.557972,registry_stand_in
502,379,"Mission Hospital, Inc",0,Asheville,NC,28801,Buncombe,37021,0,44544,305,12,1,zip,0.0,35.594539,-82.557972,registry_stand_in
503,380,Mission Hospital Inc-Memorial Campus,0,Asheville,NC,28801,Buncombe,37021,0,44544,305,12,1,zip,0.0,35.594539,-82.557972,registry_stand_in
504,381,Mission Hospital - Memorial Campus,0,Asheville,NC,28801,Buncombe,37021,0,44544,305,12,2,zip,0.0,35.594539,-82.557972,registry_stand_in
505,382,Basset Medical Center,0,Cooperstown,NY,13326,Otsego,36077,0,44222,188,3,1,zip,1.3,42.722511,-74.895371,registry_stand_in
506,383,Bassett Medical Center,0,Cooperstown,NY,13326,Otsego,36077,0,44222,188,3,1,zip,1.3,42.722511,-74.895371,registry_stand_in
507,384,554D,0,Wichita Falls,TX,76310,Archer,48009,0,43927,101,0,1,city_large_zip,0.2,33.906654,-98.525848,registry_stand_in
508,385,Texas Oncology P A 1,0,Wichita Falls,TX,76310,Archer,48009,0,43927,101,0,1,city_large_zip,0.2,33.906654,-98.525848,registry_stand_in
509,386,Texas Oncology - West Texas,0,Wichita Falls,TX,76310,Archer,48009,0,43927,101,0,6,city_large_zip,0.2,33.906654,-98.525848,registry_stand_in
510,387,Texas Oncology - Wichita Falls,0,Wichita Falls,TX,76310,Archer,48009,0,43927,101,0,1,city_large_zip,0.2,33.906654,-98.525848,registry_stand_in
511,388,Texas Oncology-Wichita Falls Texoma Cancer Center,0,Wichita Falls,TX,76310,Archer,48009,0,43927,101,0,2,city_large_zip,0.2,33.906654,-98.525848,registry_stand_in
512,389,Texas Oncology-Wichital Falls Texoma Cancer Center,0,Wichita Falls,TX,76310,Archer,48009,0,43927,101,0,1,city_large_zip,0.2,33.906654,-98.525848,registry_stand_in
513,390,785,0,Denison,TX,75020,Grayson,48181,0,43728,294,12,1,zip,1.3,33.772722,-96.606962,registry_stand_in
514,391,MorphoSys Research Site,1,Denison,TX,75020,Grayson,48181,0,43728,294,12,1,zip,1.3,33.772722,-96.606962,registry_stand_in
515,392,Research-0,0,Denison,TX,75020,Grayson,48181,0,43728,294,12,1,zip,1.3,33.772722,-96.606962,registry_stand_in
516,393,Texas Oncology - Denison,0,Denison,TX,75020,Grayson,48181,0,43728,294,12,3,zip,1.3,33.772722,-96.606962,registry_stand_in
517,394,Texas Oncology - Denison - 1139,0,Denison,TX,75020,Grayson,48181,0,43728,294,12,1,zip,1.3,33.772722,-96.606962,registry_stand_in
518,395,Texas Oncology - Dension,0,Denison,TX,75020,Grayson,48181,0,43728,294,12,1,zip,1.3,33.772722,-96.606962,registry_stand_in
519,396,TxO - Denison Cancer Center,0,Denison,TX,75020,Grayson,48181,0,43728,294,12,1,zip,1.3,33.772722,-96.606962,registry_stand_in
520,397,USO - Texas Oncology,0,Denison,TX,75020,Grayson,48181,0,43728,294,12,1,zip,1.3,33.772722,-96.606962,registry_stand_in
521,401,890,0,Sherman,TX,75090,Grayson,48181,0,40896,450,12,1,zip,0.9,33.604131,-96.550405,registry_stand_in
522,402,Texas Cancer Center - Sherman,0,Sherman,TX,75090,Grayson,48181,0,40896,450,12,1,zip,0.9,33.604131,-96.550405,registry_stand_in
523,403,"Texas Oncology, P.A.",0,Sherman,TX,75090,Grayson,48181,0,40896,450,12,1,zip,0.9,33.604131,-96.550405,registry_stand_in
524,404,"Texas Oncology, P.A. - Sherman",0,Sherman,TX,75090,Grayson,48181,0,40896,450,12,1,zip,0.9,33.604131,-96.550405,registry_stand_in
525,405,Texas Oncology-Sherman,0,Sherman,TX,75090,Grayson,48181,0,40896,450,12,2,zip,0.9,33.604131,-96.550405,registry_stand_in
526,407,137M,0,Hendersonville,TN,37075,Sumner,47165,0,40369,494,4,1,zip,0.3,36.339969,-86.607922,registry_stand_in
527,408,801-A,0,Hendersonville,TN,37075,Sumner,47165,0,40369,494,4,1,zip,0.3,36.339969,-86.607922,registry_stand_in
528,409,928-A,0,Hendersonville,TN,37075,Sumner,47165,0,40369,494,4,1,zip,0.3,36.339969,-86.607922,registry_stand_in
529,410,"SCRI TO Nashville- Hendersonville Tennessee Oncology, PLLC",0,Hendersonville,TN,37075,Sumner,47165,0,40369,494,4,1,zip,0.3,36.339969,-86.607922,registry_stand_in
530,411,"Tenessee Oncology, PLLC",0,Hendersonville,TN,37075,Sumner,47165,0,40369,494,4,1,zip,0.3,36.339969,-86.607922,registry_stand_in
531,412,Tennessee Oncology - Hendersonville Clinic,0,Hendersonville,TN,37075,Sumner,47165,0,40369,494,4,1,zip,0.3,36.339969,-86.607922,registry_stand_in
532,413,"Tennessee Oncology, PLLC,353 New Shackle Island Road",0,Hendersonville,TN,37075,Sumner,47165,0,40369,494,4,2,zip,0.3,36.339969,-86.607922,registry_stand_in
533,420,926-C,0,Vero Beach,FL,32960,Indian River,12061,0,38053,304,0,1,zip,0.2,27.640722,-80.403592,registry_stand_in
534,421,926c,0,Vero Beach,FL,32960,Indian River,12061,0,38053,304,0,1,zip,0.2,27.640722,-80.403592,registry_stand_in
535,422,Clinical Trial Site,1,Vero Beach,FL,32960,Indian River,12061,0,38053,304,0,1,zip,0.2,27.640722,-80.403592,registry_stand_in
536,423,Florida Cancer Specialists,0,Vero Beach,FL,32960,Indian River,12061,0,38053,304,0,5,zip,0.2,27.640722,-80.403592,registry_stand_in
537,424,Florida Cancer Specialists - East,0,Vero Beach,FL,32960,Indian River,12061,0,38053,304,0,1,zip,0.2,27.640722,-80.403592,registry_stand_in
538,425,Florida Cancer Specialists & Research Institute - 3730 7th Terrace,0,Vero Beach,FL,32960,Indian River,12061,0,38053,304,0,1,zip,0.2,27.640722,-80.403592,registry_stand_in
539,426,Indian River Medical Center,0,Vero Beach,FL,32960,Indian River,12061,0,38053,304,0,4,zip,0.2,27.640722,-80.403592,registry_stand_in
540,427,"SCRI - Florida Cancer Specialists - West Palm Beach,3730 7th Terrace, Suite 101",0,Vero Beach,FL,32960,Indian River,12061,0,38053,304,0,1,zip,0.2,27.640722,-80.403592,registry_stand_in
541,428,Sanford Health,0,Worthington,MN,56187,Nobles,27105,0,38018,59,11,1,zip,0.2,43.62287,-95.583243,registry_stand_in
542,429,Sanford Worthington Medical Center,0,Worthington,MN,56187,Nobles,27105,0,38018,59,11,2,zip,0.2,43.62287,-95.583243,registry_stand_in
543,430,Baptist Health Richmond,0,Richmond,KY,40475,Madison,21151,0,37767,297,1,2,zip,0.2,37.76237,-84.304577,registry_stand_in
544,431,Oncology and Hematology Associates of Southwest Virginia,0,Wytheville,VA,24382,Wythe,51197,0,37052,143,12,1,zip,0.2,36.95331,-81.110754,registry_stand_in
545,432,"Oncology and Hematology Associates of Southwest Virginia, Inc., DBA Blue Ridge Cancer Care",0,Wytheville,VA,24382,Wythe,51197,0,37052,143,12,3,zip,0.2,36.95331,-81.110754,registry_stand_in
546,433,"Oncology & Hematology Associates of Southwest Virginia, Inc. D.B.A Blue Ridge Cancer Care",0,Wytheville,VA,24382,Wythe,51197,0,37052,143,12,1,zip,0.2,36.95331,-81.110754,registry_stand_in
547,434,Fred Hutchinson Cancer Center Alliance Peninsula,0,Poulsbo,WA,98370,Kitsap,53035,0,36984,242,18,1,zip,0.3,47.754025,-122.626294,registry_stand_in
548,435,Harrison HealthPartners Hematology and Oncology-Poulsbo,0,Poulsbo,WA,98370,Kitsap,53035,0,36984,242,18,73,zip,0.3,47.754025,-122.626294,registry_stand_in
549,436,Peninsula Cancer Center,0,Poulsbo,WA,98370,Kitsap,53035,0,36984,242,18,7,zip,0.3,47.754025,-122.626294,registry_stand_in
550,437,801-F,0,Murfreesboro,TN,37129,Rutherford,47149,0,36841,464,7,1,zip,0.8,35.929834,-86.450822,registry_stand_in
551,438,928-F,0,Murfreesboro,TN,37129,Rutherford,47149,0,36841,464,7,1,zip,0.8,35.929834,-86.450822,registry_stand_in
552,439,Clinical Trial Site,1,Murfreesboro,TN,37129,Rutherford,47149,0,36841,464,7,1,zip,0.8,35.929834,-86.450822,registry_stand_in
553,440,Sarah Cannon and HCA Research Institute,0,Murfreesboro,TN,37129,Rutherford,47149,0,36841,464,7,1,zip,0.8,35.929834,-86.450822,registry_stand_in
554,441,"Tennessee Oncology, LLC",0,Murfreesboro,TN,37129,Rutherford,47149,0,36841,464,7,1,zip,0.8,35.929834,-86.450822,registry_stand_in
555,442,Tennessee Oncology - Murfreesboro Clinic,0,Murfreesboro,TN,37129,Rutherford,47149,0,36841,464,7,1,zip,0.8,35.929834,-86.450822,registry_stand_in
556,443,Tennessee Oncology - MURFREESBORO - SCRI - PPDS,0,Murfreesboro,TN,37129,Rutherford,47149,0,36841,464,7,1,zip,0.8,35.929834,-86.450822,registry_stand_in
557,444,"Tennessee Oncology, PLLC",0,Murfreesboro,TN,37129,Rutherford,47149,0,36841,464,7,7,zip,0.8,35.929834,-86.450822,registry_stand_in
558,445,"Tennessee Oncology, PLLC,1840 Medical Center Parkway",0,Murfreesboro,TN,37129,Rutherford,47149,0,36841,464,7,2,zip,0.8,35.929834,-86.450822,registry_stand_in
559,447,Cancer Care Centers of Brevard,0,Palm Bay,FL,32901,Brevard,12009,0,36538,324,15,5,zip,0.1,28.079378,-80.622302,registry_stand_in
560,448,Cancer Care of Brevard,0,Palm Bay,FL,32901,Brevard,12009,0,36538,324,15,1,zip,0.1,28.079378,-80.622302,registry_stand_in
561,449,Florida Pain Institute,0,Merritt Island,FL,32935,Brevard,12009,0,36538,348,15,1,zip,0.7,28.145532,-80.649962,registry_stand_in
562,450,Hem-Onc Associates of the Treasure Coast,0,Port Saint Lucie,FL,32952,Brevard,12009,0,36538,458,15,1,zip,2.5,28.320397,-80.659178,registry_stand_in
563,451,Knight Neurology - Clinical Research,0,Rockledge,FL,32955,Brevard,12009,0,36538,544,15,1,zip,2.3,28.288759,-80.791442,registry_stand_in
564,452,Research-0,0,Palm Bay,FL,32909,Brevard,12009,0,36538,262,15,1,zip,3.8,27.899471,-80.659577,registry_stand_in
565,453,"USO-Cancer Care Center of Brevard, Inc.",0,Palm Bay,FL,32909,Brevard,12009,0,36538,262,15,1,zip,3.8,27.899471,-80.659577,registry_stand_in
566,454,USO - Cancer Care Centers of Brevard,0,Palm Bay,FL,32901,Brevard,12009,0,36538,324,15,1,zip,0.1,28.079378,-80.622302,registry_stand_in
567,455,"Oncova Clinical Research, Inc.",0,Saint Cloud,FL,34769,Osceola,12097,0,36538,766,13,3,zip,0.2,28.243666,-81.294191,registry_stand_in
568,456,Orlando Health Cancer Institute,0,Kissimmee,FL,34744,Osceola,12097,0,36538,817,13,1,zip,0.3,28.295842,-81.348621,registry_stand_in
569,457,Saint Cloud,1,Saint Cloud,FL,34769,Osceola,12097,0,36538,766,13,2,zip,0.2,28.243666,-81.294191,registry_stand_in
570,458,Christus Health - Christus St. Vincent Regional Medical Center,0,Santa Fe,NM,87505,Santa Fe,35049,0,35745,117,13,1,zip,2.7,35.619797,-105.866983,registry_stand_in
571,459,Christus Saint Vincent Regional Cancer Center,0,Santa Fe,NM,87505,Santa Fe,35049,0,35745,117,13,9,zip,2.7,35.619797,-105.866983,registry_stand_in
572,460,Christus St. Vincent's Regional Cancer Center,0,Santa Fe,NM,87505,Santa Fe,35049,0,35745,117,13,1,zip,2.7,35.619797,-105.866983,registry_stand_in
573,461,Processa Clinical Site,1,Santa Fe,NM,87505,Santa Fe,35049,0,35745,117,13,1,zip,2.7,35.619797,-105.866983,registry_stand_in
574,462,Quantum Santa Fe,0,Santa Fe,NM,87505,Santa Fe,35049,0,35745,117,13,4,zip,2.7,35.619797,-105.866983,registry_stand_in
575,463,Research-0,0,Sante Fe,NM,87505,Santa Fe,35049,0,35745,117,13,1,zip,2.7,35.619797,-105.866983,registry_stand_in
576,464,Covenant Medical Center,0,Waterloo,IA,50702,Black Hawk,19013,0,35282,152,2,2,zip,0.0,42.461502,-92.313745,registry_stand_in
577,465,MercyOne Waterloo Cancer Center,0,Waterloo,IA,50702,Black Hawk,19013,0,35282,152,2,8,zip,0.0,42.461502,-92.313745,registry_stand_in
578,466,MercyOne Waterloo Medical Center,0,Waterloo,IA,50702,Black Hawk,19013,0,35282,152,2,1,zip,0.0,42.461502,-92.313745,registry_stand_in
579,467,CARTI Cancer Center Conway,0,Conway,AR,72034,Faulkner,05045,0,35098,232,1,1,zip,1.0,35.053787,-92.47871,registry_stand_in
580,468,CARTI Conway,0,Conway,AR,72034,Faulkner,05045,0,35098,232,1,1,zip,1.0,35.053787,-92.47871,registry_stand_in
581,469,878-B,0,Palestine,TX,75801,Anderson,48001,0,34352,139,9,1,city_large_zip,0.1,31.754512,-95.646953,registry_stand_in
582,471,137A,0,Dickson,TN,37055,Dickson,47043,0,34140,421,3,1,city_large_zip,0.1,36.06332,-87.368842,registry_stand_in
583,472,137B,0,Dickson,TN,37055,Dickson,47043,0,34140,421,3,1,city_large_zip,0.1,36.06332,-87.368842,registry_stand_in
584,473,137C,0,Dickson,TN,37055,Dickson,47043,0,34140,421,3,1,city_large_zip,0.1,36.06332,-87.368842,registry_stand_in
585,474,137D,0,Dickson,TN,37055,Dickson,47043,0,34140,421,3,1,city_large_zip,0.1,36.06332,-87.368842,registry_stand_in
586,475,137E,0,Dickson,TN,37055,Dickson,47043,0,34140,421,3,1,city_large_zip,0.1,36.06332,-87.368842,registry_stand_in
587,476,137F,0,Dickson,TN,37055,Dickson,47043,0,34140,421,3,1,city_large_zip,0.1,36.06332,-87.368842,registry_stand_in
588,477,137G,0,Dickson,TN,37055,Dickson,47043,0,34140,421,3,1,city_large_zip,0.1,36.06332,-87.368842,registry_stand_in
589,478,137H,0,Dickson,TN,37055,Dickson,47043,0,34140,421,3,1,city_large_zip,0.1,36.06332,-87.368842,registry_stand_in
590,479,137I,0,Dickson,TN,37055,Dickson,47043,0,34140,421,3,1,city_large_zip,0.1,36.06332,-87.368842,registry_stand_in
591,480,137J,0,Dickson,TN,37055,Dickson,47043,0,34140,421,3,1,city_large_zip,0.1,36.06332,-87.368842,registry_stand_in
592,481,137K,0,Dickson,TN,37055,Dickson,47043,0,34140,421,3,1,city_large_zip,0.1,36.06332,-87.368842,registry_stand_in
593,482,137L,0,Dickson,TN,37055,Dickson,47043,0,34140,421,3,1,city_large_zip,0.1,36.06332,-87.368842,registry_stand_in
594,483,928-L,0,Dickson,TN,37055,Dickson,47043,0,34140,421,3,1,city_large_zip,0.1,36.06332,-87.368842,registry_stand_in
595,484,Clinical Trial Site,1,Dickson,TN,37055,Dickson,47043,0,34140,421,3,1,city_large_zip,0.1,36.06332,-87.368842,registry_stand_in
596,485,Sarah Cannon and HCA Research Institute,0,Dickson,TN,37055,Dickson,47043,0,34140,421,3,1,city_large_zip,0.1,36.06332,-87.368842,registry_stand_in
597,486,Tennessee Oncology - Dickson Clinic,0,Dickson,TN,37055,Dickson,47043,0,34140,421,3,1,city_large_zip,0.1,36.06332,-87.368842,registry_stand_in
598,487,Tennessee Oncology - DICKSON - SCRI - PPDS,0,Dickson,TN,37055,Dickson,47043,0,34140,421,3,1,city_large_zip,0.1,36.06332,-87.368842,registry_stand_in
599,488,"Tennessee Oncology, LLC",0,Dickson,TN,37055,Dickson,47043,0,34140,421,3,1,city_large_zip,0.1,36.06332,-87.368842,registry_stand_in
600,489,"Tennessee Oncology, PLLC",0,Dickson,TN,37055,Dickson,47043,0,34140,421,3,5,city_large_zip,0.1,36.06332,-87.368842,registry_stand_in
601,490,"Tennessee Oncology, PLLC,103 Natchez Park Drive",0,Dickson,TN,37055,Dickson,47043,0,34140,421,3,2,city_large_zip,0.1,36.06332,-87.368842,registry_stand_in
602,491,USO - Texas Oncology,0,Fredericksburg,TX,78624,Gillespie,48171,0,33923,73,4,1,zip,0.8,30.291786,-98.870915,registry_stand_in
603,494,Arrivent Investigative Site,1,Fairhaven,MA,02719,Bristol,25005,0,33595,923,2,1,zip,0.7,41.633667,-70.871362,registry_stand_in
604,495,Southcoast Center For Cancer,0,Fairhaven,MA,02719,Bristol,25005,0,33595,923,2,1,zip,0.7,41.633667,-70.871362,registry_stand_in
605,496,Southcoast Center for Cancer Care,0,Fairhaven,MA,02719,Bristol,25005,0,33595,923,2,1,zip,0.7,41.633667,-70.871362,registry_stand_in
606,497,Southcoast Health System,0,Fairhaven,MA,02719,Bristol,25005,0,33595,923,2,1,zip,0.7,41.633667,-70.871362,registry_stand_in
607,498,Logan Regional Hospital Satellite,0,Logan,UT,84341,Cache,49005,0,33360,123,3,1,zip,1.1,41.770678,-111.812392,registry_stand_in
608,499,Logan Regional Medical Center,0,Logan,UT,84341,Cache,49005,0,33360,123,3,1,zip,1.1,41.770678,-111.812392,registry_stand_in
609,500,Southeastern Regional,0,Lumberton,NC,28358,Robeson,37155,0,32905,268,0,1,city_large_zip,0.4,34.630608,-79.018601,registry_stand_in
610,501,Southeastern Regional Medical Center,0,Lumberton,NC,28358,Robeson,37155,0,32905,268,0,3,city_large_zip,0.4,34.630608,-79.018601,registry_stand_in
611,502,UNC Health Southeastern,0,Lumberton,NC,28358,Robeson,37155,0,32905,268,0,1,city_large_zip,0.4,34.630608,-79.018601,registry_stand_in
612,504,Mount Nittany Medical Center,0,State College,PA,16803,Centre,42027,0,32025,163,0,2,zip,0.0,40.808517,-77.894436,registry_stand_in
613,518,Low Country Research Center,0,Charleston,SC,29486,Berkeley,45015,0,31090,232,0,1,zip,1.9,33.103211,-80.166653,registry_stand_in
614,519,"Low Country Rheumatology, PA",0,Summerville,SC,29486,Berkeley,45015,0,31090,232,0,1,zip,1.9,33.103211,-80.166653,registry_stand_in
615,520,Orange Regional Medical Center,0,Middletown,NY,10940,Orange,36071,0,31057,617,3,1,zip,1.7,41.446544,-74.478741,registry_stand_in
616,521,GSK Investigational Site,1,Asheville,NC,28816,Buncombe,37021,0,30892,324,12,1,city,0.1,35.570972,-82.552725,registry_stand_in
617,522,Western Maryland Regional Medical Center,0,Cumberland,MD,21502,Allegany,24001,0,30870,112,13,7,zip,0.4,39.641477,-78.756088,registry_stand_in
618,523,Circuit Clinical,0,Middletown,NY,10941,Orange,36071,0,30529,870,3,1,zip,1.6,41.490413,-74.345272,registry_stand_in
619,524,Circuit Clinical /Crystal Run Healthcare LLP,0,Middletown,NY,10941,Orange,36071,0,30529,870,3,1,zip,1.6,41.490413,-74.345272,registry_stand_in
620,525,Crystal Run Healthcare,0,Middletown,NY,10941,Orange,36071,0,30529,870,3,2,zip,1.6,41.490413,-74.345272,registry_stand_in
621,526,Site US10025,1,Newburgh,NY,12550,Orange,36071,0,30140,1432,3,1,zip,0.3,41.539574,-74.057223,registry_stand_in
622,527,Greenville Health System Cancer Institute-Laurens,0,Clinton,SC,29325,Laurens,45059,0,29926,428,0,2,zip,0.6,34.468182,-81.845225,registry_stand_in
623,528,Prisma Health Cancer Institute - Laurens,0,Clinton,SC,29325,Laurens,45059,0,29926,428,0,26,zip,0.6,34.468182,-81.845225,registry_stand_in
624,529,Saint Peter's Community Hospital,0,Helena,MT,59601,Lewis and Clark,30049,0,29783,21,11,53,city_large_zip,0.1,46.596556,-112.021765,registry_stand_in
625,530,Hope Women's Cancer Centers,0,Asheville,NC,28806,Buncombe,37021,0,29575,290,12,1,zip,0.2,35.569645,-82.616787,registry_stand_in
626,531,Investigative Site,1,Asheville,NC,28806,Buncombe,37021,0,29575,290,12,1,zip,0.2,35.569645,-82.616787,registry_stand_in
627,532,Messino Cancer Center - Asheville,0,Asheville,NC,28806,Buncombe,37021,0,29575,290,12,1,zip,0.2,35.569645,-82.616787,registry_stand_in
628,533,Endo,0,State College,PA,16801,Centre,42027,0,29547,164,0,1,zip,0.1,40.78521,-77.842297,registry_stand_in
629,534,Geisinger Medical Group,0,State College,PA,16801,Centre,42027,0,29547,164,0,32,zip,0.1,40.78521,-77.842297,registry_stand_in
630,535,Family Focus Eye Care - Lake City,0,Lake City,FL,32025,Columbia,12023,0,29430,192,1,1,city_large_zip,0.0,30.188638,-82.642246,registry_stand_in
631,536,"Florida Cancer Center, Lake Mary",0,Lake City,FL,32025,Columbia,12023,0,29430,192,1,1,city_large_zip,0.0,30.188638,-82.642246,registry_stand_in
632,537,Investigator,0,Lake City,FL,32055,Columbia,12023,0,29430,192,1,1,city_large_zip,0.0,30.188638,-82.642246,registry_stand_in
633,538,Lake City,1,Lake City,FL,32055,Columbia,12023,0,29430,192,1,1,city_large_zip,0.0,30.188638,-82.642246,registry_stand_in
634,539,"Lake City Cancer Center, LLC",0,Lake City,FL,32024,Columbia,12023,0,29430,192,1,1,city_large_zip,0.0,30.188638,-82.642246,registry_stand_in
635,540,"Multi-Speciality Research Associates, Inc.",0,Lake City,FL,32055,Columbia,12023,0,29430,192,1,1,city_large_zip,0.0,30.188638,-82.642246,registry_stand_in
636,541,Mid Hudson Medical Research,0,New Windsor,NY,12553,Orange,36071,0,29030,2221,3,2,zip,0.2,41.460412,-74.071917,registry_stand_in
637,542,928-I,0,Smyrna,TN,37167,Rutherford,47149,0,28791,466,7,1,zip,1.0,35.962828,-86.529684,registry_stand_in
638,543,"SCRI TO Nashville- Smyrna Tennessee Oncology, PLLC",0,Smyrna,TN,37167,Rutherford,47149,0,28791,466,7,1,zip,1.0,35.962828,-86.529684,registry_stand_in
639,544,"Tennessee Oncology, PLLC,300 Stonecrest Blvd",0,Smyrna,TN,37167,Rutherford,47149,0,28791,466,7,2,zip,1.0,35.962828,-86.529684,registry_stand_in
640,545,Tennessee Oncology - SMYRNA - SCRI - PPDS,0,Smyrna,TN,37167,Rutherford,47149,0,28791,466,7,1,zip,1.0,35.962828,-86.529684,registry_stand_in
641,547,Cape Fear Arthritis Care,0,Leland,NC,28451,Brunswick,37019,0,28500,179,2,2,city_large_zip,0.6,34.213736,-78.043181,registry_stand_in
642,548,Cape Fear Cancer Specialists-Leland,0,Leland,NC,28451,Brunswick,37019,0,28500,179,2,1,city_large_zip,0.6,34.213736,-78.043181,registry_stand_in
643,549,Cape Fear Cancer Specialists,0,Wilmington,NC,28401,New Hanover,37129,0,28500,202,7,1,zip,0.1,34.291985,-77.972365,registry_stand_in
644,550,Carolina Arthritis Associates,0,Wilmington,NC,28401,New Hanover,37129,0,28500,202,7,2,zip,0.1,34.291985,-77.972365,registry_stand_in
645,551,Carolina Arthritis Associates - Cliniverse Research (Network,0,Wilmington,NC,28401,New Hanover,37129,0,28500,202,7,1,zip,0.1,34.291985,-77.972365,registry_stand_in
646,552,Endo,0,Wilmington,NC,28412,New Hanover,37129,0,28500,159,7,1,zip,1.4,34.136589,-77.920579,registry_stand_in
647,553,Galderma Investigational Site,1,Wilmington,NC,28405,New Hanover,37129,0,28500,192,7,1,zip,0.1,34.264179,-77.868315,registry_stand_in
648,554,GSK Investigational Site,1,Wilmington,NC,28401,New Hanover,37129,0,28500,202,7,1,zip,0.1,34.291985,-77.972365,registry_stand_in
649,555,New Hanover Regional Medical Center/Zimmer Cancer Center,0,Wilmington,NC,28401,New Hanover,37129,0,28500,202,7,1,zip,0.1,34.291985,-77.972365,registry_stand_in
650,556,"Novant Health Cancer Institute - Forsyth,2131 S. 17th Street",0,Wilmington,NC,28401,New Hanover,37129,0,28500,202,7,1,zip,0.1,34.291985,-77.972365,registry_stand_in
651,557,Wilmington Dermatology Center,0,Wilmington,NC,28405,New Hanover,37129,0,28500,192,7,1,zip,0.1,34.264179,-77.868315,registry_stand_in
652,558,Premier Medical Group of the Hudson Valley PC,0,Poughkeepsie,NY,12301,Schenectady,36093,0,28431,757,3,1,city,0.3,41.694595,-73.919869,registry_stand_in
653,559,Revive Clinical Research,0,Sterling,MI,48659,Arenac,26011,0,28200,155,0,1,zip,1.4,44.065548,-84.050783,registry_stand_in
654,561,Haywood Infusion Center,0,Clyde,NC,28721,Haywood,37087,0,27965,184,2,2,zip,0.6,35.633768,-82.930786,registry_stand_in
655,562,Broome Oncolgy,0,Binghamton,NY,13905,Broome,36007,0,27958,192,1,1,zip,2.0,42.170436,-75.943434,registry_stand_in
656,563,Broome Oncology - Binghamton,0,Binghamton,NY,13905,Broome,36007,0,27958,192,1,2,zip,2.0,42.170436,-75.943434,registry_stand_in
657,564,Our Lady of Lourdes,0,Binghamton,NY,13905,Broome,36007,0,27958,192,1,1,zip,2.0,42.170436,-75.943434,registry_stand_in
658,565,569 - A,0,Mooresville,IN,46158,Morgan,18109,0,27884,560,4,1,zip,0.1,39.579356,-86.373602,registry_stand_in
659,566,Franciscan St. Francis Health - Mooresville,0,Mooresville,IN,46158,Morgan,18109,0,27884,560,4,1,zip,0.1,39.579356,-86.373602,registry_stand_in
660,568,Optum Medical Care - Fishkill Westage Campus,0,Fishkill,NY,12524,Dutchess,36027,0,27732,1819,8,1,zip,0.4,41.533367,-73.884911,registry_stand_in
661,569,Health Quest Medical Practice,0,Poughkeepsie,NY,12601,Dutchess,36027,0,27705,713,8,1,zip,0.4,41.707792,-73.910601,registry_stand_in
662,570,"Health Quest Medical Practice, Division of Gynecology/Oncology Gyno Dyson Cancer Center Vassar Brothers Medical Center",0,Poughkeepsie,NY,12601,Dutchess,36027,0,27705,713,8,1,zip,0.4,41.707792,-73.910601,registry_stand_in
663,571,Hudson Valley Cardiovascular Physicians PC,0,Poughkeepsie,NY,12601,Dutchess,36027,0,27705,713,8,1,zip,0.4,41.707792,-73.910601,registry_stand_in
664,572,Hudson Valley Hematology Oncology Associates,0,Poughkeepsie,NY,12601,Dutchess,36027,0,27705,713,8,1,zip,0.4,41.707792,-73.910601,registry_stand_in
665,573,"Hudson Valley Urology, PC",0,Poughkeepsie,NY,12601,Dutchess,36027,0,27705,713,8,1,zip,0.4,41.707792,-73.910601,registry_stand_in
666,574,Optum Medical Care - Poughkeepsie,0,Poughkeepsie,NY,12601,Dutchess,36027,0,27705,713,8,1,zip,0.4,41.707792,-73.910601,registry_stand_in
667,575,Poughkeepsie,1,Poughkeepsie,NY,12601,Dutchess,36027,0,27705,713,8,1,zip,0.4,41.707792,-73.910601,registry_stand_in
668,576,Site US10028,1,Poughkeepsie,NY,12601,Dutchess,36027,0,27705,713,8,1,zip,0.4,41.707792,-73.910601,registry_stand_in
669,577,976-H,0,Ogden,UT,84405,Weber,49057,0,27634,449,10,1,zip,0.3,41.149885,-111.956861,registry_stand_in
670,578,Arrivent Investigative Site,1,Ogden,UT,84405,Weber,49057,0,27634,449,10,1,zip,0.3,41.149885,-111.956861,registry_stand_in
671,579,Clinical Trial Site,1,Ogden,UT,84405,Weber,49057,0,27634,449,10,1,zip,0.3,41.149885,-111.956861,registry_stand_in
672,580,Community Cancer Trial of Utah,0,Ogden,UT,84405,Weber,49057,0,27634,449,10,1,zip,0.3,41.149885,-111.956861,registry_stand_in
673,581,Community Cancer Trials of Utah - South Ogden,0,Ogden,UT,84405,Weber,49057,0,27634,449,10,1,zip,0.3,41.149885,-111.956861,registry_stand_in
674,582,GSK Investigational Site,1,Ogden,UT,84405,Weber,49057,0,27634,449,10,1,zip,0.3,41.149885,-111.956861,registry_stand_in
675,583,MorphoSys Research Site,1,Ogden,UT,84405,Weber,49057,0,27634,449,10,1,zip,0.3,41.149885,-111.956861,registry_stand_in
676,584,Ogden Regional Medical Center,0,Ogden,UT,84405,Weber,49057,0,27634,449,10,1,zip,0.3,41.149885,-111.956861,registry_stand_in
677,585,Utah Cancer Specialists,0,Ogden,UT,84405,Weber,49057,0,27634,449,10,1,zip,0.3,41.149885,-111.956861,registry_stand_in
678,586,Parkway Cardiology Associates,0,Oak Ridge,TN,37830,Anderson,47001,0,27258,299,2,1,zip,2.2,35.966483,-84.290549,registry_stand_in
679,587,Thompson Oncology Group-Oak Ridge,0,Oak Ridge,TN,37830,Anderson,47001,0,27258,299,2,3,zip,2.2,35.966483,-84.290549,registry_stand_in
680,588,Caceres Specialized Gynecology,0,Kissimmee,FL,34741,Osceola,12097,0,27151,809,13,1,zip,0.1,28.306299,-81.426933,registry_stand_in
681,589,Florida Hospital Cancer Institute - Kissimmee,0,Kissimmee,FL,34741,Osceola,12097,0,27151,809,13,1,zip,0.1,28.306299,-81.426933,registry_stand_in
682,590,Kissimmee,1,Kissimmee,FL,34741,Osceola,12097,0,27151,809,13,2,zip,0.1,28.306299,-81.426933,registry_stand_in
683,591,Prairie Lakes Cancer Center,0,Watertown,SD,57201,Codington,46029,0,27129,31,1,1,city_large_zip,1.0,44.909188,-97.155685,registry_stand_in
684,592,Prairie Lakes Health Care,0,Watertown,SD,57201,Codington,46029,0,27129,31,1,1,city_large_zip,1.0,44.909188,-97.155685,registry_stand_in
685,593,"Prairie Lakes Health Care System, Inc.",0,Watertown,SD,57201,Codington,46029,0,27129,31,1,2,city_large_zip,1.0,44.909188,-97.155685,registry_stand_in
686,594,Prairie Lakes Healthcare,0,Watertown,SD,57201,Codington,46029,0,27129,31,1,1,city_large_zip,1.0,44.909188,-97.155685,registry_stand_in
687,595,Prairie Lakes Healthcare System,0,Watertown,SD,57201,Codington,46029,0,27129,31,1,3,city_large_zip,1.0,44.909188,-97.155685,registry_stand_in
688,596,Premier Medical Group of the Hudson Valley,0,Poughkeepsie,NY,12603,Dutchess,36027,0,26606,706,8,5,zip,0.5,41.675868,-73.864484,registry_stand_in
689,597,Premier Medical Group of the Hudson Valley PC,0,Poughkeepsie,NY,12603,Dutchess,36027,0,26606,706,8,4,zip,0.5,41.675868,-73.864484,registry_stand_in
690,598,150,0,Lafayette,IN,47904,Tippecanoe,18157,0,26582,268,3,1,zip,0.5,40.438641,-86.875329,registry_stand_in
691,599,Arnett Cancer Center,0,Lafayette,IN,47904,Tippecanoe,18157,0,26582,268,3,1,zip,0.5,40.438641,-86.875329,registry_stand_in
692,600,"Indiana University Health Arnett, Inc.",0,Lafayette,IN,47904,Tippecanoe,18157,0,26582,268,3,1,zip,0.5,40.438641,-86.875329,registry_stand_in
693,601,IU Health Arnett Cancer Center,0,Lafayette,IN,47904,Tippecanoe,18157,0,26582,268,3,2,zip,0.5,40.438641,-86.875329,registry_stand_in
694,602,IU Health Arnett Hospital,0,Lafayette,IN,47904,Tippecanoe,18157,0,26582,268,3,1,zip,0.5,40.438641,-86.875329,registry_stand_in
695,603,Community Howard Oncology Center,0,Kokomo,IN,46902,Howard,18067,0,26547,556,0,1,zip,0.8,40.437275,-86.094553,registry_stand_in
696,604,Hardin Memorial Hospital,0,Elizabethtown,KY,42701,Hardin,21093,0,26523,430,10,4,zip,0.3,37.703239,-85.839548,registry_stand_in
697,606,942-B,0,Chanute,KS,66720,Neosho,20133,0,25520,52,4,2,zip,1.2,37.648326,-95.457198,registry_stand_in
698,607,Arthritis Center of North Georgia,0,Gainesville,GA,30501,Hall,13139,0,25440,1117,6,1,zip,0.1,34.319037,-83.814399,registry_stand_in
699,608,Northeast Georgia Medical Center,0,Gainesville,GA,30501,Hall,13139,0,25440,1117,6,7,zip,0.1,34.319037,-83.814399,registry_stand_in
700,609,Northeast Georgia Medical Center; Oncology Research Dept-5C,0,Gainesville,GA,30501,Hall,13139,0,25440,1117,6,1,zip,0.1,34.319037,-83.814399,registry_stand_in
701,610,Ra0098 127,0,Gainesville,GA,30501,Hall,13139,0,25440,1117,6,1,zip,0.1,34.319037,-83.814399,registry_stand_in
702,611,The Longstreet Clinic - Gainesville,0,Gainesville,GA,30501,Hall,13139,0,25440,1117,6,1,zip,0.1,34.319037,-83.814399,registry_stand_in
703,612,UPMC Hillman Cancer Center - Altoona,0,Altoona,PA,16601,Blair,42013,0,25065,193,10,1,zip,1.3,40.552519,-78.372994,registry_stand_in
704,613,013,0,Ogden,UT,84403,Weber,49057,0,24938,373,10,1,zip,1.8,41.214976,-111.889608,registry_stand_in
705,614,McKay-Dee Hospital Satellite,0,Ogden,UT,84403,Weber,49057,0,24938,373,10,1,zip,1.8,41.214976,-111.889608,registry_stand_in
706,615,Northern Utah Associates,0,Ogden,UT,84403,Weber,49057,0,24938,373,10,3,zip,1.8,41.214976,-111.889608,registry_stand_in
707,616,Altru Health System Satellite,0,Grand Forks,ND,58201,Grand Forks,38035,0,24881,40,8,1,zip,2.5,47.866638,-97.141144,registry_stand_in
708,617,Altru Health Systems,0,Grand Forks,ND,58201,Grand Forks,38035,0,24881,40,8,1,zip,2.5,47.866638,-97.141144,registry_stand_in
709,618,Altru Professional Center Satellite,0,Grand Forks,ND,58201,Grand Forks,38035,0,24881,40,8,1,zip,2.5,47.866638,-97.141144,registry_stand_in
710,619,569 - B,0,Lafayette,IN,47905,Tippecanoe,18157,0,24765,344,3,1,city_large_zip,0.3,40.39941,-86.862806,registry_stand_in
711,620,569 - C,0,Lafayette,IN,47905,Tippecanoe,18157,0,24765,344,3,1,city_large_zip,0.3,40.39941,-86.862806,registry_stand_in
712,621,Franciscan Health Lafayette East,0,Lafayette,IN,47905,Tippecanoe,18157,0,24765,344,3,2,city_large_zip,0.3,40.39941,-86.862806,registry_stand_in
713,622,Franciscan Saint Elizabeth Health - Lafayette East,0,Lafayette,IN,47905,Tippecanoe,18157,0,24765,344,3,12,city_large_zip,0.3,40.39941,-86.862806,registry_stand_in
714,623,Horizon Oncology Associates,0,Lafayette,IN,47905,Tippecanoe,18157,0,24765,344,3,1,city_large_zip,0.3,40.39941,-86.862806,registry_stand_in
715,624,Horizon Oncology Center,0,Lafayette,IN,47905,Tippecanoe,18157,0,24765,344,3,2,city_large_zip,0.3,40.39941,-86.862806,registry_stand_in
716,625,Horizon Oncology Research,0,Lafayette,IN,47905,Tippecanoe,18157,0,24765,344,3,2,city_large_zip,0.3,40.39941,-86.862806,registry_stand_in
717,626,"Horizon Oncology Research, 1345 Unity Place, Suite 365",0,Lafayette,IN,47905,Tippecanoe,18157,0,24765,344,3,1,city_large_zip,0.3,40.39941,-86.862806,registry_stand_in
718,627,"Horizon Oncology Research, INC",0,Lafayette,IN,47905,Tippecanoe,18157,0,24765,344,3,2,city_large_zip,0.3,40.39941,-86.862806,registry_stand_in
719,628,"Horizon Oncology Research, LLC.",0,Layfayette,IN,47905,Tippecanoe,18157,0,24765,269,3,2,zip,0.3,40.421886,-86.763599,registry_stand_in
720,629,Lafayette,1,Lafayette,IN,47905,Tippecanoe,18157,0,24765,344,3,1,city_large_zip,0.3,40.39941,-86.862806,registry_stand_in
721,630,USA002,0,Lafayette,IN,47905,Tippecanoe,18157,0,24765,344,3,1,city_large_zip,0.3,40.39941,-86.862806,registry_stand_in
722,631,Vanda Investigational Site,1,Lafayette,IN,47905,Tippecanoe,18157,0,24765,344,3,1,city_large_zip,0.3,40.39941,-86.862806,registry_stand_in
723,632,Verdi Oncology Research,0,Lafayette,IN,47905,Tippecanoe,18157,0,24765,344,3,1,city_large_zip,0.3,40.39941,-86.862806,registry_stand_in
724,633,125,0,McKinney,TX,75071,Collin,48085,0,24674,1443,12,1,zip,0.3,33.245816,-96.63072,registry_stand_in
725,634,Baylor Scott & White Neurology - McKinney,0,McKinney,TX,75071,Collin,48085,0,24674,1443,12,1,zip,0.3,33.245816,-96.63072,registry_stand_in
726,635,Texas Institute of Cardiology,0,McKinney,TX,75071,Collin,48085,0,24674,1443,12,1,zip,0.3,33.245816,-96.63072,registry_stand_in
727,636,Texas Oncology-McKinney,0,McKinney,TX,75071,Collin,48085,0,24674,1443,12,10,zip,0.3,33.245816,-96.63072,registry_stand_in
728,637,USOR - Texas Oncology - McKinney,0,McKinney,TX,75071,Collin,48085,0,24674,1443,12,1,zip,0.3,33.245816,-96.63072,registry_stand_in
729,638,"Woodlands Medical Specialists, PA",0,McKinney,TX,75071,Collin,48085,0,24674,1443,12,1,zip,0.3,33.245816,-96.63072,registry_stand_in
730,639,Arthritis And Osteoporosis Clinic,0,Waco,TX,76710,McLennan,48309,0,24393,165,9,1,zip,0.6,31.539723,-97.195009,registry_stand_in
731,640,HIckory Dermatology Research Center,0,Hickory,NC,28602,Catawba,37035,0,24232,602,2,1,zip,0.1,35.673522,-81.382627,registry_stand_in
732,641,786-A,0,Cartersville,GA,30121,Bartow,13015,0,24224,1250,0,1,zip,0.3,34.211854,-84.77693,registry_stand_in
733,642,835-A,0,Cartersville,GA,30121,Bartow,13015,0,24224,1250,0,1,zip,0.3,34.211854,-84.77693,registry_stand_in
734,643,835 - C,0,Cartersville,GA,30121,Bartow,13015,0,24224,1250,0,1,zip,0.3,34.211854,-84.77693,registry_stand_in
735,644,"Northwest Georgia Oncology Centers, a Service of WellStar Cobb Hospital",0,Cartersville,GA,30121,Bartow,13015,0,24224,1250,0,2,zip,0.3,34.211854,-84.77693,registry_stand_in
736,645,"Northwest Georgia Oncology Northwest Georgia Oncology Centers, PCCenters, PC,100 Market Place Blvd",0,Cartersville,GA,30121,Bartow,13015,0,24224,1250,0,1,zip,0.3,34.211854,-84.77693,registry_stand_in
737,646,Maine Health/Stephens Memorial - Norway,0,Norway,ME,04268,Oxford,23017,0,24209,193,1,1,zip,0.4,44.225867,-70.610021,registry_stand_in
738,647,MaineHealth Stephens Hospital,0,Norway,ME,04268,Oxford,23017,0,24209,193,1,8,zip,0.4,44.225867,-70.610021,registry_stand_in
739,648,Virginia Mason Bainbridge Island Medical Center,0,Bainbridge Island,WA,98110,Kitsap,53035,0,24179,168,18,9,zip,0.6,47.646967,-122.534561,registry_stand_in
740,649,Aclaris Investigational Site,1,Hot Springs,AR,71913,Garland,05051,0,24102,165,9,2,city_large_zip,0.5,34.489442,-93.050254,registry_stand_in
741,650,Almirall Investigation,0,Hot Springs,AR,71913,Garland,05051,0,24102,165,9,1,city_large_zip,0.5,34.489442,-93.050254,registry_stand_in
742,651,Burke Pharmaceutical Research,0,Hot Springs,AR,71913,Garland,05051,0,24102,165,9,3,city_large_zip,0.5,34.489442,-93.050254,registry_stand_in
743,652,CHI Saint Vincent Cancer Center Hot Springs,0,Hot Springs,AR,71913,Garland,05051,0,24102,165,9,82,city_large_zip,0.5,34.489442,-93.050254,registry_stand_in
744,653,CHI St. Vincent Hot Springs,0,Hot Springs,AR,71913,Garland,05051,0,24102,165,9,2,city_large_zip,0.5,34.489442,-93.050254,registry_stand_in
745,654,Dermatology Clinic of Arkansas,0,Hot Springs,AR,71913,Garland,05051,0,24102,165,9,1,city_large_zip,0.5,34.489442,-93.050254,registry_stand_in
746,655,Genesis Cancer and Blood,0,Hot Springs,AR,71913,Garland,05051,0,24102,165,9,1,city_large_zip,0.5,34.489442,-93.050254,registry_stand_in
747,656,"Genesis Cancer and Blood Institute,1456 Higdon Ferry Road Suite B.",0,Hot Springs,AR,71914,Garland,05051,0,24102,165,9,1,city,0.5,34.489442,-93.050254,registry_stand_in
748,657,Genesis Cancer and Blood Institute (SCRI,0,Hot Springs,AR,71913,Garland,05051,0,24102,165,9,1,city_large_zip,0.5,34.489442,-93.050254,registry_stand_in
749,658,Genesis Cancer Center,0,Hot Springs,AR,71913,Garland,05051,0,24102,165,9,7,city_large_zip,0.5,34.489442,-93.050254,registry_stand_in
750,659,Investigation,0,Hot Springs,AR,71913,Garland,05051,0,24102,165,9,1,city_large_zip,0.5,34.489442,-93.050254,registry_stand_in
751,660,Investigative SIte,1,Hot Springs,AR,71913,Garland,05051,0,24102,165,9,1,city_large_zip,0.5,34.489442,-93.050254,registry_stand_in
752,661,Mercy Cancer Center-Hot Springs,0,Hot Springs,AR,71913,Garland,05051,0,24102,165,9,1,city_large_zip,0.5,34.489442,-93.050254,registry_stand_in
753,662,Endo,0,Altoona,PA,16602,Blair,42013,0,24046,199,10,1,zip,0.2,40.484994,-78.397114,registry_stand_in
754,663,Atlanta Cancer Care - Stockbridge,0,Stockbridge,GA,30281,Henry,13151,0,23890,1437,2,1,zip,0.9,33.556897,-84.195159,registry_stand_in
755,664,"Piedmont Cancer Institute - Atlanta,1240 Eagles Landing Pkwy",0,Stockbridge,GA,30281,Henry,13151,0,23890,1437,2,1,zip,0.9,33.556897,-84.195159,registry_stand_in
756,665,Piedmont Cancer Institute - Stockbridge Office,0,Stockbridge,GA,30281,Henry,13151,0,23890,1437,2,1,zip,0.9,33.556897,-84.195159,registry_stand_in
757,671,Altoona Arthritis & Osteoporosis Center,0,Duncansville,PA,16635,Blair,42013,0,23832,196,10,1,zip,2.1,40.407743,-78.477386,registry_stand_in
758,672,Altoona Center For Clinical Research,0,Duncansville,PA,16635,Blair,42013,0,23832,196,10,1,zip,2.1,40.407743,-78.477386,registry_stand_in
759,673,"Altoona Center for Clinical Research, P.C.",0,Duncansville,PA,16635,Blair,42013,0,23832,196,10,1,zip,2.1,40.407743,-78.477386,registry_stand_in
760,674,976-D,0,Layton,UT,84041,Davis,49011,0,23793,487,11,1,zip,0.2,41.069929,-111.981255,registry_stand_in
761,675,AtlantiCare,0,Egg Harbor,NJ,08234,Atlantic,34001,0,23718,655,4,1,zip,2.2,39.388393,-74.620728,registry_stand_in
762,676,Leadership Studio,0,Atlantic City,NJ,08401,Atlantic,34001,0,23718,650,4,1,zip,0.0,39.377337,-74.45107,registry_stand_in
763,677,Endo,0,Vineland,NJ,08360,Cumberland,34011,0,23718,1479,1,1,zip,2.1,39.492354,-75.003447,registry_stand_in
764,679,942-E,0,Independence,KS,67301,Montgomery,20125,0,23262,54,4,2,zip,0.5,37.20823,-95.756081,registry_stand_in
765,680,Cancer Center at Mercy - W. Laurel,0,Independence,KS,67301,Montgomery,20125,0,23262,54,4,1,zip,0.5,37.20823,-95.756081,registry_stand_in
766,687,Asheville Cardiology Associates,0,Asheville,NC,28803,Buncombe,37021,0,22548,351,12,1,zip,0.3,35.531703,-82.523021,registry_stand_in
767,688,Asheville Hematology-Oncology Associates,0,Asheville,NC,28803,Buncombe,37021,0,22548,351,12,2,zip,0.3,35.531703,-82.523021,registry_stand_in
768,689,Novant Health Cancer Institute - Elizabeth,0,Charlotte,NC,28803,Buncombe,37021,0,22548,351,12,1,zip,0.3,35.531703,-82.523021,registry_stand_in
769,690,Sarah Cannon- Messino Cancer Center,0,Asheville,NC,28803,Buncombe,37021,0,22548,351,12,1,zip,0.3,35.531703,-82.523021,registry_stand_in
770,691,SUN-131-03 Investigational Site,1,Asheville,NC,28803,Buncombe,37021,0,22548,351,12,1,zip,0.3,35.531703,-82.523021,registry_stand_in
771,692,Saint Claire Regional Medical Center,0,Morehead,KY,40351,Rowan,21205,0,22381,146,1,2,zip,0.9,38.204266,-83.428079,registry_stand_in
772,693,Aclaris Investigational Site,1,Lynchburg,VA,24501,Campbell,51031,0,22302,170,0,3,zip,0.9,37.359852,-79.141541,registry_stand_in
773,694,Centra Alan B Pearson Regional Cancer Center,0,Lynchburg,VA,24501,Campbell,51031,0,22302,170,0,27,zip,0.9,37.359852,-79.141541,registry_stand_in
774,695,Centra Lynchburg Hematology Oncology,0,Lynchburg,VA,24501,Campbell,51031,0,22302,170,0,1,zip,0.9,37.359852,-79.141541,registry_stand_in
775,696,Centra Lynchburg Hematology-Oncology Clinic Inc,0,Lynchburg,VA,24501,Campbell,51031,0,22302,170,0,9,zip,0.9,37.359852,-79.141541,registry_stand_in
776,697,Endo Clinical Trial,0,Lynchburg,VA,24501,Campbell,51031,0,22302,170,0,1,zip,0.9,37.359852,-79.141541,registry_stand_in
777,698,Galderma Investigational Site,1,Lynchburg,VA,24501,Campbell,51031,0,22302,170,0,1,zip,0.9,37.359852,-79.141541,registry_stand_in
778,699,Lynchburg Hematology-Oncology Clinic,0,Lynchburg,VA,24501,Campbell,51031,0,22302,170,0,2,zip,0.9,37.359852,-79.141541,registry_stand_in
779,700,"The Education & Research Foundation, Inc.",0,Lynchburg,VA,24501,Campbell,51031,0,22302,170,0,3,zip,0.9,37.359852,-79.141541,registry_stand_in
780,702,CARTI Cancer Center Pine Bluff,0,Pine Bluff,AR,71603,Jefferson,05069,0,22026,188,1,1,city_large_zip,0.6,34.211591,-92.017555,registry_stand_in
781,703,Tenesse Oncology - PLLC,0,Cleveland,TN,37311,Bradley,47011,0,21916,258,3,1,zip,2.1,35.104016,-84.920828,registry_stand_in
782,704,"Tennessee Oncology, PLLC",0,Cleveland,TN,37311,Bradley,47011,0,21916,258,3,3,zip,2.1,35.104016,-84.920828,registry_stand_in
783,705,855-E,0,Alabaster,AL,35007,Shelby,01117,0,21688,354,1,1,zip,0.4,33.221352,-86.787652,registry_stand_in
784,706,Essentia Health St. Mary's Detroit Lakes,0,Detroit Lakes,MN,56501,Becker,27005,0,21612,88,17,1,zip,1.0,46.840111,-95.827361,registry_stand_in
785,707,Pacific NW Retina,0,Burlington,WA,98233,Skagit,53057,0,21610,342,18,1,zip,0.4,48.500911,-122.345655,registry_stand_in
786,708,942-J,0,Parsons,KS,67357,Labette,20099,0,21604,85,4,2,zip,0.3,37.338103,-95.253064,registry_stand_in
787,709,Labette Health,0,Parsons,KS,67357,Labette,20099,0,21604,85,4,1,zip,0.3,37.338103,-95.253064,registry_stand_in
788,710,840-29 - Ashland-Bellefonte Cancer Center,0,Ashland,KY,41101,Boyd,21019,0,21584,198,1,1,zip,0.2,38.47752,-82.650548,registry_stand_in
789,711,Ashland Bellefonte Cancer Center,0,Ashland,KY,41101,Boyd,21019,0,21584,198,1,4,zip,0.2,38.47752,-82.650548,registry_stand_in
790,712,Research Center,0,Ashland,KY,41101,Boyd,21019,0,21584,198,1,1,zip,0.2,38.47752,-82.650548,registry_stand_in
791,713,Mary Bird Perkins Cancer Center - Houma,0,Houma,LA,70360,Terrebonne,22109,0,21385,278,1,4,zip,0.3,29.578671,-90.805402,registry_stand_in
792,714,Mary Bird Perkins Cancer Center/Terrebonne General Medical Center,0,Houma,LA,70360,Terrebonne,22109,0,21385,278,1,2,zip,0.3,29.578671,-90.805402,registry_stand_in
793,715,Oncology Center of The South Incorporated,0,Houma,LA,70360,Terrebonne,22109,0,21385,278,1,15,zip,0.3,29.578671,-90.805402,registry_stand_in
794,716,GCS/Canton,0,Canton,GA,30114,Cherokee,13057,0,21117,1334,1,1,zip,1.9,34.243544,-84.535815,registry_stand_in
795,717,"Northside Hospital,228 Riverstone Dr.",0,Canton,GA,30114,Cherokee,13057,0,21117,1334,1,2,zip,1.9,34.243544,-84.535815,registry_stand_in
796,718,North Georgia Urology Center,0,Dalton,GA,30720,Whitfield,13313,0,21117,341,3,1,zip,0.2,34.733645,-85.000824,registry_stand_in
797,720,Blessing Cancer Center,0,Quincy,IL,62301,Adams,17001,0,21019,71,4,1,zip,0.3,39.931155,-91.388714,registry_stand_in
798,721,Quincy Medical Group,0,Quincy,IL,62301,Adams,17001,0,21019,71,4,7,zip,0.3,39.931155,-91.388714,registry_stand_in
799,722,Quincy Medical Group; Canc Ctr at Blessing Hosp,0,Quincy,IL,62301,Adams,17001,0,21019,71,4,1,zip,0.3,39.931155,-91.388714,registry_stand_in
800,723,Quincy Medical Group-Clinic,0,Quincy,IL,62301,Adams,17001,0,21019,71,4,2,zip,0.3,39.931155,-91.388714,registry_stand_in
801,724,Endo,0,Suffolk,VA,23434,Suffolk,51800,0,20993,519,1,1,zip,0.3,36.703003,-76.592105,registry_stand_in
802,725,Endo Clinical Trial,0,Suffolk,VA,23434,Suffolk,51800,0,20993,519,1,2,zip,0.3,36.703003,-76.592105,registry_stand_in
803,726,Sentara Obici Hospital,0,Suffolk,VA,23434,Suffolk,51800,0,20993,519,1,1,zip,0.3,36.703003,-76.592105,registry_stand_in
804,727,Specialists for Women,0,Suffolk,VA,23434,Suffolk,51800,0,20993,519,1,1,zip,0.3,36.703003,-76.592105,registry_stand_in
805,728,Atlanta Cancer Care - Cumming,0,Cumming,GA,30041,Forsyth,13117,0,20863,1439,1,4,zip,1.6,34.196222,-84.096676,registry_stand_in
806,729,Georgia Cancer Specialists - Cumming,0,Cumming,GA,30041,Forsyth,13117,0,20863,1439,1,1,zip,1.6,34.196222,-84.096676,registry_stand_in
807,730,Northside Hospital,0,Cumming,GA,30041,Forsyth,13117,0,20863,1439,1,1,zip,1.6,34.196222,-84.096676,registry_stand_in
808,731,"Northside Hospital,1505 Northside Blvd, Suite 4600",0,Cumming,GA,30041,Forsyth,13117,0,20863,1439,1,2,zip,1.6,34.196222,-84.096676,registry_stand_in
809,732,University Physicians at Oneida,0,Oneida,NY,13421,Madison,36053,0,20576,338,1,1,zip,1.1,43.061915,-75.660092,registry_stand_in
810,733,Upstate Cancer Center at Oneida,0,Oneida,NY,13421,Madison,36053,0,20576,338,1,1,zip,1.1,43.061915,-75.660092,registry_stand_in
811,734,Coffeyville Regional Medical Center,0,Coffeyville,KS,67337,Montgomery,20125,0,20468,87,4,22,city_large_zip,0.1,37.032717,-95.65158,registry_stand_in
812,735,Skagit Valley Hospital,0,Mount Vernon,WA,98274,Skagit,53057,0,19671,434,18,10,city_large_zip,1.0,48.417071,-122.311832,registry_stand_in
813,736,Skagit Valley Hospital Regional Cancer Care Center,0,Mount Vernon,WA,98273,Skagit,53057,0,19671,402,18,3,zip,1.8,48.402754,-122.376148,registry_stand_in
814,737,890,0,Waco,TX,76712,McLennan,48309,0,19644,145,9,1,zip,0.8,31.526506,-97.260888,registry_stand_in
815,738,Baylor Scott & White Health/McClinton Cancer Center,0,Waco,TX,76712,McLennan,48309,0,19644,145,9,1,zip,0.8,31.526506,-97.260888,registry_stand_in
816,739,"Baylor, Scott, & White Medical Center",0,Waco,TX,76712,McLennan,48309,0,19644,145,9,1,zip,0.8,31.526506,-97.260888,registry_stand_in
817,740,Baylor Scott & White Medical Center - Hillcrest,0,Waco,TX,76712,McLennan,48309,0,19644,145,9,1,zip,0.8,31.526506,-97.260888,registry_stand_in
818,741,Baylor Scott & White Medical Center - Temple,0,Waco,TX,76712,McLennan,48309,0,19644,145,9,1,zip,0.8,31.526506,-97.260888,registry_stand_in
819,742,GSK Investigational Site,1,Waco,TX,76712,McLennan,48309,0,19644,145,9,1,zip,0.8,31.526506,-97.260888,registry_stand_in
820,743,Texas Oncology - Waco,0,Waco,TX,76712,McLennan,48309,0,19644,145,9,6,zip,0.8,31.526506,-97.260888,registry_stand_in
821,744,"Texas Oncology - Waco, TX",0,Tyler,TX,76712,McLennan,48309,0,19644,145,9,1,zip,0.8,31.526506,-97.260888,registry_stand_in
822,745,Texas Oncology (Waco) - USOR,0,Waco,TX,76712,McLennan,48309,0,19644,145,9,1,zip,0.8,31.526506,-97.260888,registry_stand_in
823,747,123,0,Johnson City,NY,13790,Broome,36007,0,19598,189,1,1,zip,3.2,42.165361,-76.001942,registry_stand_in
824,748,Broome Oncology,0,Johnson City,NY,13790,Broome,36007,0,19598,189,1,8,zip,3.2,42.165361,-76.001942,registry_stand_in
825,749,Broome Oncology LLC,0,Johnson City,NY,13790,Broome,36007,0,19598,189,1,7,zip,3.2,42.165361,-76.001942,registry_stand_in
826,750,Harrison HealthPartners Hematology and Oncology-Bremerton,0,Bremerton,WA,98310,Kitsap,53035,0,19439,429,18,29,zip,0.4,47.589689,-122.617462,registry_stand_in
827,751,HHP Hematology & Oncology Bremerton,0,Bremerton,WA,98310,Kitsap,53035,0,19439,429,18,1,zip,0.4,47.589689,-122.617462,registry_stand_in
828,755,Augusta Health Cancer Center,0,Fishersville,VA,22939,Augusta,51015,0,18993,154,5,1,zip,0.2,38.103454,-78.971468,registry_stand_in
829,758,Covenant Health Oncology Group - Lenoir City,0,Lenoir City,TN,37772,Loudon,47105,0,18667,300,0,4,zip,1.7,35.793377,-84.212106,registry_stand_in
830,759,Thompson Oncology Group-Lenoir City,0,Lenoir City,TN,37772,Loudon,47105,0,18667,300,0,2,zip,1.7,35.793377,-84.212106,registry_stand_in
831,760,Center for Cancer and Blood Disorders,0,Weatherford,TX,76086,Parker,48367,0,18617,828,1,1,zip,0.5,32.752204,-97.78927,registry_stand_in
832,761,"The Center for Cancer and Blood Disorders - Magnolia,920 Santa Fe Drive",0,Weatherford,TX,76086,Parker,48367,0,18617,828,1,1,zip,0.5,32.752204,-97.78927,registry_stand_in
833,762,Adventist Health St. Helena - Martin-O'Neil Cancer Center (MOCC,0,St. Helena,CA,94574,Napa,06055,0,18591,574,16,1,city_large_zip,0.5,38.512806,-122.468076,registry_stand_in
834,763,Adventist Health St. Helena/St. Helena Hospital/Martin O'Neil Cancer Center,0,St. Helena,CA,94574,Napa,06055,0,18591,574,16,1,city_large_zip,0.5,38.512806,-122.468076,registry_stand_in
835,764,St. Helena Hospital - Martin-O'Neil Cancer Center,0,St. Helena,CA,94574,Napa,06055,0,18591,574,16,1,city_large_zip,0.5,38.512806,-122.468076,registry_stand_in
836,765,Montgomery Cancer Center,0,Mount Sterling,KY,40353,Montgomery,21173,0,18548,273,12,1,zip,0.2,38.065465,-83.948822,registry_stand_in
837,771,CoxHealth Cancer Center,0,Branson,MO,65616,Taney,29213,0,18174,159,15,1,zip,1.5,36.670737,-93.2488,registry_stand_in
838,772,North Georgia Clinical Research,0,Woodstock,GA,30189,Cherokee,13057,0,17515,1421,1,1,zip,2.2,34.124224,-84.570679,registry_stand_in
839,773,Georgia Cancer Specialists - Canton,0,Canton,GA,30115,Cherokee,13057,0,17409,1323,1,1,zip,1.8,34.215519,-84.402426,registry_stand_in
840,774,"Northside Hospital, Inc. - GCS/Canton",0,Canton,GA,30115,Cherokee,13057,0,17409,1323,1,2,zip,1.8,34.215519,-84.402426,registry_stand_in
841,775,DCOL Center for Clinical Research,0,Longview,TX,75605,Gregg,48183,0,17389,164,10,1,zip,1.5,32.585123,-94.710328,registry_stand_in
842,776,Duplicate_Diagnostic Clinic of Longview,0,Longview,TX,75605,Gregg,48183,0,17389,164,10,1,zip,1.5,32.585123,-94.710328,registry_stand_in
843,777,Longview,1,Longview,TX,75605,Gregg,48183,0,17389,164,10,3,zip,1.5,32.585123,-94.710328,registry_stand_in
844,778,Central Maine Medical Center,0,Lewiston,ME,04240,Androscoggin,23001,0,17226,230,0,5,zip,0.9,44.089513,-70.172095,registry_stand_in
845,779,"Central Maine Medical Center, Clinical Research Department",0,Lewiston,ME,04240,Androscoggin,23001,0,17226,230,0,1,zip,0.9,44.089513,-70.172095,registry_stand_in
846,780,Arnot Ogden Medical Center/Falck Cancer Center,0,Elmira,NY,14905,Chemung,36015,0,17153,187,0,26,zip,0.5,42.087725,-76.843282,registry_stand_in
847,781,Oncology and Hematology Associates of Southwest Virginia Inc,0,Low Moor,VA,24457,Alleghany,51005,0,16933,107,7,1,zip,0.4,37.795845,-79.865211,registry_stand_in
848,782,"Oncology and Hematology Associates of Southwest Virginia, Inc., DBA Blue Ridge Cancer Care",0,Low Moor,VA,24457,Alleghany,51005,0,16933,107,7,1,zip,0.4,37.795845,-79.865211,registry_stand_in
849,783,Oncology and Hematology Associates of Southwest Virginia (Low Moor) - USOR,0,Low Moor,VA,24457,Alleghany,51005,0,16933,107,7,1,zip,0.4,37.795845,-79.865211,registry_stand_in
850,784,Oncology & Hematology Associates of Southwest Virginia Inc.,0,Low Moor,VA,24457,Alleghany,51005,0,16933,107,7,1,zip,0.4,37.795845,-79.865211,registry_stand_in
851,785,"Oncology & Hematology Associates of Southwest Virginia, Inc. D.B.A Blue Ridge Cancer Care",0,Low Moor,VA,24457,Alleghany,51005,0,16933,107,7,1,zip,0.4,37.795845,-79.865211,registry_stand_in
852,786,Oncology Hematology West P.C. dba Nebraska Cancer Specialists,0,Omaha,NE,68310,Gage,31067,0,16641,114,1,2,zip,0.2,40.249821,-96.74949,registry_stand_in
853,787,Avon,1,Avon,IN,46123,Hendricks,18063,0,16550,604,7,1,zip,0.1,39.764437,-86.403388,registry_stand_in
854,788,878,0,Longview,TX,75601,Gregg,48183,0,16514,201,10,1,zip,0.4,32.508595,-94.724189,registry_stand_in
855,789,878-B,0,Longview,TX,75601,Gregg,48183,0,16514,201,10,1,zip,0.4,32.508595,-94.724189,registry_stand_in
856,790,890-B,0,Longview,TX,75601,Gregg,48183,0,16514,201,10,1,zip,0.4,32.508595,-94.724189,registry_stand_in
857,791,GSK Investigational Site,1,Longview,TX,75601,Gregg,48183,0,16514,201,10,1,zip,0.4,32.508595,-94.724189,registry_stand_in
858,792,Texas Oncology,0,Longview,TX,75601,Gregg,48183,0,16514,201,10,2,zip,0.4,32.508595,-94.724189,registry_stand_in
859,793,Texas Oncology-Longview Cancer Center,0,Longview,TX,75601,Gregg,48183,0,16514,201,10,5,zip,0.4,32.508595,-94.724189,registry_stand_in
860,794,Texas Oncology - Northeast,0,Longview,TX,75601,Gregg,48183,0,16514,201,10,1,zip,0.4,32.508595,-94.724189,registry_stand_in
861,795,"Texas Oncology, P.A.",0,Longview,TX,75601,Gregg,48183,0,16514,201,10,1,zip,0.4,32.508595,-94.724189,registry_stand_in
862,796,Texas Oncology PA,0,Longview,TX,75601,Gregg,48183,0,16514,201,10,1,zip,0.4,32.508595,-94.724189,registry_stand_in
863,797,Texas Oncology (Tyler) - USOR,0,Longview,TX,75601,Gregg,48183,0,16514,201,10,1,zip,0.4,32.508595,-94.724189,registry_stand_in
864,798,USO Texas Oncology,0,Longview,TX,75601,Gregg,48183,0,16514,201,10,1,zip,0.4,32.508595,-94.724189,registry_stand_in
865,802,VA Central California Fresno Medical Center,0,Fresno,CA,93073,Ventura,06111,0,16394,354,9,1,city,0.5,36.782684,-119.793359,registry_stand_in
866,803,942-K,0,Pratt,KS,67124,Pratt,20151,0,16247,23,5,2,city_large_zip,1.5,37.698576,-98.765936,registry_stand_in
867,804,Pratt Regional Medical Center,0,Pratt,KS,67124,Pratt,20151,0,16247,23,5,1,city_large_zip,1.5,37.698576,-98.765936,registry_stand_in
868,807,"Saratoga Clinical Research, LLC",0,Saratoga Springs,NY,12866,Saratoga,36091,0,15881,363,5,1,zip,0.3,43.073715,-73.740236,registry_stand_in
869,809,942-M,0,Wellington,KS,67152,Sumner,20191,0,15303,183,4,2,zip,0.3,37.263003,-97.411479,registry_stand_in
870,810,Southampton Women's Health,0,Franklin,VA,23851,Southampton,51175,0,15297,514,0,1,zip,0.6,36.652023,-76.957141,registry_stand_in
871,811,Clinical Trial Site,1,Winchester,VA,22601,Winchester,51840,0,15277,501,12,1,zip,0.1,39.174203,-78.174289,registry_stand_in
872,812,Selma Medical Associates,0,Winchester,VA,22601,Winchester,51840,0,15277,501,12,1,zip,0.1,39.174203,-78.174289,registry_stand_in
873,813,Shenandoah Oncology Associates,0,Winchester,VA,22601,Winchester,51840,0,15277,501,12,1,zip,0.1,39.174203,-78.174289,registry_stand_in
874,814,"Shenandoah Oncology Associates, PC",0,Winchester,VA,22601,Winchester,51840,0,15277,501,12,2,zip,0.1,39.174203,-78.174289,registry_stand_in
875,815,Shenandoah Oncology PC,0,Winchester,VA,22601,Winchester,51840,0,15277,501,12,15,zip,0.1,39.174203,-78.174289,registry_stand_in
876,816,Valley Health / Winchester Medical Center,0,Winchester,VA,22601,Winchester,51840,0,15277,501,12,1,zip,0.1,39.174203,-78.174289,registry_stand_in
877,818,Atlanta Cancer Care - Conyers,0,Conyers,GA,30094,Rockdale,13247,0,15084,1469,0,2,zip,0.6,33.612505,-84.051523,registry_stand_in
878,820,Heartland Cancer Center,0,Great Bend,KS,67530,Barton,20009,0,14871,28,15,1,zip,0.6,38.352915,-98.798117,registry_stand_in
879,821,Saint Rose Ambulatory and Surgery Center,0,Great Bend,KS,67530,Barton,20009,0,14871,28,15,3,zip,0.6,38.352915,-98.798117,registry_stand_in
880,822,942-N,0,Winfield,KS,67156,Cowley,20035,0,14801,177,4,2,zip,0.3,37.248449,-96.963204,registry_stand_in
881,823,Winfield Healthcare Center,0,Winfield,KS,67156,Cowley,20035,0,14801,177,4,1,zip,0.3,37.248449,-96.963204,registry_stand_in
882,827,Georgetown Hospital System,0,Georgetown,SC,29440,Georgetown,45043,0,14613,148,7,2,zip,0.7,33.381097,-79.329766,registry_stand_in
883,828,Cahaba Dermatology,0,Birmingham,AL,35244,Shelby,01117,0,14326,395,1,1,zip,0.6,33.352918,-86.825333,registry_stand_in
884,830,Baystate Health Center,0,Springfield,MA,01199,Hampden,25013,0,14279,764,14,1,city,1.4,42.115454,-72.539978,registry_stand_in
885,831,Baystate Medical Center Inc.,0,Springfield,MA,01199,Hampden,25013,0,14279,764,14,1,city,1.4,42.115454,-72.539978,registry_stand_in
886,832,Clinical Trial Site,1,Springfield,MA,01199,Hampden,25013,0,14279,764,14,1,city,1.4,42.115454,-72.539978,registry_stand_in
887,833,GSK Investigational Site,1,Springfield,MA,01199,Hampden,25013,0,14279,764,14,2,city,1.4,42.115454,-72.539978,registry_stand_in
888,834,"Sisu BHR, LLC",0,Springfield,MA,01103,Hampden,25013,0,14279,819,14,2,zip,0.2,42.104418,-72.59008,registry_stand_in
889,835,Atlanta Cancer Care - Stockbridge,0,Jonesboro,GA,30236,Clayton,13063,0,14243,1431,0,1,zip,0.9,33.519927,-84.325187,registry_stand_in
890,836,Kaiser Permanente Southwood,0,Jonesboro,GA,30236,Clayton,13063,0,14243,1431,0,1,zip,0.9,33.519927,-84.325187,registry_stand_in
891,837,SUN-131-03 Investigational Site,1,Morrow,GA,30260,Clayton,13063,0,14243,1471,0,1,zip,0.2,33.587165,-84.334307,registry_stand_in
892,838,New York Oncology Hematology (NYOH,0,Amsterdam,NY,12010,Montgomery,36057,0,14233,365,1,1,zip,0.1,42.937632,-74.173325,registry_stand_in
893,839,Marion L Shepard Cancer Center at Vidant Beaufort Hospital,0,Washington,NC,27889,Beaufort,37013,0,14077,159,1,4,zip,2.3,35.580432,-77.025019,registry_stand_in
894,840,928-J,0,Franklin,TN,37067,Williamson,47187,0,13979,454,10,1,zip,1.1,35.912204,-86.768843,registry_stand_in
895,841,Clinical Trial Site,1,Franklin,TN,37067,Williamson,47187,0,13979,454,10,1,zip,1.1,35.912204,-86.768843,registry_stand_in
896,842,Sarah Cannon and HCA Research Institute,0,Franklin,TN,37067,Williamson,47187,0,13979,454,10,1,zip,1.1,35.912204,-86.768843,registry_stand_in
897,843,"SCRI TO Nashville- Franklin Tennessee Oncology, PLLC",0,Franklin,TN,37067,Williamson,47187,0,13979,454,10,1,zip,1.1,35.912204,-86.768843,registry_stand_in
898,844,"Tennessee Ocology, LLC",0,Franklin,TN,37067,Williamson,47187,0,13979,454,10,1,zip,1.1,35.912204,-86.768843,registry_stand_in
899,845,Tennessee Oncology - FRANKLIN - SCRI - PPDS,0,Franklin,TN,37067,Williamson,47187,0,13979,454,10,1,zip,1.1,35.912204,-86.768843,registry_stand_in
900,846,"Tennessee Oncology, PLLC",0,Franklin,TN,37067,Williamson,47187,0,13979,454,10,5,zip,1.1,35.912204,-86.768843,registry_stand_in
901,847,"Tennessee Oncology, PLLC,4488 Carothers Parkway",0,Franklin,TN,37067,Williamson,47187,0,13979,454,10,2,zip,1.1,35.912204,-86.768843,registry_stand_in
902,848,Vanderbilt Health One Hundred Oaks,0,Nashville,TN,37067,Williamson,47187,0,13979,454,10,1,zip,1.1,35.912204,-86.768843,registry_stand_in
903,849,Indiana Blood and Marrow Transplantation,0,Indianapolis,IN,46077,Boone,18011,0,13799,608,0,1,zip,1.1,39.98189,-86.278939,registry_stand_in
904,850,GC2202,0,Greenville,NC,27843,Edgecombe,37065,0,13665,191,0,1,zip,1.5,35.995534,-77.400001,registry_stand_in
905,851,Arkansas Pediatric Clinic,0,Bryant,AR,72022,Saline,05125,0,13660,257,1,1,zip,0.1,34.606423,-92.493912,registry_stand_in
906,852,CARTI Cancer Center Saline County,0,Bryant,AR,72022,Saline,05125,0,13660,257,1,1,zip,0.1,34.606423,-92.493912,registry_stand_in
907,854,Big Horn Basin Cancer Center,0,Cody,WY,82414,Park,56029,0,13440,8,17,7,city_large_zip,0.2,44.521242,-109.057469,registry_stand_in
908,855,Frisco,1,Frisco,TX,75035,Collin,48085,0,13314,1617,12,1,zip,1.6,33.166306,-96.775635,registry_stand_in
909,856,Site reference,1,Frisco,TX,75035,Collin,48085,0,13314,1617,12,1,zip,1.6,33.166306,-96.775635,registry_stand_in
910,857,Willowbend Health and Wellness,0,Frisco,TX,75035,Collin,48085,0,13314,1617,12,2,zip,1.6,33.166306,-96.775635,registry_stand_in
911,858,Willowbend Health and Wellness - Frisco,0,Frisco,TX,75035,Collin,48085,0,13314,1617,12,1,zip,1.6,33.166306,-96.775635,registry_stand_in
912,859,Cheyenne Regional Medical Center Cheyenne Regional Med Ctr (3,0,Cheyenne,WY,82001,Laramie,56021,0,13308,122,17,1,zip,0.4,41.100082,-104.924884,registry_stand_in
913,877,Mayo Clinic Health System,0,Mankato,MN,56001,Blue Earth,27013,0,12885,100,8,2,zip,1.0,44.128169,-93.978991,registry_stand_in
914,879,872-B,0,Pueblo,CO,81003,Pueblo,08101,0,12619,223,19,1,zip,0.4,38.277652,-104.656426,registry_stand_in
915,880,872-E,0,Pueblo,CO,81003,Pueblo,08101,0,12619,223,19,1,zip,0.4,38.277652,-104.656426,registry_stand_in
916,882,124,0,Denton,TX,76201,Denton,48121,0,12523,1590,16,1,zip,0.6,33.220974,-97.146038,registry_stand_in
917,883,Texas Oncology - Denton,0,Denton,TX,76201,Denton,48121,0,12523,1590,16,3,zip,0.6,33.220974,-97.146038,registry_stand_in
918,884,Texas Oncology - Northeast,0,Denton,TX,76201,Denton,48121,0,12523,1590,16,2,zip,0.6,33.220974,-97.146038,registry_stand_in
919,885,Louisiana Heart Center,0,Hammond,LA,70403,Tangipahoa,22105,0,12085,585,2,1,zip,0.3,30.485555,-90.487688,registry_stand_in
920,886,Pontchartrain,0,Hammond,LA,70403,Tangipahoa,22105,0,12085,585,2,1,zip,0.3,30.485555,-90.487688,registry_stand_in
921,887,XCancer / Pontchartrain Cancer Center,0,Hammond,LA,70403,Tangipahoa,22105,0,12085,585,2,1,zip,0.3,30.485555,-90.487688,registry_stand_in
922,888,Providence Regional Cancer System,0,Aberdeen,WA,98520,Grays Harbor,53027,0,11941,83,18,1,zip,0.9,46.988577,-123.828523,registry_stand_in
923,889,Salinas Memorial,0,Salinas,CA,93901,Monterey,06053,0,11838,299,8,1,zip,0.7,36.647856,-121.630305,registry_stand_in
924,890,Salinas Valley Memorial Healthcare System,0,Salinas,CA,93901,Monterey,06053,0,11838,299,8,1,zip,0.7,36.647856,-121.630305,registry_stand_in
925,891,Neurology Rare Disease Center,0,Denton,TX,76208,Denton,48121,0,11776,1559,16,1,zip,2.0,33.208706,-97.05541,registry_stand_in
926,892,USO - Texas Oncology - Allen,0,Allen,TX,75013,Collin,48085,0,11654,1549,12,1,zip,1.2,33.114327,-96.693964,registry_stand_in
927,895,Novant Health Oncology Specialists-Statesville,0,Statesville,NC,28625,Iredell,37097,0,11462,869,12,3,city_large_zip,0.6,35.785493,-80.872962,registry_stand_in
928,896,Community Hospital of Monterey Peninsula,0,Monterey,CA,93940,Monterey,06053,0,11430,205,8,2,zip,0.6,36.562305,-121.805507,registry_stand_in
929,897,Pacific Cancer Care - Monterey,0,Monterey,CA,93940,Monterey,06053,0,11430,205,8,2,zip,0.6,36.562305,-121.805507,registry_stand_in
930,898,Nash UNC Health Care - Danny Talbott Cancer Center,0,Rocky Mount,NC,28704,Buncombe,37021,0,11402,374,12,1,zip,0.3,35.461429,-82.570815,registry_stand_in
931,899,Peninsula Regional Medical Center,0,Salisbury,MD,21801,Wicomico,24045,0,11384,167,2,2,zip,1.1,38.349417,-75.67847,registry_stand_in
932,900,Berkshire Hematology Oncology Services at Berkshire Medical Center Cancer and Infusion Center,0,Pittsfield,MA,01201,Berkshire,25003,0,10808,485,1,1,zip,0.9,42.454302,-73.282074,registry_stand_in
933,901,Berkshire Medical Center - Cancer Center,0,Pittsfield,MA,01201,Berkshire,25003,0,10808,485,1,5,zip,0.9,42.454302,-73.282074,registry_stand_in
934,903,Iredell Memorial Hospital,0,Statesville,NC,28677,Iredell,37097,0,10197,836,12,1,zip,1.6,35.738099,-80.926089,registry_stand_in
935,907,Arthritis and Osteoperosis Associates of New Mexico,0,Las Cruces,NM,88011,Doña Ana,35013,0,9906,208,6,1,city_large_zip,0.4,32.326444,-106.789695,registry_stand_in
936,908,Memorial Medical Center- Cancer Center,0,Las Cruces,NM,88011,Doña Ana,35013,0,9906,208,6,1,city_large_zip,0.4,32.326444,-106.789695,registry_stand_in
937,909,942-F,0,Kingman,KS,67068,Kingman,20095,0,9903,166,4,2,zip,0.4,37.621851,-98.119542,registry_stand_in
938,910,Kingman Community Hospital,0,Kingman,KS,67068,Kingman,20095,0,9903,166,4,1,zip,0.4,37.621851,-98.119542,registry_stand_in
939,911,"Exordia Medical Research, Inc",0,Fall River,MA,02723,Bristol,25005,0,9768,1276,2,1,zip,0.1,41.692208,-71.132132,registry_stand_in
940,912,Children's Medical Center,0,Plano,TX,75024,Collin,48085,0,9639,1664,12,1,zip,0.7,33.077854,-96.811028,registry_stand_in
941,913,Children's Medical Center Plano,0,Plano,TX,75024,Collin,48085,0,9639,1664,12,1,zip,0.7,33.077854,-96.811028,registry_stand_in
942,914,"ClinRx Research, LLC",0,Plano,TX,75024,Collin,48085,0,9639,1664,12,1,zip,0.7,33.077854,-96.811028,registry_stand_in
943,915,Investigator,0,Plano,TX,75024,Collin,48085,0,9639,1664,12,1,zip,0.7,33.077854,-96.811028,registry_stand_in
944,916,Texas Rheumatology Care,0,Plano,TX,75024,Collin,48085,0,9639,1664,12,1,zip,0.7,33.077854,-96.811028,registry_stand_in
945,917,Premier Pain Treatment Institute,0,Mount Orab,OH,45154,Brown,39015,0,9631,659,0,1,zip,0.4,39.063432,-83.916821,registry_stand_in
946,918,Edwards Comprehensive Cancer Center - Cabell Huntington Hospital,0,Huntington,WV,25701,Cabell,54011,0,9418,217,18,1,zip,1.6,38.365689,-82.40525,registry_stand_in
947,919,Local Institution - Unk064,0,Huntington,WV,25705,Cabell,54011,0,9418,221,18,1,zip,0.1,38.406345,-82.362542,registry_stand_in
948,920,Marshall Health,0,Huntington,WV,25701,Cabell,54011,0,9418,217,18,1,zip,1.6,38.365689,-82.40525,registry_stand_in
949,921,Texas Oncology - Denton South,0,Denton,TX,76210,Denton,48121,0,8950,1611,16,10,zip,1.5,33.149467,-97.096016,registry_stand_in
950,922,Bon Secours Maryview Medical Center,0,Portsmouth,VA,23707,Portsmouth,51740,0,8917,510,3,11,zip,0.4,36.841794,-76.340331,registry_stand_in
951,926,Southern Regional Medical Center,0,Riverdale,GA,30274,Clayton,13063,0,8694,1458,0,1,zip,0.8,33.557264,-84.400508,registry_stand_in
952,927,952,0,Bolivar,MO,65613,Polk,29167,0,8638,140,17,2,zip,1.8,37.640914,-93.387351,registry_stand_in
953,928,Arrivent Investigative Site,1,Bolivar,MO,65613,Polk,29167,0,8638,140,17,1,zip,1.8,37.640914,-93.387351,registry_stand_in
954,929,Central Care Cancer Center,0,Bolivar,MO,65613,Polk,29167,0,8638,140,17,3,zip,1.8,37.640914,-93.387351,registry_stand_in
955,930,Central Care Cancer Center-Carrie J Babb Cancer Center,0,Bolivar,MO,65613,Polk,29167,0,8638,140,17,1,zip,1.8,37.640914,-93.387351,registry_stand_in
956,931,Central Care Cancer Center (CCCC,0,Bolivar,MO,65613,Polk,29167,0,8638,140,17,1,zip,1.8,37.640914,-93.387351,registry_stand_in
957,932,Exelixis,0,Bolivar,MO,65613,Polk,29167,0,8638,140,17,1,zip,1.8,37.640914,-93.387351,registry_stand_in
958,933,New York Oncology Hematology,0,Troy,NY,12180,Rensselaer,36083,0,8608,402,0,1,zip,0.7,42.748588,-73.599536,registry_stand_in
959,934,Saint Marys Hospital-Troy,0,Troy,NY,12180,Rensselaer,36083,0,8608,402,0,2,zip,0.7,42.748588,-73.599536,registry_stand_in
960,935,Samaritan Hospital Hildegard Medicus Cancer Center,0,Troy,NY,12180,Rensselaer,36083,0,8608,402,0,1,zip,0.7,42.748588,-73.599536,registry_stand_in
961,936,CaroMont Health - Lincoln Cancer Center,0,Lincolnton,NC,28092,Lincoln,37109,0,8585,810,5,1,zip,0.6,35.483239,-81.253054,registry_stand_in
962,937,Levine Cancer Institute-Lincolnton,0,Lincolnton,NC,28092,Lincoln,37109,0,8585,810,5,1,zip,0.6,35.483239,-81.253054,registry_stand_in
963,938,MidMichigan Medical Center - Clare,0,Clare,MI,48617,Clare,26035,0,8575,172,0,1,zip,2.1,43.851308,-84.717297,registry_stand_in
964,939,Bare Dermatology,0,Rockwall,TX,75032,Rockwall,48397,0,8553,1400,0,1,zip,1.3,32.857112,-96.43121,registry_stand_in
965,940,Alpine Research Organization,0,Farmington,UT,84025,Davis,49011,0,8331,525,11,1,zip,0.2,40.975812,-111.899335,registry_stand_in
966,941,Farmington Health Center -University of Utah,0,Farmington,UT,84025,Davis,49011,0,8331,525,11,1,zip,0.2,40.975812,-111.899335,registry_stand_in
967,942,"Huntsman Cancer Institute, University of Utah,165 North University Avenue",0,Farmington,UT,84025,Davis,49011,0,8331,525,11,1,zip,0.2,40.975812,-111.899335,registry_stand_in
968,943,"University of Utah, Farmington Health Center",0,Farmington,UT,84025,Davis,49011,0,8331,525,11,2,zip,0.2,40.975812,-111.899335,registry_stand_in
969,944,Indiana University School of Medicine,0,Indianapolis,IN,46131,Johnson,18081,0,8143,550,6,1,zip,0.5,39.473489,-86.043592,registry_stand_in
970,945,950,0,Jefferson City,MO,65109,Cole,29051,0,8051,118,3,1,zip,0.5,38.573482,-92.276821,registry_stand_in
971,946,Capital Region Medical Center-Goldschmidt Cancer Center,0,Jefferson City,MO,65109,Cole,29051,0,8051,118,3,1,zip,0.5,38.573482,-92.276821,registry_stand_in
972,947,Endo,0,Jefferson City,MO,65109,Cole,29051,0,8051,118,3,1,zip,0.5,38.573482,-92.276821,registry_stand_in
973,948,Endo Clinical Trial,0,Jefferson City,MO,65109,Cole,29051,0,8051,118,3,2,zip,0.5,38.573482,-92.276821,registry_stand_in
974,949,Goldschmidt Cancer Center,0,Jefferson City,MO,65109,Cole,29051,0,8051,118,3,1,zip,0.5,38.573482,-92.276821,registry_stand_in
975,950,Jefferson City Medical Group,0,Jefferson City,MO,65109,Cole,29051,0,8051,118,3,1,zip,0.5,38.573482,-92.276821,registry_stand_in
976,951,Jefferson City Medical Group - 1145,0,Jefferson City,MO,65109,Cole,29051,0,8051,118,3,1,zip,0.5,38.573482,-92.276821,registry_stand_in
977,952,MU Health Care Goldschmidt Cancer Center,0,Jefferson City,MO,65109,Cole,29051,0,8051,118,3,85,zip,0.5,38.573482,-92.276821,registry_stand_in
978,953,Site reference,1,Jefferson City,MO,65109,Cole,29051,0,8051,118,3,1,zip,0.5,38.573482,-92.276821,registry_stand_in
979,954,Center for Cancer and Blood Disorders,0,Burleson,TX,76028,Johnson,48251,0,7923,1410,2,1,zip,0.2,32.532677,-97.306547,registry_stand_in
980,955,Endo,0,Burleson,TX,76028,Johnson,48251,0,7923,1410,2,1,zip,0.2,32.532677,-97.306547,registry_stand_in
981,956,"The Center for Cancer and Blood Disorders - Magnolia,11805 South Freeway",0,Burleson,TX,76028,Johnson,48251,0,7923,1410,2,1,zip,0.2,32.532677,-97.306547,registry_stand_in
982,958,Delta Hematology/Oncology Associates,0,Portsmouth,VA,23704,Portsmouth,51740,0,7681,508,3,1,zip,0.0,36.826697,-76.312032,registry_stand_in
983,959,Delta Oncology Associates,0,Portsmouth,VA,23704,Portsmouth,51740,0,7681,508,3,1,zip,0.0,36.826697,-76.312032,registry_stand_in
984,960,Site reference,1,Indiana,PA,15701,Indiana,42063,0,7645,615,17,1,zip,0.3,40.629099,-79.150059,registry_stand_in
985,961,Piedmont Cancer Institute,0,Fayetteville,GA,30214,Fayette,13113,0,7438,1360,2,1,zip,0.1,33.490464,-84.485997,registry_stand_in
986,962,"Piedmont Cancer Institute - Atlanta,1267 Hwy 54W",0,Atlanta,GA,30214,Fayette,13113,0,7438,1360,2,1,zip,0.1,33.490464,-84.485997,registry_stand_in
987,963,Piedmont Cancer Institute - Fayetteville Office,0,Fayetteville,GA,30214,Fayette,13113,0,7438,1360,2,1,zip,0.1,33.490464,-84.485997,registry_stand_in
988,964,"Piedmont Cancer Institute, PC",0,Fayetteville,GA,30214,Fayette,13113,0,7438,1360,2,1,zip,0.1,33.490464,-84.485997,registry_stand_in
989,965,954 - B,0,Topsham,ME,04086,Sagadahoc,23023,0,7403,232,11,1,zip,0.1,43.964977,-69.955624,registry_stand_in
990,966,Maine Center for Cancer Medicine-Topsham,0,Topsham,ME,04086,Sagadahoc,23023,0,7403,232,11,3,zip,0.1,43.964977,-69.955624,registry_stand_in
991,969,University Physicians at Oswego,0,Oswego,NY,13126,Oswego,36075,0,7306,261,13,1,zip,1.2,43.438798,-76.457454,registry_stand_in
992,970,Upstate Cancer Radiation Oncology at Oswego,0,Oswego,NY,13126,Oswego,36075,0,7306,261,13,1,zip,1.2,43.438798,-76.457454,registry_stand_in
993,971,Mercy Medical Center,0,Merced,CA,95340,Merced,06047,0,7245,236,11,1,zip,3.1,37.340087,-120.406406,registry_stand_in
994,972,Virginia Cancer Specialists,0,Warrenton,VA,20186,Fauquier,51061,0,7167,1272,0,1,zip,1.6,38.687799,-77.839607,registry_stand_in
995,973,942-C,0,Dodge City,KS,67801,Ford,20057,0,7096,32,4,1,city_large_zip,0.6,37.76067,-100.017863,registry_stand_in
996,974,Galderma Investigational Site,1,Frisco,TX,75034,Collin,48085,0,7042,1653,12,1,zip,0.9,33.121286,-96.838536,registry_stand_in
997,975,Atrium Health/ Levine Cancer Institute,0,Monroe,NC,28112,Union,37179,0,6975,708,14,1,city_large_zip,0.3,35.001591,-80.561277,registry_stand_in
998,976,Levine Cancer Institute-Monroe,0,Monroe,NC,28112,Union,37179,0,6975,708,14,1,city_large_zip,0.3,35.001591,-80.561277,registry_stand_in
999,977,942-D,0,El Dorado,KS,67042,Butler,20015,0,6785,181,4,2,city_large_zip,0.3,37.821624,-96.862203,registry_stand_in
1000,978,Susan B. Allen Memorial Hosptial,0,El Dorado,KS,67042,Butler,20015,0,6785,181,4,1,city_large_zip,0.3,37.821624,-96.862203,registry_stand_in
1001,980,Genesis Clinical Research,0,Fall River,MA,02720,Bristol,25005,0,6602,1305,2,1,zip,0.3,41.727137,-71.109858,registry_stand_in
1002,981,NECCR Fall River LLC,0,Fall River,MA,02720,Bristol,25005,0,6602,1305,2,4,zip,0.3,41.727137,-71.109858,registry_stand_in
1003,982,Site reference,1,Fall River,MA,02720,Bristol,25005,0,6602,1305,2,1,zip,0.3,41.727137,-71.109858,registry_stand_in
1004,984,University Of Mississippi Medical Center,0,Jackson,MS,39313,Lauderdale,28075,0,6570,189,0,1,city,1.9,32.315834,-90.21285,registry_stand_in
1005,985,Morphosys Research site,1,Jackson,MS,39126,Madison,28089,0,6570,189,0,1,city,1.9,32.315834,-90.21285,registry_stand_in
1006,986,Cape Fear Valley Cancer Center,0,Fayetteville,NC,28303,Cumberland,37051,0,6503,411,2,1,zip,0.3,35.085631,-78.959361,registry_stand_in
1007,987,Cape Fear Valley Health Systems - Cancer Center,0,Fayetteville,NC,28304,Cumberland,37051,0,6503,338,2,1,zip,1.1,35.025528,-78.989604,registry_stand_in
1008,988,Carolina Institute For Clinical Research,0,Fayetteville,NC,28304,Cumberland,37051,0,6503,338,2,1,zip,1.1,35.025528,-78.989604,registry_stand_in
1009,989,Carolina Institute for Clinical Research - Fayetteville,0,Fayetteville,NC,28303,Cumberland,37051,0,6503,411,2,1,zip,0.3,35.085631,-78.959361,registry_stand_in
1010,990,"Carolinas Medical Center, Levine Cancer Institute",0,Charlotte,NC,28303,Cumberland,37051,0,6503,411,2,1,zip,0.3,35.085631,-78.959361,registry_stand_in
1011,991,Cinical Study Site,1,Fayetteville,NC,28304,Cumberland,37051,0,6503,338,2,1,zip,1.1,35.025528,-78.989604,registry_stand_in
1012,992,Duplicate_Unified Women's Clinical Research-Fayetteville,0,Fayetteville,NC,28304,Cumberland,37051,0,6503,338,2,1,zip,1.1,35.025528,-78.989604,registry_stand_in
1013,993,"Magee-Womens Hospital of UPMC,100 Fairfield Dr",0,Seneca,PA,16346,Venango,42121,0,6480,173,18,1,zip,1.2,41.378475,-79.672744,registry_stand_in
1014,994,UPMC Cancer Center Northwest,0,Seneca,PA,16346,Venango,42121,0,6480,173,18,1,zip,1.2,41.378475,-79.672744,registry_stand_in
1015,995,UPMC Hillman Cancer Center - Northwest,0,Seneca,PA,16346,Venango,42121,0,6480,173,18,1,zip,1.2,41.378475,-79.672744,registry_stand_in
1016,996,Good Samaritan Hospital Corvallis,0,Corvallis,OR,97330,Benton,41003,0,6406,236,9,3,zip,1.2,44.647997,-123.259576,registry_stand_in
1017,997,GSK Investigational Site,1,Corvallis,OR,97330,Benton,41003,0,6406,236,9,1,zip,1.2,44.647997,-123.259576,registry_stand_in
1018,998,Wake Forest Compenhensive Cancer Center,0,Winston-Salem,NC,27357,Rockingham,37157,0,6380,488,7,1,zip,0.9,36.2666,-79.970625,registry_stand_in
1019,1004,Brownsburg,1,Brownsburg,IN,46112,Hendricks,18063,0,6111,589,7,1,zip,0.4,39.86391,-86.382425,registry_stand_in
1020,1005,University of North Carolina at Chapel Hill,0,Chapel Hill,NC,27551,Warren,37185,0,6091,195,0,1,zip,0.2,36.432843,-78.05017,registry_stand_in
1021,1006,Cornell University,0,Ithaca,NY,14850,Tompkins,36109,0,6078,332,5,2,zip,0.2,42.431831,-76.500228,registry_stand_in
1022,1007,Calvert Health System,0,Prince Frederick,MD,20678,Calvert,24009,0,6019,1183,0,1,zip,0.6,38.525112,-76.5954,registry_stand_in
1023,1008,Maryland Oncology Hematology-Satellite,0,Brandywine,MD,21004,Harford,24025,0,6019,1918,18,1,city,0.6,38.682077,-76.885314,registry_stand_in
1024,1009,Armstrong Center for Medicine and Health,0,Kittanning,PA,16201,Armstrong,42005,0,5964,725,0,2,zip,0.2,40.812096,-79.4725,registry_stand_in
1025,1010,Arrivent Investigative Site,1,Napa,CA,94558,Napa,06055,0,5798,1202,16,1,city_large_zip,0.1,38.297872,-122.300741,registry_stand_in
1026,1011,Kaiser Permanente Medical Center Lab Drawing Station,0,Napa,CA,94558,Napa,06055,0,5798,1202,16,1,city_large_zip,0.1,38.297872,-122.300741,registry_stand_in
1027,1012,Napa Valley Orthopaedic Medical Group,0,Napa,CA,94558,Napa,06055,0,5798,1202,16,1,city_large_zip,0.1,38.297872,-122.300741,registry_stand_in
1028,1013,Providence Medical Foundation (Napa,0,Napa,CA,94558,Napa,06055,0,5798,1202,16,1,city_large_zip,0.1,38.297872,-122.300741,registry_stand_in
1029,1014,Providence Queen of the Valley Medical Center,0,Napa,CA,94558,Napa,06055,0,5798,1202,16,1,city_large_zip,0.1,38.297872,-122.300741,registry_stand_in
1030,1015,St.Joseph Heritage Care,0,Napa,CA,94558,Napa,06055,0,5798,1202,16,1,city_large_zip,0.1,38.297872,-122.300741,registry_stand_in
1031,1016,Cancer Care Center of South Texas,0,New Braunfels,TX,78130,Guadalupe,48187,0,5752,746,0,1,zip,0.3,29.693649,-98.068676,registry_stand_in
1032,1017,DermReseach New Braunfels,0,New Braunfels,TX,78130,Guadalupe,48187,0,5752,746,0,1,zip,0.3,29.693649,-98.068676,registry_stand_in
1033,1018,Texas Oncology (E Common) - USOR,0,New Braunfels,TX,78130,Guadalupe,48187,0,5752,746,0,1,zip,0.3,29.693649,-98.068676,registry_stand_in
1034,1019,Texas Oncology-New Braunfels,0,New Braunfels,TX,78130,Guadalupe,48187,0,5752,746,0,2,zip,0.3,29.693649,-98.068676,registry_stand_in
1035,1020,Texas Oncology P A,0,New Braunfels,TX,78130,Guadalupe,48187,0,5752,746,0,1,zip,0.3,29.693649,-98.068676,registry_stand_in
1036,1021,Texas Oncology - San Antonio,0,New Braunfels,TX,78130,Guadalupe,48187,0,5752,746,0,6,zip,0.3,29.693649,-98.068676,registry_stand_in
1037,1022,Texas Oncology-San Antonio Medical Center,0,San Antonio,TX,78130,Guadalupe,48187,0,5752,746,0,1,zip,0.3,29.693649,-98.068676,registry_stand_in
1038,1023,Epic Medical Research-Red Oak,0,Red Oak,TX,78666,Hays,48209,0,5752,798,0,1,zip,1.2,29.881662,-97.984794,registry_stand_in
1039,1025,942-H,0,McPherson,KS,67460,McPherson,20113,0,5643,84,3,2,zip,0.9,38.382552,-97.699453,registry_stand_in
1040,1026,McPherson Center for Health,0,McPherson,KS,67460,McPherson,20113,0,5643,84,3,1,zip,0.9,38.382552,-97.699453,registry_stand_in
1041,1027,Regional Cancer Care Associates - Sparta,0,Sparta,NJ,07871,Sussex,34037,0,5642,3744,2,1,zip,0.2,41.046696,-74.627989,registry_stand_in
1042,1028,Sparta Cancer Treatment Center,0,Sparta,NJ,07871,Sussex,34037,0,5642,3744,2,2,zip,0.2,41.046696,-74.627989,registry_stand_in
1043,1029,UPMC Hillman Cancer Center - Uniontown,0,Uniontown,PA,15401,Fayette,42051,0,5510,698,13,3,zip,0.0,39.900708,-79.747923,registry_stand_in
1044,1030,UPMC Uniontown,0,Uniontown,PA,15401,Fayette,42051,0,5510,698,13,1,zip,0.0,39.900708,-79.747923,registry_stand_in
1045,1031,976-G,0,Provo,UT,84604,Utah,49049,0,5135,447,4,1,zip,2.1,40.318664,-111.576954,registry_stand_in
1046,1032,Baxter Investigational Site,1,Provo,UT,84604,Utah,49049,0,5135,447,4,1,zip,2.1,40.318664,-111.576954,registry_stand_in
1047,1033,Utah Cancer Specialists,0,Orem,UT,84057,Utah,49049,0,5135,459,4,1,zip,0.2,40.314256,-111.709495,registry_stand_in
1048,1034,Utah Valley Hospital,0,Provo,UT,84604,Utah,49049,0,5135,447,4,1,zip,2.1,40.318664,-111.576954,registry_stand_in
1049,1037,"North Mississippi Hematology & Oncology Associates, Ltd.",0,Tupelo,MS,38801,Lee,28081,0,4999,118,3,1,zip,0.1,34.222629,-88.774588,registry_stand_in
1050,1038,North Mississippi Medical Center Hematology and Oncology Clinic,0,Tupelo,MS,38801,Lee,28081,0,4999,118,3,1,zip,0.1,34.222629,-88.774588,registry_stand_in
1051,1039,North Mississippi Medical Center - Hematology and Oncology - Tupelo,0,Tupelo,MS,38801,Lee,28081,0,4999,118,3,1,zip,0.1,34.222629,-88.774588,registry_stand_in
1052,1040,"North MS Medical Clinics, Inc.",0,Tupelo,MS,38801,Lee,28081,0,4999,118,3,1,zip,0.1,34.222629,-88.774588,registry_stand_in
1053,1041,Clinical Study Site,1,Abilene,TX,79601,Jones,48253,0,4860,67,0,1,city_large_zip,0.4,32.454514,-99.738147,registry_stand_in
1054,1042,Hendrick Cancer Center,0,Abilene,TX,79601,Jones,48253,0,4860,67,0,1,city_large_zip,0.4,32.454514,-99.738147,registry_stand_in
1055,1043,Hendrick Health,0,Abilene,TX,79601,Jones,48253,0,4860,67,0,1,city_large_zip,0.4,32.454514,-99.738147,registry_stand_in
1056,1044,Hendrick Health System,0,Abilene,TX,79601,Jones,48253,0,4860,67,0,2,city_large_zip,0.4,32.454514,-99.738147,registry_stand_in
1057,1045,Hendrick Medical Center,0,Abilene,TX,79601,Jones,48253,0,4860,67,0,15,city_large_zip,0.4,32.454514,-99.738147,registry_stand_in
1058,1046,Northeast Georgia Medical Center Braselton,0,Braselton,GA,30517,Jackson,13157,0,4805,1169,0,9,zip,0.6,34.130296,-83.797289,registry_stand_in
1059,1047,Carolina BioOncology,0,Huntersville,NC,28708,Transylvania,37175,0,4785,288,0,1,zip,2.2,35.271025,-82.859823,registry_stand_in
1060,1048,Children's Hospital of Central California,0,Madera,CA,93636,Madera,06039,0,4775,334,3,1,city_large_zip,0.8,36.965774,-120.08616,registry_stand_in
1061,1049,Valley Childrens Hospital,0,Madera,CA,93636,Madera,06039,0,4775,334,3,1,city_large_zip,0.8,36.965774,-120.08616,registry_stand_in
1062,1050,Mary Lanning Healthcare - Morrison Cancer Center,0,Hastings,NE,68901,Adams,31001,0,4703,53,4,1,zip,0.6,40.590946,-98.366104,registry_stand_in
1063,1051,Nebraska Cancer Specialists/Oncology Hematology West PC - Hastings,0,Hastings,NE,68901,Adams,31001,0,4703,53,4,1,zip,0.6,40.590946,-98.366104,registry_stand_in
1064,1053,Optum Medical Care - Carmel/Brewster Campus,0,Brewster,NY,10509,Putnam,36079,0,4597,3044,0,1,zip,0.7,41.410855,-73.59434,registry_stand_in
1065,1054,Piedmont Medical Group Research of Rocky Mount,0,Rocky Mount,NC,27804,Nash,37127,0,4591,376,0,1,zip,0.8,35.989164,-77.842711,registry_stand_in
1066,1055,UNC Cancer Care at Nash,0,Rocky Mount,NC,27804,Nash,37127,0,4591,376,0,1,zip,0.8,35.989164,-77.842711,registry_stand_in
1067,1056,UNC Nash Cancer Center,0,Rocky Mount,NC,27804,Nash,37127,0,4591,376,0,1,zip,0.8,35.989164,-77.842711,registry_stand_in
1068,1057,US Oncology - Texas Oncology,0,Kyle,TX,78640,Hays,48209,0,4551,679,0,1,zip,2.7,29.994866,-97.821239,registry_stand_in
1069,1058,GSK Investigational Site,1,Mount Airy,NC,27030,Surry,37171,0,4434,351,8,1,zip,0.5,36.489814,-80.629214,registry_stand_in
1070,1059,Novant Health Oncology Specialists-Mount Airy,0,Mount Airy,NC,27030,Surry,37171,0,4434,351,8,3,zip,0.5,36.489814,-80.629214,registry_stand_in
1071,1060,Wake Forest University at Mount Airy,0,Mount Airy,NC,27030,Surry,37171,0,4434,351,8,3,zip,0.5,36.489814,-80.629214,registry_stand_in
1072,1062,Donald Guthrie Foundation,0,Sayre,PA,18840,Bradford,42015,0,4319,184,17,1,zip,0.3,41.973067,-76.530371,registry_stand_in
1073,1063,Donald Guthrie Foundation - 1135,0,Sayre,PA,18840,Bradford,42015,0,4319,184,17,1,zip,0.3,41.973067,-76.530371,registry_stand_in
1074,1064,Guthrie Cancer Center,0,Sayre,PA,18840,Bradford,42015,0,4319,184,17,1,zip,0.3,41.973067,-76.530371,registry_stand_in
1075,1065,Guthrie - Corning Hospital - Guthrie Cancer Center,0,Sayre,PA,18840,Bradford,42015,0,4319,184,17,1,zip,0.3,41.973067,-76.530371,registry_stand_in
1076,1066,"Guthrie Medical Group, PC",0,Sayre,PA,18840,Bradford,42015,0,4319,184,17,1,zip,0.3,41.973067,-76.530371,registry_stand_in
1077,1067,Guthrie Medical Group Sayre,0,Sayre,PA,18840,Bradford,42015,0,4319,184,17,1,zip,0.3,41.973067,-76.530371,registry_stand_in
1078,1068,Robert Packer Hospital Satellite,0,Sayre,PA,18840,Bradford,42015,0,4319,184,17,1,zip,0.3,41.973067,-76.530371,registry_stand_in
1079,1069,Tidewater Clinical Research,0,Chesapeake,VA,23320,Chesapeake,51550,0,4314,494,4,1,zip,0.4,36.751734,-76.217637,registry_stand_in
1080,1070,"Virginia Oncology Associates,744 N. Battlefield Blvd",0,Chesapeake,VA,23320,Chesapeake,51550,0,4314,494,4,2,zip,0.4,36.751734,-76.217637,registry_stand_in
1081,1071,Virginia Oncology Associates-Chesapeake,0,Chesapeake,VA,23320,Chesapeake,51550,0,4314,494,4,1,zip,0.4,36.751734,-76.217637,registry_stand_in
1082,1072,Central Texas Neurology Consultants PA,0,Round Rock,TX,78681,Williamson,48491,0,4296,609,9,1,zip,1.4,30.541758,-97.716638,registry_stand_in
1083,1073,Clinical Trial Site,1,Round Rock,TX,78681,Williamson,48491,0,4296,609,9,1,zip,1.4,30.541758,-97.716638,registry_stand_in
1084,1074,Endo,0,Georgetown,TX,78628,Williamson,48491,0,4296,572,9,1,zip,2.1,30.664543,-97.778616,registry_stand_in
1085,1075,Endo Clinical Trial,0,Georgetown,TX,78628,Williamson,48491,0,4296,572,9,2,zip,2.1,30.664543,-97.778616,registry_stand_in
1086,1076,"FMC Science, LLC - OB/GYN - Georgetown",0,Georgetown,TX,78626,Williamson,48491,0,4296,584,9,1,zip,1.0,30.657895,-97.617843,registry_stand_in
1087,1077,Momenta Investigational Site,1,Round Rock,TX,78681,Williamson,48491,0,4296,609,9,1,zip,1.4,30.541758,-97.716638,registry_stand_in
1088,1078,SUN-131-03 Investigational Site,1,Cedar Park,TX,78613,Williamson,48491,0,4296,579,9,1,zip,0.2,30.507079,-97.819464,registry_stand_in
1089,1079,Texas Oncology Cancer Center-Round Rock,0,Round Rock,TX,78681,Williamson,48491,0,4296,609,9,1,zip,1.4,30.541758,-97.716638,registry_stand_in
1090,1080,Texas Oncology - Round Rock Cancer Center,0,Round Rock,TX,78681,Williamson,48491,0,4296,609,9,2,zip,1.4,30.541758,-97.716638,registry_stand_in
1091,1081,Texas Oncology (Round Rock) - USOR,0,Round Rock,TX,78681,Williamson,48491,0,4296,609,9,1,zip,1.4,30.541758,-97.716638,registry_stand_in
1092,1082,"AIM Trials, LLC",0,Plano,TX,75093,Collin,48085,0,4286,1660,12,1,zip,1.0,33.034224,-96.811608,registry_stand_in
1093,1083,Arrivent Investigative Site,1,Plano,TX,75093,Collin,48085,0,4286,1660,12,1,zip,1.0,33.034224,-96.811608,registry_stand_in
1094,1084,Plano Cancer Institute,0,Plano,TX,75093,Collin,48085,0,4286,1660,12,1,zip,1.0,33.034224,-96.811608,registry_stand_in
1095,1085,Texas Health Physicians Group,0,Plano,TX,75093,Collin,48085,0,4286,1660,12,1,zip,1.0,33.034224,-96.811608,registry_stand_in
1096,1086,Texas Institute for Neurological Disorders,0,Sherman,TX,75093,Collin,48085,0,4286,1660,12,1,zip,1.0,33.034224,-96.811608,registry_stand_in
1097,1087,"Texas Oncology, P.A.",0,Plano,TX,75093,Collin,48085,0,4286,1660,12,2,zip,1.0,33.034224,-96.811608,registry_stand_in
1098,1091,Saint Catherine Hospital,0,Garden City,KS,67846,Finney,20055,0,4263,29,17,9,city_large_zip,0.1,37.975876,-100.850884,registry_stand_in
1099,1092,XCancer / Central Care Cancer Center,0,Garden City,KS,67846,Finney,20055,0,4263,29,17,1,city_large_zip,0.1,37.975876,-100.850884,registry_stand_in
1100,1093,Methodist Richardson Medical Center- Cancer Center,0,Richardson,TX,75082,Collin,48085,0,4253,1640,12,1,zip,0.1,32.994599,-96.666758,registry_stand_in
1101,1094,Carolina East Medical Center,0,New Bern,NC,28561,Carteret,37031,0,4230,208,3,1,city,0.2,35.096688,-77.072641,registry_stand_in
1102,1095,CarolinaEast Oncology and Hematology Associates,0,New Bern,NC,28562,Craven,37049,0,4230,208,0,1,city_large_zip,0.2,35.096688,-77.072641,registry_stand_in
1103,1096,Eastern Carolina Women's Centr,0,New Bern,NC,28562,Craven,37049,0,4230,208,0,2,city_large_zip,0.2,35.096688,-77.072641,registry_stand_in
1104,1097,New Bern,1,New Bern,NC,28562,Craven,37049,0,4230,208,0,2,city_large_zip,0.2,35.096688,-77.072641,registry_stand_in
1105,1098,TG Therapeutics Investigational Trial Site,1,New Bern,NC,28562,Craven,37049,0,4230,208,0,1,city_large_zip,0.2,35.096688,-77.072641,registry_stand_in
1106,1099,Covenant Health Oncology Group - Maryville,0,Maryville,TN,37804,Blount,47009,0,4198,301,1,4,zip,0.5,35.792283,-83.893161,registry_stand_in
1107,1100,Thompson Cancer Survival Center,0,Knoxville,TN,37804,Blount,47009,0,4198,301,1,1,zip,0.5,35.792283,-83.893161,registry_stand_in
1108,1101,Thompson Oncology Group-Maryville,0,Maryville,TN,37804,Blount,47009,0,4198,301,1,1,zip,0.5,35.792283,-83.893161,registry_stand_in
1109,1102,Ascension Via Christi - Pittsburg,0,Pittsburg,KS,66762,Crawford,20037,0,4196,93,17,15,zip,0.3,37.393878,-94.710478,registry_stand_in
1110,1103,Via Christi Hospital-Pittsburg,0,Pittsburg,KS,66762,Crawford,20037,0,4196,93,17,3,zip,0.3,37.393878,-94.710478,registry_stand_in
1111,1105,942-I,0,Newton,KS,67114,Harvey,20079,0,4176,196,4,2,city_large_zip,0.1,38.037683,-97.345018,registry_stand_in
1112,1106,Newton Medical Center,0,Newton,KS,67114,Harvey,20079,0,4176,196,4,1,city_large_zip,0.1,38.037683,-97.345018,registry_stand_in
1113,1107,"East Mountain Medical Associates, PC",0,Great Barrington,MA,01230,Berkshire,25003,0,4062,730,1,1,zip,1.0,42.173196,-73.32429,registry_stand_in
1114,1108,814-B,0,Gainesville,VA,20155,Prince William,51153,0,3985,1545,12,2,zip,0.1,38.806662,-77.621357,registry_stand_in
1115,1109,814 - C,0,Gainesville,VA,20155,Prince William,51153,0,3985,1545,12,1,zip,0.1,38.806662,-77.621357,registry_stand_in
1116,1110,MorphoSys Research Site,1,Gainesville,VA,20155,Prince William,51153,0,3985,1545,12,1,zip,0.1,38.806662,-77.621357,registry_stand_in
1117,1111,USOR - Virginia Cancer Specialists - Gainesville Office,0,Gainesville,VA,20155,Prince William,51153,0,3985,1545,12,1,zip,0.1,38.806662,-77.621357,registry_stand_in
1118,1112,"USOR: Virginia Cancer Specialists, PC",0,Gainesville,VA,20155,Prince William,51153,0,3985,1545,12,1,zip,0.1,38.806662,-77.621357,registry_stand_in
1119,1113,Virginia Cancer Specialists,0,Gainesville,VA,20155,Prince William,51153,0,3985,1545,12,4,zip,0.1,38.806662,-77.621357,registry_stand_in
1120,1114,Virginia Cancer Specialists - Gainesville,0,Gainesville,VA,20155,Prince William,51153,0,3985,1545,12,1,zip,0.1,38.806662,-77.621357,registry_stand_in
1121,1115,Virginia Cancer Specialists - Gainsville,0,Gainesville,VA,20155,Prince William,51153,0,3985,1545,12,1,zip,0.1,38.806662,-77.621357,registry_stand_in
1122,1116,Bon Secours/Good Samaritan Hospital,0,New York,NY,10901,Rockland,36087,0,3953,4412,4,1,zip,1.2,41.155398,-74.129008,registry_stand_in
1123,1119,976-F,0,American Fork,UT,84003,Utah,49049,0,3765,457,4,1,zip,1.6,40.471654,-111.68059,registry_stand_in
1124,1120,American Fork Hospital,0,American Fork,UT,84003,Utah,49049,0,3765,457,4,1,zip,1.6,40.471654,-111.68059,registry_stand_in
1125,1121,Rochester Dermatologic Surgery,0,Victor,NY,14564,Ontario,36069,0,3745,390,5,6,zip,0.4,42.986733,-77.434439,registry_stand_in
1126,1122,Coastal Neurology,0,Port Royal,SC,29935,Beaufort,45013,0,3658,172,14,2,zip,0.1,32.382648,-80.695597,registry_stand_in
1127,1123,"Kinston Medical Specialists, P.A.",0,Kinston,NC,28501,Lenoir,37107,0,3617,260,3,1,zip,1.0,35.239084,-77.527194,registry_stand_in
1128,1124,Lenoir Memorial Hospital,0,Kinston,NC,28501,Lenoir,37107,0,3617,260,3,1,zip,1.0,35.239084,-77.527194,registry_stand_in
1129,1125,Vidant Oncology-Kinston,0,Kinston,NC,28501,Lenoir,37107,0,3617,260,3,9,zip,1.0,35.239084,-77.527194,registry_stand_in
1130,1126,Bay Hematology Oncology,0,Easton,MD,21601,Talbot,24041,0,3587,398,7,1,zip,0.6,38.792467,-76.087881,registry_stand_in
1131,1127,Pleasant Grove,1,Pleasant Grove,UT,84062,Utah,49049,0,3525,456,4,1,zip,3.0,40.383842,-111.681871,registry_stand_in
1132,1128,Waldo Count General Hospital - Belfast,0,Belfast,ME,04915,Waldo,23027,0,3413,118,4,1,zip,1.3,44.463502,-69.037571,registry_stand_in
1133,1129,Blue Ridge Cancer Care,0,Roanoke,VA,24014,Roanoke,51161,0,3370,206,0,35,zip,0.2,37.22286,-79.915191,registry_stand_in
1134,1130,Blue Ridge Cancer Care - 300202915,0,Roanoke,VA,24014,Roanoke,51161,0,3370,206,0,1,zip,0.2,37.22286,-79.915191,registry_stand_in
1135,1131,Blue Ridge Cancer Care (Oncology and Hematology Associates of Southwest Virginia,0,Roanoke,VA,24014,Roanoke,51161,0,3370,206,0,2,zip,0.2,37.22286,-79.915191,registry_stand_in
1136,1132,Blue Ridge Cancer Care - Roanoke,0,Roanoke,VA,24014,Roanoke,51161,0,3370,206,0,3,zip,0.2,37.22286,-79.915191,registry_stand_in
1137,1133,Blue Ridge Cancer Center,0,Roanoke,VA,24014,Roanoke,51161,0,3370,206,0,2,zip,0.2,37.22286,-79.915191,registry_stand_in
1138,1134,Carilion Children's,0,Roanoke,VA,24014,Roanoke,51161,0,3370,206,0,22,zip,0.2,37.22286,-79.915191,registry_stand_in
1139,1135,Carilion Roanoke Memorial Hospital,0,Roanoke,VA,24014,Roanoke,51161,0,3370,206,0,4,zip,0.2,37.22286,-79.915191,registry_stand_in
1140,1136,Exelixis,0,Roanoke,VA,24014,Roanoke,51161,0,3370,206,0,3,zip,0.2,37.22286,-79.915191,registry_stand_in
1141,1137,Investigative Site,1,Roanoke,VA,24014,Roanoke,51161,0,3370,206,0,1,zip,0.2,37.22286,-79.915191,registry_stand_in
1142,1138,MorphoSys Research Site,1,Roanoke,VA,24014,Roanoke,51161,0,3370,206,0,1,zip,0.2,37.22286,-79.915191,registry_stand_in
1143,1139,Onco Hemato Asso of SW Virginia,0,Roanoke,VA,24014,Roanoke,51161,0,3370,206,0,2,zip,0.2,37.22286,-79.915191,registry_stand_in
1144,1140,Oncology and Hematology Associates of Southwest Virginia,0,Roanoke,VA,24014,Roanoke,51161,0,3370,206,0,4,zip,0.2,37.22286,-79.915191,registry_stand_in
1145,1141,Oncology and Hematology Associates of Southwest Virginia (BRCC,0,Roanoke,VA,24014,Roanoke,51161,0,3370,206,0,4,zip,0.2,37.22286,-79.915191,registry_stand_in
1146,1142,Oncology and Hematology Associates of Southwest Virginia Inc,0,Roanoke,VA,24014,Roanoke,51161,0,3370,206,0,5,zip,0.2,37.22286,-79.915191,registry_stand_in
1147,1143,"Oncology and Hematology Associates of Southwest Virginia, Inc.,-Blacksburg",0,Roanoke,VA,24014,Roanoke,51161,0,3370,206,0,1,zip,0.2,37.22286,-79.915191,registry_stand_in
1148,1144,"Oncology and Hematology Associates of Southwest Virginia, Inc., DBA Blue Ridge Cancer Care",0,Roanoke,VA,24014,Roanoke,51161,0,3370,206,0,2,zip,0.2,37.22286,-79.915191,registry_stand_in
1149,1145,"Oncology and Hematology Associates of Southwest Virginia, Inc., DBA Blue Ridge Cancer Care - US Oncology Research",0,Roanoke,VA,24014,Roanoke,51161,0,3370,206,0,1,zip,0.2,37.22286,-79.915191,registry_stand_in
1150,1146,Oncology and Hematology Associates of Southwest Virginia (Roanoke) - USOR,0,Roanoke,VA,24014,Roanoke,51161,0,3370,206,0,1,zip,0.2,37.22286,-79.915191,registry_stand_in
1151,1147,"Oncology & Hematology Assoc. SW Virginia, Inc., DBA Blue Ridge Cancer Care",0,Roanoke,VA,24014,Roanoke,51161,0,3370,206,0,2,zip,0.2,37.22286,-79.915191,registry_stand_in
1152,1148,Oncology & Hematology Associates of Southwest Virginia,0,Roanoke,VA,24014,Roanoke,51161,0,3370,206,0,1,zip,0.2,37.22286,-79.915191,registry_stand_in
1153,1149,"Oncology & Hematology Associates of Southwest Virginia, Inc.",0,Roanoke,VA,24014,Roanoke,51161,0,3370,206,0,2,zip,0.2,37.22286,-79.915191,registry_stand_in
1154,1150,"Oncology & Hematology Associates of Southwest Virginia, Inc., DBA Blue Ridge Cancer Care",0,Roanoke,VA,24014,Roanoke,51161,0,3370,206,0,13,zip,0.2,37.22286,-79.915191,registry_stand_in
1155,1151,"Oncology & Hematology Associates of Southwest Virginia, Inc., DBA Blue Ridge Cancer Care - Roanoke",0,Roanoke,VA,24014,Roanoke,51161,0,3370,206,0,1,zip,0.2,37.22286,-79.915191,registry_stand_in
1156,1152,"Oncology & Hematology Associates of Southwest Virginia, Inc._Goldschmidt",0,Roanoke,VA,24014,Roanoke,51161,0,3370,206,0,1,zip,0.2,37.22286,-79.915191,registry_stand_in
1157,1153,Research-0,0,Roanake,VA,24014,Roanoke,51161,0,3370,206,0,1,zip,0.2,37.22286,-79.915191,registry_stand_in
1158,1154,SCRI - Oncology and Hematology Associates of Southwest Virginia,0,Roanoke,VA,24014,Roanoke,51161,0,3370,206,0,1,zip,0.2,37.22286,-79.915191,registry_stand_in
1159,1155,USO - Oncology & Hematology Associates of Southwest Virginia,0,Roanoke,VA,24014,Roanoke,51161,0,3370,206,0,1,zip,0.2,37.22286,-79.915191,registry_stand_in
1160,1156,"USO Oncology Network-Oncology and Hematology Associates of Southwest Virginia, Inc.",0,Roanoke,VA,24014,Roanoke,51161,0,3370,206,0,1,zip,0.2,37.22286,-79.915191,registry_stand_in
1161,1157,Genesis Cancer Care Center,0,Zanesville,OH,43701,Muskingum,39119,0,3354,414,15,2,zip,0.2,39.963961,-81.995711,registry_stand_in
1162,1158,Genesis Health Care Center,0,Zanesville,OH,43701,Muskingum,39119,0,3354,414,15,1,zip,0.2,39.963961,-81.995711,registry_stand_in
1163,1159,Genesis Health Care System,0,Zanesville,OH,43701,Muskingum,39119,0,3354,414,15,1,zip,0.2,39.963961,-81.995711,registry_stand_in
1164,1160,"Gabrail Cancer Center, LLC",0,Dover,OH,44622,Tuscarawas,39157,0,3354,452,0,1,zip,1.0,40.551338,-81.483514,registry_stand_in
1165,1161,Cone Heath Cancer Center at Mebane,0,Mebane,NC,27302,Alamance,37001,0,3342,717,8,17,city_large_zip,0.8,36.081679,-79.276742,registry_stand_in
1166,1162,Medication Management,0,Greensboro,NC,27408,Guilford,37081,0,3342,585,17,1,zip,0.4,36.103667,-79.813712,registry_stand_in
1167,1163,"Medication Management, LLC",0,Greensboro,NC,27408,Guilford,37081,0,3342,585,17,3,zip,0.4,36.103667,-79.813712,registry_stand_in
1168,1164,Moses H Cone Memorial Hospital,0,Greensboro,NC,27401,Guilford,37081,0,3342,600,17,2,zip,0.1,36.070822,-79.767692,registry_stand_in
1169,1165,Site reference,1,Greensboro,NC,27408,Guilford,37081,0,3342,585,17,1,zip,0.4,36.103667,-79.813712,registry_stand_in
1170,1166,Unified Women's Clinical Research-Greensboro,0,Greensboro,NC,27408,Guilford,37081,0,3342,585,17,3,zip,0.4,36.103667,-79.813712,registry_stand_in
1171,1167,Wake Forest University at Elkin,0,Elkin,NC,28521,Duplin,37061,0,3183,209,1,3,zip,2.4,34.817902,-77.736618,registry_stand_in
1172,1168,Johnston Hematology and Oncology of Clayton,0,Clayton,NC,27570,Warren,37185,0,3121,336,0,1,zip,0.2,36.438631,-78.236608,registry_stand_in
1173,1169,Aclaris Investigational Site,1,New Albany,IN,47150,Floyd,18043,0,3061,450,5,2,zip,0.4,38.283804,-85.847721,registry_stand_in
1174,1170,Baptist Health Floyd Cancer Center,0,New Albany,IN,47150,Floyd,18043,0,3061,450,5,2,zip,0.4,38.283804,-85.847721,registry_stand_in
1175,1171,Cancer Care Center,0,New Albany,IN,47150,Floyd,18043,0,3061,450,5,1,zip,0.4,38.283804,-85.847721,registry_stand_in
1176,1172,DS Research,0,New Albany,IN,47150,Floyd,18043,0,3061,450,5,1,zip,0.4,38.283804,-85.847721,registry_stand_in
1177,1173,Floyd Memorial Cancer Center of Indiana,0,New Albany,IN,47150,Floyd,18043,0,3061,450,5,1,zip,0.4,38.283804,-85.847721,registry_stand_in
1178,1174,"Gastroenterology Health Partners, PLLC",0,New Albany,IN,47150,Floyd,18043,0,3061,450,5,1,zip,0.4,38.283804,-85.847721,registry_stand_in
1179,1175,926-D,0,Stuart,FL,34994,Martin,12085,0,3004,499,5,1,zip,0.1,27.199535,-80.255952,registry_stand_in
1180,1176,926d,0,Stuart,FL,34994,Martin,12085,0,3004,499,5,1,zip,0.1,27.199535,-80.255952,registry_stand_in
1181,1177,Brain Matters Research,0,Stuart,FL,34994,Martin,12085,0,3004,499,5,2,zip,0.1,27.199535,-80.255952,registry_stand_in
1182,1178,Brain Matters Research (Kane Center,0,Stuart,FL,34997,Martin,12085,0,3004,555,5,1,zip,0.5,27.050481,-80.271203,registry_stand_in
1183,1179,Clinical Trial Site,1,Stuart,FL,34994,Martin,12085,0,3004,499,5,1,zip,0.1,27.199535,-80.255952,registry_stand_in
1184,1180,Florida Cancer Specialist - East,0,Stuart,FL,34994,Martin,12085,0,3004,499,5,1,zip,0.1,27.199535,-80.255952,registry_stand_in
1185,1181,Florida Cancer Specialists,0,Stuart,FL,34994,Martin,12085,0,3004,499,5,5,zip,0.1,27.199535,-80.255952,registry_stand_in
1186,1182,Martin Health System Center,0,Stuart,FL,34994,Martin,12085,0,3004,499,5,1,zip,0.1,27.199535,-80.255952,registry_stand_in
1187,1183,Robert and Carol Weissman Cancer Center at Martin Health,0,Stuart,FL,34994,Martin,12085,0,3004,499,5,1,zip,0.1,27.199535,-80.255952,registry_stand_in
1188,1184,"SCRI - Florida Cancer Specialists - West Palm Beach,301 SE Ocean Blvd, Suite 102",0,Stuart,FL,34994,Martin,12085,0,3004,499,5,1,zip,0.1,27.199535,-80.255952,registry_stand_in
1189,1185,Stuart,1,Stuart,FL,34996,Martin,12085,0,3004,457,5,1,zip,1.3,27.188173,-80.1878,registry_stand_in
1190,1186,Treasure Coast Research,0,Stuart,FL,34996,Martin,12085,0,3004,457,5,1,zip,1.3,27.188173,-80.1878,registry_stand_in
1191,1187,Cleveland Clinic Florida,0,Port Saint Lucie,FL,34987,St. Lucie,12111,0,3004,337,10,1,zip,4.5,27.290285,-80.49712,registry_stand_in
1192,1188,Bon Secours Health Center at Harbour View,0,Suffolk,VA,23435,Suffolk,51800,0,2952,504,1,14,zip,1.0,36.848602,-76.472899,registry_stand_in
1193,1189,Suffolk Multispecialty Research LLC,0,Suffolk,VA,23435,Suffolk,51800,0,2952,504,1,1,zip,1.0,36.848602,-76.472899,registry_stand_in
1194,1190,Vista Oncology (Shelton office,0,Shelton,WA,98584,Mason,53045,0,2912,301,3,1,zip,0.6,47.239729,-123.151915,registry_stand_in
1195,1191,Austin Institute of Clinical Research - Dripping Springs,0,Dripping Springs,TX,78620,Hays,48209,0,2768,520,0,1,city_large_zip,0.3,30.195936,-98.093701,registry_stand_in
1196,1192,"West Virginia University Cancer Institute, Wheeling Hospital",0,Wheeling,WV,26003,Ohio,54069,0,2763,502,10,1,zip,1.4,40.069192,-80.650635,registry_stand_in
1197,1193,Wheeling Hospital,0,Wheeling,WV,26003,Ohio,54069,0,2763,502,10,1,zip,1.4,40.069192,-80.650635,registry_stand_in
1198,1196,LincolnHealth - Miles Campus and Hospital,0,Damariscotta,ME,04543,Lincoln,23015,0,2489,162,4,1,zip,1.4,44.022351,-69.490756,registry_stand_in
1199,1197,Wilmot Cancer Center at Batavia,0,Batavia,NY,14020,Genesee,36037,0,2481,645,0,1,zip,0.1,42.99619,-78.213412,registry_stand_in
1200,1198,"Gwinnett Clinical Research Center, Inc.",0,Snellville,GA,30078,Gwinnett,13135,0,2416,1527,10,2,zip,0.0,33.861019,-84.017993,registry_stand_in
1201,1199,Gwinnett Dermatology,0,Snellville,GA,30078,Gwinnett,13135,0,2416,1527,10,1,zip,0.0,33.861019,-84.017993,registry_stand_in
1202,1200,Journey Medical Research Institute - Snellville,0,Snellville,GA,30078,Gwinnett,13135,0,2416,1527,10,1,zip,0.0,33.861019,-84.017993,registry_stand_in
1203,1201,Suburban Hematology Oncology Associates - Snellville,0,Snellville,GA,30078,Gwinnett,13135,0,2416,1527,10,13,zip,0.0,33.861019,-84.017993,registry_stand_in
1204,1202,The Center for Cancer Care-Snellville,0,Snellville,GA,30078,Gwinnett,13135,0,2416,1527,10,1,zip,0.0,33.861019,-84.017993,registry_stand_in
1205,1203,Steward Medical Group,0,Easton,MA,02356,Bristol,25005,0,2299,1588,2,1,zip,1.7,42.060539,-71.119671,registry_stand_in
1206,1204,922-H,0,Port Charlotte,FL,33980,Charlotte,12015,0,2213,472,4,2,zip,1.5,26.978179,-82.050437,registry_stand_in
1207,1205,922H,0,Port Charlotte,FL,33980,Charlotte,12015,0,2213,472,4,1,zip,1.5,26.978179,-82.050437,registry_stand_in
1208,1206,Central Recruiting Site,1,Port Charlotte,FL,33952,Charlotte,12015,0,2213,505,4,1,zip,0.3,26.986134,-82.097042,registry_stand_in
1209,1207,Charlotte Heart Group Research Center,0,Port Charlotte,FL,33952,Charlotte,12015,0,2213,505,4,1,zip,0.3,26.986134,-82.097042,registry_stand_in
1210,1208,Clinical Trial Site,1,Port Charlotte,FL,33980,Charlotte,12015,0,2213,472,4,1,zip,1.5,26.978179,-82.050437,registry_stand_in
1211,1209,"Florida Cancer Specialists,22395 Edgewater Drive",0,Port Charlotte,FL,33980,Charlotte,12015,0,2213,472,4,2,zip,1.5,26.978179,-82.050437,registry_stand_in
1212,1210,Florida Cancer Specialists PCH,0,Port Charlotte,FL,33980,Charlotte,12015,0,2213,472,4,1,zip,1.5,26.978179,-82.050437,registry_stand_in
1213,1211,Florida Cancer Specialists - South Division,0,Port Charlotte,FL,33980,Charlotte,12015,0,2213,472,4,1,zip,1.5,26.978179,-82.050437,registry_stand_in
1214,1212,Florida Cancer Specialists South / Sarah Cannon Research Institute,0,Port Charlotte,FL,33980,Charlotte,12015,0,2213,472,4,1,zip,1.5,26.978179,-82.050437,registry_stand_in
1215,1213,Investigator- US0010110,0,Port Charlotte,FL,33952,Charlotte,12015,0,2213,505,4,2,zip,0.3,26.986134,-82.097042,registry_stand_in
1216,1214,Medsol Clinical Research Center,0,Port Charlotte,FL,33952,Charlotte,12015,0,2213,505,4,2,zip,0.3,26.986134,-82.097042,registry_stand_in
1217,1215,Medsol Clinical Research Center Inc,0,Port Charlotte,FL,33952,Charlotte,12015,0,2213,505,4,5,zip,0.3,26.986134,-82.097042,registry_stand_in
1218,1216,Momenta Investigational Site,1,Port Charlotte,FL,33952,Charlotte,12015,0,2213,505,4,1,zip,0.3,26.986134,-82.097042,registry_stand_in
1219,1217,Sarah Cannon/Florida Cancer Specialists - FCS South,0,Port Charlotte,FL,33980,Charlotte,12015,0,2213,472,4,1,zip,1.5,26.978179,-82.050437,registry_stand_in
1220,1218,"Sarah Cannon Research Institute at Florida Cancer Center, South",0,Port Charlotte,FL,33980,Charlotte,12015,0,2213,472,4,1,zip,1.5,26.978179,-82.050437,registry_stand_in
1221,1219,SCRI FCS South- Port Charlotte,0,Port Charlotte,FL,33980,Charlotte,12015,0,2213,472,4,1,zip,1.5,26.978179,-82.050437,registry_stand_in
1222,1220,SCRI Florida Cancer Specialists South,0,Port Charlotte,FL,33980,Charlotte,12015,0,2213,472,4,1,zip,1.5,26.978179,-82.050437,registry_stand_in
1223,1221,014-029,0,Goshen,IN,46526,Elkhart,18039,0,2180,331,8,1,zip,0.7,41.558788,-85.87665,registry_stand_in
1224,1222,122,0,Goshen,IN,46526,Elkhart,18039,0,2180,331,8,1,zip,0.7,41.558788,-85.87665,registry_stand_in
1225,1223,943,0,Goshen,IN,46526,Elkhart,18039,0,2180,331,8,1,zip,0.7,41.558788,-85.87665,registry_stand_in
1226,1224,Goshen Health,0,Goshen,IN,46526,Elkhart,18039,0,2180,331,8,3,zip,0.7,41.558788,-85.87665,registry_stand_in
1227,1225,Goshen Health- Goshen Hospital,0,Goshen,IN,46526,Elkhart,18039,0,2180,331,8,1,zip,0.7,41.558788,-85.87665,registry_stand_in
1228,1226,Goshen Health System,0,Goshen,IN,46526,Elkhart,18039,0,2180,331,8,2,zip,0.7,41.558788,-85.87665,registry_stand_in
1229,1227,Goshen Health Systems,0,Goshen,IN,46526,Elkhart,18039,0,2180,331,8,1,zip,0.7,41.558788,-85.87665,registry_stand_in
1230,1228,Indian Univ Health Goshen Center forCancer,0,Goshen,IN,46526,Elkhart,18039,0,2180,331,8,1,zip,0.7,41.558788,-85.87665,registry_stand_in
1231,1229,Indian Univ Health Goshen Center forCancer SC,0,Goshen,IN,46526,Elkhart,18039,0,2180,331,8,1,zip,0.7,41.558788,-85.87665,registry_stand_in
1232,1230,Indiana University Health Goshen Center for Cancer Care,0,Goshen,IN,46526,Elkhart,18039,0,2180,331,8,1,zip,0.7,41.558788,-85.87665,registry_stand_in
1233,1231,"The South Bend Clinic,LLC",0,South Bend,IN,46617,St. Joseph,18141,0,2180,378,3,1,zip,0.1,41.684553,-86.234758,registry_stand_in
1234,1232,Houston Medical Imaging,0,Pearland,TX,77581,Brazoria,48039,0,2044,1536,8,1,zip,0.4,29.561597,-95.279759,registry_stand_in
1235,1233,Pearland,1,Pearland,TX,77584,Brazoria,48039,0,2044,1530,8,2,zip,2.2,29.545041,-95.350692,registry_stand_in
1236,1234,"Advances in Health, Inc.",0,Pearland,TX,77854,Brazos,48041,0,2044,1526,1,1,city,2.3,29.555732,-95.323012,registry_stand_in
1237,1235,Jewish Hospital Medical Center South,0,Shepherdsville,KY,40165,Bullitt,21029,0,1938,449,0,78,zip,0.4,37.992776,-85.695936,registry_stand_in
1238,1236,Dayton Physicians LLC-Wilson,0,Sidney,OH,45365,Shelby,39149,0,1881,443,0,12,zip,0.1,40.28258,-84.155811,registry_stand_in
1239,1237,Essentia Health - Ely Clinic,0,Ely,MN,55731,Lake,27075,0,1804,19,0,24,city_large_zip,0.2,47.905603,-91.850729,registry_stand_in
1240,1238,Fairview Northland Medical Center,0,Princeton,MN,55731,Lake,27075,0,1804,13,0,1,zip,4.8,47.996882,-91.753982,registry_stand_in
1241,1239,Texas Oncology - Carrollton,0,Carrollton,TX,75010,Denton,48121,0,1713,1656,16,3,zip,2.1,33.039081,-96.872596,registry_stand_in
1242,1240,GenesisCare USA - Lakewood Ranch,0,Lakewood Rch,FL,34202,Manatee,12081,0,1656,734,8,8,zip,2.0,27.402531,-82.394394,registry_stand_in
1243,1241,"Baylor, Scott, & White Medical Center",0,Round Rock,TX,78665,Williamson,48491,0,1621,591,9,1,zip,1.6,30.548874,-97.636201,registry_stand_in
1244,1242,Baylor Scott & White Medical Center - Round Rock,0,Round Rock,TX,78665,Williamson,48491,0,1621,591,9,2,zip,1.6,30.548874,-97.636201,registry_stand_in
1245,1243,Scott and White Healthcare Round Rock,0,Round Rock,TX,78665,Williamson,48491,0,1621,591,9,4,zip,1.6,30.548874,-97.636201,registry_stand_in
1246,1244,Scott & White Hospital - Round Rock,0,Round Rock,TX,78665,Williamson,48491,0,1621,591,9,1,zip,1.6,30.548874,-97.636201,registry_stand_in
1247,1245,Dartmouth Cancer Center - Nashua,0,Nashua,NH,03063,Hillsborough,33011,0,1616,1343,13,15,zip,0.4,42.7821,-71.518366,registry_stand_in
1248,1246,Elliot Hospital,0,Manchester,NH,03103,Hillsborough,33011,0,1616,1193,13,11,zip,0.1,42.956116,-71.442385,registry_stand_in
1249,1247,Norris Cotton Cancer Center-Nashua,0,Nashua,NH,03063,Hillsborough,33011,0,1616,1343,13,4,zip,0.4,42.7821,-71.518366,registry_stand_in
1250,1248,Saint Joseph Hospital,0,Nashua,NH,03060,Hillsborough,33011,0,1616,1400,13,2,zip,0.4,42.741087,-71.458266,registry_stand_in
1251,1249,St. Joseph Hospital,0,Nashua,NH,03060,Hillsborough,33011,0,1616,1400,13,1,zip,0.4,42.741087,-71.458266,registry_stand_in
1252,1250,New Hampshire Oncology & Hematology,0,Concord,NH,03301,Merrimack,33013,0,1616,530,11,1,zip,0.4,43.238596,-71.556261,registry_stand_in
1253,1251,NH Oncology (Concord,0,Concord,NH,03301,Merrimack,33013,0,1616,530,11,1,zip,0.4,43.238596,-71.556261,registry_stand_in
1254,1252,Penobscot Bay Medical Center - Rockport,0,Rockport,ME,04856,Knox,23013,0,1516,104,6,1,zip,0.2,44.180604,-69.122109,registry_stand_in
1255,1253,Coastal Cancer Treatment Center - Bath,0,Bath,ME,04530,Sagadahoc,23023,0,1516,209,11,1,zip,0.3,43.887982,-69.826723,registry_stand_in
1256,1254,GSK Investigational Site,1,Port Saint Lucie,FL,34952,St. Lucie,12111,0,1515,455,10,1,zip,0.3,27.297204,-80.29801,registry_stand_in
1257,1255,Hem-Onc Associates of the Treasure Coast,0,Port Saint Lucie,FL,34952,St. Lucie,12111,0,1515,455,10,2,zip,0.3,27.297204,-80.29801,registry_stand_in
1258,1256,Hematology Oncology,0,Stuart,FL,34952,St. Lucie,12111,0,1515,455,10,1,zip,0.3,27.297204,-80.29801,registry_stand_in
1259,1257,Hematology Oncology Assoc of the Treasure Coast,0,Port Saint Lucie,FL,34952,St. Lucie,12111,0,1515,455,10,1,zip,0.3,27.297204,-80.29801,registry_stand_in
1260,1258,Hematology - Oncology Associates of the Treasure Coast - Hematology-Oncology Associates of Treasure Coast,0,Port Saint Lucie,FL,34952,St. Lucie,12111,0,1515,455,10,1,zip,0.3,27.297204,-80.29801,registry_stand_in
1261,1259,Hematology Oncology Associates of the Treasure Coast - Port St. Lucie,0,Port Saint Lucie,FL,34952,St. Lucie,12111,0,1515,455,10,1,zip,0.3,27.297204,-80.29801,registry_stand_in
1262,1260,Hematology Oncology Associates of the Treasure Cost,0,Port Saint Lucie,FL,34952,St. Lucie,12111,0,1515,455,10,1,zip,0.3,27.297204,-80.29801,registry_stand_in
1263,1261,Hematology Oncology Associates of Treasure Coast,0,Port Saint Lucie,FL,34952,St. Lucie,12111,0,1515,455,10,1,zip,0.3,27.297204,-80.29801,registry_stand_in
1264,1262,Hematology - Oncology Associates of Treasure Coast - Hematology-Oncology Associates of Treasure Coast,0,Port Saint Lucie,FL,34952,St. Lucie,12111,0,1515,455,10,1,zip,0.3,27.297204,-80.29801,registry_stand_in
1265,1263,Mural Oncology Investigational Site,1,Port Saint Lucie,FL,34952,St. Lucie,12111,0,1515,455,10,1,zip,0.3,27.297204,-80.29801,registry_stand_in
1266,1264,Port St. Lucie,0,Port Saint Lucie,FL,34952,St. Lucie,12111,0,1515,455,10,1,zip,0.3,27.297204,-80.29801,registry_stand_in
1267,1266,"Klein and Associates, M.D., P.A.",0,Hagerstown,MD,21740,Washington,24043,0,1458,571,0,3,zip,0.3,39.631905,-77.743908,registry_stand_in
1268,1267,Meritus Center for Clinical Research,0,Hagerstown,MD,21742,Washington,24043,0,1458,463,0,1,zip,0.6,39.678219,-77.65272,registry_stand_in
1269,1268,Meritus John Marsh Cancer Center,0,Hagerstown,MD,21742,Washington,24043,0,1458,463,0,1,zip,0.6,39.678219,-77.65272,registry_stand_in
1270,1269,Unified Women's Clinical Research - Hagerstown,0,Hagerstown,MD,21740,Washington,24043,0,1458,571,0,1,zip,0.3,39.631905,-77.743908,registry_stand_in
1271,1270,WVUH-East City Hospital,0,Martinsburg,WV,25401,Berkeley,54003,0,1458,470,8,1,zip,0.1,39.457168,-77.972428,registry_stand_in
1272,1271,Crossroads Clinical Research Inc,0,Mooresville,NC,28117,Iredell,37097,0,1432,855,12,1,zip,1.7,35.574965,-80.894155,registry_stand_in
1273,1272,Lake Norman Hematology Oncology Specialists-Mooresville,0,Mooresville,NC,28117,Iredell,37097,0,1432,855,12,2,zip,1.7,35.574965,-80.894155,registry_stand_in
1274,1273,Wake Forest University School of Medicine,0,Winston-Salem,NC,27013,Rowan,37159,0,1432,745,11,1,zip,1.1,35.750492,-80.700075,registry_stand_in
1275,1274,AC Clinical Research,0,Tiffin,OH,44883,Seneca,39147,0,1389,414,1,1,zip,0.2,41.124173,-83.173639,registry_stand_in
1276,1276,Site US10047,1,Gastonia,NC,28053,Gaston,37071,0,1265,851,17,1,city,0.2,35.248796,-81.186436,registry_stand_in
1277,1277,Virginia Cancer Institute,0,Petersburg,VA,23805,Prince George,51149,0,1236,388,0,1,zip,2.0,37.132177,-77.39424,registry_stand_in
1278,1278,"Virginia Cancer Institute,210 Medical Park Boulevard",0,Petersburg,VA,23805,Prince George,51149,0,1236,388,0,1,zip,2.0,37.132177,-77.39424,registry_stand_in
1279,1279,Frontier Clinical Research-Smithfield,0,Smithfield,PA,15478,Fayette,42051,0,1231,552,13,1,zip,0.9,39.787462,-79.804657,registry_stand_in
1280,1280,Site reference,1,Smithfield,PA,15478,Fayette,42051,0,1231,552,13,1,zip,0.9,39.787462,-79.804657,registry_stand_in
1281,1281,Genesis Cancer Center - Silvis,0,Silvis,IL,61282,Rock Island,17161,0,1206,189,9,10,zip,0.3,41.496716,-90.411691,registry_stand_in
1282,1282,MercyOne Genesis Silvis Cancer Center,0,Silvis,IL,61282,Rock Island,17161,0,1206,189,9,10,zip,0.3,41.496716,-90.411691,registry_stand_in
1283,1283,"Constantinou, Costas L MD (UIA Investigator",0,Bettendorf,IA,52722,Scott,19163,0,1206,178,16,1,zip,1.8,41.570155,-90.470122,registry_stand_in
1284,1284,597,0,Fredericksburg,VA,24408,Augusta,51015,0,1202,1221,5,2,city,0.2,38.299272,-77.486658,registry_stand_in
1285,1285,Hematology Oncology Associates of Fredericksburg,0,Fredericksburg,VA,24408,Augusta,51015,0,1202,1221,5,1,city,0.2,38.299272,-77.486658,registry_stand_in
1286,1286,Mary Washington Healthcare,0,Fredericksburg,VA,22405,Stafford,51179,0,1202,1043,1,1,zip,0.1,38.313604,-77.403928,registry_stand_in
1287,1287,Mary Washington Hospital,0,Fredericksburg,VA,22401,Fredericksburg,51630,0,1202,1221,0,1,zip,0.2,38.299272,-77.486658,registry_stand_in
1288,1288,"Community Health Network, Inc.",0,Indianapolis,IN,46184,Johnson,18081,0,1173,559,6,1,zip,1.0,39.558123,-86.066946,registry_stand_in
1289,1289,Urology Indiana LLC,0,Greenwood,IN,46143,Johnson,18081,0,1173,566,6,1,zip,0.5,39.595658,-86.113954,registry_stand_in
1290,1290,"HCA Research Institute, LLC",0,Brentwood,TN,37027,Williamson,47187,0,1171,472,10,1,zip,0.5,35.999288,-86.785062,registry_stand_in
1291,1291,"MaxWell Clinic, PLC",0,Brentwood,TN,37027,Williamson,47187,0,1171,472,10,1,zip,0.5,35.999288,-86.785062,registry_stand_in
1292,1292,Carolina Urologic Research Center,0,Myrtle Beach,SC,29272,Richland,45079,0,1161,150,3,1,city,0.5,33.71039,-78.886024,registry_stand_in
1293,1293,562-B,0,Fleming Island,FL,32003,Clay,12019,0,1157,397,3,2,zip,0.3,30.095584,-81.710162,registry_stand_in
1294,1294,Cancer Specialist of North Florida,0,Fleming Island,FL,32003,Clay,12019,0,1157,397,3,1,zip,0.3,30.095584,-81.710162,registry_stand_in
1295,1295,Clinical Trial Site,1,Fleming Island,FL,32003,Clay,12019,0,1157,397,3,1,zip,0.3,30.095584,-81.710162,registry_stand_in
1296,1296,Florida Cancer Specialists & Research Institute,0,Fleming Island,FL,32003,Clay,12019,0,1157,397,3,3,zip,0.3,30.095584,-81.710162,registry_stand_in
1297,1297,George E Platt MD,0,Green Cove Springs,FL,32043,Clay,12019,0,1157,423,3,1,city_large_zip,0.2,29.985312,-81.680979,registry_stand_in
1298,1298,GSK Investigational Site,1,Tallahassee,FL,32003,Clay,12019,0,1157,397,3,1,zip,0.3,30.095584,-81.710162,registry_stand_in
1299,1299,929k,0,Tavares,FL,32778,Lake,12069,0,1157,765,17,1,zip,1.1,28.773431,-81.73023,registry_stand_in
1300,1300,Clinical Trial Site,1,Tavares,FL,32778,Lake,12069,0,1157,765,17,1,zip,1.1,28.773431,-81.73023,registry_stand_in
1301,1301,Florida Cancer Specialists - North Division,0,Tavares,FL,32778,Lake,12069,0,1157,765,17,1,zip,1.1,28.773431,-81.73023,registry_stand_in
1302,1302,"Florida Cancer Specialists - North Region Research Office,4100 Waterman Way",0,Tavares,FL,32778,Lake,12069,0,1157,765,17,1,zip,1.1,28.773431,-81.73023,registry_stand_in
1303,1303,Florida Cancer Specialists North / Sarah Cannon Research Institute,0,Tavares,FL,32778,Lake,12069,0,1157,765,17,1,zip,1.1,28.773431,-81.73023,registry_stand_in
1304,1304,Florida Cancer Specialists - NORTH - SCRI - PPDS,0,Tavares,FL,32778,Lake,12069,0,1157,765,17,1,zip,1.1,28.773431,-81.73023,registry_stand_in
1305,1305,"Florida Cancer Specialists & Research Institute, 4100 Waterman Way",0,Tavares,FL,32778,Lake,12069,0,1157,765,17,1,zip,1.1,28.773431,-81.73023,registry_stand_in
1306,1306,SCRI FCS North- Tavares,0,Tavares,FL,32778,Lake,12069,0,1157,765,17,1,zip,1.1,28.773431,-81.73023,registry_stand_in
1307,1307,"SCRI - Florida Cancer Specialists - North Region R,4100 Waterman Way",0,Tavares,FL,32778,Lake,12069,0,1157,765,17,1,zip,1.1,28.773431,-81.73023,registry_stand_in
1308,1308,Aclaris Investigational Site,1,Ocala,FL,34470,Marion,12083,0,1157,323,19,2,zip,0.0,29.201008,-82.082072,registry_stand_in
1309,1309,Renstar Medical Research,0,Ocala,FL,34470,Marion,12083,0,1157,323,19,1,zip,0.0,29.201008,-82.082072,registry_stand_in
1310,1310,562-A,0,Saint Augustine,FL,32086,St. Johns,12109,0,1157,444,4,1,zip,0.5,29.740948,-81.30016,registry_stand_in
1311,1311,Florida Center for Dermatology,0,Saint Augustine,FL,32080,St. Johns,12109,0,1157,427,4,1,zip,0.2,29.816985,-81.265123,registry_stand_in
1312,1312,"Florida Center for Dermatology, P.A.",0,Saint Augustine,FL,32080,St. Johns,12109,0,1157,427,4,2,zip,0.2,29.816985,-81.265123,registry_stand_in
1313,1313,Memorial Regional Cancer Center Day Road,0,Mishawaka,IN,46545,St. Joseph,18141,0,1138,347,3,13,zip,2.0,41.693491,-86.146569,registry_stand_in
1314,1314,"Michiana Hematology Oncology, PC",0,Mishawaka,IN,46545,St. Joseph,18141,0,1138,347,3,1,zip,2.0,41.693491,-86.146569,registry_stand_in
1315,1315,Mishawaka,1,Mishawaka,IN,46545,St. Joseph,18141,0,1138,347,3,1,zip,2.0,41.693491,-86.146569,registry_stand_in
1316,1316,Community Health Center,0,Coldwater,MI,49036,Branch,26023,0,1138,277,0,1,city_large_zip,0.4,41.94601,-84.999302,registry_stand_in
1317,1317,"#1027, University of Virginia",0,Charlottesville,VA,22903,Albemarle,51003,0,1092,171,5,1,zip,0.8,38.006972,-78.59506,registry_stand_in
1318,1318,144,0,Charlottesville,VA,22903,Albemarle,51003,0,1092,171,5,1,zip,0.8,38.006972,-78.59506,registry_stand_in
1319,1319,Cancer Center IDS Pharmacy,0,Charlottesville,VA,22903,Albemarle,51003,0,1092,171,5,2,zip,0.8,38.006972,-78.59506,registry_stand_in
1320,1320,Clinical Trial Site,1,Charlottesville,VA,22903,Albemarle,51003,0,1092,171,5,2,zip,0.8,38.006972,-78.59506,registry_stand_in
1321,1321,Dren Investigational Site,1,Charlottesville,VA,22903,Albemarle,51003,0,1092,171,5,1,zip,0.8,38.006972,-78.59506,registry_stand_in
1322,1322,Emily Couric Clinical Cancer Center,0,Charlottesville,VA,22903,Albemarle,51003,0,1092,171,5,8,zip,0.8,38.006972,-78.59506,registry_stand_in
1323,1323,Exelixis,0,Charlottesville,VA,22903,Albemarle,51003,0,1092,171,5,3,zip,0.8,38.006972,-78.59506,registry_stand_in
1324,1324,GSK Investigational Site,1,Charlottesville,VA,22903,Albemarle,51003,0,1092,171,5,4,zip,0.8,38.006972,-78.59506,registry_stand_in
1325,1325,Investigative Site US076,1,Charlottesville,VA,22903,Albemarle,51003,0,1092,171,5,1,zip,0.8,38.006972,-78.59506,registry_stand_in
1326,1326,Mg0011 164,0,Charlottesville,VA,22903,Albemarle,51003,0,1092,171,5,1,zip,0.8,38.006972,-78.59506,registry_stand_in
1327,1327,Research Facility,0,Charlottesville,VA,22903,Albemarle,51003,0,1092,171,5,1,zip,0.8,38.006972,-78.59506,registry_stand_in
1328,1328,University of Virginia Cancer Center,0,Charlottesville,VA,22903,Albemarle,51003,0,1092,171,5,24,zip,0.8,38.006972,-78.59506,registry_stand_in
1329,1329,University of Virginia Cancer Center - Emily Couric Clinical Cancer Center,0,Charlottesville,VA,22903,Albemarle,51003,0,1092,171,5,1,zip,0.8,38.006972,-78.59506,registry_stand_in
1330,1330,University of Virginia Cancer Center - Emily Couric Clinical Cancer Center - Women's Oncology Clinic,0,Charlottesville,VA,22903,Albemarle,51003,0,1092,171,5,2,zip,0.8,38.006972,-78.59506,registry_stand_in
1331,1331,University of Virginia Cancer Center - West Complex,0,Charlottesville,VA,22903,Albemarle,51003,0,1092,171,5,1,zip,0.8,38.006972,-78.59506,registry_stand_in
1332,1332,"University of Virginia, Charlottesville",0,Charlottesville,VA,22903,Albemarle,51003,0,1092,171,5,1,zip,0.8,38.006972,-78.59506,registry_stand_in
1333,1333,University of Virginia Comprehensive Cancer Center,0,Charlottesville,VA,22903,Albemarle,51003,0,1092,171,5,15,zip,0.8,38.006972,-78.59506,registry_stand_in
1334,1334,University of Virginia - Emily Couric Cancer Center,0,Charlottesville,VA,22903,Albemarle,51003,0,1092,171,5,4,zip,0.8,38.006972,-78.59506,registry_stand_in
1335,1335,University of Virginia - Emily Couric Clinical Cancer Center,0,Charlottesville,VA,22903,Albemarle,51003,0,1092,171,5,1,zip,0.8,38.006972,-78.59506,registry_stand_in
1336,1336,University of Virginia Health System,0,Charlottesville,VA,22903,Albemarle,51003,0,1092,171,5,13,zip,0.8,38.006972,-78.59506,registry_stand_in
1337,1337,University of Virginia Health System Cancer Center,0,Charlottesville,VA,22903,Albemarle,51003,0,1092,171,5,1,zip,0.8,38.006972,-78.59506,registry_stand_in
1338,1338,University of Virginia Health Systems,0,Charlottesville,VA,22903,Albemarle,51003,0,1092,171,5,1,zip,0.8,38.006972,-78.59506,registry_stand_in
1339,1339,University of Virginia Hematology and Oncology,0,Charlottesville,VA,22903,Albemarle,51003,0,1092,171,5,1,zip,0.8,38.006972,-78.59506,registry_stand_in
1340,1340,University of Virginia Medical Center,0,Charlottesville,VA,22903,Albemarle,51003,0,1092,171,5,1,zip,0.8,38.006972,-78.59506,registry_stand_in
1341,1341,University of Virginia School of Medicine,0,Charlottesville,VA,22903,Albemarle,51003,0,1092,171,5,2,zip,0.8,38.006972,-78.59506,registry_stand_in
1342,1342,University of Virginia (UVA,0,Charlottesville,VA,22903,Albemarle,51003,0,1092,171,5,1,zip,0.8,38.006972,-78.59506,registry_stand_in
1343,1343,University of Virginia (UVA) Health - Developmental Pediatrics Clinic,0,Charlottesville,VA,22903,Albemarle,51003,0,1092,171,5,2,zip,0.8,38.006972,-78.59506,registry_stand_in
1344,1344,"University of Virginia UVA Health, University Hospital",0,Charlottesville,VA,22903,Albemarle,51003,0,1092,171,5,1,zip,0.8,38.006972,-78.59506,registry_stand_in
1345,1345,UVA Cancer Center,0,Charlottesville,VA,22903,Albemarle,51003,0,1092,171,5,1,zip,0.8,38.006972,-78.59506,registry_stand_in
1346,1346,UVA Center for Psychiatric Clinical Research,0,Charlottesville,VA,22903,Albemarle,51003,0,1092,171,5,1,zip,0.8,38.006972,-78.59506,registry_stand_in
1347,1347,UVA Comprehensive Cancer Center,0,Charlottesville,VA,22903,Albemarle,51003,0,1092,171,5,2,zip,0.8,38.006972,-78.59506,registry_stand_in
1348,1348,UVA Emily Couric Cancer Center,0,Charlottesville,VA,22903,Albemarle,51003,0,1092,171,5,1,zip,0.8,38.006972,-78.59506,registry_stand_in
1349,1349,UVA Health,0,Charlottesville,VA,22903,Albemarle,51003,0,1092,171,5,1,zip,0.8,38.006972,-78.59506,registry_stand_in
1350,1350,"UVA Health, Emily Couric Clinical Cancer Cente",0,Charlottesville,VA,22903,Albemarle,51003,0,1092,171,5,1,zip,0.8,38.006972,-78.59506,registry_stand_in
1351,1351,UVA Health Fontaine Research Park,0,Charlottesville,VA,22903,Albemarle,51003,0,1092,171,5,1,zip,0.8,38.006972,-78.59506,registry_stand_in
1352,1352,UVA Health System; Attention: GI Team,0,Charlottesville,VA,22903,Albemarle,51003,0,1092,171,5,1,zip,0.8,38.006972,-78.59506,registry_stand_in
1353,1353,UVA Health University Hospital,0,Charlottesville,VA,22903,Albemarle,51003,0,1092,171,5,1,zip,0.8,38.006972,-78.59506,registry_stand_in
1354,1354,UVA Health-UVA Emily Couric Clinical Cancer Center,0,Charlottesville,VA,22903,Albemarle,51003,0,1092,171,5,1,zip,0.8,38.006972,-78.59506,registry_stand_in
1355,1355,Presence Saint Mary's Hospital,0,Kankakee,IL,60901,Kankakee,17091,0,1086,1184,0,8,zip,0.3,41.109438,-87.902817,registry_stand_in
1356,1356,Regional Medical Oncology Center,0,Wilson,NC,27895,Northampton,37131,0,1057,503,0,1,city,0.2,35.731488,-77.93075,registry_stand_in
1357,1357,Exelixis,0,Wilson,NC,27893,Wilson,37195,0,1057,469,15,1,zip,1.0,35.693766,-77.904137,registry_stand_in
1358,1358,Regional Oncology Center,0,Wilson,NC,27893,Wilson,37195,0,1057,469,15,1,zip,1.0,35.693766,-77.904137,registry_stand_in
1359,1359,Southeastern Medical Oncology Center-Wilson,0,Wilson,NC,27893,Wilson,37195,0,1057,469,15,2,zip,1.0,35.693766,-77.904137,registry_stand_in
1360,1360,"Garneau, Stewart C MD (UIA Investigator",0,Moline,IL,61265,Rock Island,17161,0,1053,186,9,1,zip,0.4,41.480697,-90.487167,registry_stand_in
1361,1361,"Spector, David MD (UIA Investigator",0,Moline,IL,61265,Rock Island,17161,0,1053,186,9,1,zip,0.4,41.480697,-90.487167,registry_stand_in
1362,1362,Genesis Cancer Care Institute,0,Davenport,IA,52804,Scott,19163,0,1053,200,16,10,zip,0.3,41.532477,-90.681245,registry_stand_in
1363,1363,MercyOne Genesis Davenport Cancer Center,0,Davenport,IA,52804,Scott,19163,0,1053,200,16,10,zip,0.3,41.532477,-90.681245,registry_stand_in
1364,1364,IU Health Ball Memorial Cancer Center,0,Muncie,IN,47303,Delaware,18035,0,1051,343,1,1,zip,0.4,40.271643,-85.377772,registry_stand_in
1365,1365,IU Health Ball Memorial Hospital,0,Muncie,IN,47303,Delaware,18035,0,1051,343,1,5,zip,0.4,40.271643,-85.377772,registry_stand_in
1366,1366,"IU Health Ball Memorial Hospital, Inc.",0,Muncie,IN,47303,Delaware,18035,0,1051,343,1,1,zip,0.4,40.271643,-85.377772,registry_stand_in
1367,1367,"IU Health Ball Memorial Hospital, Inc.-IU Health Ball Memorial Cancer Center",0,Muncie,IN,47303,Delaware,18035,0,1051,343,1,1,zip,0.4,40.271643,-85.377772,registry_stand_in
1368,1368,IU Health Ball Memorial Hospital Satellite,0,Muncie,IN,47303,Delaware,18035,0,1051,343,1,1,zip,0.4,40.271643,-85.377772,registry_stand_in
1369,1369,Community Clinical Research Center,0,Anderson,IN,46013,Madison,18095,0,1051,598,0,1,zip,0.2,40.051228,-85.685737,registry_stand_in
1370,1370,Saint Vincent Anderson Regional Hospital/Cancer Center,0,Anderson,IN,46016,Madison,18095,0,1051,589,0,1,zip,0.3,40.097821,-85.681485,registry_stand_in
1371,1371,781,0,South Bend,IN,46601,St. Joseph,18141,0,1042,381,3,1,zip,0.1,41.670274,-86.252661,registry_stand_in
1372,1372,Arrivent Investigative Site,1,South Bend,IN,46601,St. Joseph,18141,0,1042,381,3,1,zip,0.1,41.670274,-86.252661,registry_stand_in
1373,1373,Beacon Health,0,South Bend,IN,46601,St. Joseph,18141,0,1042,381,3,1,zip,0.1,41.670274,-86.252661,registry_stand_in
1374,1374,Beacon Health (JIT,0,South Bend,IN,46601,St. Joseph,18141,0,1042,381,3,1,zip,0.1,41.670274,-86.252661,registry_stand_in
1375,1375,Beacon Health System Memorial Regional Cancer Center,0,South Bend,IN,46601,St. Joseph,18141,0,1042,381,3,1,zip,0.1,41.670274,-86.252661,registry_stand_in
1376,1376,Memorial Hospital at South Bend,0,South Bend,IN,46601,St. Joseph,18141,0,1042,381,3,1,zip,0.1,41.670274,-86.252661,registry_stand_in
1377,1377,Atlanta Gynecology Research Institute,0,Suwanee,GA,30024,Gwinnett,13135,0,1026,1510,10,2,zip,0.7,34.063485,-84.0911,registry_stand_in
1378,1378,Clinical Research Consultants of Atlanta,0,Suwanee,GA,30024,Gwinnett,13135,0,1026,1510,10,1,zip,0.7,34.063485,-84.0911,registry_stand_in
1379,1379,Duplicate_Atlanta Gynecology Research Institute,0,Suwanee,GA,30024,Gwinnett,13135,0,1026,1510,10,1,zip,0.7,34.063485,-84.0911,registry_stand_in
1380,1380,Endo,0,Lawrenceville,GA,30043,Gwinnett,13135,0,1026,1484,10,1,zip,0.9,34.010038,-84.005043,registry_stand_in
1381,1381,Endo Clinical Trial,0,Lawrenceville,GA,30043,Gwinnett,13135,0,1026,1484,10,2,zip,0.9,34.010038,-84.005043,registry_stand_in
1382,1382,Gwinnett Medical Center,0,Lawrenceville,GA,30046,Gwinnett,13135,0,1026,1520,10,3,zip,0.3,33.949702,-83.993451,registry_stand_in
1383,1383,NHCI Suburban Hematology-oncology Associates - lawrenceville,0,Lawrenceville,GA,30046,Gwinnett,13135,0,1026,1520,10,1,zip,0.3,33.949702,-83.993451,registry_stand_in
1384,1384,NSC Research,0,Johns Creek,GA,30024,Gwinnett,13135,0,1026,1510,10,1,zip,0.7,34.063485,-84.0911,registry_stand_in
1385,1385,Suburban Hematology-Oncology Associates,0,Lawrenceville,GA,30046,Gwinnett,13135,0,1026,1520,10,1,zip,0.3,33.949702,-83.993451,registry_stand_in
1386,1386,Suburban Hematology-Oncology Associates- Lawrenceville,0,Lawrenceville,GA,30046,Gwinnett,13135,0,1026,1520,10,1,zip,0.3,33.949702,-83.993451,registry_stand_in
1387,1387,"Suburban Hematology-Oncology Associates, PC - Lawrenceville",0,Lawrenceville,GA,30046,Gwinnett,13135,0,1026,1520,10,1,zip,0.3,33.949702,-83.993451,registry_stand_in
1388,1388,Bluffton,1,Bluffton,SC,29910,Beaufort,45013,0,1026,180,14,4,zip,1.2,32.217824,-80.894994,registry_stand_in
1389,1389,Essentia Health - Saint Joseph's Pequot Lakes Clinic,0,Pequot Lakes,MN,56472,Cass,27021,0,1012,45,10,10,zip,1.5,46.582338,-94.340826,registry_stand_in
1390,1390,976-C,0,Bountiful,UT,84010,Davis,49011,0,946,538,11,1,zip,2.7,40.873122,-111.835036,registry_stand_in
1391,1391,Endo,0,Bountiful,UT,84010,Davis,49011,0,946,538,11,1,zip,2.7,40.873122,-111.835036,registry_stand_in
1392,1392,Utah Cancer Specialists,0,Bountiful,UT,84010,Davis,49011,0,946,538,11,1,zip,2.7,40.873122,-111.835036,registry_stand_in
1393,1393,967,0,Salem,OR,97301,Marion,41047,0,914,614,12,1,zip,0.8,44.951839,-123.006246,registry_stand_in
1394,1394,Arrivent Investigative Site,1,Salem,OR,97301,Marion,41047,0,914,614,12,1,zip,0.8,44.951839,-123.006246,registry_stand_in
1395,1395,Oregon Oncology Specialists in Salem,0,Salem,OR,97301,Marion,41047,0,914,614,12,1,zip,0.8,44.951839,-123.006246,registry_stand_in
1396,1396,Levine Cancer Institute-Albermarle,0,Albemarle,NC,28001,Stanly,37167,0,796,723,2,1,zip,0.0,35.338552,-80.208179,registry_stand_in
1397,1397,120E,0,Naples,FL,34102,Collier,12021,0,764,333,3,1,zip,0.4,26.137498,-81.799105,registry_stand_in
1398,1398,922-F,0,Naples,FL,34102,Collier,12021,0,764,333,3,2,zip,0.4,26.137498,-81.799105,registry_stand_in
1399,1399,922-G,0,Naples,FL,34102,Collier,12021,0,764,333,3,2,zip,0.4,26.137498,-81.799105,registry_stand_in
1400,1400,922F,0,Naples,FL,34102,Collier,12021,0,764,333,3,1,zip,0.4,26.137498,-81.799105,registry_stand_in
1401,1401,922G,0,Naples,FL,34102,Collier,12021,0,764,333,3,1,zip,0.4,26.137498,-81.799105,registry_stand_in
1402,1402,"Advanced Research for Health Improvement, LLC (ARHI",0,Naples,FL,34102,Collier,12021,0,764,333,3,1,zip,0.4,26.137498,-81.799105,registry_stand_in
1403,1403,Aqualane Clinical Research,0,Naples,FL,34105,Collier,12021,0,764,338,3,3,zip,1.8,26.190046,-81.764777,registry_stand_in
1404,1404,Clinical Trial Site,1,Naples,FL,34102,Collier,12021,0,764,333,3,1,zip,0.4,26.137498,-81.799105,registry_stand_in
1405,1405,"Florida Cancer Specialists,1100 Goodlette Road",0,Naples,FL,34102,Collier,12021,0,764,333,3,2,zip,0.4,26.137498,-81.799105,registry_stand_in
1406,1406,"Florida Cancer Specialists,681 4th Avenue North",0,Naples,FL,34102,Collier,12021,0,764,333,3,1,zip,0.4,26.137498,-81.799105,registry_stand_in
1407,1407,Florida Cancer Specialists NGD,0,Naples,FL,34102,Collier,12021,0,764,333,3,1,zip,0.4,26.137498,-81.799105,registry_stand_in
1408,1408,Florida Cancer Specialists - South Division,0,Naples,FL,34102,Collier,12021,0,764,333,3,1,zip,0.4,26.137498,-81.799105,registry_stand_in
1409,1409,Florida Cancer Specialists South / Sarah Cannon Research Institute,0,Naples,FL,34102,Collier,12021,0,764,333,3,1,zip,0.4,26.137498,-81.799105,registry_stand_in
1410,1410,GI Pros,0,Naples,FL,34102,Collier,12021,0,764,333,3,1,zip,0.4,26.137498,-81.799105,registry_stand_in
1411,1411,SCRI FCS South- Naples/Goodlette,0,Naples,FL,34119,Collier,12021,0,764,349,3,1,zip,1.5,26.263933,-81.717462,registry_stand_in
1412,1412,SCRI FCS South- Naples West,0,Naples,FL,34102,Collier,12021,0,764,333,3,1,zip,0.4,26.137498,-81.799105,registry_stand_in
1413,1413,SCRI Florida Cancer Specialists South,0,Naples,FL,34102,Collier,12021,0,764,333,3,1,zip,0.4,26.137498,-81.799105,registry_stand_in
1414,1414,"White River Junction VA Medical Center, White River Junction, VT",0,White River Junction,VT,05001,Windsor,50027,0,727,126,3,1,zip,0.7,43.683726,-72.376002,registry_stand_in
1415,1415,"Blue Ridge Cancer Care (Oncology & Hematology Assoc of SW Virginia, Inc",0,Salem,VA,24153,Roanoke,51161,0,708,203,0,1,city_large_zip,0.1,37.285333,-80.055241,registry_stand_in
1416,1416,Blue Ridge Cancer Care (Oncology & Hematology Associates of Southwest VA,0,Salem,VA,24153,Roanoke,51161,0,708,203,0,1,city_large_zip,0.1,37.285333,-80.055241,registry_stand_in
1417,1417,Blue Ridge Cancer Center (Oncology & Hematology Associates of Southwest VA,0,Salem,VA,24153,Roanoke,51161,0,708,203,0,1,city_large_zip,0.1,37.285333,-80.055241,registry_stand_in
1418,1418,Investigative Site US064,1,Salem,VA,24153,Roanoke,51161,0,708,203,0,1,city_large_zip,0.1,37.285333,-80.055241,registry_stand_in
1419,1419,Onc & Hem Assoc SW Virginia,0,Salem,VA,24153,Roanoke,51161,0,708,203,0,1,city_large_zip,0.1,37.285333,-80.055241,registry_stand_in
1420,1420,"Oncology and Hematology Associates of Southwest Virginia, Inc. - Salem",0,Salem,VA,24153,Roanoke,51161,0,708,203,0,1,city_large_zip,0.1,37.285333,-80.055241,registry_stand_in
1421,1421,"Oncology & Hematology Associates of Southwest Virginia, Inc. D.B.A Blue Ridge Cancer Care",0,Salem,VA,24153,Roanoke,51161,0,708,203,0,2,city_large_zip,0.1,37.285333,-80.055241,registry_stand_in
1422,1422,Research,0,Salem,VA,24153,Roanoke,51161,0,708,203,0,1,city_large_zip,0.1,37.285333,-80.055241,registry_stand_in
1423,1423,Salem VA Medical Center,0,Salem,VA,24153,Roanoke,51161,0,708,203,0,1,city_large_zip,0.1,37.285333,-80.055241,registry_stand_in
1424,1424,909,0,Bellingham,WA,98225,Whatcom,53073,0,644,130,19,1,zip,1.0,48.758248,-122.50652,registry_stand_in
1425,1425,Arrivent Investigative Site,1,Bellingham,WA,98225,Whatcom,53073,0,644,130,19,1,zip,1.0,48.758248,-122.50652,registry_stand_in
1426,1426,PeaceHealth St Joseph Medical Center,0,Bellingham,WA,98225,Whatcom,53073,0,644,130,19,1,zip,1.0,48.758248,-122.50652,registry_stand_in
1427,1427,Women's Cancer Care Associates,0,Albany,NY,12008,Schenectady,36093,0,622,388,3,1,zip,0.9,42.853488,-73.906535,registry_stand_in
1428,1428,Hematology Oncology Associates of Central New York-Auburn,0,Auburn,NY,13021,Cayuga,36011,0,458,386,1,18,zip,0.1,42.917704,-76.554611,registry_stand_in
1429,1429,Arrivent Investigative Site,1,Daphne,AL,36526,Baldwin,01003,0,0,285,18,1,zip,1.0,30.611145,-87.864746,registry_stand_in
1430,1430,"Brown, Pearson, Guepet Gynecology",0,Fairhope,AL,36532,Baldwin,01003,0,0,272,18,2,zip,0.5,30.480713,-87.861307,registry_stand_in
1431,1431,MorphoSys Research Site,1,Daphne,AL,36526,Baldwin,01003,0,0,285,18,1,zip,1.0,30.611145,-87.864746,registry_stand_in
1432,1432,NeoTX - 10307,0,Daphne,AL,36526,Baldwin,01003,0,0,285,18,1,zip,1.0,30.611145,-87.864746,registry_stand_in
1433,1433,"Southern Cancer Center, 29653 Anchor Cross Blvd",0,Daphne,AL,36526,Baldwin,01003,0,0,285,18,1,zip,1.0,30.611145,-87.864746,registry_stand_in
1434,1434,Southern Cancer Center PC-Daphne,0,Daphne,AL,36526,Baldwin,01003,0,0,285,18,4,zip,1.0,30.611145,-87.864746,registry_stand_in
1435,1435,Southern Cancer Center - USOR,0,Daphne,AL,36526,Baldwin,01003,0,0,285,18,1,zip,1.0,30.611145,-87.864746,registry_stand_in
1436,1436,Southern Women's Specialists PC,0,Fairhope,AL,36532,Baldwin,01003,0,0,272,18,1,zip,0.5,30.480713,-87.861307,registry_stand_in
1437,1437,Urology Associates,0,Fairhope,AL,36532,Baldwin,01003,0,0,272,18,1,zip,0.5,30.480713,-87.861307,registry_stand_in
1438,1438,USO - Southern Cancer Center,0,Daphne,AL,36526,Baldwin,01003,0,0,285,18,1,zip,1.0,30.611145,-87.864746,registry_stand_in
1439,1439,University of Alabama,0,Birmingham,AL,35924,DeKalb,01049,0,0,431,1,1,city,0.3,33.527174,-86.797036,registry_stand_in
1440,1440,University of Alabama - Birmingham,0,Birmingham,AL,35924,DeKalb,01049,0,0,431,1,1,city,0.3,33.527174,-86.797036,registry_stand_in
1441,1441,Kaiser Permanente Riverside Medical Center,0,Riverside,CA,95505,Humboldt,06023,0,0,2695,1,1,city,0.3,33.938143,-117.393168,registry_stand_in
1442,1442,Dignity Health Dominican Oncology and Hematology,0,Santa Cruz,CA,95065,Santa Cruz,06087,0,0,913,16,1,zip,1.9,37.032242,-121.984402,registry_stand_in
1443,1443,Palo Alto Medical Foundation,0,Santa Cruz,CA,95065,Santa Cruz,06087,0,0,913,16,1,zip,1.9,37.032242,-121.984402,registry_stand_in
1444,1444,Alta California Medical Group,0,Simi Valley,CA,93065,Ventura,06111,0,0,2326,9,1,zip,1.4,34.262388,-118.772219,registry_stand_in
1445,1445,Clinical Trial Site,1,Santa Monica,CA,91361,Ventura,06111,0,0,2328,9,1,zip,1.6,34.137283,-118.882044,registry_stand_in
1446,1446,Clinical Trials Research Institute,0,Thousand Oaks,CA,91320,Ventura,06111,0,0,2088,9,1,zip,1.2,34.173377,-118.947977,registry_stand_in
1447,1447,"Dr. Manoj Khatore, MD, FACC (Cardiology Practice",0,Oxnard,CA,93036,Ventura,06111,0,0,1175,9,1,zip,0.4,34.248141,-119.153454,registry_stand_in
1448,1448,GSK Investigational Site,1,Ventura,CA,93003,Ventura,06111,0,0,924,9,2,zip,0.9,34.283668,-119.223196,registry_stand_in
1449,1449,Los Robles Hospital & Medical Center,0,Thousand Oaks,CA,91360,Ventura,06111,0,0,2234,9,1,zip,1.3,34.213305,-118.874135,registry_stand_in
1450,1450,Medvin Clinical Research 2,0,Thousand Oaks,CA,91360,Ventura,06111,0,0,2234,9,1,zip,1.3,34.213305,-118.874135,registry_stand_in
1451,1451,ProgenaBiome,0,Ventura,CA,93003,Ventura,06111,0,0,924,9,1,zip,0.9,34.283668,-119.223196,registry_stand_in
1452,1452,Rolling Oaks Radiology - Oxnard,0,Oxnard,CA,93030,Ventura,06111,0,0,1315,9,1,zip,0.1,34.205097,-119.17532,registry_stand_in
1453,1453,UCLA Cancer Center Westlake Village,0,Westlake Village,CA,91361,Ventura,06111,0,0,2328,9,1,zip,1.6,34.137283,-118.882044,registry_stand_in
1454,1454,UCLA Hematology/Oncology - Westlake Village,0,Westlake Village,CA,91361,Ventura,06111,0,0,2328,9,1,zip,1.6,34.137283,-118.882044,registry_stand_in
1455,1455,UCLA - Satellite Site,0,Encino,CA,93003,Ventura,06111,0,0,924,9,1,zip,0.9,34.283668,-119.223196,registry_stand_in
1456,1456,"University of California Los Angeles - Jonsson Comprehensive Cancer Center,1250 La Venta Dr, Suite 100",0,Westlake Village,CA,91361,Ventura,06111,0,0,2328,9,2,zip,1.6,34.137283,-118.882044,registry_stand_in
1457,1457,Ventura County Hematology and Oncology,0,Oxnard,CA,93030,Ventura,06111,0,0,1315,9,2,zip,0.1,34.205097,-119.17532,registry_stand_in
1458,1458,Ventura County Hematology Oncology Specialists-Oxnard,0,Oxnard,CA,93030,Ventura,06111,0,0,1315,9,1,zip,0.1,34.205097,-119.17532,registry_stand_in
1459,1459,Cancer Care at CommonSpirit St. Anthony North Hospital,0,Westminster,CO,80023,Broomfield,08014,0,0,928,15,1,zip,0.6,39.975844,-105.009381,registry_stand_in
1460,1460,"CCD Research, PLLC",0,Cromwell,CT,06416,Middlesex,09007,0,0,955,0,1,zip,0.4,41.616609,-72.66156,registry_stand_in
1461,1461,Middlesex Hospital,0,Middletown,CT,06457,Middlesex,09007,0,0,956,0,15,zip,0.3,41.544209,-72.657501,registry_stand_in
1462,1462,Middlesex Hospital Cancer Center,0,Middletown,CT,06457,Middlesex,09007,0,0,956,0,1,zip,0.3,41.544209,-72.657501,registry_stand_in
1463,1463,929n,0,Lecanto,FL,34461,Citrus,12017,0,0,432,1,1,zip,1.6,28.813818,-82.483064,registry_stand_in
1464,1464,Clinical Trial Site,1,Lecanto,FL,34461,Citrus,12017,0,0,432,1,1,zip,1.6,28.813818,-82.483064,registry_stand_in
1465,1465,Florida Cancer Specialist,0,Lecanto,FL,34461,Citrus,12017,0,0,432,1,1,zip,1.6,28.813818,-82.483064,registry_stand_in
1466,1466,Florida Cancer Specialist - North,0,Lecanto,FL,34461,Citrus,12017,0,0,432,1,1,zip,1.6,28.813818,-82.483064,registry_stand_in
1467,1467,Florida Cancer Specialists - North,0,Lecanto,FL,34461,Citrus,12017,0,0,432,1,1,zip,1.6,28.813818,-82.483064,registry_stand_in
1468,1468,Florida Cancer Specialists - North Division,0,Lecanto,FL,34461,Citrus,12017,0,0,432,1,1,zip,1.6,28.813818,-82.483064,registry_stand_in
1469,1469,"Florida Cancer Specialists - North Region Research Office,521 North Lecanto Highway",0,Lecanto,FL,34461,Citrus,12017,0,0,432,1,1,zip,1.6,28.813818,-82.483064,registry_stand_in
1470,1470,Florida Cancer Specialists North / Sarah Cannon Research Institute,0,Lecanto,FL,34461,Citrus,12017,0,0,432,1,1,zip,1.6,28.813818,-82.483064,registry_stand_in
1471,1471,Florida Cancer Specialists - NORTH - SCRI - PPDS,0,Lecanto,FL,34461,Citrus,12017,0,0,432,1,1,zip,1.6,28.813818,-82.483064,registry_stand_in
1472,1472,"Florida Cancer Specialists & Research Institute, 521 N. Lecanto Highway",0,Lecanto,FL,34461,Citrus,12017,0,0,432,1,1,zip,1.6,28.813818,-82.483064,registry_stand_in
1473,1473,Florida Cancer Specialists & Research Institute - Lecanto,0,Lecanto,FL,34461,Citrus,12017,0,0,432,1,1,zip,1.6,28.813818,-82.483064,registry_stand_in
1474,1474,Nature Coast Clinical Research LLC,0,Crystal River,FL,34429,Citrus,12017,0,0,249,1,1,zip,2.4,28.867281,-82.662032,registry_stand_in
1475,1475,SCRI FCS North- Lecanto,0,Lecanto,FL,34461,Citrus,12017,0,0,432,1,1,zip,1.6,28.813818,-82.483064,registry_stand_in
1476,1476,"SCRI - Florida Cancer Specialists - North Region R,521 North Lecanto Highway",0,Lecanto,FL,34461,Citrus,12017,0,0,432,1,1,zip,1.6,28.813818,-82.483064,registry_stand_in
1477,1477,Coastal Family Medicine - Orange Park,0,Orange Park,FL,32073,Clay,12019,0,0,405,3,2,zip,0.2,30.167711,-81.739816,registry_stand_in
1478,1478,HCA Florida First Coast Neurology- Orange Park,0,Orange Park,FL,32073,Clay,12019,0,0,405,3,1,zip,0.2,30.167711,-81.739816,registry_stand_in
1479,1479,Park Avenue Dermatology,0,Orange Park,FL,32073,Clay,12019,0,0,405,3,2,zip,0.2,30.167711,-81.739816,registry_stand_in
1480,1480,Park Avenue Dermatology Administration Annex,0,Orange Park,FL,32073,Clay,12019,0,0,405,3,1,zip,0.2,30.167711,-81.739816,registry_stand_in
1481,1481,Park Avenue Dermatology Administrative Annex,0,Orange Park,FL,32073,Clay,12019,0,0,405,3,1,zip,0.2,30.167711,-81.739816,registry_stand_in
1482,1482,"Park Avenue Dermatology, PA",0,Orange Park,FL,32073,Clay,12019,0,0,405,3,1,zip,0.2,30.167711,-81.739816,registry_stand_in
1483,1483,929h,0,Spring Hill,FL,34608,Hernando,12053,0,0,722,1,1,zip,2.5,28.482826,-82.552854,registry_stand_in
1484,1484,Advanced Cancer Treatment Center,0,Brooksville,FL,34613,Hernando,12053,0,0,660,1,1,zip,1.1,28.558922,-82.542335,registry_stand_in
1485,1485,Advanced Cancer Treatment Centers,0,Brooksville,FL,34613,Hernando,12053,0,0,660,1,1,zip,1.1,28.558922,-82.542335,registry_stand_in
1486,1486,ASCLEPES Research Center(ARC,0,Weeki Wachee,FL,34607,Hernando,12053,0,0,553,1,1,zip,3.8,28.594975,-82.615947,registry_stand_in
1487,1487,Asclepes Research Centers - Weeki Wachee,0,Weeki Wachee,FL,34607,Hernando,12053,0,0,553,1,1,zip,3.8,28.594975,-82.615947,registry_stand_in
1488,1488,Clinical Trial Site,1,Spring Hill,FL,34608,Hernando,12053,0,0,722,1,1,zip,2.5,28.482826,-82.552854,registry_stand_in
1489,1489,Florida Cancer Specialists,0,Spring Hill,FL,34608,Hernando,12053,0,0,722,1,4,zip,2.5,28.482826,-82.552854,registry_stand_in
1490,1490,"Florida Cancer Specialists - North Region Research Office,7154 Medical Center Drive",0,Spring Hill,FL,34608,Hernando,12053,0,0,722,1,1,zip,2.5,28.482826,-82.552854,registry_stand_in
1491,1491,Florida Cancer Specialists - NORTH - SCRI - PPDS,0,Spring Hill,FL,34608,Hernando,12053,0,0,722,1,1,zip,2.5,28.482826,-82.552854,registry_stand_in
1492,1492,"Florida Cancer Specialists & Research Institute, 7154 Medical Center Drive",0,Spring Hill,FL,34608,Hernando,12053,0,0,722,1,1,zip,2.5,28.482826,-82.552854,registry_stand_in
1493,1493,Rexahn Site,0,Weeki Wachee,FL,34607,Hernando,12053,0,0,553,1,1,zip,3.8,28.594975,-82.615947,registry_stand_in
1494,1494,SCRI FCS North- Spring Hill,0,Spring Hill,FL,34608,Hernando,12053,0,0,722,1,1,zip,2.5,28.482826,-82.552854,registry_stand_in
1495,1495,"SCRI - Florida Cancer Specialists - North Region R,7154 Medical Center Drive",0,Spring Hill,FL,34608,Hernando,12053,0,0,722,1,1,zip,2.5,28.482826,-82.552854,registry_stand_in
1496,1496,929m,0,Lady Lake,FL,32159,Lake,12069,0,0,609,17,1,zip,1.4,28.918072,-81.897655,registry_stand_in
1497,1497,Arrivent Investigative Site,1,The Villages,FL,32159,Lake,12069,0,0,609,17,1,zip,1.4,28.918072,-81.897655,registry_stand_in
1498,1498,Clermont,1,Clermont,FL,34711,Lake,12069,0,0,843,17,1,zip,1.4,28.52078,-81.753851,registry_stand_in
1499,1499,Florida Cancer Specialist,0,Leesburg,FL,34748,Lake,12069,0,0,816,17,2,zip,0.2,28.773001,-81.882622,registry_stand_in
1500,1500,Florida Cancer Specialists and Research Institute,0,Lady Lake,FL,32159,Lake,12069,0,0,609,17,1,zip,1.4,28.918072,-81.897655,registry_stand_in
1501,1501,Florida Cancer Specialists -North - 1125,0,The Villages,FL,32159,Lake,12069,0,0,609,17,1,zip,1.4,28.918072,-81.897655,registry_stand_in
1502,1502,"Florida Cancer Specialists - North Region Research Office,1400 US Highway 441 N",0,The Villages,FL,32159,Lake,12069,0,0,609,17,1,zip,1.4,28.918072,-81.897655,registry_stand_in
1503,1503,"Florida Cancer Specialists & Research Institute, 1400 US highway 441 N",0,The Villages,FL,32159,Lake,12069,0,0,609,17,1,zip,1.4,28.918072,-81.897655,registry_stand_in
1504,1504,Ra0098 131,0,Clermont,FL,34711,Lake,12069,0,0,843,17,1,zip,1.4,28.52078,-81.753851,registry_stand_in
1505,1505,Sandoz Investigational Site,1,Clermont,FL,34711,Lake,12069,0,0,843,17,1,zip,1.4,28.52078,-81.753851,registry_stand_in
1506,1506,SCRI FCS North- Villages East,0,Lady Lake,FL,32159,Lake,12069,0,0,609,17,1,zip,1.4,28.918072,-81.897655,registry_stand_in
1507,1507,"SCRI - Florida Cancer Specialists - North Region R,1400 US Highway 441 N",0,The Villages,FL,32159,Lake,12069,0,0,609,17,1,zip,1.4,28.918072,-81.897655,registry_stand_in
1508,1508,South Lake Pain Institute,0,Clermont,FL,34711,Lake,12069,0,0,843,17,3,zip,1.4,28.52078,-81.753851,registry_stand_in
1509,1509,922-D,0,Bradenton,FL,34211,Manatee,12081,0,0,798,8,2,zip,1.5,27.454365,-82.383383,registry_stand_in
1510,1510,922D,0,Bradenton,FL,34211,Manatee,12081,0,0,798,8,1,zip,1.5,27.454365,-82.383383,registry_stand_in
1511,1511,Clinical Study Site,1,Bradenton,FL,34205,Manatee,12081,0,0,902,8,1,zip,0.8,27.483321,-82.585125,registry_stand_in
1512,1512,Clinical Trial Site,1,Bradenton,FL,34211,Manatee,12081,0,0,798,8,1,zip,1.5,27.454365,-82.383383,registry_stand_in
1513,1513,Comprehensive Hematology Oncology - Bradenton Clinic,0,Bradenton,FL,34210,Manatee,12081,0,0,808,8,1,zip,1.7,27.437548,-82.630178,registry_stand_in
1514,1514,"Florida Cancer Specialists,3630 Manatee Avenue West",0,Bradenton,FL,34205,Manatee,12081,0,0,902,8,2,zip,0.8,27.483321,-82.585125,registry_stand_in
1515,1515,"Florida Cancer Specialists,5985 Silver Falls Run",0,Bradenton,FL,34211,Manatee,12081,0,0,798,8,2,zip,1.5,27.454365,-82.383383,registry_stand_in
1516,1516,Florida Cancer Specialists BCC,0,Bradenton,FL,34205,Manatee,12081,0,0,902,8,1,zip,0.8,27.483321,-82.585125,registry_stand_in
1517,1517,Florida Cancer Specialists LRS,0,Bradenton,FL,34211,Manatee,12081,0,0,798,8,1,zip,1.5,27.454365,-82.383383,registry_stand_in
1518,1518,Florida Cancer Specialists - South Division,0,Bradenton,FL,34205,Manatee,12081,0,0,902,8,1,zip,0.8,27.483321,-82.585125,registry_stand_in
1519,1519,Florida Cancer Specialists South / Sarah Cannon Research Institute,0,Bradenton,FL,34211,Manatee,12081,0,0,798,8,1,zip,1.5,27.454365,-82.383383,registry_stand_in
1520,1520,Galderma Investigational Site,1,Bradenton,FL,34209,Manatee,12081,0,0,837,8,1,zip,0.6,27.50473,-82.654669,registry_stand_in
1521,1521,Manatee Medical Research,0,Bradenton,FL,34205,Manatee,12081,0,0,902,8,1,zip,0.8,27.483321,-82.585125,registry_stand_in
1522,1522,Manatee Medical Research Institute,0,Bradenton,FL,34205,Manatee,12081,0,0,902,8,1,zip,0.8,27.483321,-82.585125,registry_stand_in
1523,1523,Sarah Cannon Research Institute at Florida Cancer Specialists,0,Sarasota,FL,34203,Manatee,12081,0,0,864,8,1,zip,0.4,27.440337,-82.509384,registry_stand_in
1524,1524,SCRI FCS South- Lakewood Ranch,0,Lakewood Rch,FL,34211,Manatee,12081,0,0,798,8,1,zip,1.5,27.454365,-82.383383,registry_stand_in
1525,1525,SCRI Florida Cancer Specialists South,0,Bradenton,FL,34209,Manatee,12081,0,0,837,8,1,zip,0.6,27.50473,-82.654669,registry_stand_in
1526,1526,Site reference,1,Bradenton,FL,34209,Manatee,12081,0,0,837,8,1,zip,0.6,27.50473,-82.654669,registry_stand_in
1527,1527,Site US10072,1,Bradenton,FL,34205,Manatee,12081,0,0,902,8,1,zip,0.8,27.483321,-82.585125,registry_stand_in
1528,1528,079,0,Ocala,FL,34474,Marion,12083,0,0,321,19,1,zip,1.4,29.154472,-82.211485,registry_stand_in
1529,1529,538,0,Ocala,FL,34474,Marion,12083,0,0,321,19,2,zip,1.4,29.154472,-82.211485,registry_stand_in
1530,1530,929p,0,Ocala,FL,34474,Marion,12083,0,0,321,19,1,zip,1.4,29.154472,-82.211485,registry_stand_in
1531,1531,Clinical Trial Site,1,Ocala,FL,34474,Marion,12083,0,0,321,19,1,zip,1.4,29.154472,-82.211485,registry_stand_in
1532,1532,Florida Cancer Affiliates,0,Ocala,FL,34474,Marion,12083,0,0,321,19,4,zip,1.4,29.154472,-82.211485,registry_stand_in
1533,1533,Florida Cancer Affiliates/Ocala Oncology - Clinic,0,Ocala,FL,34474,Marion,12083,0,0,321,19,1,zip,1.4,29.154472,-82.211485,registry_stand_in
1534,1534,Florida Cancer Affiliates- (Ocala Oncology - Main,0,Ocala,FL,34473,Marion,12083,0,0,373,19,1,zip,2.3,28.99763,-82.18778,registry_stand_in
1535,1535,Florida Cancer Associates - Ocala Oncology,0,Ocala,FL,34474,Marion,12083,0,0,321,19,1,zip,1.4,29.154472,-82.211485,registry_stand_in
1536,1536,Florida Cancer Specialist,0,Ocala,FL,34474,Marion,12083,0,0,321,19,1,zip,1.4,29.154472,-82.211485,registry_stand_in
1537,1537,Florida Cancer Specialist - North,0,St. Petersburg,FL,34474,Marion,12083,0,0,321,19,1,zip,1.4,29.154472,-82.211485,registry_stand_in
1538,1538,Florida Cancer Specialists - North Division,0,Ocala,FL,34474,Marion,12083,0,0,321,19,1,zip,1.4,29.154472,-82.211485,registry_stand_in
1539,1539,"Florida Cancer Specialists - North Region Research Office,4945 SW 49th Place",0,Ocala,FL,34474,Marion,12083,0,0,321,19,1,zip,1.4,29.154472,-82.211485,registry_stand_in
1540,1540,Florida Cancer Specialists North / Sarah Cannon Research Institute,0,Ocala,FL,34474,Marion,12083,0,0,321,19,1,zip,1.4,29.154472,-82.211485,registry_stand_in
1541,1541,Florida Cancer Specialists - NORTH - SCRI - PPDS,0,Ocala,FL,34471,Marion,12083,0,0,332,19,1,zip,0.3,29.161789,-82.126817,registry_stand_in
1542,1542,"Florida Cancer Specialists & Research Institute, 1630 SE 18th ST",0,Ocala,FL,34471,Marion,12083,0,0,332,19,1,zip,0.3,29.161789,-82.126817,registry_stand_in
1543,1543,GSK Investigational Site,1,Ocala,FL,34474,Marion,12083,0,0,321,19,1,zip,1.4,29.154472,-82.211485,registry_stand_in
1544,1544,Ocala Oncology Center (JIT,0,Oscala,FL,34474,Marion,12083,0,0,321,19,1,zip,1.4,29.154472,-82.211485,registry_stand_in
1545,1545,Ocala Oncology Center P.L.,0,Ocala,FL,34474,Marion,12083,0,0,321,19,1,zip,1.4,29.154472,-82.211485,registry_stand_in
1546,1546,Ocala Oncology Center Pl,0,Ocala,FL,34474,Marion,12083,0,0,321,19,2,zip,1.4,29.154472,-82.211485,registry_stand_in
1547,1547,Ocala Oncology Center PL - 1102,0,Ocala,FL,34474,Marion,12083,0,0,321,19,1,zip,1.4,29.154472,-82.211485,registry_stand_in
1548,1548,Ocala Oncology Florida Cancer Affiliates,0,Ocala,FL,34474,Marion,12083,0,0,321,19,1,zip,1.4,29.154472,-82.211485,registry_stand_in
1549,1549,Ocala Oncology Florida Cancer Affiliates - Main,0,Ocala,FL,34474,Marion,12083,0,0,321,19,2,zip,1.4,29.154472,-82.211485,registry_stand_in
1550,1550,"Ocala Oncology, P.A.",0,Ocala,FL,34474,Marion,12083,0,0,321,19,1,zip,1.4,29.154472,-82.211485,registry_stand_in
1551,1551,"Ocala Research Institute, Inc",0,Ocala,FL,34471,Marion,12083,0,0,332,19,2,zip,0.3,29.161789,-82.126817,registry_stand_in
1552,1552,SCRI FCS North- Ocala,0,Ocala,FL,34474,Marion,12083,0,0,321,19,1,zip,1.4,29.154472,-82.211485,registry_stand_in
1553,1553,"SCRI - Florida Cancer Specialists - North Region R,4945 SW 49th Place",0,Ocala,FL,34474,Marion,12083,0,0,321,19,1,zip,1.4,29.154472,-82.211485,registry_stand_in
1554,1554,Vantage Health,0,Ocala,FL,34474,Marion,12083,0,0,321,19,1,zip,1.4,29.154472,-82.211485,registry_stand_in
1555,1555,896-A,0,Celebration,FL,34747,Osceola,12097,0,0,803,13,1,zip,1.0,28.308991,-81.591266,registry_stand_in
1556,1556,Advent Health,0,Celebration,FL,34747,Osceola,12097,0,0,803,13,3,zip,1.0,28.308991,-81.591266,registry_stand_in
1557,1557,ArriVent Investigative Site,1,Celebration,FL,34747,Osceola,12097,0,0,803,13,1,zip,1.0,28.308991,-81.591266,registry_stand_in
1558,1558,Florida Hospital,0,Celebration,FL,34747,Osceola,12097,0,0,803,13,1,zip,1.0,28.308991,-81.591266,registry_stand_in
1559,1559,"Investigational Drug Services, AdventHealth Celebration",0,Celebration,FL,34747,Osceola,12097,0,0,803,13,1,zip,1.0,28.308991,-81.591266,registry_stand_in
1560,1560,Moffitt-Advent Health Clinical Research Unit,0,Celebration,FL,34747,Osceola,12097,0,0,803,13,3,zip,1.0,28.308991,-81.591266,registry_stand_in
1561,1561,Palm Beach Dermatology Group,0,Palm Beach,FL,33848,Osceola,12097,0,0,707,13,1,zip,1.0,28.275975,-81.50822,registry_stand_in
1562,1562,929f,0,Trinity,FL,34655,Pasco,12101,0,0,864,19,1,zip,0.4,28.211353,-82.655286,registry_stand_in
1563,1563,984-A,0,Trinity,FL,34655,Pasco,12101,0,0,864,19,1,zip,0.4,28.211353,-82.655286,registry_stand_in
1564,1564,984-B,0,Holiday,FL,34691,Pasco,12101,0,0,863,19,1,zip,1.8,28.192577,-82.770421,registry_stand_in
1565,1565,ACW,0,New Port Richey,FL,34652,Pasco,12101,0,0,839,19,1,zip,1.0,28.240555,-82.744353,registry_stand_in
1566,1566,Advanced Research Institute,0,New Port Richey,FL,34653,Pasco,12101,0,0,832,19,1,zip,1.9,28.24408,-82.688476,registry_stand_in
1567,1567,"Advanced Research Institute, Inc",0,New Port Richey,FL,34653,Pasco,12101,0,0,832,19,1,zip,1.9,28.24408,-82.688476,registry_stand_in
1568,1568,Clinical Trial Site,1,New Port Richey,FL,34655,Pasco,12101,0,0,864,19,1,zip,0.4,28.211353,-82.655286,registry_stand_in
1569,1569,Florida Cancer Specialist,0,Trinity,FL,34655,Pasco,12101,0,0,864,19,2,zip,0.4,28.211353,-82.655286,registry_stand_in
1570,1570,Florida Cancer Specialists - North Division,0,Trinity,FL,34655,Pasco,12101,0,0,864,19,1,zip,0.4,28.211353,-82.655286,registry_stand_in
1571,1571,"Florida Cancer Specialists - North Region Research Office,9320 State Road 54",0,Trinity,FL,34655,Pasco,12101,0,0,864,19,1,zip,0.4,28.211353,-82.655286,registry_stand_in
1572,1572,Florida Cancer Specialists North / Sarah Cannon Research Institute,0,Trinity,FL,34655,Pasco,12101,0,0,864,19,1,zip,0.4,28.211353,-82.655286,registry_stand_in
1573,1573,Florida Cancer Specialists - NORTH - SCRI - PPDS,0,New Port Richey,FL,34655,Pasco,12101,0,0,864,19,1,zip,0.4,28.211353,-82.655286,registry_stand_in
1574,1574,"Florida Cancer Specialists & Research Institute, 8763 River Crossing Blvd",0,New Port Richey,FL,34655,Pasco,12101,0,0,864,19,1,zip,0.4,28.211353,-82.655286,registry_stand_in
1575,1575,"Florida Medical Clinic, P.A.",0,Zephyrhills,FL,33542,Pasco,12101,0,0,1030,19,1,zip,0.3,28.23578,-82.177617,registry_stand_in
1576,1576,Moffit Cancer Center at Wesley Chapel,0,Wesley Chapel,FL,33544,Pasco,12101,0,0,971,19,1,zip,1.3,28.248334,-82.370909,registry_stand_in
1577,1577,New Port Richey,1,New Port Richey,FL,34652,Pasco,12101,0,0,839,19,4,zip,1.0,28.240555,-82.744353,registry_stand_in
1578,1578,Pasco Pinellas Cancer Center,0,Holiday,FL,34691,Pasco,12101,0,0,863,19,2,zip,1.8,28.192577,-82.770421,registry_stand_in
1579,1579,SCRI FCS North- New Port Richey,0,New Port Richey,FL,34655,Pasco,12101,0,0,864,19,1,zip,0.4,28.211353,-82.655286,registry_stand_in
1580,1580,"SCRI - Florida Cancer Specialists - North Region R,9320 State Road 54",0,Trinity,FL,34655,Pasco,12101,0,0,864,19,1,zip,0.4,28.211353,-82.655286,registry_stand_in
1581,1581,Site reference,1,New Port Richey,FL,34653,Pasco,12101,0,0,832,19,1,zip,1.9,28.24408,-82.688476,registry_stand_in
1582,1582,Suncoast Clinical Research,0,New Port Richey,FL,34652,Pasco,12101,0,0,839,19,2,zip,1.0,28.240555,-82.744353,registry_stand_in
1583,1583,ACW,0,The Villages,FL,32162,Sumter,12119,0,0,515,1,1,zip,2.3,28.922305,-81.999287,registry_stand_in
1584,1584,Advanced Urology Institute 1,0,Oxford,FL,34484,Sumter,12119,0,0,519,1,1,zip,1.0,28.945019,-82.097528,registry_stand_in
1585,1585,Florida Cancer Specialists (Administration and Drug Shipment,0,The Villages,FL,32163,Sumter,12119,0,0,724,1,1,zip,1.0,28.836798,-81.959093,registry_stand_in
1586,1586,Center for Rare Neurological Diseases,0,Norcross,GA,30093,Gwinnett,13135,0,0,1556,10,1,zip,1.1,33.908911,-84.17924,registry_stand_in
1587,1587,Gwinnett Hospital System Center for Cancer Care,0,Duluth,GA,30096,Gwinnett,13135,0,0,1542,10,1,zip,0.8,33.974302,-84.145384,registry_stand_in
1588,1588,Kaiser Permanente-Gwinnett Medical Center,0,Duluth,GA,30096,Gwinnett,13135,0,0,1542,10,1,zip,0.8,33.974302,-84.145384,registry_stand_in
1589,1589,NHCI Suburban Hematology-oncology Associates - Duluth,0,Duluth,GA,30096,Gwinnett,13135,0,0,1542,10,1,zip,0.8,33.974302,-84.145384,registry_stand_in
1590,1590,Norcross,1,Norcross,GA,30093,Gwinnett,13135,0,0,1556,10,5,zip,1.1,33.908911,-84.17924,registry_stand_in
1591,1591,"Northside Hospital,3855 Pleasant Hill Rd., Suite 480",0,Duluth,GA,30096,Gwinnett,13135,0,0,1542,10,2,zip,0.8,33.974302,-84.145384,registry_stand_in
1592,1592,Site reference,1,Norcross,GA,30092,Gwinnett,13135,0,0,1543,10,1,zip,0.6,33.972386,-84.231986,registry_stand_in
1593,1593,Suburban Hematology-Oncology Associates - Duluth,0,Duluth,GA,30096,Gwinnett,13135,0,0,1542,10,1,zip,0.8,33.974302,-84.145384,registry_stand_in
1594,1594,The Center for Cancer Care-Duluth,0,Duluth,GA,30096,Gwinnett,13135,0,0,1542,10,1,zip,0.8,33.974302,-84.145384,registry_stand_in
1595,1595,941,0,Athens,GA,30607,Jackson,13157,0,0,769,0,1,zip,0.9,34.017305,-83.447551,registry_stand_in
1596,1596,967,0,Athens,GA,30607,Jackson,13157,0,0,769,0,1,zip,0.9,34.017305,-83.447551,registry_stand_in
1597,1597,Exelixis,0,Athens,GA,30607,Jackson,13157,0,0,769,0,1,zip,0.9,34.017305,-83.447551,registry_stand_in
1598,1598,Investigator Site - Athens,0,Athens,GA,30607,Jackson,13157,0,0,769,0,1,zip,0.9,34.017305,-83.447551,registry_stand_in
1599,1599,"Northeast Georgia Cancer Care, LLC",0,Athens,GA,30607,Jackson,13157,0,0,769,0,1,zip,0.9,34.017305,-83.447551,registry_stand_in
1600,1600,Research-0,0,Athens,GA,30607,Jackson,13157,0,0,769,0,1,zip,0.9,34.017305,-83.447551,registry_stand_in
1601,1601,"University Blood & Cancer Center, LLC",0,Athens,GA,30607,Jackson,13157,0,0,769,0,1,zip,0.9,34.017305,-83.447551,registry_stand_in
1602,1602,University Cancer and Blood Cent,0,Athens,GA,30607,Jackson,13157,0,0,769,0,1,zip,0.9,34.017305,-83.447551,registry_stand_in
1603,1603,University Cancer and Blood Center,0,Athens,GA,30607,Jackson,13157,0,0,769,0,9,zip,0.9,34.017305,-83.447551,registry_stand_in
1604,1604,University Cancer and Blood Center LLC,0,Athens,GA,30607,Jackson,13157,0,0,769,0,39,zip,0.9,34.017305,-83.447551,registry_stand_in
1605,1605,University Cancer & Blood,0,Athens,GA,30607,Jackson,13157,0,0,769,0,1,zip,0.9,34.017305,-83.447551,registry_stand_in
1606,1606,University Cancer & Blood Center,0,Athens,GA,30607,Jackson,13157,0,0,769,0,9,zip,0.9,34.017305,-83.447551,registry_stand_in
1607,1607,"University Cancer & Blood Center, 3320 Old Jefferson Rd",0,Athens,GA,30607,Jackson,13157,0,0,769,0,1,zip,0.9,34.017305,-83.447551,registry_stand_in
1608,1608,"University Cancer & Blood Center, LLC",0,Athens,GA,30607,Jackson,13157,0,0,769,0,22,zip,0.9,34.017305,-83.447551,registry_stand_in
1609,1609,University Cancer & Blood Center (UCBC) - Athens,0,Athens,GA,30607,Jackson,13157,0,0,769,0,3,zip,0.9,34.017305,-83.447551,registry_stand_in
1610,1610,University Cancer Blood Ctr,0,Athens,GA,30607,Jackson,13157,0,0,769,0,1,zip,0.9,34.017305,-83.447551,registry_stand_in
1611,1611,Clark Memorial Hospital Radiology,0,Jeffersonville,IN,47130,Clark,18019,0,0,455,8,1,zip,0.7,38.332415,-85.696087,registry_stand_in
1612,1612,Jeffersonville,1,Jeffersonville,IN,47130,Clark,18019,0,0,455,8,1,zip,0.7,38.332415,-85.696087,registry_stand_in
1613,1613,Site US10007,1,Jeffersonville,IN,47130,Clark,18019,0,0,455,8,1,zip,0.7,38.332415,-85.696087,registry_stand_in
1614,1614,Site US10009,1,Jeffersonville,IN,47130,Clark,18019,0,0,455,8,1,zip,0.7,38.332415,-85.696087,registry_stand_in
1615,1615,Site US10045,1,Jeffersonville,IN,47130,Clark,18019,0,0,455,8,1,zip,0.7,38.332415,-85.696087,registry_stand_in
1616,1616,Franciscan Saint Anthony Health-Michigan City,0,Michigan City,IN,46360,LaPorte,18091,0,0,1174,1,8,zip,0.1,41.689234,-86.86512,registry_stand_in
1617,1617,LaPorte County Institute for Clinical Research,0,Michigan City,IN,46360,LaPorte,18091,0,0,1174,1,1,zip,0.1,41.689234,-86.86512,registry_stand_in
1618,1618,Northern Indiana Cancer Research Consortium,0,Westville,IN,46391,LaPorte,18091,0,0,1278,1,1,zip,0.7,41.554106,-86.918985,registry_stand_in
1619,1619,McFarland Clinic PC-Boone,0,Boone,IA,50036,Boone,19015,0,0,210,4,16,zip,2.8,42.085446,-93.849635,registry_stand_in
1620,1620,McFarland Clinic PC-Jefferson,0,Jefferson,IA,50129,Greene,19073,0,0,120,4,16,zip,0.1,42.013286,-94.376733,registry_stand_in
1621,1621,Adult and Pediatric Urology P.C. Satellite,0,Council Bluffs,IA,51501,Pottawattamie,19155,0,0,336,10,1,zip,0.3,41.227277,-95.878439,registry_stand_in
1622,1622,Jennie Edmundson Memorial Hospital,0,Council Bluffs,IA,51502,Pottawattamie,19155,0,0,328,10,3,city,0.1,41.235987,-95.853163,registry_stand_in
1623,1623,The University Of Kansas Cancer Center,0,Kansas City,KS,66016,Atchison,20005,0,0,302,0,1,zip,0.6,39.467255,-95.222694,registry_stand_in
1624,1624,University of Kansas Hospital,0,Kansas City,KS,66016,Atchison,20005,0,0,302,0,1,zip,0.6,39.467255,-95.222694,registry_stand_in
1625,1625,Saint Elizabeth Fort Thomas,0,Fort Thomas,KY,41075,Campbell,21037,0,0,733,0,1,zip,0.3,39.082436,-84.457113,registry_stand_in
1626,1626,Saint Elizabeth Healthcare Fort Thomas,0,Fort Thomas,KY,41075,Campbell,21037,0,0,733,0,8,zip,0.3,39.082436,-84.457113,registry_stand_in
1627,1627,Saint Elizabeth Medical Center Fort Thomas,0,Fort Thomas,KY,41075,Campbell,21037,0,0,733,0,1,zip,0.3,39.082436,-84.457113,registry_stand_in
1628,1628,827,0,Biddeford,ME,04005,York,23031,0,0,291,17,1,zip,0.3,43.492102,-70.486566,registry_stand_in
1629,1629,954 - A,0,Kennebunk,ME,04043,York,23031,0,0,316,17,1,zip,0.1,43.395947,-70.570221,registry_stand_in
1630,1630,Maine Center for Cancer Medicine-Kennebunk,0,Kennebunk,ME,04043,York,23031,0,0,316,17,3,zip,0.1,43.395947,-70.570221,registry_stand_in
1631,1631,Maine Health Cancer Care,0,Biddeford,ME,04046,York,23031,0,0,282,17,1,zip,1.6,43.429822,-70.474142,registry_stand_in
1632,1632,Maine Health CC of York County - Sanford,0,Sanford,ME,04073,York,23031,0,0,363,17,1,zip,0.2,43.411936,-70.737326,registry_stand_in
1633,1633,Maine Health/SMHC Cancer Care and Blood Disorders-Biddeford,0,Biddeford,ME,04005,York,23031,0,0,291,17,1,zip,0.3,43.492102,-70.486566,registry_stand_in
1634,1634,Maine Health/SMHCancer Care and Blood Disorders - Sanford,0,Sanford,ME,04073,York,23031,0,0,363,17,1,zip,0.2,43.411936,-70.737326,registry_stand_in
1635,1635,MaineHealth Maine Medical Center - Biddeford,0,Biddeford,ME,04005,York,23031,0,0,291,17,28,zip,0.3,43.492102,-70.486566,registry_stand_in
1636,1636,MaineHealth/SMHC Cancer Care and Blood Disorders-Biddeford,0,Biddeford,ME,04005,York,23031,0,0,291,17,17,zip,0.3,43.492102,-70.486566,registry_stand_in
1637,1637,New England Cancer Specialists,0,Kennebunk,ME,04043,York,23031,0,0,316,17,2,zip,0.1,43.395947,-70.570221,registry_stand_in
1638,1638,Southern Maine Health Care,0,Biddeford,ME,04005,York,23031,0,0,291,17,2,zip,0.3,43.492102,-70.486566,registry_stand_in
1639,1639,University of Maryland Radiation Oncology Center at Union Hospital,0,Elkton,MD,21921,Cecil,24015,0,0,1943,9,1,zip,0.2,39.627145,-75.859891,registry_stand_in
1640,1640,856,0,Frederick,MD,21702,Frederick,24021,0,0,1776,15,1,zip,2.3,39.479251,-77.443194,registry_stand_in
1641,1641,Arrivent Investigative Site,1,Frederick,MD,21702,Frederick,24021,0,0,1776,15,1,zip,2.3,39.479251,-77.443194,registry_stand_in
1642,1642,Capital Women's Care - Frederi,0,Frederick,MD,21702,Frederick,24021,0,0,1776,15,1,zip,2.3,39.479251,-77.443194,registry_stand_in
1643,1643,FMH James M Stockman Cancer Institute (JIT,0,Frederick,MD,21702,Frederick,24021,0,0,1776,15,1,zip,2.3,39.479251,-77.443194,registry_stand_in
1644,1644,Frederick Health,0,Frederick,MD,21702,Frederick,24021,0,0,1776,15,1,zip,2.3,39.479251,-77.443194,registry_stand_in
1645,1645,Frederick Health Hospital,0,Frederick,MD,21702,Frederick,24021,0,0,1776,15,2,zip,2.3,39.479251,-77.443194,registry_stand_in
1646,1646,Frederick Health-James M Stockman Cancer Center,0,Frederick,MD,21702,Frederick,24021,0,0,1776,15,1,zip,2.3,39.479251,-77.443194,registry_stand_in
1647,1647,Frederick Health- James M Stockman Cancer Institute,0,Frederick,MD,21702,Frederick,24021,0,0,1776,15,1,zip,2.3,39.479251,-77.443194,registry_stand_in
1648,1648,Frederick Memorial Healthcare System,0,Frederick,MD,21701,Frederick,24021,0,0,1859,15,1,zip,0.7,39.443584,-77.332891,registry_stand_in
1649,1649,Frederick Memorial Hospital,0,Frederick,MD,21701,Frederick,24021,0,0,1859,15,9,zip,0.7,39.443584,-77.332891,registry_stand_in
1650,1650,[] Frederick Memorial Hospital d/b/a James M Stockman Cancer Institute,0,Frederick,MD,21702,Frederick,24021,0,0,1776,15,1,zip,2.3,39.479251,-77.443194,registry_stand_in
1651,1651,Maryland Oncology Hematology,0,Frederick,MD,21702,Frederick,24021,0,0,1776,15,1,zip,2.3,39.479251,-77.443194,registry_stand_in
1652,1652,Maryland Oncology - Hematology Frederick,0,Frederick,MD,21702,Frederick,24021,0,0,1776,15,1,zip,2.3,39.479251,-77.443194,registry_stand_in
1653,1653,"Maryland Oncology Hematology, P.A",0,Frederick,MD,21702,Frederick,24021,0,0,1776,15,1,zip,2.3,39.479251,-77.443194,registry_stand_in
1654,1654,Site reference,1,Frederick,MD,21702,Frederick,24021,0,0,1776,15,1,zip,2.3,39.479251,-77.443194,registry_stand_in
1655,1655,Upper Chesapeake Medical Center,0,Bel Air,MD,21014,Harford,24025,0,0,1530,18,2,zip,0.1,39.53584,-76.35161,registry_stand_in
1656,1656,Womens Health Center,0,Glen Burnie,MD,21063,Harford,24025,0,0,2014,18,1,city,0.1,39.156271,-76.606996,registry_stand_in
1657,1657,Bay City,1,Bay City,MI,48706,Bay,26017,0,0,325,11,2,zip,0.4,43.603805,-83.955411,registry_stand_in
1658,1658,"Great Lakes Research Group,Inc",0,Bay City,MI,48706,Bay,26017,0,0,325,11,1,zip,0.4,43.603805,-83.955411,registry_stand_in
1659,1659,Site reference,1,Bay City,MI,48706,Bay,26017,0,0,325,11,1,zip,0.4,43.603805,-83.955411,registry_stand_in
1660,1660,Munson Medical Center,0,Traverse City,MI,49684,Leelanau,26089,0,0,78,0,143,zip,0.9,44.762372,-85.685156,registry_stand_in
1661,1661,Munson Medical Center Cowell Family Cancer Center,0,Traverse City,MI,49684,Leelanau,26089,0,0,78,0,1,zip,0.9,44.762372,-85.685156,registry_stand_in
1662,1662,Hickman Cancer Center,0,Adrian,MI,49221,Lenawee,26091,0,0,671,1,49,zip,0.1,41.902354,-84.064698,registry_stand_in
1663,1663,Monroe Cancer Center,0,Monroe,MI,48162,Monroe,26115,0,0,1475,1,11,zip,1.7,41.960425,-83.429323,registry_stand_in
1664,1664,St. Joseph Mercy Hospital Cancer Care Center,0,Ypsilanti,MI,48179,Monroe,26115,0,0,1570,1,1,zip,1.3,42.035095,-83.255444,registry_stand_in
1665,1665,Toledo Clinic Cancer Centers-Monroe,0,Monroe,MI,48162,Monroe,26115,0,0,1475,1,47,zip,1.7,41.960425,-83.429323,registry_stand_in
1666,1666,Mayo Clinic Radiation Therapy-Northfield,0,Northfield,MN,55057,Rice,27131,0,0,805,0,5,zip,1.0,44.472652,-93.179125,registry_stand_in
1667,1667,Central Recruiting Site,1,Fenton,MO,63026,Jefferson,29099,0,0,691,1,1,zip,0.1,38.50272,-90.458936,registry_stand_in
1668,1668,SSM Health Cancer Care - Fenton,0,Fenton,MO,63026,Jefferson,29099,0,0,691,1,1,zip,0.1,38.50272,-90.458936,registry_stand_in
1669,1669,Portsmouth Regional Hospital,0,Portsmouth,NH,03802,Carroll,33003,0,0,1000,0,2,city,0.1,43.060594,-70.780349,registry_stand_in
1670,1670,Catholic Medical Center,0,Manchester,NH,03102,Hillsborough,33011,0,0,1059,13,2,zip,0.5,43.011907,-71.491063,registry_stand_in
1671,1671,Dartmouth Cancer Center - Manchester,0,Manchester,NH,03102,Hillsborough,33011,0,0,1059,13,1,zip,0.5,43.011907,-71.491063,registry_stand_in
1672,1672,Dartmouth Cancer Center - Manchester/ DCC Manchester,0,Manchester,NH,03104,Hillsborough,33011,0,0,1113,13,8,zip,0.1,43.009552,-71.439782,registry_stand_in
1673,1673,Dartmouth-Hitchcock Medical Center,0,Manchester,NH,03104,Hillsborough,33011,0,0,1113,13,1,zip,0.1,43.009552,-71.439782,registry_stand_in
1674,1674,Norris Cotton Cancer Center-Manchester,0,Manchester,NH,03102,Hillsborough,33011,0,0,1059,13,6,zip,0.5,43.011907,-71.491063,registry_stand_in
1675,1675,New Hampshire Oncology Hematology PA,0,Hooksett,NH,03106,Merrimack,33013,0,0,974,11,2,zip,0.6,43.081242,-71.446616,registry_stand_in
1676,1676,New Hampshire Oncology Hematology PA-Hooksett,0,Hooksett,NH,03106,Merrimack,33013,0,0,974,11,3,zip,0.6,43.081242,-71.446616,registry_stand_in
1677,1677,"Activmed Practices & Research, Inc",0,Portsmouth,NH,03801,Rockingham,33015,0,0,945,9,1,zip,0.8,43.074812,-70.805443,registry_stand_in
1678,1678,ActivMed Research - Borthwick,0,Portsmouth,NH,03801,Rockingham,33015,0,0,945,9,1,zip,0.8,43.074812,-70.805443,registry_stand_in
1679,1679,Dana Farber Cancer Center Londonderry,0,Londonderry,NH,03053,Rockingham,33015,0,0,1272,9,1,zip,0.5,42.868588,-71.387247,registry_stand_in
1680,1680,DFCI Londonderry,0,Londonderry,NH,03053,Rockingham,33015,0,0,1272,9,1,zip,0.5,42.868588,-71.387247,registry_stand_in
1681,1681,Galderma Investigational Site,1,Portsmouth,NH,03801,Rockingham,33015,0,0,945,9,1,zip,0.8,43.074812,-70.805443,registry_stand_in
1682,1682,Portsmouth Regional Hospital,0,Portsmouth,NH,03801,Rockingham,33015,0,0,945,9,1,zip,0.8,43.074812,-70.805443,registry_stand_in
1683,1683,Wentworth-Douglass Hospital,0,Dover,NH,03820,Strafford,33017,0,0,676,0,7,zip,0.1,43.18636,-70.883623,registry_stand_in
1684,1684,Cooper University Hospital/Sheridan Pavilion,0,Marlton,NJ,08053,Burlington,34005,0,0,2039,8,1,zip,1.1,39.856677,-74.90081,registry_stand_in
1685,1685,Deborah Heart and Lung Center,0,Browns Mills,NJ,08015,Burlington,34005,0,0,1857,8,1,zip,0.6,39.931536,-74.54372,registry_stand_in
1686,1686,Delaware Valley Urology,0,Mount Laurel,NJ,08054,Burlington,34005,0,0,2254,8,1,zip,1.1,39.948992,-74.900247,registry_stand_in
1687,1687,"Delaware Valley Urology, LLC",0,Mount Laurel,NJ,08054,Burlington,34005,0,0,2254,8,1,zip,1.1,39.948992,-74.900247,registry_stand_in
1688,1688,New Jersey Urology,0,Mount Laurel,NJ,08054,Burlington,34005,0,0,2254,8,1,zip,1.1,39.948992,-74.900247,registry_stand_in
1689,1689,Virtua Memorial,0,Mount Holly,NJ,08060,Burlington,34005,0,0,2286,8,17,zip,1.9,40.010005,-74.792207,registry_stand_in
1690,1690,Cellectar Biosciences,0,North Bergen,NJ,07047,Hudson,34017,0,0,4980,19,1,zip,0.1,40.793644,-74.025027,registry_stand_in
1691,1691,Frontage Clinical Service 200 Meadowlands Parkway,0,Secaucus,NJ,07094,Hudson,34017,0,0,4963,19,1,zip,0.6,40.781958,-74.067649,registry_stand_in
1692,1692,Frontage Clinical Services Inc.,0,Secaucus,NJ,07094,Hudson,34017,0,0,4963,19,1,zip,0.6,40.781958,-74.067649,registry_stand_in
1693,1693,"Rutgers Cancer Institute of New Jersey,414 Grand Street",0,Jersey City,NJ,07302,Hudson,34017,0,0,4923,19,1,zip,0.6,40.718808,-74.044634,registry_stand_in
1694,1694,West New York,1,West New York,NJ,07093,Hudson,34017,0,0,4931,19,1,zip,1.1,40.786704,-74.008909,registry_stand_in
1695,1695,Care Access - Clifton,0,Clifton,NJ,07013,Passaic,34031,0,0,4833,5,2,zip,0.2,40.869405,-74.173062,registry_stand_in
1696,1696,Care Access Research Clifton,0,Clifton,NJ,07013,Passaic,34031,0,0,4833,5,1,zip,0.2,40.869405,-74.173062,registry_stand_in
1697,1697,New Jersey Urology - Clifton,0,Clifton,NJ,07013,Passaic,34031,0,0,4833,5,1,zip,0.2,40.869405,-74.173062,registry_stand_in
1698,1698,New Jersey Urology Saddle Brook,0,Clifton,NJ,07013,Passaic,34031,0,0,4833,5,1,zip,0.2,40.869405,-74.173062,registry_stand_in
1699,1699,St Josephs Regional Medical Center,0,Paterson,NJ,07503,Passaic,34031,0,0,4767,5,1,zip,0.3,40.897548,-74.154121,registry_stand_in
1700,1700,The Valley Hospital Inc.,0,Ridgewood,NJ,07540,Passaic,34031,0,0,4666,5,1,city,1.1,40.981591,-74.113506,registry_stand_in
1701,1701,Valley Medical Group - Wayne Multispecialty Practice,0,Wayne,NJ,07470,Passaic,34031,0,0,4536,5,8,zip,1.0,40.945855,-74.245077,registry_stand_in
1702,1702,Umdnj Njms,0,Newark,NJ,07840,Warren,34041,0,0,3234,2,1,zip,0.3,40.860045,-74.831795,registry_stand_in
1703,1703,GSK Investigational Site,1,Rio Rancho,NM,87124,Sandoval,35043,0,0,232,13,1,zip,6.3,35.26992,-106.795643,registry_stand_in
1704,1704,Great Lakes Physician PC d/b/a Western New York Urology Associates,0,Sanborn,NY,14132,Niagara,36063,0,0,381,0,1,zip,0.3,43.147873,-78.878565,registry_stand_in
1705,1705,"Hematology Oncology Associates of Rockland, P.C.",0,Nyack,NY,10960,Rockland,36087,0,0,4685,4,1,zip,0.1,41.088841,-73.926471,registry_stand_in
1706,1706,Hematology Oncology Center at Nyack Hospital,0,Nyack,NY,10960,Rockland,36087,0,0,4685,4,1,zip,0.1,41.088841,-73.926471,registry_stand_in
1707,1707,Nyack Hospital,0,Nyack,NY,10960,Rockland,36087,0,0,4685,4,5,zip,0.1,41.088841,-73.926471,registry_stand_in
1708,1708,Nyack Hospital Infusion Center,0,Nyack,NY,10960,Rockland,36087,0,0,4685,4,1,zip,0.1,41.088841,-73.926471,registry_stand_in
1709,1709,GSK Investigational Site,1,Clifton Park,NY,12065,Saratoga,36091,0,0,393,5,1,zip,0.6,42.852284,-73.785597,registry_stand_in
1710,1710,"New York Oncology Hematology, P.C.",0,Clifton Park,NY,12065,Saratoga,36091,0,0,393,5,4,zip,0.6,42.852284,-73.785597,registry_stand_in
1711,1711,New York Oncology Hematology Pc.,0,Clifton Park,NY,12065,Saratoga,36091,0,0,393,5,1,zip,0.6,42.852284,-73.785597,registry_stand_in
1712,1712,LABORATORY CORPORATION OF AMERICA HOLDINGS (Data or Specimen Analysis Only,0,Burlington,NC,27215,Alamance,37001,0,0,639,8,1,zip,0.4,36.019137,-79.5137,registry_stand_in
1713,1713,Research Center,0,Chapel Hill,NC,27517,Chatham,37037,0,0,628,1,1,zip,2.8,35.842663,-79.032015,registry_stand_in
1714,1714,University of North Carolina,0,Chapel Hill,NC,27517,Chatham,37037,0,0,628,1,1,zip,2.8,35.842663,-79.032015,registry_stand_in
1715,1715,University of North Carolina Hospitals - Neurology Clinic,0,Chapel Hill,NC,27517,Chatham,37037,0,0,628,1,1,zip,2.8,35.842663,-79.032015,registry_stand_in
1716,1716,Novant Health Oncology Specialists-Davidson County,0,Thomasville,NC,27360,Davidson,37057,0,0,591,7,3,zip,0.4,35.86058,-80.099288,registry_stand_in
1717,1717,Wake Forest Baptist Health - Lexington,0,Lexington,NC,27292,Davidson,37057,0,0,685,7,1,city_large_zip,0.7,35.79718,-80.274285,registry_stand_in
1718,1718,Wake Forest University at Lexington,0,Lexington,NC,27292,Davidson,37057,0,0,685,7,3,city_large_zip,0.7,35.79718,-80.274285,registry_stand_in
1719,1719,Kenansville Medical Center,0,Kenansville,NC,28349,Duplin,37061,0,0,242,1,1,zip,0.6,34.981159,-77.927059,registry_stand_in
1720,1720,Vidant Oncology-Kenansville,0,Kenansville,NC,28349,Duplin,37061,0,0,242,1,6,zip,0.6,34.981159,-77.927059,registry_stand_in
1721,1721,Gaston Hematology and Oncology Associates,0,Gastonia,NC,28054,Gaston,37071,0,0,855,17,3,zip,0.0,35.261363,-81.15015,registry_stand_in
1722,1722,Gaston Hematology and Oncology Associates-Belmont,0,Belmont,NC,28012,Gaston,37071,0,0,799,17,2,zip,0.4,35.211504,-81.037865,registry_stand_in
1723,1723,"Gaston Hematology & Oncology Associates, PC",0,Gastonia,NC,28054,Gaston,37071,0,0,855,17,1,zip,0.0,35.261363,-81.15015,registry_stand_in
1724,1724,Duke University Medical Center,0,Butner,NC,27509,Granville,37077,0,0,512,0,1,zip,0.9,36.131468,-78.773709,registry_stand_in
1725,1725,University of North Carolina at Chapel Hill Lineberger Comprehensive Cancer Center,0,Chapel Hill,NC,27509,Granville,37077,0,0,512,0,1,zip,0.9,36.131468,-78.773709,registry_stand_in
1726,1726,Alliance Urology,0,Greensboro,NC,27403,Guilford,37081,0,0,577,17,1,zip,0.8,36.064078,-79.825417,registry_stand_in
1727,1727,Alliance Urology Specialists,0,Greensboro,NC,27403,Guilford,37081,0,0,577,17,1,zip,0.8,36.064078,-79.825417,registry_stand_in
1728,1728,"AmDerma Pharmaceuticals, LLC",0,High Point,NC,27262,Guilford,37081,0,0,535,17,1,zip,0.5,35.96313,-80.041667,registry_stand_in
1729,1729,Cone Health Cancer Center at Alamance Regional,0,Greensboro,NC,27403,Guilford,37081,0,0,577,17,1,zip,0.8,36.064078,-79.825417,registry_stand_in
1730,1730,"Cone Health Cancer Center at Alamance Regional, Hematology/Oncology",0,Greensboro,NC,27403,Guilford,37081,0,0,577,17,1,zip,0.8,36.064078,-79.825417,registry_stand_in
1731,1731,Dermatology Consulting Services,0,High Point,NC,27262,Guilford,37081,0,0,535,17,2,zip,0.5,35.96313,-80.041667,registry_stand_in
1732,1732,Greensboro,1,Greensboro,NC,27403,Guilford,37081,0,0,577,17,1,zip,0.8,36.064078,-79.825417,registry_stand_in
1733,1733,High Point Medical Center,0,High Point,NC,27262,Guilford,37081,0,0,535,17,1,zip,0.5,35.96313,-80.041667,registry_stand_in
1734,1734,High Point Regional Hospital,0,High Point,NC,27262,Guilford,37081,0,0,535,17,1,zip,0.5,35.96313,-80.041667,registry_stand_in
1735,1735,High Point Regional Medical Center,0,High Point,NC,27262,Guilford,37081,0,0,535,17,1,zip,0.5,35.96313,-80.041667,registry_stand_in
1736,1736,"Pinewest Ob-Gyn, Inc.",0,High Point,NC,27262,Guilford,37081,0,0,535,17,2,zip,0.5,35.96313,-80.041667,registry_stand_in
1737,1737,Site US10031,1,Greensboro,NC,27403,Guilford,37081,0,0,577,17,1,zip,0.8,36.064078,-79.825417,registry_stand_in
1738,1738,SUN-131-03 Investigational Site,1,High Point,NC,27262,Guilford,37081,0,0,535,17,1,zip,0.5,35.96313,-80.041667,registry_stand_in
1739,1739,UNC Regional Physicians Hematology and Oncolgoy,0,High Point,NC,27262,Guilford,37081,0,0,535,17,1,zip,0.5,35.96313,-80.041667,registry_stand_in
1740,1740,Wake Forest Baptist Health - High Point Medical Center,0,High Point,NC,27262,Guilford,37081,0,0,535,17,1,zip,0.5,35.96313,-80.041667,registry_stand_in
1741,1741,Wake Forest Baptist Medical Center,0,High Point,NC,27265,Guilford,37081,0,0,532,17,2,zip,0.1,36.009229,-80.032388,registry_stand_in
1742,1742,Hendersonville Hematology and Oncology at Pardee,0,Hendersonville,NC,28791,Henderson,37089,0,0,429,16,2,zip,0.1,35.356985,-82.506995,registry_stand_in
1743,1743,Park Ridge Health,0,Hendersonville,NC,28792,Henderson,37089,0,0,447,16,1,city_large_zip,0.2,35.323353,-82.45584,registry_stand_in
1744,1744,Park Ridge Hospital Breast Health Center,0,Hendersonville,NC,28792,Henderson,37089,0,0,447,16,1,city_large_zip,0.2,35.323353,-82.45584,registry_stand_in
1745,1745,Duke University,0,Durham,NC,27371,Montgomery,37123,0,0,392,0,1,zip,1.5,35.40575,-79.948344,registry_stand_in
1746,1746,University of North Carolina at Chapel Hill,0,Chapel Hill,NC,27899,Northampton,37131,0,0,655,0,1,city,0.7,35.928328,-79.041375,registry_stand_in
1747,1747,Cone Health Cancer Center at Asheboro,0,Asheboro,NC,27203,Randolph,37151,0,0,550,6,8,zip,1.2,35.728462,-79.78653,registry_stand_in
1748,1748,Randolph Health Cancer Center,0,Asheboro,NC,27203,Randolph,37151,0,0,550,6,1,zip,1.2,35.728462,-79.78653,registry_stand_in
1749,1749,Randolph Hospital,0,Asheboro,NC,27203,Randolph,37151,0,0,550,6,22,zip,1.2,35.728462,-79.78653,registry_stand_in
1750,1750,Carolina Oncology Associates PA,0,Salisbury,NC,28144,Rowan,37159,0,0,813,11,1,zip,1.8,35.715746,-80.458946,registry_stand_in
1751,1751,PMG Research of Salisbury,0,Salisbury,NC,28144,Rowan,37159,0,0,813,11,1,zip,1.8,35.715746,-80.458946,registry_stand_in
1752,1752,Salisbury VA Medical Center,0,Salisbury,NC,28144,Rowan,37159,0,0,813,11,1,zip,1.8,35.715746,-80.458946,registry_stand_in
1753,1753,VA Salisbury,0,Salisbury,NC,28144,Rowan,37159,0,0,813,11,1,zip,1.8,35.715746,-80.458946,registry_stand_in
1754,1754,W.G. Bill Hefner VA Med Center,0,Salisbury,NC,28144,Rowan,37159,0,0,813,11,1,zip,1.8,35.715746,-80.458946,registry_stand_in
1755,1755,W.G (Bill) Hefner VAMC,0,Salisbury,NC,28144,Rowan,37159,0,0,813,11,1,zip,1.8,35.715746,-80.458946,registry_stand_in
1756,1756,WG Hefner VA Medical Center,0,Salisbury,NC,28144,Rowan,37159,0,0,813,11,6,zip,1.8,35.715746,-80.458946,registry_stand_in
1757,1757,Duke Lifepoint Hospital Maria Parham Medical Center,0,Henderson,NC,27536,Vance,37181,0,0,478,0,1,zip,0.1,36.325908,-78.406772,registry_stand_in
1758,1758,Maria Parham Healthcare Association,0,Henderson,NC,27536,Vance,37181,0,0,478,0,1,zip,0.1,36.325908,-78.406772,registry_stand_in
1759,1759,Maria Parham Hospital,0,Henderson,NC,27536,Vance,37181,0,0,478,0,4,zip,0.1,36.325908,-78.406772,registry_stand_in
1760,1760,Heart House Research Foundation,0,Springfield,OH,45504,Clark,39023,0,0,826,13,1,zip,0.2,39.94697,-83.864897,registry_stand_in
1761,1761,893-C,0,Cincinnati,OH,45245,Clermont,39025,0,0,716,10,1,zip,0.3,39.059884,-84.280417,registry_stand_in
1762,1762,"Oncology Hematology Care, Inc.",0,Cincinnati,OH,45245,Clermont,39025,0,0,716,10,1,zip,0.3,39.059884,-84.280417,registry_stand_in
1763,1763,Sarah Cannon Research Institute at Tennessee Oncology,0,Cincinnati,OH,45245,Clermont,39025,0,0,716,10,1,zip,0.3,39.059884,-84.280417,registry_stand_in
1764,1764,Ireland Cancer Center at Firelands Regional Medical Center,0,Sandusky,OH,44870,Erie,39043,0,0,570,9,2,zip,0.4,41.41952,-82.713212,registry_stand_in
1765,1765,"North Coast Cancer Care, Inc",0,Sandusky,OH,44870,Erie,39043,0,0,570,9,1,zip,0.4,41.41952,-82.713212,registry_stand_in
1766,1766,North Ohio Heart Center-Sandusky,0,Sandusky,OH,44870,Erie,39043,0,0,570,9,1,zip,0.4,41.41952,-82.713212,registry_stand_in
1767,1767,Geaugra Hospital,0,Chardon,OH,44024,Geauga,39055,0,0,1005,10,1,zip,0.4,41.578209,-81.19126,registry_stand_in
1768,1768,Mercy Cancer Center,0,Elyria,OH,44024,Geauga,39055,0,0,1005,10,1,zip,0.4,41.578209,-81.19126,registry_stand_in
1769,1769,SCC at UH Geauga Medical Center,0,Chardon,OH,44024,Geauga,39055,0,0,1005,10,1,zip,0.4,41.578209,-81.19126,registry_stand_in
1770,1770,Clinical Inquest Center Ltd,0,Beavercreek,OH,45432,Greene,39057,0,0,789,9,3,zip,0.3,39.739828,-84.086034,registry_stand_in
1771,1771,Naval Medical Research Unit,0,Dayton,OH,45433,Greene,39057,0,0,718,9,1,zip,0.9,39.822834,-84.048504,registry_stand_in
1772,1772,Wright-Patterson Medical Center,0,Wright-Patterson Air Force Base,OH,45433,Greene,39057,0,0,718,9,16,zip,0.9,39.822834,-84.048504,registry_stand_in
1773,1773,Wright State Physicians,0,Fairborn,OH,45324,Greene,39057,0,0,742,9,1,zip,0.1,39.820725,-84.00029,registry_stand_in
1774,1774,"Wright State Physicians, Inc",0,Fairborn,OH,45324,Greene,39057,0,0,742,9,1,zip,0.1,39.820725,-84.00029,registry_stand_in
1775,1775,University of Cincinnati (UC) - Cancer Institute,0,Cincinnati,OH,45627,Scioto,39145,0,0,790,11,1,city,0.6,39.140183,-84.505829,registry_stand_in
1776,1776,Akron Children'S Hospital,0,Akron,OH,44308,Summit,39153,0,0,1135,17,1,zip,0.0,41.081805,-81.517451,registry_stand_in
1777,1777,Cleveland Clinic,0,Cleveland,OH,44333,Summit,39153,0,0,1083,17,1,zip,0.4,41.164952,-81.633826,registry_stand_in
1778,1778,"Cleveland Clinic Akron General, Case Comprehensive Cancer Center",0,Akron,OH,44302,Summit,39153,0,0,1125,17,1,zip,0.3,41.08945,-81.538489,registry_stand_in
1779,1779,Research-0,0,Akron,OH,44305,Summit,39153,0,0,1125,17,1,zip,1.0,41.076637,-81.462675,registry_stand_in
1780,1780,Summa Health,0,Akron,OH,44304,Summit,39153,0,0,1134,17,5,zip,0.1,41.085888,-81.509129,registry_stand_in
1781,1781,Summa Health Cancer Research,0,Akron,OH,44304,Summit,39153,0,0,1134,17,1,zip,0.1,41.085888,-81.509129,registry_stand_in
1782,1782,University Hospitals Seidman Cancer Center and Case Western Reserve University,0,Cleveland,OH,44087,Summit,39153,0,0,1114,17,1,zip,0.2,41.317111,-81.443521,registry_stand_in
1783,1783,Strecker Cancer Center,0,Belpre,OH,45714,Washington,39167,0,0,123,12,1,zip,2.3,39.316984,-81.614345,registry_stand_in
1784,1784,Wooster Specialty and Surgery Center,0,Wooster,OH,44691,Wayne,39169,0,0,795,9,1,zip,0.4,40.806029,-81.977588,registry_stand_in
1785,1785,OHSU Knight Cancer Institute,0,Portland,OR,97120,Tillamook,41057,0,0,658,0,1,city,0.5,45.536951,-122.649971,registry_stand_in
1786,1786,Arrivent Investigative Site,1,Gettysburg,PA,17325,Adams,42001,0,0,1061,17,1,zip,0.2,39.826258,-77.227606,registry_stand_in
1787,1787,Gettysburg Cancer Center,0,Gettysburg,PA,17325,Adams,42001,0,0,1061,17,11,zip,0.2,39.826258,-77.227606,registry_stand_in
1788,1788,Gettysburg/Hanover Cancer Centers,0,Gettysburg,PA,17325,Adams,42001,0,0,1061,17,1,zip,0.2,39.826258,-77.227606,registry_stand_in
1789,1789,Gettysburg-PCSRI,0,Gettysburg,PA,17325,Adams,42001,0,0,1061,17,1,zip,0.2,39.826258,-77.227606,registry_stand_in
1790,1790,Pennsylvania Cancer Specialist Research Institute,0,Gettysburg,PA,17325,Adams,42001,0,0,1061,17,1,zip,0.2,39.826258,-77.227606,registry_stand_in
1791,1791,Pennsylvania Cancer Specialists and Research Institute,0,Gettysburg,PA,17325,Adams,42001,0,0,1061,17,1,zip,0.2,39.826258,-77.227606,registry_stand_in
1792,1792,Pennsylvania Cancer Specialists & Research Institute,0,Gettysburg,PA,17325,Adams,42001,0,0,1061,17,3,zip,0.2,39.826258,-77.227606,registry_stand_in
1793,1793,Pennsylvania Cancer Specialists & Research Institute (Formerly Gettysburg Cancer Center,0,Gettysburg,PA,17325,Adams,42001,0,0,1061,17,1,zip,0.2,39.826258,-77.227606,registry_stand_in
1794,1794,Pennsylvania Cancer Specialists Research Institute - Gettysburg,0,Gettysburg,PA,17325,Adams,42001,0,0,1061,17,1,zip,0.2,39.826258,-77.227606,registry_stand_in
1795,1795,Regeneron Research Site,1,Gettysburg,PA,17325,Adams,42001,0,0,1061,17,1,zip,0.2,39.826258,-77.227606,registry_stand_in
1796,1796,Research Center,0,Gettysburg,PA,17325,Adams,42001,0,0,1061,17,1,zip,0.2,39.826258,-77.227606,registry_stand_in
1797,1797,Sargon Research - Pennsylvania Cancer Specialists and Research Center,0,Gettysburg,PA,17325,Adams,42001,0,0,1061,17,1,zip,0.2,39.826258,-77.227606,registry_stand_in
1798,1798,WellSpan Health Adams Cancer Center,0,Gettysburg,PA,17325,Adams,42001,0,0,1061,17,2,zip,0.2,39.826258,-77.227606,registry_stand_in
1799,1799,Wellspan Medical Oncology,0,Gettysburg,PA,17325,Adams,42001,0,0,1061,17,1,zip,0.2,39.826258,-77.227606,registry_stand_in
1800,1800,"Magee-Womens Hospital of UPMC,3 St. Francis Way",0,Cranberry Township,PA,16066,Butler,42019,0,0,918,12,1,zip,0.1,40.709967,-80.105642,registry_stand_in
1801,1801,UPMC Hillman Cancer Center - Passavant North,0,Cranberry Township,PA,16066,Butler,42019,0,0,918,12,2,zip,0.1,40.709967,-80.105642,registry_stand_in
1802,1802,UPMC Passavant Cranberry/North,0,Cranberry Township,PA,16066,Butler,42019,0,0,918,12,1,zip,0.1,40.709967,-80.105642,registry_stand_in
1803,1803,783,0,Media,PA,19063,Delaware,42045,0,0,1998,19,1,zip,0.0,39.922229,-75.414058,registry_stand_in
1804,1804,Aclaris Invesgational Site,0,Broomall,PA,19008,Delaware,42045,0,0,2042,19,1,zip,0.1,39.974219,-75.361244,registry_stand_in
1805,1805,Aclaris Investigational Site,1,Broomall,PA,19008,Delaware,42045,0,0,2042,19,2,zip,0.1,39.974219,-75.361244,registry_stand_in
1806,1806,"Associates in Hematology and Oncology, P.C.",0,Upland,PA,19013,Delaware,42045,0,0,1948,19,1,zip,0.1,39.845414,-75.374817,registry_stand_in
1807,1807,"Associates in Hematology and Oncology, PC",0,Upland,PA,19013,Delaware,42045,0,0,1948,19,1,zip,0.1,39.845414,-75.374817,registry_stand_in
1808,1808,"Consultants in Medical Oncology and Hematology, PC",0,Broomall,PA,19008,Delaware,42045,0,0,2042,19,1,zip,0.1,39.974219,-75.361244,registry_stand_in
1809,1809,Consultants in Medical Oncology & Hematology,0,Broomall,PA,19008,Delaware,42045,0,0,2042,19,1,zip,0.1,39.974219,-75.361244,registry_stand_in
1810,1810,Crozer-Chester Medical Center,0,Upland,PA,19013,Delaware,42045,0,0,1948,19,3,zip,0.1,39.845414,-75.374817,registry_stand_in
1811,1811,Crozer-Keystone Regional Cancer Center at Broomall,0,Broomall,PA,19008,Delaware,42045,0,0,2042,19,19,zip,0.1,39.974219,-75.361244,registry_stand_in
1812,1812,Crozer Regional Cancer Center at Brinton Lake,0,Glen Mills,PA,19342,Delaware,42045,0,0,1937,19,15,zip,0.8,39.907638,-75.500025,registry_stand_in
1813,1813,Delaware County Memorial Hospital,0,Drexel Hill,PA,19026,Delaware,42045,0,0,2001,19,10,zip,0.8,39.950354,-75.304047,registry_stand_in
1814,1814,Philadelphia CyberKnife,0,Philadelphia,PA,19083,Delaware,42045,0,0,2047,19,2,zip,0.4,39.977153,-75.311947,registry_stand_in
1815,1815,Research-0,0,Broomall,PA,19008,Delaware,42045,0,0,2042,19,1,zip,0.1,39.974219,-75.361244,registry_stand_in
1816,1816,Seechler Family Cancer Center,0,Lebanon,PA,17042,Lebanon,42075,0,0,738,18,1,zip,0.2,40.296378,-76.421124,registry_stand_in
1817,1817,WellSpan Health Sechler Family Cancer Center,0,Lebanon,PA,17042,Lebanon,42075,0,0,738,18,1,zip,0.2,40.296378,-76.421124,registry_stand_in
1818,1818,Oncology Hematology Associates,0,Greenville,PA,16125,Mercer,42085,0,0,461,18,5,zip,0.3,41.406506,-80.369729,registry_stand_in
1819,1819,UPMC Cancer Center Greenville,0,Greenville,PA,16125,Mercer,42085,0,0,461,18,1,zip,0.3,41.406506,-80.369729,registry_stand_in
1820,1820,UPMC Hillman Cancer Center in Greenville/UPMC Horizon,0,Greenville,PA,16125,Mercer,42085,0,0,461,18,12,zip,0.3,41.406506,-80.369729,registry_stand_in
1821,1821,Western Pennsylvania Hospital Hematology & Cellular Therapy,0,Pittsburgh,PA,15524,Somerset,42111,0,0,870,1,1,city,0.2,40.439936,-79.975676,registry_stand_in
1822,1822,Omega Medical Research,0,Warwick,RI,02886,Kent,44003,0,0,1335,3,2,zip,0.0,41.701615,-71.455217,registry_stand_in
1823,1823,"Omega Medical Research, 400 Bald Hill Road, Warwick, RI 02886",0,Warwick,RI,02886,Kent,44003,0,0,1335,3,1,zip,0.0,41.701615,-71.455217,registry_stand_in
1824,1824,Site US10014,1,Warwick,RI,02886,Kent,44003,0,0,1335,3,1,zip,0.0,41.701615,-71.455217,registry_stand_in
1825,1825,Newport Hospital,0,Newport,RI,02840,Newport,44005,0,0,663,0,1,zip,0.6,41.476681,-71.319627,registry_stand_in
1826,1826,Aclaris Investigational Site,1,Anderson,SC,29621,Anderson,45007,0,0,397,4,1,zip,0.1,34.506294,-82.603598,registry_stand_in
1827,1827,Anderson Dermatology,0,Anderson,SC,29621,Anderson,45007,0,0,397,4,1,zip,0.1,34.506294,-82.603598,registry_stand_in
1828,1828,AnMed Health,0,Anderson,SC,29621,Anderson,45007,0,0,397,4,1,zip,0.1,34.506294,-82.603598,registry_stand_in
1829,1829,"Palmetto Clinical Trial Services, LLC",0,Anderson,SC,29621,Anderson,45007,0,0,397,4,1,zip,0.1,34.506294,-82.603598,registry_stand_in
1830,1830,SCOR AnMed Health Cancer Center,0,Anderson,SC,29621,Anderson,45007,0,0,397,4,1,zip,0.1,34.506294,-82.603598,registry_stand_in
1831,1831,Piedmont Research Partners,0,Fort Mill,SC,29707,Lancaster,45057,0,0,710,2,1,zip,0.3,34.987552,-80.858188,registry_stand_in
1832,1832,MGC Hematology Oncology-Union,0,Union,SC,29379,Union,45087,0,0,494,13,15,zip,0.2,34.687626,-81.601568,registry_stand_in
1833,1833,Carolina Blood and Cancer Care Associates,0,Rock Hill,SC,29732,York,45091,0,0,731,11,2,zip,0.4,34.970716,-81.081364,registry_stand_in
1834,1834,Carolina Blood and Cancer Care Associates PA,0,Rock Hill,SC,29732,York,45091,0,0,731,11,2,zip,0.4,34.970716,-81.081364,registry_stand_in
1835,1835,Carolina Blood and Cancer Care of South Carolina,0,Rock Hill,SC,29732,York,45091,0,0,731,11,1,zip,0.4,34.970716,-81.081364,registry_stand_in
1836,1836,GC2202,0,Rockville,SC,29732,York,45091,0,0,731,11,1,zip,0.4,34.970716,-81.081364,registry_stand_in
1837,1837,Avera Cancer Institute,0,Sioux Falls,SD,57108,Lincoln,46083,0,0,80,0,3,zip,0.3,43.477461,-96.704757,registry_stand_in
1838,1838,Texas Oncology,0,Plano,TX,75075,Collin,48085,0,0,1643,12,3,zip,1.2,33.021268,-96.741558,registry_stand_in
1839,1839,Texas Oncology Plano,0,Plano,TX,75075,Collin,48085,0,0,1643,12,1,zip,1.2,33.021268,-96.741558,registry_stand_in
1840,1840,USO - Texas Oncology,0,Plano,TX,75075,Collin,48085,0,0,1643,12,1,zip,1.2,33.021268,-96.741558,registry_stand_in
1841,1841,Mg0014 50574,0,Flower Mound,TX,75028,Denton,48121,0,0,1644,16,1,zip,3.4,33.032998,-97.064618,registry_stand_in
1842,1842,Texas Oncology (Flower Mound) - USOR,0,Flower Mound,TX,75028,Denton,48121,0,0,1644,16,2,zip,3.4,33.032998,-97.064618,registry_stand_in
1843,1843,"Texas Oncology, P.A.",0,Flower Mound,TX,75028,Denton,48121,0,0,1644,16,3,zip,3.4,33.032998,-97.064618,registry_stand_in
1844,1844,USO - Texas Oncology,0,Flower Mound,TX,75028,Denton,48121,0,0,1644,16,1,zip,3.4,33.032998,-97.064618,registry_stand_in
1845,1845,Sentara Martha Jefferson Hospital,0,Charlottesville,VA,22911,Albemarle,51003,0,0,181,5,3,zip,0.9,38.097005,-78.410147,registry_stand_in
1846,1846,UVA Breast Care Center,0,Charlottesville,VA,22911,Albemarle,51003,0,0,181,5,2,zip,0.9,38.097005,-78.410147,registry_stand_in
1847,1847,814-A,0,Arlington,VA,22205,Arlington,51013,0,0,2090,10,1,zip,0.1,38.883371,-77.139537,registry_stand_in
1848,1848,814 - B,0,Arlington,VA,22205,Arlington,51013,0,0,2090,10,1,zip,0.1,38.883371,-77.139537,registry_stand_in
1849,1849,814-D,0,Arlington,VA,22201,Arlington,51013,0,0,2094,10,1,zip,0.2,38.886804,-77.094992,registry_stand_in
1850,1850,Investigative Site,1,Arlington,VA,22205,Arlington,51013,0,0,2090,10,1,zip,0.1,38.883371,-77.139537,registry_stand_in
1851,1851,NeoTX - 10311,0,Fairfax,VA,22205,Arlington,51013,0,0,2090,10,1,zip,0.1,38.883371,-77.139537,registry_stand_in
1852,1852,Virginia Cancer Specialists - Arlington Office,0,Arlington,VA,22201,Arlington,51013,0,0,2094,10,1,zip,0.2,38.886804,-77.094992,registry_stand_in
1853,1853,Carilion Clinic Gynecological Oncology,0,Roanoke,VA,24106,Giles,51071,0,0,212,1,1,city,0.4,37.278458,-79.958174,registry_stand_in
1854,1854,814-C,0,Leesburg,VA,20176,Loudoun,51107,0,0,1606,7,1,zip,0.1,39.180323,-77.533459,registry_stand_in
1855,1855,814 - D,0,Leesburg,VA,20176,Loudoun,51107,0,0,1606,7,1,zip,0.1,39.180323,-77.533459,registry_stand_in
1856,1856,Inova Schar Cancer Institute - Loudoun,0,Leesburg,VA,20176,Loudoun,51107,0,0,1606,7,1,zip,0.1,39.180323,-77.533459,registry_stand_in
1857,1857,Virginia Cancer Care Specialist,0,Leesburg,VA,20176,Loudoun,51107,0,0,1606,7,1,zip,0.1,39.180323,-77.533459,registry_stand_in
1858,1858,Virginia Cancer Specialist PC,0,Leesburg,VA,20176,Loudoun,51107,0,0,1606,7,1,zip,0.1,39.180323,-77.533459,registry_stand_in
1859,1859,Virginia Cancer Specialists (Leesburg) - USOR,0,Leesburg,VA,20176,Loudoun,51107,0,0,1606,7,1,zip,0.1,39.180323,-77.533459,registry_stand_in
1860,1860,Blue Ridge Cancer Care Oncology Associates SW VA,0,Blacksburg,VA,24060,Montgomery,51121,0,0,147,17,1,zip,0.2,37.260526,-80.416722,registry_stand_in
1861,1861,Blue Ridge Cancer Care - Wytheville,0,Blacksburg,VA,24060,Montgomery,51121,0,0,147,17,1,zip,0.2,37.260526,-80.416722,registry_stand_in
1862,1862,BRCC/Oncology & Hematology Associates of SW Virginia,0,Blacksburg,VA,24060,Montgomery,51121,0,0,147,17,1,zip,0.2,37.260526,-80.416722,registry_stand_in
1863,1863,Exelixis,0,Blacksburg,VA,24060,Montgomery,51121,0,0,147,17,1,zip,0.2,37.260526,-80.416722,registry_stand_in
1864,1864,Oncology and Hematology Associates of Southwest Virginia (Blacksburg,0,Blacksburg,VA,24060,Montgomery,51121,0,0,147,17,1,zip,0.2,37.260526,-80.416722,registry_stand_in
1865,1865,Oncology and Hematology Associates of Southwest Virginia (Blacksburg) - USOR,0,Blacksburg,VA,24060,Montgomery,51121,0,0,147,17,1,zip,0.2,37.260526,-80.416722,registry_stand_in
1866,1866,"Oncology and Hematology Associates of Southwest Virginia, Inc",0,Blacksburg,VA,24060,Montgomery,51121,0,0,147,17,1,zip,0.2,37.260526,-80.416722,registry_stand_in
1867,1867,"Oncology and Hematology Associates of Southwest Virginia, Inc.,-Blacksburg",0,Blacksburg,VA,24060,Montgomery,51121,0,0,147,17,1,zip,0.2,37.260526,-80.416722,registry_stand_in
1868,1868,"Oncology and Hematology Associates of Southwest Virginia, Inc., DBA Blue Ridge Cancer Care",0,Blacksburg,VA,24060,Montgomery,51121,0,0,147,17,4,zip,0.2,37.260526,-80.416722,registry_stand_in
1869,1869,"Oncology Associates of Southwest Virginia, Inc.",0,Blacksburg,VA,24060,Montgomery,51121,0,0,147,17,1,zip,0.2,37.260526,-80.416722,registry_stand_in
1870,1870,"Oncology & Hematology Assoc. SW Virginia, Inc., DBA Blue Ridge Cancer Care",0,Blacksburg,VA,24060,Montgomery,51121,0,0,147,17,2,zip,0.2,37.260526,-80.416722,registry_stand_in
1871,1871,Oncology & Hematology Associates of SW Virginia,0,Blacksburg,VA,24060,Montgomery,51121,0,0,147,17,1,zip,0.2,37.260526,-80.416722,registry_stand_in
1872,1872,Potomac Urology Satellite,0,Woodbridge,VA,22191,Prince William,51153,0,0,1578,12,1,zip,0.8,38.622914,-77.262938,registry_stand_in
1873,1873,Vascular Institute of Virginia,0,Woodbridge,VA,22193,Prince William,51153,0,0,1513,12,1,zip,1.8,38.644065,-77.350545,registry_stand_in
1874,1874,Virginia Cancer Specialists - Woodbridge Office,0,Woodbridge,VA,22191,Prince William,51153,0,0,1578,12,1,zip,0.8,38.622914,-77.262938,registry_stand_in
1875,1875,Arrivent Investigative Site,1,Fredericksburg,VA,22408,Spotsylvania,51177,0,0,834,13,1,zip,0.9,38.211478,-77.452502,registry_stand_in
1876,1876,"Hematology-Oncology Associates Of Fredricksburg, Inc",0,Fredericksburg,VA,22408,Spotsylvania,51177,0,0,834,13,1,zip,0.9,38.211478,-77.452502,registry_stand_in
1877,1877,814-A,0,Alexandria,VA,22304,Alexandria,51510,0,0,2060,9,1,zip,0.1,38.813204,-77.112268,registry_stand_in
1878,1878,Inova Schar Cancer Institute - Alexandria,0,Alexandria,VA,22311,Alexandria,51510,0,0,2076,9,1,zip,0.6,38.833991,-77.125511,registry_stand_in
1879,1879,Potamac Urology Center,0,Alexandria,VA,22311,Alexandria,51510,0,0,2076,9,1,zip,0.6,38.833991,-77.125511,registry_stand_in
1880,1880,Potomac Urology Center,0,Alexandria,VA,22311,Alexandria,51510,0,0,2076,9,1,zip,0.6,38.833991,-77.125511,registry_stand_in
1881,1881,"Potomac Urology Center, PC",0,Alexandria,VA,22311,Alexandria,51510,0,0,2076,9,1,zip,0.6,38.833991,-77.125511,registry_stand_in
1882,1882,Virginia Cancer Specialists - Alexandria,0,Alexandria,VA,22304,Alexandria,51510,0,0,2060,9,1,zip,0.1,38.813204,-77.112268,registry_stand_in
1883,1883,"Virginia Cancer Specialists, PC",0,Alexandria,VA,22304,Alexandria,51510,0,0,2060,9,3,zip,0.1,38.813204,-77.112268,registry_stand_in
1884,1884,SUN-131-03 Investigational Site,1,Falls Church,VA,22046,Falls Church,51610,0,0,2087,0,1,zip,0.1,38.886334,-77.180975,registry_stand_in
1885,1885,Sentara Cancer Institute at Sentara CarePlex Hospital,0,Hampton,VA,23666,Hampton,51650,0,0,509,5,4,zip,0.2,37.057009,-76.408083,registry_stand_in
1886,1886,Velocity Clinical Hampton,0,Hampton,VA,23666,Hampton,51650,0,0,509,5,1,zip,0.2,37.057009,-76.408083,registry_stand_in
1887,1887,Virginia Oncology Associates-Hampton,0,Hampton,VA,23666,Hampton,51650,0,0,509,5,1,zip,0.2,37.057009,-76.408083,registry_stand_in
1888,1888,Virginia Cancer Specialists - Bristow Office,0,Manassas,VA,20110,Manassas,51683,0,0,1550,4,1,zip,0.5,38.746071,-77.487673,registry_stand_in
1889,1889,882,0,Newport News,VA,23606,Newport News,51700,0,0,508,7,1,zip,1.3,37.065696,-76.516665,registry_stand_in
1890,1890,"Health Research of Hampton Roads, Inc.",0,Newport News,VA,23606,Newport News,51700,0,0,508,7,1,zip,1.3,37.065696,-76.516665,registry_stand_in
1891,1891,Newport News,1,Newport News,VA,23606,Newport News,51700,0,0,508,7,1,zip,1.3,37.065696,-76.516665,registry_stand_in
1892,1892,Peninsula Cancer Institute,0,Newport News,VA,23601,Newport News,51700,0,0,510,7,3,zip,0.5,37.037855,-76.479809,registry_stand_in
1893,1893,"Peninsula Cancer Institute, LLC",0,Newport News,VA,23601,Newport News,51700,0,0,510,7,1,zip,0.5,37.037855,-76.479809,registry_stand_in
1894,1894,"Virginia Oncology Associates,1051 Loftis Blvd Suite 100",0,Newport News,VA,23606,Newport News,51700,0,0,508,7,2,zip,1.3,37.065696,-76.516665,registry_stand_in
1895,1895,Virginia Oncology Associates - New Port News,0,Newport News,VA,23606,Newport News,51700,0,0,508,7,1,zip,1.3,37.065696,-76.516665,registry_stand_in
1896,1896,Virginia Oncology Associates-Newport News,0,Newport News,VA,23606,Newport News,51700,0,0,508,7,1,zip,1.3,37.065696,-76.516665,registry_stand_in
1897,1897,Chesapeake Regional Surgery Center - Virginia Beach,0,Virginia Beach,VA,23462,Virginia Beach,51810,0,0,493,11,1,zip,0.1,36.836242,-76.145948,registry_stand_in
1898,1898,Group For Women - Tidewater Clinical Research Inc.,0,Virginia Beach,VA,23456,Virginia Beach,51810,0,0,470,11,1,zip,1.2,36.736954,-76.035987,registry_stand_in
1899,1899,MorphoSys Research Site,1,Virginia Beach,VA,23456,Virginia Beach,51810,0,0,470,11,1,zip,1.2,36.736954,-76.035987,registry_stand_in
1900,1900,Sentara Princess Anne Hospital,0,Virginia Beach,VA,23456,Virginia Beach,51810,0,0,470,11,1,zip,1.2,36.736954,-76.035987,registry_stand_in
1901,1901,Sentara Virginia Beach General Hospital,0,Virginia Beach,VA,23454,Virginia Beach,51810,0,0,477,11,2,zip,0.5,36.864599,-76.055124,registry_stand_in
1902,1902,Site US10015,1,Virginia Beach,VA,23462,Virginia Beach,51810,0,0,493,11,1,zip,0.1,36.836242,-76.145948,registry_stand_in
1903,1903,Site US10040,1,Virginia Beach,VA,23462,Virginia Beach,51810,0,0,493,11,1,zip,0.1,36.836242,-76.145948,registry_stand_in
1904,1904,SUN-131-03 Investigational Site,1,Norfolk,VA,23456,Virginia Beach,51810,0,0,470,11,1,zip,1.2,36.736954,-76.035987,registry_stand_in
1905,1905,Tidewater Clinical Research,0,Virginia Beach,VA,23456,Virginia Beach,51810,0,0,470,11,1,zip,1.2,36.736954,-76.035987,registry_stand_in
1906,1906,"Urology of Virginia, PLCC",0,Virginia Beach,VA,23462,Virginia Beach,51810,0,0,493,11,4,zip,0.1,36.836242,-76.145948,registry_stand_in
1907,1907,"Urology of Virginia, PLLC",0,Virginia Beach,VA,23462,Virginia Beach,51810,0,0,493,11,6,zip,0.1,36.836242,-76.145948,registry_stand_in
1908,1908,Urology of Virginia (UVA) - Virginia Beach (Devine-Tidewater Urology,0,Virginia Beach,VA,23462,Virginia Beach,51810,0,0,493,11,1,zip,0.1,36.836242,-76.145948,registry_stand_in
1909,1909,USOR - Virginia Oncology Associates - Virginia Beach,0,Virginia Beach,VA,23456,Virginia Beach,51810,0,0,470,11,1,zip,1.2,36.736954,-76.035987,registry_stand_in
1910,1910,Virginia Beach,1,Virginia Beach,VA,23456,Virginia Beach,51810,0,0,470,11,1,zip,1.2,36.736954,-76.035987,registry_stand_in
1911,1911,"Virginia Oncology Associates,1950 Glenn Mitchell Drive",0,Virginia Beach,VA,23456,Virginia Beach,51810,0,0,470,11,2,zip,1.2,36.736954,-76.035987,registry_stand_in
1912,1912,Virginia Oncology Associates-Princess Anne,0,Virginia Beach,VA,23456,Virginia Beach,51810,0,0,470,11,1,zip,1.2,36.736954,-76.035987,registry_stand_in
1913,1913,West Virginia University Hospitals Inc,0,Morgantown,WV,26056,Hancock,54029,0,0,801,0,2,zip,1.2,40.516958,-80.570164,registry_stand_in
1914,1914,Camden Clark Medical Center / Regional Cancer Center,0,Parkersburg,WV,26101,Wood,54107,0,0,120,16,1,zip,1.5,39.225842,-81.584316,registry_stand_in
1915,1915,Camden-Clark Memorial Hospital,0,Parkersburg,WV,26101,Wood,54107,0,0,120,16,1,zip,1.5,39.225842,-81.584316,registry_stand_in
1916,1916,"Green Bay Oncology, Ltd./Door County Memorial Hospital",0,Sturgeon Bay,WI,54135,Menominee,55078,0,0,154,0,1,zip,1.1,44.907717,-88.626589,registry_stand_in
1917,1917,SSM Health Dean Medical Group - Janesville,0,Janesville,WI,53546,Rock,55105,0,0,555,10,2,zip,0.8,42.652244,-88.948166,registry_stand_in
1918,1918,ThedaCare Cancer Care - Berlin,0,Berlin,WI,54923,Waushara,55137,0,0,186,0,12,zip,0.5,43.99772,-88.9668,registry_stand_in
